deal_id,stage,entered_at,exited_at
SUMM-D00001,New,2026-04-01 21:11:57,2026-04-07 09:48:41
SUMM-D00001,Lost,2026-04-07 09:48:41,
SUMM-D00002,New,2026-04-07 20:51:37,2026-04-16 05:14:23
SUMM-D00002,Contacted,2026-04-16 05:14:23,2026-04-22 02:47:59
SUMM-D00002,Lost,2026-04-22 02:47:59,
SUMM-D00003,New,2026-04-05 23:33:22,2026-04-08 01:27:28
SUMM-D00003,Contacted,2026-04-08 01:27:28,2026-04-20 00:09:38
SUMM-D00003,Lost,2026-04-20 00:09:38,
SUMM-D00004,New,2026-04-01 12:58:35,2026-04-01 17:29:25
SUMM-D00004,Contacted,2026-04-01 17:29:25,2026-04-02 02:36:54
SUMM-D00004,Lost,2026-04-02 02:36:54,
SUMM-D00005,New,2026-04-01 18:44:54,2026-04-02 13:36:04
SUMM-D00005,Contacted,2026-04-02 13:36:04,2026-04-07 00:12:05
SUMM-D00005,Lost,2026-04-07 00:12:05,
SUMM-D00006,New,2026-04-03 07:59:57,2026-04-05 23:18:52
SUMM-D00006,Contacted,2026-04-05 23:18:52,2026-04-14 11:04:53
SUMM-D00006,Qualified,2026-04-14 11:04:53,2026-04-27 10:17:02
SUMM-D00006,Proposal,2026-04-27 10:17:02,2026-05-09 23:50:24
SUMM-D00006,Lost,2026-05-09 23:50:24,
SUMM-D00007,New,2026-04-02 16:09:40,2026-04-02 22:39:30
SUMM-D00007,Contacted,2026-04-02 22:39:30,2026-04-05 09:48:31
SUMM-D00007,Qualified,2026-04-05 09:48:31,2026-04-05 16:36:32
SUMM-D00007,Proposal,2026-04-05 16:36:32,2026-04-08 03:12:52
SUMM-D00007,Lost,2026-04-08 03:12:52,
SUMM-D00008,New,2026-04-03 13:19:09,2026-04-03 20:34:03
SUMM-D00008,Contacted,2026-04-03 20:34:03,2026-04-04 13:30:02
SUMM-D00008,Lost,2026-04-04 13:30:02,
SUMM-D00009,New,2026-04-04 07:04:02,2026-04-05 06:00:18
SUMM-D00009,Contacted,2026-04-05 06:00:18,2026-04-09 19:59:23
SUMM-D00009,Lost,2026-04-09 19:59:23,
SUMM-D00010,New,2026-04-05 11:04:32,2026-04-08 11:08:06
SUMM-D00010,Contacted,2026-04-08 11:08:06,2026-04-12 11:42:58
SUMM-D00010,Lost,2026-04-12 11:42:58,
SUMM-D00011,New,2026-04-03 13:16:01,2026-04-05 11:14:16
SUMM-D00011,Contacted,2026-04-05 11:14:16,2026-04-11 15:43:49
SUMM-D00011,Qualified,2026-04-11 15:43:49,2026-04-12 04:09:12
SUMM-D00011,Lost,2026-04-12 04:09:12,
SUMM-D00012,New,2026-04-03 20:16:02,2026-04-04 14:46:17
SUMM-D00012,Contacted,2026-04-04 14:46:17,2026-04-07 14:31:14
SUMM-D00012,Qualified,2026-04-07 14:31:14,2026-04-09 01:30:04
SUMM-D00012,Proposal,2026-04-09 01:30:04,2026-04-10 10:47:03
SUMM-D00012,Lost,2026-04-10 10:47:03,
SUMM-D00013,New,2026-04-06 01:13:49,2026-04-07 16:36:55
SUMM-D00013,Contacted,2026-04-07 16:36:55,2026-04-10 01:36:38
SUMM-D00013,Lost,2026-04-10 01:36:38,
SUMM-D00014,New,2026-04-04 23:13:47,2026-04-05 13:23:42
SUMM-D00014,Contacted,2026-04-05 13:23:42,2026-04-06 21:48:36
SUMM-D00014,Lost,2026-04-06 21:48:36,
SUMM-D00015,New,2026-04-04 10:52:51,2026-04-04 15:40:41
SUMM-D00015,Lost,2026-04-04 15:40:41,
SUMM-D00016,New,2026-04-05 14:59:12,2026-04-06 09:46:32
SUMM-D00016,Contacted,2026-04-06 09:46:32,2026-04-10 05:36:03
SUMM-D00016,Lost,2026-04-10 05:36:03,
SUMM-D00017,New,2026-04-09 06:20:43,2026-04-11 08:14:16
SUMM-D00017,Contacted,2026-04-11 08:14:16,2026-04-17 08:27:02
SUMM-D00017,Lost,2026-04-17 08:27:02,
SUMM-D00018,New,2026-04-05 10:55:17,2026-04-05 15:44:32
SUMM-D00018,Contacted,2026-04-05 15:44:32,2026-04-06 22:20:16
SUMM-D00018,Lost,2026-04-06 22:20:16,
SUMM-D00019,New,2026-04-08 17:51:05,2026-04-11 10:26:31
SUMM-D00019,Contacted,2026-04-11 10:26:31,2026-04-14 11:58:21
SUMM-D00019,Lost,2026-04-14 11:58:21,
SUMM-D00020,New,2026-04-06 06:48:06,2026-04-06 10:45:04
SUMM-D00020,Contacted,2026-04-06 10:45:04,2026-04-07 03:04:02
SUMM-D00020,Qualified,2026-04-07 03:04:02,2026-04-07 18:58:07
SUMM-D00020,Proposal,2026-04-07 18:58:07,2026-04-08 07:04:41
SUMM-D00020,Won,2026-04-08 07:04:41,
SUMM-D00021,New,2026-04-08 15:59:21,2026-04-12 10:32:56
SUMM-D00021,Contacted,2026-04-12 10:32:56,2026-04-15 11:37:28
SUMM-D00021,Qualified,2026-04-15 11:37:28,2026-04-16 01:45:47
SUMM-D00021,Lost,2026-04-16 01:45:47,
SUMM-D00022,New,2026-04-07 10:30:40,2026-04-08 09:02:39
SUMM-D00022,Lost,2026-04-08 09:02:39,
SUMM-D00023,New,2026-04-09 10:00:23,2026-04-10 21:17:57
SUMM-D00023,Contacted,2026-04-10 21:17:57,2026-04-20 00:48:17
SUMM-D00023,Lost,2026-04-20 00:48:17,
SUMM-D00024,New,2026-04-08 02:16:30,2026-04-10 19:24:47
SUMM-D00024,Contacted,2026-04-10 19:24:47,2026-04-11 16:37:37
SUMM-D00024,Lost,2026-04-11 16:37:37,
SUMM-D00025,New,2026-04-07 15:04:04,2026-04-07 21:45:08
SUMM-D00025,Contacted,2026-04-07 21:45:08,2026-04-08 05:10:29
SUMM-D00025,Lost,2026-04-08 05:10:29,
SUMM-D00026,New,2026-04-10 01:36:30,2026-04-13 08:54:17
SUMM-D00026,Contacted,2026-04-13 08:54:17,2026-04-15 02:40:53
SUMM-D00026,Lost,2026-04-15 02:40:53,
SUMM-D00027,New,2026-04-07 21:40:18,2026-04-08 00:28:00
SUMM-D00027,Contacted,2026-04-08 00:28:00,2026-04-10 01:52:09
SUMM-D00027,Qualified,2026-04-10 01:52:09,2026-04-10 20:51:55
SUMM-D00027,Proposal,2026-04-10 20:51:55,2026-04-11 23:05:05
SUMM-D00027,Won,2026-04-11 23:05:05,
SUMM-D00028,New,2026-04-10 06:44:09,2026-04-13 06:40:27
SUMM-D00028,Lost,2026-04-13 06:40:27,
SUMM-D00029,New,2026-04-08 06:07:24,2026-04-08 08:42:58
SUMM-D00029,Contacted,2026-04-08 08:42:58,2026-04-09 13:41:49
SUMM-D00029,Lost,2026-04-09 13:41:49,
SUMM-D00030,New,2026-04-11 08:49:54,2026-04-14 20:32:25
SUMM-D00030,Contacted,2026-04-14 20:32:25,2026-04-17 13:46:02
SUMM-D00030,Qualified,2026-04-17 13:46:02,2026-04-23 21:13:16
SUMM-D00030,Proposal,2026-04-23 21:13:16,2026-05-12 20:17:51
SUMM-D00030,Lost,2026-05-12 20:17:51,
SUMM-D00031,New,2026-04-09 20:58:09,2026-04-14 03:09:13
SUMM-D00031,Contacted,2026-04-14 03:09:13,2026-04-20 15:25:14
SUMM-D00031,Lost,2026-04-20 15:25:14,
SUMM-D00032,New,2026-04-09 03:21:01,2026-04-09 07:20:51
SUMM-D00032,Contacted,2026-04-09 07:20:51,2026-04-10 04:14:29
SUMM-D00032,Qualified,2026-04-10 04:14:29,2026-04-10 15:29:59
SUMM-D00032,Proposal,2026-04-10 15:29:59,2026-04-12 07:12:53
SUMM-D00032,Won,2026-04-12 07:12:53,
SUMM-D00033,New,2026-04-09 12:15:39,2026-04-13 00:06:00
SUMM-D00033,Contacted,2026-04-13 00:06:00,2026-04-16 17:55:46
SUMM-D00033,Qualified,2026-04-16 17:55:46,2026-04-20 00:25:12
SUMM-D00033,Proposal,2026-04-20 00:25:12,2026-05-11 01:23:38
SUMM-D00033,Lost,2026-05-11 01:23:38,
SUMM-D00034,New,2026-04-12 03:33:42,2026-04-15 05:33:33
SUMM-D00034,Contacted,2026-04-15 05:33:33,2026-05-04 08:05:17
SUMM-D00034,Lost,2026-05-04 08:05:17,
SUMM-D00035,New,2026-04-09 16:30:52,2026-04-10 03:45:13
SUMM-D00035,Contacted,2026-04-10 03:45:13,2026-04-12 05:11:55
SUMM-D00035,Qualified,2026-04-12 05:11:55,2026-04-16 02:31:50
SUMM-D00035,Proposal,2026-04-16 02:31:50,2026-04-18 07:56:22
SUMM-D00035,Lost,2026-04-18 07:56:22,
SUMM-D00036,New,2026-04-10 19:30:50,2026-04-16 04:10:11
SUMM-D00036,Contacted,2026-04-16 04:10:11,2026-04-17 13:24:28
SUMM-D00036,Lost,2026-04-17 13:24:28,
SUMM-D00037,New,2026-04-09 16:36:33,2026-04-09 17:58:17
SUMM-D00037,Contacted,2026-04-09 17:58:17,2026-04-10 03:08:55
SUMM-D00037,Lost,2026-04-10 03:08:55,
SUMM-D00038,New,2026-04-12 03:38:40,2026-04-16 00:18:51
SUMM-D00038,Lost,2026-04-16 00:18:51,
SUMM-D00039,New,2026-04-10 13:30:54,2026-04-10 20:30:08
SUMM-D00039,Contacted,2026-04-10 20:30:08,2026-04-12 06:09:16
SUMM-D00039,Lost,2026-04-12 06:09:16,
SUMM-D00040,New,2026-04-10 19:35:29,2026-04-11 20:09:59
SUMM-D00040,Contacted,2026-04-11 20:09:59,2026-04-14 06:50:16
SUMM-D00040,Lost,2026-04-14 06:50:16,
SUMM-D00041,New,2026-04-11 02:32:43,2026-04-13 03:56:23
SUMM-D00041,Contacted,2026-04-13 03:56:23,2026-04-14 07:06:39
SUMM-D00041,Lost,2026-04-14 07:06:39,
SUMM-D00042,New,2026-04-12 04:01:16,2026-04-14 10:44:06
SUMM-D00042,Contacted,2026-04-14 10:44:06,2026-04-21 16:13:31
SUMM-D00042,Lost,2026-04-21 16:13:31,
SUMM-D00043,New,2026-04-13 15:59:31,2026-04-17 13:17:49
SUMM-D00043,Contacted,2026-04-17 13:17:49,2026-05-04 14:48:17
SUMM-D00043,Lost,2026-05-04 14:48:17,
SUMM-D00044,New,2026-04-12 02:47:23,2026-04-12 08:39:40
SUMM-D00044,Contacted,2026-04-12 08:39:40,2026-04-13 06:02:39
SUMM-D00044,Lost,2026-04-13 06:02:39,
SUMM-D00045,New,2026-04-13 05:50:14,2026-04-16 03:47:11
SUMM-D00045,Contacted,2026-04-16 03:47:11,2026-04-20 07:01:24
SUMM-D00045,Lost,2026-04-20 07:01:24,
SUMM-D00046,New,2026-04-15 16:21:17,2026-04-24 03:20:04
SUMM-D00046,Contacted,2026-04-24 03:20:04,2026-05-11 19:45:09
SUMM-D00046,Qualified,2026-05-11 19:45:09,2026-05-12 23:55:27
SUMM-D00046,Proposal,2026-05-12 23:55:27,2026-05-15 23:58:18
SUMM-D00046,Lost,2026-05-15 23:58:18,
SUMM-D00047,New,2026-04-20 08:30:01,2026-04-27 10:47:14
SUMM-D00047,Contacted,2026-04-27 10:47:14,2026-04-29 12:30:09
SUMM-D00047,Lost,2026-04-29 12:30:09,
SUMM-D00048,New,2026-04-13 19:49:22,2026-04-14 08:12:22
SUMM-D00048,Contacted,2026-04-14 08:12:22,2026-04-16 20:02:18
SUMM-D00048,Qualified,2026-04-16 20:02:18,2026-04-17 11:07:20
SUMM-D00048,Proposal,2026-04-17 11:07:20,2026-04-19 02:35:53
SUMM-D00048,Lost,2026-04-19 02:35:53,
SUMM-D00049,New,2026-04-14 22:22:20,2026-04-23 23:04:58
SUMM-D00049,Contacted,2026-04-23 23:04:58,2026-04-29 06:02:03
SUMM-D00049,Lost,2026-04-29 06:02:03,
SUMM-D00050,New,2026-04-16 20:37:24,2026-04-18 10:10:43
SUMM-D00050,Contacted,2026-04-18 10:10:43,2026-04-25 08:51:30
SUMM-D00050,Qualified,2026-04-25 08:51:30,2026-05-12 15:28:50
SUMM-D00050,Proposal,2026-05-12 15:28:50,2026-05-22 04:44:03
SUMM-D00050,Won,2026-05-22 04:44:03,
SUMM-D00051,New,2026-04-14 23:29:59,2026-04-15 12:05:29
SUMM-D00051,Contacted,2026-04-15 12:05:29,2026-04-24 19:11:40
SUMM-D00051,Lost,2026-04-24 19:11:40,
SUMM-D00052,New,2026-04-14 10:55:30,2026-04-14 14:48:01
SUMM-D00052,Lost,2026-04-14 14:48:01,
SUMM-D00053,New,2026-04-16 15:10:36,2026-04-21 18:16:03
SUMM-D00053,Contacted,2026-04-21 18:16:03,2026-04-24 01:37:06
SUMM-D00053,Lost,2026-04-24 01:37:06,
SUMM-D00054,New,2026-04-18 09:15:14,2026-04-20 13:56:42
SUMM-D00054,Contacted,2026-04-20 13:56:42,2026-05-07 17:27:21
SUMM-D00054,Qualified,2026-05-07 17:27:21,2026-05-09 11:02:08
SUMM-D00054,Proposal,2026-05-09 11:02:08,2026-05-13 09:21:29
SUMM-D00054,Won,2026-05-13 09:21:29,
SUMM-D00055,New,2026-04-16 10:50:10,2026-04-17 19:01:33
SUMM-D00055,Contacted,2026-04-17 19:01:33,2026-04-22 02:29:24
SUMM-D00055,Qualified,2026-04-22 02:29:24,2026-04-25 00:29:09
SUMM-D00055,Proposal,2026-04-25 00:29:09,2026-04-29 10:43:25
SUMM-D00055,Won,2026-04-29 10:43:25,
SUMM-D00056,New,2026-04-16 09:27:46,2026-04-17 07:14:16
SUMM-D00056,Contacted,2026-04-17 07:14:16,2026-04-19 21:50:24
SUMM-D00056,Lost,2026-04-19 21:50:24,
SUMM-D00057,New,2026-04-16 18:55:49,2026-04-21 23:17:36
SUMM-D00057,Lost,2026-04-21 23:17:36,
SUMM-D00058,New,2026-04-22 04:33:04,2026-04-26 00:43:34
SUMM-D00058,Contacted,2026-04-26 00:43:34,2026-05-16 04:00:22
SUMM-D00058,Lost,2026-05-16 04:00:22,
SUMM-D00059,New,2026-04-18 11:40:42,2026-04-22 15:34:57
SUMM-D00059,Lost,2026-04-22 15:34:57,
SUMM-D00060,New,2026-04-17 07:06:30,2026-04-18 23:16:48
SUMM-D00060,Contacted,2026-04-18 23:16:48,2026-04-23 02:01:52
SUMM-D00060,Lost,2026-04-23 02:01:52,
SUMM-D00061,New,2026-04-17 23:39:11,2026-04-19 15:59:22
SUMM-D00061,Contacted,2026-04-19 15:59:22,2026-04-20 20:00:02
SUMM-D00061,Qualified,2026-04-20 20:00:02,2026-04-26 06:46:29
SUMM-D00061,Lost,2026-04-26 06:46:29,
SUMM-D00062,New,2026-04-19 10:24:33,2026-04-20 13:06:46
SUMM-D00062,Contacted,2026-04-20 13:06:46,2026-04-22 01:23:34
SUMM-D00062,Lost,2026-04-22 01:23:34,
SUMM-D00063,New,2026-04-21 18:38:04,2026-04-24 21:41:52
SUMM-D00063,Contacted,2026-04-24 21:41:52,2026-04-28 10:41:05
SUMM-D00063,Qualified,2026-04-28 10:41:05,2026-05-10 20:18:22
SUMM-D00063,Proposal,2026-05-10 20:18:22,2026-07-28 00:59:37
SUMM-D00063,Won,2026-07-28 00:59:37,
SUMM-D00064,New,2026-04-20 06:09:50,2026-04-21 22:32:06
SUMM-D00064,Contacted,2026-04-21 22:32:06,2026-04-26 12:12:54
SUMM-D00064,Lost,2026-04-26 12:12:54,
SUMM-D00065,New,2026-04-19 01:48:39,2026-04-19 13:56:28
SUMM-D00065,Contacted,2026-04-19 13:56:28,2026-04-19 20:04:02
SUMM-D00065,Lost,2026-04-19 20:04:02,
SUMM-D00066,New,2026-04-19 02:13:13,2026-04-19 16:39:14
SUMM-D00066,Contacted,2026-04-19 16:39:14,2026-04-20 01:12:40
SUMM-D00066,Lost,2026-04-20 01:12:40,
SUMM-D00067,New,2026-04-23 13:34:47,2026-04-24 22:33:29
SUMM-D00067,Contacted,2026-04-24 22:33:29,2026-04-30 07:49:13
SUMM-D00067,Lost,2026-04-30 07:49:13,
SUMM-D00068,New,2026-04-20 04:14:24,2026-04-22 12:21:38
SUMM-D00068,Contacted,2026-04-22 12:21:38,2026-05-03 15:10:59
SUMM-D00068,Qualified,2026-05-03 15:10:59,2026-05-12 21:24:54
SUMM-D00068,Proposal,2026-05-12 21:24:54,2026-05-17 15:34:39
SUMM-D00068,Won,2026-05-17 15:34:39,
SUMM-D00069,New,2026-04-19 14:53:33,2026-04-19 21:02:28
SUMM-D00069,Contacted,2026-04-19 21:02:28,2026-04-21 01:28:13
SUMM-D00069,Lost,2026-04-21 01:28:13,
SUMM-D00070,New,2026-04-20 00:37:19,2026-04-20 06:31:21
SUMM-D00070,Contacted,2026-04-20 06:31:21,2026-04-20 16:21:27
SUMM-D00070,Qualified,2026-04-20 16:21:27,2026-04-21 20:04:18
SUMM-D00070,Proposal,2026-04-21 20:04:18,2026-04-22 20:48:05
SUMM-D00070,Lost,2026-04-22 20:48:05,
SUMM-D00071,New,2026-04-21 04:26:52,2026-04-21 09:04:11
SUMM-D00071,Contacted,2026-04-21 09:04:11,2026-04-30 03:36:16
SUMM-D00071,Qualified,2026-04-30 03:36:16,2026-05-04 08:06:23
SUMM-D00071,Lost,2026-05-04 08:06:23,
SUMM-D00072,New,2026-04-19 21:41:51,2026-04-20 04:37:07
SUMM-D00072,Contacted,2026-04-20 04:37:07,2026-04-20 16:35:00
SUMM-D00072,Qualified,2026-04-20 16:35:00,2026-04-21 05:45:46
SUMM-D00072,Proposal,2026-04-21 05:45:46,2026-04-22 21:29:31
SUMM-D00072,Won,2026-04-22 21:29:31,
SUMM-D00073,New,2026-04-20 16:13:12,2026-04-20 21:16:43
SUMM-D00073,Contacted,2026-04-20 21:16:43,2026-04-21 05:39:41
SUMM-D00073,Lost,2026-04-21 05:39:41,
SUMM-D00074,New,2026-04-22 00:25:40,2026-04-24 05:24:36
SUMM-D00074,Contacted,2026-04-24 05:24:36,2026-05-02 20:32:21
SUMM-D00074,Lost,2026-05-02 20:32:21,
SUMM-D00075,New,2026-04-20 16:48:41,2026-04-21 10:39:37
SUMM-D00075,Contacted,2026-04-21 10:39:37,2026-04-21 19:02:04
SUMM-D00075,Lost,2026-04-21 19:02:04,
SUMM-D00076,New,2026-04-23 00:38:14,2026-04-25 14:13:38
SUMM-D00076,Contacted,2026-04-25 14:13:38,2026-04-26 06:56:44
SUMM-D00076,Qualified,2026-04-26 06:56:44,2026-05-02 12:55:09
SUMM-D00076,Lost,2026-05-02 12:55:09,
SUMM-D00077,New,2026-04-21 02:53:45,2026-04-21 06:41:57
SUMM-D00077,Contacted,2026-04-21 06:41:57,2026-04-22 11:55:15
SUMM-D00077,Qualified,2026-04-22 11:55:15,2026-04-22 18:20:28
SUMM-D00077,Lost,2026-04-22 18:20:28,
SUMM-D00078,New,2026-04-22 01:03:56,2026-04-22 04:02:51
SUMM-D00078,Contacted,2026-04-22 04:02:51,2026-04-25 01:08:14
SUMM-D00078,Lost,2026-04-25 01:08:14,
SUMM-D00079,New,2026-04-23 23:42:46,2026-04-30 12:34:48
SUMM-D00079,Contacted,2026-04-30 12:34:48,2026-05-02 05:46:18
SUMM-D00079,Lost,2026-05-02 05:46:18,
SUMM-D00080,New,2026-04-22 14:15:30,2026-04-22 19:13:57
SUMM-D00080,Contacted,2026-04-22 19:13:57,2026-04-22 22:59:12
SUMM-D00080,Lost,2026-04-22 22:59:12,
SUMM-D00081,New,2026-04-26 22:54:26,2026-05-01 07:57:22
SUMM-D00081,Contacted,2026-05-01 07:57:22,2026-05-19 07:06:33
SUMM-D00081,Lost,2026-05-19 07:06:33,
SUMM-D00082,New,2026-04-26 06:34:12,2026-05-02 00:00:11
SUMM-D00082,Contacted,2026-05-02 00:00:11,2026-05-05 12:28:58
SUMM-D00082,Qualified,2026-05-05 12:28:58,2026-05-16 08:55:18
SUMM-D00082,Proposal,2026-05-16 08:55:18,2026-06-08 06:49:18
SUMM-D00082,Lost,2026-06-08 06:49:18,
SUMM-D00083,New,2026-04-26 09:33:17,2026-05-01 11:21:46
SUMM-D00083,Contacted,2026-05-01 11:21:46,2026-05-05 13:28:33
SUMM-D00083,Qualified,2026-05-05 13:28:33,2026-05-12 16:42:50
SUMM-D00083,Lost,2026-05-12 16:42:50,
SUMM-D00084,New,2026-04-24 14:09:19,2026-04-24 14:47:44
SUMM-D00084,Contacted,2026-04-24 14:47:44,2026-04-24 23:22:28
SUMM-D00084,Qualified,2026-04-24 23:22:28,2026-04-26 10:55:11
SUMM-D00084,Lost,2026-04-26 10:55:11,
SUMM-D00085,New,2026-04-28 14:24:35,2026-05-01 07:14:17
SUMM-D00085,Contacted,2026-05-01 07:14:17,2026-05-08 05:39:52
SUMM-D00085,Qualified,2026-05-08 05:39:52,2026-05-10 08:33:25
SUMM-D00085,Proposal,2026-05-10 08:33:25,2026-05-14 19:26:13
SUMM-D00085,Lost,2026-05-14 19:26:13,
SUMM-D00086,New,2026-04-25 03:48:30,2026-04-25 13:33:59
SUMM-D00086,Contacted,2026-04-25 13:33:59,2026-04-26 19:40:41
SUMM-D00086,Lost,2026-04-26 19:40:41,
SUMM-D00087,New,2026-04-26 07:31:18,2026-04-29 17:56:23
SUMM-D00087,Contacted,2026-04-29 17:56:23,2026-05-02 13:54:01
SUMM-D00087,Qualified,2026-05-02 13:54:01,2026-05-11 12:43:04
SUMM-D00087,Proposal,2026-05-11 12:43:04,2026-05-22 08:40:34
SUMM-D00087,Won,2026-05-22 08:40:34,
SUMM-D00088,New,2026-04-27 15:38:35,2026-05-03 08:24:45
SUMM-D00088,Lost,2026-05-03 08:24:45,
SUMM-D00089,New,2026-04-26 08:34:00,2026-05-04 23:48:02
SUMM-D00089,Contacted,2026-05-04 23:48:02,2026-05-14 20:10:37
SUMM-D00089,Lost,2026-05-14 20:10:37,
SUMM-D00090,New,2026-04-26 05:53:39,2026-04-26 11:09:05
SUMM-D00090,Lost,2026-04-26 11:09:05,
SUMM-D00091,New,2026-04-27 14:24:10,2026-04-30 04:12:56
SUMM-D00091,Contacted,2026-04-30 04:12:56,2026-04-30 17:22:17
SUMM-D00091,Lost,2026-04-30 17:22:17,
SUMM-D00092,New,2026-05-02 22:55:37,2026-05-13 01:26:33
SUMM-D00092,Contacted,2026-05-13 01:26:33,2026-05-21 03:59:18
SUMM-D00092,Lost,2026-05-21 03:59:18,
SUMM-D00093,New,2026-04-28 21:11:50,2026-05-02 12:49:01
SUMM-D00093,Lost,2026-05-02 12:49:01,
SUMM-D00094,New,2026-04-27 19:59:34,2026-04-27 21:07:11
SUMM-D00094,Contacted,2026-04-27 21:07:11,2026-04-29 05:57:59
SUMM-D00094,Qualified,2026-04-29 05:57:59,2026-04-30 01:16:58
SUMM-D00094,Proposal,2026-04-30 01:16:58,2026-05-02 07:29:57
SUMM-D00094,Won,2026-05-02 07:29:57,
SUMM-D00095,New,2026-05-02 20:16:51,2026-05-08 18:11:53
SUMM-D00095,Contacted,2026-05-08 18:11:53,2026-05-19 02:38:19
SUMM-D00095,Qualified,2026-05-19 02:38:19,2026-06-01 05:43:33
SUMM-D00095,Proposal,2026-06-01 05:43:33,2026-06-11 17:03:33
SUMM-D00095,Won,2026-06-11 17:03:33,
SUMM-D00096,New,2026-04-28 21:55:10,2026-04-29 14:56:38
SUMM-D00096,Contacted,2026-04-29 14:56:38,2026-05-13 17:20:59
SUMM-D00096,Lost,2026-05-13 17:20:59,
SUMM-D00097,New,2026-05-02 19:58:26,2026-05-04 02:16:36
SUMM-D00097,Contacted,2026-05-04 02:16:36,2026-05-04 18:00:37
SUMM-D00097,Lost,2026-05-04 18:00:37,
SUMM-D00098,New,2026-04-28 22:24:53,2026-04-29 20:51:28
SUMM-D00098,Contacted,2026-04-29 20:51:28,2026-05-02 19:39:27
SUMM-D00098,Lost,2026-05-02 19:39:27,
SUMM-D00099,New,2026-04-29 14:35:36,2026-05-04 11:33:12
SUMM-D00099,Contacted,2026-05-04 11:33:12,2026-05-08 08:31:46
SUMM-D00099,Qualified,2026-05-08 08:31:46,2026-05-25 10:52:05
SUMM-D00099,Proposal,2026-05-25 10:52:05,2026-06-01 15:24:12
SUMM-D00099,Lost,2026-06-01 15:24:12,
SUMM-D00100,New,2026-05-02 11:31:33,2026-05-02 21:04:04
SUMM-D00100,Contacted,2026-05-02 21:04:04,2026-05-10 06:44:46
SUMM-D00100,Lost,2026-05-10 06:44:46,
SUMM-D00101,New,2026-04-30 04:06:34,2026-04-30 18:11:52
SUMM-D00101,Contacted,2026-04-30 18:11:52,2026-05-01 10:01:47
SUMM-D00101,Lost,2026-05-01 10:01:47,
SUMM-D00102,New,2026-04-30 00:49:06,2026-04-30 09:17:02
SUMM-D00102,Contacted,2026-04-30 09:17:02,2026-04-30 18:14:08
SUMM-D00102,Lost,2026-04-30 18:14:08,
SUMM-D00103,New,2026-05-09 04:22:33,2026-05-14 17:59:51
SUMM-D00103,Contacted,2026-05-14 17:59:51,2026-05-20 21:59:45
SUMM-D00103,Qualified,2026-05-20 21:59:45,2026-05-27 11:42:51
SUMM-D00103,Lost,2026-05-27 11:42:51,
SUMM-D00104,New,2026-05-01 21:17:14,2026-05-09 06:52:45
SUMM-D00104,Contacted,2026-05-09 06:52:45,2026-05-19 06:28:54
SUMM-D00104,Qualified,2026-05-19 06:28:54,2026-05-24 08:51:46
SUMM-D00104,Lost,2026-05-24 08:51:46,
SUMM-D00105,New,2026-05-01 05:29:27,2026-05-05 08:22:35
SUMM-D00105,Contacted,2026-05-05 08:22:35,2026-05-14 10:27:19
SUMM-D00105,Lost,2026-05-14 10:27:19,
SUMM-D00106,New,2026-05-04 16:16:45,2026-05-05 14:12:00
SUMM-D00106,Contacted,2026-05-05 14:12:00,2026-05-09 11:30:38
SUMM-D00106,Qualified,2026-05-09 11:30:38,2026-05-14 11:39:45
SUMM-D00106,Proposal,2026-05-14 11:39:45,2026-05-22 12:30:45
SUMM-D00106,Lost,2026-05-22 12:30:45,
SUMM-D00107,New,2026-05-02 11:31:38,2026-05-10 00:54:16
SUMM-D00107,Contacted,2026-05-10 00:54:16,2026-05-21 13:43:47
SUMM-D00107,Lost,2026-05-21 13:43:47,
SUMM-D00108,New,2026-05-07 05:58:20,2026-05-09 05:29:27
SUMM-D00108,Contacted,2026-05-09 05:29:27,2026-06-02 22:02:00
SUMM-D00108,Lost,2026-06-02 22:02:00,
SUMM-D00109,New,2026-05-04 01:18:23,2026-05-08 00:09:37
SUMM-D00109,Contacted,2026-05-08 00:09:37,2026-05-16 05:27:28
SUMM-D00109,Lost,2026-05-16 05:27:28,
SUMM-D00110,New,2026-05-03 11:29:38,2026-05-04 15:21:50
SUMM-D00110,Contacted,2026-05-04 15:21:50,2026-05-12 17:44:27
SUMM-D00110,Qualified,2026-05-12 17:44:27,2026-06-04 22:31:14
SUMM-D00110,Proposal,2026-06-04 22:31:14,2026-07-25 19:00:37
SUMM-D00110,Lost,2026-07-25 19:00:37,
SUMM-D00111,New,2026-05-02 22:35:23,2026-05-03 04:05:00
SUMM-D00111,Contacted,2026-05-03 04:05:00,2026-05-04 04:46:54
SUMM-D00111,Lost,2026-05-04 04:46:54,
SUMM-D00112,New,2026-05-03 18:43:13,2026-05-10 17:01:21
SUMM-D00112,Contacted,2026-05-10 17:01:21,2026-05-13 08:41:42
SUMM-D00112,Lost,2026-05-13 08:41:42,
SUMM-D00113,New,2026-05-03 10:41:53,2026-05-03 11:41:52
SUMM-D00113,Lost,2026-05-03 11:41:52,
SUMM-D00114,New,2026-05-05 16:05:15,2026-05-09 10:22:37
SUMM-D00114,Contacted,2026-05-09 10:22:37,2026-05-14 04:37:27
SUMM-D00114,Lost,2026-05-14 04:37:27,
SUMM-D00115,New,2026-05-05 00:05:45,2026-05-05 06:02:16
SUMM-D00115,Contacted,2026-05-05 06:02:16,2026-05-06 05:37:45
SUMM-D00115,Qualified,2026-05-06 05:37:45,2026-05-06 20:15:48
SUMM-D00115,Lost,2026-05-06 20:15:48,
SUMM-D00116,New,2026-05-06 11:19:31,2026-05-08 03:51:24
SUMM-D00116,Lost,2026-05-08 03:51:24,
SUMM-D00117,New,2026-05-05 16:16:15,2026-05-05 23:39:42
SUMM-D00117,Contacted,2026-05-05 23:39:42,2026-05-07 14:18:28
SUMM-D00117,Lost,2026-05-07 14:18:28,
SUMM-D00118,New,2026-05-10 15:11:42,2026-05-14 13:24:33
SUMM-D00118,Lost,2026-05-14 13:24:33,
SUMM-D00119,New,2026-05-10 12:09:30,2026-05-20 11:26:47
SUMM-D00119,Contacted,2026-05-20 11:26:47,2026-05-23 09:11:07
SUMM-D00119,Lost,2026-05-23 09:11:07,
SUMM-D00120,New,2026-05-10 13:02:24,2026-05-11 15:28:24
SUMM-D00120,Contacted,2026-05-11 15:28:24,2026-05-17 11:29:37
SUMM-D00120,Qualified,2026-05-17 11:29:37,2026-06-04 03:14:41
SUMM-D00120,Proposal,2026-06-04 03:14:41,2026-06-28 22:29:58
SUMM-D00120,Won,2026-06-28 22:29:58,
SUMM-D00121,New,2026-05-08 20:27:21,2026-05-09 04:29:08
SUMM-D00121,Contacted,2026-05-09 04:29:08,2026-05-12 10:58:24
SUMM-D00121,Lost,2026-05-12 10:58:24,
SUMM-D00122,New,2026-05-15 01:36:49,2026-05-18 06:37:33
SUMM-D00122,Contacted,2026-05-18 06:37:33,2026-05-26 16:29:21
SUMM-D00122,Lost,2026-05-26 16:29:21,
SUMM-D00123,New,2026-05-07 22:20:13,2026-05-11 00:26:34
SUMM-D00123,Contacted,2026-05-11 00:26:34,2026-06-27 23:38:35
SUMM-D00123,Lost,2026-06-27 23:38:35,
SUMM-D00124,New,2026-05-07 11:22:42,2026-05-07 13:48:37
SUMM-D00124,Contacted,2026-05-07 13:48:37,2026-05-08 06:00:26
SUMM-D00124,Lost,2026-05-08 06:00:26,
SUMM-D00125,New,2026-05-08 18:04:10,2026-05-14 08:27:08
SUMM-D00125,Contacted,2026-05-14 08:27:08,2026-05-18 04:22:47
SUMM-D00125,Lost,2026-05-18 04:22:47,
SUMM-D00126,New,2026-05-10 05:19:58,2026-05-12 16:08:33
SUMM-D00126,Contacted,2026-05-12 16:08:33,2026-05-24 19:08:07
SUMM-D00126,Lost,2026-05-24 19:08:07,
SUMM-D00127,New,2026-05-12 16:19:22,2026-05-14 10:11:40
SUMM-D00127,Contacted,2026-05-14 10:11:40,2026-06-03 12:30:08
SUMM-D00127,Lost,2026-06-03 12:30:08,
SUMM-D00128,New,2026-05-11 11:36:25,2026-05-20 15:48:53
SUMM-D00128,Contacted,2026-05-20 15:48:53,2026-05-24 20:15:25
SUMM-D00128,Qualified,2026-05-24 20:15:25,2026-06-02 14:18:52
SUMM-D00128,Proposal,2026-06-02 14:18:52,2026-06-10 10:17:32
SUMM-D00128,Won,2026-06-10 10:17:32,
SUMM-D00129,New,2026-05-09 16:54:56,2026-05-13 20:19:07
SUMM-D00129,Contacted,2026-05-13 20:19:07,2026-05-16 12:07:58
SUMM-D00129,Lost,2026-05-16 12:07:58,
SUMM-D00130,New,2026-05-09 11:05:16,2026-05-14 23:13:05
SUMM-D00130,Lost,2026-05-14 23:13:05,
SUMM-D00131,New,2026-05-09 10:28:20,2026-05-09 12:11:11
SUMM-D00131,Contacted,2026-05-09 12:11:11,2026-05-10 17:58:23
SUMM-D00131,Qualified,2026-05-10 17:58:23,2026-05-11 04:55:45
SUMM-D00131,Proposal,2026-05-11 04:55:45,2026-05-12 10:08:47
SUMM-D00131,Won,2026-05-12 10:08:47,
SUMM-D00132,New,2026-05-09 11:00:23,2026-05-09 17:40:59
SUMM-D00132,Contacted,2026-05-09 17:40:59,2026-05-10 22:59:22
SUMM-D00132,Lost,2026-05-10 22:59:22,
SUMM-D00133,New,2026-05-09 14:53:22,2026-05-09 17:04:30
SUMM-D00133,Contacted,2026-05-09 17:04:30,2026-05-10 01:51:20
SUMM-D00133,Lost,2026-05-10 01:51:20,
SUMM-D00134,New,2026-05-10 00:18:59,2026-05-10 02:32:13
SUMM-D00134,Contacted,2026-05-10 02:32:13,2026-05-12 00:28:46
SUMM-D00134,Qualified,2026-05-12 00:28:46,2026-05-13 14:32:36
SUMM-D00134,Proposal,2026-05-13 14:32:36,2026-05-17 00:37:42
SUMM-D00134,Won,2026-05-17 00:37:42,
SUMM-D00135,New,2026-05-13 19:27:20,2026-05-15 11:35:38
SUMM-D00135,Contacted,2026-05-15 11:35:38,2026-05-15 22:38:24
SUMM-D00135,Qualified,2026-05-15 22:38:24,2026-05-18 06:22:42
SUMM-D00135,Lost,2026-05-18 06:22:42,
SUMM-D00136,New,2026-05-10 18:59:35,2026-05-11 22:20:34
SUMM-D00136,Contacted,2026-05-11 22:20:34,2026-05-27 17:59:56
SUMM-D00136,Lost,2026-05-27 17:59:56,
SUMM-D00137,New,2026-05-09 23:48:39,2026-05-10 07:02:09
SUMM-D00137,Contacted,2026-05-10 07:02:09,2026-05-11 02:10:00
SUMM-D00137,Qualified,2026-05-11 02:10:00,2026-05-11 16:15:42
SUMM-D00137,Lost,2026-05-11 16:15:42,
SUMM-D00138,New,2026-05-10 20:42:38,2026-05-10 23:57:28
SUMM-D00138,Contacted,2026-05-10 23:57:28,2026-05-12 14:01:55
SUMM-D00138,Lost,2026-05-12 14:01:55,
SUMM-D00139,New,2026-05-13 13:28:50,2026-05-14 12:38:55
SUMM-D00139,Contacted,2026-05-14 12:38:55,2026-05-16 08:41:03
SUMM-D00139,Lost,2026-05-16 08:41:03,
SUMM-D00140,New,2026-05-11 16:22:24,2026-05-11 21:25:39
SUMM-D00140,Contacted,2026-05-11 21:25:39,2026-05-12 01:29:38
SUMM-D00140,Lost,2026-05-12 01:29:38,
SUMM-D00141,New,2026-05-13 02:36:47,2026-05-16 02:20:50
SUMM-D00141,Contacted,2026-05-16 02:20:50,2026-05-17 01:17:57
SUMM-D00141,Lost,2026-05-17 01:17:57,
SUMM-D00142,New,2026-05-13 16:42:22,2026-05-17 16:41:16
SUMM-D00142,Contacted,2026-05-17 16:41:16,2026-05-22 02:31:38
SUMM-D00142,Qualified,2026-05-22 02:31:38,2026-05-24 17:03:58
SUMM-D00142,Proposal,2026-05-24 17:03:58,2026-05-29 14:17:00
SUMM-D00142,Won,2026-05-29 14:17:00,
SUMM-D00143,New,2026-05-12 14:30:45,2026-05-12 19:26:07
SUMM-D00143,Contacted,2026-05-12 19:26:07,2026-05-13 12:52:42
SUMM-D00143,Lost,2026-05-13 12:52:42,
SUMM-D00144,New,2026-05-14 18:21:21,2026-05-20 13:48:52
SUMM-D00144,Contacted,2026-05-20 13:48:52,2026-05-31 06:19:52
SUMM-D00144,Qualified,2026-05-31 06:19:52,2026-06-13 23:07:59
SUMM-D00144,Proposal,2026-06-13 23:07:59,2026-06-17 08:40:43
SUMM-D00144,Won,2026-06-17 08:40:43,
SUMM-D00145,New,2026-05-13 17:36:26,2026-05-15 03:07:12
SUMM-D00145,Contacted,2026-05-15 03:07:12,2026-05-19 14:36:16
SUMM-D00145,Lost,2026-05-19 14:36:16,
SUMM-D00146,New,2026-05-12 23:40:19,2026-05-13 12:27:02
SUMM-D00146,Contacted,2026-05-13 12:27:02,2026-05-14 11:16:25
SUMM-D00146,Qualified,2026-05-14 11:16:25,2026-05-14 21:08:48
SUMM-D00146,Lost,2026-05-14 21:08:48,
SUMM-D00147,New,2026-05-12 20:25:39,2026-05-13 00:49:20
SUMM-D00147,Contacted,2026-05-13 00:49:20,2026-05-14 08:20:26
SUMM-D00147,Lost,2026-05-14 08:20:26,
SUMM-D00148,New,2026-05-12 20:43:43,2026-05-13 03:09:16
SUMM-D00148,Contacted,2026-05-13 03:09:16,2026-05-14 14:29:49
SUMM-D00148,Lost,2026-05-14 14:29:49,
SUMM-D00149,New,2026-05-13 22:47:26,2026-05-22 05:44:13
SUMM-D00149,Contacted,2026-05-22 05:44:13,2026-05-24 11:33:58
SUMM-D00149,Qualified,2026-05-24 11:33:58,2026-05-25 04:35:06
SUMM-D00149,Proposal,2026-05-25 04:35:06,2026-06-07 04:25:56
SUMM-D00149,Lost,2026-06-07 04:25:56,
SUMM-D00150,New,2026-05-13 20:34:35,2026-05-14 23:12:56
SUMM-D00150,Lost,2026-05-14 23:12:56,
SUMM-D00151,New,2026-05-13 16:54:28,2026-05-13 22:06:22
SUMM-D00151,Contacted,2026-05-13 22:06:22,2026-05-14 22:46:58
SUMM-D00151,Lost,2026-05-14 22:46:58,
SUMM-D00152,New,2026-05-15 03:55:08,2026-05-21 07:19:47
SUMM-D00152,Contacted,2026-05-21 07:19:47,2026-06-01 02:34:41
SUMM-D00152,Qualified,2026-06-01 02:34:41,2026-06-05 14:51:29
SUMM-D00152,Lost,2026-06-05 14:51:29,
SUMM-D00153,New,2026-05-14 18:48:40,2026-05-15 09:38:18
SUMM-D00153,Contacted,2026-05-15 09:38:18,2026-05-15 23:19:30
SUMM-D00153,Lost,2026-05-15 23:19:30,
SUMM-D00154,New,2026-05-19 13:35:39,2026-05-21 11:39:57
SUMM-D00154,Contacted,2026-05-21 11:39:57,2026-05-23 09:27:08
SUMM-D00154,Lost,2026-05-23 09:27:08,
SUMM-D00155,New,2026-05-16 04:07:52,2026-05-16 07:52:22
SUMM-D00155,Contacted,2026-05-16 07:52:22,2026-05-16 18:50:37
SUMM-D00155,Qualified,2026-05-16 18:50:37,2026-05-18 16:32:29
SUMM-D00155,Lost,2026-05-18 16:32:29,
SUMM-D00156,New,2026-05-18 16:16:06,2026-05-26 18:52:34
SUMM-D00156,Contacted,2026-05-26 18:52:34,2026-06-05 08:35:57
SUMM-D00156,Lost,2026-06-05 08:35:57,
SUMM-D00157,New,2026-05-18 19:40:55,2026-05-23 17:28:32
SUMM-D00157,Contacted,2026-05-23 17:28:32,2026-05-30 18:12:49
SUMM-D00157,Qualified,2026-05-30 18:12:49,2026-06-15 10:47:36
SUMM-D00157,Lost,2026-06-15 10:47:36,
SUMM-D00158,New,2026-05-22 23:39:08,2026-05-29 17:23:45
SUMM-D00158,Contacted,2026-05-29 17:23:45,2026-06-21 01:59:52
SUMM-D00158,Lost,2026-06-21 01:59:52,
SUMM-D00159,New,2026-05-18 02:32:29,2026-05-20 12:26:07
SUMM-D00159,Contacted,2026-05-20 12:26:07,2026-05-31 09:51:23
SUMM-D00159,Lost,2026-05-31 09:51:23,
SUMM-D00160,New,2026-05-16 09:58:19,2026-05-16 11:59:20
SUMM-D00160,Contacted,2026-05-16 11:59:20,2026-05-16 23:12:44
SUMM-D00160,Lost,2026-05-16 23:12:44,
SUMM-D00161,New,2026-05-16 08:37:44,2026-05-16 14:25:30
SUMM-D00161,Contacted,2026-05-16 14:25:30,2026-05-17 00:42:44
SUMM-D00161,Qualified,2026-05-17 00:42:44,2026-05-17 18:17:07
SUMM-D00161,Proposal,2026-05-17 18:17:07,2026-05-19 10:18:20
SUMM-D00161,Won,2026-05-19 10:18:20,
SUMM-D00162,New,2026-05-16 11:11:39,2026-05-16 13:15:42
SUMM-D00162,Contacted,2026-05-16 13:15:42,2026-05-18 00:38:12
SUMM-D00162,Lost,2026-05-18 00:38:12,
SUMM-D00163,New,2026-05-18 19:45:34,2026-05-28 10:12:20
SUMM-D00163,Contacted,2026-05-28 10:12:20,2026-06-03 16:20:05
SUMM-D00163,Qualified,2026-06-03 16:20:05,2026-06-07 17:30:53
SUMM-D00163,Lost,2026-06-07 17:30:53,
SUMM-D00164,New,2026-05-17 06:48:15,2026-05-17 20:09:44
SUMM-D00164,Contacted,2026-05-17 20:09:44,2026-05-18 11:58:47
SUMM-D00164,Lost,2026-05-18 11:58:47,
SUMM-D00165,New,2026-05-17 11:42:30,2026-05-18 01:59:14
SUMM-D00165,Contacted,2026-05-18 01:59:14,2026-05-18 13:31:20
SUMM-D00165,Qualified,2026-05-18 13:31:20,2026-05-18 16:12:35
SUMM-D00165,Proposal,2026-05-18 16:12:35,2026-05-21 10:52:14
SUMM-D00165,Lost,2026-05-21 10:52:14,
SUMM-D00166,New,2026-05-17 18:28:25,2026-05-17 22:14:24
SUMM-D00166,Contacted,2026-05-17 22:14:24,2026-05-18 13:20:47
SUMM-D00166,Lost,2026-05-18 13:20:47,
SUMM-D00167,New,2026-05-18 19:50:26,2026-05-24 04:09:17
SUMM-D00167,Contacted,2026-05-24 04:09:17,2026-05-31 11:46:19
SUMM-D00167,Lost,2026-05-31 11:46:19,
SUMM-D00168,New,2026-05-18 21:07:25,2026-05-22 06:05:59
SUMM-D00168,Contacted,2026-05-22 06:05:59,2026-05-27 21:08:06
SUMM-D00168,Lost,2026-05-27 21:08:06,
SUMM-D00169,New,2026-05-20 00:27:06,2026-05-23 03:47:31
SUMM-D00169,Lost,2026-05-23 03:47:31,
SUMM-D00170,New,2026-05-21 19:37:32,2026-05-28 20:34:18
SUMM-D00170,Lost,2026-05-28 20:34:18,
SUMM-D00171,New,2026-05-19 01:28:35,2026-05-19 13:56:07
SUMM-D00171,Contacted,2026-05-19 13:56:07,2026-05-20 06:06:58
SUMM-D00171,Qualified,2026-05-20 06:06:58,2026-05-20 23:56:02
SUMM-D00171,Proposal,2026-05-20 23:56:02,2026-05-21 13:03:39
SUMM-D00171,Won,2026-05-21 13:03:39,
SUMM-D00172,New,2026-05-19 13:25:31,2026-05-21 01:09:41
SUMM-D00172,Contacted,2026-05-21 01:09:41,2026-06-02 07:59:52
SUMM-D00172,Lost,2026-06-02 07:59:52,
SUMM-D00173,New,2026-05-19 00:57:36,2026-05-23 01:12:01
SUMM-D00173,Contacted,2026-05-23 01:12:01,2026-05-31 11:21:31
SUMM-D00173,Lost,2026-05-31 11:21:31,
SUMM-D00174,New,2026-05-19 04:18:35,2026-05-19 12:46:03
SUMM-D00174,Contacted,2026-05-19 12:46:03,2026-05-20 15:51:41
SUMM-D00174,Lost,2026-05-20 15:51:41,
SUMM-D00175,New,2026-05-19 18:32:50,2026-05-20 00:27:05
SUMM-D00175,Contacted,2026-05-20 00:27:05,2026-05-20 06:52:57
SUMM-D00175,Lost,2026-05-20 06:52:57,
SUMM-D00176,New,2026-05-23 03:16:37,2026-05-23 16:12:52
SUMM-D00176,Contacted,2026-05-23 16:12:52,2026-05-25 23:10:17
SUMM-D00176,Lost,2026-05-25 23:10:17,
SUMM-D00177,New,2026-05-21 01:58:47,2026-05-21 17:14:36
SUMM-D00177,Lost,2026-05-21 17:14:36,
SUMM-D00178,New,2026-05-22 01:16:58,2026-05-30 03:57:19
SUMM-D00178,Contacted,2026-05-30 03:57:19,2026-06-13 02:16:17
SUMM-D00178,Qualified,2026-06-13 02:16:17,2026-07-01 00:48:37
SUMM-D00178,Proposal,2026-07-01 00:48:37,2026-07-24 14:14:25
SUMM-D00178,Lost,2026-07-24 14:14:25,
SUMM-D00179,New,2026-05-24 03:30:59,2026-05-28 23:02:51
SUMM-D00179,Contacted,2026-05-28 23:02:51,2026-06-03 02:34:00
SUMM-D00179,Qualified,2026-06-03 02:34:00,2026-06-22 04:17:17
SUMM-D00179,Proposal,2026-06-22 04:17:17,2026-07-27 19:41:58
SUMM-D00179,Lost,2026-07-27 19:41:58,
SUMM-D00180,New,2026-05-24 13:42:48,2026-05-31 15:18:27
SUMM-D00180,Contacted,2026-05-31 15:18:27,2026-06-06 00:47:24
SUMM-D00180,Lost,2026-06-06 00:47:24,
SUMM-D00181,New,2026-05-24 19:38:11,2026-05-27 03:00:29
SUMM-D00181,Contacted,2026-05-27 03:00:29,2026-06-02 10:04:48
SUMM-D00181,Lost,2026-06-02 10:04:48,
SUMM-D00182,New,2026-05-22 03:39:59,2026-05-22 08:35:16
SUMM-D00182,Contacted,2026-05-22 08:35:16,2026-05-24 00:36:41
SUMM-D00182,Lost,2026-05-24 00:36:41,
SUMM-D00183,New,2026-05-22 11:37:21,2026-05-25 07:28:30
SUMM-D00183,Contacted,2026-05-25 07:28:30,2026-05-28 11:01:00
SUMM-D00183,Qualified,2026-05-28 11:01:00,2026-06-12 12:38:29
SUMM-D00183,Proposal,2026-06-12 12:38:29,2026-06-27 09:13:40
SUMM-D00183,Won,2026-06-27 09:13:40,
SUMM-D00184,New,2026-05-30 05:24:03,2026-05-31 16:36:57
SUMM-D00184,Contacted,2026-05-31 16:36:57,2026-06-12 14:05:46
SUMM-D00184,Lost,2026-06-12 14:05:46,
SUMM-D00185,New,2026-05-29 01:31:08,2026-05-31 10:08:44
SUMM-D00185,Contacted,2026-05-31 10:08:44,2026-06-13 08:09:35
SUMM-D00185,Lost,2026-06-13 08:09:35,
SUMM-D00186,New,2026-05-22 16:17:06,2026-05-22 23:49:28
SUMM-D00186,Contacted,2026-05-22 23:49:28,2026-05-24 01:19:22
SUMM-D00186,Qualified,2026-05-24 01:19:22,2026-05-24 22:18:08
SUMM-D00186,Proposal,2026-05-24 22:18:08,2026-05-29 00:52:31
SUMM-D00186,Won,2026-05-29 00:52:31,
SUMM-D00187,New,2026-05-22 18:01:44,2026-05-29 11:13:38
SUMM-D00187,Contacted,2026-05-29 11:13:38,2026-06-06 17:28:06
SUMM-D00187,Lost,2026-06-06 17:28:06,
SUMM-D00188,New,2026-05-22 15:41:14,2026-05-24 00:04:49
SUMM-D00188,Contacted,2026-05-24 00:04:49,2026-05-25 01:43:09
SUMM-D00188,Lost,2026-05-25 01:43:09,
SUMM-D00189,New,2026-05-23 05:35:14,2026-05-23 06:51:31
SUMM-D00189,Lost,2026-05-23 06:51:31,
SUMM-D00190,New,2026-05-23 04:18:27,2026-05-23 18:46:47
SUMM-D00190,Lost,2026-05-23 18:46:47,
SUMM-D00191,New,2026-05-23 22:42:15,2026-05-24 00:44:53
SUMM-D00191,Lost,2026-05-24 00:44:53,
SUMM-D00192,New,2026-05-23 22:18:12,2026-05-24 05:33:35
SUMM-D00192,Contacted,2026-05-24 05:33:35,2026-05-24 16:08:22
SUMM-D00192,Lost,2026-05-24 16:08:22,
SUMM-D00193,New,2026-05-25 00:05:48,2026-05-27 16:52:07
SUMM-D00193,Lost,2026-05-27 16:52:07,
SUMM-D00194,New,2026-05-25 03:11:30,2026-05-25 09:49:31
SUMM-D00194,Contacted,2026-05-25 09:49:31,2026-05-29 06:56:14
SUMM-D00194,Qualified,2026-05-29 06:56:14,2026-06-08 03:46:26
SUMM-D00194,Proposal,2026-06-08 03:46:26,2026-06-09 14:35:15
SUMM-D00194,Won,2026-06-09 14:35:15,
SUMM-D00195,New,2026-05-25 18:02:09,2026-05-30 07:57:58
SUMM-D00195,Contacted,2026-05-30 07:57:58,2026-06-01 04:17:31
SUMM-D00195,Lost,2026-06-01 04:17:31,
SUMM-D00196,New,2026-05-24 07:04:35,2026-05-24 16:09:32
SUMM-D00196,Contacted,2026-05-24 16:09:32,2026-05-25 06:40:37
SUMM-D00196,Lost,2026-05-25 06:40:37,
SUMM-D00197,New,2026-05-29 12:51:08,2026-06-01 03:06:08
SUMM-D00197,Contacted,2026-06-01 03:06:08,2026-06-02 02:20:08
SUMM-D00197,Qualified,2026-06-02 02:20:08,2026-06-13 10:21:03
SUMM-D00197,Proposal,2026-06-13 10:21:03,2026-06-28 03:43:12
SUMM-D00197,Lost,2026-06-28 03:43:12,
SUMM-D00198,New,2026-05-25 13:02:54,2026-05-25 21:34:18
SUMM-D00198,Lost,2026-05-25 21:34:18,
SUMM-D00199,New,2026-05-26 02:53:21,2026-05-29 03:33:13
SUMM-D00199,Lost,2026-05-29 03:33:13,
SUMM-D00200,New,2026-05-29 00:13:25,2026-05-31 09:35:09
SUMM-D00200,Contacted,2026-05-31 09:35:09,2026-06-11 12:25:25
SUMM-D00200,Lost,2026-06-11 12:25:25,
SUMM-D00201,New,2026-05-26 00:48:27,2026-05-26 08:11:48
SUMM-D00201,Lost,2026-05-26 08:11:48,
SUMM-D00202,New,2026-05-26 00:35:00,2026-05-26 08:02:22
SUMM-D00202,Contacted,2026-05-26 08:02:22,2026-05-28 16:32:05
SUMM-D00202,Lost,2026-05-28 16:32:05,
SUMM-D00203,New,2026-05-27 17:39:27,2026-05-30 16:28:12
SUMM-D00203,Contacted,2026-05-30 16:28:12,2026-06-01 23:13:25
SUMM-D00203,Lost,2026-06-01 23:13:25,
SUMM-D00204,New,2026-05-26 00:05:59,2026-05-26 09:41:49
SUMM-D00204,Contacted,2026-05-26 09:41:49,2026-05-26 13:49:05
SUMM-D00204,Lost,2026-05-26 13:49:05,
SUMM-D00205,New,2026-05-26 22:04:52,2026-05-27 00:00:17
SUMM-D00205,Contacted,2026-05-27 00:00:17,2026-05-27 22:53:08
SUMM-D00205,Qualified,2026-05-27 22:53:08,2026-05-29 00:45:36
SUMM-D00205,Lost,2026-05-29 00:45:36,
SUMM-D00206,New,2026-05-28 00:59:28,2026-05-29 14:35:23
SUMM-D00206,Contacted,2026-05-29 14:35:23,2026-06-01 20:46:40
SUMM-D00206,Lost,2026-06-01 20:46:40,
SUMM-D00207,New,2026-05-27 11:59:31,2026-05-27 15:00:26
SUMM-D00207,Contacted,2026-05-27 15:00:26,2026-05-29 20:31:42
SUMM-D00207,Qualified,2026-05-29 20:31:42,2026-05-31 05:47:17
SUMM-D00207,Proposal,2026-05-31 05:47:17,2026-06-01 06:19:54
SUMM-D00207,Won,2026-06-01 06:19:54,
SUMM-D00208,New,2026-05-27 20:27:37,2026-05-28 17:11:22
SUMM-D00208,Contacted,2026-05-28 17:11:22,2026-06-03 08:47:19
SUMM-D00208,Lost,2026-06-03 08:47:19,
SUMM-D00209,New,2026-05-30 04:00:18,2026-05-31 06:30:00
SUMM-D00209,Contacted,2026-05-31 06:30:00,2026-06-03 14:15:01
SUMM-D00209,Lost,2026-06-03 14:15:01,
SUMM-D00210,New,2026-05-31 22:52:45,2026-06-06 19:42:23
SUMM-D00210,Contacted,2026-06-06 19:42:23,2026-06-09 17:27:46
SUMM-D00210,Lost,2026-06-09 17:27:46,
SUMM-D00211,New,2026-05-28 16:15:30,2026-05-29 13:56:32
SUMM-D00211,Lost,2026-05-29 13:56:32,
SUMM-D00212,New,2026-05-28 17:40:27,2026-06-02 17:56:29
SUMM-D00212,Contacted,2026-06-02 17:56:29,2026-06-07 08:14:38
SUMM-D00212,Lost,2026-06-07 08:14:38,
SUMM-D00213,New,2026-05-28 16:05:38,2026-05-29 00:38:58
SUMM-D00213,Contacted,2026-05-29 00:38:58,2026-05-29 15:44:36
SUMM-D00213,Lost,2026-05-29 15:44:36,
SUMM-D00214,New,2026-05-30 23:15:24,2026-06-01 16:42:38
SUMM-D00214,Contacted,2026-06-01 16:42:38,2026-06-13 15:13:25
SUMM-D00214,Lost,2026-06-13 15:13:25,
SUMM-D00215,New,2026-05-29 01:27:28,2026-05-29 09:43:40
SUMM-D00215,Contacted,2026-05-29 09:43:40,2026-05-29 20:39:38
SUMM-D00215,Lost,2026-05-29 20:39:38,
SUMM-D00216,New,2026-05-28 17:55:26,2026-05-28 19:43:17
SUMM-D00216,Contacted,2026-05-28 19:43:17,2026-05-29 10:18:48
SUMM-D00216,Lost,2026-05-29 10:18:48,
SUMM-D00217,New,2026-05-28 23:32:28,2026-05-29 05:01:30
SUMM-D00217,Contacted,2026-05-29 05:01:30,2026-05-29 16:44:11
SUMM-D00217,Qualified,2026-05-29 16:44:11,2026-05-30 10:13:04
SUMM-D00217,Proposal,2026-05-30 10:13:04,2026-06-01 12:12:44
SUMM-D00217,Won,2026-06-01 12:12:44,
SUMM-D00218,New,2026-05-30 07:59:23,2026-06-01 04:26:17
SUMM-D00218,Lost,2026-06-01 04:26:17,
SUMM-D00219,New,2026-06-01 18:48:30,2026-06-06 15:04:09
SUMM-D00219,Contacted,2026-06-06 15:04:09,2026-06-06 21:45:01
SUMM-D00219,Qualified,2026-06-06 21:45:01,2026-06-11 18:03:25
SUMM-D00219,Proposal,2026-06-11 18:03:25,2026-06-22 08:46:24
SUMM-D00219,Won,2026-06-22 08:46:24,
SUMM-D00220,New,2026-05-31 02:09:39,2026-06-02 20:23:39
SUMM-D00220,Contacted,2026-06-02 20:23:39,2026-06-05 12:25:59
SUMM-D00220,Qualified,2026-06-05 12:25:59,2026-06-10 12:24:09
SUMM-D00220,Proposal,2026-06-10 12:24:09,2026-06-11 08:37:48
SUMM-D00220,Lost,2026-06-11 08:37:48,
SUMM-D00221,New,2026-05-30 22:09:20,2026-06-05 08:07:10
SUMM-D00221,Contacted,2026-06-05 08:07:10,2026-06-08 03:30:40
SUMM-D00221,Lost,2026-06-08 03:30:40,
SUMM-D00222,New,2026-05-31 01:51:46,2026-05-31 09:58:35
SUMM-D00222,Contacted,2026-05-31 09:58:35,2026-06-03 00:42:01
SUMM-D00222,Lost,2026-06-03 00:42:01,
SUMM-D00223,New,2026-05-30 23:41:48,2026-06-03 04:08:17
SUMM-D00223,Contacted,2026-06-03 04:08:17,2026-06-03 18:37:52
SUMM-D00223,Qualified,2026-06-03 18:37:52,2026-06-11 02:14:45
SUMM-D00223,Lost,2026-06-11 02:14:45,
SUMM-D00224,New,2026-06-01 06:48:50,2026-06-05 06:17:20
SUMM-D00224,Contacted,2026-06-05 06:17:20,2026-06-10 08:14:43
SUMM-D00224,Qualified,2026-06-10 08:14:43,2026-06-11 16:32:40
SUMM-D00224,Proposal,2026-06-11 16:32:40,2026-06-17 12:29:26
SUMM-D00224,Won,2026-06-17 12:29:26,
SUMM-D00225,New,2026-06-02 02:06:26,2026-06-04 03:25:37
SUMM-D00225,Contacted,2026-06-04 03:25:37,2026-06-09 00:54:17
SUMM-D00225,Qualified,2026-06-09 00:54:17,2026-06-14 23:49:52
SUMM-D00225,Lost,2026-06-14 23:49:52,
SUMM-D00226,New,2026-06-05 14:11:34,2026-06-07 02:26:15
SUMM-D00226,Contacted,2026-06-07 02:26:15,2026-06-29 23:46:57
SUMM-D00226,Lost,2026-06-29 23:46:57,
SUMM-D00227,New,2026-06-08 21:59:42,2026-06-12 19:52:28
SUMM-D00227,Contacted,2026-06-12 19:52:28,2026-06-18 13:21:39
SUMM-D00227,Lost,2026-06-18 13:21:39,
SUMM-D00228,New,2026-06-08 09:48:31,2026-06-12 15:45:07
SUMM-D00228,Contacted,2026-06-12 15:45:07,2026-06-25 15:41:41
SUMM-D00228,Lost,2026-06-25 15:41:41,
SUMM-D00229,New,2026-06-01 18:19:15,2026-06-01 22:23:37
SUMM-D00229,Contacted,2026-06-01 22:23:37,2026-06-03 06:23:41
SUMM-D00229,Qualified,2026-06-03 06:23:41,2026-06-05 18:21:48
SUMM-D00229,Proposal,2026-06-05 18:21:48,2026-06-08 05:46:45
SUMM-D00229,Won,2026-06-08 05:46:45,
SUMM-D00230,New,2026-06-06 21:16:16,2026-06-13 11:01:53
SUMM-D00230,Contacted,2026-06-13 11:01:53,2026-06-20 19:40:04
SUMM-D00230,Lost,2026-06-20 19:40:04,
SUMM-D00231,New,2026-06-02 07:45:48,2026-06-05 11:02:51
SUMM-D00231,Contacted,2026-06-05 11:02:51,2026-06-10 14:42:53
SUMM-D00231,Lost,2026-06-10 14:42:53,
SUMM-D00232,New,2026-06-04 08:27:22,2026-06-06 02:06:22
SUMM-D00232,Contacted,2026-06-06 02:06:22,2026-06-20 04:12:19
SUMM-D00232,Lost,2026-06-20 04:12:19,
SUMM-D00233,New,2026-06-05 01:35:15,2026-06-07 06:07:37
SUMM-D00233,Lost,2026-06-07 06:07:37,
SUMM-D00234,New,2026-06-05 14:05:25,2026-06-08 02:34:07
SUMM-D00234,Lost,2026-06-08 02:34:07,
SUMM-D00235,New,2026-06-02 15:49:54,2026-06-03 03:14:13
SUMM-D00235,Contacted,2026-06-03 03:14:13,2026-06-03 11:47:20
SUMM-D00235,Qualified,2026-06-03 11:47:20,2026-06-04 07:21:50
SUMM-D00235,Proposal,2026-06-04 07:21:50,2026-06-05 06:07:19
SUMM-D00235,Won,2026-06-05 06:07:19,
SUMM-D00236,New,2026-06-04 04:42:58,2026-06-09 01:00:14
SUMM-D00236,Contacted,2026-06-09 01:00:14,2026-06-10 17:38:34
SUMM-D00236,Lost,2026-06-10 17:38:34,
SUMM-D00237,New,2026-06-05 17:47:52,2026-06-06 09:47:20
SUMM-D00237,Contacted,2026-06-06 09:47:20,2026-06-14 21:27:12
SUMM-D00237,Lost,2026-06-14 21:27:12,
SUMM-D00238,New,2026-06-08 05:52:41,2026-06-10 16:55:26
SUMM-D00238,Contacted,2026-06-10 16:55:26,2026-06-11 16:11:28
SUMM-D00238,Lost,2026-06-11 16:11:28,
SUMM-D00239,New,2026-06-05 09:48:04,2026-06-08 08:19:06
SUMM-D00239,Contacted,2026-06-08 08:19:06,2026-06-15 06:16:22
SUMM-D00239,Qualified,2026-06-15 06:16:22,2026-07-03 19:15:06
SUMM-D00239,Proposal,2026-07-03 19:15:06,2026-07-27 00:52:16
SUMM-D00239,Won,2026-07-27 00:52:16,
SUMM-D00240,New,2026-06-04 22:44:56,2026-06-11 09:22:19
SUMM-D00240,Contacted,2026-06-11 09:22:19,2026-06-14 23:22:35
SUMM-D00240,Lost,2026-06-14 23:22:35,
SUMM-D00241,New,2026-06-06 05:49:58,2026-06-09 04:06:18
SUMM-D00241,Contacted,2026-06-09 04:06:18,2026-06-15 04:21:05
SUMM-D00241,Lost,2026-06-15 04:21:05,
SUMM-D00242,New,2026-06-13 02:27:36,2026-06-24 10:00:49
SUMM-D00242,Contacted,2026-06-24 10:00:49,2026-06-27 14:51:38
SUMM-D00242,Qualified,2026-06-27 14:51:38,2026-07-04 05:16:40
SUMM-D00242,Proposal,2026-07-04 05:16:40,2026-07-08 13:56:15
SUMM-D00242,Won,2026-07-08 13:56:15,
SUMM-D00243,New,2026-06-04 10:33:58,2026-06-04 14:22:42
SUMM-D00243,Contacted,2026-06-04 14:22:42,2026-06-04 19:33:18
SUMM-D00243,Lost,2026-06-04 19:33:18,
SUMM-D00244,New,2026-06-05 19:14:47,2026-06-09 20:53:59
SUMM-D00244,Contacted,2026-06-09 20:53:59,2026-06-13 01:25:54
SUMM-D00244,Qualified,2026-06-13 01:25:54,2026-06-18 07:09:34
SUMM-D00244,Proposal,2026-06-18 07:09:34,2026-06-20 18:33:50
SUMM-D00244,Lost,2026-06-20 18:33:50,
SUMM-D00245,New,2026-06-05 17:35:51,2026-06-10 01:55:13
SUMM-D00245,Contacted,2026-06-10 01:55:13,2026-06-15 21:20:27
SUMM-D00245,Lost,2026-06-15 21:20:27,
SUMM-D00246,New,2026-06-05 22:28:29,2026-06-09 18:53:12
SUMM-D00246,Contacted,2026-06-09 18:53:12,2026-06-15 10:44:14
SUMM-D00246,Lost,2026-06-15 10:44:14,
SUMM-D00247,New,2026-06-04 20:39:52,2026-06-05 00:43:56
SUMM-D00247,Contacted,2026-06-05 00:43:56,2026-06-05 11:40:42
SUMM-D00247,Lost,2026-06-05 11:40:42,
SUMM-D00248,New,2026-06-06 23:37:45,2026-06-09 17:14:01
SUMM-D00248,Contacted,2026-06-09 17:14:01,2026-06-15 11:21:17
SUMM-D00248,Qualified,2026-06-15 11:21:17,2026-06-21 06:36:46
SUMM-D00248,Proposal,2026-06-21 06:36:46,2026-06-21 20:03:42
SUMM-D00248,Won,2026-06-21 20:03:42,
SUMM-D00249,New,2026-06-05 11:35:09,2026-06-05 21:21:32
SUMM-D00249,Contacted,2026-06-05 21:21:32,2026-06-06 08:07:30
SUMM-D00249,Lost,2026-06-06 08:07:30,
SUMM-D00250,New,2026-06-06 03:40:48,2026-06-10 16:52:58
SUMM-D00250,Contacted,2026-06-10 16:52:58,2026-06-14 13:30:07
SUMM-D00250,Qualified,2026-06-14 13:30:07,2026-06-23 20:05:55
SUMM-D00250,Lost,2026-06-23 20:05:55,
SUMM-D00251,New,2026-06-10 17:03:43,2026-06-16 09:31:46
SUMM-D00251,Contacted,2026-06-16 09:31:46,2026-07-05 09:38:47
SUMM-D00251,Lost,2026-07-05 09:38:47,
SUMM-D00252,New,2026-06-07 21:31:31,2026-06-08 07:49:14
SUMM-D00252,Lost,2026-06-08 07:49:14,
SUMM-D00253,New,2026-06-08 13:13:09,2026-06-14 11:23:02
SUMM-D00253,Contacted,2026-06-14 11:23:02,2026-06-16 16:36:42
SUMM-D00253,Lost,2026-06-16 16:36:42,
SUMM-D00254,New,2026-06-06 14:29:18,2026-06-06 19:25:59
SUMM-D00254,Contacted,2026-06-06 19:25:59,2026-06-07 17:35:57
SUMM-D00254,Lost,2026-06-07 17:35:57,
SUMM-D00255,New,2026-06-09 23:26:53,2026-06-12 17:04:13
SUMM-D00255,Contacted,2026-06-12 17:04:13,2026-06-21 22:14:12
SUMM-D00255,Lost,2026-06-21 22:14:12,
SUMM-D00256,New,2026-06-09 20:10:18,2026-06-14 18:09:12
SUMM-D00256,Contacted,2026-06-14 18:09:12,2026-06-23 01:43:29
SUMM-D00256,Lost,2026-06-23 01:43:29,
SUMM-D00257,New,2026-06-08 03:03:38,2026-06-11 19:32:14
SUMM-D00257,Contacted,2026-06-11 19:32:14,2026-06-12 16:58:41
SUMM-D00257,Qualified,2026-06-12 16:58:41,2026-06-15 14:02:17
SUMM-D00257,Proposal,2026-06-15 14:02:17,2026-06-21 23:38:17
SUMM-D00257,Won,2026-06-21 23:38:17,
SUMM-D00258,New,2026-06-07 13:45:38,2026-06-08 03:45:48
SUMM-D00258,Lost,2026-06-08 03:45:48,
SUMM-D00259,New,2026-06-08 20:39:19,2026-06-14 09:01:09
SUMM-D00259,Contacted,2026-06-14 09:01:09,2026-06-21 09:09:04
SUMM-D00259,Lost,2026-06-21 09:09:04,
SUMM-D00260,New,2026-06-07 21:47:25,2026-06-07 23:39:31
SUMM-D00260,Lost,2026-06-07 23:39:31,
SUMM-D00261,New,2026-06-07 20:43:28,2026-06-08 09:14:37
SUMM-D00261,Lost,2026-06-08 09:14:37,
SUMM-D00262,New,2026-06-08 07:49:05,2026-06-08 12:07:13
SUMM-D00262,Contacted,2026-06-08 12:07:13,2026-06-09 18:27:13
SUMM-D00262,Lost,2026-06-09 18:27:13,
SUMM-D00263,New,2026-06-08 16:12:35,2026-06-09 02:08:25
SUMM-D00263,Contacted,2026-06-09 02:08:25,2026-06-09 15:44:45
SUMM-D00263,Qualified,2026-06-09 15:44:45,2026-06-11 18:31:39
SUMM-D00263,Proposal,2026-06-11 18:31:39,2026-06-15 09:00:09
SUMM-D00263,Won,2026-06-15 09:00:09,
SUMM-D00264,New,2026-06-09 00:06:49,2026-06-09 06:55:17
SUMM-D00264,Contacted,2026-06-09 06:55:17,2026-06-10 04:39:07
SUMM-D00264,Qualified,2026-06-10 04:39:07,2026-06-11 00:02:21
SUMM-D00264,Lost,2026-06-11 00:02:21,
SUMM-D00265,New,2026-06-08 15:44:21,2026-06-08 17:33:58
SUMM-D00265,Contacted,2026-06-08 17:33:58,2026-06-09 02:56:54
SUMM-D00265,Lost,2026-06-09 02:56:54,
SUMM-D00266,New,2026-06-11 09:06:38,2026-06-15 23:48:06
SUMM-D00266,Contacted,2026-06-15 23:48:06,2026-06-17 11:40:49
SUMM-D00266,Qualified,2026-06-17 11:40:49,2026-06-24 04:56:19
SUMM-D00266,Lost,2026-06-24 04:56:19,
SUMM-D00267,New,2026-06-11 23:05:41,2026-06-13 08:45:16
SUMM-D00267,Lost,2026-06-13 08:45:16,
SUMM-D00268,New,2026-06-10 00:41:39,2026-06-16 14:29:07
SUMM-D00268,Contacted,2026-06-16 14:29:07,2026-06-19 16:35:57
SUMM-D00268,Lost,2026-06-19 16:35:57,
SUMM-D00269,New,2026-06-10 03:17:12,2026-06-18 17:28:07
SUMM-D00269,Contacted,2026-06-18 17:28:07,2026-06-25 01:25:18
SUMM-D00269,Lost,2026-06-25 01:25:18,
SUMM-D00270,New,2026-06-09 08:37:53,2026-06-09 14:40:03
SUMM-D00270,Contacted,2026-06-09 14:40:03,2026-06-09 23:29:42
SUMM-D00270,Qualified,2026-06-09 23:29:42,2026-06-11 18:53:02
SUMM-D00270,Proposal,2026-06-11 18:53:02,2026-06-13 05:01:13
SUMM-D00270,Won,2026-06-13 05:01:13,
SUMM-D00271,New,2026-06-11 06:19:41,2026-06-13 02:35:13
SUMM-D00271,Contacted,2026-06-13 02:35:13,2026-07-07 19:29:27
SUMM-D00271,Lost,2026-07-07 19:29:27,
SUMM-D00272,New,2026-06-09 18:09:49,2026-06-09 20:32:45
SUMM-D00272,Lost,2026-06-09 20:32:45,
SUMM-D00273,New,2026-06-12 06:52:14,2026-06-17 18:32:59
SUMM-D00273,Contacted,2026-06-17 18:32:59,2026-06-20 00:10:12
SUMM-D00273,Lost,2026-06-20 00:10:12,
SUMM-D00274,New,2026-06-10 17:33:58,2026-06-10 23:57:03
SUMM-D00274,Contacted,2026-06-10 23:57:03,2026-06-12 10:54:13
SUMM-D00274,Qualified,2026-06-12 10:54:13,2026-06-13 22:15:20
SUMM-D00274,Proposal,2026-06-13 22:15:20,2026-06-15 19:14:28
SUMM-D00274,Won,2026-06-15 19:14:28,
SUMM-D00275,New,2026-06-10 18:15:00,2026-06-10 23:09:40
SUMM-D00275,Contacted,2026-06-10 23:09:40,2026-06-11 19:06:12
SUMM-D00275,Lost,2026-06-11 19:06:12,
SUMM-D00276,New,2026-06-12 11:03:00,2026-06-22 08:55:25
SUMM-D00276,Contacted,2026-06-22 08:55:25,2026-06-25 11:07:46
SUMM-D00276,Qualified,2026-06-25 11:07:46,2026-06-27 16:27:02
SUMM-D00276,Proposal,2026-06-27 16:27:02,2026-07-30 22:03:30
SUMM-D00276,Won,2026-07-30 22:03:30,
SUMM-D00277,New,2026-06-13 05:50:08,2026-06-17 01:23:12
SUMM-D00277,Contacted,2026-06-17 01:23:12,2026-06-26 18:08:01
SUMM-D00277,Qualified,2026-06-26 18:08:01,2026-07-06 15:17:14
SUMM-D00277,Proposal,2026-07-06 15:17:14,2026-07-13 10:10:56
SUMM-D00277,Won,2026-07-13 10:10:56,
SUMM-D00278,New,2026-06-17 15:15:44,2026-06-21 09:53:02
SUMM-D00278,Contacted,2026-06-21 09:53:02,2026-06-23 23:58:04
SUMM-D00278,Qualified,2026-06-23 23:58:04,2026-06-29 04:07:16
SUMM-D00278,Proposal,2026-06-29 04:07:16,2026-07-05 13:32:28
SUMM-D00278,Won,2026-07-05 13:32:28,
SUMM-D00279,New,2026-06-11 20:54:33,2026-06-14 05:28:25
SUMM-D00279,Contacted,2026-06-14 05:28:25,2026-06-18 10:59:40
SUMM-D00279,Lost,2026-06-18 10:59:40,
SUMM-D00280,New,2026-06-14 11:56:27,2026-06-16 03:57:56
SUMM-D00280,Contacted,2026-06-16 03:57:56,2026-06-24 19:40:29
SUMM-D00280,Lost,2026-06-24 19:40:29,
SUMM-D00281,New,2026-06-14 05:21:56,2026-06-15 15:15:21
SUMM-D00281,Contacted,2026-06-15 15:15:21,2026-06-25 07:57:39
SUMM-D00281,Qualified,2026-06-25 07:57:39,2026-07-04 06:16:22
SUMM-D00281,Proposal,2026-07-04 06:16:22,2026-08-14 05:02:54
SUMM-D00281,Lost,2026-08-14 05:02:54,
SUMM-D00282,New,2026-06-17 03:13:15,2026-06-17 22:30:08
SUMM-D00282,Contacted,2026-06-17 22:30:08,2026-06-26 04:44:09
SUMM-D00282,Qualified,2026-06-26 04:44:09,2026-06-28 21:52:16
SUMM-D00282,Proposal,2026-06-28 21:52:16,2026-07-07 16:55:33
SUMM-D00282,Lost,2026-07-07 16:55:33,
SUMM-D00283,New,2026-06-14 02:33:45,2026-06-17 02:12:52
SUMM-D00283,Contacted,2026-06-17 02:12:52,2026-07-03 21:48:02
SUMM-D00283,Qualified,2026-07-03 21:48:02,2026-07-14 00:44:20
SUMM-D00283,Proposal,2026-07-14 00:44:20,2026-07-19 19:25:54
SUMM-D00283,Won,2026-07-19 19:25:54,
SUMM-D00284,New,2026-06-13 12:58:07,2026-06-14 07:49:35
SUMM-D00284,Contacted,2026-06-14 07:49:35,2026-06-15 02:28:38
SUMM-D00284,Qualified,2026-06-15 02:28:38,2026-06-16 07:22:24
SUMM-D00284,Proposal,2026-06-16 07:22:24,2026-06-17 17:01:13
SUMM-D00284,Won,2026-06-17 17:01:13,
SUMM-D00285,New,2026-06-13 16:52:51,2026-06-13 19:40:38
SUMM-D00285,Contacted,2026-06-13 19:40:38,2026-06-14 17:09:43
SUMM-D00285,Qualified,2026-06-14 17:09:43,2026-06-15 02:20:47
SUMM-D00285,Proposal,2026-06-15 02:20:47,2026-06-15 17:08:37
SUMM-D00285,Lost,2026-06-15 17:08:37,
SUMM-D00286,New,2026-06-13 07:00:31,2026-06-14 03:07:50
SUMM-D00286,Contacted,2026-06-14 03:07:50,2026-06-15 15:51:48
SUMM-D00286,Lost,2026-06-15 15:51:48,
SUMM-D00287,New,2026-06-13 20:12:54,2026-06-14 06:03:10
SUMM-D00287,Contacted,2026-06-14 06:03:10,2026-06-15 10:46:43
SUMM-D00287,Lost,2026-06-15 10:46:43,
SUMM-D00288,New,2026-06-16 06:05:03,2026-06-18 14:24:14
SUMM-D00288,Contacted,2026-06-18 14:24:14,2026-07-02 23:22:40
SUMM-D00288,Lost,2026-07-02 23:22:40,
SUMM-D00289,New,2026-06-17 20:47:26,2026-07-02 14:49:09
SUMM-D00289,Lost,2026-07-02 14:49:09,
SUMM-D00290,New,2026-06-17 06:14:26,2026-06-22 16:24:50
SUMM-D00290,Contacted,2026-06-22 16:24:50,2026-07-01 04:53:38
SUMM-D00290,Lost,2026-07-01 04:53:38,
SUMM-D00291,New,2026-06-17 14:19:39,2026-06-19 17:45:35
SUMM-D00291,Contacted,2026-06-19 17:45:35,2026-06-25 19:56:04
SUMM-D00291,Qualified,2026-06-25 19:56:04,2026-07-20 15:55:16
SUMM-D00291,Proposal,2026-07-20 15:55:16,2026-07-26 03:37:20
SUMM-D00291,Lost,2026-07-26 03:37:20,
SUMM-D00292,New,2026-06-15 02:16:13,2026-06-21 17:01:53
SUMM-D00292,Lost,2026-06-21 17:01:53,
SUMM-D00293,New,2026-06-14 17:15:42,2026-06-14 21:11:49
SUMM-D00293,Contacted,2026-06-14 21:11:49,2026-06-15 23:05:58
SUMM-D00293,Lost,2026-06-15 23:05:58,
SUMM-D00294,New,2026-06-21 22:36:57,2026-06-24 16:00:07
SUMM-D00294,Lost,2026-06-24 16:00:07,
SUMM-D00295,New,2026-06-18 11:52:36,2026-06-20 13:52:23
SUMM-D00295,Contacted,2026-06-20 13:52:23,2026-06-28 22:35:34
SUMM-D00295,Qualified,2026-06-28 22:35:34,2026-07-18 09:42:49
SUMM-D00295,Proposal,2026-07-18 09:42:49,2026-07-24 13:54:01
SUMM-D00295,Won,2026-07-24 13:54:01,
SUMM-D00296,New,2026-06-17 00:07:21,2026-06-17 08:10:10
SUMM-D00296,Contacted,2026-06-17 08:10:10,2026-06-24 23:33:33
SUMM-D00296,Qualified,2026-06-24 23:33:33,2026-07-01 23:52:38
SUMM-D00296,Proposal,2026-07-01 23:52:38,2026-07-12 13:15:11
SUMM-D00296,Lost,2026-07-12 13:15:11,
SUMM-D00297,New,2026-06-18 12:06:08,2026-06-27 14:09:27
SUMM-D00297,Contacted,2026-06-27 14:09:27,2026-06-29 19:36:14
SUMM-D00297,Lost,2026-06-29 19:36:14,
SUMM-D00298,New,2026-06-16 15:06:28,2026-06-17 08:40:26
SUMM-D00298,Contacted,2026-06-17 08:40:26,2026-06-18 18:02:10
SUMM-D00298,Qualified,2026-06-18 18:02:10,2026-06-19 02:05:15
SUMM-D00298,Proposal,2026-06-19 02:05:15,2026-06-20 01:45:27
SUMM-D00298,Lost,2026-06-20 01:45:27,
SUMM-D00299,New,2026-06-16 23:11:40,2026-06-18 22:27:39
SUMM-D00299,Contacted,2026-06-18 22:27:39,2026-06-27 19:15:30
SUMM-D00299,Qualified,2026-06-27 19:15:30,2026-07-04 04:06:51
SUMM-D00299,Lost,2026-07-04 04:06:51,
SUMM-D00300,New,2026-06-16 19:15:20,2026-06-17 05:36:48
SUMM-D00300,Contacted,2026-06-17 05:36:48,2026-06-17 07:11:53
SUMM-D00300,Lost,2026-06-17 07:11:53,
SUMM-D00301,New,2026-06-19 05:03:16,2026-06-21 18:08:19
SUMM-D00301,Contacted,2026-06-21 18:08:19,2026-07-03 16:28:15
SUMM-D00301,Lost,2026-07-03 16:28:15,
SUMM-D00302,New,2026-06-20 12:00:31,2026-06-23 23:12:10
SUMM-D00302,Contacted,2026-06-23 23:12:10,2026-06-27 13:39:57
SUMM-D00302,Lost,2026-06-27 13:39:57,
SUMM-D00303,New,2026-06-19 06:32:55,2026-06-22 03:28:52
SUMM-D00303,Contacted,2026-06-22 03:28:52,2026-06-22 15:00:03
SUMM-D00303,Lost,2026-06-22 15:00:03,
SUMM-D00304,New,2026-06-21 02:16:17,2026-06-22 02:18:55
SUMM-D00304,Contacted,2026-06-22 02:18:55,2026-06-23 23:58:27
SUMM-D00304,Lost,2026-06-23 23:58:27,
SUMM-D00305,New,2026-06-17 20:45:17,2026-06-18 02:45:24
SUMM-D00305,Contacted,2026-06-18 02:45:24,2026-06-18 09:27:28
SUMM-D00305,Qualified,2026-06-18 09:27:28,2026-06-20 05:40:19
SUMM-D00305,Proposal,2026-06-20 05:40:19,2026-06-20 11:10:14
SUMM-D00305,Lost,2026-06-20 11:10:14,
SUMM-D00306,New,2026-06-18 03:39:26,2026-06-19 23:18:20
SUMM-D00306,Lost,2026-06-19 23:18:20,
SUMM-D00307,New,2026-06-17 20:48:01,2026-06-17 23:52:05
SUMM-D00307,Contacted,2026-06-17 23:52:05,2026-06-19 01:54:48
SUMM-D00307,Lost,2026-06-19 01:54:48,
SUMM-D00308,New,2026-06-18 00:24:40,2026-06-18 03:12:46
SUMM-D00308,Contacted,2026-06-18 03:12:46,2026-06-18 17:59:43
SUMM-D00308,Qualified,2026-06-18 17:59:43,2026-06-20 03:42:14
SUMM-D00308,Lost,2026-06-20 03:42:14,
SUMM-D00309,New,2026-06-21 07:25:29,2026-06-28 05:33:18
SUMM-D00309,Lost,2026-06-28 05:33:18,
SUMM-D00310,New,2026-06-27 22:07:57,2026-06-28 18:48:27
SUMM-D00310,Contacted,2026-06-28 18:48:27,2026-07-07 05:07:17
SUMM-D00310,Lost,2026-07-07 05:07:17,
SUMM-D00311,New,2026-06-19 13:39:51,2026-06-26 22:38:34
SUMM-D00311,Contacted,2026-06-26 22:38:34,2026-06-28 23:19:42
SUMM-D00311,Lost,2026-06-28 23:19:42,
SUMM-D00312,New,2026-06-20 06:24:30,2026-06-23 19:01:50
SUMM-D00312,Contacted,2026-06-23 19:01:50,2026-06-29 00:32:00
SUMM-D00312,Qualified,2026-06-29 00:32:00,2026-07-14 11:16:37
SUMM-D00312,Proposal,2026-07-14 11:16:37,2026-08-02 04:26:41
SUMM-D00312,Lost,2026-08-02 04:26:41,
SUMM-D00313,New,2026-06-20 20:23:08,2026-06-22 14:56:26
SUMM-D00313,Contacted,2026-06-22 14:56:26,2026-06-28 13:15:10
SUMM-D00313,Lost,2026-06-28 13:15:10,
SUMM-D00314,New,2026-06-20 20:09:21,2026-06-25 11:35:20
SUMM-D00314,Lost,2026-06-25 11:35:20,
SUMM-D00315,New,2026-06-20 05:28:22,2026-06-25 23:13:39
SUMM-D00315,Lost,2026-06-25 23:13:39,
SUMM-D00316,New,2026-06-21 02:26:07,2026-06-24 13:21:32
SUMM-D00316,Contacted,2026-06-24 13:21:32,2026-06-26 16:03:36
SUMM-D00316,Lost,2026-06-26 16:03:36,
SUMM-D00317,New,2026-06-19 18:29:34,2026-06-20 03:05:29
SUMM-D00317,Contacted,2026-06-20 03:05:29,2026-06-20 08:47:34
SUMM-D00317,Qualified,2026-06-20 08:47:34,2026-06-21 21:35:35
SUMM-D00317,Proposal,2026-06-21 21:35:35,2026-06-23 05:26:52
SUMM-D00317,Lost,2026-06-23 05:26:52,
SUMM-D00318,New,2026-06-21 06:20:05,2026-06-22 13:59:00
SUMM-D00318,Contacted,2026-06-22 13:59:00,2026-07-02 21:59:40
SUMM-D00318,Qualified,2026-07-02 21:59:40,2026-07-04 22:14:43
SUMM-D00318,Proposal,2026-07-04 22:14:43,2026-07-15 02:13:48
SUMM-D00318,Won,2026-07-15 02:13:48,
SUMM-D00319,New,2026-06-20 00:40:06,2026-06-20 11:25:56
SUMM-D00319,Contacted,2026-06-20 11:25:56,2026-06-21 01:21:42
SUMM-D00319,Lost,2026-06-21 01:21:42,
SUMM-D00320,New,2026-06-21 01:00:44,2026-06-24 16:01:24
SUMM-D00320,Contacted,2026-06-24 16:01:24,2026-06-27 20:39:43
SUMM-D00320,Lost,2026-06-27 20:39:43,
SUMM-D00321,New,2026-06-21 00:50:03,2026-06-21 09:22:38
SUMM-D00321,Contacted,2026-06-21 09:22:38,2026-06-21 18:39:50
SUMM-D00321,Lost,2026-06-21 18:39:50,
SUMM-D00322,New,2026-06-21 20:00:57,2026-06-25 10:20:11
SUMM-D00322,Contacted,2026-06-25 10:20:11,2026-07-12 13:06:36
SUMM-D00322,Lost,2026-07-12 13:06:36,
SUMM-D00323,New,2026-06-21 17:31:53,2026-06-24 05:39:04
SUMM-D00323,Lost,2026-06-24 05:39:04,
SUMM-D00324,New,2026-06-21 13:18:41,2026-06-21 20:39:25
SUMM-D00324,Contacted,2026-06-21 20:39:25,2026-06-22 06:56:52
SUMM-D00324,Qualified,2026-06-22 06:56:52,2026-06-22 22:56:02
SUMM-D00324,Lost,2026-06-22 22:56:02,
SUMM-D00325,New,2026-06-22 05:23:38,2026-06-24 03:04:16
SUMM-D00325,Contacted,2026-06-24 03:04:16,2026-06-25 06:38:09
SUMM-D00325,Lost,2026-06-25 06:38:09,
SUMM-D00326,New,2026-06-22 02:01:59,2026-06-23 02:45:27
SUMM-D00326,Contacted,2026-06-23 02:45:27,2026-06-27 05:09:39
SUMM-D00326,Lost,2026-06-27 05:09:39,
SUMM-D00327,New,2026-06-24 12:06:26,2026-06-25 17:44:01
SUMM-D00327,Contacted,2026-06-25 17:44:01,2026-07-05 06:40:49
SUMM-D00327,Lost,2026-07-05 06:40:49,
SUMM-D00328,New,2026-06-22 06:26:47,2026-06-22 12:24:25
SUMM-D00328,Contacted,2026-06-22 12:24:25,2026-06-23 04:20:17
SUMM-D00328,Lost,2026-06-23 04:20:17,
SUMM-D00329,New,2026-06-22 16:48:35,2026-06-24 15:24:25
SUMM-D00329,Lost,2026-06-24 15:24:25,
SUMM-D00330,New,2026-06-25 11:10:27,2026-06-29 01:56:48
SUMM-D00330,Contacted,2026-06-29 01:56:48,2026-07-07 11:02:46
SUMM-D00330,Lost,2026-07-07 11:02:46,
SUMM-D00331,New,2026-06-24 21:07:42,2026-06-28 02:51:20
SUMM-D00331,Contacted,2026-06-28 02:51:20,2026-07-07 17:20:54
SUMM-D00331,Qualified,2026-07-07 17:20:54,2026-07-15 04:43:05
SUMM-D00331,Proposal,2026-07-15 04:43:05,2026-07-20 17:55:25
SUMM-D00331,Won,2026-07-20 17:55:25,
SUMM-D00332,New,2026-06-22 20:38:09,2026-06-22 22:40:55
SUMM-D00332,Contacted,2026-06-22 22:40:55,2026-06-23 02:27:25
SUMM-D00332,Qualified,2026-06-23 02:27:25,2026-06-23 19:11:54
SUMM-D00332,Lost,2026-06-23 19:11:54,
SUMM-D00333,New,2026-06-24 04:48:06,2026-07-04 15:18:00
SUMM-D00333,Contacted,2026-07-04 15:18:00,2026-07-07 18:19:43
SUMM-D00333,Lost,2026-07-07 18:19:43,
SUMM-D00334,New,2026-06-27 19:59:13,2026-06-28 11:42:27
SUMM-D00334,Contacted,2026-06-28 11:42:27,2026-07-05 20:02:08
SUMM-D00334,Qualified,2026-07-05 20:02:08,2026-07-19 16:43:22
SUMM-D00334,Proposal,2026-07-19 16:43:22,2026-08-07 14:16:09
SUMM-D00334,Lost,2026-08-07 14:16:09,
SUMM-D00335,New,2026-06-23 18:46:37,2026-06-23 21:18:45
SUMM-D00335,Contacted,2026-06-23 21:18:45,2026-06-24 11:18:28
SUMM-D00335,Lost,2026-06-24 11:18:28,
SUMM-D00336,New,2026-06-25 06:43:57,2026-06-25 14:17:34
SUMM-D00336,Contacted,2026-06-25 14:17:34,2026-07-03 20:37:09
SUMM-D00336,Lost,2026-07-03 20:37:09,
SUMM-D00337,New,2026-06-24 06:03:59,2026-06-24 08:00:17
SUMM-D00337,Contacted,2026-06-24 08:00:17,2026-06-25 06:17:47
SUMM-D00337,Lost,2026-06-25 06:17:47,
SUMM-D00338,New,2026-06-26 16:29:43,2026-07-03 06:34:23
SUMM-D00338,Contacted,2026-07-03 06:34:23,2026-07-07 23:41:52
SUMM-D00338,Lost,2026-07-07 23:41:52,
SUMM-D00339,New,2026-06-27 00:10:23,2026-07-03 22:03:30
SUMM-D00339,Lost,2026-07-03 22:03:30,
SUMM-D00340,New,2026-06-25 04:19:55,2026-06-27 07:37:53
SUMM-D00340,Contacted,2026-06-27 07:37:53,2026-06-30 16:09:53
SUMM-D00340,Lost,2026-06-30 16:09:53,
SUMM-D00341,New,2026-07-01 22:37:46,2026-07-02 19:27:21
SUMM-D00341,Contacted,2026-07-02 19:27:21,2026-07-03 08:28:13
SUMM-D00341,Qualified,2026-07-03 08:28:13,2026-07-05 22:26:04
SUMM-D00341,Proposal,2026-07-05 22:26:04,2026-07-19 05:49:43
SUMM-D00341,Lost,2026-07-19 05:49:43,
SUMM-D00342,New,2026-06-27 23:16:26,2026-07-01 16:25:12
SUMM-D00342,Contacted,2026-07-01 16:25:12,2026-07-05 06:56:38
SUMM-D00342,Qualified,2026-07-05 06:56:38,2026-07-06 17:49:06
SUMM-D00342,Lost,2026-07-06 17:49:06,
SUMM-D00343,New,2026-06-25 11:38:08,2026-06-26 01:20:08
SUMM-D00343,Contacted,2026-06-26 01:20:08,2026-06-26 18:40:17
SUMM-D00343,Lost,2026-06-26 18:40:17,
SUMM-D00344,New,2026-06-25 15:30:42,2026-06-25 21:23:27
SUMM-D00344,Contacted,2026-06-25 21:23:27,2026-06-26 05:53:31
SUMM-D00344,Lost,2026-06-26 05:53:31,
SUMM-D00345,New,2026-06-27 18:13:46,2026-06-28 14:35:52
SUMM-D00345,Contacted,2026-06-28 14:35:52,2026-07-07 06:07:26
SUMM-D00345,Lost,2026-07-07 06:07:26,
SUMM-D00346,New,2026-06-26 07:10:57,2026-06-26 08:43:53
SUMM-D00346,Contacted,2026-06-26 08:43:53,2026-06-27 01:00:24
SUMM-D00346,Lost,2026-06-27 01:00:24,
SUMM-D00347,New,2026-06-29 12:10:36,2026-07-03 23:31:10
SUMM-D00347,Contacted,2026-07-03 23:31:10,2026-07-09 00:54:40
SUMM-D00347,Lost,2026-07-09 00:54:40,
SUMM-D00348,New,2026-06-25 17:49:33,2026-06-26 02:56:00
SUMM-D00348,Contacted,2026-06-26 02:56:00,2026-06-28 20:57:10
SUMM-D00348,Lost,2026-06-28 20:57:10,
SUMM-D00349,New,2026-06-25 18:46:07,2026-06-25 22:05:27
SUMM-D00349,Contacted,2026-06-25 22:05:27,2026-06-26 11:42:20
SUMM-D00349,Lost,2026-06-26 11:42:20,
SUMM-D00350,New,2026-06-25 19:51:26,2026-06-26 00:40:11
SUMM-D00350,Contacted,2026-06-26 00:40:11,2026-06-26 03:17:05
SUMM-D00350,Lost,2026-06-26 03:17:05,
SUMM-D00351,New,2026-06-27 08:30:09,2026-07-01 12:50:10
SUMM-D00351,Contacted,2026-07-01 12:50:10,2026-07-07 13:17:39
SUMM-D00351,Lost,2026-07-07 13:17:39,
SUMM-D00352,New,2026-06-27 14:58:14,2026-06-29 00:37:37
SUMM-D00352,Contacted,2026-06-29 00:37:37,2026-07-04 06:10:22
SUMM-D00352,Lost,2026-07-04 06:10:22,
SUMM-D00353,New,2026-06-27 09:45:00,2026-07-02 17:44:09
SUMM-D00353,Contacted,2026-07-02 17:44:09,2026-07-05 02:54:20
SUMM-D00353,Qualified,2026-07-05 02:54:20,2026-07-12 15:58:28
SUMM-D00353,Proposal,2026-07-12 15:58:28,2026-07-26 12:40:15
SUMM-D00353,Won,2026-07-26 12:40:15,
SUMM-D00354,New,2026-06-28 08:16:05,2026-07-02 11:20:41
SUMM-D00354,Contacted,2026-07-02 11:20:41,2026-07-08 14:03:24
SUMM-D00354,Qualified,2026-07-08 14:03:24,2026-07-10 19:18:30
SUMM-D00354,Lost,2026-07-10 19:18:30,
SUMM-D00355,New,2026-06-27 19:49:56,2026-06-30 06:01:40
SUMM-D00355,Contacted,2026-06-30 06:01:40,2026-07-05 17:55:29
SUMM-D00355,Lost,2026-07-05 17:55:29,
SUMM-D00356,New,2026-06-27 05:05:15,2026-07-03 02:07:13
SUMM-D00356,Contacted,2026-07-03 02:07:13,2026-07-05 16:51:14
SUMM-D00356,Lost,2026-07-05 16:51:14,
SUMM-D00357,New,2026-06-29 19:27:14,2026-07-02 03:28:57
SUMM-D00357,Contacted,2026-07-02 03:28:57,2026-07-22 07:51:40
SUMM-D00357,Qualified,2026-07-22 07:51:40,2026-08-02 22:52:55
SUMM-D00357,Proposal,2026-08-02 22:52:55,2026-09-20 19:11:10
SUMM-D00357,Won,2026-09-20 19:11:10,
SUMM-D00358,New,2026-06-26 22:52:59,2026-06-27 02:23:51
SUMM-D00358,Lost,2026-06-27 02:23:51,
SUMM-D00359,New,2026-06-28 11:12:13,2026-07-03 17:10:01
SUMM-D00359,Contacted,2026-07-03 17:10:01,2026-07-19 13:30:15
SUMM-D00359,Lost,2026-07-19 13:30:15,
SUMM-D00360,New,2026-06-28 05:34:09,2026-06-28 22:58:03
SUMM-D00360,Contacted,2026-06-28 22:58:03,2026-06-29 19:42:38
SUMM-D00360,Qualified,2026-06-29 19:42:38,2026-07-01 11:30:27
SUMM-D00360,Proposal,2026-07-01 11:30:27,2026-07-02 04:15:40
SUMM-D00360,Lost,2026-07-02 04:15:40,
SUMM-D00361,New,2026-06-29 16:24:58,2026-07-02 00:00:15
SUMM-D00361,Contacted,2026-07-02 00:00:15,2026-07-15 06:16:59
SUMM-D00361,Lost,2026-07-15 06:16:59,
SUMM-D00362,New,2026-07-01 07:01:56,2026-07-09 19:47:34
SUMM-D00362,Contacted,2026-07-09 19:47:34,2026-07-14 06:21:47
SUMM-D00362,Qualified,2026-07-14 06:21:47,2026-07-21 00:58:33
SUMM-D00362,Proposal,2026-07-21 00:58:33,2026-07-31 18:19:02
SUMM-D00362,Lost,2026-07-31 18:19:02,
SUMM-D00363,New,2026-06-30 14:55:33,2026-07-04 07:14:02
SUMM-D00363,Contacted,2026-07-04 07:14:02,2026-07-13 08:25:00
SUMM-D00363,Lost,2026-07-13 08:25:00,
SUMM-D00364,New,2026-06-30 04:08:51,2026-06-30 15:43:48
SUMM-D00364,Contacted,2026-06-30 15:43:48,2026-07-01 04:08:14
SUMM-D00364,Qualified,2026-07-01 04:08:14,2026-07-03 06:21:32
SUMM-D00364,Lost,2026-07-03 06:21:32,
SUMM-D00365,New,2026-06-29 16:59:54,2026-06-29 21:46:29
SUMM-D00365,Contacted,2026-06-29 21:46:29,2026-07-01 01:18:37
SUMM-D00365,Qualified,2026-07-01 01:18:37,2026-07-03 19:24:48
SUMM-D00365,Proposal,2026-07-03 19:24:48,2026-07-06 00:57:49
SUMM-D00365,Won,2026-07-06 00:57:49,
SUMM-D00366,New,2026-06-29 21:22:04,2026-06-30 10:23:47
SUMM-D00366,Contacted,2026-06-30 10:23:47,2026-07-01 05:24:48
SUMM-D00366,Qualified,2026-07-01 05:24:48,2026-07-01 18:44:59
SUMM-D00366,Proposal,2026-07-01 18:44:59,2026-07-04 04:08:52
SUMM-D00366,Lost,2026-07-04 04:08:52,
SUMM-D00367,New,2026-06-30 15:42:26,2026-07-01 06:29:27
SUMM-D00367,Contacted,2026-07-01 06:29:27,2026-07-03 10:11:01
SUMM-D00367,Lost,2026-07-03 10:11:01,
SUMM-D00368,New,2026-07-02 00:04:46,2026-07-07 08:19:12
SUMM-D00368,Contacted,2026-07-07 08:19:12,2026-07-09 16:51:44
SUMM-D00368,Lost,2026-07-09 16:51:44,
SUMM-D00369,New,2026-06-30 18:56:46,2026-07-01 07:54:18
SUMM-D00369,Lost,2026-07-01 07:54:18,
SUMM-D00370,New,2026-07-01 03:33:23,2026-07-04 10:34:40
SUMM-D00370,Contacted,2026-07-04 10:34:40,2026-07-09 10:08:53
SUMM-D00370,Lost,2026-07-09 10:08:53,
SUMM-D00371,New,2026-07-01 02:02:45,2026-07-02 03:19:28
SUMM-D00371,Contacted,2026-07-02 03:19:28,2026-07-02 19:28:47
SUMM-D00371,Lost,2026-07-02 19:28:47,
SUMM-D00372,New,2026-07-04 04:21:31,2026-07-10 17:34:07
SUMM-D00372,Contacted,2026-07-10 17:34:07,2026-07-14 01:06:52
SUMM-D00372,Qualified,2026-07-14 01:06:52,2026-07-24 12:18:03
SUMM-D00372,Proposal,2026-07-24 12:18:03,2026-08-17 17:26:58
SUMM-D00372,Won,2026-08-17 17:26:58,
SUMM-D00373,New,2026-07-02 04:17:13,2026-07-02 13:12:41
SUMM-D00373,Contacted,2026-07-02 13:12:41,2026-07-04 17:09:05
SUMM-D00373,Qualified,2026-07-04 17:09:05,2026-07-06 20:13:27
SUMM-D00373,Proposal,2026-07-06 20:13:27,2026-07-07 17:37:02
SUMM-D00373,Won,2026-07-07 17:37:02,
SUMM-D00374,New,2026-07-02 01:12:56,2026-07-03 02:29:10
SUMM-D00374,Contacted,2026-07-03 02:29:10,2026-07-09 06:52:13
SUMM-D00374,Lost,2026-07-09 06:52:13,
SUMM-D00375,New,2026-07-06 16:19:56,2026-07-09 09:56:23
SUMM-D00375,Contacted,2026-07-09 09:56:23,2026-07-19 16:54:35
SUMM-D00375,Qualified,2026-07-19 16:54:35,2026-08-02 07:28:41
SUMM-D00375,Proposal,2026-08-02 07:28:41,2026-08-26 01:21:07
SUMM-D00375,Lost,2026-08-26 01:21:07,
SUMM-D00376,New,2026-07-02 14:41:39,2026-07-04 04:05:44
SUMM-D00376,Contacted,2026-07-04 04:05:44,2026-07-10 01:43:05
SUMM-D00376,Lost,2026-07-10 01:43:05,
SUMM-D00377,New,2026-07-03 01:46:08,2026-07-06 19:38:24
SUMM-D00377,Contacted,2026-07-06 19:38:24,2026-07-11 02:23:23
SUMM-D00377,Lost,2026-07-11 02:23:23,
SUMM-D00378,New,2026-07-02 02:41:21,2026-07-02 06:31:30
SUMM-D00378,Lost,2026-07-02 06:31:30,
SUMM-D00379,New,2026-07-03 13:56:00,2026-07-06 20:29:43
SUMM-D00379,Contacted,2026-07-06 20:29:43,2026-07-13 13:38:32
SUMM-D00379,Lost,2026-07-13 13:38:32,
SUMM-D00380,New,2026-07-01 23:15:34,2026-07-02 12:53:14
SUMM-D00380,Contacted,2026-07-02 12:53:14,2026-07-03 15:49:32
SUMM-D00380,Lost,2026-07-03 15:49:32,
SUMM-D00381,New,2026-07-04 04:16:02,2026-07-06 11:51:58
SUMM-D00381,Contacted,2026-07-06 11:51:58,2026-07-10 10:38:53
SUMM-D00381,Lost,2026-07-10 10:38:53,
SUMM-D00382,New,2026-07-02 04:57:30,2026-07-05 16:46:48
SUMM-D00382,Lost,2026-07-05 16:46:48,
SUMM-D00383,New,2026-07-03 02:25:19,2026-07-06 03:25:08
SUMM-D00383,Contacted,2026-07-06 03:25:08,2026-07-16 13:54:48
SUMM-D00383,Lost,2026-07-16 13:54:48,
SUMM-D00384,New,2026-07-05 02:41:24,2026-07-08 18:47:27
SUMM-D00384,Contacted,2026-07-08 18:47:27,2026-07-19 04:45:01
SUMM-D00384,Qualified,2026-07-19 04:45:01,2026-09-10 02:14:29
SUMM-D00384,Lost,2026-09-10 02:14:29,
SUMM-D00385,New,2026-07-02 05:18:15,2026-07-02 06:09:11
SUMM-D00385,Contacted,2026-07-02 06:09:11,2026-07-02 19:41:00
SUMM-D00385,Lost,2026-07-02 19:41:00,
SUMM-D00386,New,2026-07-05 02:36:27,2026-07-07 03:26:54
SUMM-D00386,Contacted,2026-07-07 03:26:54,2026-07-08 17:08:31
SUMM-D00386,Qualified,2026-07-08 17:08:31,2026-07-14 09:08:07
SUMM-D00386,Lost,2026-07-14 09:08:07,
SUMM-D00387,New,2026-07-03 10:31:59,2026-07-05 21:14:49
SUMM-D00387,Contacted,2026-07-05 21:14:49,2026-07-07 20:03:35
SUMM-D00387,Qualified,2026-07-07 20:03:35,2026-07-12 03:06:55
SUMM-D00387,Proposal,2026-07-12 03:06:55,2026-07-22 23:48:40
SUMM-D00387,Won,2026-07-22 23:48:40,
SUMM-D00388,New,2026-07-09 14:04:24,2026-07-12 03:19:35
SUMM-D00388,Contacted,2026-07-12 03:19:35,2026-07-29 15:41:46
SUMM-D00388,Lost,2026-07-29 15:41:46,
SUMM-D00389,New,2026-07-08 04:22:22,2026-07-10 19:27:16
SUMM-D00389,Contacted,2026-07-10 19:27:16,2026-07-21 19:39:31
SUMM-D00389,Lost,2026-07-21 19:39:31,
SUMM-D00390,New,2026-07-04 23:49:38,2026-07-06 19:30:44
SUMM-D00390,Contacted,2026-07-06 19:30:44,2026-07-11 14:55:46
SUMM-D00390,Lost,2026-07-11 14:55:46,
SUMM-D00391,New,2026-07-03 16:34:37,2026-07-06 02:04:16
SUMM-D00391,Contacted,2026-07-06 02:04:16,2026-07-10 04:54:54
SUMM-D00391,Lost,2026-07-10 04:54:54,
SUMM-D00392,New,2026-07-04 13:23:46,2026-07-05 00:11:37
SUMM-D00392,Contacted,2026-07-05 00:11:37,2026-07-05 12:23:19
SUMM-D00392,Lost,2026-07-05 12:23:19,
SUMM-D00393,New,2026-07-04 15:15:45,2026-07-04 19:48:18
SUMM-D00393,Contacted,2026-07-04 19:48:18,2026-07-06 00:59:29
SUMM-D00393,Qualified,2026-07-06 00:59:29,2026-07-07 10:23:33
SUMM-D00393,Proposal,2026-07-07 10:23:33,2026-07-08 20:23:57
SUMM-D00393,Lost,2026-07-08 20:23:57,
SUMM-D00394,New,2026-07-05 04:54:16,2026-07-05 16:19:52
SUMM-D00394,Contacted,2026-07-05 16:19:52,2026-07-07 12:53:16
SUMM-D00394,Lost,2026-07-07 12:53:16,
SUMM-D00395,New,2026-07-06 00:55:22,2026-07-06 09:46:51
SUMM-D00395,Contacted,2026-07-06 09:46:51,2026-07-07 23:50:49
SUMM-D00395,Qualified,2026-07-07 23:50:49,2026-07-08 15:55:24
SUMM-D00395,Proposal,2026-07-08 15:55:24,2026-07-11 06:57:51
SUMM-D00395,Won,2026-07-11 06:57:51,
SUMM-D00396,New,2026-07-07 05:28:40,2026-07-09 11:24:11
SUMM-D00396,Contacted,2026-07-09 11:24:11,2026-07-13 16:08:30
SUMM-D00396,Lost,2026-07-13 16:08:30,
SUMM-D00397,New,2026-07-06 23:13:24,2026-07-07 01:58:36
SUMM-D00397,Contacted,2026-07-07 01:58:36,2026-07-07 11:51:04
SUMM-D00397,Lost,2026-07-07 11:51:04,
SUMM-D00398,New,2026-07-07 05:35:56,2026-07-13 15:58:38
SUMM-D00398,Contacted,2026-07-13 15:58:38,2026-07-17 19:17:30
SUMM-D00398,Lost,2026-07-17 19:17:30,
SUMM-D00399,New,2026-07-06 21:42:39,2026-07-06 22:42:08
SUMM-D00399,Contacted,2026-07-06 22:42:08,2026-07-08 07:22:30
SUMM-D00399,Lost,2026-07-08 07:22:30,
SUMM-D00400,New,2026-07-07 18:19:28,2026-07-10 15:42:29
SUMM-D00400,Lost,2026-07-10 15:42:29,
SUMM-D00401,New,2026-07-09 10:13:16,2026-07-10 07:08:28
SUMM-D00401,Lost,2026-07-10 07:08:28,
SUMM-D00402,New,2026-07-07 09:50:33,2026-07-07 20:04:11
SUMM-D00402,Lost,2026-07-07 20:04:11,
SUMM-D00403,New,2026-07-10 15:44:53,2026-07-12 08:07:18
SUMM-D00403,Contacted,2026-07-12 08:07:18,2026-07-13 13:39:10
SUMM-D00403,Lost,2026-07-13 13:39:10,
SUMM-D00404,New,2026-07-08 07:28:34,2026-07-09 03:49:31
SUMM-D00404,Contacted,2026-07-09 03:49:31,2026-07-09 06:36:23
SUMM-D00404,Qualified,2026-07-09 06:36:23,2026-07-10 20:20:29
SUMM-D00404,Proposal,2026-07-10 20:20:29,2026-07-11 20:09:23
SUMM-D00404,Lost,2026-07-11 20:09:23,
SUMM-D00405,New,2026-07-10 19:33:08,2026-07-13 10:22:45
SUMM-D00405,Contacted,2026-07-13 10:22:45,2026-07-15 12:17:34
SUMM-D00405,Lost,2026-07-15 12:17:34,
SUMM-D00406,New,2026-07-09 22:18:53,2026-07-14 11:42:13
SUMM-D00406,Contacted,2026-07-14 11:42:13,2026-07-24 17:34:09
SUMM-D00406,Lost,2026-07-24 17:34:09,
SUMM-D00407,New,2026-07-09 03:33:25,2026-07-09 06:05:00
SUMM-D00407,Contacted,2026-07-09 06:05:00,2026-07-10 23:42:05
SUMM-D00407,Qualified,2026-07-10 23:42:05,2026-07-11 12:03:27
SUMM-D00407,Proposal,2026-07-11 12:03:27,2026-07-12 13:48:43
SUMM-D00407,Won,2026-07-12 13:48:43,
SUMM-D00408,New,2026-07-10 14:26:05,2026-07-13 18:29:56
SUMM-D00408,Contacted,2026-07-13 18:29:56,2026-07-25 13:15:15
SUMM-D00408,Lost,2026-07-25 13:15:15,
SUMM-D00409,New,2026-07-09 09:06:19,2026-07-09 15:34:12
SUMM-D00409,Contacted,2026-07-09 15:34:12,2026-07-10 05:57:27
SUMM-D00409,Lost,2026-07-10 05:57:27,
SUMM-D00410,New,2026-07-10 00:55:06,2026-07-10 05:49:38
SUMM-D00410,Contacted,2026-07-10 05:49:38,2026-07-10 23:57:48
SUMM-D00410,Qualified,2026-07-10 23:57:48,2026-07-13 05:42:21
SUMM-D00410,Proposal,2026-07-13 05:42:21,2026-07-13 13:06:56
SUMM-D00410,Lost,2026-07-13 13:06:56,
SUMM-D00411,New,2026-07-10 08:23:02,2026-07-10 15:28:52
SUMM-D00411,Contacted,2026-07-10 15:28:52,2026-07-11 11:06:53
SUMM-D00411,Lost,2026-07-11 11:06:53,
SUMM-D00412,New,2026-07-11 05:43:12,2026-07-14 04:38:40
SUMM-D00412,Contacted,2026-07-14 04:38:40,2026-07-16 01:40:13
SUMM-D00412,Lost,2026-07-16 01:40:13,
SUMM-D00413,New,2026-07-11 18:54:48,2026-07-13 05:07:48
SUMM-D00413,Contacted,2026-07-13 05:07:48,2026-07-30 00:28:09
SUMM-D00413,Qualified,2026-07-30 00:28:09,2026-08-14 11:49:13
SUMM-D00413,Proposal,2026-08-14 11:49:13,2026-08-29 00:46:00
SUMM-D00413,Lost,2026-08-29 00:46:00,
SUMM-D00414,New,2026-07-10 17:01:06,2026-07-15 10:54:53
SUMM-D00414,Contacted,2026-07-15 10:54:53,2026-07-17 03:24:01
SUMM-D00414,Qualified,2026-07-17 03:24:01,2026-07-29 05:25:17
SUMM-D00414,Proposal,2026-07-29 05:25:17,2026-07-30 23:34:37
SUMM-D00414,Lost,2026-07-30 23:34:37,
SUMM-D00415,New,2026-07-10 11:51:05,2026-07-11 08:32:42
SUMM-D00415,Lost,2026-07-11 08:32:42,
SUMM-D00416,New,2026-07-11 04:06:25,2026-07-12 16:52:14
SUMM-D00416,Contacted,2026-07-12 16:52:14,2026-07-16 04:28:45
SUMM-D00416,Lost,2026-07-16 04:28:45,
SUMM-D00417,New,2026-07-11 15:12:24,2026-07-12 00:21:25
SUMM-D00417,Contacted,2026-07-12 00:21:25,2026-07-14 04:06:59
SUMM-D00417,Lost,2026-07-14 04:06:59,
SUMM-D00418,New,2026-07-13 12:08:36,2026-07-15 23:56:21
SUMM-D00418,Contacted,2026-07-15 23:56:21,2026-07-28 13:31:06
SUMM-D00418,Lost,2026-07-28 13:31:06,
SUMM-D00419,New,2026-07-13 16:07:32,2026-07-17 22:02:40
SUMM-D00419,Contacted,2026-07-17 22:02:40,2026-07-22 06:24:53
SUMM-D00419,Lost,2026-07-22 06:24:53,
SUMM-D00420,New,2026-07-17 00:23:22,2026-07-21 07:11:36
SUMM-D00420,Contacted,2026-07-21 07:11:36,2026-07-29 08:56:08
SUMM-D00420,Lost,2026-07-29 08:56:08,
SUMM-D00421,New,2026-07-13 00:41:16,2026-07-17 14:44:23
SUMM-D00421,Contacted,2026-07-17 14:44:23,2026-07-21 17:37:22
SUMM-D00421,Lost,2026-07-21 17:37:22,
SUMM-D00422,New,2026-07-15 06:14:47,2026-07-17 23:48:51
SUMM-D00422,Contacted,2026-07-17 23:48:51,2026-07-23 13:25:06
SUMM-D00422,Lost,2026-07-23 13:25:06,
SUMM-D00423,New,2026-07-15 14:57:31,2026-07-23 03:30:14
SUMM-D00423,Contacted,2026-07-23 03:30:14,2026-07-23 13:21:33
SUMM-D00423,Lost,2026-07-23 13:21:33,
SUMM-D00424,New,2026-07-15 22:51:16,2026-07-24 11:28:23
SUMM-D00424,Lost,2026-07-24 11:28:23,
SUMM-D00425,New,2026-07-14 10:09:04,2026-07-16 02:52:35
SUMM-D00425,Lost,2026-07-16 02:52:35,
SUMM-D00426,New,2026-07-13 20:56:23,2026-07-14 04:08:53
SUMM-D00426,Lost,2026-07-14 04:08:53,
SUMM-D00427,New,2026-07-14 23:59:18,2026-07-15 10:25:28
SUMM-D00427,Contacted,2026-07-15 10:25:28,2026-07-21 02:53:34
SUMM-D00427,Lost,2026-07-21 02:53:34,
SUMM-D00428,New,2026-07-18 04:38:03,2026-07-23 04:00:10
SUMM-D00428,Contacted,2026-07-23 04:00:10,2026-07-31 04:54:03
SUMM-D00428,Lost,2026-07-31 04:54:03,
SUMM-D00429,New,2026-07-14 07:21:31,2026-07-14 14:44:56
SUMM-D00429,Contacted,2026-07-14 14:44:56,2026-07-15 17:59:37
SUMM-D00429,Qualified,2026-07-15 17:59:37,2026-07-16 14:57:44
SUMM-D00429,Lost,2026-07-16 14:57:44,
SUMM-D00430,New,2026-07-14 20:22:02,2026-07-15 01:25:06
SUMM-D00430,Contacted,2026-07-15 01:25:06,2026-07-15 16:35:22
SUMM-D00430,Lost,2026-07-15 16:35:22,
SUMM-D00431,New,2026-07-15 17:41:09,2026-07-16 06:24:41
SUMM-D00431,Contacted,2026-07-16 06:24:41,2026-07-17 02:04:28
SUMM-D00431,Qualified,2026-07-17 02:04:28,2026-07-20 10:22:15
SUMM-D00431,Lost,2026-07-20 10:22:15,
SUMM-D00432,New,2026-07-16 11:33:24,2026-07-18 03:40:22
SUMM-D00432,Contacted,2026-07-18 03:40:22,2026-07-21 17:44:06
SUMM-D00432,Lost,2026-07-21 17:44:06,
SUMM-D00433,New,2026-07-17 08:31:53,2026-07-17 23:08:39
SUMM-D00433,Contacted,2026-07-17 23:08:39,2026-07-29 01:44:11
SUMM-D00433,Qualified,2026-07-29 01:44:11,2026-08-04 01:12:17
SUMM-D00433,Proposal,2026-08-04 01:12:17,2026-08-07 04:09:49
SUMM-D00433,Lost,2026-08-07 04:09:49,
SUMM-D00434,New,2026-07-15 17:45:09,2026-07-15 23:43:43
SUMM-D00434,Lost,2026-07-15 23:43:43,
SUMM-D00435,New,2026-07-23 21:32:18,2026-07-27 20:30:59
SUMM-D00435,Lost,2026-07-27 20:30:59,
SUMM-D00436,New,2026-07-19 02:00:35,2026-08-01 08:32:03
SUMM-D00436,Contacted,2026-08-01 08:32:03,2026-08-05 08:53:09
SUMM-D00436,Lost,2026-08-05 08:53:09,
SUMM-D00437,New,2026-07-21 00:10:09,2026-07-22 05:35:58
SUMM-D00437,Contacted,2026-07-22 05:35:58,2026-07-29 03:54:09
SUMM-D00437,Lost,2026-07-29 03:54:09,
SUMM-D00438,New,2026-07-17 23:43:31,2026-07-18 03:04:22
SUMM-D00438,Contacted,2026-07-18 03:04:22,2026-07-18 06:33:27
SUMM-D00438,Lost,2026-07-18 06:33:27,
SUMM-D00439,New,2026-07-16 22:27:41,2026-07-16 22:46:21
SUMM-D00439,Contacted,2026-07-16 22:46:21,2026-07-18 03:15:33
SUMM-D00439,Lost,2026-07-18 03:15:33,
SUMM-D00440,New,2026-07-18 02:15:50,2026-07-18 17:45:30
SUMM-D00440,Contacted,2026-07-18 17:45:30,2026-07-19 00:48:37
SUMM-D00440,Lost,2026-07-19 00:48:37,
SUMM-D00441,New,2026-07-23 23:45:13,2026-07-27 16:01:36
SUMM-D00441,Contacted,2026-07-27 16:01:36,2026-07-30 16:20:59
SUMM-D00441,Lost,2026-07-30 16:20:59,
SUMM-D00442,New,2026-07-17 22:21:23,2026-07-26 11:00:13
SUMM-D00442,Contacted,2026-07-26 11:00:13,2026-08-08 10:03:24
SUMM-D00442,Lost,2026-08-08 10:03:24,
SUMM-D00443,New,2026-07-19 01:38:02,2026-07-29 17:12:48
SUMM-D00443,Contacted,2026-07-29 17:12:48,2026-08-03 09:15:19
SUMM-D00443,Qualified,2026-08-03 09:15:19,2026-08-10 17:44:14
SUMM-D00443,Lost,2026-08-10 17:44:14,
SUMM-D00444,New,2026-07-18 07:10:34,2026-07-18 09:34:39
SUMM-D00444,Contacted,2026-07-18 09:34:39,2026-07-19 10:08:15
SUMM-D00444,Lost,2026-07-19 10:08:15,
SUMM-D00445,New,2026-07-18 23:44:59,2026-07-20 09:00:55
SUMM-D00445,Contacted,2026-07-20 09:00:55,2026-07-31 16:27:42
SUMM-D00445,Lost,2026-07-31 16:27:42,
SUMM-D00446,New,2026-07-23 20:24:05,2026-07-24 22:09:57
SUMM-D00446,Contacted,2026-07-24 22:09:57,2026-07-26 17:43:38
SUMM-D00446,Qualified,2026-07-26 17:43:38,2026-08-05 02:39:52
SUMM-D00446,Proposal,2026-08-05 02:39:52,2026-08-09 01:00:09
SUMM-D00446,Won,2026-08-09 01:00:09,
SUMM-D00447,New,2026-07-20 16:50:30,2026-07-24 16:20:22
SUMM-D00447,Contacted,2026-07-24 16:20:22,2026-07-25 08:17:05
SUMM-D00447,Lost,2026-07-25 08:17:05,
SUMM-D00448,New,2026-07-22 08:09:17,2026-07-23 23:03:16
SUMM-D00448,Contacted,2026-07-23 23:03:16,2026-07-28 07:00:00
SUMM-D00448,Lost,2026-07-28 07:00:00,
SUMM-D00449,New,2026-07-21 19:57:42,2026-07-28 07:41:17
SUMM-D00449,Contacted,2026-07-28 07:41:17,2026-08-02 05:13:31
SUMM-D00449,Lost,2026-08-02 05:13:31,
SUMM-D00450,New,2026-07-22 17:03:22,2026-07-27 18:43:26
SUMM-D00450,Contacted,2026-07-27 18:43:26,2026-07-31 17:09:39
SUMM-D00450,Qualified,2026-07-31 17:09:39,2026-08-12 14:40:00
SUMM-D00450,Lost,2026-08-12 14:40:00,
SUMM-D00451,New,2026-07-25 04:27:55,2026-07-28 10:58:50
SUMM-D00451,Contacted,2026-07-28 10:58:50,2026-08-05 01:49:56
SUMM-D00451,Qualified,2026-08-05 01:49:56,2026-08-10 06:35:56
SUMM-D00451,Proposal,2026-08-10 06:35:56,2026-08-16 23:50:31
SUMM-D00451,Won,2026-08-16 23:50:31,
SUMM-D00452,New,2026-08-01 05:53:39,2026-08-07 23:34:07
SUMM-D00452,Contacted,2026-08-07 23:34:07,2026-08-17 01:43:44
SUMM-D00452,Qualified,2026-08-17 01:43:44,2026-09-05 23:27:00
SUMM-D00452,Proposal,2026-09-05 23:27:00,2026-09-30 19:01:44
SUMM-D00452,Won,2026-09-30 19:01:44,
SUMM-D00453,New,2026-07-23 22:08:20,2026-07-25 05:53:35
SUMM-D00453,Lost,2026-07-25 05:53:35,
SUMM-D00454,New,2026-07-24 21:22:52,2026-07-28 10:20:51
SUMM-D00454,Contacted,2026-07-28 10:20:51,2026-08-02 17:55:31
SUMM-D00454,Lost,2026-08-02 17:55:31,
SUMM-D00455,New,2026-07-23 09:43:22,2026-08-02 05:54:19
SUMM-D00455,Contacted,2026-08-02 05:54:19,2026-08-11 18:38:55
SUMM-D00455,Qualified,2026-08-11 18:38:55,2026-08-14 15:47:21
SUMM-D00455,Proposal,2026-08-14 15:47:21,2026-08-27 22:28:10
SUMM-D00455,Lost,2026-08-27 22:28:10,
SUMM-D00456,New,2026-07-22 19:10:29,2026-07-23 00:22:19
SUMM-D00456,Contacted,2026-07-23 00:22:19,2026-07-26 06:09:25
SUMM-D00456,Lost,2026-07-26 06:09:25,
SUMM-D00457,New,2026-07-23 00:50:18,2026-07-23 06:10:33
SUMM-D00457,Contacted,2026-07-23 06:10:33,2026-07-24 10:22:23
SUMM-D00457,Qualified,2026-07-24 10:22:23,2026-07-25 02:25:05
SUMM-D00457,Proposal,2026-07-25 02:25:05,2026-07-26 16:02:08
SUMM-D00457,Lost,2026-07-26 16:02:08,
SUMM-D00458,New,2026-07-24 14:38:07,2026-07-27 12:21:33
SUMM-D00458,Contacted,2026-07-27 12:21:33,2026-07-30 23:33:32
SUMM-D00458,Lost,2026-07-30 23:33:32,
SUMM-D00459,New,2026-07-23 19:47:40,2026-07-24 13:40:59
SUMM-D00459,Contacted,2026-07-24 13:40:59,2026-07-25 03:42:41
SUMM-D00459,Lost,2026-07-25 03:42:41,
SUMM-D00460,New,2026-07-23 14:11:42,2026-07-23 21:21:32
SUMM-D00460,Contacted,2026-07-23 21:21:32,2026-07-24 05:03:27
SUMM-D00460,Lost,2026-07-24 05:03:27,
SUMM-D00461,New,2026-07-23 21:59:25,2026-07-24 02:54:07
SUMM-D00461,Contacted,2026-07-24 02:54:07,2026-07-24 16:21:06
SUMM-D00461,Qualified,2026-07-24 16:21:06,2026-07-25 21:32:05
SUMM-D00461,Proposal,2026-07-25 21:32:05,2026-07-27 21:35:06
SUMM-D00461,Won,2026-07-27 21:35:06,
SUMM-D00462,New,2026-07-24 06:45:04,2026-07-24 13:32:29
SUMM-D00462,Contacted,2026-07-24 13:32:29,2026-07-25 22:40:45
SUMM-D00462,Qualified,2026-07-25 22:40:45,2026-07-26 15:55:14
SUMM-D00462,Lost,2026-07-26 15:55:14,
SUMM-D00463,New,2026-07-24 06:31:58,2026-07-24 15:08:25
SUMM-D00463,Contacted,2026-07-24 15:08:25,2026-07-25 12:26:31
SUMM-D00463,Lost,2026-07-25 12:26:31,
SUMM-D00464,New,2026-07-25 20:01:35,2026-07-27 01:34:18
SUMM-D00464,Lost,2026-07-27 01:34:18,
SUMM-D00465,New,2026-07-24 21:26:33,2026-07-24 23:54:43
SUMM-D00465,Contacted,2026-07-24 23:54:43,2026-07-25 06:45:24
SUMM-D00465,Qualified,2026-07-25 06:45:24,2026-07-25 21:41:47
SUMM-D00465,Lost,2026-07-25 21:41:47,
SUMM-D00466,New,2026-07-25 07:41:37,2026-07-27 20:26:40
SUMM-D00466,Lost,2026-07-27 20:26:40,
SUMM-D00467,New,2026-07-24 22:40:36,2026-07-25 05:16:49
SUMM-D00467,Contacted,2026-07-25 05:16:49,2026-07-25 17:01:10
SUMM-D00467,Lost,2026-07-25 17:01:10,
SUMM-D00468,New,2026-07-28 20:25:58,2026-07-30 22:18:41
SUMM-D00468,Contacted,2026-07-30 22:18:41,2026-08-07 11:55:07
SUMM-D00468,Lost,2026-08-07 11:55:07,
SUMM-D00469,New,2026-07-26 10:31:20,2026-07-28 09:40:32
SUMM-D00469,Contacted,2026-07-28 09:40:32,2026-08-04 15:23:12
SUMM-D00469,Lost,2026-08-04 15:23:12,
SUMM-D00470,New,2026-07-27 12:40:09,2026-07-28 15:02:39
SUMM-D00470,Lost,2026-07-28 15:02:39,
SUMM-D00471,New,2026-07-27 19:48:46,2026-07-29 06:16:00
SUMM-D00471,Lost,2026-07-29 06:16:00,
SUMM-D00472,New,2026-07-27 10:19:27,2026-08-05 18:38:32
SUMM-D00472,Contacted,2026-08-05 18:38:32,2026-08-07 03:09:40
SUMM-D00472,Lost,2026-08-07 03:09:40,
SUMM-D00473,New,2026-07-29 18:22:54,2026-08-01 07:59:52
SUMM-D00473,Contacted,2026-08-01 07:59:52,2026-08-04 20:52:36
SUMM-D00473,Lost,2026-08-04 20:52:36,
SUMM-D00474,New,2026-07-26 15:31:05,2026-07-27 05:03:34
SUMM-D00474,Contacted,2026-07-27 05:03:34,2026-07-28 03:03:45
SUMM-D00474,Lost,2026-07-28 03:03:45,
SUMM-D00475,New,2026-07-27 09:39:34,2026-07-27 18:21:52
SUMM-D00475,Contacted,2026-07-27 18:21:52,2026-07-29 13:33:05
SUMM-D00475,Lost,2026-07-29 13:33:05,
SUMM-D00476,New,2026-07-27 22:21:18,2026-07-30 06:03:10
SUMM-D00476,Contacted,2026-07-30 06:03:10,2026-08-02 05:18:12
SUMM-D00476,Qualified,2026-08-02 05:18:12,2026-08-03 10:40:10
SUMM-D00476,Proposal,2026-08-03 10:40:10,2026-08-08 07:01:54
SUMM-D00476,Won,2026-08-08 07:01:54,
SUMM-D00477,New,2026-08-01 10:42:24,2026-08-05 19:46:05
SUMM-D00477,Contacted,2026-08-05 19:46:05,2026-08-19 07:35:14
SUMM-D00477,Lost,2026-08-19 07:35:14,
SUMM-D00478,New,2026-07-30 09:42:13,2026-08-02 01:03:31
SUMM-D00478,Contacted,2026-08-02 01:03:31,2026-08-17 12:03:03
SUMM-D00478,Qualified,2026-08-17 12:03:03,2026-08-26 12:08:07
SUMM-D00478,Proposal,2026-08-26 12:08:07,2026-09-08 22:20:02
SUMM-D00478,Won,2026-09-08 22:20:02,
SUMM-D00479,New,2026-07-27 20:21:50,2026-07-28 09:32:23
SUMM-D00479,Contacted,2026-07-28 09:32:23,2026-07-29 00:28:23
SUMM-D00479,Lost,2026-07-29 00:28:23,
SUMM-D00480,New,2026-07-29 06:34:51,2026-07-31 21:04:41
SUMM-D00480,Contacted,2026-07-31 21:04:41,2026-08-08 07:49:57
SUMM-D00480,Qualified,2026-08-08 07:49:57,2026-08-31 21:46:25
SUMM-D00480,Proposal,2026-08-31 21:46:25,2026-09-06 11:51:44
SUMM-D00480,Lost,2026-09-06 11:51:44,
SUMM-D00481,New,2026-07-30 21:08:27,2026-08-05 03:19:01
SUMM-D00481,Contacted,2026-08-05 03:19:01,2026-08-12 00:11:53
SUMM-D00481,Qualified,2026-08-12 00:11:53,2026-08-20 06:28:23
SUMM-D00481,Proposal,2026-08-20 06:28:23,2026-09-14 09:11:55
SUMM-D00481,Lost,2026-09-14 09:11:55,
SUMM-D00482,New,2026-07-30 01:39:24,2026-08-01 03:15:06
SUMM-D00482,Contacted,2026-08-01 03:15:06,2026-08-09 22:00:45
SUMM-D00482,Qualified,2026-08-09 22:00:45,2026-08-24 02:52:26
SUMM-D00482,Proposal,2026-08-24 02:52:26,2026-09-29 08:54:52
SUMM-D00482,Won,2026-09-29 08:54:52,
SUMM-D00483,New,2026-07-28 15:49:33,2026-07-28 19:03:33
SUMM-D00483,Contacted,2026-07-28 19:03:33,2026-07-30 16:29:53
SUMM-D00483,Lost,2026-07-30 16:29:53,
SUMM-D00484,New,2026-07-30 22:11:56,2026-08-01 05:29:04
SUMM-D00484,Contacted,2026-08-01 05:29:04,2026-08-09 07:43:00
SUMM-D00484,Lost,2026-08-09 07:43:00,
SUMM-D00485,New,2026-08-01 15:46:42,2026-08-05 10:48:41
SUMM-D00485,Contacted,2026-08-05 10:48:41,2026-08-11 12:38:14
SUMM-D00485,Qualified,2026-08-11 12:38:14,2026-08-16 20:03:09
SUMM-D00485,Lost,2026-08-16 20:03:09,
SUMM-D00486,New,2026-07-29 16:41:07,2026-07-30 00:18:47
SUMM-D00486,Contacted,2026-07-30 00:18:47,2026-07-30 05:17:53
SUMM-D00486,Lost,2026-07-30 05:17:53,
SUMM-D00487,New,2026-08-02 03:07:34,2026-08-04 03:45:33
SUMM-D00487,Contacted,2026-08-04 03:45:33,2026-08-10 05:47:59
SUMM-D00487,Qualified,2026-08-10 05:47:59,2026-09-08 15:09:21
SUMM-D00487,Proposal,2026-09-08 15:09:21,2026-09-28 05:31:17
SUMM-D00487,Lost,2026-09-28 05:31:17,
SUMM-D00488,New,2026-08-03 17:09:25,2026-08-14 01:06:06
SUMM-D00488,Contacted,2026-08-14 01:06:06,2026-08-17 18:50:36
SUMM-D00488,Lost,2026-08-17 18:50:36,
SUMM-D00489,New,2026-07-30 07:33:28,2026-08-01 17:01:03
SUMM-D00489,Contacted,2026-08-01 17:01:03,2026-08-08 10:24:27
SUMM-D00489,Qualified,2026-08-08 10:24:27,2026-08-14 15:22:44
SUMM-D00489,Proposal,2026-08-14 15:22:44,2026-08-30 16:27:55
SUMM-D00489,Won,2026-08-30 16:27:55,
SUMM-D00490,New,2026-08-01 10:32:24,2026-08-04 16:03:54
SUMM-D00490,Contacted,2026-08-04 16:03:54,2026-08-10 13:54:53
SUMM-D00490,Qualified,2026-08-10 13:54:53,2026-08-16 13:09:52
SUMM-D00490,Lost,2026-08-16 13:09:52,
SUMM-D00491,New,2026-07-31 17:20:02,2026-08-03 23:38:36
SUMM-D00491,Contacted,2026-08-03 23:38:36,2026-08-11 07:58:07
SUMM-D00491,Lost,2026-08-11 07:58:07,
SUMM-D00492,New,2026-07-31 00:04:01,2026-07-31 02:52:42
SUMM-D00492,Contacted,2026-07-31 02:52:42,2026-08-01 13:53:39
SUMM-D00492,Lost,2026-08-01 13:53:39,
SUMM-D00493,New,2026-08-03 14:06:51,2026-08-10 15:11:30
SUMM-D00493,Contacted,2026-08-10 15:11:30,2026-08-25 08:02:50
SUMM-D00493,Lost,2026-08-25 08:02:50,
SUMM-D00494,New,2026-08-01 17:43:36,2026-08-02 00:42:16
SUMM-D00494,Contacted,2026-08-02 00:42:16,2026-08-09 01:57:29
SUMM-D00494,Lost,2026-08-09 01:57:29,
SUMM-D00495,New,2026-07-31 08:24:07,2026-07-31 09:56:10
SUMM-D00495,Contacted,2026-07-31 09:56:10,2026-08-03 04:54:54
SUMM-D00495,Qualified,2026-08-03 04:54:54,2026-08-04 13:58:10
SUMM-D00495,Proposal,2026-08-04 13:58:10,2026-08-05 15:33:09
SUMM-D00495,Lost,2026-08-05 15:33:09,
SUMM-D00496,New,2026-08-02 11:03:43,2026-08-05 09:51:17
SUMM-D00496,Contacted,2026-08-05 09:51:17,2026-08-09 18:10:40
SUMM-D00496,Qualified,2026-08-09 18:10:40,2026-08-16 18:08:55
SUMM-D00496,Proposal,2026-08-16 18:08:55,2026-08-30 02:33:48
SUMM-D00496,Won,2026-08-30 02:33:48,
SUMM-D00497,New,2026-07-31 17:09:14,2026-08-05 15:48:57
SUMM-D00497,Contacted,2026-08-05 15:48:57,2026-08-10 00:36:13
SUMM-D00497,Lost,2026-08-10 00:36:13,
SUMM-D00498,New,2026-08-03 17:06:55,2026-08-08 14:47:41
SUMM-D00498,Contacted,2026-08-08 14:47:41,2026-08-13 11:04:02
SUMM-D00498,Lost,2026-08-13 11:04:02,
SUMM-D00499,New,2026-08-06 18:43:18,2026-08-11 17:09:20
SUMM-D00499,Contacted,2026-08-11 17:09:20,2026-08-16 23:22:53
SUMM-D00499,Lost,2026-08-16 23:22:53,
SUMM-D00500,New,2026-08-01 22:08:44,2026-08-02 17:18:55
SUMM-D00500,Contacted,2026-08-02 17:18:55,2026-08-03 18:00:58
SUMM-D00500,Qualified,2026-08-03 18:00:58,2026-08-04 19:42:58
SUMM-D00500,Proposal,2026-08-04 19:42:58,2026-08-07 11:25:55
SUMM-D00500,Lost,2026-08-07 11:25:55,
SUMM-D00501,New,2026-08-03 10:59:57,2026-08-04 21:35:10
SUMM-D00501,Contacted,2026-08-04 21:35:10,2026-08-15 16:50:50
SUMM-D00501,Qualified,2026-08-15 16:50:50,2026-08-21 22:08:32
SUMM-D00501,Proposal,2026-08-21 22:08:32,2026-08-26 17:45:17
SUMM-D00501,Lost,2026-08-26 17:45:17,
SUMM-D00502,New,2026-08-02 21:25:57,2026-08-03 00:26:47
SUMM-D00502,Contacted,2026-08-03 00:26:47,2026-08-03 13:58:18
SUMM-D00502,Lost,2026-08-03 13:58:18,
SUMM-D00503,New,2026-08-04 05:19:46,2026-08-07 02:38:45
SUMM-D00503,Lost,2026-08-07 02:38:45,
SUMM-D00504,New,2026-08-06 09:57:13,2026-08-09 13:59:11
SUMM-D00504,Contacted,2026-08-09 13:59:11,2026-08-12 09:59:49
SUMM-D00504,Lost,2026-08-12 09:59:49,
SUMM-D00505,New,2026-08-05 06:39:07,2026-08-09 00:14:22
SUMM-D00505,Contacted,2026-08-09 00:14:22,2026-08-13 22:53:03
SUMM-D00505,Qualified,2026-08-13 22:53:03,2026-08-18 04:15:31
SUMM-D00505,Proposal,2026-08-18 04:15:31,2026-08-25 10:17:32
SUMM-D00505,Won,2026-08-25 10:17:32,
SUMM-D00506,New,2026-08-07 20:59:57,2026-08-13 10:37:04
SUMM-D00506,Lost,2026-08-13 10:37:04,
SUMM-D00507,New,2026-08-03 19:27:05,2026-08-04 06:09:46
SUMM-D00507,Contacted,2026-08-04 06:09:46,2026-08-04 16:41:14
SUMM-D00507,Qualified,2026-08-04 16:41:14,2026-08-05 11:05:39
SUMM-D00507,Lost,2026-08-05 11:05:39,
SUMM-D00508,New,2026-08-08 11:39:01,2026-08-14 00:37:36
SUMM-D00508,Contacted,2026-08-14 00:37:36,2026-08-24 13:59:59
SUMM-D00508,Lost,2026-08-24 13:59:59,
SUMM-D00509,New,2026-08-07 07:30:04,2026-08-08 03:58:49
SUMM-D00509,Contacted,2026-08-08 03:58:49,2026-08-19 08:37:20
SUMM-D00509,Lost,2026-08-19 08:37:20,
SUMM-D00510,New,2026-08-12 13:17:21,2026-08-15 08:33:26
SUMM-D00510,Contacted,2026-08-15 08:33:26,2026-08-28 00:38:48
SUMM-D00510,Qualified,2026-08-28 00:38:48,2026-09-15 12:00:46
SUMM-D00510,Proposal,2026-09-15 12:00:46,
SUMM-D00511,New,2026-08-07 21:44:25,2026-08-13 02:11:10
SUMM-D00511,Contacted,2026-08-13 02:11:10,2026-08-21 10:54:46
SUMM-D00511,Lost,2026-08-21 10:54:46,
SUMM-D00512,New,2026-08-07 10:21:21,2026-08-08 17:23:59
SUMM-D00512,Contacted,2026-08-08 17:23:59,2026-08-10 20:53:42
SUMM-D00512,Lost,2026-08-10 20:53:42,
SUMM-D00513,New,2026-08-08 02:50:01,2026-08-19 17:18:29
SUMM-D00513,Contacted,2026-08-19 17:18:29,2026-09-02 02:43:13
SUMM-D00513,Lost,2026-09-02 02:43:13,
SUMM-D00514,New,2026-08-08 15:14:31,2026-08-15 10:30:50
SUMM-D00514,Contacted,2026-08-15 10:30:50,2026-08-18 12:29:37
SUMM-D00514,Lost,2026-08-18 12:29:37,
SUMM-D00515,New,2026-08-08 16:18:23,2026-08-10 21:29:20
SUMM-D00515,Contacted,2026-08-10 21:29:20,2026-08-27 17:18:49
SUMM-D00515,Lost,2026-08-27 17:18:49,
SUMM-D00516,New,2026-08-07 08:10:41,2026-08-07 11:18:55
SUMM-D00516,Contacted,2026-08-07 11:18:55,2026-08-08 02:07:11
SUMM-D00516,Lost,2026-08-08 02:07:11,
SUMM-D00517,New,2026-08-09 05:00:00,2026-08-10 23:03:37
SUMM-D00517,Contacted,2026-08-10 23:03:37,2026-08-19 16:13:34
SUMM-D00517,Lost,2026-08-19 16:13:34,
SUMM-D00518,New,2026-08-10 11:34:17,2026-08-14 15:27:35
SUMM-D00518,Contacted,2026-08-14 15:27:35,2026-08-26 05:07:12
SUMM-D00518,Lost,2026-08-26 05:07:12,
SUMM-D00519,New,2026-08-12 14:46:48,2026-08-14 09:09:02
SUMM-D00519,Contacted,2026-08-14 09:09:02,2026-08-18 02:22:54
SUMM-D00519,Qualified,2026-08-18 02:22:54,2026-08-24 06:02:37
SUMM-D00519,Lost,2026-08-24 06:02:37,
SUMM-D00520,New,2026-08-09 01:55:59,2026-08-11 00:03:57
SUMM-D00520,Contacted,2026-08-11 00:03:57,2026-08-17 05:41:14
SUMM-D00520,Lost,2026-08-17 05:41:14,
SUMM-D00521,New,2026-08-10 22:50:43,2026-08-12 11:04:01
SUMM-D00521,Contacted,2026-08-12 11:04:01,2026-08-17 18:51:11
SUMM-D00521,Qualified,2026-08-17 18:51:11,2026-08-22 15:58:41
SUMM-D00521,Proposal,2026-08-22 15:58:41,2026-09-01 06:38:13
SUMM-D00521,Lost,2026-09-01 06:38:13,
SUMM-D00522,New,2026-08-12 15:36:59,2026-08-19 16:05:45
SUMM-D00522,Lost,2026-08-19 16:05:45,
SUMM-D00523,New,2026-08-09 13:38:40,2026-08-15 00:06:16
SUMM-D00523,Contacted,2026-08-15 00:06:16,2026-08-16 20:00:11
SUMM-D00523,Lost,2026-08-16 20:00:11,
SUMM-D00524,New,2026-08-11 11:28:42,2026-08-14 15:47:46
SUMM-D00524,Contacted,2026-08-14 15:47:46,2026-08-18 02:58:20
SUMM-D00524,Lost,2026-08-18 02:58:20,
SUMM-D00525,New,2026-08-09 06:55:34,2026-08-09 07:20:32
SUMM-D00525,Contacted,2026-08-09 07:20:32,2026-08-10 10:43:12
SUMM-D00525,Lost,2026-08-10 10:43:12,
SUMM-D00526,New,2026-08-10 02:13:50,2026-08-10 13:14:13
SUMM-D00526,Contacted,2026-08-10 13:14:13,2026-08-18 04:25:31
SUMM-D00526,Qualified,2026-08-18 04:25:31,2026-08-21 18:09:31
SUMM-D00526,Proposal,2026-08-21 18:09:31,2026-08-26 08:08:25
SUMM-D00526,Won,2026-08-26 08:08:25,
SUMM-D00527,New,2026-08-11 19:00:25,2026-08-16 16:22:17
SUMM-D00527,Contacted,2026-08-16 16:22:17,2026-08-18 19:00:22
SUMM-D00527,Lost,2026-08-18 19:00:22,
SUMM-D00528,New,2026-08-12 17:43:28,2026-08-14 13:49:16
SUMM-D00528,Lost,2026-08-14 13:49:16,
SUMM-D00529,New,2026-08-11 14:59:56,2026-08-15 00:01:50
SUMM-D00529,Contacted,2026-08-15 00:01:50,2026-08-17 10:37:37
SUMM-D00529,Qualified,2026-08-17 10:37:37,2026-08-21 22:25:28
SUMM-D00529,Proposal,2026-08-21 22:25:28,2026-09-05 18:56:58
SUMM-D00529,Lost,2026-09-05 18:56:58,
SUMM-D00530,New,2026-08-12 17:56:47,2026-08-15 12:39:38
SUMM-D00530,Contacted,2026-08-15 12:39:38,2026-08-20 05:56:48
SUMM-D00530,Qualified,2026-08-20 05:56:48,2026-09-02 17:23:17
SUMM-D00530,Proposal,2026-09-02 17:23:17,2026-09-10 17:16:43
SUMM-D00530,Lost,2026-09-10 17:16:43,
SUMM-D00531,New,2026-08-10 19:54:47,2026-08-11 09:51:30
SUMM-D00531,Contacted,2026-08-11 09:51:30,2026-08-12 06:49:11
SUMM-D00531,Lost,2026-08-12 06:49:11,
SUMM-D00532,New,2026-08-12 13:54:24,2026-08-15 16:31:43
SUMM-D00532,Contacted,2026-08-15 16:31:43,2026-08-19 19:38:24
SUMM-D00532,Lost,2026-08-19 19:38:24,
SUMM-D00533,New,2026-08-13 09:54:11,2026-08-17 13:35:15
SUMM-D00533,Lost,2026-08-17 13:35:15,
SUMM-D00534,New,2026-08-14 17:37:22,2026-08-17 16:04:50
SUMM-D00534,Contacted,2026-08-17 16:04:50,2026-08-29 12:32:25
SUMM-D00534,Lost,2026-08-29 12:32:25,
SUMM-D00535,New,2026-08-12 15:06:34,2026-08-16 16:25:36
SUMM-D00535,Contacted,2026-08-16 16:25:36,2026-09-03 11:01:52
SUMM-D00535,Qualified,2026-09-03 11:01:52,2026-09-05 21:15:58
SUMM-D00535,Proposal,2026-09-05 21:15:58,2026-09-15 04:58:21
SUMM-D00535,Won,2026-09-15 04:58:21,
SUMM-D00536,New,2026-08-13 07:11:19,2026-08-16 01:15:19
SUMM-D00536,Contacted,2026-08-16 01:15:19,2026-08-18 20:14:48
SUMM-D00536,Qualified,2026-08-18 20:14:48,2026-08-24 03:35:32
SUMM-D00536,Proposal,2026-08-24 03:35:32,2026-08-26 10:52:37
SUMM-D00536,Lost,2026-08-26 10:52:37,
SUMM-D00537,New,2026-08-15 01:43:54,2026-08-16 10:14:49
SUMM-D00537,Contacted,2026-08-16 10:14:49,2026-08-16 19:03:55
SUMM-D00537,Lost,2026-08-16 19:03:55,
SUMM-D00538,New,2026-08-12 05:43:52,2026-08-12 09:28:12
SUMM-D00538,Contacted,2026-08-12 09:28:12,2026-08-13 03:37:32
SUMM-D00538,Lost,2026-08-13 03:37:32,
SUMM-D00539,New,2026-08-12 02:03:00,2026-08-12 03:39:23
SUMM-D00539,Contacted,2026-08-12 03:39:23,2026-08-14 00:59:28
SUMM-D00539,Lost,2026-08-14 00:59:28,
SUMM-D00540,New,2026-08-14 09:19:02,2026-08-19 10:43:21
SUMM-D00540,Contacted,2026-08-19 10:43:21,2026-08-27 06:18:15
SUMM-D00540,Qualified,2026-08-27 06:18:15,2026-09-02 04:56:59
SUMM-D00540,Proposal,2026-09-02 04:56:59,2026-09-08 17:05:37
SUMM-D00540,Won,2026-09-08 17:05:37,
SUMM-D00541,New,2026-08-17 17:19:12,2026-08-21 07:40:02
SUMM-D00541,Contacted,2026-08-21 07:40:02,2026-08-25 23:28:14
SUMM-D00541,Lost,2026-08-25 23:28:14,
SUMM-D00542,New,2026-08-14 15:37:57,2026-08-16 15:11:59
SUMM-D00542,Contacted,2026-08-16 15:11:59,2026-08-16 19:24:03
SUMM-D00542,Qualified,2026-08-16 19:24:03,2026-08-23 11:06:43
SUMM-D00542,Proposal,2026-08-23 11:06:43,2026-09-04 06:47:25
SUMM-D00542,Lost,2026-09-04 06:47:25,
SUMM-D00543,New,2026-08-17 04:54:45,2026-08-17 14:34:49
SUMM-D00543,Contacted,2026-08-17 14:34:49,2026-08-23 08:08:58
SUMM-D00543,Qualified,2026-08-23 08:08:58,2026-09-09 06:36:15
SUMM-D00543,Proposal,2026-09-09 06:36:15,
SUMM-D00544,New,2026-08-15 22:58:12,2026-08-17 09:25:23
SUMM-D00544,Contacted,2026-08-17 09:25:23,2026-08-28 14:35:14
SUMM-D00544,Lost,2026-08-28 14:35:14,
SUMM-D00545,New,2026-08-14 23:43:31,2026-08-15 02:05:48
SUMM-D00545,Contacted,2026-08-15 02:05:48,2026-08-15 13:03:13
SUMM-D00545,Lost,2026-08-15 13:03:13,
SUMM-D00546,New,2026-08-14 22:03:50,2026-08-15 03:02:08
SUMM-D00546,Contacted,2026-08-15 03:02:08,2026-08-15 16:27:55
SUMM-D00546,Lost,2026-08-15 16:27:55,
SUMM-D00547,New,2026-08-15 16:30:06,2026-08-16 23:41:06
SUMM-D00547,Contacted,2026-08-16 23:41:06,2026-09-29 02:46:06
SUMM-D00547,Lost,2026-09-29 02:46:06,
SUMM-D00548,New,2026-08-15 23:31:57,2026-08-16 11:26:16
SUMM-D00548,Contacted,2026-08-16 11:26:16,2026-08-17 10:50:46
SUMM-D00548,Lost,2026-08-17 10:50:46,
SUMM-D00549,New,2026-08-16 14:52:49,2026-08-17 15:25:52
SUMM-D00549,Contacted,2026-08-17 15:25:52,2026-08-26 05:18:10
SUMM-D00549,Lost,2026-08-26 05:18:10,
SUMM-D00550,New,2026-08-16 07:27:41,2026-08-16 10:31:21
SUMM-D00550,Contacted,2026-08-16 10:31:21,2026-08-17 18:07:16
SUMM-D00550,Qualified,2026-08-17 18:07:16,2026-08-19 06:30:19
SUMM-D00550,Proposal,2026-08-19 06:30:19,2026-08-19 23:24:03
SUMM-D00550,Won,2026-08-19 23:24:03,
SUMM-D00551,New,2026-08-16 06:50:55,2026-08-16 11:30:12
SUMM-D00551,Contacted,2026-08-16 11:30:12,2026-08-17 01:48:24
SUMM-D00551,Lost,2026-08-17 01:48:24,
SUMM-D00552,New,2026-08-16 09:29:59,2026-08-16 10:40:44
SUMM-D00552,Contacted,2026-08-16 10:40:44,2026-08-17 09:43:21
SUMM-D00552,Lost,2026-08-17 09:43:21,
SUMM-D00553,New,2026-08-17 12:27:02,2026-08-24 18:03:42
SUMM-D00553,Contacted,2026-08-24 18:03:42,2026-09-05 14:53:47
SUMM-D00553,Qualified,2026-09-05 14:53:47,2026-09-19 20:22:01
SUMM-D00553,Proposal,2026-09-19 20:22:01,
SUMM-D00554,New,2026-08-19 15:48:16,2026-09-03 06:30:39
SUMM-D00554,Contacted,2026-09-03 06:30:39,2026-09-15 15:09:22
SUMM-D00554,Lost,2026-09-15 15:09:22,
SUMM-D00555,New,2026-08-17 14:17:35,2026-08-17 18:51:58
SUMM-D00555,Contacted,2026-08-17 18:51:58,2026-08-18 08:43:50
SUMM-D00555,Lost,2026-08-18 08:43:50,
SUMM-D00556,New,2026-08-19 02:28:18,2026-08-22 19:32:27
SUMM-D00556,Contacted,2026-08-22 19:32:27,2026-08-27 15:30:02
SUMM-D00556,Lost,2026-08-27 15:30:02,
SUMM-D00557,New,2026-08-20 19:12:39,2026-08-27 07:25:55
SUMM-D00557,Contacted,2026-08-27 07:25:55,2026-09-04 06:27:35
SUMM-D00557,Lost,2026-09-04 06:27:35,
SUMM-D00558,New,2026-08-18 06:27:22,2026-08-20 07:14:16
SUMM-D00558,Contacted,2026-08-20 07:14:16,2026-08-29 11:13:14
SUMM-D00558,Qualified,2026-08-29 11:13:14,2026-08-31 06:52:26
SUMM-D00558,Lost,2026-08-31 06:52:26,
SUMM-D00559,New,2026-08-18 01:49:58,2026-08-18 06:00:06
SUMM-D00559,Contacted,2026-08-18 06:00:06,2026-08-18 18:24:35
SUMM-D00559,Qualified,2026-08-18 18:24:35,2026-08-18 22:01:40
SUMM-D00559,Lost,2026-08-18 22:01:40,
SUMM-D00560,New,2026-08-17 23:51:49,2026-08-18 10:00:37
SUMM-D00560,Contacted,2026-08-18 10:00:37,2026-08-19 17:09:28
SUMM-D00560,Qualified,2026-08-19 17:09:28,2026-08-21 21:00:00
SUMM-D00560,Lost,2026-08-21 21:00:00,
SUMM-D00561,New,2026-08-19 16:31:06,2026-09-02 21:28:02
SUMM-D00561,Contacted,2026-09-02 21:28:02,2026-09-03 12:46:20
SUMM-D00561,Qualified,2026-09-03 12:46:20,2026-09-06 06:15:23
SUMM-D00561,Lost,2026-09-06 06:15:23,
SUMM-D00562,New,2026-08-21 01:52:45,2026-08-21 13:39:34
SUMM-D00562,Contacted,2026-08-21 13:39:34,2026-08-28 01:44:36
SUMM-D00562,Lost,2026-08-28 01:44:36,
SUMM-D00563,New,2026-08-21 01:28:52,2026-08-25 11:34:13
SUMM-D00563,Contacted,2026-08-25 11:34:13,2026-08-29 08:45:34
SUMM-D00563,Lost,2026-08-29 08:45:34,
SUMM-D00564,New,2026-08-18 23:48:04,2026-08-19 06:03:18
SUMM-D00564,Contacted,2026-08-19 06:03:18,2026-08-20 00:55:05
SUMM-D00564,Qualified,2026-08-20 00:55:05,2026-08-21 11:23:30
SUMM-D00564,Proposal,2026-08-21 11:23:30,2026-08-22 19:13:31
SUMM-D00564,Lost,2026-08-22 19:13:31,
SUMM-D00565,New,2026-08-19 05:03:47,2026-08-19 10:46:23
SUMM-D00565,Contacted,2026-08-19 10:46:23,2026-08-19 21:42:22
SUMM-D00565,Lost,2026-08-19 21:42:22,
SUMM-D00566,New,2026-08-20 02:23:54,2026-08-22 09:11:41
SUMM-D00566,Contacted,2026-08-22 09:11:41,2026-08-31 04:30:01
SUMM-D00566,Lost,2026-08-31 04:30:01,
SUMM-D00567,New,2026-08-20 00:17:43,2026-08-20 14:57:30
SUMM-D00567,Contacted,2026-08-20 14:57:30,2026-08-21 08:18:16
SUMM-D00567,Lost,2026-08-21 08:18:16,
SUMM-D00568,New,2026-08-19 22:53:44,2026-08-20 16:27:01
SUMM-D00568,Contacted,2026-08-20 16:27:01,2026-08-21 15:07:46
SUMM-D00568,Lost,2026-08-21 15:07:46,
SUMM-D00569,New,2026-08-21 23:48:43,2026-08-30 12:14:52
SUMM-D00569,Lost,2026-08-30 12:14:52,
SUMM-D00570,New,2026-08-21 07:23:18,2026-08-25 14:09:32
SUMM-D00570,Contacted,2026-08-25 14:09:32,2026-08-26 22:40:50
SUMM-D00570,Qualified,2026-08-26 22:40:50,2026-08-27 12:15:54
SUMM-D00570,Lost,2026-08-27 12:15:54,
SUMM-D00571,New,2026-08-23 03:20:23,2026-08-26 17:21:22
SUMM-D00571,Contacted,2026-08-26 17:21:22,2026-08-31 12:46:45
SUMM-D00571,Lost,2026-08-31 12:46:45,
SUMM-D00572,New,2026-08-22 10:10:06,2026-09-01 16:36:51
SUMM-D00572,Contacted,2026-09-01 16:36:51,2026-09-03 12:44:27
SUMM-D00572,Lost,2026-09-03 12:44:27,
SUMM-D00573,New,2026-08-21 09:53:02,2026-08-21 13:45:21
SUMM-D00573,Contacted,2026-08-21 13:45:21,2026-08-23 19:15:56
SUMM-D00573,Lost,2026-08-23 19:15:56,
SUMM-D00574,New,2026-08-22 05:33:45,2026-08-23 09:53:22
SUMM-D00574,Contacted,2026-08-23 09:53:22,2026-08-24 19:40:35
SUMM-D00574,Qualified,2026-08-24 19:40:35,2026-08-28 05:59:28
SUMM-D00574,Lost,2026-08-28 05:59:28,
SUMM-D00575,New,2026-08-24 22:25:06,2026-08-25 16:48:05
SUMM-D00575,Contacted,2026-08-25 16:48:05,2026-09-03 17:51:25
SUMM-D00575,Lost,2026-09-03 17:51:25,
SUMM-D00576,New,2026-08-24 10:39:35,2026-08-29 04:34:49
SUMM-D00576,Contacted,2026-08-29 04:34:49,2026-09-11 10:36:20
SUMM-D00576,Qualified,2026-09-11 10:36:20,2026-09-13 00:57:47
SUMM-D00576,Proposal,2026-09-13 00:57:47,2026-09-22 20:57:01
SUMM-D00576,Won,2026-09-22 20:57:01,
SUMM-D00577,New,2026-08-22 07:55:28,2026-08-22 14:17:28
SUMM-D00577,Contacted,2026-08-22 14:17:28,2026-08-22 21:38:40
SUMM-D00577,Lost,2026-08-22 21:38:40,
SUMM-D00578,New,2026-08-22 06:04:23,2026-08-22 16:08:35
SUMM-D00578,Contacted,2026-08-22 16:08:35,2026-08-22 19:50:45
SUMM-D00578,Qualified,2026-08-22 19:50:45,2026-08-23 22:04:52
SUMM-D00578,Proposal,2026-08-23 22:04:52,2026-08-24 06:54:19
SUMM-D00578,Lost,2026-08-24 06:54:19,
SUMM-D00579,New,2026-08-23 00:28:20,2026-08-23 06:49:41
SUMM-D00579,Contacted,2026-08-23 06:49:41,2026-08-23 10:13:01
SUMM-D00579,Qualified,2026-08-23 10:13:01,2026-08-23 21:54:10
SUMM-D00579,Lost,2026-08-23 21:54:10,
SUMM-D00580,New,2026-08-30 18:02:24,2026-09-02 01:36:54
SUMM-D00580,Contacted,2026-09-02 01:36:54,2026-09-09 14:25:19
SUMM-D00580,Lost,2026-09-09 14:25:19,
SUMM-D00581,New,2026-08-24 10:33:17,2026-08-24 22:57:02
SUMM-D00581,Contacted,2026-08-24 22:57:02,2026-08-27 03:47:38
SUMM-D00581,Qualified,2026-08-27 03:47:38,2026-09-03 00:22:05
SUMM-D00581,Proposal,2026-09-03 00:22:05,2026-09-05 13:44:22
SUMM-D00581,Lost,2026-09-05 13:44:22,
SUMM-D00582,New,2026-08-23 09:36:16,2026-08-23 20:50:51
SUMM-D00582,Lost,2026-08-23 20:50:51,
SUMM-D00583,New,2026-08-24 23:16:28,2026-08-25 18:02:19
SUMM-D00583,Contacted,2026-08-25 18:02:19,2026-09-01 14:11:22
SUMM-D00583,Qualified,2026-09-01 14:11:22,2026-09-10 02:09:03
SUMM-D00583,Proposal,2026-09-10 02:09:03,
SUMM-D00584,New,2026-08-29 23:08:19,2026-08-31 03:17:49
SUMM-D00584,Contacted,2026-08-31 03:17:49,2026-09-09 23:09:33
SUMM-D00584,Lost,2026-09-09 23:09:33,
SUMM-D00585,New,2026-08-30 06:54:07,2026-09-01 19:17:27
SUMM-D00585,Lost,2026-09-01 19:17:27,
SUMM-D00586,New,2026-08-24 21:15:11,2026-08-24 22:13:52
SUMM-D00586,Contacted,2026-08-24 22:13:52,2026-08-25 21:40:43
SUMM-D00586,Lost,2026-08-25 21:40:43,
SUMM-D00587,New,2026-08-30 17:51:53,2026-09-01 16:03:21
SUMM-D00587,Lost,2026-09-01 16:03:21,
SUMM-D00588,New,2026-08-29 05:02:14,2026-09-04 10:45:50
SUMM-D00588,Contacted,2026-09-04 10:45:50,2026-09-11 20:54:04
SUMM-D00588,Lost,2026-09-11 20:54:04,
SUMM-D00589,New,2026-08-25 10:38:29,2026-08-25 15:47:31
SUMM-D00589,Contacted,2026-08-25 15:47:31,2026-08-27 05:26:17
SUMM-D00589,Lost,2026-08-27 05:26:17,
SUMM-D00590,New,2026-08-27 15:52:20,2026-08-27 21:36:29
SUMM-D00590,Contacted,2026-08-27 21:36:29,2026-09-09 15:21:29
SUMM-D00590,Lost,2026-09-09 15:21:29,
SUMM-D00591,New,2026-09-01 18:34:26,2026-09-02 21:32:53
SUMM-D00591,Contacted,2026-09-02 21:32:53,2026-09-05 20:18:55
SUMM-D00591,Qualified,2026-09-05 20:18:55,2026-09-11 23:35:33
SUMM-D00591,Proposal,2026-09-11 23:35:33,2026-09-16 20:33:59
SUMM-D00591,Won,2026-09-16 20:33:59,
SUMM-D00592,New,2026-08-29 15:10:40,2026-09-03 02:11:17
SUMM-D00592,Contacted,2026-09-03 02:11:17,2026-09-06 08:14:42
SUMM-D00592,Lost,2026-09-06 08:14:42,
SUMM-D00593,New,2026-08-29 19:11:34,2026-09-11 10:28:26
SUMM-D00593,Contacted,2026-09-11 10:28:26,2026-09-25 05:35:18
SUMM-D00593,Qualified,2026-09-25 05:35:18,
SUMM-D00594,New,2026-08-26 11:25:39,2026-08-29 05:04:11
SUMM-D00594,Contacted,2026-08-29 05:04:11,2026-09-03 11:31:21
SUMM-D00594,Lost,2026-09-03 11:31:21,
SUMM-D00595,New,2026-08-28 07:20:15,2026-08-29 17:07:09
SUMM-D00595,Contacted,2026-08-29 17:07:09,2026-09-03 09:33:18
SUMM-D00595,Qualified,2026-09-03 09:33:18,2026-09-11 21:57:50
SUMM-D00595,Proposal,2026-09-11 21:57:50,2026-09-26 10:38:11
SUMM-D00595,Won,2026-09-26 10:38:11,
SUMM-D00596,New,2026-08-29 06:37:51,2026-09-03 12:22:33
SUMM-D00596,Contacted,2026-09-03 12:22:33,2026-09-07 11:13:39
SUMM-D00596,Lost,2026-09-07 11:13:39,
SUMM-D00597,New,2026-08-27 03:01:43,2026-08-27 12:39:47
SUMM-D00597,Contacted,2026-08-27 12:39:47,2026-08-28 23:02:17
SUMM-D00597,Lost,2026-08-28 23:02:17,
SUMM-D00598,New,2026-08-27 20:13:39,2026-08-30 01:05:10
SUMM-D00598,Contacted,2026-08-30 01:05:10,2026-09-06 05:37:58
SUMM-D00598,Lost,2026-09-06 05:37:58,
SUMM-D00599,New,2026-08-27 18:23:31,2026-08-28 01:27:53
SUMM-D00599,Contacted,2026-08-28 01:27:53,2026-08-29 07:30:49
SUMM-D00599,Lost,2026-08-29 07:30:49,
SUMM-D00600,New,2026-08-27 23:00:27,2026-08-28 03:17:40
SUMM-D00600,Contacted,2026-08-28 03:17:40,2026-08-28 09:24:15
SUMM-D00600,Qualified,2026-08-28 09:24:15,2026-08-28 12:45:44
SUMM-D00600,Proposal,2026-08-28 12:45:44,2026-08-29 15:45:24
SUMM-D00600,Won,2026-08-29 15:45:24,
SUMM-D00601,New,2026-08-29 20:00:55,2026-09-02 20:30:41
SUMM-D00601,Contacted,2026-09-02 20:30:41,2026-09-07 04:10:43
SUMM-D00601,Qualified,2026-09-07 04:10:43,2026-09-13 05:17:56
SUMM-D00601,Proposal,2026-09-13 05:17:56,2026-09-27 02:49:38
SUMM-D00601,Lost,2026-09-27 02:49:38,
SUMM-D00602,New,2026-08-28 11:18:05,2026-08-28 21:27:38
SUMM-D00602,Contacted,2026-08-28 21:27:38,2026-08-29 19:06:36
SUMM-D00602,Qualified,2026-08-29 19:06:36,2026-08-30 03:55:31
SUMM-D00602,Proposal,2026-08-30 03:55:31,2026-09-01 11:42:01
SUMM-D00602,Won,2026-09-01 11:42:01,
SUMM-D00603,New,2026-08-29 12:25:18,2026-08-30 17:37:44
SUMM-D00603,Contacted,2026-08-30 17:37:44,2026-09-13 11:51:37
SUMM-D00603,Lost,2026-09-13 11:51:37,
SUMM-D00604,New,2026-09-02 11:24:11,2026-09-08 20:41:21
SUMM-D00604,Contacted,2026-09-08 20:41:21,2026-09-18 00:40:49
SUMM-D00604,Lost,2026-09-18 00:40:49,
SUMM-D00605,New,2026-08-29 10:39:21,2026-08-31 12:48:47
SUMM-D00605,Lost,2026-08-31 12:48:47,
SUMM-D00606,New,2026-08-28 19:33:37,2026-08-29 00:32:57
SUMM-D00606,Lost,2026-08-29 00:32:57,
SUMM-D00607,New,2026-08-31 04:30:24,2026-09-09 06:10:26
SUMM-D00607,Contacted,2026-09-09 06:10:26,2026-09-11 08:16:36
SUMM-D00607,Lost,2026-09-11 08:16:36,
SUMM-D00608,New,2026-08-29 21:01:00,2026-08-30 07:44:45
SUMM-D00608,Contacted,2026-08-30 07:44:45,2026-09-08 19:43:52
SUMM-D00608,Qualified,2026-09-08 19:43:52,2026-09-10 13:39:42
SUMM-D00608,Proposal,2026-09-10 13:39:42,2026-09-28 03:04:53
SUMM-D00608,Won,2026-09-28 03:04:53,
SUMM-D00609,New,2026-08-31 19:35:11,2026-09-06 20:55:52
SUMM-D00609,Contacted,2026-09-06 20:55:52,2026-09-11 21:45:39
SUMM-D00609,Lost,2026-09-11 21:45:39,
SUMM-D00610,New,2026-08-30 09:10:42,2026-09-02 11:43:45
SUMM-D00610,Contacted,2026-09-02 11:43:45,2026-09-13 02:46:25
SUMM-D00610,Lost,2026-09-13 02:46:25,
SUMM-D00611,New,2026-08-31 04:08:05,2026-09-05 06:58:46
SUMM-D00611,Contacted,2026-09-05 06:58:46,2026-09-19 05:14:42
SUMM-D00611,Lost,2026-09-19 05:14:42,
SUMM-D00612,New,2026-08-31 16:31:45,2026-09-03 22:39:00
SUMM-D00612,Contacted,2026-09-03 22:39:00,2026-09-15 14:31:14
SUMM-D00612,Lost,2026-09-15 14:31:14,
SUMM-D00613,New,2026-08-30 15:12:10,2026-08-31 00:52:22
SUMM-D00613,Contacted,2026-08-31 00:52:22,2026-08-31 03:37:30
SUMM-D00613,Lost,2026-08-31 03:37:30,
SUMM-D00614,New,2026-09-01 17:22:36,2026-09-03 13:08:00
SUMM-D00614,Contacted,2026-09-03 13:08:00,2026-09-17 00:34:10
SUMM-D00614,Lost,2026-09-17 00:34:10,
SUMM-D00615,New,2026-09-01 23:48:46,2026-09-10 17:31:35
SUMM-D00615,Contacted,2026-09-10 17:31:35,2026-09-14 22:09:59
SUMM-D00615,Lost,2026-09-14 22:09:59,
SUMM-D00616,New,2026-08-30 13:39:25,2026-08-30 19:04:04
SUMM-D00616,Contacted,2026-08-30 19:04:04,2026-09-01 19:04:02
SUMM-D00616,Lost,2026-09-01 19:04:02,
SUMM-D00617,New,2026-08-30 19:32:16,2026-08-30 23:22:54
SUMM-D00617,Contacted,2026-08-30 23:22:54,2026-08-31 03:51:50
SUMM-D00617,Lost,2026-08-31 03:51:50,
SUMM-D00618,New,2026-08-31 04:13:45,2026-08-31 07:06:57
SUMM-D00618,Contacted,2026-08-31 07:06:57,2026-09-01 02:44:58
SUMM-D00618,Lost,2026-09-01 02:44:58,
SUMM-D00619,New,2026-09-01 21:02:48,2026-09-03 09:05:03
SUMM-D00619,Contacted,2026-09-03 09:05:03,2026-09-14 03:15:01
SUMM-D00619,Lost,2026-09-14 03:15:01,
SUMM-D00620,New,2026-08-31 15:18:56,2026-08-31 20:40:53
SUMM-D00620,Contacted,2026-08-31 20:40:53,2026-09-01 11:23:57
SUMM-D00620,Qualified,2026-09-01 11:23:57,2026-09-01 16:33:03
SUMM-D00620,Lost,2026-09-01 16:33:03,
SUMM-D00621,New,2026-09-08 23:41:33,2026-09-16 05:58:29
SUMM-D00621,Lost,2026-09-16 05:58:29,
SUMM-D00622,New,2026-09-01 06:52:29,2026-09-03 16:21:07
SUMM-D00622,Contacted,2026-09-03 16:21:07,2026-09-10 13:18:01
SUMM-D00622,Lost,2026-09-10 13:18:01,
SUMM-D00623,New,2026-09-04 01:49:39,2026-09-10 15:43:37
SUMM-D00623,Lost,2026-09-10 15:43:37,
SUMM-D00624,New,2026-09-08 15:39:10,2026-09-13 09:33:46
SUMM-D00624,Contacted,2026-09-13 09:33:46,2026-09-18 05:58:10
SUMM-D00624,Lost,2026-09-18 05:58:10,
SUMM-D00625,New,2026-09-09 08:17:45,2026-09-13 00:47:44
SUMM-D00625,Contacted,2026-09-13 00:47:44,2026-09-27 20:26:39
SUMM-D00625,Lost,2026-09-27 20:26:39,
SUMM-D00626,New,2026-09-05 20:34:31,2026-09-08 17:26:45
SUMM-D00626,Contacted,2026-09-08 17:26:45,2026-09-09 08:56:34
SUMM-D00626,Lost,2026-09-09 08:56:34,
SUMM-D00627,New,2026-09-05 03:08:56,2026-09-06 21:51:38
SUMM-D00627,Contacted,2026-09-06 21:51:38,2026-09-08 20:06:18
SUMM-D00627,Qualified,2026-09-08 20:06:18,2026-09-29 19:13:18
SUMM-D00627,Lost,2026-09-29 19:13:18,
SUMM-D00628,New,2026-09-05 18:58:10,2026-09-15 17:27:59
SUMM-D00628,Contacted,2026-09-15 17:27:59,
SUMM-D00629,New,2026-09-06 05:05:44,2026-09-07 12:43:14
SUMM-D00629,Contacted,2026-09-07 12:43:14,2026-09-11 17:46:41
SUMM-D00629,Qualified,2026-09-11 17:46:41,2026-09-26 05:32:55
SUMM-D00629,Proposal,2026-09-26 05:32:55,2026-09-28 20:24:16
SUMM-D00629,Lost,2026-09-28 20:24:16,
SUMM-D00630,New,2026-09-05 20:13:18,2026-09-06 15:15:32
SUMM-D00630,Contacted,2026-09-06 15:15:32,2026-09-07 11:41:10
SUMM-D00630,Lost,2026-09-07 11:41:10,
SUMM-D00631,New,2026-09-06 22:15:13,2026-09-11 07:33:09
SUMM-D00631,Contacted,2026-09-11 07:33:09,2026-09-14 05:44:14
SUMM-D00631,Lost,2026-09-14 05:44:14,
SUMM-D00632,New,2026-09-09 16:44:49,2026-09-10 19:40:24
SUMM-D00632,Contacted,2026-09-10 19:40:24,2026-09-20 19:02:02
SUMM-D00632,Lost,2026-09-20 19:02:02,
SUMM-D00633,New,2026-09-07 14:10:31,2026-09-08 06:13:40
SUMM-D00633,Contacted,2026-09-08 06:13:40,2026-09-09 22:00:31
SUMM-D00633,Lost,2026-09-09 22:00:31,
SUMM-D00634,New,2026-09-07 22:41:50,2026-09-08 09:27:33
SUMM-D00634,Contacted,2026-09-08 09:27:33,2026-09-09 10:07:53
SUMM-D00634,Lost,2026-09-09 10:07:53,
SUMM-D00635,New,2026-09-11 23:00:22,2026-09-20 06:57:51
SUMM-D00635,Contacted,2026-09-20 06:57:51,2026-09-27 10:58:27
SUMM-D00635,Qualified,2026-09-27 10:58:27,
SUMM-D00636,New,2026-09-08 11:08:07,2026-09-08 16:34:39
SUMM-D00636,Contacted,2026-09-08 16:34:39,2026-09-11 10:19:30
SUMM-D00636,Lost,2026-09-11 10:19:30,
SUMM-D00637,New,2026-09-08 18:26:42,2026-09-09 10:57:31
SUMM-D00637,Contacted,2026-09-09 10:57:31,2026-09-12 09:08:33
SUMM-D00637,Qualified,2026-09-12 09:08:33,2026-09-19 01:59:15
SUMM-D00637,Proposal,2026-09-19 01:59:15,2026-09-27 23:09:46
SUMM-D00637,Lost,2026-09-27 23:09:46,
SUMM-D00638,New,2026-09-09 22:24:20,2026-09-16 20:28:32
SUMM-D00638,Contacted,2026-09-16 20:28:32,2026-09-20 00:17:12
SUMM-D00638,Qualified,2026-09-20 00:17:12,2026-09-21 00:40:13
SUMM-D00638,Proposal,2026-09-21 00:40:13,
SUMM-D00639,New,2026-09-10 02:32:12,2026-09-13 16:35:36
SUMM-D00639,Lost,2026-09-13 16:35:36,
SUMM-D00640,New,2026-09-09 20:52:37,2026-09-14 13:54:31
SUMM-D00640,Contacted,2026-09-14 13:54:31,2026-09-20 03:01:53
SUMM-D00640,Lost,2026-09-20 03:01:53,
SUMM-D00641,New,2026-09-10 10:46:39,2026-09-12 20:24:20
SUMM-D00641,Contacted,2026-09-12 20:24:20,2026-09-18 05:50:23
SUMM-D00641,Lost,2026-09-18 05:50:23,
SUMM-D00642,New,2026-09-09 18:57:34,2026-09-10 06:11:18
SUMM-D00642,Lost,2026-09-10 06:11:18,
SUMM-D00643,New,2026-09-11 17:08:26,2026-09-19 02:40:08
SUMM-D00643,Contacted,2026-09-19 02:40:08,
SUMM-D00644,New,2026-09-12 03:46:52,2026-09-15 04:50:48
SUMM-D00644,Contacted,2026-09-15 04:50:48,2026-09-18 06:02:36
SUMM-D00644,Lost,2026-09-18 06:02:36,
SUMM-D00645,New,2026-09-13 20:59:12,2026-09-16 08:14:08
SUMM-D00645,Lost,2026-09-16 08:14:08,
SUMM-D00646,New,2026-09-10 23:46:59,2026-09-12 01:15:30
SUMM-D00646,Contacted,2026-09-12 01:15:30,2026-09-13 09:31:33
SUMM-D00646,Lost,2026-09-13 09:31:33,
SUMM-D00647,New,2026-09-15 06:27:32,2026-09-22 01:02:11
SUMM-D00647,Contacted,2026-09-22 01:02:11,2026-09-28 03:45:51
SUMM-D00647,Lost,2026-09-28 03:45:51,
SUMM-D00648,New,2026-09-11 19:20:31,2026-09-12 16:17:02
SUMM-D00648,Contacted,2026-09-12 16:17:02,2026-09-12 20:49:11
SUMM-D00648,Lost,2026-09-12 20:49:11,
SUMM-D00649,New,2026-09-12 03:36:08,2026-09-12 06:24:49
SUMM-D00649,Contacted,2026-09-12 06:24:49,2026-09-13 15:04:04
SUMM-D00649,Qualified,2026-09-13 15:04:04,2026-09-14 19:12:42
SUMM-D00649,Proposal,2026-09-14 19:12:42,2026-09-15 09:39:30
SUMM-D00649,Won,2026-09-15 09:39:30,
SUMM-D00650,New,2026-09-20 18:09:54,2026-09-22 02:40:47
SUMM-D00650,Contacted,2026-09-22 02:40:47,
SUMM-D00651,New,2026-09-13 08:05:19,2026-09-15 02:40:45
SUMM-D00651,Contacted,2026-09-15 02:40:45,2026-09-19 17:57:43
SUMM-D00651,Lost,2026-09-19 17:57:43,
SUMM-D00652,New,2026-09-13 09:47:43,2026-09-13 13:04:40
SUMM-D00652,Contacted,2026-09-13 13:04:40,2026-09-15 04:43:54
SUMM-D00652,Lost,2026-09-15 04:43:54,
SUMM-D00653,New,2026-09-14 23:52:58,2026-09-16 02:04:18
SUMM-D00653,Contacted,2026-09-16 02:04:18,2026-09-28 08:17:52
SUMM-D00653,Lost,2026-09-28 08:17:52,
SUMM-D00654,New,2026-09-14 07:22:50,2026-09-16 10:05:05
SUMM-D00654,Contacted,2026-09-16 10:05:05,2026-09-17 00:43:02
SUMM-D00654,Qualified,2026-09-17 00:43:02,2026-09-23 02:32:01
SUMM-D00654,Proposal,2026-09-23 02:32:01,
SUMM-D00655,New,2026-09-14 08:49:32,2026-09-15 01:33:36
SUMM-D00655,Lost,2026-09-15 01:33:36,
SUMM-D00656,New,2026-09-20 00:53:03,2026-09-22 22:45:36
SUMM-D00656,Lost,2026-09-22 22:45:36,
SUMM-D00657,New,2026-09-15 03:44:23,2026-09-15 06:40:12
SUMM-D00657,Contacted,2026-09-15 06:40:12,2026-09-17 05:44:15
SUMM-D00657,Lost,2026-09-17 05:44:15,
SUMM-D00658,New,2026-09-15 16:56:07,2026-09-17 02:25:29
SUMM-D00658,Contacted,2026-09-17 02:25:29,2026-09-21 05:53:55
SUMM-D00658,Qualified,2026-09-21 05:53:55,
SUMM-D00659,New,2026-09-16 06:46:40,2026-09-20 06:43:56
SUMM-D00659,Contacted,2026-09-20 06:43:56,2026-09-22 17:01:23
SUMM-D00659,Lost,2026-09-22 17:01:23,
SUMM-D00660,New,2026-09-18 00:08:12,2026-09-19 07:45:34
SUMM-D00660,Lost,2026-09-19 07:45:34,
SUMM-D00661,New,2026-09-18 11:48:57,2026-09-18 21:07:02
SUMM-D00661,Contacted,2026-09-18 21:07:02,2026-09-30 03:19:18
SUMM-D00661,Lost,2026-09-30 03:19:18,
SUMM-D00662,New,2026-09-17 05:09:04,2026-09-19 09:27:58
SUMM-D00662,Contacted,2026-09-19 09:27:58,2026-09-20 21:11:53
SUMM-D00662,Lost,2026-09-20 21:11:53,
SUMM-D00663,New,2026-09-15 17:46:05,2026-09-16 02:51:47
SUMM-D00663,Contacted,2026-09-16 02:51:47,2026-09-16 21:27:33
SUMM-D00663,Lost,2026-09-16 21:27:33,
SUMM-D00664,New,2026-09-18 07:19:38,2026-09-22 18:12:19
SUMM-D00664,Contacted,2026-09-22 18:12:19,2026-09-28 09:24:10
SUMM-D00664,Qualified,2026-09-28 09:24:10,2026-09-29 16:58:53
SUMM-D00664,Proposal,2026-09-29 16:58:53,
SUMM-D00665,New,2026-09-18 04:32:46,2026-09-19 12:20:06
SUMM-D00665,Contacted,2026-09-19 12:20:06,2026-09-21 07:11:08
SUMM-D00665,Qualified,2026-09-21 07:11:08,2026-09-25 13:16:28
SUMM-D00665,Lost,2026-09-25 13:16:28,
SUMM-D00666,New,2026-09-16 18:25:02,2026-09-17 02:50:25
SUMM-D00666,Lost,2026-09-17 02:50:25,
SUMM-D00667,New,2026-09-16 16:23:37,2026-09-16 22:33:14
SUMM-D00667,Contacted,2026-09-16 22:33:14,2026-09-17 05:20:52
SUMM-D00667,Lost,2026-09-17 05:20:52,
SUMM-D00668,New,2026-09-16 20:06:19,2026-09-17 06:34:25
SUMM-D00668,Contacted,2026-09-17 06:34:25,2026-09-17 16:50:03
SUMM-D00668,Lost,2026-09-17 16:50:03,
SUMM-D00669,New,2026-09-16 22:02:45,2026-09-17 04:03:44
SUMM-D00669,Lost,2026-09-17 04:03:44,
SUMM-D00670,New,2026-09-17 04:39:24,2026-09-17 08:16:46
SUMM-D00670,Contacted,2026-09-17 08:16:46,2026-09-17 21:39:31
SUMM-D00670,Qualified,2026-09-17 21:39:31,2026-09-19 23:35:52
SUMM-D00670,Proposal,2026-09-19 23:35:52,2026-09-21 18:25:50
SUMM-D00670,Lost,2026-09-21 18:25:50,
SUMM-D00671,New,2026-09-17 19:29:53,2026-09-21 05:32:42
SUMM-D00671,Contacted,2026-09-21 05:32:42,2026-09-27 09:23:58
SUMM-D00671,Lost,2026-09-27 09:23:58,
SUMM-D00672,New,2026-09-17 09:36:48,2026-09-17 22:53:00
SUMM-D00672,Contacted,2026-09-17 22:53:00,2026-09-19 04:47:07
SUMM-D00672,Qualified,2026-09-19 04:47:07,2026-09-20 22:02:59
SUMM-D00672,Lost,2026-09-20 22:02:59,
SUMM-D00673,New,2026-09-19 00:20:40,2026-09-25 02:06:57
SUMM-D00673,Contacted,2026-09-25 02:06:57,2026-09-29 04:38:39
SUMM-D00673,Lost,2026-09-29 04:38:39,
SUMM-D00674,New,2026-09-17 17:43:45,2026-09-18 05:10:28
SUMM-D00674,Contacted,2026-09-18 05:10:28,2026-09-19 12:31:59
SUMM-D00674,Lost,2026-09-19 12:31:59,
SUMM-D00675,New,2026-09-18 13:57:23,2026-09-18 18:04:37
SUMM-D00675,Contacted,2026-09-18 18:04:37,2026-09-20 00:23:38
SUMM-D00675,Lost,2026-09-20 00:23:38,
SUMM-D00676,New,2026-09-18 22:32:41,2026-09-25 09:38:33
SUMM-D00676,Contacted,2026-09-25 09:38:33,2026-09-29 08:22:37
SUMM-D00676,Lost,2026-09-29 08:22:37,
SUMM-D00677,New,2026-09-18 21:14:04,2026-09-19 05:33:27
SUMM-D00677,Contacted,2026-09-19 05:33:27,2026-09-20 02:02:48
SUMM-D00677,Qualified,2026-09-20 02:02:48,2026-09-20 15:39:29
SUMM-D00677,Proposal,2026-09-20 15:39:29,2026-09-21 10:04:39
SUMM-D00677,Lost,2026-09-21 10:04:39,
SUMM-D00678,New,2026-09-22 15:48:23,2026-09-26 06:22:46
SUMM-D00678,Contacted,2026-09-26 06:22:46,
SUMM-D00679,New,2026-09-19 00:43:20,2026-09-19 10:55:44
SUMM-D00679,Contacted,2026-09-19 10:55:44,2026-09-19 21:18:08
SUMM-D00679,Lost,2026-09-19 21:18:08,
SUMM-D00680,New,2026-09-20 10:39:45,2026-09-22 17:23:32
SUMM-D00680,Contacted,2026-09-22 17:23:32,2026-09-24 16:19:20
SUMM-D00680,Lost,2026-09-24 16:19:20,
SUMM-D00681,New,2026-09-22 07:22:35,2026-09-27 14:28:11
SUMM-D00681,Contacted,2026-09-27 14:28:11,
SUMM-D00682,New,2026-09-19 23:42:44,2026-09-20 01:45:24
SUMM-D00682,Contacted,2026-09-20 01:45:24,2026-09-21 14:55:14
SUMM-D00682,Lost,2026-09-21 14:55:14,
SUMM-D00683,New,2026-09-23 00:25:24,2026-09-26 03:57:33
SUMM-D00683,Contacted,2026-09-26 03:57:33,
SUMM-D00684,New,2026-09-25 00:24:31,2026-09-27 00:15:12
SUMM-D00684,Contacted,2026-09-27 00:15:12,
SUMM-D00685,New,2026-09-26 03:20:16,
SUMM-D00686,New,2026-09-21 15:50:51,2026-09-22 06:53:27
SUMM-D00686,Contacted,2026-09-22 06:53:27,2026-09-23 13:48:19
SUMM-D00686,Qualified,2026-09-23 13:48:19,2026-09-24 01:04:46
SUMM-D00686,Lost,2026-09-24 01:04:46,
SUMM-D00687,New,2026-09-22 09:18:59,2026-09-24 23:41:54
SUMM-D00687,Contacted,2026-09-24 23:41:54,
SUMM-D00688,New,2026-09-24 22:05:58,2026-09-25 01:33:50
SUMM-D00688,Lost,2026-09-25 01:33:50,
SUMM-D00689,New,2026-09-22 05:39:03,2026-09-22 10:01:20
SUMM-D00689,Contacted,2026-09-22 10:01:20,2026-09-23 01:22:35
SUMM-D00689,Lost,2026-09-23 01:22:35,
SUMM-D00690,New,2026-09-23 01:30:06,2026-09-24 21:22:33
SUMM-D00690,Contacted,2026-09-24 21:22:33,2026-09-27 20:41:29
SUMM-D00690,Lost,2026-09-27 20:41:29,
SUMM-D00691,New,2026-09-26 23:14:30,
SUMM-D00692,New,2026-09-24 11:44:42,2026-09-28 20:14:39
SUMM-D00692,Contacted,2026-09-28 20:14:39,
SUMM-D00693,New,2026-09-23 05:46:09,2026-09-23 11:16:11
SUMM-D00693,Contacted,2026-09-23 11:16:11,2026-09-23 23:00:29
SUMM-D00693,Lost,2026-09-23 23:00:29,
SUMM-D00694,New,2026-09-26 12:36:01,2026-09-29 12:03:11
SUMM-D00694,Contacted,2026-09-29 12:03:11,
SUMM-D00695,New,2026-09-22 20:25:43,2026-09-22 21:45:58
SUMM-D00695,Lost,2026-09-22 21:45:58,
SUMM-D00696,New,2026-09-25 07:46:11,2026-09-29 06:36:52
SUMM-D00696,Contacted,2026-09-29 06:36:52,
SUMM-D00697,New,2026-09-23 18:49:50,2026-09-23 23:40:12
SUMM-D00697,Lost,2026-09-23 23:40:12,
SUMM-D00698,New,2026-09-23 17:52:51,2026-09-23 20:57:28
SUMM-D00698,Contacted,2026-09-23 20:57:28,2026-09-24 16:12:58
SUMM-D00698,Lost,2026-09-24 16:12:58,
SUMM-D00699,New,2026-09-27 21:08:54,2026-09-29 15:26:56
SUMM-D00699,Contacted,2026-09-29 15:26:56,
SUMM-D00700,New,2026-09-27 22:39:04,2026-09-30 04:51:55
SUMM-D00700,Contacted,2026-09-30 04:51:55,2026-09-30 19:41:32
SUMM-D00700,Qualified,2026-09-30 19:41:32,
SUMM-D00701,New,2026-09-24 02:31:51,2026-09-24 07:44:25
SUMM-D00701,Contacted,2026-09-24 07:44:25,2026-09-25 12:57:35
SUMM-D00701,Lost,2026-09-25 12:57:35,
SUMM-D00702,New,2026-09-26 03:40:21,
SUMM-D00703,New,2026-09-25 10:28:11,
SUMM-D00704,New,2026-09-28 08:15:45,
SUMM-D00705,New,2026-09-27 20:26:12,2026-09-30 02:16:17
SUMM-D00705,Contacted,2026-09-30 02:16:17,
SUMM-D00706,New,2026-09-26 21:38:54,
SUMM-D00707,New,2026-09-24 16:33:38,2026-09-24 20:13:59
SUMM-D00707,Contacted,2026-09-24 20:13:59,2026-09-24 22:55:49
SUMM-D00707,Qualified,2026-09-24 22:55:49,2026-09-25 13:55:01
SUMM-D00707,Proposal,2026-09-25 13:55:01,2026-09-28 03:44:55
SUMM-D00707,Won,2026-09-28 03:44:55,
SUMM-D00708,New,2026-09-28 17:09:38,
SUMM-D00709,New,2026-09-29 03:37:29,2026-09-29 07:18:24
SUMM-D00709,Contacted,2026-09-29 07:18:24,
SUMM-D00710,New,2026-09-29 07:06:15,
SUMM-D00711,New,2026-09-27 05:47:12,2026-09-27 08:39:11
SUMM-D00711,Contacted,2026-09-27 08:39:11,2026-09-28 06:36:38
SUMM-D00711,Lost,2026-09-28 06:36:38,
SUMM-D00712,New,2026-09-26 20:51:07,2026-09-27 00:07:41
SUMM-D00712,Contacted,2026-09-27 00:07:41,2026-09-27 19:58:32
SUMM-D00712,Lost,2026-09-27 19:58:32,
SUMM-D00713,New,2026-09-28 03:05:15,2026-09-30 02:53:03
SUMM-D00713,Contacted,2026-09-30 02:53:03,
SUMM-D00714,New,2026-09-28 15:04:32,2026-09-30 16:23:41
SUMM-D00714,Lost,2026-09-30 16:23:41,
SUMM-D00715,New,2026-09-29 05:34:38,2026-09-30 10:49:48
SUMM-D00715,Contacted,2026-09-30 10:49:48,
SUMM-D00716,New,2026-09-28 18:37:03,2026-09-30 17:56:28
SUMM-D00716,Contacted,2026-09-30 17:56:28,
SUMM-D00717,New,2026-09-29 08:44:30,
SUMM-D00718,New,2026-09-28 13:55:24,2026-09-28 18:00:59
SUMM-D00718,Lost,2026-09-28 18:00:59,
SUMM-D00719,New,2026-09-28 22:09:01,2026-09-29 03:58:25
SUMM-D00719,Contacted,2026-09-29 03:58:25,2026-09-29 14:55:26
SUMM-D00719,Lost,2026-09-29 14:55:26,
SUMM-D00720,New,2026-09-29 07:37:27,2026-09-29 10:30:06
SUMM-D00720,Contacted,2026-09-29 10:30:06,
SUMM-D00721,New,2026-09-29 19:25:27,2026-09-29 23:39:21
SUMM-D00721,Contacted,2026-09-29 23:39:21,2026-09-30 22:10:36
SUMM-D00721,Lost,2026-09-30 22:10:36,
SUMM-D00722,New,2026-09-29 18:36:25,2026-09-29 21:41:14
SUMM-D00722,Contacted,2026-09-29 21:41:14,
SUMM-D00723,New,2026-09-30 02:41:31,2026-09-30 15:33:05
SUMM-D00723,Contacted,2026-09-30 15:33:05,
SUMM-D00724,New,2026-09-29 20:17:00,2026-09-30 04:41:32
SUMM-D00724,Contacted,2026-09-30 04:41:32,2026-09-30 15:38:52
SUMM-D00724,Lost,2026-09-30 15:38:52,
