lead_id,company,contact_name,title,email,created_date,lead_source,utm_source,utm_medium,utm_campaign,territory,fit_score
SUMM-L00001,Phillips PLC,Rachel Dennis,Owner,rachel.dennis@phillipsplc.example.com,2026-04-01 00:24:54,Outbound,,,,FL,90
SUMM-L00002,Schmidt Bright and Cisneros,Jessica Allen,Facilities Manager,jessica.allen@schmidtbrightandcisneros.example.com,2026-04-01 06:49:21,Outbound,,,,TX,63
SUMM-L00003,Hudson-Patel,Perry Cooke,Owner,perry.cooke@hudsonpatel.example.com,2026-04-01 07:45:42,Outbound,,,,CA,63
SUMM-L00004,Smith LLC,Marc Kelly,,marc.kelly@smithllc.example.com,2026-04-01 08:31:10,Outbound,,,,GA,90
SUMM-L00005,Bell PLC,Jennifer Davis,Regional Facilities Lead,jennifer.davis@bellplc.example.com,2026-04-01 08:53:26,Outbound,,,,TX,90
SUMM-L00006,White Group,Michael Wood,Operations Director,michael.wood@whitegroup.example.com,2026-04-01 09:32:13,Google Ads,google,cpc,hvac_q2_search_emergency,GA,67
SUMM-L00007,Solis Group,Theresa Norton,Store Manager,theresa.norton@solisgroup.example.com,2026-04-01 13:42:09,Outbound,,,,TX,90
SUMM-L00008,Torres Dyer and Clark,Phillip Dickerson,,phillip.dickerson@torresdyerandclark.example.com,2026-04-01 14:08:02,Outbound,,,,TX,90
SUMM-L00009,Anderson-Maxwell,Andrew Lee,,andrew.lee@andersonmaxwell.example.com,2026-04-01 16:24:21,Outbound,,,,NC,63
SUMM-L00010,Williams Nelson and Ali,Kent Robinson,Maintenance Supervisor,kent.robinson@williamsnelsonandali.example.com,2026-04-01 16:25:50,Call Tracking,callrail,phone,gbp_listing,TX,70
SUMM-L00011,Kelley-Gomez,Vincent Thomas,Maintenance Supervisor,vincent.thomas@kelleygomez.example.com,2026-04-01 23:03:18,Meta Ads,facebook,paid_social,hvac_q2_facility_mgr,FL,61
SUMM-L00012,Underwood-Rodriguez,Thomas Frost,Property Manager,thomas.frost@underwoodrodriguez.example.com,2026-04-02 05:12:43,Meta Ads,facebook,paid_social,hvac_q2_facility_mgr,NC,56
SUMM-L00013,Ray Williams and Thomas,Scott Smith,Facilities Manager,scott.smith@raywilliamsandthomas.example.com,2026-04-02 06:19:03,Outbound,,,,CA,74
SUMM-L00014,Nelson Noble and Alvarado,Julie Johnson,Regional Facilities Lead,julie.johnson@nelsonnobleandalvarado.example.com,2026-04-02 08:42:44,Outbound,,,,GA,63
SUMM-L00015,Allen-Marks,Teresa Alvarez,Owner,teresa.alvarez@allenmarks.example.com,2026-04-02 09:02:25,Outbound,,,,TX,90
SUMM-L00016,Weaver-Carlson,Russell Simpson,,russell.simpson@weavercarlson.example.com,2026-04-02 12:06:50,Meta Ads,facebook,paid_social,hvac_q2_facility_mgr,GA,88
SUMM-L00017,Hughes and Sons,Paul Cordova,Building Engineer,paul.cordova@hughesandsons.example.com,2026-04-02 14:00:35,Outbound,,,,TX,78
SUMM-L00018,Sims-Mcmahon,Andrea Castaneda,Facilities Manager,andrea.castaneda@simsmcmahon.example.com,2026-04-02 14:07:03,Call Tracking,callrail,phone,gbp_listing,NC,40
SUMM-L00019,Payne Brown and Herman,Gary Reese,Building Engineer,gary.reese@paynebrownandherman.example.com,2026-04-02 14:30:02,Google Ads,google,cpc,hvac_q2_search_emergency,FL,67
SUMM-L00020,Sutton Meyer and Lynn,Gordon Chan,Owner,gordon.chan@suttonmeyerandlynn.example.com,2026-04-02 14:51:53,Outbound,,,,,63
SUMM-L00021,Edwards and Sons,Jack Robinson,Regional Facilities Lead,jack.robinson@edwardsandsons.example.com,2026-04-02 17:42:54,Meta Ads,facebook,paid_social,,TX,58
SUMM-L00022,Woodard-White,Jeremy Anderson,Owner,jeremy.anderson@woodardwhite.example.com,2026-04-02 19:21:23,Google Ads,google,cpc,hvac_q2_search_emergency,,93
SUMM-L00023,Anderson Harmon and Harvey,Zachary Brown,Building Engineer,zachary.brown@andersonharmonandharvey.example.com,2026-04-03 00:16:08,Outbound,,,,NC,78
SUMM-L00024,Anderson-Rivera,Amber Wood,,amber.wood@andersonrivera.example.com,2026-04-03 02:47:49,Call Tracking,callrail,phone,gbp_listing,FL,70
SUMM-L00025,Shaw LLC,Kristen Weber,Owner,kristen.weber@shawllc.example.com,2026-04-03 04:11:41,Google Ads,google,cpc,hvac_q2_search_emergency,TX,94
SUMM-L00026,Smith LLC,Nathan Chavez,Owner,nathan.chavez@smithllc.example.com,2026-04-03 05:28:56,Call Tracking,callrail,phone,gbp_listing,GA,97
SUMM-L00027,Murray Hubbard and Murphy,Steven Robertson,Building Engineer,steven.robertson@murrayhubbardandmurphy.example.com,2026-04-03 07:52:33,Outbound,,,,GA,90
SUMM-L00028,Webb-Gomez,Matthew Snyder,Regional Facilities Lead,matthew.snyder@webbgomez.example.com,2026-04-03 08:31:31,Outbound,,,,AZ,63
SUMM-L00029,Chan-Keller,Tom Mosley,Maintenance Supervisor,tom.mosley@chankeller.example.com,2026-04-03 12:19:23,Google Ads,google,cpc,,TX,94
SUMM-L00030,Carpenter-Murray,Mario Stephens,Facilities Manager,mario.stephens@carpentermurray.example.com,2026-04-03 12:41:12,Referral,,,,TX,73
SUMM-L00031,Ellis Ford and Weaver,April Robertson,Maintenance Supervisor,april.robertson@ellisfordandweaver.example.com,2026-04-03 17:16:00,Outbound,,,,GA,63
SUMM-L00032,Espinoza Ward and Mcdaniel,Daniel Long,Operations Director,daniel.long@espinozawardandmcdaniel.example.com,2026-04-03 18:26:13,Outbound,,,,,
SUMM-L00033,Byrd Ltd,Harold Lee,Property Manager,harold.lee@byrdltd.example.com,2026-04-04 04:31:12,Call Tracking,callrail,phone,local_services,AZ,97
SUMM-L00034,Ellis LLC,Richard Arnold,Property Manager,richard.arnold@ellisllc.example.com,2026-04-04 05:42:26,Outbound,,,,AZ,63
SUMM-L00035,Smith PLC,Justin King,Store Manager,justin.king@smithplc.example.com,2026-04-04 08:43:11,Google Ads,google,cpc,hvac_q2_search_emergency,TX,57
SUMM-L00036,Wilson-Fisher,Jason Nelson,Maintenance Supervisor,jason.nelson@wilsonfisher.example.com,2026-04-04 11:53:08,Outbound,,,,,63
SUMM-L00037,Shepherd Gibson and Powell,Kirsten Spears,Building Engineer,kirsten.spears@shepherdgibsonandpowell.example.com,2026-04-04 12:30:20,Meta Ads,facebook,paid_social,hvac_q2_facility_mgr,FL,61
SUMM-L00038,Hooper-Madden,Amanda Gibbs,Property Manager,amanda.gibbs@hoopermadden.example.com,2026-04-04 16:54:30,Outbound,,,,GA,63
SUMM-L00039,Bradley LLC,Brian Bowers,Facilities Manager,brian.bowers@bradleyllc.example.com,2026-04-04 17:36:00,Call Tracking,callrail,phone,local_services,TX,97
SUMM-L00040,Jones and Sons,Ashley Daniels,Building Engineer,ashley.daniels@jonesandsons.example.com,2026-04-05 05:54:51,Outbound,,,,GA,
SUMM-L00041,Butler Cook and Davis,Monique Adams,Owner,monique.adams@butlercookanddavis.example.com,2026-04-05 06:57:01,Call Tracking,callrail,phone,gbp_listing,GA,97
SUMM-L00042,Robertson Carroll and Thomas,Jack Harris,Operations Director,jack.harris@robertsoncarrollandthoma.example.com,2026-04-05 09:31:10,Outbound,,,,AZ,
SUMM-L00043,Clay-Rocha,Matthew Kelley,Property Manager,matthew.kelley@clayrocha.example.com,2026-04-05 11:17:53,Outbound,,,,TX,63
SUMM-L00044,Morris Clarke and Andrade,Natalie Sanchez,Operations Director,natalie.sanchez@morrisclarkeandandrade.example.com,2026-04-06 03:50:57,Call Tracking,callrail,phone,local_services,NC,97
SUMM-L00045,Robinson Inc,Roy Johnson,Regional Facilities Lead,roy.johnson@robinsoninc.example.com,2026-04-06 04:29:07,Google Ads,google,cpc,hvac_q2_search_emergency,TX,37
SUMM-L00046,Garrett Inc,Nicholas Carroll,,nicholas.carroll@garrettinc.example.com,2026-04-06 08:57:04,Outbound,,,,AZ,63
SUMM-L00047,Francis-Mueller,David Griffin,Regional Facilities Lead,david.griffin@francismueller.example.com,2026-04-06 09:30:24,Outbound,,,,FL,63
SUMM-L00048,Webb Andrews and Delacruz,Ian Moore,Store Manager,ian.moore@webbandrewsanddelacruz.example.com,2026-04-06 11:38:09,Outbound,,,,NC,60
SUMM-L00049,Stewart-Sullivan,Angela Osborn,,angela.osborn@stewartsullivan.example.com,2026-04-06 15:49:59,Outbound,,,,FL,
SUMM-L00050,Rice-Martinez,Scott Contreras,,scott.contreras@ricemartinez.example.com,2026-04-06 16:40:01,Outbound,,,,NC,63
SUMM-L00051,Santos Dean and Decker,Bryan Johnson,Facilities Manager,bryan.johnson@santosdeananddecker.example.com,2026-04-06 20:37:53,Outbound,,,,AZ,90
SUMM-L00052,Anderson PLC,Valerie Thomas,,valerie.thomas@andersonplc.example.com,2026-04-07 09:35:26,Outbound,,,,,60
SUMM-L00053,Jones Inc,Richard Bradford,Regional Facilities Lead,richard.bradford@jonesinc.example.com,2026-04-07 09:43:16,Meta Ads,facebook,paid_social,,NC,31
SUMM-L00054,Robinson and Sons,Paige Anderson,Operations Director,paige.anderson@robinsonandsons.example.com,2026-04-07 13:03:50,Meta Ads,facebook,paid_social,hvac_q2_facility_mgr,FL,61
SUMM-L00055,York PLC,Brenda Taylor,Operations Director,brenda.taylor@yorkplc.example.com,2026-04-07 13:12:26,Outbound,,,,FL,63
SUMM-L00056,Sandoval-Murphy,Rebecca Morris,Operations Director,rebecca.morris@sandovalmurphy.example.com,2026-04-07 15:17:34,Outbound,,,,TX,63
SUMM-L00057,Alexander Group,Lisa Sanders,Store Manager,lisa.sanders@alexandergroup.example.com,2026-04-07 16:43:50,Outbound,,,,CA,63
SUMM-L00058,Scott-Klein,Kari Nichols,Property Manager,kari.nichols@scottklein.example.com,2026-04-08 02:56:04,Outbound,,,,CA,63
SUMM-L00059,Porter Porter and Aguilar,Melissa Hanson,Property Manager,melissa.hanson@porterporterandaguilar.example.com,2026-04-08 08:00:57,Call Tracking,callrail,phone,local_services,TX,67
SUMM-L00060,Willis Ltd,Eric Fischer,Building Engineer,eric.fischer@willisltd.example.com,2026-04-08 08:31:56,Google Ads,google,cpc,hvac_q2_search_emergency,NC,
SUMM-L00061,Henderson Joseph and Burns,Rebecca Morgan,Building Engineer,rebecca.morgan@hendersonjosephandburns.example.com,2026-04-08 08:55:07,Outbound,,,,TX,61
SUMM-L00062,Martinez Davis and Jackson,Sarah Stevens,,sarah.stevens@martinezdavisandjackson.example.com,2026-04-08 09:19:11,Call Tracking,callrail,phone,local_services,TX,70
SUMM-L00063,Greene Group,Brooke Walker,Operations Director,brooke.walker@greenegroup.example.com,2026-04-08 09:31:05,Outbound,,,,TX,63
SUMM-L00064,Farrell PLC,Victor Johnson,Facilities Manager,victor.johnson@farrellplc.example.com,2026-04-08 10:39:38,Call Tracking,callrail,phone,local_services,TX,68
SUMM-L00065,Rodgers Norman and Hubbard,Tyrone Santos,Building Engineer,tyrone.santos@rodgersnormanandhubbard.example.com,2026-04-08 14:18:37,Call Tracking,callrail,phone,gbp_listing,AZ,97
SUMM-L00066,Miller Ltd,Paul Hayes,Facilities Manager,paul.hayes@millerltd.example.com,2026-04-08 16:21:01,Google Ads,google,cpc,hvac_q2_search_emergency,CA,67
SUMM-L00067,Noble Inc,David Mendoza,Regional Facilities Lead,david.mendoza@nobleinc.example.com,2026-04-08 17:01:35,Referral,,,,GA,100
SUMM-L00068,Daniels-Bush,James Burton,Building Engineer,james.burton@danielsbush.example.com,2026-04-08 18:50:17,Referral,,,,AZ,73
SUMM-L00069,Griffin-Reyes,Curtis Howell,Regional Facilities Lead,curtis.howell@griffinreyes.example.com,2026-04-08 19:42:51,Outbound,,,,GA,90
SUMM-L00070,Miller Mitchell and Campos,John Ramirez,Regional Facilities Lead,john.ramirez@millermitchellandcampos.example.com,2026-04-08 20:09:45,Meta Ads,facebook,paid_social,,,75
SUMM-L00071,Kline Wright and Ward,Michael Cox,Facilities Manager,michael.cox@klinewrightandward.example.com,2026-04-09 05:01:25,Outbound,,,,TX,90
SUMM-L00072,Greene Group,Mark Garza,Maintenance Supervisor,mark.garza@greenegroup.example.com,2026-04-09 08:16:38,Meta Ads,facebook,paid_social,hvac_q2_facility_mgr,TX,61
SUMM-L00073,Perry-Jackson,Michelle Martinez,Operations Director,michelle.martinez@perryjackson.example.com,2026-04-09 08:57:12,Call Tracking,callrail,phone,gbp_listing,TX,97
SUMM-L00074,Jones Group,Sean Brown,Store Manager,sean.brown@jonesgroup.example.com,2026-04-09 09:45:28,Referral,,,,CA,54
SUMM-L00075,Silva Taylor and Johnson,Andrew Kent,,andrew.kent@silvataylorandjohnson.example.com,2026-04-09 11:00:45,Call Tracking,callrail,phone,gbp_listing,Unassigned,
SUMM-L00076,Pierce-Romero,Tammy Bradley,Maintenance Supervisor,tammy.bradley@pierceromero.example.com,2026-04-09 12:47:37,Outbound,,,,TX,33
SUMM-L00077,Johnson-Johnson,Jeffrey Ramirez,,jeffrey.ramirez@johnsonjohnson.example.com,2026-04-09 17:26:15,Google Ads,google,cpc,hvac_q2_search_emergency,TX,67
SUMM-L00078,Phelps Mendez and Ramirez,Samantha Harris,Operations Director,samantha.harris@phelpsmendezandramirez.example.com,2026-04-09 19:16:24,Google Ads,google,cpc,hvac_q2_search_emergency,AZ,67
SUMM-L00079,Jenkins Ltd,Michael Smith,Facilities Manager,michael.smith@jenkinsltd.example.com,2026-04-10 02:31:10,Referral,,,,TX,72
SUMM-L00080,Price PLC,Kelly Booker,Maintenance Supervisor,kelly.booker@priceplc.example.com,2026-04-10 08:26:44,Call Tracking,callrail,phone,local_services,GA,61
SUMM-L00081,Stone Ltd,Kelly Smith,,kelly.smith@stoneltd.example.com,2026-04-10 10:59:58,Outbound,,,,CA,80
SUMM-L00082,Arellano Williams and West,Nicole Nguyen,Facilities Manager,nicole.nguyen@arellanowilliamsandwest.example.com,2026-04-10 11:22:24,Call Tracking,callrail,phone,gbp_listing,NC,
SUMM-L00083,Burton Bailey and White,Carrie Macdonald,Store Manager,carrie.macdonald@burtonbaileyandwhite.example.com,2026-04-10 11:25:44,Outbound,,,,GA,42
SUMM-L00084,Perry LLC,Duane Odonnell,Maintenance Supervisor,duane.odonnell@perryllc.example.com,2026-04-10 11:35:26,Outbound,,,,TX,63
SUMM-L00085,Crawford Inc,Jennifer Dodson,Regional Facilities Lead,jennifer.dodson@crawfordinc.example.com,2026-04-10 11:52:13,Outbound,,,,CA,90
SUMM-L00086,Campbell Gomez and Banks,Anne Davidson,Maintenance Supervisor,anne.davidson@campbellgomezandbanks.example.com,2026-04-10 14:38:57,Referral,,,,FL,
SUMM-L00087,Harrison Ltd,Ray Jones,Building Engineer,ray.jones@harrisonltd.example.com,2026-04-11 02:33:46,Outbound,,,,GA,90
SUMM-L00088,Alexander PLC,Robert Hill,Building Engineer,robert.hill@alexanderplc.example.com,2026-04-11 10:55:30,Outbound,,,,AZ,63
SUMM-L00089,Blackburn Jones and Whitehead,Ruben Woods,Operations Director,ruben.woods@blackburnjonesandwhitehe.example.com,2026-04-11 16:49:18,Outbound,,,,CA,90
SUMM-L00090,Elliott-Washington,Gina Evans,Store Manager,gina.evans@elliottwashington.example.com,2026-04-11 21:35:04,Outbound,,,,NC,63
SUMM-L00091,Jackson Scott and Moore,Hannah Rivas,,hannah.rivas@jacksonscottandmoore.example.com,2026-04-11 22:04:45,Meta Ads,facebook,paid_social,hvac_q2_facility_mgr,GA,
SUMM-L00092,Little Ltd,Charles Harper,Maintenance Supervisor,charles.harper@littleltd.example.com,2026-04-11 23:12:51,Google Ads,google,cpc,hvac_q2_search_emergency,CA,67
SUMM-L00093,Wood Ltd,Mary Carlson,,mary.carlson@woodltd.example.com,2026-04-11 23:48:14,Google Ads,google,cpc,hvac_q2_search_emergency,AZ,67
SUMM-L00094,Keller-Ramos,Patricia Murphy,Owner,patricia.murphy@kellerramos.example.com,2026-04-12 00:55:29,Call Tracking,callrail,phone,gbp_listing,CA,70
SUMM-L00095,Gilbert Medina and Shields,Amanda Robinson,Store Manager,amanda.robinson@gilbertmedinaandshields.example.com,2026-04-12 06:31:48,Call Tracking,callrail,phone,gbp_listing,TX,70
SUMM-L00096,Sexton Koch and Williams,Bruce Nelson,,bruce.nelson@sextonkochandwilliams.example.com,2026-04-12 16:53:25,Outbound,,,,FL,63
SUMM-L00097,Ibarra-Campbell,Andrew Black,,andrew.black@ibarracampbell.example.com,2026-04-12 19:57:19,Meta Ads,facebook,paid_social,hvac_q2_facility_mgr,TX,88
SUMM-L00098,Barr Group,Andre Castillo,Building Engineer,andre.castillo@barrgroup.example.com,2026-04-12 23:35:10,Outbound,,,,AZ,63
SUMM-L00099,Cruz PLC,Samantha Clark,Store Manager,samantha.clark@cruzplc.example.com,2026-04-13 03:25:30,Call Tracking,callrail,phone,gbp_listing,TX,55
SUMM-L00100,Jacobs Inc,William Smith,Store Manager,william.smith@jacobsinc.example.com,2026-04-13 05:43:41,Outbound,,,,FL,90
SUMM-L00101,Medina Inc,Zachary Morales,,zachary.morales@medinainc.example.com,2026-04-13 09:55:02,Meta Ads,facebook,paid_social,,AZ,51
SUMM-L00102,Kline Group,Gerald Todd,Maintenance Supervisor,gerald.todd@klinegroup.example.com,2026-04-13 11:21:22,Google Ads,google,cpc,hvac_q2_search_emergency,NC,
SUMM-L00103,Reyes Aguilar and Lynch,Christopher Fowler,Facilities Manager,christopher.fowler@reyesaguilarandlynch.example.com,2026-04-13 12:21:00,Google Ads,google,cpc,hvac_q2_search_emergency,FL,67
SUMM-L00104,Williams Inc,Sharon Sharp,Maintenance Supervisor,sharon.sharp@williamsinc.example.com,2026-04-13 14:03:46,Google Ads,google,cpc,hvac_q2_search_emergency,TX,94
SUMM-L00105,Warren-Rodriguez,Robert Johnson,,robert.johnson@warrenrodriguez.example.com,2026-04-13 14:04:05,Outbound,,,,,63
SUMM-L00106,Jones-Smith,Gail Lewis,Maintenance Supervisor,gail.lewis@jonessmith.example.com,2026-04-13 14:14:59,Call Tracking,callrail,phone,gbp_listing,Unassigned,
SUMM-L00107,Taylor Avila and Boone,Rebecca Gilbert,,rebecca.gilbert@tayloravilaandboone.example.com,2026-04-13 14:39:07,Outbound,,,,GA,90
SUMM-L00108,Miller-Walters,Douglas Reese,Operations Director,douglas.reese@millerwalters.example.com,2026-04-13 15:33:35,Outbound,,,,TX,53
SUMM-L00109,Santos LLC,Jessica Edwards,Maintenance Supervisor,jessica.edwards@santosllc.example.com,2026-04-13 16:52:56,Call Tracking,callrail,phone,gbp_listing,,70
SUMM-L00110,Freeman-Ballard,Charles Montgomery,Facilities Manager,charles.montgomery@freemanballard.example.com,2026-04-13 17:57:37,Outbound,,,,NC,67
SUMM-L00111,Lara Smith and Gonzalez,Taylor Thomas,Maintenance Supervisor,taylor.thomas@larasmithandgonzalez.example.com,2026-04-13 23:55:07,Outbound,,,,GA,63
SUMM-L00112,Taylor-Cole,Mark Quinn,Operations Director,mark.quinn@taylorcole.example.com,2026-04-14 08:54:28,Outbound,,,,TX,90
SUMM-L00113,White LLC,Kimberly Fernandez,Property Manager,kimberly.fernandez@whitellc.example.com,2026-04-14 09:27:58,Call Tracking,callrail,phone,local_services,FL,70
SUMM-L00114,Lee Lara and Alvarez,Christina Lopez,Facilities Manager,christina.lopez@leelaraandalvarez.example.com,2026-04-14 09:32:49,Outbound,,,,TX,90
SUMM-L00115,Reyes-Meyer,Emily Moran,Store Manager,emily.moran@reyesmeyer.example.com,2026-04-14 12:28:03,Outbound,,,,GA,90
SUMM-L00116,Pena Aguirre and Mullen,Gabrielle Gonzalez,Maintenance Supervisor,gabrielle.gonzalez@penaaguirreandmullen.example.com,2026-04-14 15:28:45,Outbound,,,,FL,90
SUMM-L00117,Brown-Edwards,Raymond Perkins,Facilities Manager,raymond.perkins@brownedwards.example.com,2026-04-14 16:05:45,Outbound,,,,GA,
SUMM-L00118,Steele-Miller,Kaitlyn Daniels,Store Manager,kaitlyn.daniels@steelemiller.example.com,2026-04-14 17:49:23,Outbound,,,,TX,37
SUMM-L00119,Dunn-Reese,Samantha Patterson,Store Manager,samantha.patterson@dunnreese.example.com,2026-04-14 17:57:31,Outbound,,,,AZ,
SUMM-L00120,Guzman-Martinez,Makayla Roberts,Maintenance Supervisor,makayla.roberts@guzmanmartinez.example.com,2026-04-15 02:20:06,Call Tracking,callrail,phone,local_services,FL,70
SUMM-L00121,Fox and Sons,Amy Sandoval,Facilities Manager,amy.sandoval@foxandsons.example.com,2026-04-15 04:18:04,Outbound,,,,TX,33
SUMM-L00122,Lambert Thomas and Chung,Carol Harrison,Maintenance Supervisor,carol.harrison@lambertthomasandchung.example.com,2026-04-15 06:30:50,Referral,,,,FL,
SUMM-L00123,Nicholson Group,Timothy Morse,Owner,timothy.morse@nicholsongroup.example.com,2026-04-15 08:04:37,Outbound,,,,NC,90
SUMM-L00124,Whitaker Pratt and Olson,Andrew Gill,Regional Facilities Lead,andrew.gill@whitakerprattandolson.example.com,2026-04-15 11:05:34,Outbound,,,,CA,60
SUMM-L00125,Hill-Bishop,Jessica Hale,Owner,jessica.hale@hillbishop.example.com,2026-04-15 12:29:12,Outbound,,,,TX,
SUMM-L00126,Ruiz Ltd,Danny Wong,Owner,danny.wong@ruizltd.example.com,2026-04-15 13:01:38,Outbound,,,,CA,63
SUMM-L00127,Allen-Berry,Mariah Lopez,Building Engineer,mariah.lopez@allenberry.example.com,2026-04-15 13:46:05,Meta Ads,facebook,paid_social,hvac_q2_facility_mgr,TX,88
SUMM-L00128,Moore Phillips and Johnson,Meagan Henderson,Property Manager,meagan.henderson@moorephillipsandjohnson.example.com,2026-04-15 15:23:22,Referral,,,,TX,73
SUMM-L00129,Jenkins Inc,Wesley Jacobs,Regional Facilities Lead,wesley.jacobs@jenkinsinc.example.com,2026-04-15 17:32:56,Google Ads,google,cpc,hvac_q2_search_emergency,TX,67
SUMM-L00130,Schwartz-Hall,Kevin Gibson,Property Manager,kevin.gibson@schwartzhall.example.com,2026-04-16 01:01:41,Outbound,,,,NC,60
SUMM-L00131,Figueroa Ltd,Nicholas Jackson,Building Engineer,nicholas.jackson@figueroaltd.example.com,2026-04-16 06:11:57,Referral,,,,TX,70
SUMM-L00132,Bush Scott and Colon,Candace Carter,Building Engineer,candace.carter@bushscottandcolon.example.com,2026-04-16 08:53:46,Outbound,,,,AZ,79
SUMM-L00133,Clark-Brooks,Cynthia Williams,,cynthia.williams@clarkbrooks.example.com,2026-04-16 11:00:24,Outbound,,,,GA,82
SUMM-L00134,Chavez Ltd,Derek Strong,Owner,derek.strong@chavezltd.example.com,2026-04-16 14:14:05,Outbound,,,,FL,61
SUMM-L00135,Martin Palmer and Solomon,Jonathan Lambert,Building Engineer,jonathan.lambert@martinpalmerandsolomon.example.com,2026-04-16 17:26:33,Call Tracking,callrail,phone,gbp_listing,TX,97
SUMM-L00136,Stein-Cole,John Fisher,Maintenance Supervisor,john.fisher@steincole.example.com,2026-04-16 18:29:03,Referral,,,,FL,73
SUMM-L00137,Hobbs Cowan and Harris,Cynthia Lee,Maintenance Supervisor,cynthia.lee@hobbscowanandharris.example.com,2026-04-16 22:11:05,Call Tracking,callrail,phone,local_services,,67
SUMM-L00138,Raymond-Johnson,Vincent Smith,Owner,vincent.smith@raymondjohnson.example.com,2026-04-17 09:11:19,Google Ads,google,cpc,hvac_q2_search_emergency,,64
SUMM-L00139,Lewis Wilson and Foster,Bailey Wilson,Regional Facilities Lead,bailey.wilson@lewiswilsonandfoster.example.com,2026-04-17 12:02:29,Call Tracking,callrail,phone,gbp_listing,NC,70
SUMM-L00140,Smith Morales and Graves,Tina Clarke,,tina.clarke@smithmoralesandgraves.example.com,2026-04-17 19:27:03,Referral,,,,AZ,73
SUMM-L00141,Moreno-Riddle,Stephen Walker,Property Manager,stephen.walker@morenoriddle.example.com,2026-04-18 11:00:40,Call Tracking,callrail,phone,local_services,AZ,97
SUMM-L00142,Glenn-Vincent,Kimberly Hayes,Property Manager,kimberly.hayes@glennvincent.example.com,2026-04-18 14:55:01,Call Tracking,callrail,phone,gbp_listing,TX,97
SUMM-L00143,Parker-Jimenez,Sarah Madden,,sarah.madden@parkerjimenez.example.com,2026-04-18 16:43:41,Outbound,,,,,90
SUMM-L00144,Joseph-Alvarez,Kelly Wilson,Operations Director,kelly.wilson@josephalvarez.example.com,2026-04-18 18:46:20,Outbound,,,,GA,
SUMM-L00145,Turner-Davis,Lisa Steele,Facilities Manager,lisa.steele@turnerdavis.example.com,2026-04-18 20:42:51,Call Tracking,callrail,phone,gbp_listing,AZ,97
SUMM-L00146,Smith Crawford and Hamilton,Scott Baker,Facilities Manager,scott.baker@smithcrawfordandhamilton.example.com,2026-04-19 00:32:21,Google Ads,google,cpc,hvac_q2_search_emergency,CA,67
SUMM-L00147,Duke Moreno and Green,Jacob Parker,Maintenance Supervisor,jacob.parker@dukemorenoandgreen.example.com,2026-04-19 01:05:03,Referral,,,,NC,73
SUMM-L00148,Williams-Rodriguez,William Scott,Facilities Manager,william.scott@williamsrodriguez.example.com,2026-04-19 02:32:40,Outbound,,,,FL,90
SUMM-L00149,Solis Ltd,Nancy Kerr,Property Manager,nancy.kerr@solisltd.example.com,2026-04-19 03:30:28,Google Ads,google,cpc,hvac_q2_search_emergency,TX,94
SUMM-L00150,Clark Rosales and Schmitt,Alexandria Berry,Property Manager,alexandria.berry@clarkrosalesandschmitt.example.com,2026-04-19 03:45:50,Meta Ads,facebook,paid_social,hvac_q2_facility_mgr,NC,61
SUMM-L00151,Hood PLC,Jane Garcia,Store Manager,jane.garcia@hoodplc.example.com,2026-04-19 08:14:05,Google Ads,google,cpc,hvac_q2_search_emergency,AZ,67
SUMM-L00152,Rivera LLC,Anna Cummings,Facilities Manager,anna.cummings@riverallc.example.com,2026-04-19 09:25:42,Google Ads,google,cpc,hvac_q2_search_emergency,NC,67
SUMM-L00153,Hobbs-Chandler,Paul Moss,Property Manager,paul.moss@hobbschandler.example.com,2026-04-19 17:58:17,Call Tracking,callrail,phone,gbp_listing,TX,70
SUMM-L00154,Knapp-Simmons,William Holland,Store Manager,william.holland@knappsimmons.example.com,2026-04-19 19:31:22,Outbound,,,,CA,54
SUMM-L00155,Richards-Flynn,Joanne Richardson,Store Manager,joanne.richardson@richardsflynn.example.com,2026-04-20 00:34:19,Google Ads,google,cpc,hvac_q2_search_emergency,FL,75
SUMM-L00156,Robles Ltd,Darius Rodriguez,,darius.rodriguez@roblesltd.example.com,2026-04-20 11:29:10,Call Tracking,callrail,phone,gbp_listing,NC,97
SUMM-L00157,Bryan-Wilson,Danny Mcmillan,Property Manager,danny.mcmillan@bryanwilson.example.com,2026-04-20 11:38:40,Outbound,,,,TX,63
SUMM-L00158,Buchanan-Moody,Joel Burns,Maintenance Supervisor,joel.burns@buchananmoody.example.com,2026-04-20 12:02:55,Call Tracking,callrail,phone,local_services,NC,70
SUMM-L00159,Fisher Trujillo and Walker,Julie Knight,Owner,julie.knight@fishertrujilloandwalker.example.com,2026-04-20 12:04:56,Outbound,,,,AZ,90
SUMM-L00160,Hudson-Sellers,Shelby Gentry,Property Manager,shelby.gentry@hudsonsellers.example.com,2026-04-20 12:52:01,Referral,,,,AZ,73
SUMM-L00161,Durham and Sons,Andrea Welch,Owner,andrea.welch@durhamandsons.example.com,2026-04-20 14:44:26,Call Tracking,callrail,phone,local_services,TX,70
SUMM-L00162,Mosley-Gentry,Annette Russell,Owner,annette.russell@mosleygentry.example.com,2026-04-20 16:55:39,Meta Ads,facebook,paid_social,hvac_q2_facility_mgr,TX,88
SUMM-L00163,Davis Bird and Alexander,Allison Schmidt,Operations Director,allison.schmidt@davisbirdandalexander.example.com,2026-04-20 17:56:57,Google Ads,google,cpc,hvac_q2_search_emergency,FL,64
SUMM-L00164,King Walters and Lara,Karen Gonzalez,Owner,karen.gonzalez@kingwaltersandlara.example.com,2026-04-20 19:11:34,Referral,,,,FL,
SUMM-L00165,Turner-Garcia,Pamela Ewing,Property Manager,pamela.ewing@turnergarcia.example.com,2026-04-20 23:35:14,Google Ads,google,cpc,,TX,67
SUMM-L00166,Koch-Harris,Michele Schwartz,Regional Facilities Lead,michele.schwartz@kochharris.example.com,2026-04-21 00:15:50,Call Tracking,callrail,phone,gbp_listing,GA,48
SUMM-L00167,Young Thomas and Collins,Bobby Edwards,,bobby.edwards@youngthomasandcollins.example.com,2026-04-21 09:29:41,Google Ads,google,cpc,hvac_q2_search_emergency,AZ,67
SUMM-L00168,Marshall Group,Gregory Hansen,Store Manager,gregory.hansen@marshallgroup.example.com,2026-04-21 11:05:44,Outbound,,,,AZ,63
SUMM-L00169,Foster-Morgan,Tammy Chambers,,tammy.chambers@fostermorgan.example.com,2026-04-21 12:31:45,Outbound,,,,FL,63
SUMM-L00170,Mason Shea and Moore,Melinda Lyons,Regional Facilities Lead,melinda.lyons@masonsheaandmoore.example.com,2026-04-21 12:50:05,Outbound,,,,AZ,
SUMM-L00171,Rodriguez-Gray,William Kramer,Owner,william.kramer@rodriguezgray.example.com,2026-04-21 13:15:06,Outbound,,,,,90
SUMM-L00172,Shepard Gonzalez and Clements,Nicole Munoz,Regional Facilities Lead,nicole.munoz@shepardgonzalezandclemen.example.com,2026-04-21 14:37:16,Outbound,,,,GA,90
SUMM-L00173,Robles Blackburn and Ford,Denise Harris,Building Engineer,denise.harris@roblesblackburnandford.example.com,2026-04-21 23:50:57,Outbound,,,,GA,90
SUMM-L00174,Chang-Wilson,John Garcia,Operations Director,john.garcia@changwilson.example.com,2026-04-22 05:03:05,Call Tracking,callrail,phone,local_services,FL,70
SUMM-L00175,Fernandez-Huff,Anna Thompson,Regional Facilities Lead,anna.thompson@fernandezhuff.example.com,2026-04-22 08:47:10,Call Tracking,callrail,phone,local_services,TX,66
SUMM-L00176,Gonzalez Moreno and Kim,Nicholas Gutierrez,Facilities Manager,nicholas.gutierrez@gonzalezmorenoandkim.example.com,2026-04-22 12:44:28,Google Ads,google,cpc,,NC,67
SUMM-L00177,Rogers French and Taylor,Edgar Black,Regional Facilities Lead,edgar.black@rogersfrenchandtaylor.example.com,2026-04-22 16:58:04,Referral,,,,TX,73
SUMM-L00178,Bell-Jennings,Rachel Pitts,Regional Facilities Lead,rachel.pitts@belljennings.example.com,2026-04-22 21:57:30,Meta Ads,facebook,paid_social,hvac_q2_facility_mgr,FL,88
SUMM-L00179,Thomas-Choi,John Mccarthy,Maintenance Supervisor,john.mccarthy@thomaschoi.example.com,2026-04-23 00:41:05,Outbound,,,,,90
SUMM-L00180,Jones and Sons,Renee Munoz,Operations Director,renee.munoz@jonesandsons.example.com,2026-04-23 03:57:33,Outbound,,,,GA,33
SUMM-L00181,Campbell PLC,Ashley Anderson,Building Engineer,ashley.anderson@campbellplc.example.com,2026-04-23 11:16:09,Outbound,,,,,90
SUMM-L00182,Bass-Oneal,Susan Bowman,Regional Facilities Lead,susan.bowman@bassoneal.example.com,2026-04-23 14:15:26,Outbound,,,,TX,33
SUMM-L00183,Clark-Daniels,Alicia Moore,Maintenance Supervisor,alicia.moore@clarkdaniels.example.com,2026-04-23 15:32:37,Call Tracking,callrail,phone,gbp_listing,FL,89
SUMM-L00184,Gonzalez Mahoney and Murillo,Jasmine Boyle,Building Engineer,jasmine.boyle@gonzalezmahoneyandmurill.example.com,2026-04-23 16:23:45,Referral,,,,NC,68
SUMM-L00185,Gonzalez Leonard and Rogers,Larry Smith,,larry.smith@gonzalezleonardandrogers.example.com,2026-04-23 17:47:21,Outbound,,,,AZ,90
SUMM-L00186,Wilson-Wagner,Katherine Shaw,Property Manager,katherine.shaw@wilsonwagner.example.com,2026-04-23 17:52:16,Call Tracking,callrail,phone,gbp_listing,NC,97
SUMM-L00187,Duffy Burton and Gonzalez,Christopher Sanchez,,christopher.sanchez@duffyburtonandgonzalez.example.com,2026-04-23 21:35:40,Outbound,,,,GA,90
SUMM-L00188,Massey Mack and Wallace,Julie Price,,julie.price@masseymackandwallace.example.com,2026-04-23 22:11:13,Referral,,,,,53
SUMM-L00189,Murphy Phillips and Jones,Christopher Aguilar,Property Manager,christopher.aguilar@murphyphillipsandjones.example.com,2026-04-24 04:20:11,Outbound,,,,TX,90
SUMM-L00190,Smith-Sanchez,Kevin Nguyen,Operations Director,kevin.nguyen@smithsanchez.example.com,2026-04-24 08:49:34,Outbound,,,,AZ,63
SUMM-L00191,Rodriguez Group,Joe Alexander,Property Manager,joe.alexander@rodriguezgroup.example.com,2026-04-24 10:06:34,Google Ads,google,cpc,hvac_q2_search_emergency,TX,67
SUMM-L00192,Weber Group,David Callahan,Maintenance Supervisor,david.callahan@webergroup.example.com,2026-04-24 12:42:08,Call Tracking,callrail,phone,local_services,NC,70
SUMM-L00193,Townsend Smith and Underwood,Meghan Short,Regional Facilities Lead,meghan.short@townsendsmithandunderwoo.example.com,2026-04-24 12:46:53,Outbound,,,,TX,90
SUMM-L00194,Green-Higgins,Alexis Wagner,Facilities Manager,alexis.wagner@greenhiggins.example.com,2026-04-24 17:22:00,Outbound,,,,FL,
SUMM-L00195,Browning Flores and Webb,Anthony Carter,Operations Director,anthony.carter@browningfloresandwebb.example.com,2026-04-24 17:57:27,Outbound,,,,AZ,63
SUMM-L00196,Rose-Harper,Michael Mitchell,Store Manager,michael.mitchell@roseharper.example.com,2026-04-24 22:15:57,Google Ads,google,cpc,hvac_q2_search_emergency,TX,67
SUMM-L00197,Davis PLC,Faith Pruitt,Owner,faith.pruitt@davisplc.example.com,2026-04-24 23:10:39,Call Tracking,callrail,phone,local_services,AZ,49
SUMM-L00198,Hudson-Lee,Brenda Peterson,Operations Director,brenda.peterson@hudsonlee.example.com,2026-04-25 03:28:17,Referral,,,,TX,
SUMM-L00199,Rodgers LLC,Scott Wagner,Building Engineer,scott.wagner@rodgersllc.example.com,2026-04-25 06:51:37,Call Tracking,callrail,phone,gbp_listing,TX,40
SUMM-L00200,Ramirez-Wilson,Julia Moore,Owner,julia.moore@ramirezwilson.example.com,2026-04-25 10:32:31,Referral,,,,NC,73
SUMM-L00201,Meyers and Sons,Jessica Moore,Store Manager,jessica.moore@meyersandsons.example.com,2026-04-25 12:49:02,Outbound,,,,FL,
SUMM-L00202,Peters-Miller,Jacob Bennett,Building Engineer,jacob.bennett@petersmiller.example.com,2026-04-25 15:11:51,Outbound,,,,GA,75
SUMM-L00203,Roberson Inc,Leah West,Property Manager,leah.west@robersoninc.example.com,2026-04-25 16:55:02,Outbound,,,,TX,63
SUMM-L00204,Carr and Sons,Jon Ryan,Regional Facilities Lead,jon.ryan@carrandsons.example.com,2026-04-25 22:08:36,Call Tracking,callrail,phone,gbp_listing,NC,63
SUMM-L00205,Chavez Jones and Johnson,Monique Williams,Regional Facilities Lead,monique.williams@chavezjonesandjohnson.example.com,2026-04-25 22:14:42,Call Tracking,callrail,phone,local_services,TX,70
SUMM-L00206,Larson Group,Tami Valdez,Store Manager,tami.valdez@larsongroup.example.com,2026-04-25 22:49:30,Outbound,,,,FL,90
SUMM-L00207,Schultz and Sons,James Wright,,james.wright@schultzandsons.example.com,2026-04-26 03:45:31,Outbound,,,,,63
SUMM-L00208,Cruz Noble and Porter,Hector Hawkins,Operations Director,hector.hawkins@cruznobleandporter.example.com,2026-04-26 16:48:14,Outbound,,,,FL,
SUMM-L00209,Tucker-Vang,Mary Wyatt,Store Manager,mary.wyatt@tuckervang.example.com,2026-04-26 23:52:26,Referral,,,,FL,73
SUMM-L00210,Gibson-Johnson,Maria Young,Maintenance Supervisor,maria.young@gibsonjohnson.example.com,2026-04-27 04:26:12,Google Ads,google,cpc,hvac_q2_search_emergency,GA,67
SUMM-L00211,Johnson Tyler and Hernandez,Rachael Howell,Facilities Manager,rachael.howell@johnsontylerandhernandez.example.com,2026-04-27 04:28:24,Outbound,,,,FL,
SUMM-L00212,Burke-Bowman,Evelyn Cox,Facilities Manager,evelyn.cox@burkebowman.example.com,2026-04-27 08:43:08,Outbound,,,,,37
SUMM-L00213,Cline Yates and Glass,David Allen,Regional Facilities Lead,david.allen@clineyatesandglass.example.com,2026-04-27 09:06:39,Google Ads,google,cpc,,CA,37
SUMM-L00214,Burke-Castillo,Jerry Hale,Regional Facilities Lead,jerry.hale@burkecastillo.example.com,2026-04-27 09:27:00,Google Ads,google,cpc,hvac_q2_search_emergency,NC,94
SUMM-L00215,Torres Hardy and Benson,Justin Thomas,Facilities Manager,justin.thomas@torreshardyandbenson.example.com,2026-04-27 10:14:48,Outbound,,,,GA,90
SUMM-L00216,Wilson-Sullivan,Matthew Anderson,Store Manager,matthew.anderson@wilsonsullivan.example.com,2026-04-27 11:28:11,Referral,,,,FL,73
SUMM-L00217,Brown-Jenkins,Michael Robinson,Regional Facilities Lead,michael.robinson@brownjenkins.example.com,2026-04-27 12:46:55,Meta Ads,facebook,paid_social,hvac_q2_facility_mgr,GA,58
SUMM-L00218,Payne French and Miller,Christopher Mclaughlin,Owner,christopher.mclaughlin@paynefrenchandmiller.example.com,2026-04-27 15:49:32,Meta Ads,facebook,paid_social,hvac_q2_facility_mgr,NC,86
SUMM-L00219,Anderson Inc,Jordan Davis,Property Manager,jordan.davis@andersoninc.example.com,2026-04-27 16:03:32,Outbound,,,,TX,63
SUMM-L00220,Olson and Sons,Reginald Robinson,Maintenance Supervisor,reginald.robinson@olsonandsons.example.com,2026-04-27 16:33:03,Google Ads,google,cpc,hvac_q2_search_emergency,,94
SUMM-L00221,Torres Mccormick and Butler,Sabrina Davis,,sabrina.davis@torresmccormickandbutler.example.com,2026-04-28 01:06:13,Call Tracking,callrail,phone,local_services,TX,40
SUMM-L00222,Warren-Reynolds,Rebecca Flores,Regional Facilities Lead,rebecca.flores@warrenreynolds.example.com,2026-04-28 02:27:30,Google Ads,google,cpc,hvac_q2_search_emergency,NC,67
SUMM-L00223,Miller Walker and Rose,Kelly Daniel,Maintenance Supervisor,kelly.daniel@millerwalkerandrose.example.com,2026-04-28 05:11:33,Google Ads,google,cpc,hvac_q2_search_emergency,NC,67
SUMM-L00224,Cox Smith and Rodriguez,Sandra Sexton,Operations Director,sandra.sexton@coxsmithandrodriguez.example.com,2026-04-28 06:41:32,Outbound,,,,AZ,63
SUMM-L00225,Lara-Warren,Darrell Black,Regional Facilities Lead,darrell.black@larawarren.example.com,2026-04-28 11:48:54,Call Tracking,callrail,phone,gbp_listing,AZ,70
SUMM-L00226,French-Brown,Sandra Mcclain,Regional Facilities Lead,sandra.mcclain@frenchbrown.example.com,2026-04-28 12:03:57,Outbound,,,,GA,63
SUMM-L00227,Adams-Kennedy,David Hamilton,Store Manager,david.hamilton@adamskennedy.example.com,2026-04-28 14:24:47,Call Tracking,callrail,phone,gbp_listing,TX,70
SUMM-L00228,Turner-Gregory,James Jackson,Facilities Manager,james.jackson@turnergregory.example.com,2026-04-28 14:44:03,Outbound,,,,TX,45
SUMM-L00229,Flores-Kidd,Charles Payne,Maintenance Supervisor,charles.payne@floreskidd.example.com,2026-04-28 16:58:58,Call Tracking,callrail,phone,local_services,AZ,97
SUMM-L00230,Burton-Pineda,Kara Finley,Operations Director,kara.finley@burtonpineda.example.com,2026-04-28 19:21:56,Outbound,,,,GA,90
SUMM-L00231,Wong Inc,Corey King,Regional Facilities Lead,corey.king@wonginc.example.com,2026-04-28 21:42:38,Call Tracking,callrail,phone,gbp_listing,TX,60
SUMM-L00232,Holmes Gregory and Alexander,Nichole Riley,Store Manager,nichole.riley@holmesgregoryandalexande.example.com,2026-04-29 08:56:17,Call Tracking,callrail,phone,gbp_listing,AZ,70
SUMM-L00233,Zimmerman LLC,Katherine Palmer,Facilities Manager,katherine.palmer@zimmermanllc.example.com,2026-04-29 17:47:25,Referral,,,,GA,100
SUMM-L00234,Garcia and Sons,David Medina,Operations Director,david.medina@garciaandsons.example.com,2026-04-29 20:10:38,Outbound,,,,FL,33
SUMM-L00235,Williams Mayer and Mclaughlin,David Richmond,Property Manager,david.richmond@williamsmayerandmclaughl.example.com,2026-04-29 21:11:42,Call Tracking,callrail,phone,local_services,NC,97
SUMM-L00236,Collins Johnson and George,Charles Jones,Facilities Manager,charles.jones@collinsjohnsonandgeorge.example.com,2026-04-30 09:57:18,Google Ads,google,cpc,hvac_q2_search_emergency,FL,94
SUMM-L00237,Gonzalez LLC,Rachel Smith,Property Manager,rachel.smith@gonzalezllc.example.com,2026-04-30 11:46:48,Outbound,,,,NC,90
SUMM-L00238,Hicks-Galloway,Kayla Barnes,Building Engineer,kayla.barnes@hicksgalloway.example.com,2026-04-30 13:24:09,Google Ads,google,cpc,hvac_q2_search_emergency,AZ,57
SUMM-L00239,Moore Inc,Ryan Wise,Facilities Manager,ryan.wise@mooreinc.example.com,2026-04-30 14:28:49,Call Tracking,callrail,phone,gbp_listing,TX,97
SUMM-L00240,Chase Ltd,Jamie Jensen,Property Manager,jamie.jensen@chaseltd.example.com,2026-04-30 14:56:17,Outbound,,,,TX,60
SUMM-L00241,Gonzalez White and Young,Elizabeth Gibbs,Regional Facilities Lead,elizabeth.gibbs@gonzalezwhiteandyoung.example.com,2026-04-30 15:10:13,Outbound,,,,NC,90
SUMM-L00242,Kane-Marquez,Dennis Dominguez,Operations Director,dennis.dominguez@kanemarquez.example.com,2026-04-30 15:36:33,Outbound,,,,NC,33
SUMM-L00243,Mooney Ltd,Cody Brown,Facilities Manager,cody.brown@mooneyltd.example.com,2026-04-30 17:01:01,Meta Ads,facebook,paid_social,hvac_q2_facility_mgr,GA,61
SUMM-L00244,Hubbard-Sullivan,Jennifer Jones,Facilities Manager,jennifer.jones@hubbardsullivan.example.com,2026-04-30 17:13:00,Referral,,,,AZ,
SUMM-L00245,Hobbs Ltd,Tammy Wade,Facilities Manager,tammy.wade@hobbsltd.example.com,2026-04-30 20:41:27,Call Tracking,callrail,phone,gbp_listing,FL,97
SUMM-L00246,Arnold-Hansen,Edward Smith,Owner,edward.smith@arnoldhansen.example.com,2026-05-01 07:03:28,Outbound,,,,FL,63
SUMM-L00247,Thompson-Rodriguez,Sarah King,,sarah.king@thompsonrodriguez.example.com,2026-05-01 07:47:29,Meta Ads,facebook,paid_social,hvac_q2_facility_mgr,TX,61
SUMM-L00248,Flores Williams and Young,Jacqueline Young,Facilities Manager,jacqueline.young@floreswilliamsandyoung.example.com,2026-05-01 11:17:47,Outbound,,,,TX,90
SUMM-L00249,Brown-Owens,Olivia Brown,Property Manager,olivia.brown@brownowens.example.com,2026-05-01 15:28:57,Outbound,,,,TX,90
SUMM-L00250,Robertson Inc,Judy Miller,Facilities Manager,judy.miller@robertsoninc.example.com,2026-05-01 21:13:55,Outbound,,,,Unassigned,13
SUMM-L00251,Harrell and Sons,Justin Simon,Store Manager,justin.simon@harrellandsons.example.com,2026-05-01 23:53:42,Call Tracking,callrail,phone,gbp_listing,TX,70
SUMM-L00252,Gibson-Herrera,Michelle Gonzalez,Owner,michelle.gonzalez@gibsonherrera.example.com,2026-05-02 06:45:57,Outbound,,,,GA,90
SUMM-L00253,Rodriguez LLC,Monica Collins,Property Manager,monica.collins@rodriguezllc.example.com,2026-05-02 06:52:17,Outbound,,,,TX,63
SUMM-L00254,Phillips Inc,Andrea Allen,Operations Director,andrea.allen@phillipsinc.example.com,2026-05-02 11:05:20,Meta Ads,facebook,paid_social,hvac_q2_facility_mgr,FL,61
SUMM-L00255,Wang Lambert and Miller,Nathan Rubio,Operations Director,nathan.rubio@wanglambertandmiller.example.com,2026-05-02 14:42:30,Meta Ads,facebook,paid_social,hvac_q2_facility_mgr,NC,88
SUMM-L00256,Barr-Daniels,Kathryn Rowe,,kathryn.rowe@barrdaniels.example.com,2026-05-02 15:27:54,Outbound,,,,TX,63
SUMM-L00257,Leonard Ross and Case,Michelle Bray,,michelle.bray@leonardrossandcase.example.com,2026-05-02 18:22:41,Call Tracking,callrail,phone,local_services,NC,70
SUMM-L00258,Schultz Harrison and Ward,Steven Stewart,Maintenance Supervisor,steven.stewart@schultzharrisonandward.example.com,2026-05-03 02:23:52,Google Ads,google,cpc,,,
SUMM-L00259,Davis-Bowers,Jeffery Gonzalez,Building Engineer,jeffery.gonzalez@davisbowers.example.com,2026-05-03 02:30:05,Call Tracking,callrail,phone,gbp_listing,TX,70
SUMM-L00260,Jones Farrell and Grant,Michael Martinez,Owner,michael.martinez@jonesfarrellandgrant.example.com,2026-05-03 05:46:11,Outbound,,,,Unassigned,52
SUMM-L00261,Flynn-Perez,Desiree Rowe,Store Manager,desiree.rowe@flynnperez.example.com,2026-05-03 06:12:53,Call Tracking,callrail,phone,gbp_listing,AZ,70
SUMM-L00262,Clark Group,Roger Stephens,,roger.stephens@clarkgroup.example.com,2026-05-03 18:52:45,Outbound,,,,GA,63
SUMM-L00263,Robinson Martin and Richards,Wanda Mclaughlin,Operations Director,wanda.mclaughlin@robinsonmartinandrichard.example.com,2026-05-04 04:56:10,Google Ads,google,cpc,hvac_q2_search_emergency,NC,65
SUMM-L00264,Sims-Cole,Larry Jones,,larry.jones@simscole.example.com,2026-05-04 12:55:06,Referral,,,,FL,73
SUMM-L00265,Hernandez Reynolds and Owens,Hannah Johnson,Store Manager,hannah.johnson@hernandezreynoldsandowen.example.com,2026-05-04 17:12:54,Outbound,,,,NC,90
SUMM-L00266,Hughes LLC,Jeremy Carter,Building Engineer,jeremy.carter@hughesllc.example.com,2026-05-04 17:31:59,Referral,,,,NC,97
SUMM-L00267,Blanchard Ltd,Matthew Conner,Building Engineer,matthew.conner@blanchardltd.example.com,2026-05-04 18:43:52,Google Ads,google,cpc,hvac_q2_search_emergency,GA,94
SUMM-L00268,Collins Inc,Kevin Rivera,Regional Facilities Lead,kevin.rivera@collinsinc.example.com,2026-05-04 19:36:33,Call Tracking,callrail,phone,local_services,GA,97
SUMM-L00269,Glass Walker and Dawson,Benjamin Stephenson,Building Engineer,benjamin.stephenson@glasswalkeranddawson.example.com,2026-05-04 23:39:23,Call Tracking,callrail,phone,gbp_listing,FL,70
SUMM-L00270,Wood-Mitchell,Kaitlyn Ferguson,Store Manager,kaitlyn.ferguson@woodmitchell.example.com,2026-05-05 07:14:20,Meta Ads,facebook,paid_social,hvac_q2_facility_mgr,AZ,88
SUMM-L00271,Taylor-Allen,Mary Wilson,Regional Facilities Lead,mary.wilson@taylorallen.example.com,2026-05-05 08:23:10,Referral,,,,GA,100
SUMM-L00272,Cantrell and Sons,Rickey Rogers,Regional Facilities Lead,rickey.rogers@cantrellandsons.example.com,2026-05-05 10:44:23,Outbound,,,,NC,60
SUMM-L00273,Williams Parker and White,David Rose,Building Engineer,david.rose@williamsparkerandwhite.example.com,2026-05-05 10:53:18,Call Tracking,callrail,phone,local_services,GA,97
SUMM-L00274,Cooke Ltd,Richard Douglas,Building Engineer,richard.douglas@cookeltd.example.com,2026-05-05 11:06:18,Call Tracking,callrail,phone,gbp_listing,TX,47
SUMM-L00275,Pena Green and Mills,Jonathan Wiley,Operations Director,jonathan.wiley@penagreenandmills.example.com,2026-05-05 12:57:10,Referral,,,,GA,
SUMM-L00276,Reyes Jones and Vazquez,Michael Hill,Maintenance Supervisor,michael.hill@reyesjonesandvazquez.example.com,2026-05-05 13:30:36,Outbound,,,,AZ,62
SUMM-L00277,Decker LLC,Antonio Hernandez,Owner,antonio.hernandez@deckerllc.example.com,2026-05-05 13:59:18,Google Ads,google,cpc,hvac_q2_search_emergency,TX,66
SUMM-L00278,Orr Inc,Michael Brown,Store Manager,michael.brown@orrinc.example.com,2026-05-05 15:29:35,Outbound,,,,,90
SUMM-L00279,Pearson Inc,Thomas Benson,Maintenance Supervisor,thomas.benson@pearsoninc.example.com,2026-05-05 16:48:04,Outbound,,,,,76
SUMM-L00280,Davis-Sampson,Mary Juarez,Owner,mary.juarez@davissampson.example.com,2026-05-05 17:02:07,Call Tracking,callrail,phone,local_services,TX,76
SUMM-L00281,Moore LLC,Thomas Johnson,Owner,thomas.johnson@moorellc.example.com,2026-05-06 01:20:55,Outbound,,,,GA,59
SUMM-L00282,Poole-Santos,Jacqueline Bright,Property Manager,jacqueline.bright@poolesantos.example.com,2026-05-06 06:37:29,Outbound,,,,AZ,90
SUMM-L00283,Mclaughlin Rich and Hays,Lisa Blackwell,Maintenance Supervisor,lisa.blackwell@mclaughlinrichandhays.example.com,2026-05-06 07:23:41,Outbound,,,,Unassigned,43
SUMM-L00284,Houston-Brown,Allison Kelley,Operations Director,allison.kelley@houstonbrown.example.com,2026-05-06 08:19:33,Outbound,,,,AZ,90
SUMM-L00285,Mcdonald Copeland and Mason,Nicholas Weaver,Owner,nicholas.weaver@mcdonaldcopelandandmason.example.com,2026-05-06 12:49:45,Outbound,,,,TX,60
SUMM-L00286,Lopez Inc,Jennifer King,Regional Facilities Lead,jennifer.king@lopezinc.example.com,2026-05-06 14:25:15,Outbound,,,,GA,33
SUMM-L00287,Watkins-Wheeler,Sarah Hernandez,Regional Facilities Lead,sarah.hernandez@watkinswheeler.example.com,2026-05-06 15:11:14,Outbound,,,,FL,72
SUMM-L00288,Phillips PLC,Anthony Rodriguez,Owner,anthony.rodriguez@phillipsplc.example.com,2026-05-06 16:40:32,Outbound,,,,FL,90
SUMM-L00289,Cook-Hernandez,Stephanie Hubbard,Operations Director,stephanie.hubbard@cookhernandez.example.com,2026-05-07 01:18:10,Outbound,,,,,90
SUMM-L00290,Bates Bartlett and Brown,Christina Cooper,Property Manager,christina.cooper@batesbartlettandbrown.example.com,2026-05-07 01:48:59,Call Tracking,callrail,phone,gbp_listing,FL,70
SUMM-L00291,Thomas Long and Evans,Roger Jones,Regional Facilities Lead,roger.jones@thomaslongandevans.example.com,2026-05-07 07:30:41,Call Tracking,callrail,phone,local_services,TX,70
SUMM-L00292,Frazier Ltd,Kathryn Gross,,kathryn.gross@frazierltd.example.com,2026-05-07 08:12:37,Outbound,,,,TX,63
SUMM-L00293,Cook LLC,Jeff Frey,Store Manager,jeff.frey@cookllc.example.com,2026-05-07 08:18:06,Outbound,,,,TX,63
SUMM-L00294,Strickland PLC,Veronica Hernandez,Building Engineer,veronica.hernandez@stricklandplc.example.com,2026-05-07 10:19:32,Outbound,,,,,90
SUMM-L00295,Ross PLC,Taylor Parker,Regional Facilities Lead,taylor.parker@rossplc.example.com,2026-05-07 11:08:30,Outbound,,,,TX,60
SUMM-L00296,Perez Inc,Jessica Marquez,Owner,jessica.marquez@perezinc.example.com,2026-05-07 12:05:13,Google Ads,google,cpc,hvac_q2_search_emergency,TX,67
SUMM-L00297,Price-Wood,Diane Cochran,Building Engineer,diane.cochran@pricewood.example.com,2026-05-07 13:56:34,Call Tracking,callrail,phone,local_services,NC,57
SUMM-L00298,Wilson Group,Kevin Sanchez,Property Manager,kevin.sanchez@wilsongroup.example.com,2026-05-07 16:18:22,Meta Ads,facebook,paid_social,,,61
SUMM-L00299,Ramirez Moore and Powell,Thomas Jackson,Facilities Manager,thomas.jackson@ramirezmooreandpowell.example.com,2026-05-07 17:06:53,Outbound,,,,,42
SUMM-L00300,Espinoza Adams and Ward,Eric Zuniga,Store Manager,eric.zuniga@espinozaadamsandward.example.com,2026-05-08 00:10:36,Outbound,,,,GA,33
SUMM-L00301,Dominguez Ltd,Eric Lee,,eric.lee@dominguezltd.example.com,2026-05-08 03:53:40,Outbound,,,,,63
SUMM-L00302,Hill Group,Nichole Reyes,Owner,nichole.reyes@hillgroup.example.com,2026-05-08 08:21:00,Outbound,,,,,33
SUMM-L00303,Nguyen King and Johnson,Michael Snow,Owner,michael.snow@nguyenkingandjohnson.example.com,2026-05-08 10:03:54,Call Tracking,callrail,phone,gbp_listing,CA,40
SUMM-L00304,Norris Group,Linda Irwin,Property Manager,linda.irwin@norrisgroup.example.com,2026-05-08 11:32:42,Outbound,,,,CA,60
SUMM-L00305,Newton Turner and Smith,Sarah Woodward,,sarah.woodward@newtonturnerandsmith.example.com,2026-05-08 11:54:55,Outbound,,,,TX,43
SUMM-L00306,Smith-Medina,Jon Carter,Operations Director,jon.carter@smithmedina.example.com,2026-05-08 22:30:37,Outbound,,,,AZ,63
SUMM-L00307,Nelson-Bennett,Melanie Evans,Facilities Manager,melanie.evans@nelsonbennett.example.com,2026-05-09 00:03:54,Call Tracking,callrail,phone,local_services,NC,90
SUMM-L00308,Phillips Ochoa and Eaton,Dawn Cruz,Store Manager,dawn.cruz@phillipsochoaandeaton.example.com,2026-05-09 04:27:56,Outbound,,,,TX,63
SUMM-L00309,Moore PLC,Hannah Ballard,Building Engineer,hannah.ballard@mooreplc.example.com,2026-05-09 07:24:29,Outbound,,,,AZ,43
SUMM-L00310,Leonard-Robinson,Justin Delacruz,Regional Facilities Lead,justin.delacruz@leonardrobinson.example.com,2026-05-09 09:38:34,Call Tracking,callrail,phone,gbp_listing,FL,97
SUMM-L00311,Carr-Taylor,Melanie Burgess,Maintenance Supervisor,melanie.burgess@carrtaylor.example.com,2026-05-09 10:22:12,Referral,,,,GA,73
SUMM-L00312,Howard-Silva,Timothy Hooper,Operations Director,timothy.hooper@howardsilva.example.com,2026-05-09 10:49:37,Outbound,,,,AZ,90
SUMM-L00313,Marsh-Young,Maria Yates,,maria.yates@marshyoung.example.com,2026-05-09 11:01:14,Call Tracking,callrail,phone,gbp_listing,NC,97
SUMM-L00314,Poole Bradley and Fisher,Jasmine Dean,Property Manager,jasmine.dean@poolebradleyandfisher.example.com,2026-05-09 11:41:15,Outbound,,,,GA,90
SUMM-L00315,Salazar-Brown,Angel Peterson,Facilities Manager,angel.peterson@salazarbrown.example.com,2026-05-09 16:24:39,Outbound,,,,FL,63
SUMM-L00316,Williams Inc,Omar Brown,Store Manager,omar.brown@williamsinc.example.com,2026-05-09 17:37:47,Outbound,,,,TX,90
SUMM-L00317,Bell-Jordan,Albert Shaw,Owner,albert.shaw@belljordan.example.com,2026-05-09 19:25:38,Outbound,,,,GA,90
SUMM-L00318,Sanchez-Lewis,Rebecca Brown,Regional Facilities Lead,rebecca.brown@sanchezlewis.example.com,2026-05-10 11:59:32,Google Ads,google,cpc,hvac_q2_search_emergency,TX,92
SUMM-L00319,Steele Inc,Angela Kaufman,Facilities Manager,angela.kaufman@steeleinc.example.com,2026-05-10 15:15:58,Call Tracking,callrail,phone,gbp_listing,FL,70
SUMM-L00320,Frey Group,Todd Perry,,todd.perry@freygroup.example.com,2026-05-10 16:14:34,Google Ads,google,cpc,hvac_q2_search_emergency,AZ,94
SUMM-L00321,Lee-Schultz,Curtis Gomez,Maintenance Supervisor,curtis.gomez@leeschultz.example.com,2026-05-11 04:21:59,Outbound,,,,CA,63
SUMM-L00322,Bautista Group,Michele Hernandez,Property Manager,michele.hernandez@bautistagroup.example.com,2026-05-11 07:57:32,Call Tracking,callrail,phone,local_services,TX,70
SUMM-L00323,Jones and Sons,David Davis,Maintenance Supervisor,david.davis@jonesandsons.example.com,2026-05-11 08:23:53,Outbound,,,,GA,33
SUMM-L00324,Foster Brown and Pierce,Diane Dean,Facilities Manager,diane.dean@fosterbrownandpierce.example.com,2026-05-11 09:05:34,Google Ads,google,cpc,hvac_q2_search_emergency,FL,67
SUMM-L00325,Blackwell Barnett and Richardson,Jessica Bradshaw,Owner,jessica.bradshaw@blackwellbarnettandricha.example.com,2026-05-11 10:25:57,Referral,,,,FL,47
SUMM-L00326,Rodriguez LLC,Susan Johnson,,susan.johnson@rodriguezllc.example.com,2026-05-11 11:35:20,Google Ads,google,cpc,hvac_q2_search_emergency,,67
SUMM-L00327,Cohen Ltd,Jennifer Pacheco,Building Engineer,jennifer.pacheco@cohenltd.example.com,2026-05-11 12:49:26,Meta Ads,facebook,paid_social,hvac_q2_facility_mgr,NC,61
SUMM-L00328,Martinez Group,Thomas Perry,Building Engineer,thomas.perry@martinezgroup.example.com,2026-05-11 14:13:21,Google Ads,google,cpc,hvac_q2_search_emergency,FL,67
SUMM-L00329,Myers-Roach,John Williams,Owner,john.williams@myersroach.example.com,2026-05-11 14:23:01,Meta Ads,facebook,paid_social,hvac_q2_facility_mgr,AZ,88
SUMM-L00330,Rhodes Group,Jeremiah Woods,Facilities Manager,jeremiah.woods@rhodesgroup.example.com,2026-05-11 15:50:23,Referral,,,,CA,73
SUMM-L00331,Peters Davidson and Mays,Rachel King,,rachel.king@petersdavidsonandmays.example.com,2026-05-11 16:17:58,Outbound,,,,GA,90
SUMM-L00332,Kennedy-Smith,Catherine Nelson,Building Engineer,catherine.nelson@kennedysmith.example.com,2026-05-11 16:24:48,Outbound,,,,CA,63
SUMM-L00333,Perry PLC,Paul Sweeney,Regional Facilities Lead,paul.sweeney@perryplc.example.com,2026-05-11 17:41:12,Google Ads,google,cpc,,GA,94
SUMM-L00334,Boyd-Duke,Aaron Ortiz,Regional Facilities Lead,aaron.ortiz@boydduke.example.com,2026-05-11 18:28:28,Call Tracking,callrail,phone,gbp_listing,TX,97
SUMM-L00335,Pearson Brown and Walker,Andrew Tyler,Facilities Manager,andrew.tyler@pearsonbrownandwalker.example.com,2026-05-11 22:27:20,Call Tracking,callrail,phone,local_services,NC,70
SUMM-L00336,Barrett-Clark,Jason Miranda,,jason.miranda@barrettclark.example.com,2026-05-12 09:05:31,Outbound,,,,TX,90
SUMM-L00337,Frazier-Young,Aaron Stephens,Owner,aaron.stephens@frazieryoung.example.com,2026-05-12 09:34:48,Google Ads,google,cpc,,GA,56
SUMM-L00338,Parsons Inc,Kevin Romero,Regional Facilities Lead,kevin.romero@parsonsinc.example.com,2026-05-12 09:41:11,Outbound,,,,NC,88
SUMM-L00339,Burton PLC,Amy Salazar,,amy.salazar@burtonplc.example.com,2026-05-12 10:55:28,Outbound,,,,AZ,63
SUMM-L00340,Lynch PLC,Wendy Duncan,Property Manager,wendy.duncan@lynchplc.example.com,2026-05-12 11:49:36,Outbound,,,,TX,63
SUMM-L00341,Daniel-Acevedo,William Knight,Building Engineer,william.knight@danielacevedo.example.com,2026-05-12 12:11:41,Meta Ads,facebook,paid_social,,NC,78
SUMM-L00342,Hayes-Walker,Samantha Lopez,Maintenance Supervisor,samantha.lopez@hayeswalker.example.com,2026-05-12 13:00:04,Outbound,,,,CA,
SUMM-L00343,Bass Hardy and Thompson,Anthony Jackson,Facilities Manager,anthony.jackson@basshardyandthompson.example.com,2026-05-12 13:21:45,Outbound,,,,AZ,90
SUMM-L00344,Anderson Torres and Harris,Michael Moore,Facilities Manager,michael.moore@andersontorresandharris.example.com,2026-05-12 15:20:21,Call Tracking,callrail,phone,gbp_listing,GA,70
SUMM-L00345,Robbins Jensen and Vega,Jason Payne,Property Manager,jason.payne@robbinsjensenandvega.example.com,2026-05-12 16:54:47,Google Ads,google,cpc,hvac_q2_search_emergency,FL,94
SUMM-L00346,Cardenas-Leonard,Jennifer Johnson,Building Engineer,jennifer.johnson@cardenasleonard.example.com,2026-05-12 17:06:39,Outbound,,,,AZ,63
SUMM-L00347,Walls-Lewis,Nicholas Williams,Facilities Manager,nicholas.williams@wallslewis.example.com,2026-05-12 19:44:27,Referral,,,,CA,73
SUMM-L00348,Mullen Ltd,Cindy Harmon,Property Manager,cindy.harmon@mullenltd.example.com,2026-05-13 01:59:05,Outbound,,,,NC,90
SUMM-L00349,Rodriguez Group,Amanda Ferguson,Store Manager,amanda.ferguson@rodriguezgroup.example.com,2026-05-13 05:28:07,Google Ads,google,cpc,hvac_q2_search_emergency,,67
SUMM-L00350,Hicks Jenkins and Ross,Paige Scott,Store Manager,paige.scott@hicksjenkinsandross.example.com,2026-05-13 07:58:26,Google Ads,google,cpc,hvac_q2_search_emergency,TX,94
SUMM-L00351,Leonard LLC,Michael Molina,Store Manager,michael.molina@leonardllc.example.com,2026-05-13 12:05:40,Outbound,,,,GA,
SUMM-L00352,Lynch PLC,Brian White,Building Engineer,brian.white@lynchplc.example.com,2026-05-13 15:15:24,Referral,,,,TX,73
SUMM-L00353,Rodriguez-Hayes,Kelsey Castillo,Building Engineer,kelsey.castillo@rodriguezhayes.example.com,2026-05-13 15:41:25,Outbound,,,,TX,42
SUMM-L00354,Johnson-Reed,Michelle Bass,Property Manager,michelle.bass@johnsonreed.example.com,2026-05-13 16:17:23,Call Tracking,callrail,phone,gbp_listing,NC,70
SUMM-L00355,Gonzalez-Jones,Joseph Brooks,,joseph.brooks@gonzalezjones.example.com,2026-05-14 00:57:32,Referral,,,,GA,73
SUMM-L00356,Mayo-Morales,Michelle Martinez,,michelle.martinez@mayomorales.example.com,2026-05-14 08:29:27,Outbound,,,,,63
SUMM-L00357,Morris Davis and Cook,Judith Lewis,Store Manager,judith.lewis@morrisdavisandcook.example.com,2026-05-14 12:31:02,Call Tracking,callrail,phone,local_services,NC,97
SUMM-L00358,Cherry and Sons,Michele Donovan,Operations Director,michele.donovan@cherryandsons.example.com,2026-05-14 16:33:30,Outbound,,,,NC,60
SUMM-L00359,Sanders-Stevenson,Heather King,Maintenance Supervisor,heather.king@sandersstevenson.example.com,2026-05-14 17:01:50,Referral,,,,NC,73
SUMM-L00360,Daugherty PLC,Stephen Tucker,Owner,stephen.tucker@daughertyplc.example.com,2026-05-15 00:54:26,Google Ads,google,cpc,hvac_q2_search_emergency,GA,67
SUMM-L00361,Woodward Inc,Jeffrey Lloyd,,jeffrey.lloyd@woodwardinc.example.com,2026-05-15 07:55:06,Call Tracking,callrail,phone,local_services,GA,97
SUMM-L00362,Clarke-Casey,Matthew Tyler,Regional Facilities Lead,matthew.tyler@clarkecasey.example.com,2026-05-15 09:59:38,Outbound,,,,TX,
SUMM-L00363,Walker Jones and Parker,Kathleen Glass,Operations Director,kathleen.glass@walkerjonesandparker.example.com,2026-05-15 12:27:41,Call Tracking,callrail,phone,local_services,GA,97
SUMM-L00364,Knight-Stokes,Theresa Evans,Maintenance Supervisor,theresa.evans@knightstokes.example.com,2026-05-15 12:53:26,Outbound,,,,GA,33
SUMM-L00365,Peck LLC,Joe Silva,,joe.silva@peckllc.example.com,2026-05-15 14:21:10,Call Tracking,callrail,phone,local_services,TX,70
SUMM-L00366,Black PLC,Jorge Swanson,Maintenance Supervisor,jorge.swanson@blackplc.example.com,2026-05-15 19:51:36,Referral,,,,AZ,100
SUMM-L00367,Spence-Johnson,Kathryn Morales,Facilities Manager,kathryn.morales@spencejohnson.example.com,2026-05-15 20:43:32,Google Ads,google,cpc,hvac_q2_search_emergency,TX,94
SUMM-L00368,Solis-Martinez,Nicholas Caldwell,Facilities Manager,nicholas.caldwell@solismartinez.example.com,2026-05-15 22:45:17,Outbound,,,,GA,35
SUMM-L00369,Wood Kennedy and Hanson,Logan Kelly,Owner,logan.kelly@woodkennedyandhanson.example.com,2026-05-15 22:45:40,Referral,,,,,73
SUMM-L00370,Harrington Group,Gina Taylor,Maintenance Supervisor,gina.taylor@harringtongroup.example.com,2026-05-16 02:10:48,Google Ads,google,cpc,hvac_q2_search_emergency,Unassigned,74
SUMM-L00371,Pacheco PLC,Eric Waller,Property Manager,eric.waller@pachecoplc.example.com,2026-05-16 02:37:44,Outbound,,,,,52
SUMM-L00372,Reed-White,Andrea Martin,Facilities Manager,andrea.martin@reedwhite.example.com,2026-05-16 03:23:21,Call Tracking,callrail,phone,gbp_listing,GA,70
SUMM-L00373,Gates-Fuller,William Bradley,,william.bradley@gatesfuller.example.com,2026-05-16 05:07:12,Google Ads,google,cpc,hvac_q2_search_emergency,,40
SUMM-L00374,Gray Smith and Crawford,Joseph Andrews,Facilities Manager,joseph.andrews@graysmithandcrawford.example.com,2026-05-16 05:59:44,Outbound,,,,AZ,56
SUMM-L00375,Black LLC,Brian Davis,Property Manager,brian.davis@blackllc.example.com,2026-05-16 07:51:21,Google Ads,google,cpc,hvac_q2_search_emergency,TX,94
SUMM-L00376,Byrd-Owen,Sean Merritt,Operations Director,sean.merritt@byrdowen.example.com,2026-05-16 12:27:41,Meta Ads,facebook,paid_social,hvac_q2_facility_mgr,GA,61
SUMM-L00377,Santiago-Smith,Matthew Taylor,,matthew.taylor@santiagosmith.example.com,2026-05-16 16:35:30,Meta Ads,facebook,paid_social,hvac_q2_facility_mgr,FL,61
SUMM-L00378,Stanley-Smith,Cheryl Smith,Operations Director,cheryl.smith@stanleysmith.example.com,2026-05-16 23:34:48,Google Ads,google,cpc,hvac_q2_search_emergency,,87
SUMM-L00379,Nolan-Hanson,Albert Taylor,Facilities Manager,albert.taylor@nolanhanson.example.com,2026-05-17 06:39:54,Google Ads,google,cpc,,NC,66
SUMM-L00380,Zhang LLC,Michael Thomas,Store Manager,michael.thomas@zhangllc.example.com,2026-05-17 07:25:44,Google Ads,google,cpc,hvac_q2_search_emergency,FL,65
SUMM-L00381,Rojas Cooper and Martin,James Jackson,Regional Facilities Lead,james.jackson@rojascooperandmartin.example.com,2026-05-17 08:05:11,Call Tracking,callrail,phone,local_services,,97
SUMM-L00382,Lawrence Terry and Fritz,Lisa Marks,Property Manager,lisa.marks@lawrenceterryandfritz.example.com,2026-05-17 13:02:57,Google Ads,google,cpc,hvac_q2_search_emergency,CA,58
SUMM-L00383,Stone Ltd,Jose Long,Owner,jose.long@stoneltd.example.com,2026-05-17 14:01:12,Outbound,,,,CA,80
SUMM-L00384,Bond Mejia and Nguyen,Alexis Morrow,Maintenance Supervisor,alexis.morrow@bondmejiaandnguyen.example.com,2026-05-17 15:40:59,Outbound,,,,CA,50
SUMM-L00385,Henry-Sims,Hunter Freeman,Owner,hunter.freeman@henrysims.example.com,2026-05-17 20:43:34,Google Ads,google,cpc,,TX,94
SUMM-L00386,Ortiz Bryant and Hunter,Shelly Reed,Property Manager,shelly.reed@ortizbryantandhunter.example.com,2026-05-17 22:10:09,Referral,,,,TX,98
SUMM-L00387,Curry Ltd,Brian Parrish,Operations Director,brian.parrish@curryltd.example.com,2026-05-18 01:29:18,Call Tracking,callrail,phone,local_services,,70
SUMM-L00388,Jones Wilson and Flowers,Elizabeth Kelley,Owner,elizabeth.kelley@joneswilsonandflowers.example.com,2026-05-18 02:19:11,Outbound,,,,TX,90
SUMM-L00389,Gilmore LLC,Carl Chapman,Property Manager,carl.chapman@gilmorellc.example.com,2026-05-18 02:27:37,Meta Ads,facebook,paid_social,hvac_q2_facility_mgr,GA,61
SUMM-L00390,Freeman and Sons,Edward Larson,Owner,edward.larson@freemanandsons.example.com,2026-05-18 07:14:29,Outbound,,,,TX,63
SUMM-L00391,Mendoza Rogers and Garrett,Robin Nicholson,Building Engineer,robin.nicholson@mendozarogersandgarrett.example.com,2026-05-18 08:17:25,Meta Ads,facebook,paid_social,hvac_q2_facility_mgr,AZ,88
SUMM-L00392,Harrison-Smith,Michele Blackburn,Property Manager,michele.blackburn@harrisonsmith.example.com,2026-05-18 08:42:58,Outbound,,,,TX,54
SUMM-L00393,Bailey Vargas and Meyer,Paul Andrews,Property Manager,paul.andrews@baileyvargasandmeyer.example.com,2026-05-18 09:13:47,Outbound,,,,TX,90
SUMM-L00394,Franklin-Rivas,Tina Rodriguez,Maintenance Supervisor,tina.rodriguez@franklinrivas.example.com,2026-05-18 09:43:14,Outbound,,,,FL,90
SUMM-L00395,Hernandez and Sons,Haley Meyer,Regional Facilities Lead,haley.meyer@hernandezandsons.example.com,2026-05-18 10:18:28,Meta Ads,facebook,paid_social,hvac_q2_facility_mgr,TX,61
SUMM-L00396,Young-Chen,Christopher Patterson,Operations Director,christopher.patterson@youngchen.example.com,2026-05-18 12:53:34,Outbound,,,,GA,63
SUMM-L00397,Roberson-Cole,Melissa James,Maintenance Supervisor,melissa.james@robersoncole.example.com,2026-05-18 13:03:29,Referral,,,,AZ,73
SUMM-L00398,Miller-Perez,Kyle Potts,Maintenance Supervisor,kyle.potts@millerperez.example.com,2026-05-18 14:07:32,Call Tracking,callrail,phone,gbp_listing,AZ,70
SUMM-L00399,Weber PLC,Nicole Vazquez,Operations Director,nicole.vazquez@weberplc.example.com,2026-05-18 14:11:48,Outbound,,,,TX,85
SUMM-L00400,Williams-Page,David Brown,Building Engineer,david.brown@williamspage.example.com,2026-05-18 15:40:05,Meta Ads,facebook,paid_social,hvac_q2_facility_mgr,GA,61
SUMM-L00401,Brooks LLC,Scott Kane,Operations Director,scott.kane@brooksllc.example.com,2026-05-18 17:00:48,Meta Ads,facebook,paid_social,hvac_q2_facility_mgr,,88
SUMM-L00402,Williams-Weber,Andrea Ho,Maintenance Supervisor,andrea.ho@williamsweber.example.com,2026-05-18 19:47:02,Outbound,,,,AZ,90
SUMM-L00403,Reynolds Inc,Stephanie Lee,Operations Director,stephanie.lee@reynoldsinc.example.com,2026-05-18 22:42:47,Google Ads,google,cpc,hvac_q2_search_emergency,TX,37
SUMM-L00404,Owens Burns and Davis,Deborah Patel,,deborah.patel@owensburnsanddavis.example.com,2026-05-18 22:58:33,Referral,,,,GA,73
SUMM-L00405,Holt Ltd,Jennifer Harrell,Building Engineer,jennifer.harrell@holtltd.example.com,2026-05-19 09:24:55,Referral,,,,TX,43
SUMM-L00406,Porter Gonzalez and Thornton,Robert Tucker,Operations Director,robert.tucker@portergonzalezandthornto.example.com,2026-05-19 11:03:57,Call Tracking,callrail,phone,gbp_listing,TX,97
SUMM-L00407,Gray-Velasquez,Holly Kirk,,holly.kirk@grayvelasquez.example.com,2026-05-19 15:20:23,Outbound,,,,AZ,90
SUMM-L00408,Nixon-Allen,Daniel Alexander,Property Manager,daniel.alexander@nixonallen.example.com,2026-05-19 21:51:26,Outbound,,,,CA,90
SUMM-L00409,Huynh LLC,Dillon Taylor,Owner,dillon.taylor@huynhllc.example.com,2026-05-19 23:28:25,Outbound,,,,NC,55
SUMM-L00410,Barnes Smith and Miller,Hunter Benitez,Store Manager,hunter.benitez@barnessmithandmiller.example.com,2026-05-20 00:27:45,Outbound,,,,FL,
SUMM-L00411,Joseph Meyer and Newton,Rebecca Brock,,rebecca.brock@josephmeyerandnewton.example.com,2026-05-20 05:53:07,Outbound,,,,NC,63
SUMM-L00412,Fox Roberts and Cantu,Michael Hamilton,Building Engineer,michael.hamilton@foxrobertsandcantu.example.com,2026-05-20 06:47:36,Google Ads,google,cpc,hvac_q2_search_emergency,AZ,67
SUMM-L00413,Sullivan Inc,Marissa Foley,Regional Facilities Lead,marissa.foley@sullivaninc.example.com,2026-05-20 07:32:14,Meta Ads,facebook,paid_social,hvac_q2_facility_mgr,GA,88
SUMM-L00414,Johnson Ltd,Amanda Kennedy,Maintenance Supervisor,amanda.kennedy@johnsonltd.example.com,2026-05-20 08:08:09,Outbound,,,,CA,63
SUMM-L00415,Kramer Ltd,Justin Cooke,Building Engineer,justin.cooke@kramerltd.example.com,2026-05-20 14:29:35,Outbound,,,,TX,59
SUMM-L00416,Evans Stevenson and Green,Micheal Patterson,Facilities Manager,micheal.patterson@evansstevensonandgreen.example.com,2026-05-20 19:11:01,Meta Ads,facebook,paid_social,hvac_q2_facility_mgr,TX,61
SUMM-L00417,Vasquez-Burns,Sarah Mitchell,Owner,sarah.mitchell@vasquezburns.example.com,2026-05-20 21:53:07,Outbound,,,,,90
SUMM-L00418,Butler-Miller,Jose Rodriguez,Property Manager,jose.rodriguez@butlermiller.example.com,2026-05-21 01:31:28,Outbound,,,,TX,63
SUMM-L00419,Morales-Mitchell,Erin Miller,Building Engineer,erin.miller@moralesmitchell.example.com,2026-05-21 04:38:19,Referral,,,,CA,73
SUMM-L00420,Brooks PLC,Tammy Smith,Property Manager,tammy.smith@brooksplc.example.com,2026-05-21 05:39:41,Referral,,,,GA,100
SUMM-L00421,Alvarado-Booker,Thomas Henson,,thomas.henson@alvaradobooker.example.com,2026-05-21 08:55:16,Outbound,,,,TX,90
SUMM-L00422,Calderon Inc,William Chaney,Store Manager,william.chaney@calderoninc.example.com,2026-05-21 09:45:33,Outbound,,,,FL,63
SUMM-L00423,Benson Group,Blake Ramirez,Facilities Manager,blake.ramirez@bensongroup.example.com,2026-05-21 09:55:23,Outbound,,,,TX,63
SUMM-L00424,Andrews-Scott,Caleb Summers,Maintenance Supervisor,caleb.summers@andrewsscott.example.com,2026-05-21 11:00:17,Referral,,,,CA,73
SUMM-L00425,Townsend-Stone,Brian Long,Store Manager,brian.long@townsendstone.example.com,2026-05-21 11:21:08,Outbound,,,,AZ,63
SUMM-L00426,Campbell Inc,Gilbert Doyle,Regional Facilities Lead,gilbert.doyle@campbellinc.example.com,2026-05-21 13:05:01,Outbound,,,,TX,77
SUMM-L00427,Paul PLC,Jeffrey Bowman,Property Manager,jeffrey.bowman@paulplc.example.com,2026-05-21 16:58:14,Outbound,,,,AZ,90
SUMM-L00428,Schmidt Lewis and Mora,Kristine Rangel,Maintenance Supervisor,kristine.rangel@schmidtlewisandmora.example.com,2026-05-21 17:34:44,Outbound,,,,GA,63
SUMM-L00429,Adams LLC,Robert Welch,Operations Director,robert.welch@adamsllc.example.com,2026-05-21 18:40:09,Outbound,,,,TX,63
SUMM-L00430,Everett-Bishop,Michael Gonzalez,Operations Director,michael.gonzalez@everettbishop.example.com,2026-05-21 20:00:55,Outbound,,,,TX,90
SUMM-L00431,Howell Group,Molly Brown,Operations Director,molly.brown@howellgroup.example.com,2026-05-21 22:10:06,Outbound,,,,TX,63
SUMM-L00432,Powell Ltd,John Boyer,Regional Facilities Lead,john.boyer@powellltd.example.com,2026-05-21 22:57:00,Outbound,,,,,63
SUMM-L00433,Lopez-Carter,John Trujillo,Operations Director,john.trujillo@lopezcarter.example.com,2026-05-22 02:05:05,Outbound,,,,TX,90
SUMM-L00434,Aguilar-Miles,Angela Graves,,angela.graves@aguilarmiles.example.com,2026-05-22 04:28:07,Call Tracking,callrail,phone,local_services,GA,97
SUMM-L00435,Mcmillan Inc,Tonya Swanson,,tonya.swanson@mcmillaninc.example.com,2026-05-22 07:40:35,Google Ads,google,cpc,hvac_q2_search_emergency,FL,94
SUMM-L00436,Pearson-Daniels,Timothy Parks,,timothy.parks@pearsondaniels.example.com,2026-05-22 08:13:26,Call Tracking,callrail,phone,gbp_listing,FL,70
SUMM-L00437,Arias-Gonzalez,Jacqueline Snyder,Maintenance Supervisor,jacqueline.snyder@ariasgonzalez.example.com,2026-05-22 08:49:22,Outbound,,,,TX,90
SUMM-L00438,Garcia Mckay and Christian,Tommy Matthews,Building Engineer,tommy.matthews@garciamckayandchristian.example.com,2026-05-22 09:31:02,Referral,,,,,72
SUMM-L00439,Mcdowell-Jones,Tyler Brown,Maintenance Supervisor,tyler.brown@mcdowelljones.example.com,2026-05-22 10:35:29,Google Ads,google,cpc,hvac_q2_search_emergency,GA,67
SUMM-L00440,Cordova LLC,Amanda Williams,Regional Facilities Lead,amanda.williams@cordovallc.example.com,2026-05-22 12:40:12,Call Tracking,callrail,phone,local_services,TX,40
SUMM-L00441,Blevins-Cox,Barbara Dunlap,,barbara.dunlap@blevinscox.example.com,2026-05-22 13:22:02,Google Ads,google,cpc,hvac_q2_search_emergency,GA,50
SUMM-L00442,Rodriguez-Lopez,Sandra Tyler,Maintenance Supervisor,sandra.tyler@rodriguezlopez.example.com,2026-05-22 16:41:40,Referral,,,,AZ,100
SUMM-L00443,Bennett Beard and Davenport,Amanda Cole,Building Engineer,amanda.cole@bennettbeardanddavenport.example.com,2026-05-22 16:56:12,Outbound,,,,GA,60
SUMM-L00444,Stevens Morrison and Singleton,Steven Lee,Owner,steven.lee@stevensmorrisonandsingle.example.com,2026-05-22 18:20:13,Call Tracking,callrail,phone,gbp_listing,NC,97
SUMM-L00445,Howe-Little,Matthew Johnson,Owner,matthew.johnson@howelittle.example.com,2026-05-22 20:46:25,Call Tracking,callrail,phone,gbp_listing,TX,
SUMM-L00446,Roberts PLC,Christine Estes,Building Engineer,christine.estes@robertsplc.example.com,2026-05-22 22:48:52,Outbound,,,,CA,
SUMM-L00447,Barron Hess and Jones,Peter Mccall,Regional Facilities Lead,peter.mccall@barronhessandjones.example.com,2026-05-23 01:27:30,Referral,,,,AZ,
SUMM-L00448,Holmes PLC,Jason Wood,Store Manager,jason.wood@holmesplc.example.com,2026-05-23 02:21:33,Referral,,,,FL,100
SUMM-L00449,Mcdonald PLC,Tracey Roberts,Owner,tracey.roberts@mcdonaldplc.example.com,2026-05-23 03:28:42,Referral,,,,GA,73
SUMM-L00450,Reynolds-Hernandez,Nicole Nelson,,nicole.nelson@reynoldshernandez.example.com,2026-05-23 19:08:23,Referral,,,,GA,100
SUMM-L00451,Johnson Ltd,Michael Moore,Property Manager,michael.moore@johnsonltd.example.com,2026-05-24 00:37:36,Outbound,,,,CA,63
SUMM-L00452,Randall-Shaw,Matthew Gonzalez,,matthew.gonzalez@randallshaw.example.com,2026-05-24 01:58:38,Outbound,,,,TX,62
SUMM-L00453,Hernandez Arnold and Nelson,Jennifer Acosta,Store Manager,jennifer.acosta@hernandezarnoldandnelson.example.com,2026-05-24 04:04:59,Call Tracking,callrail,phone,gbp_listing,,70
SUMM-L00454,Smith-Rose,Lisa Sparks,Regional Facilities Lead,lisa.sparks@smithrose.example.com,2026-05-24 09:04:31,Meta Ads,facebook,paid_social,hvac_q2_facility_mgr,FL,
SUMM-L00455,Powell-Reyes,Julia Cross,Operations Director,julia.cross@powellreyes.example.com,2026-05-24 12:38:13,Outbound,,,,TX,63
SUMM-L00456,Kaufman Jones and David,Lisa White,Maintenance Supervisor,lisa.white@kaufmanjonesanddavid.example.com,2026-05-24 20:43:39,Outbound,,,,CA,90
SUMM-L00457,Lawrence-Aguirre,Sherry Holland,Operations Director,sherry.holland@lawrenceaguirre.example.com,2026-05-24 23:04:59,Outbound,,,,GA,80
SUMM-L00458,Garcia-Beard,Kayla Garcia,Owner,kayla.garcia@garciabeard.example.com,2026-05-25 01:20:58,Call Tracking,callrail,phone,gbp_listing,CA,70
SUMM-L00459,Daniels Kim and Shelton,Christopher Neal,Maintenance Supervisor,christopher.neal@danielskimandshelton.example.com,2026-05-25 07:02:31,Outbound,,,,AZ,87
SUMM-L00460,Floyd-Russo,Ashley Harding,Store Manager,ashley.harding@floydrusso.example.com,2026-05-25 07:49:14,Referral,,,,FL,73
SUMM-L00461,Anderson-Woodard,Johnathan Fisher,Regional Facilities Lead,johnathan.fisher@andersonwoodard.example.com,2026-05-25 09:01:54,Referral,,,,AZ,68
SUMM-L00462,Bradley PLC,Sara Davis,Regional Facilities Lead,sara.davis@bradleyplc.example.com,2026-05-25 10:29:48,Call Tracking,callrail,phone,gbp_listing,GA,97
SUMM-L00463,Butler Vasquez and Wilson,David Mcdowell,Facilities Manager,david.mcdowell@butlervasquezandwilson.example.com,2026-05-25 11:49:43,Outbound,,,,TX,63
SUMM-L00464,Davis Lam and Scott,Jeffrey Nelson,,jeffrey.nelson@davislamandscott.example.com,2026-05-25 11:59:43,Call Tracking,callrail,phone,gbp_listing,NC,44
SUMM-L00465,Martinez Ltd,Hannah Chavez,Owner,hannah.chavez@martinezltd.example.com,2026-05-25 16:47:24,Outbound,,,,TX,90
SUMM-L00466,Torres Inc,Matthew Charles,Property Manager,matthew.charles@torresinc.example.com,2026-05-25 17:40:32,Outbound,,,,TX,63
SUMM-L00467,Webb-Hall,Kara Freeman,,kara.freeman@webbhall.example.com,2026-05-25 20:03:58,Referral,,,,AZ,43
SUMM-L00468,Baker-Garcia,Andrew Shaffer,Maintenance Supervisor,andrew.shaffer@bakergarcia.example.com,2026-05-25 20:07:17,Outbound,,,,TX,40
SUMM-L00469,Hall-Boyle,Melissa Macias,Maintenance Supervisor,melissa.macias@hallboyle.example.com,2026-05-25 20:09:00,Referral,,,,NC,73
SUMM-L00470,Warner Group,Kyle Finley,Store Manager,kyle.finley@warnergroup.example.com,2026-05-25 23:28:44,Google Ads,google,cpc,hvac_q2_search_emergency,FL,65
SUMM-L00471,Mayer Group,Richard Thornton,,richard.thornton@mayergroup.example.com,2026-05-26 04:33:42,Outbound,,,,NC,40
SUMM-L00472,Chapman and Sons,Angela Stevens,Facilities Manager,angela.stevens@chapmanandsons.example.com,2026-05-26 09:04:31,Google Ads,google,cpc,hvac_q2_search_emergency,TX,67
SUMM-L00473,Cruz-Wong,Matthew Wilson,Property Manager,matthew.wilson@cruzwong.example.com,2026-05-26 12:54:10,Call Tracking,callrail,phone,local_services,FL,40
SUMM-L00474,Archer Jordan and Estes,Jeffrey Russell,Maintenance Supervisor,jeffrey.russell@archerjordanandestes.example.com,2026-05-26 16:59:07,Google Ads,google,cpc,hvac_q2_search_emergency,AZ,94
SUMM-L00475,Murphy-Burns,Destiny Tanner,Operations Director,destiny.tanner@murphyburns.example.com,2026-05-26 18:39:48,Outbound,,,,GA,87
SUMM-L00476,Mcclure-Jones,Andrea Andrews,Owner,andrea.andrews@mcclurejones.example.com,2026-05-26 20:02:16,Outbound,,,,GA,63
SUMM-L00477,Parker Gomez and Sanchez,Brittany Owens,Building Engineer,brittany.owens@parkergomezandsanchez.example.com,2026-05-26 21:43:25,Call Tracking,callrail,phone,local_services,TX,97
SUMM-L00478,Adams-Salinas,Bob Brown,Owner,bob.brown@adamssalinas.example.com,2026-05-26 22:58:30,Call Tracking,callrail,phone,local_services,AZ,97
SUMM-L00479,Howard Sanchez and Richmond,Heather Larsen,Regional Facilities Lead,heather.larsen@howardsanchezandrichmond.example.com,2026-05-27 00:24:32,Referral,,,,NC,73
SUMM-L00480,Thomas Garrett and Hill,Jeremy Olson,,jeremy.olson@thomasgarrettandhill.example.com,2026-05-27 00:54:12,Referral,,,,Unassigned,53
SUMM-L00481,Cabrera Ramos and Lara,Jose Davis,Operations Director,jose.davis@cabreraramosandlara.example.com,2026-05-27 10:36:58,Referral,,,,FL,100
SUMM-L00482,Smith-Payne,Melinda Hubbard,Operations Director,melinda.hubbard@smithpayne.example.com,2026-05-27 12:53:07,Outbound,,,,GA,58
SUMM-L00483,Campbell Myers and Williamson,Kathy Pollard,Property Manager,kathy.pollard@campbellmyersandwilliams.example.com,2026-05-27 13:48:40,Meta Ads,facebook,paid_social,,FL,61
SUMM-L00484,Garcia Mosley and Davis,Michael Brooks,Property Manager,michael.brooks@garciamosleyanddavis.example.com,2026-05-27 15:36:26,Meta Ads,facebook,paid_social,hvac_q2_facility_mgr,GA,88
SUMM-L00485,Wilson Parrish and Davis,Mario Taylor,Property Manager,mario.taylor@wilsonparrishanddavis.example.com,2026-05-27 16:42:02,Google Ads,google,cpc,hvac_q2_search_emergency,AZ,
SUMM-L00486,Parks-Dunlap,Mark Ho,Property Manager,mark.ho@parksdunlap.example.com,2026-05-27 23:05:55,Outbound,,,,GA,90
SUMM-L00487,Smith Mendoza and Rodriguez,Julie Mcbride,Maintenance Supervisor,julie.mcbride@smithmendozaandrodriguez.example.com,2026-05-28 00:17:10,Outbound,,,,GA,90
SUMM-L00488,Davis-Burns,Cynthia Bell,Operations Director,cynthia.bell@davisburns.example.com,2026-05-28 02:07:07,Referral,,,,GA,73
SUMM-L00489,King Baldwin and Murphy,Matthew Malone,Facilities Manager,matthew.malone@kingbaldwinandmurphy.example.com,2026-05-28 07:06:42,Outbound,,,,AZ,63
SUMM-L00490,Galvan Group,Gregory Hernandez,Owner,gregory.hernandez@galvangroup.example.com,2026-05-28 08:36:07,Google Ads,google,cpc,hvac_q2_search_emergency,NC,37
SUMM-L00491,Carroll Brown and Flores,Danielle Brown,Store Manager,danielle.brown@carrollbrownandflores.example.com,2026-05-28 09:23:30,Call Tracking,callrail,phone,gbp_listing,GA,70
SUMM-L00492,Lopez PLC,Curtis Parker,Property Manager,curtis.parker@lopezplc.example.com,2026-05-28 10:49:53,Outbound,,,,TX,90
SUMM-L00493,Johnson-Taylor,William Parker,,william.parker@johnsontaylor.example.com,2026-05-28 10:53:50,Outbound,,,,GA,90
SUMM-L00494,Jones-Williams,Michael Rose,Store Manager,michael.rose@joneswilliams.example.com,2026-05-28 11:15:45,Outbound,,,,AZ,60
SUMM-L00495,Jones-Jones,Mary Cooke,,mary.cooke@jonesjones.example.com,2026-05-28 16:31:14,Call Tracking,callrail,phone,local_services,FL,97
SUMM-L00496,Gilbert Oneill and Carney,Tyrone Glover,Building Engineer,tyrone.glover@gilbertoneillandcarney.example.com,2026-05-28 16:44:27,Google Ads,google,cpc,hvac_q2_search_emergency,CA,94
SUMM-L00497,Harding-Hernandez,Peter Short,Operations Director,peter.short@hardinghernandez.example.com,2026-05-28 20:22:03,Outbound,,,,CA,63
SUMM-L00498,Murphy-Scott,Cindy Lopez,Owner,cindy.lopez@murphyscott.example.com,2026-05-28 22:56:04,Meta Ads,facebook,paid_social,,,88
SUMM-L00499,Neal Lin and Garza,Olivia Ford,,olivia.ford@neallinandgarza.example.com,2026-05-29 02:51:38,Outbound,,,,TX,63
SUMM-L00500,Sanchez Robinson and Perry,Veronica Wood,Operations Director,veronica.wood@sanchezrobinsonandperry.example.com,2026-05-29 13:43:09,Meta Ads,facebook,paid_social,hvac_q2_facility_mgr,AZ,61
SUMM-L00501,Norris-Cox,Stephanie Higgins,Property Manager,stephanie.higgins@norriscox.example.com,2026-05-29 16:24:40,Referral,,,,AZ,
SUMM-L00502,Castro-Baker,Charles Johnson,Facilities Manager,charles.johnson@castrobaker.example.com,2026-05-29 16:27:10,Referral,,,,GA,43
SUMM-L00503,Carpenter Butler and Fernandez,Steven Cook,Maintenance Supervisor,steven.cook@carpenterbutlerandfernan.example.com,2026-05-29 17:10:56,Call Tracking,callrail,phone,local_services,GA,70
SUMM-L00504,Ortega Taylor and Gutierrez,Douglas Winters,Store Manager,douglas.winters@ortegataylorandgutierrez.example.com,2026-05-29 20:40:25,Outbound,,,,GA,90
SUMM-L00505,Lopez Sanford and Little,Daniel Webb,Operations Director,daniel.webb@lopezsanfordandlittle.example.com,2026-05-29 22:46:29,Call Tracking,callrail,phone,local_services,FL,70
SUMM-L00506,Fox-Rogers,Emily Gibson,Store Manager,emily.gibson@foxrogers.example.com,2026-05-30 07:31:40,Outbound,,,,CA,54
SUMM-L00507,Harris Johnson and Wright,Christopher Cohen,Property Manager,christopher.cohen@harrisjohnsonandwright.example.com,2026-05-30 08:39:44,Outbound,,,,TX,
SUMM-L00508,Bishop LLC,Traci Dean,Facilities Manager,traci.dean@bishopllc.example.com,2026-05-30 12:11:35,Outbound,,,,AZ,42
SUMM-L00509,Mcdowell-Luna,James Barnett,Regional Facilities Lead,james.barnett@mcdowellluna.example.com,2026-05-30 12:17:53,Call Tracking,callrail,phone,gbp_listing,FL,96
SUMM-L00510,Robertson Inc,Allison Hayes,Building Engineer,allison.hayes@robertsoninc.example.com,2026-05-30 14:42:45,Outbound,,,,Unassigned,13
SUMM-L00511,Park Lawrence and Little,Kirk Simmons,,kirk.simmons@parklawrenceandlittle.example.com,2026-05-30 16:07:43,Outbound,,,,AZ,46
SUMM-L00512,Bond Lynch and Stephens,Jessica Nichols,Maintenance Supervisor,jessica.nichols@bondlynchandstephens.example.com,2026-05-30 17:50:57,Outbound,,,,TX,90
SUMM-L00513,Thompson Williamson and Richmond,Jennifer Wilson,Maintenance Supervisor,jennifer.wilson@thompsonwilliamsonandric.example.com,2026-05-30 18:50:06,Call Tracking,callrail,phone,local_services,AZ,70
SUMM-L00514,Thomas and Sons,Ernest Vasquez,Regional Facilities Lead,ernest.vasquez@thomasandsons.example.com,2026-05-30 19:07:39,Outbound,,,,TX,63
SUMM-L00515,Simpson Parker and Schmidt,Elizabeth Lang,Operations Director,elizabeth.lang@simpsonparkerandschmidt.example.com,2026-05-30 20:13:23,Outbound,,,,FL,63
SUMM-L00516,Park LLC,Justin Davis,Maintenance Supervisor,justin.davis@parkllc.example.com,2026-05-31 06:23:33,Outbound,,,,TX,63
SUMM-L00517,Knox-Hart,Sherry Jones,Facilities Manager,sherry.jones@knoxhart.example.com,2026-05-31 07:33:49,Google Ads,google,cpc,hvac_q2_search_emergency,FL,
SUMM-L00518,Norris-Hughes,Kimberly Garcia,Operations Director,kimberly.garcia@norrishughes.example.com,2026-05-31 10:35:36,Outbound,,,,GA,90
SUMM-L00519,Beasley-Brown,Chad Adams,Facilities Manager,chad.adams@beasleybrown.example.com,2026-05-31 14:23:02,Google Ads,google,cpc,hvac_q2_search_emergency,TX,67
SUMM-L00520,Stewart Jackson and Hammond,Eric Gentry,Store Manager,eric.gentry@stewartjacksonandhammond.example.com,2026-05-31 16:53:49,Outbound,,,,,90
SUMM-L00521,Lucas LLC,Mark Thompson,Facilities Manager,mark.thompson@lucasllc.example.com,2026-05-31 19:15:26,Outbound,,,,CA,63
SUMM-L00522,Hughes-Shelton,Dominic Moore,Regional Facilities Lead,dominic.moore@hughesshelton.example.com,2026-05-31 21:53:07,Referral,,,,TX,100
SUMM-L00523,Barnes-Campbell,Scott Best,Store Manager,scott.best@barnescampbell.example.com,2026-05-31 22:14:12,Call Tracking,callrail,phone,local_services,,70
SUMM-L00524,Adams Ltd,Meredith Hatfield,Operations Director,meredith.hatfield@adamsltd.example.com,2026-06-01 02:20:24,Outbound,,,,AZ,63
SUMM-L00525,Miller Perez and Ramirez,James Lee,Owner,james.lee@millerperezandramirez.example.com,2026-06-01 09:09:10,Outbound,,,,AZ,63
SUMM-L00526,Cowan Anderson and Collins,Nicholas Reed,Facilities Manager,nicholas.reed@cowanandersonandcollins.example.com,2026-06-01 10:22:11,Outbound,,,,GA,88
SUMM-L00527,Wilson-Taylor,Gary Andrews,Regional Facilities Lead,gary.andrews@wilsontaylor.example.com,2026-06-01 12:06:47,Google Ads,google,cpc,hvac_q2_search_emergency,FL,37
SUMM-L00528,Haney-Tucker,Mary Powers,,mary.powers@haneytucker.example.com,2026-06-01 13:38:17,Referral,,,,CA,100
SUMM-L00529,Garza Estrada and Gutierrez,Abigail Harris,,abigail.harris@garzaestradaandgutierrez.example.com,2026-06-01 14:04:41,Referral,,,,TX,100
SUMM-L00530,Dalton Baker and Berg,Samuel Morales,Regional Facilities Lead,samuel.morales@daltonbakerandberg.example.com,2026-06-01 14:10:48,Call Tracking,callrail,phone,gbp_listing,Unassigned,50
SUMM-L00531,Abbott and Sons,Tristan Fisher,Property Manager,tristan.fisher@abbottandsons.example.com,2026-06-01 16:11:03,Outbound,,,,GA,63
SUMM-L00532,Smith Barrett and Newman,Courtney West,,courtney.west@smithbarrettandnewman.example.com,2026-06-01 19:27:53,Referral,,,,TX,73
SUMM-L00533,Williams Gonzalez and Reynolds,Megan Harding,Operations Director,megan.harding@williamsgonzalezandreyno.example.com,2026-06-01 19:38:12,Referral,,,,GA,73
SUMM-L00534,Fritz-Dorsey,Christina Smith,Store Manager,christina.smith@fritzdorsey.example.com,2026-06-02 02:54:38,Outbound,,,,CA,63
SUMM-L00535,Ramos PLC,Juan Wagner,Property Manager,juan.wagner@ramosplc.example.com,2026-06-02 04:00:36,Outbound,,,,AZ,60
SUMM-L00536,Owens Washington and Jones,Sandra Carson,Store Manager,sandra.carson@owenswashingtonandjones.example.com,2026-06-02 09:21:33,Meta Ads,facebook,paid_social,hvac_q2_facility_mgr,CA,88
SUMM-L00537,Hurst Ray and Wu,Yolanda Combs,Property Manager,yolanda.combs@hurstrayandwu.example.com,2026-06-02 09:22:31,Outbound,,,,GA,38
SUMM-L00538,Roy Spencer and Hall,Jennifer Gonzalez,Store Manager,jennifer.gonzalez@royspencerandhall.example.com,2026-06-02 09:30:51,Meta Ads,facebook,paid_social,hvac_q2_facility_mgr,CA,
SUMM-L00539,Bishop Group,Angela Moore,Operations Director,angela.moore@bishopgroup.example.com,2026-06-02 11:57:32,Call Tracking,callrail,phone,local_services,GA,97
SUMM-L00540,White PLC,Eric Braun,Maintenance Supervisor,eric.braun@whiteplc.example.com,2026-06-02 12:27:18,Outbound,,,,TX,90
SUMM-L00541,Dennis PLC,Gregory Miller,Store Manager,gregory.miller@dennisplc.example.com,2026-06-02 12:57:33,Outbound,,,,AZ,90
SUMM-L00542,Hicks Kelly and Williams,Christy Sutton,Building Engineer,christy.sutton@hickskellyandwilliams.example.com,2026-06-02 13:04:23,Call Tracking,callrail,phone,local_services,CA,70
SUMM-L00543,Adams Webster and Clark,Kyle Farmer,,kyle.farmer@adamswebsterandclark.example.com,2026-06-02 15:33:31,Outbound,,,,,90
SUMM-L00544,Stevens-Smith,Christina Little,Maintenance Supervisor,christina.little@stevenssmith.example.com,2026-06-02 16:24:39,Outbound,,,,FL,63
SUMM-L00545,Watkins and Sons,Justin Lee,Store Manager,justin.lee@watkinsandsons.example.com,2026-06-02 17:18:21,Call Tracking,callrail,phone,local_services,NC,90
SUMM-L00546,Gill Francis and Riley,John Thornton,Operations Director,john.thornton@gillfrancisandriley.example.com,2026-06-02 21:06:27,Outbound,,,,CA,90
SUMM-L00547,Jones Beck and Brown,Erin Bartlett,Owner,erin.bartlett@jonesbeckandbrown.example.com,2026-06-03 00:14:07,Outbound,,,,,63
SUMM-L00548,Berry Inc,Randall Singleton,Owner,randall.singleton@berryinc.example.com,2026-06-03 01:44:58,Outbound,,,,FL,90
SUMM-L00549,Malone-Rogers,Robert Horton,Building Engineer,robert.horton@malonerogers.example.com,2026-06-03 01:56:17,Google Ads,google,cpc,hvac_q2_search_emergency,AZ,94
SUMM-L00550,Strickland Ltd,David Stone,Regional Facilities Lead,david.stone@stricklandltd.example.com,2026-06-03 03:19:58,Google Ads,google,cpc,hvac_q2_search_emergency,AZ,94
SUMM-L00551,Cain-Strong,Megan Haynes,Maintenance Supervisor,megan.haynes@cainstrong.example.com,2026-06-03 05:33:23,Meta Ads,facebook,paid_social,hvac_q2_facility_mgr,TX,61
SUMM-L00552,Johnson Solomon and Oconnell,Micheal Smith,Property Manager,micheal.smith@johnsonsolomonandoconnel.example.com,2026-06-03 05:35:04,Call Tracking,callrail,phone,gbp_listing,NC,96
SUMM-L00553,Wright LLC,Amy Robertson,Facilities Manager,amy.robertson@wrightllc.example.com,2026-06-03 08:14:47,Referral,,,,TX,43
SUMM-L00554,Moore-Hall,Samuel Henderson,Property Manager,samuel.henderson@moorehall.example.com,2026-06-03 08:29:42,Outbound,,,,,76
SUMM-L00555,Estrada-Castro,Christopher Leonard,Maintenance Supervisor,christopher.leonard@estradacastro.example.com,2026-06-03 11:21:15,Outbound,,,,FL,90
SUMM-L00556,Knight-Jones,Jessica Houston,Store Manager,jessica.houston@knightjones.example.com,2026-06-03 13:39:44,Outbound,,,,TX,90
SUMM-L00557,Martin Inc,Pamela Curry,Property Manager,pamela.curry@martininc.example.com,2026-06-03 16:54:58,Call Tracking,callrail,phone,gbp_listing,FL,70
SUMM-L00558,Villarreal-Lewis,Jade Lyons,Store Manager,jade.lyons@villarreallewis.example.com,2026-06-03 17:09:58,Call Tracking,callrail,phone,gbp_listing,,63
SUMM-L00559,Gonzalez Patel and Perkins,Aaron Benitez,,aaron.benitez@gonzalezpatelandperkins.example.com,2026-06-03 21:54:03,Outbound,,,,TX,63
SUMM-L00560,Adams Armstrong and Green,Tyler Davis,Maintenance Supervisor,tyler.davis@adamsarmstrongandgreen.example.com,2026-06-03 22:38:09,Outbound,,,,FL,90
SUMM-L00561,Mack-Doyle,Kevin Hayes,Maintenance Supervisor,kevin.hayes@mackdoyle.example.com,2026-06-03 23:47:07,Outbound,,,,AZ,63
SUMM-L00562,Ramos-Short,Jennifer Moore,,jennifer.moore@ramosshort.example.com,2026-06-04 02:02:07,Call Tracking,callrail,phone,gbp_listing,TX,54
SUMM-L00563,Crawford-Newman,Michael Wood,Regional Facilities Lead,michael.wood@crawfordnewman.example.com,2026-06-04 04:50:34,Outbound,,,,NC,47
SUMM-L00564,Freeman Kennedy and Escobar,Janice Cook,Property Manager,janice.cook@freemankennedyandescobar.example.com,2026-06-04 06:06:23,Outbound,,,,AZ,87
SUMM-L00565,Walsh Brown and Baldwin,Jesse Olson,Building Engineer,jesse.olson@walshbrownandbaldwin.example.com,2026-06-04 06:34:44,Google Ads,google,cpc,,AZ,67
SUMM-L00566,Stewart Ltd,Melissa Hall,Maintenance Supervisor,melissa.hall@stewartltd.example.com,2026-06-04 06:58:54,Outbound,,,,TX,90
SUMM-L00567,Odonnell Inc,John Wong,Facilities Manager,john.wong@odonnellinc.example.com,2026-06-04 08:59:27,Call Tracking,callrail,phone,local_services,CA,97
SUMM-L00568,Simpson-Donaldson,John Ramirez,Owner,john.ramirez@simpsondonaldson.example.com,2026-06-04 09:07:53,Meta Ads,facebook,paid_social,hvac_q2_facility_mgr,GA,39
SUMM-L00569,Barnes and Sons,Stacy Williamson,Operations Director,stacy.williamson@barnesandsons.example.com,2026-06-04 09:58:51,Outbound,,,,TX,90
SUMM-L00570,Gomez Group,Sherri Mcbride,Building Engineer,sherri.mcbride@gomezgroup.example.com,2026-06-04 10:09:33,Google Ads,google,cpc,hvac_q2_search_emergency,CA,67
SUMM-L00571,Hines Sosa and Morrison,Isabella Harmon,Owner,isabella.harmon@hinessosaandmorrison.example.com,2026-06-04 11:53:44,Google Ads,google,cpc,hvac_q2_search_emergency,,67
SUMM-L00572,Erickson Group,Jamie Bates,Facilities Manager,jamie.bates@ericksongroup.example.com,2026-06-04 12:45:23,Outbound,,,,,49
SUMM-L00573,Miller Gray and Wagner,Laura Arroyo,Store Manager,laura.arroyo@millergrayandwagner.example.com,2026-06-04 14:00:54,Outbound,,,,TX,90
SUMM-L00574,Richardson-Lee,Aaron Richmond,Building Engineer,aaron.richmond@richardsonlee.example.com,2026-06-04 14:21:32,Outbound,,,,GA,
SUMM-L00575,Howell-Sherman,Gabriella Martinez,Regional Facilities Lead,gabriella.martinez@howellsherman.example.com,2026-06-04 15:17:06,Outbound,,,,AZ,90
SUMM-L00576,Allen Group,Christopher Lara,Property Manager,christopher.lara@allengroup.example.com,2026-06-04 16:56:24,Outbound,,,,CA,63
SUMM-L00577,Jacobson Ltd,Sheri Monroe,Maintenance Supervisor,sheri.monroe@jacobsonltd.example.com,2026-06-04 17:20:43,Outbound,,,,TX,63
SUMM-L00578,Martinez-Wright,Steven Hoffman,Owner,steven.hoffman@martinezwright.example.com,2026-06-04 19:47:50,Outbound,,,,,78
SUMM-L00579,Williams-Roberts,Michael Friedman,Building Engineer,michael.friedman@williamsroberts.example.com,2026-06-04 21:37:08,Outbound,,,,GA,63
SUMM-L00580,Rodriguez Inc,Theresa Cook,Building Engineer,theresa.cook@rodriguezinc.example.com,2026-06-04 23:36:51,Outbound,,,,TX,63
SUMM-L00581,Adkins PLC,Kimberly Moore,Regional Facilities Lead,kimberly.moore@adkinsplc.example.com,2026-06-05 02:46:41,Outbound,,,,TX,75
SUMM-L00582,Spencer Inc,Elizabeth Dominguez,Operations Director,elizabeth.dominguez@spencerinc.example.com,2026-06-05 05:09:56,Outbound,,,,AZ,90
SUMM-L00583,Craig and Sons,Shari Pearson,Owner,shari.pearson@craigandsons.example.com,2026-06-05 08:23:47,Google Ads,google,cpc,hvac_q2_search_emergency,AZ,64
SUMM-L00584,Simpson Jackson and Kelley,Taylor Hayes,Operations Director,taylor.hayes@simpsonjacksonandkelley.example.com,2026-06-05 10:19:46,Google Ads,google,cpc,hvac_q2_search_emergency,GA,94
SUMM-L00585,Harris Phillips and Gordon,Tyler Rodriguez,Owner,tyler.rodriguez@harrisphillipsandgordon.example.com,2026-06-05 14:43:12,Outbound,,,,GA,90
SUMM-L00586,Williams Cruz and Carroll,Tara Thompson,Facilities Manager,tara.thompson@williamscruzandcarroll.example.com,2026-06-05 14:55:54,Call Tracking,callrail,phone,local_services,GA,70
SUMM-L00587,Wagner-Watts,Jeremy Barker,Operations Director,jeremy.barker@wagnerwatts.example.com,2026-06-05 15:29:59,Meta Ads,facebook,paid_social,,FL,81
SUMM-L00588,Davis-Dean,Adrian Chang,Store Manager,adrian.chang@davisdean.example.com,2026-06-05 16:32:15,Meta Ads,facebook,paid_social,hvac_q2_facility_mgr,Unassigned,41
SUMM-L00589,Gross-Wise,Brandi Wright,Building Engineer,brandi.wright@grosswise.example.com,2026-06-05 18:46:23,Outbound,,,,NC,
SUMM-L00590,Sosa-Phillips,Jesus Walker,Facilities Manager,jesus.walker@sosaphillips.example.com,2026-06-05 18:57:35,Referral,,,,AZ,70
SUMM-L00591,Meyer-Wood,Jennifer Vasquez,Owner,jennifer.vasquez@meyerwood.example.com,2026-06-05 19:38:45,Outbound,,,,AZ,63
SUMM-L00592,Aguilar and Sons,Casey Garner,,casey.garner@aguilarandsons.example.com,2026-06-05 20:52:03,Outbound,,,,,42
SUMM-L00593,Williams-Brown,Steven Kelley,Regional Facilities Lead,steven.kelley@williamsbrown.example.com,2026-06-05 21:01:18,Outbound,,,,NC,53
SUMM-L00594,Koch Ward and Wallace,Alicia Johnson,Property Manager,alicia.johnson@kochwardandwallace.example.com,2026-06-06 04:57:09,Outbound,,,,Unassigned,43
SUMM-L00595,Simpson Cowan and Howell,Patrick Miller,,patrick.miller@simpsoncowanandhowell.example.com,2026-06-06 07:53:23,Call Tracking,callrail,phone,gbp_listing,NC,70
SUMM-L00596,Orozco PLC,Sean Thomas,,sean.thomas@orozcoplc.example.com,2026-06-06 09:25:17,Call Tracking,callrail,phone,local_services,TX,97
SUMM-L00597,Thomas Rocha and Graham,Jimmy Hernandez,Regional Facilities Lead,jimmy.hernandez@thomasrochaandgraham.example.com,2026-06-06 13:08:05,Outbound,,,,,90
SUMM-L00598,Koch-Douglas,Paul Wong,Maintenance Supervisor,paul.wong@kochdouglas.example.com,2026-06-06 13:42:29,Referral,,,,TX,100
SUMM-L00599,Morrison Smith and Chavez,Carol Flores,Facilities Manager,carol.flores@morrisonsmithandchavez.example.com,2026-06-06 16:02:11,Google Ads,google,cpc,hvac_q2_search_emergency,,67
SUMM-L00600,Williams Inc,William Walton,,william.walton@williamsinc.example.com,2026-06-06 17:01:11,Meta Ads,facebook,paid_social,hvac_q2_facility_mgr,TX,88
SUMM-L00601,Vasquez-Cruz,Alyssa Williams,Facilities Manager,alyssa.williams@vasquezcruz.example.com,2026-06-06 17:50:06,Referral,,,,AZ,75
SUMM-L00602,Taylor Harris and Johnson,Frank Wells,Building Engineer,frank.wells@taylorharrisandjohnson.example.com,2026-06-06 19:13:44,Outbound,,,,GA,63
SUMM-L00603,Robinson-Gomez,Krystal Evans,Property Manager,krystal.evans@robinsongomez.example.com,2026-06-06 20:43:40,Outbound,,,,,39
SUMM-L00604,Perez Carpenter and Pena,Monique Lee,Regional Facilities Lead,monique.lee@perezcarpenterandpena.example.com,2026-06-07 02:50:05,Google Ads,google,cpc,hvac_q2_search_emergency,GA,67
SUMM-L00605,Ford Wells and Chambers,Joseph Hoffman,Regional Facilities Lead,joseph.hoffman@fordwellsandchambers.example.com,2026-06-07 04:40:07,Call Tracking,callrail,phone,local_services,AZ,
SUMM-L00606,Morgan-Bond,Cheryl Wolfe,Property Manager,cheryl.wolfe@morganbond.example.com,2026-06-07 06:11:48,Outbound,,,,TX,63
SUMM-L00607,Roberts-Mitchell,Elizabeth Martin,Regional Facilities Lead,elizabeth.martin@robertsmitchell.example.com,2026-06-07 08:11:11,Referral,,,,,73
SUMM-L00608,Gonzalez-Hawkins,Matthew Smith,Maintenance Supervisor,matthew.smith@gonzalezhawkins.example.com,2026-06-07 09:57:56,Call Tracking,callrail,phone,gbp_listing,GA,70
SUMM-L00609,Barnett Horn and Mcgee,Katie Becker,Operations Director,katie.becker@barnetthornandmcgee.example.com,2026-06-07 10:19:29,Google Ads,google,cpc,hvac_q2_search_emergency,CA,93
SUMM-L00610,Garcia-Johnson,Chelsea Sawyer,Store Manager,chelsea.sawyer@garciajohnson.example.com,2026-06-07 12:34:34,Referral,,,,NC,43
SUMM-L00611,Dodson Rios and Barnett,Ryan Valdez,Owner,ryan.valdez@dodsonriosandbarnett.example.com,2026-06-07 16:50:58,Call Tracking,callrail,phone,gbp_listing,AZ,67
SUMM-L00612,Bryant Copeland and Everett,Brian Wong,Operations Director,brian.wong@bryantcopelandandeverett.example.com,2026-06-07 17:13:07,Call Tracking,callrail,phone,gbp_listing,GA,97
SUMM-L00613,Koch-Waters,Joshua Miller,Maintenance Supervisor,joshua.miller@kochwaters.example.com,2026-06-07 18:54:32,Outbound,,,,TX,84
SUMM-L00614,Shaffer-Mcgee,Paula Franklin,Building Engineer,paula.franklin@shaffermcgee.example.com,2026-06-07 19:46:21,Outbound,,,,GA,63
SUMM-L00615,Pope Mueller and Ruiz,Donald Hunter,Building Engineer,donald.hunter@popemuellerandruiz.example.com,2026-06-08 04:46:34,Call Tracking,callrail,phone,gbp_listing,CA,97
SUMM-L00616,Miller and Sons,Jack Hoffman,Operations Director,jack.hoffman@millerandsons.example.com,2026-06-08 06:18:54,Call Tracking,callrail,phone,local_services,NC,70
SUMM-L00617,Mcneil Hicks and Cooper,Michelle Rice,Maintenance Supervisor,michelle.rice@mcneilhicksandcooper.example.com,2026-06-08 06:50:20,Outbound,,,,GA,63
SUMM-L00618,Perez-Johnson,Evan Brown,Regional Facilities Lead,evan.brown@perezjohnson.example.com,2026-06-08 07:16:46,Referral,,,,NC,73
SUMM-L00619,Flores PLC,Ryan Sutton,,ryan.sutton@floresplc.example.com,2026-06-08 09:11:08,Outbound,,,,CA,90
SUMM-L00620,Weaver Inc,Lori Jefferson,Maintenance Supervisor,lori.jefferson@weaverinc.example.com,2026-06-08 09:27:27,Call Tracking,callrail,phone,local_services,GA,68
SUMM-L00621,Parrish-Camacho,Brandon Gould,Store Manager,brandon.gould@parrishcamacho.example.com,2026-06-08 10:22:29,Outbound,,,,AZ,90
SUMM-L00622,Smith-Martin,Alexander Brown,Owner,alexander.brown@smithmartin.example.com,2026-06-08 10:41:30,Call Tracking,callrail,phone,local_services,TX,70
SUMM-L00623,Lee Nunez and Howard,Debbie Wood,Operations Director,debbie.wood@leenunezandhoward.example.com,2026-06-08 11:08:29,Call Tracking,callrail,phone,local_services,TX,97
SUMM-L00624,Garcia-Munoz,Justin Fritz,Regional Facilities Lead,justin.fritz@garciamunoz.example.com,2026-06-08 15:17:59,Google Ads,google,cpc,hvac_q2_search_emergency,Unassigned,47
SUMM-L00625,Martin-Johnson,Anthony Mcdowell,Regional Facilities Lead,anthony.mcdowell@martinjohnson.example.com,2026-06-08 16:26:14,Outbound,,,,CA,90
SUMM-L00626,Howard Martin and Oneal,Gregory Joseph,Property Manager,gregory.joseph@howardmartinandoneal.example.com,2026-06-08 18:10:52,Meta Ads,facebook,paid_social,,GA,88
SUMM-L00627,Ward PLC,Nathan Rivera,Maintenance Supervisor,nathan.rivera@wardplc.example.com,2026-06-08 21:02:30,Google Ads,google,cpc,hvac_q2_search_emergency,GA,67
SUMM-L00628,Jones LLC,Felicia Smith,Owner,felicia.smith@jonesllc.example.com,2026-06-08 21:09:31,Google Ads,google,cpc,hvac_q2_search_emergency,GA,94
SUMM-L00629,King Evans and Vaughan,Timothy Rodgers,Property Manager,timothy.rodgers@kingevansandvaughan.example.com,2026-06-08 21:53:29,Meta Ads,facebook,paid_social,hvac_q2_facility_mgr,,88
SUMM-L00630,Gilbert Ltd,Bradley Hart,Property Manager,bradley.hart@gilbertltd.example.com,2026-06-08 21:56:29,Outbound,,,,TX,63
SUMM-L00631,Stevens PLC,Angela Gonzales,Regional Facilities Lead,angela.gonzales@stevensplc.example.com,2026-06-09 01:26:31,Referral,,,,FL,85
SUMM-L00632,Davis-Thomas,Brandon Martin,Owner,brandon.martin@davisthomas.example.com,2026-06-09 02:42:35,Meta Ads,facebook,paid_social,hvac_q2_facility_mgr,FL,
SUMM-L00633,Stewart Graham and Brown,Tracie Juarez,Facilities Manager,tracie.juarez@stewartgrahamandbrown.example.com,2026-06-09 03:36:11,Outbound,,,,,33
SUMM-L00634,Dodson Ltd,Maureen Allison,Owner,maureen.allison@dodsonltd.example.com,2026-06-09 06:29:18,Referral,,,,NC,100
SUMM-L00635,Wallace Group,Thomas Downs,,thomas.downs@wallacegroup.example.com,2026-06-09 06:51:47,Meta Ads,facebook,paid_social,,AZ,61
SUMM-L00636,Curtis Holt and Mcconnell,Luis Smith,Building Engineer,luis.smith@curtisholtandmcconnell.example.com,2026-06-09 09:22:35,Outbound,,,,FL,47
SUMM-L00637,Gonzalez Group,Karen Tucker,Maintenance Supervisor,karen.tucker@gonzalezgroup.example.com,2026-06-09 12:00:01,Outbound,,,,GA,52
SUMM-L00638,Williams Castillo and Acosta,Julie Myers,Regional Facilities Lead,julie.myers@williamscastilloandacost.example.com,2026-06-09 12:27:11,Meta Ads,facebook,paid_social,,TX,61
SUMM-L00639,Johnson Brooks and Sandoval,Edgar Collins,,edgar.collins@johnsonbrooksandsandoval.example.com,2026-06-09 13:12:54,Outbound,,,,NC,58
SUMM-L00640,Drake Inc,Roberto Kramer,Regional Facilities Lead,roberto.kramer@drakeinc.example.com,2026-06-09 14:38:09,Google Ads,google,cpc,hvac_q2_search_emergency,GA,94
SUMM-L00641,Flores-Ortega,Rebecca Ewing,Maintenance Supervisor,rebecca.ewing@floresortega.example.com,2026-06-09 16:28:32,Outbound,,,,TX,63
SUMM-L00642,Trujillo-Santana,Judy Flores,Operations Director,judy.flores@trujillosantana.example.com,2026-06-09 16:34:53,Outbound,,,,GA,90
SUMM-L00643,Knight and Sons,Jason Griffin,Maintenance Supervisor,jason.griffin@knightandsons.example.com,2026-06-09 23:25:05,Outbound,,,,CA,
SUMM-L00644,Brown Fuller and Ramirez,Marcus Lawson,Facilities Manager,marcus.lawson@brownfullerandramirez.example.com,2026-06-10 07:47:14,Referral,,,,FL,73
SUMM-L00645,Olson-Browning,Eric Adams,Operations Director,eric.adams@olsonbrowning.example.com,2026-06-10 11:03:58,Outbound,,,,NC,45
SUMM-L00646,Martin Hart and Thomas,Karen Burns,Property Manager,karen.burns@martinhartandthomas.example.com,2026-06-10 11:44:49,Outbound,,,,NC,90
SUMM-L00647,Morton-Davis,Angela Davis,Building Engineer,angela.davis@mortondavis.example.com,2026-06-10 13:41:15,Outbound,,,,TX,63
SUMM-L00648,Wallace LLC,Lance Reyes,Building Engineer,lance.reyes@wallacellc.example.com,2026-06-10 13:56:59,Outbound,,,,FL,61
SUMM-L00649,Ward and Sons,Sandra Evans,Facilities Manager,sandra.evans@wardandsons.example.com,2026-06-10 14:05:48,Outbound,,,,FL,53
SUMM-L00650,Douglas-Phillips,Denise Anderson,Maintenance Supervisor,denise.anderson@douglasphillips.example.com,2026-06-10 14:16:03,Google Ads,google,cpc,hvac_q2_search_emergency,TX,67
SUMM-L00651,Gonzalez Levine and Rice,Jessica Hoffman,Owner,jessica.hoffman@gonzalezlevineandrice.example.com,2026-06-10 16:49:45,Meta Ads,facebook,paid_social,hvac_q2_facility_mgr,TX,88
SUMM-L00652,Hood Group,Carl Levine,Building Engineer,carl.levine@hoodgroup.example.com,2026-06-10 17:19:15,Call Tracking,callrail,phone,local_services,FL,97
SUMM-L00653,Knight and Sons,Wendy Davis,Owner,wendy.davis@knightandsons.example.com,2026-06-10 18:48:24,Outbound,,,,CA,82
SUMM-L00654,Shaffer-Torres,Timothy Clark,Regional Facilities Lead,timothy.clark@shaffertorres.example.com,2026-06-11 02:14:21,Outbound,,,,,15
SUMM-L00655,Thomas Williams and Hughes,Michael Johnson,Regional Facilities Lead,michael.johnson@thomaswilliamsandhughes.example.com,2026-06-11 03:29:05,Referral,,,,AZ,86
SUMM-L00656,Morales PLC,Desiree Davis,Facilities Manager,desiree.davis@moralesplc.example.com,2026-06-11 04:15:01,Google Ads,google,cpc,hvac_q2_search_emergency,AZ,56
SUMM-L00657,Hahn Ltd,Robin White,Facilities Manager,robin.white@hahnltd.example.com,2026-06-11 04:23:05,Outbound,,,,TX,63
SUMM-L00658,Green and Sons,George Gibson,Regional Facilities Lead,george.gibson@greenandsons.example.com,2026-06-11 08:40:01,Outbound,,,,FL,90
SUMM-L00659,Jones-Bailey,Justin Ochoa,Regional Facilities Lead,justin.ochoa@jonesbailey.example.com,2026-06-11 09:23:44,Referral,,,,FL,100
SUMM-L00660,Garcia Ltd,Douglas Fischer,Regional Facilities Lead,douglas.fischer@garcialtd.example.com,2026-06-11 12:02:58,Referral,,,,TX,100
SUMM-L00661,West Group,Brittany Payne,,brittany.payne@westgroup.example.com,2026-06-11 12:31:52,Outbound,,,,TX,60
SUMM-L00662,Allen Brown and Ryan,Mark Wallace,Maintenance Supervisor,mark.wallace@allenbrownandryan.example.com,2026-06-11 13:48:13,Outbound,,,,FL,63
SUMM-L00663,Webb Sanders and Castillo,Michael Key,Maintenance Supervisor,michael.key@webbsandersandcastillo.example.com,2026-06-11 14:01:02,Call Tracking,callrail,phone,gbp_listing,AZ,82
SUMM-L00664,Bailey Davis and Haynes,Michelle Sellers,Store Manager,michelle.sellers@baileydavisandhaynes.example.com,2026-06-11 22:28:39,Outbound,,,,NC,90
SUMM-L00665,Russell-Wong,Nicholas Jenkins,Property Manager,nicholas.jenkins@russellwong.example.com,2026-06-11 23:10:37,Referral,,,,,73
SUMM-L00666,Thomas Turner and Rubio,Phyllis Huff,Regional Facilities Lead,phyllis.huff@thomasturnerandrubio.example.com,2026-06-11 23:27:21,Call Tracking,callrail,phone,local_services,Unassigned,29
SUMM-L00667,Young Ltd,Amy Rogers,,amy.rogers@youngltd.example.com,2026-06-12 00:52:37,Google Ads,google,cpc,,TX,67
SUMM-L00668,Hernandez-Smith,Barbara Wright,Facilities Manager,barbara.wright@hernandezsmith.example.com,2026-06-12 01:56:27,Google Ads,google,cpc,hvac_q2_search_emergency,GA,67
SUMM-L00669,Sutton Holt and Garner,Shawn Sanders,Operations Director,shawn.sanders@suttonholtandgarner.example.com,2026-06-12 03:18:03,Outbound,,,,TX,63
SUMM-L00670,Romero Hughes and Wells,Bernard Gilbert,Facilities Manager,bernard.gilbert@romerohughesandwells.example.com,2026-06-12 03:23:10,Call Tracking,callrail,phone,gbp_listing,AZ,80
SUMM-L00671,Khan LLC,Kevin Arnold,Owner,kevin.arnold@khanllc.example.com,2026-06-12 04:14:00,Google Ads,google,cpc,hvac_q2_search_emergency,AZ,
SUMM-L00672,Lambert-Chandler,Nicole Spencer,Maintenance Supervisor,nicole.spencer@lambertchandler.example.com,2026-06-12 05:32:23,Outbound,,,,TX,90
SUMM-L00673,Medina Bailey and Choi,Anthony Waters,Property Manager,anthony.waters@medinabaileyandchoi.example.com,2026-06-12 08:38:07,Google Ads,google,cpc,hvac_q2_search_emergency,FL,94
SUMM-L00674,Baker Wallace and Johnston,Whitney Pratt,,whitney.pratt@bakerwallaceandjohnston.example.com,2026-06-12 10:17:42,Meta Ads,facebook,paid_social,hvac_q2_facility_mgr,AZ,88
SUMM-L00675,Wilson-Taylor,Linda Phillips,Building Engineer,linda.phillips@wilsontaylor.example.com,2026-06-12 11:32:27,Meta Ads,facebook,paid_social,hvac_q2_facility_mgr,FL,31
SUMM-L00676,Brown Ltd,Mary James,Operations Director,mary.james@brownltd.example.com,2026-06-12 12:47:14,Call Tracking,callrail,phone,local_services,AZ,41
SUMM-L00677,Rodriguez Inc,Taylor Hunt,,taylor.hunt@rodriguezinc.example.com,2026-06-12 15:07:23,Call Tracking,callrail,phone,local_services,TX,70
SUMM-L00678,Chang Inc,Maurice Barber,Facilities Manager,maurice.barber@changinc.example.com,2026-06-12 15:22:23,Call Tracking,callrail,phone,gbp_listing,AZ,97
SUMM-L00679,Hendricks-Gilbert,Sheryl Duncan,Operations Director,sheryl.duncan@hendricksgilbert.example.com,2026-06-12 17:59:01,Call Tracking,callrail,phone,local_services,TX,70
SUMM-L00680,Hansen Beasley and Greene,David Smith,Owner,david.smith@hansenbeasleyandgreene.example.com,2026-06-12 21:40:47,Outbound,,,,TX,63
SUMM-L00681,Evans Ltd,Gary Cox,Regional Facilities Lead,gary.cox@evansltd.example.com,2026-06-13 09:28:33,Call Tracking,callrail,phone,local_services,TX,48
SUMM-L00682,Wallace PLC,Rodney Guzman,Store Manager,rodney.guzman@wallaceplc.example.com,2026-06-13 13:54:52,Google Ads,google,cpc,hvac_q2_search_emergency,NC,94
SUMM-L00683,Hoover Johnson and Jackson,Kristin Carlson,Building Engineer,kristin.carlson@hooverjohnsonandjackson.example.com,2026-06-13 16:21:25,Referral,,,,,100
SUMM-L00684,Walker Brown and Hicks,Jerry Sanchez,Regional Facilities Lead,jerry.sanchez@walkerbrownandhicks.example.com,2026-06-13 20:09:39,Outbound,,,,AZ,57
SUMM-L00685,Wells-Nicholson,Christina Daniel,Facilities Manager,christina.daniel@wellsnicholson.example.com,2026-06-13 21:04:33,Outbound,,,,TX,
SUMM-L00686,Chandler Inc,Nina Webb,,nina.webb@chandlerinc.example.com,2026-06-14 03:35:37,Outbound,,,,,90
SUMM-L00687,Diaz Brown and Newman,Mario Henry,Facilities Manager,mario.henry@diazbrownandnewman.example.com,2026-06-14 04:57:25,Call Tracking,callrail,phone,local_services,GA,75
SUMM-L00688,Osborne and Sons,Steven Smith,Owner,steven.smith@osborneandsons.example.com,2026-06-14 11:18:37,Outbound,,,,CA,63
SUMM-L00689,Douglas Lewis and Jones,Kathleen Cook,Operations Director,kathleen.cook@douglaslewisandjones.example.com,2026-06-14 12:13:07,Outbound,,,,NC,90
SUMM-L00690,Black Group,Michael Compton,Property Manager,michael.compton@blackgroup.example.com,2026-06-14 13:22:17,Call Tracking,callrail,phone,local_services,GA,97
SUMM-L00691,Marsh-Lowe,Megan Hughes,Operations Director,megan.hughes@marshlowe.example.com,2026-06-15 00:52:38,Call Tracking,callrail,phone,local_services,GA,97
SUMM-L00692,Sanchez and Sons,Jesse Mcdaniel,Property Manager,jesse.mcdaniel@sanchezandsons.example.com,2026-06-15 01:58:33,Outbound,,,,CA,54
SUMM-L00693,Crawford Griffin and Johnson,Holly Williams,Property Manager,holly.williams@crawfordgriffinandjohnso.example.com,2026-06-15 09:33:17,Outbound,,,,TX,63
SUMM-L00694,Lopez Long and Farrell,Kathy Rodriguez,Regional Facilities Lead,kathy.rodriguez@lopezlongandfarrell.example.com,2026-06-15 12:27:01,Outbound,,,,GA,90
SUMM-L00695,Jones-Franklin,Robert Ramirez,Property Manager,robert.ramirez@jonesfranklin.example.com,2026-06-15 16:32:12,Outbound,,,,FL,
SUMM-L00696,Oliver LLC,Alejandra Richardson,Property Manager,alejandra.richardson@oliverllc.example.com,2026-06-15 18:15:06,Call Tracking,callrail,phone,gbp_listing,NC,70
SUMM-L00697,Arnold LLC,Nancy Larson,Store Manager,nancy.larson@arnoldllc.example.com,2026-06-15 18:30:19,Referral,,,,Unassigned,80
SUMM-L00698,Garza Anderson and Trujillo,Elizabeth Mccarthy,Regional Facilities Lead,elizabeth.mccarthy@garzaandersonandtrujillo.example.com,2026-06-15 21:23:50,Outbound,,,,,63
SUMM-L00699,Johnston Ltd,Randall Martinez,Property Manager,randall.martinez@johnstonltd.example.com,2026-06-16 06:42:22,Referral,,,,TX,73
SUMM-L00700,Anderson-Collins,Andrew Fitzgerald,Property Manager,andrew.fitzgerald@andersoncollins.example.com,2026-06-16 07:28:15,Meta Ads,facebook,paid_social,hvac_q2_facility_mgr,GA,61
SUMM-L00701,Keith Middleton and Rodriguez,Denise Baker,Owner,denise.baker@keithmiddletonandrodrigu.example.com,2026-06-16 07:29:56,Outbound,,,,NC,63
SUMM-L00702,Floyd Bonilla and Wyatt,Mike Mitchell,Maintenance Supervisor,mike.mitchell@floydbonillaandwyatt.example.com,2026-06-16 08:33:16,Outbound,,,,GA,63
SUMM-L00703,Mcconnell Group,Nicole Price,Operations Director,nicole.price@mcconnellgroup.example.com,2026-06-16 12:54:04,Call Tracking,callrail,phone,gbp_listing,FL,70
SUMM-L00704,Wheeler Ltd,Rebecca Cooke,Property Manager,rebecca.cooke@wheelerltd.example.com,2026-06-16 13:13:22,Call Tracking,callrail,phone,gbp_listing,NC,40
SUMM-L00705,Matthews Inc,Christina Brown,Facilities Manager,christina.brown@matthewsinc.example.com,2026-06-16 14:12:54,Outbound,,,,AZ,90
SUMM-L00706,Rodriguez Gonzales and Ford,Patrick Edwards,,patrick.edwards@rodriguezgonzalesandford.example.com,2026-06-16 15:30:11,Call Tracking,callrail,phone,gbp_listing,TX,70
SUMM-L00707,Buchanan LLC,Amy Wallace,Regional Facilities Lead,amy.wallace@buchananllc.example.com,2026-06-16 19:32:08,Google Ads,google,cpc,hvac_q2_search_emergency,,37
SUMM-L00708,Walker-Walker,Christine Hernandez,,christine.hernandez@walkerwalker.example.com,2026-06-16 22:55:28,Referral,,,,CA,73
SUMM-L00709,Watkins-Farrell,Kelsey Ewing,Store Manager,kelsey.ewing@watkinsfarrell.example.com,2026-06-17 08:03:41,Outbound,,,,GA,90
SUMM-L00710,Malone-Scott,Molly Gregory,Facilities Manager,molly.gregory@malonescott.example.com,2026-06-17 10:09:49,Referral,,,,TX,100
SUMM-L00711,Davis-Garcia,Tanya Peck,,tanya.peck@davisgarcia.example.com,2026-06-17 10:37:35,Outbound,,,,TX,63
SUMM-L00712,Hamilton-Benitez,Tyler Kaiser,Store Manager,tyler.kaiser@hamiltonbenitez.example.com,2026-06-17 10:44:49,Call Tracking,callrail,phone,local_services,NC,97
SUMM-L00713,Brown Wilson and Miller,Roger Taylor,Property Manager,roger.taylor@brownwilsonandmiller.example.com,2026-06-17 10:49:21,Google Ads,google,cpc,hvac_q2_search_emergency,NC,53
SUMM-L00714,Hill-Mack,Tammy Carter,,tammy.carter@hillmack.example.com,2026-06-17 11:10:29,Google Ads,google,cpc,hvac_q2_search_emergency,NC,67
SUMM-L00715,Clark Harris and Smith,Anthony Aguirre,Regional Facilities Lead,anthony.aguirre@clarkharrisandsmith.example.com,2026-06-17 11:13:30,Outbound,,,,GA,90
SUMM-L00716,Vargas-Fields,Holly Baird,Store Manager,holly.baird@vargasfields.example.com,2026-06-17 12:01:12,Referral,,,,AZ,
SUMM-L00717,Floyd-Wright,Kimberly Garcia,Regional Facilities Lead,kimberly.garcia@floydwright.example.com,2026-06-17 12:56:23,Outbound,,,,NC,90
SUMM-L00718,Miller and Sons,Miguel Collins,Owner,miguel.collins@millerandsons.example.com,2026-06-17 13:57:07,Call Tracking,callrail,phone,gbp_listing,NC,70
SUMM-L00719,Russell Moore and Johnson,Karen Richards,Operations Director,karen.richards@russellmooreandjohnson.example.com,2026-06-17 14:40:37,Outbound,,,,AZ,60
SUMM-L00720,Bowen Richards and Bryan,David Bruce,Regional Facilities Lead,david.bruce@bowenrichardsandbryan.example.com,2026-06-17 15:39:57,Call Tracking,callrail,phone,local_services,,54
SUMM-L00721,Lee Smith and Brown,Brandi Wade,Regional Facilities Lead,brandi.wade@leesmithandbrown.example.com,2026-06-17 16:59:19,Call Tracking,callrail,phone,local_services,CA,70
SUMM-L00722,Jackson Ltd,Shannon Hoffman,Maintenance Supervisor,shannon.hoffman@jacksonltd.example.com,2026-06-17 17:32:20,Call Tracking,callrail,phone,gbp_listing,GA,94
SUMM-L00723,Jackson-Garrett,Patricia Alvarado,Store Manager,patricia.alvarado@jacksongarrett.example.com,2026-06-17 20:09:36,Outbound,,,,TX,88
SUMM-L00724,Brown-Butler,Sarah Mccann,Property Manager,sarah.mccann@brownbutler.example.com,2026-06-17 22:22:22,Google Ads,google,cpc,hvac_q2_search_emergency,AZ,67
SUMM-L00725,Harris-Hurst,Michelle Hicks,Facilities Manager,michelle.hicks@harrishurst.example.com,2026-06-18 00:00:37,Google Ads,google,cpc,hvac_q2_search_emergency,,67
SUMM-L00726,Sanchez Group,Madison Baker,Building Engineer,madison.baker@sanchezgroup.example.com,2026-06-18 11:09:08,Outbound,,,,TX,63
SUMM-L00727,Maldonado Ltd,Tracy Barr,Regional Facilities Lead,tracy.barr@maldonadoltd.example.com,2026-06-18 13:19:03,Google Ads,google,cpc,hvac_q2_search_emergency,TX,94
SUMM-L00728,Montes-Mccormick,Sara Garcia,Maintenance Supervisor,sara.garcia@montesmccormick.example.com,2026-06-18 13:40:54,Outbound,,,,GA,63
SUMM-L00729,Craig Inc,Johnathan Neal,Store Manager,johnathan.neal@craiginc.example.com,2026-06-18 17:14:51,Google Ads,google,cpc,hvac_q2_search_emergency,AZ,94
SUMM-L00730,Kelley-Gilmore,Kirk Lopez,Facilities Manager,kirk.lopez@kelleygilmore.example.com,2026-06-18 17:36:57,Outbound,,,,,42
SUMM-L00731,Rhodes Jackson and Kelly,Jasmine Robinson,Operations Director,jasmine.robinson@rhodesjacksonandkelly.example.com,2026-06-18 17:54:11,Call Tracking,callrail,phone,gbp_listing,NC,70
SUMM-L00732,Taylor Ltd,Makayla Sutton,Building Engineer,makayla.sutton@taylorltd.example.com,2026-06-18 20:23:03,Outbound,,,,TX,90
SUMM-L00733,Pineda-Clark,David Martin,,david.martin@pinedaclark.example.com,2026-06-18 23:28:47,Outbound,,,,FL,90
SUMM-L00734,Spencer Herrera and Espinoza,Stacy Neal,Operations Director,stacy.neal@spencerherreraandespinoz.example.com,2026-06-19 02:53:32,Meta Ads,facebook,paid_social,hvac_q2_facility_mgr,,61
SUMM-L00735,Murray Arias and Chapman,Jackie Jones,Property Manager,jackie.jones@murrayariasandchapman.example.com,2026-06-19 08:14:28,Google Ads,google,cpc,hvac_q2_search_emergency,Unassigned,74
SUMM-L00736,Calderon-Shaffer,Jason Reed,Regional Facilities Lead,jason.reed@calderonshaffer.example.com,2026-06-19 08:57:45,Outbound,,,,TX,63
SUMM-L00737,White Ltd,George Day,Property Manager,george.day@whiteltd.example.com,2026-06-19 12:14:38,Google Ads,google,cpc,,TX,
SUMM-L00738,Baird Munoz and Mcconnell,Cindy Perkins,Owner,cindy.perkins@bairdmunozandmcconnell.example.com,2026-06-19 13:55:38,Google Ads,google,cpc,,GA,67
SUMM-L00739,Holder Smith and Hernandez,Perry Fowler,,perry.fowler@holdersmithandhernandez.example.com,2026-06-19 14:07:48,Google Ads,google,cpc,hvac_q2_search_emergency,TX,87
SUMM-L00740,Lopez-Dyer,Aaron Burton,Store Manager,aaron.burton@lopezdyer.example.com,2026-06-19 14:24:41,Call Tracking,callrail,phone,gbp_listing,NC,70
SUMM-L00741,Wright Thompson and Wilson,Christopher Bauer,Store Manager,christopher.bauer@wrightthompsonandwilson.example.com,2026-06-19 14:39:33,Outbound,,,,,90
SUMM-L00742,Murray-Miller,Robert Meyers,Property Manager,robert.meyers@murraymiller.example.com,2026-06-19 15:19:06,Outbound,,,,CA,90
SUMM-L00743,Gardner-Beard,Monique Marsh,Store Manager,monique.marsh@gardnerbeard.example.com,2026-06-20 15:32:00,Call Tracking,callrail,phone,local_services,FL,97
SUMM-L00744,Barton Nguyen and Russell,Casey Hood,Owner,casey.hood@bartonnguyenandrussell.example.com,2026-06-20 18:04:31,Referral,,,,GA,91
SUMM-L00745,Mora PLC,Matthew Schmidt,,matthew.schmidt@moraplc.example.com,2026-06-20 20:49:51,Call Tracking,callrail,phone,gbp_listing,FL,67
SUMM-L00746,Schwartz-Mason,Robert Price,Store Manager,robert.price@schwartzmason.example.com,2026-06-21 05:36:51,Outbound,,,,AZ,63
SUMM-L00747,Elliott-Myers,Mary Cooper,Owner,mary.cooper@elliottmyers.example.com,2026-06-21 07:26:51,Outbound,,,,GA,
SUMM-L00748,Ashley LLC,Ryan Williams,Store Manager,ryan.williams@ashleyllc.example.com,2026-06-21 07:44:10,Call Tracking,callrail,phone,local_services,TX,97
SUMM-L00749,Shields-Le,Jeffrey Johnson,Maintenance Supervisor,jeffrey.johnson@shieldsle.example.com,2026-06-21 12:18:12,Referral,,,,TX,59
SUMM-L00750,Reyes and Sons,Megan Harvey,Store Manager,megan.harvey@reyesandsons.example.com,2026-06-21 13:26:59,Referral,,,,NC,78
SUMM-L00751,Navarro-Ball,Jacob Finley,Facilities Manager,jacob.finley@navarroball.example.com,2026-06-21 15:07:19,Google Ads,google,cpc,hvac_q2_search_emergency,GA,67
SUMM-L00752,Harper Kim and Porter,Kimberly Parker,,kimberly.parker@harperkimandporter.example.com,2026-06-21 19:26:56,Call Tracking,callrail,phone,gbp_listing,GA,70
SUMM-L00753,Hicks Smith and Sherman,Matthew Ashley,Store Manager,matthew.ashley@hickssmithandsherman.example.com,2026-06-21 20:45:32,Call Tracking,callrail,phone,local_services,NC,97
SUMM-L00754,Wagner-Bean,Nancy Bonilla,,nancy.bonilla@wagnerbean.example.com,2026-06-22 00:27:47,Outbound,,,,TX,63
SUMM-L00755,Mercado-Jones,Jeremy Perez,Maintenance Supervisor,jeremy.perez@mercadojones.example.com,2026-06-22 00:55:14,Referral,,,,AZ,73
SUMM-L00756,Ellison-Conley,Derrick Donaldson,Store Manager,derrick.donaldson@ellisonconley.example.com,2026-06-22 01:28:53,Google Ads,google,cpc,,AZ,
SUMM-L00757,English Ltd,Sergio Lowe,Maintenance Supervisor,sergio.lowe@englishltd.example.com,2026-06-22 04:13:40,Outbound,,,,Unassigned,43
SUMM-L00758,Greene Morris and Blevins,Carol Nelson,Property Manager,carol.nelson@greenemorrisandblevins.example.com,2026-06-22 10:29:08,Call Tracking,callrail,phone,local_services,CA,
SUMM-L00759,Mccullough-Walters,Jeanette Spencer,Store Manager,jeanette.spencer@mcculloughwalters.example.com,2026-06-22 10:39:25,Meta Ads,facebook,paid_social,hvac_q2_facility_mgr,GA,61
SUMM-L00760,French-Tanner,Gregory White,,gregory.white@frenchtanner.example.com,2026-06-22 10:42:23,Google Ads,google,cpc,hvac_q2_search_emergency,,94
SUMM-L00761,Thomas and Sons,Glenn Manning,Operations Director,glenn.manning@thomasandsons.example.com,2026-06-22 14:02:55,Referral,,,,TX,73
SUMM-L00762,Good Inc,Timothy Campbell,Facilities Manager,timothy.campbell@goodinc.example.com,2026-06-22 14:39:50,Outbound,,,,TX,63
SUMM-L00763,Payne-Ross,Annette Carter,Regional Facilities Lead,annette.carter@payneross.example.com,2026-06-22 16:56:46,Referral,,,,,100
SUMM-L00764,Hernandez Patton and Rasmussen,James Jensen,Facilities Manager,james.jensen@hernandezpattonandrasmus.example.com,2026-06-22 17:14:54,Referral,,,,TX,73
SUMM-L00765,Atkins Brown and Garcia,Andrew Terry,Owner,andrew.terry@atkinsbrownandgarcia.example.com,2026-06-22 17:23:26,Google Ads,google,cpc,hvac_q2_search_emergency,GA,94
SUMM-L00766,Ellis PLC,Jon Powell,Building Engineer,jon.powell@ellisplc.example.com,2026-06-22 22:44:55,Outbound,,,,Unassigned,43
SUMM-L00767,Perez Sanchez and Stevens,Dawn Obrien,Operations Director,dawn.obrien@perezsanchezandstevens.example.com,2026-06-23 01:04:08,Outbound,,,,NC,52
SUMM-L00768,Chavez Mack and Vasquez,Reginald Martinez,,reginald.martinez@chavezmackandvasquez.example.com,2026-06-23 03:01:57,Referral,,,,AZ,100
SUMM-L00769,Chavez LLC,Jason Johnson,Maintenance Supervisor,jason.johnson@chavezllc.example.com,2026-06-23 04:04:38,Call Tracking,callrail,phone,gbp_listing,GA,
SUMM-L00770,Martinez-Griffin,Joshua Chambers,Property Manager,joshua.chambers@martinezgriffin.example.com,2026-06-23 05:32:44,Outbound,,,,AZ,90
SUMM-L00771,Martinez-Gonzales,Olivia Arroyo,Facilities Manager,olivia.arroyo@martinezgonzales.example.com,2026-06-23 06:50:12,Meta Ads,facebook,paid_social,,AZ,57
SUMM-L00772,Schultz Weiss and Reynolds,Mark Shannon,Facilities Manager,mark.shannon@schultzweissandreynolds.example.com,2026-06-23 07:43:30,Call Tracking,callrail,phone,local_services,NC,68
SUMM-L00773,Smith-Wood,Samantha Quinn,Building Engineer,samantha.quinn@smithwood.example.com,2026-06-23 10:49:22,Outbound,,,,AZ,90
SUMM-L00774,Lopez-Hunter,Catherine Daniels,Operations Director,catherine.daniels@lopezhunter.example.com,2026-06-23 11:22:13,Outbound,,,,FL,90
SUMM-L00775,Beasley Owens and Little,Cynthia Mahoney,,cynthia.mahoney@beasleyowensandlittle.example.com,2026-06-23 11:49:17,Outbound,,,,NC,63
SUMM-L00776,Phillips LLC,Lindsay Ross,Regional Facilities Lead,lindsay.ross@phillipsllc.example.com,2026-06-23 13:02:22,Outbound,,,,TX,90
SUMM-L00777,Robertson Lawrence and Calhoun,John Cooper,Regional Facilities Lead,john.cooper@robertsonlawrenceandcalh.example.com,2026-06-23 15:57:22,Outbound,,,,,63
SUMM-L00778,Baker Gilmore and Johnson,John Olson,Owner,john.olson@bakergilmoreandjohnson.example.com,2026-06-23 16:06:42,Outbound,,,,GA,63
SUMM-L00779,Dorsey King and Holloway,Christopher Perkins,Maintenance Supervisor,christopher.perkins@dorseykingandholloway.example.com,2026-06-23 16:58:52,Referral,,,,GA,73
SUMM-L00780,Gray Stein and Lewis,Michael Wong,Store Manager,michael.wong@graysteinandlewis.example.com,2026-06-23 17:59:27,Outbound,,,,FL,63
SUMM-L00781,Lang Nguyen and Lee,David Jones,,david.jones@langnguyenandlee.example.com,2026-06-23 23:02:07,Google Ads,google,cpc,hvac_q2_search_emergency,NC,41
SUMM-L00782,White Group,Robert Kennedy,,robert.kennedy@whitegroup.example.com,2026-06-24 06:10:25,Call Tracking,callrail,phone,local_services,GA,70
SUMM-L00783,Jensen Ltd,Jeremiah Howard,Store Manager,jeremiah.howard@jensenltd.example.com,2026-06-24 07:11:51,Google Ads,google,cpc,hvac_q2_search_emergency,TX,67
SUMM-L00784,Miles PLC,Christopher Gregory,,christopher.gregory@milesplc.example.com,2026-06-24 08:45:10,Call Tracking,callrail,phone,gbp_listing,,70
SUMM-L00785,Hardy-Miller,Michelle Johnson,Store Manager,michelle.johnson@hardymiller.example.com,2026-06-24 10:37:19,Call Tracking,callrail,phone,gbp_listing,AZ,91
SUMM-L00786,Hudson Group,Madeline Frazier,Regional Facilities Lead,madeline.frazier@hudsongroup.example.com,2026-06-24 11:37:30,Outbound,,,,FL,90
SUMM-L00787,Burke Inc,Amber Whitney,Operations Director,amber.whitney@burkeinc.example.com,2026-06-24 15:20:04,Referral,,,,GA,73
SUMM-L00788,James LLC,Dwayne Lane,Store Manager,dwayne.lane@jamesllc.example.com,2026-06-24 15:46:46,Referral,,,,TX,100
SUMM-L00789,Mills Bray and White,Jacob Hogan,Building Engineer,jacob.hogan@millsbrayandwhite.example.com,2026-06-24 17:58:20,Outbound,,,,TX,90
SUMM-L00790,Carter-Christensen,Kristen Lyons,Maintenance Supervisor,kristen.lyons@carterchristensen.example.com,2026-06-24 18:46:00,Call Tracking,callrail,phone,local_services,NC,97
SUMM-L00791,Osborne Rivera and Singleton,Linda Smith,Maintenance Supervisor,linda.smith@osborneriveraandsingleto.example.com,2026-06-24 21:23:58,Call Tracking,callrail,phone,gbp_listing,NC,97
SUMM-L00792,Barker Lewis and Quinn,Brenda Villegas,,brenda.villegas@barkerlewisandquinn.example.com,2026-06-25 03:46:05,Call Tracking,callrail,phone,gbp_listing,FL,67
SUMM-L00793,Phillips Phillips and Miller,Shawn Johnson,Building Engineer,shawn.johnson@phillipsphillipsandmille.example.com,2026-06-25 04:43:22,Outbound,,,,TX,63
SUMM-L00794,Gibson Bennett and Hurst,Tiffany Floyd,,tiffany.floyd@gibsonbennettandhurst.example.com,2026-06-25 08:18:23,Referral,,,,TX,73
SUMM-L00795,Brennan-Perez,Michael Perez,,michael.perez@brennanperez.example.com,2026-06-25 08:56:07,Meta Ads,facebook,paid_social,,GA,31
SUMM-L00796,Potter-Gordon,Laura Houston,Facilities Manager,laura.houston@pottergordon.example.com,2026-06-25 09:03:55,Meta Ads,facebook,paid_social,hvac_q2_facility_mgr,AZ,57
SUMM-L00797,Jennings Group,Robert White,Maintenance Supervisor,robert.white@jenningsgroup.example.com,2026-06-25 11:53:45,Outbound,,,,,
SUMM-L00798,Hicks and Sons,John Paul,Operations Director,john.paul@hicksandsons.example.com,2026-06-25 12:22:37,Outbound,,,,NC,90
SUMM-L00799,Wagner Stone and Irwin,Maria Mcguire,Property Manager,maria.mcguire@wagnerstoneandirwin.example.com,2026-06-25 12:56:54,Meta Ads,facebook,paid_social,hvac_q2_facility_mgr,GA,88
SUMM-L00800,White Simpson and Parker,Robert Schroeder,Maintenance Supervisor,robert.schroeder@whitesimpsonandparker.example.com,2026-06-25 13:02:36,Google Ads,google,cpc,hvac_q2_search_emergency,TX,67
SUMM-L00801,Wilson Inc,Linda Larson,,linda.larson@wilsoninc.example.com,2026-06-25 14:32:34,Call Tracking,callrail,phone,gbp_listing,NC,97
SUMM-L00802,Lester-Gibbs,Jamie Williams,Property Manager,jamie.williams@lestergibbs.example.com,2026-06-25 15:26:44,Google Ads,google,cpc,hvac_q2_search_emergency,TX,67
SUMM-L00803,Davenport Boyer and Watts,Kelly Miller,Operations Director,kelly.miller@davenportboyerandwatts.example.com,2026-06-25 16:46:19,Google Ads,google,cpc,hvac_q2_search_emergency,TX,67
SUMM-L00804,Serrano Group,Robert Gray,Property Manager,robert.gray@serranogroup.example.com,2026-06-25 17:24:33,Outbound,,,,NC,90
SUMM-L00805,Taylor Torres and Thomas,Travis Johnson,,travis.johnson@taylortorresandthomas.example.com,2026-06-25 18:48:08,Google Ads,google,cpc,hvac_q2_search_emergency,FL,94
SUMM-L00806,Lopez LLC,Alexis Hubbard,Regional Facilities Lead,alexis.hubbard@lopezllc.example.com,2026-06-25 20:50:24,Outbound,,,,TX,90
SUMM-L00807,Perez PLC,Catherine Anderson,Regional Facilities Lead,catherine.anderson@perezplc.example.com,2026-06-26 01:28:41,Outbound,,,,,50
SUMM-L00808,Mcclain Miller and Scott,Katherine Perez,,katherine.perez@mcclainmillerandscott.example.com,2026-06-26 03:00:35,Outbound,,,,AZ,33
SUMM-L00809,Chen-Mcdonald,Alex Alvarez,,alex.alvarez@chenmcdonald.example.com,2026-06-26 07:24:28,Call Tracking,callrail,phone,local_services,CA,97
SUMM-L00810,Smith-Madden,Rebekah West,Owner,rebekah.west@smithmadden.example.com,2026-06-26 08:41:38,Outbound,,,,FL,90
SUMM-L00811,Allen Richard and Robertson,Amy Campbell,Facilities Manager,amy.campbell@allenrichardandrobertson.example.com,2026-06-26 08:50:05,Referral,,,,CA,93
SUMM-L00812,Burgess Group,Brian Aguilar,Property Manager,brian.aguilar@burgessgroup.example.com,2026-06-26 12:04:56,Google Ads,google,cpc,hvac_q2_search_emergency,AZ,42
SUMM-L00813,Kim Inc,Danielle Jackson,Owner,danielle.jackson@kiminc.example.com,2026-06-26 13:58:30,Outbound,,,,CA,63
SUMM-L00814,Smith Mcdonald and Kidd,Mark Thompson,Facilities Manager,mark.thompson@smithmcdonaldandkidd.example.com,2026-06-26 14:31:14,Call Tracking,callrail,phone,local_services,TX,70
SUMM-L00815,Larson Group,Charles Sanchez,Owner,charles.sanchez@larsongroup.example.com,2026-06-26 15:17:55,Outbound,,,,FL,90
SUMM-L00816,Yang Ltd,Michael Jacobs,Property Manager,michael.jacobs@yangltd.example.com,2026-06-26 15:26:43,Outbound,,,,TX,63
SUMM-L00817,Thomas-Reeves,Dominic Peterson,Property Manager,dominic.peterson@thomasreeves.example.com,2026-06-26 16:26:33,Outbound,,,,FL,90
SUMM-L00818,Mata-Moran,Thomas Francis,Maintenance Supervisor,thomas.francis@matamoran.example.com,2026-06-26 17:13:00,Call Tracking,callrail,phone,local_services,GA,70
SUMM-L00819,James Moore and Petersen,Tiffany Thompson,,tiffany.thompson@jamesmooreandpetersen.example.com,2026-06-26 17:49:24,Outbound,,,,CA,56
SUMM-L00820,Howell-Davis,Jessica Garrett,Owner,jessica.garrett@howelldavis.example.com,2026-06-26 18:51:43,Google Ads,google,cpc,hvac_q2_search_emergency,NC,67
SUMM-L00821,Green-Austin,Jeffrey Sanders,Store Manager,jeffrey.sanders@greenaustin.example.com,2026-06-27 04:02:22,Outbound,,,,FL,84
SUMM-L00822,Cummings-Lang,Steven Harris,Building Engineer,steven.harris@cummingslang.example.com,2026-06-27 10:09:00,Outbound,,,,GA,90
SUMM-L00823,Austin Group,Lisa Smith,,lisa.smith@austingroup.example.com,2026-06-27 10:27:30,Outbound,,,,AZ,33
SUMM-L00824,Garza Inc,Emily Allen,Regional Facilities Lead,emily.allen@garzainc.example.com,2026-06-27 13:44:06,Outbound,,,,GA,80
SUMM-L00825,Brown-Alexander,Lynn Navarro,Owner,lynn.navarro@brownalexander.example.com,2026-06-27 14:21:36,Call Tracking,callrail,phone,gbp_listing,,97
SUMM-L00826,Bartlett Inc,Renee Wells,Regional Facilities Lead,renee.wells@bartlettinc.example.com,2026-06-27 22:11:22,Referral,,,,GA,73
SUMM-L00827,Ward-Le,Robert Patterson,Regional Facilities Lead,robert.patterson@wardle.example.com,2026-06-27 23:31:36,Call Tracking,callrail,phone,local_services,,97
SUMM-L00828,Mooney Inc,Dominique Garcia,Regional Facilities Lead,dominique.garcia@mooneyinc.example.com,2026-06-28 01:30:16,Call Tracking,callrail,phone,gbp_listing,FL,97
SUMM-L00829,Reed Finley and Aguilar,Jonathan Lucas,Regional Facilities Lead,jonathan.lucas@reedfinleyandaguilar.example.com,2026-06-28 13:58:08,Outbound,,,,TX,90
SUMM-L00830,Anderson Lawson and Fleming,Vicki Sparks,Property Manager,vicki.sparks@andersonlawsonandfleming.example.com,2026-06-28 15:19:48,Outbound,,,,AZ,90
SUMM-L00831,Escobar-Coffey,Erica Garcia,Owner,erica.garcia@escobarcoffey.example.com,2026-06-28 17:09:05,Outbound,,,,Unassigned,70
SUMM-L00832,Smith-Sanders,Sara Ruiz,Owner,sara.ruiz@smithsanders.example.com,2026-06-28 19:10:38,Call Tracking,callrail,phone,gbp_listing,AZ,70
SUMM-L00833,Mitchell LLC,Kevin Johnson,Building Engineer,kevin.johnson@mitchellllc.example.com,2026-06-29 01:17:12,Outbound,,,,GA,
SUMM-L00834,Smith LLC,Robert Jackson,Maintenance Supervisor,robert.jackson@smithllc.example.com,2026-06-29 01:26:02,Call Tracking,callrail,phone,local_services,GA,97
SUMM-L00835,Watts Ltd,Mark Hill,Property Manager,mark.hill@wattsltd.example.com,2026-06-29 01:33:42,Outbound,,,,FL,63
SUMM-L00836,Bryant Inc,Matthew Henry,Property Manager,matthew.henry@bryantinc.example.com,2026-06-29 07:06:13,Outbound,,,,,63
SUMM-L00837,Decker Butler and Krueger,Alexis Campbell,Building Engineer,alexis.campbell@deckerbutlerandkrueger.example.com,2026-06-29 09:38:17,Outbound,,,,CA,62
SUMM-L00838,Murphy-Ingram,Beth Gutierrez,,beth.gutierrez@murphyingram.example.com,2026-06-29 09:50:36,Outbound,,,,AZ,63
SUMM-L00839,Edwards Ltd,Kimberly Ryan,Facilities Manager,kimberly.ryan@edwardsltd.example.com,2026-06-29 11:05:50,Call Tracking,callrail,phone,local_services,TX,97
SUMM-L00840,Stevens Group,Charles Matthews,Owner,charles.matthews@stevensgroup.example.com,2026-06-29 12:01:35,Meta Ads,facebook,paid_social,hvac_q2_facility_mgr,TX,61
SUMM-L00841,Mendoza-Morgan,Damon Mcclure,,damon.mcclure@mendozamorgan.example.com,2026-06-29 13:27:37,Google Ads,google,cpc,hvac_q2_search_emergency,TX,67
SUMM-L00842,Beasley Hudson and Harvey,Angela Nichols,Owner,angela.nichols@beasleyhudsonandharvey.example.com,2026-06-29 14:52:54,Meta Ads,facebook,paid_social,hvac_q2_facility_mgr,AZ,45
SUMM-L00843,Zavala Campbell and Williams,Janet Coleman,Regional Facilities Lead,janet.coleman@zavalacampbellandwilliam.example.com,2026-06-29 16:41:27,Google Ads,google,cpc,,TX,67
SUMM-L00844,Johnson Nguyen and Watkins,Kathleen Vasquez,Operations Director,kathleen.vasquez@johnsonnguyenandwatkins.example.com,2026-06-29 17:37:24,Call Tracking,callrail,phone,gbp_listing,Unassigned,20
SUMM-L00845,Roberts-Kirk,Jackie Petty,Property Manager,jackie.petty@robertskirk.example.com,2026-06-29 19:26:42,Outbound,,,,Unassigned,
SUMM-L00846,Martin Cox and Hutchinson,Michael Jones,Facilities Manager,michael.jones@martincoxandhutchinson.example.com,2026-06-30 00:56:36,Outbound,,,,AZ,90
SUMM-L00847,Jackson LLC,James Ballard,Property Manager,james.ballard@jacksonllc.example.com,2026-06-30 03:00:14,Outbound,,,,AZ,63
SUMM-L00848,Brown-Hudson,Leslie Brown,Maintenance Supervisor,leslie.brown@brownhudson.example.com,2026-06-30 08:32:06,Outbound,,,,GA,90
SUMM-L00849,Brown-Alexander,Lindsey Baker,Store Manager,lindsey.baker@brownalexander.example.com,2026-06-30 09:49:39,Call Tracking,callrail,phone,gbp_listing,GA,97
SUMM-L00850,Schmidt Perez and Smith,Kevin Woodard,Property Manager,kevin.woodard@schmidtperezandsmith.example.com,2026-06-30 10:50:46,Outbound,,,,,63
SUMM-L00851,Wyatt Inc,Christopher Daniels,Regional Facilities Lead,christopher.daniels@wyattinc.example.com,2026-06-30 12:30:08,Call Tracking,callrail,phone,local_services,NC,70
SUMM-L00852,Brown-Chan,Jeffrey Smith,Operations Director,jeffrey.smith@brownchan.example.com,2026-06-30 12:47:43,Referral,,,,TX,73
SUMM-L00853,Fuentes Hodge and Williams,Karen Jensen,Store Manager,karen.jensen@fuenteshodgeandwilliams.example.com,2026-06-30 13:25:54,Call Tracking,callrail,phone,gbp_listing,AZ,
SUMM-L00854,Davis Inc,Alexis Brown,Store Manager,alexis.brown@davisinc.example.com,2026-06-30 13:52:07,Referral,,,,NC,
SUMM-L00855,Olson PLC,Stacy Martinez,Operations Director,stacy.martinez@olsonplc.example.com,2026-06-30 15:13:13,Referral,,,,NC,68
SUMM-L00856,Lopez Inc,James Gray,Store Manager,james.gray@lopezinc.example.com,2026-06-30 17:02:05,Meta Ads,facebook,paid_social,hvac_q2_facility_mgr,GA,31
SUMM-L00857,Jones Moore and Robinson,Melvin Kirk,Facilities Manager,melvin.kirk@jonesmooreandrobinson.example.com,2026-06-30 21:40:56,Referral,,,,AZ,100
SUMM-L00858,Klein Ltd,Kayla Jones,Building Engineer,kayla.jones@kleinltd.example.com,2026-07-01 02:42:56,Google Ads,google,cpc,hvac_q3_search_install,FL,94
SUMM-L00859,Hodges Oconnell and Harmon,Christine Romero,Owner,christine.romero@hodgesoconnellandharmon.example.com,2026-07-01 03:00:20,Outbound,,,,NC,80
SUMM-L00860,Knight Inc,Bailey Brady,Maintenance Supervisor,bailey.brady@knightinc.example.com,2026-07-01 04:15:02,Outbound,,,,TX,90
SUMM-L00861,Turner LLC,Jeffrey Sanchez,,jeffrey.sanchez@turnerllc.example.com,2026-07-01 05:26:52,Call Tracking,callrail,phone,gbp_listing,NC,70
SUMM-L00862,Johnston Robinson and Hernandez,Kristin Hansen,Operations Director,kristin.hansen@johnstonrobinsonandherna.example.com,2026-07-01 06:22:02,Referral,,,,,73
SUMM-L00863,Hood Group,Andre West,Building Engineer,andre.west@hoodgroup.example.com,2026-07-01 07:55:19,Outbound,,,,FL,90
SUMM-L00864,Spears PLC,Kristen Roberts,,kristen.roberts@spearsplc.example.com,2026-07-01 09:10:29,Call Tracking,callrail,phone,gbp_listing,,69
SUMM-L00865,Green-Carter,Pamela Young,Maintenance Supervisor,pamela.young@greencarter.example.com,2026-07-01 11:10:38,Outbound,,,,TX,90
SUMM-L00866,Munoz-Woods,Shawn Hurst,Store Manager,shawn.hurst@munozwoods.example.com,2026-07-01 12:50:20,Outbound,,,,,49
SUMM-L00867,Rojas-Stevenson,Michael Ware,Property Manager,michael.ware@rojasstevenson.example.com,2026-07-01 13:23:02,Google Ads,google,cpc,hvac_q3_search_ac_repair,FL,67
SUMM-L00868,Davis Morgan and Reeves,Danielle Preston,Maintenance Supervisor,danielle.preston@davismorganandreeves.example.com,2026-07-01 14:04:58,Call Tracking,callrail,phone,gbp_listing,AZ,70
SUMM-L00869,Patton-Dougherty,Carlos Hudson,Owner,carlos.hudson@pattondougherty.example.com,2026-07-01 14:10:45,Google Ads,google,cpc,hvac_q3_search_ac_repair,TX,
SUMM-L00870,Waller-Navarro,Melissa Harris,Store Manager,melissa.harris@wallernavarro.example.com,2026-07-01 14:29:28,Outbound,,,,,90
SUMM-L00871,Garcia Francis and Clark,Jody Rivera,Store Manager,jody.rivera@garciafrancisandclark.example.com,2026-07-01 14:42:14,Call Tracking,callrail,phone,local_services,CA,47
SUMM-L00872,Hampton Davis and Patel,Jessica Butler,Property Manager,jessica.butler@hamptondavisandpatel.example.com,2026-07-01 15:18:05,Google Ads,google,cpc,hvac_q3_search_ac_repair,TX,67
SUMM-L00873,Hill-Molina,Virginia Contreras,Maintenance Supervisor,virginia.contreras@hillmolina.example.com,2026-07-01 15:58:55,Referral,,,,NC,
SUMM-L00874,Zimmerman-Ford,Stephanie Welch,Building Engineer,stephanie.welch@zimmermanford.example.com,2026-07-01 17:19:33,Outbound,,,,GA,63
SUMM-L00875,Davis-Williamson,Cristina Fitzgerald,Owner,cristina.fitzgerald@daviswilliamson.example.com,2026-07-01 17:36:38,Referral,,,,,73
SUMM-L00876,Reeves Bruce and Dean,Courtney Bennett,Facilities Manager,courtney.bennett@reevesbruceanddean.example.com,2026-07-01 17:52:20,Call Tracking,callrail,phone,gbp_listing,NC,97
SUMM-L00877,Murillo PLC,John Rollins,,john.rollins@murilloplc.example.com,2026-07-01 18:55:16,Referral,,,,GA,
SUMM-L00878,Newman-Mcbride,Sara Rodriguez,Regional Facilities Lead,sara.rodriguez@newmanmcbride.example.com,2026-07-01 21:32:05,Call Tracking,callrail,phone,local_services,NC,97
SUMM-L00879,Carter LLC,Anthony Cooper,Maintenance Supervisor,anthony.cooper@carterllc.example.com,2026-07-01 21:37:01,Meta Ads,facebook,paid_social,hvac_q3_maintenance_plan,CA,88
SUMM-L00880,Kerr-Hayes,Lisa Ferguson,Facilities Manager,lisa.ferguson@kerrhayes.example.com,2026-07-01 22:50:41,Referral,,,,FL,43
SUMM-L00881,Armstrong-Huber,Laura Martinez,Operations Director,laura.martinez@armstronghuber.example.com,2026-07-02 02:34:07,Outbound,,,,FL,63
SUMM-L00882,Smith and Sons,John Johnson,Regional Facilities Lead,john.johnson@smithandsons.example.com,2026-07-02 07:07:30,Outbound,,,,TX,60
SUMM-L00883,Edwards Group,Sara Andrews,Owner,sara.andrews@edwardsgroup.example.com,2026-07-02 10:35:03,Outbound,,,,TX,90
SUMM-L00884,Coleman Cannon and Jones,Andrew Oconnor,Building Engineer,andrew.oconnor@colemancannonandjones.example.com,2026-07-02 10:53:33,Call Tracking,callrail,phone,gbp_listing,FL,92
SUMM-L00885,Johnson Ryan and Grimes,Joseph Clark,Operations Director,joseph.clark@johnsonryanandgrimes.example.com,2026-07-02 12:09:14,Call Tracking,callrail,phone,local_services,TX,70
SUMM-L00886,Gill Buchanan and Miles,Rodney Berry,Maintenance Supervisor,rodney.berry@gillbuchananandmiles.example.com,2026-07-02 14:13:42,Outbound,,,,AZ,63
SUMM-L00887,Fernandez Wong and Mathis,Jonathan Hudson,Store Manager,jonathan.hudson@fernandezwongandmathis.example.com,2026-07-02 14:56:53,Referral,,,,TX,100
SUMM-L00888,Jenkins Jones and Bryant,Suzanne Lopez,Regional Facilities Lead,suzanne.lopez@jenkinsjonesandbryant.example.com,2026-07-02 17:23:56,Referral,,,,,84
SUMM-L00889,Benitez Inc,Jesse Cardenas,,jesse.cardenas@benitezinc.example.com,2026-07-02 21:51:53,Google Ads,google,cpc,hvac_q3_search_install,TX,94
SUMM-L00890,Sparks-Howard,Joseph Sims,Facilities Manager,joseph.sims@sparkshoward.example.com,2026-07-03 01:25:29,Outbound,,,,GA,63
SUMM-L00891,Elliott Ltd,Jessica Delgado,Maintenance Supervisor,jessica.delgado@elliottltd.example.com,2026-07-03 02:06:56,Outbound,,,,GA,
SUMM-L00892,Lee-Graham,Nicholas Zavala,Store Manager,nicholas.zavala@leegraham.example.com,2026-07-03 05:06:09,Outbound,,,,,63
SUMM-L00893,Smith Harris and Garcia,Mitchell Mcintyre,Owner,mitchell.mcintyre@smithharrisandgarcia.example.com,2026-07-03 08:18:37,Outbound,,,,FL,90
SUMM-L00894,Dean-Smith,Karen Jones,Maintenance Supervisor,karen.jones@deansmith.example.com,2026-07-03 08:44:01,Referral,,,,GA,73
SUMM-L00895,Jenkins Inc,Gregory Charles,Property Manager,gregory.charles@jenkinsinc.example.com,2026-07-03 09:48:40,Call Tracking,callrail,phone,gbp_listing,TX,70
SUMM-L00896,Roberts-Best,Brandon Malone,,brandon.malone@robertsbest.example.com,2026-07-03 11:20:10,Outbound,,,,FL,90
SUMM-L00897,Long-Smith,Bruce Johnson,,bruce.johnson@longsmith.example.com,2026-07-03 11:50:50,Call Tracking,callrail,phone,local_services,NC,70
SUMM-L00898,Johnson Beck and Davis,Rebecca Stewart,,rebecca.stewart@johnsonbeckanddavis.example.com,2026-07-03 13:34:16,Outbound,,,,,90
SUMM-L00899,Russell-Yang,Heather Shaw,,heather.shaw@russellyang.example.com,2026-07-03 14:50:18,Meta Ads,facebook,paid_social,hvac_q3_maintenance_plan,FL,31
SUMM-L00900,Miller PLC,Susan Smith,Maintenance Supervisor,susan.smith@millerplc.example.com,2026-07-03 14:57:20,Google Ads,google,cpc,hvac_q3_search_ac_repair,AZ,94
SUMM-L00901,Smith-Hardy,Brian Miller,Regional Facilities Lead,brian.miller@smithhardy.example.com,2026-07-03 15:14:28,Google Ads,google,cpc,hvac_q3_search_install,TX,94
SUMM-L00902,Bradley-James,Gregory Tanner,Regional Facilities Lead,gregory.tanner@bradleyjames.example.com,2026-07-03 17:15:39,Outbound,,,,TX,90
SUMM-L00903,Shepherd Frost and Bryant,Michael Rose,Owner,michael.rose@shepherdfrostandbryant.example.com,2026-07-03 23:15:09,Outbound,,,,AZ,44
SUMM-L00904,Lucas-Barnes,Barbara Wilson,Facilities Manager,barbara.wilson@lucasbarnes.example.com,2026-07-04 04:09:29,Call Tracking,callrail,phone,local_services,FL,97
SUMM-L00905,Lucas and Sons,Susan Thomas,Owner,susan.thomas@lucasandsons.example.com,2026-07-04 08:38:21,Outbound,,,,NC,63
SUMM-L00906,Wolfe-Maxwell,Darryl Lambert,Store Manager,darryl.lambert@wolfemaxwell.example.com,2026-07-04 11:17:17,Outbound,,,,NC,63
SUMM-L00907,Stout Swanson and Schwartz,Joyce Vaughn,Store Manager,joyce.vaughn@stoutswansonandschwartz.example.com,2026-07-04 11:44:22,Outbound,,,,FL,90
SUMM-L00908,Olson PLC,Shane Thompson,Property Manager,shane.thompson@olsonplc.example.com,2026-07-04 13:20:34,Call Tracking,callrail,phone,gbp_listing,NC,65
SUMM-L00909,Johnson Porter and Turner,William Reyes,,william.reyes@johnsonporterandturner.example.com,2026-07-04 13:46:11,Outbound,,,,FL,63
SUMM-L00910,Lee-Russell,Kelly Jimenez,Building Engineer,kelly.jimenez@leerussell.example.com,2026-07-04 15:46:45,Google Ads,google,cpc,hvac_q3_search_install,,91
SUMM-L00911,Guerrero Miller and Adkins,Amanda Morrison,Owner,amanda.morrison@guerreromillerandadkins.example.com,2026-07-04 17:33:07,Outbound,,,,,90
SUMM-L00912,Stephens-Oconnor,Carolyn Woods,Building Engineer,carolyn.woods@stephensoconnor.example.com,2026-07-04 23:30:25,Outbound,,,,TX,44
SUMM-L00913,Diaz Group,Gregory Payne,Property Manager,gregory.payne@diazgroup.example.com,2026-07-05 03:45:48,Meta Ads,facebook,paid_social,hvac_q3_maintenance_plan,TX,61
SUMM-L00914,Pace Dickerson and Gardner,Wanda Johnson,Owner,wanda.johnson@pacedickersonandgardner.example.com,2026-07-05 07:34:39,Call Tracking,callrail,phone,gbp_listing,GA,97
SUMM-L00915,Flores LLC,William Jones,Owner,william.jones@floresllc.example.com,2026-07-05 22:46:23,Call Tracking,callrail,phone,local_services,FL,97
SUMM-L00916,Watson and Sons,Pamela Williams,,pamela.williams@watsonandsons.example.com,2026-07-05 22:54:38,Google Ads,google,cpc,hvac_q3_search_ac_repair,AZ,67
SUMM-L00917,Wagner Bennett and Mccoy,Cheryl Gallagher,Property Manager,cheryl.gallagher@wagnerbennettandmccoy.example.com,2026-07-06 01:08:19,Referral,,,,AZ,100
SUMM-L00918,Miller Herman and Gardner,Glen Briggs,Regional Facilities Lead,glen.briggs@millerhermanandgardner.example.com,2026-07-06 02:17:40,Google Ads,google,cpc,hvac_q3_search_ac_repair,AZ,
SUMM-L00919,Lowe-Sanchez,Jennifer Fox,Regional Facilities Lead,jennifer.fox@lowesanchez.example.com,2026-07-06 03:23:16,Google Ads,google,cpc,hvac_q3_search_install,CA,67
SUMM-L00920,Shaffer-Arnold,Erik Harrison,,erik.harrison@shafferarnold.example.com,2026-07-06 03:35:57,Call Tracking,callrail,phone,gbp_listing,TX,70
SUMM-L00921,Brooks Moses and Mendoza,Tara Simpson,Facilities Manager,tara.simpson@brooksmosesandmendoza.example.com,2026-07-06 09:14:40,Google Ads,google,cpc,hvac_q3_search_install,TX,67
SUMM-L00922,Martin Burton and Green,Heather Buckley,Owner,heather.buckley@martinburtonandgreen.example.com,2026-07-06 10:17:33,Outbound,,,,TX,
SUMM-L00923,Brown-May,Lisa Chavez,Maintenance Supervisor,lisa.chavez@brownmay.example.com,2026-07-06 11:40:56,Outbound,,,,AZ,63
SUMM-L00924,Williams-Johnson,Catherine Munoz,Regional Facilities Lead,catherine.munoz@williamsjohnson.example.com,2026-07-06 11:44:11,Google Ads,google,cpc,hvac_q3_search_install,AZ,67
SUMM-L00925,Roberts Henry and Mcdonald,Tara Hernandez,Property Manager,tara.hernandez@robertshenryandmcdonald.example.com,2026-07-06 12:31:49,Call Tracking,callrail,phone,local_services,,97
SUMM-L00926,Carey Ltd,Rebecca Rose,Property Manager,rebecca.rose@careyltd.example.com,2026-07-06 15:34:10,Outbound,,,,TX,90
SUMM-L00927,Moreno Stevenson and Cardenas,Abigail Shelton,Property Manager,abigail.shelton@morenostevensonandcarden.example.com,2026-07-06 16:09:11,Call Tracking,callrail,phone,gbp_listing,GA,97
SUMM-L00928,Crane Ltd,Richard Davis,Facilities Manager,richard.davis@craneltd.example.com,2026-07-06 16:33:10,Outbound,,,,TX,90
SUMM-L00929,Buck-Jones,Mark Edwards,Owner,mark.edwards@buckjones.example.com,2026-07-06 17:06:20,Outbound,,,,TX,90
SUMM-L00930,Hanna Ramsey and Brown,Karen Mcintyre,Building Engineer,karen.mcintyre@hannaramseyandbrown.example.com,2026-07-06 23:46:03,Outbound,,,,NC,63
SUMM-L00931,Blankenship Inc,Mary Smith,Owner,mary.smith@blankenshipinc.example.com,2026-07-07 01:10:21,Outbound,,,,NC,85
SUMM-L00932,Wise-Lawrence,Nancy Charles,Facilities Manager,nancy.charles@wiselawrence.example.com,2026-07-07 02:28:18,Call Tracking,callrail,phone,local_services,GA,70
SUMM-L00933,Weber-Lambert,Jordan Marshall,Building Engineer,jordan.marshall@weberlambert.example.com,2026-07-07 03:30:40,Outbound,,,,NC,60
SUMM-L00934,Salazar-Wright,Samantha Chandler,Facilities Manager,samantha.chandler@salazarwright.example.com,2026-07-07 09:34:13,Call Tracking,callrail,phone,gbp_listing,AZ,70
SUMM-L00935,Smith-Bell,David Russo,Facilities Manager,david.russo@smithbell.example.com,2026-07-07 09:35:27,Call Tracking,callrail,phone,gbp_listing,GA,
SUMM-L00936,Washington-Martinez,Alexandra Mullins,Regional Facilities Lead,alexandra.mullins@washingtonmartinez.example.com,2026-07-07 11:29:54,Outbound,,,,,63
SUMM-L00937,Oliver-Shaffer,Debra Wilson,Property Manager,debra.wilson@olivershaffer.example.com,2026-07-07 13:28:55,Referral,,,,TX,48
SUMM-L00938,Quinn LLC,Chad Taylor,Facilities Manager,chad.taylor@quinnllc.example.com,2026-07-07 13:33:00,Meta Ads,facebook,paid_social,hvac_q3_maintenance_plan,TX,88
SUMM-L00939,Smith PLC,Regina Robinson,,regina.robinson@smithplc.example.com,2026-07-07 14:54:29,Call Tracking,callrail,phone,local_services,,60
SUMM-L00940,Greene Gilbert and Garrett,Angela Hall,Building Engineer,angela.hall@greenegilbertandgarrett.example.com,2026-07-07 16:35:09,Referral,,,,,73
SUMM-L00941,Combs Johnson and Young,Valerie Wood,Building Engineer,valerie.wood@combsjohnsonandyoung.example.com,2026-07-07 18:27:06,Referral,,,,NC,
SUMM-L00942,Phillips and Sons,Crystal Howard,Store Manager,crystal.howard@phillipsandsons.example.com,2026-07-07 20:44:29,Call Tracking,callrail,phone,local_services,FL,70
SUMM-L00943,Patel Ltd,Tracy Phillips,,tracy.phillips@patelltd.example.com,2026-07-07 22:00:08,Call Tracking,callrail,phone,local_services,AZ,62
SUMM-L00944,Young Logan and Frank,William Martinez,Regional Facilities Lead,william.martinez@youngloganandfrank.example.com,2026-07-08 05:13:25,Outbound,,,,GA,40
SUMM-L00945,Griffin-King,Jennifer Clark,,jennifer.clark@griffinking.example.com,2026-07-08 08:40:16,Outbound,,,,FL,63
SUMM-L00946,Johnson Gutierrez and Farrell,Crystal Hall,,crystal.hall@johnsongutierrezandfarre.example.com,2026-07-08 10:07:06,Outbound,,,,TX,63
SUMM-L00947,Fields-Smith,Jason Harvey,Facilities Manager,jason.harvey@fieldssmith.example.com,2026-07-08 12:09:37,Meta Ads,facebook,paid_social,hvac_q3_maintenance_plan,GA,43
SUMM-L00948,Smith PLC,Daniel Hines,Owner,daniel.hines@smithplc.example.com,2026-07-08 12:13:38,Outbound,,,,TX,53
SUMM-L00949,Munoz Fox and Lopez,Carlos Lopez,Owner,carlos.lopez@munozfoxandlopez.example.com,2026-07-08 12:39:11,Call Tracking,callrail,phone,gbp_listing,TX,70
SUMM-L00950,Jackson Hunter and Ford,James Anderson,Building Engineer,james.anderson@jacksonhunterandford.example.com,2026-07-08 14:04:42,Google Ads,google,cpc,hvac_q3_search_ac_repair,AZ,67
SUMM-L00951,Hendrix Green and Phillips,April Smith,Facilities Manager,april.smith@hendrixgreenandphillips.example.com,2026-07-08 14:46:47,Outbound,,,,AZ,60
SUMM-L00952,Tucker Ashley and Hatfield,Julia Hudson,Facilities Manager,julia.hudson@tuckerashleyandhatfield.example.com,2026-07-08 21:53:24,Outbound,,,,GA,90
SUMM-L00953,Ramos Inc,Hailey Salazar,Store Manager,hailey.salazar@ramosinc.example.com,2026-07-09 02:14:17,Referral,,,,CA,100
SUMM-L00954,West-Griffin,Denise Edwards,Maintenance Supervisor,denise.edwards@westgriffin.example.com,2026-07-09 03:32:49,Outbound,,,,CA,90
SUMM-L00955,Morales-Stone,Margaret Becker,Owner,margaret.becker@moralesstone.example.com,2026-07-09 06:50:24,Call Tracking,callrail,phone,local_services,FL,70
SUMM-L00956,Mcknight Group,David Moreno,,david.moreno@mcknightgroup.example.com,2026-07-09 07:45:48,Meta Ads,facebook,paid_social,,TX,88
SUMM-L00957,Wilson-Oliver,David Walker,Building Engineer,david.walker@wilsonoliver.example.com,2026-07-09 08:10:46,Meta Ads,facebook,paid_social,hvac_q3_maintenance_plan,FL,32
SUMM-L00958,Russell-Blackwell,Kirsten Anderson,Property Manager,kirsten.anderson@russellblackwell.example.com,2026-07-09 08:36:32,Meta Ads,facebook,paid_social,hvac_q3_maintenance_plan,NC,61
SUMM-L00959,Alexander Inc,Ryan Charles,Maintenance Supervisor,ryan.charles@alexanderinc.example.com,2026-07-09 08:52:36,Outbound,,,,TX,60
SUMM-L00960,Hunter Mills and Brooks,Anthony Hoover,Owner,anthony.hoover@huntermillsandbrooks.example.com,2026-07-09 13:26:25,Call Tracking,callrail,phone,local_services,TX,67
SUMM-L00961,Rangel-Farrell,Mark Vasquez,,mark.vasquez@rangelfarrell.example.com,2026-07-09 15:50:56,Call Tracking,callrail,phone,gbp_listing,CA,70
SUMM-L00962,Lowe Ltd,William Chambers,Property Manager,william.chambers@loweltd.example.com,2026-07-09 16:13:31,Google Ads,google,cpc,hvac_q3_search_ac_repair,FL,81
SUMM-L00963,Chen Avila and Saunders,Lisa Swanson,Building Engineer,lisa.swanson@chenavilaandsaunders.example.com,2026-07-09 17:54:25,Google Ads,google,cpc,hvac_q3_search_ac_repair,FL,47
SUMM-L00964,Murphy Becker and Mooney,Julie Fletcher,Property Manager,julie.fletcher@murphybeckerandmooney.example.com,2026-07-09 18:49:38,Google Ads,google,cpc,hvac_q3_search_ac_repair,GA,67
SUMM-L00965,Elliott Alvarez and Bryant,Dean Harrison,Building Engineer,dean.harrison@elliottalvarezandbryant.example.com,2026-07-09 22:58:15,Outbound,,,,NC,63
SUMM-L00966,Holloway Ltd,Jennifer Simpson,Property Manager,jennifer.simpson@hollowayltd.example.com,2026-07-09 23:02:06,Meta Ads,facebook,paid_social,hvac_q3_maintenance_plan,GA,88
SUMM-L00967,Arnold Inc,Natasha Smith,Operations Director,natasha.smith@arnoldinc.example.com,2026-07-10 00:39:54,Google Ads,google,cpc,hvac_q3_search_install,AZ,94
SUMM-L00968,Hahn Fox and Robinson,Vicki Page,,vicki.page@hahnfoxandrobinson.example.com,2026-07-10 01:19:29,Call Tracking,callrail,phone,gbp_listing,TX,97
SUMM-L00969,Patrick Ltd,Thomas Bean,Owner,thomas.bean@patrickltd.example.com,2026-07-10 02:43:32,Google Ads,google,cpc,hvac_q3_search_install,,67
SUMM-L00970,Eaton and Sons,Jacob Garrison,Owner,jacob.garrison@eatonandsons.example.com,2026-07-10 04:19:58,Referral,,,,GA,
SUMM-L00971,Morris-Allen,Leslie Walton,Store Manager,leslie.walton@morrisallen.example.com,2026-07-10 05:46:18,Meta Ads,facebook,paid_social,hvac_q3_maintenance_plan,NC,61
SUMM-L00972,White Shepard and Douglas,Kelsey Higgins,,kelsey.higgins@whiteshepardanddouglas.example.com,2026-07-10 07:17:25,Call Tracking,callrail,phone,gbp_listing,CA,70
SUMM-L00973,Pruitt Johnson and Oneal,Andrew Cummings,Facilities Manager,andrew.cummings@pruittjohnsonandoneal.example.com,2026-07-10 07:39:55,Call Tracking,callrail,phone,gbp_listing,GA,67
SUMM-L00974,Pena and Sons,Casey Evans,Property Manager,casey.evans@penaandsons.example.com,2026-07-10 09:30:42,Meta Ads,facebook,paid_social,hvac_q3_maintenance_plan,CA,61
SUMM-L00975,Lopez LLC,Frank Moore,Building Engineer,frank.moore@lopezllc.example.com,2026-07-10 09:58:02,Outbound,,,,,90
SUMM-L00976,Drake Schmidt and Peterson,Luke Williams,,luke.williams@drakeschmidtandpeterson.example.com,2026-07-10 11:18:04,Outbound,,,,GA,90
SUMM-L00977,Bentley Wells and Rodriguez,Michelle Jackson,Regional Facilities Lead,michelle.jackson@bentleywellsandrodriguez.example.com,2026-07-10 19:03:44,Google Ads,google,cpc,hvac_q3_search_ac_repair,TX,94
SUMM-L00978,Delacruz Inc,Tina Ward,Property Manager,tina.ward@delacruzinc.example.com,2026-07-11 07:29:27,Referral,,,,FL,100
SUMM-L00979,Morse-Williams,Brian Khan,Owner,brian.khan@morsewilliams.example.com,2026-07-11 09:10:42,Outbound,,,,TX,33
SUMM-L00980,Stark LLC,Danielle Thomas,Owner,danielle.thomas@starkllc.example.com,2026-07-11 09:24:23,Outbound,,,,TX,55
SUMM-L00981,Mcgee PLC,Joann Hart,,joann.hart@mcgeeplc.example.com,2026-07-11 20:14:46,Referral,,,,FL,100
SUMM-L00982,Anderson Roman and Cervantes,Ronald Carter,Store Manager,ronald.carter@andersonromanandcervante.example.com,2026-07-11 20:41:31,Referral,,,,TX,73
SUMM-L00983,Evans Group,Christine Moyer,,christine.moyer@evansgroup.example.com,2026-07-11 21:24:02,Outbound,,,,NC,90
SUMM-L00984,Norton-Bridges,Andrew Hartman,,andrew.hartman@nortonbridges.example.com,2026-07-12 00:12:41,Meta Ads,facebook,paid_social,hvac_q3_maintenance_plan,AZ,54
SUMM-L00985,White LLC,Heather Watson,Property Manager,heather.watson@whitellc.example.com,2026-07-12 03:13:43,Outbound,,,,FL,63
SUMM-L00986,Rogers-Bell,Jason Rojas,Store Manager,jason.rojas@rogersbell.example.com,2026-07-12 03:48:38,Google Ads,google,cpc,hvac_q3_search_ac_repair,FL,67
SUMM-L00987,Phillips Alvarez and Barnes,Olivia Duran,,olivia.duran@phillipsalvarezandbarnes.example.com,2026-07-12 05:29:33,Outbound,,,,NC,
SUMM-L00988,Swanson Mcgee and Mathis,Matthew Blackwell,Owner,matthew.blackwell@swansonmcgeeandmathis.example.com,2026-07-12 05:55:08,Call Tracking,callrail,phone,local_services,TX,70
SUMM-L00989,Sullivan PLC,Bethany Schmidt,Operations Director,bethany.schmidt@sullivanplc.example.com,2026-07-12 09:17:08,Call Tracking,callrail,phone,gbp_listing,FL,70
SUMM-L00990,King Group,Matthew Black,Store Manager,matthew.black@kinggroup.example.com,2026-07-12 11:54:44,Outbound,,,,,90
SUMM-L00991,Hall Bauer and Stewart,Martin Reynolds,Regional Facilities Lead,martin.reynolds@hallbauerandstewart.example.com,2026-07-12 12:52:21,Outbound,,,,TX,63
SUMM-L00992,Jackson-Ellis,Anthony Knight,Operations Director,anthony.knight@jacksonellis.example.com,2026-07-12 15:12:37,Outbound,,,,TX,84
SUMM-L00993,Pierce-Curry,Robert Jones,Facilities Manager,robert.jones@piercecurry.example.com,2026-07-12 19:58:44,Call Tracking,callrail,phone,local_services,AZ,57
SUMM-L00994,Black-Johnson,Christina Rivas,,christina.rivas@blackjohnson.example.com,2026-07-12 23:25:38,Google Ads,google,cpc,hvac_q3_search_install,AZ,67
SUMM-L00995,Martinez Heath and Williams,Hannah Flynn,Operations Director,hannah.flynn@martinezheathandwilliams.example.com,2026-07-13 01:22:48,Outbound,,,,FL,63
SUMM-L00996,Branch Burns and Gonzales,Christopher Anderson,,christopher.anderson@branchburnsandgonzales.example.com,2026-07-13 02:30:28,Call Tracking,callrail,phone,local_services,,70
SUMM-L00997,Williams Yates and Trujillo,Maria Bryant,Facilities Manager,maria.bryant@williamsyatesandtrujillo.example.com,2026-07-13 02:47:29,Google Ads,google,cpc,hvac_q3_search_ac_repair,NC,67
SUMM-L00998,Martin Alvarez and Vang,Chelsea Gross,Building Engineer,chelsea.gross@martinalvarezandvang.example.com,2026-07-13 04:01:57,Google Ads,google,cpc,,TX,67
SUMM-L00999,Schneider-Farmer,Keith Johnson,Building Engineer,keith.johnson@schneiderfarmer.example.com,2026-07-13 05:51:21,Outbound,,,,,33
SUMM-L01000,Collins Moore and Miller,Kenneth Baker,Regional Facilities Lead,kenneth.baker@collinsmooreandmiller.example.com,2026-07-13 08:49:52,Google Ads,google,cpc,hvac_q3_search_ac_repair,NC,94
SUMM-L01001,Hunter Ltd,Stephen Ibarra,,stephen.ibarra@hunterltd.example.com,2026-07-13 09:00:52,Outbound,,,,GA,51
SUMM-L01002,Stevenson Group,Jessica Farmer,Facilities Manager,jessica.farmer@stevensongroup.example.com,2026-07-13 09:29:36,Call Tracking,callrail,phone,local_services,AZ,60
SUMM-L01003,Gomez and Sons,Michael Rose,Building Engineer,michael.rose@gomezandsons.example.com,2026-07-13 10:37:23,Call Tracking,callrail,phone,local_services,CA,97
SUMM-L01004,Esparza Lozano and Farrell,Theresa Gross,Building Engineer,theresa.gross@esparzalozanoandfarrell.example.com,2026-07-13 11:15:16,Call Tracking,callrail,phone,gbp_listing,NC,70
SUMM-L01005,Cunningham-Boyer,Danielle Lucas,Store Manager,danielle.lucas@cunninghamboyer.example.com,2026-07-13 11:34:46,Meta Ads,facebook,paid_social,hvac_q3_maintenance_plan,AZ,66
SUMM-L01006,Wheeler and Sons,Jennifer Matthews,Building Engineer,jennifer.matthews@wheelerandsons.example.com,2026-07-13 14:35:31,Meta Ads,facebook,paid_social,hvac_q3_maintenance_plan,,
SUMM-L01007,King Group,Laura Williams,Owner,laura.williams@kinggroup.example.com,2026-07-13 17:56:47,Outbound,,,,FL,90
SUMM-L01008,Guzman Sandoval and Chapman,Timothy Gray,Regional Facilities Lead,timothy.gray@guzmansandovalandchapman.example.com,2026-07-13 18:22:42,Outbound,,,,GA,90
SUMM-L01009,Anderson-Beltran,Kathy Melton,Property Manager,kathy.melton@andersonbeltran.example.com,2026-07-14 00:30:33,Call Tracking,callrail,phone,local_services,TX,60
SUMM-L01010,Jenkins and Sons,Leslie Barr,Store Manager,leslie.barr@jenkinsandsons.example.com,2026-07-14 02:59:17,Meta Ads,facebook,paid_social,,AZ,88
SUMM-L01011,Harris-Smith,Natalie Williams,Store Manager,natalie.williams@harrissmith.example.com,2026-07-14 03:14:33,Referral,,,,NC,83
SUMM-L01012,Watkins Group,James Gray,Regional Facilities Lead,james.gray@watkinsgroup.example.com,2026-07-14 11:18:25,Meta Ads,facebook,paid_social,hvac_q3_maintenance_plan,TX,88
SUMM-L01013,Ortiz-Hernandez,Debra Bailey,Maintenance Supervisor,debra.bailey@ortizhernandez.example.com,2026-07-14 12:05:51,Outbound,,,,AZ,52
SUMM-L01014,Rodriguez Ltd,Kevin Robinson,Facilities Manager,kevin.robinson@rodriguezltd.example.com,2026-07-14 14:35:09,Referral,,,,CA,100
SUMM-L01015,Stanley-Johnson,Sharon Evans,Property Manager,sharon.evans@stanleyjohnson.example.com,2026-07-14 16:34:08,Outbound,,,,TX,90
SUMM-L01016,Butler-Hawkins,April Diaz,Facilities Manager,april.diaz@butlerhawkins.example.com,2026-07-14 17:42:24,Google Ads,google,cpc,hvac_q3_search_ac_repair,TX,67
SUMM-L01017,Robertson Ltd,Michael Boone,Owner,michael.boone@robertsonltd.example.com,2026-07-14 17:43:11,Outbound,,,,GA,68
SUMM-L01018,Cortez-Bradley,Paul Edwards,Property Manager,paul.edwards@cortezbradley.example.com,2026-07-14 18:12:17,Outbound,,,,NC,90
SUMM-L01019,Washington LLC,Brian Perkins,,brian.perkins@washingtonllc.example.com,2026-07-14 20:27:48,Google Ads,google,cpc,hvac_q3_search_ac_repair,FL,37
SUMM-L01020,Moore-Johnson,Jasmine Cabrera,Building Engineer,jasmine.cabrera@moorejohnson.example.com,2026-07-15 01:06:42,Meta Ads,facebook,paid_social,hvac_q3_maintenance_plan,GA,61
SUMM-L01021,Smith Smith and Patel,William Andrews,Maintenance Supervisor,william.andrews@smithsmithandpatel.example.com,2026-07-15 04:21:30,Outbound,,,,TX,63
SUMM-L01022,Mcdonald-Harris,Kathryn Fuller,Operations Director,kathryn.fuller@mcdonaldharris.example.com,2026-07-15 06:13:37,Outbound,,,,FL,63
SUMM-L01023,Galloway Joyce and Garcia,Rebecca Vazquez,,rebecca.vazquez@gallowayjoyceandgarcia.example.com,2026-07-15 08:27:04,Google Ads,google,cpc,hvac_q3_search_install,AZ,50
SUMM-L01024,Simpson LLC,Mary Martinez,Maintenance Supervisor,mary.martinez@simpsonllc.example.com,2026-07-15 10:31:01,Referral,,,,CA,73
SUMM-L01025,Arias Calhoun and Walsh,Tina Shaw,Maintenance Supervisor,tina.shaw@ariascalhounandwalsh.example.com,2026-07-15 12:22:15,Call Tracking,callrail,phone,gbp_listing,NC,70
SUMM-L01026,Ali Smith and Graham,David Peterson,Owner,david.peterson@alismithandgraham.example.com,2026-07-15 13:20:28,Meta Ads,facebook,paid_social,hvac_q3_maintenance_plan,CA,37
SUMM-L01027,Greene LLC,Erin Williams,Operations Director,erin.williams@greenellc.example.com,2026-07-15 16:18:15,Outbound,,,,TX,90
SUMM-L01028,Jackson-Yoder,Jaclyn Hernandez,Store Manager,jaclyn.hernandez@jacksonyoder.example.com,2026-07-15 16:24:56,Outbound,,,,GA,85
SUMM-L01029,Price Horton and Monroe,Tyler Garrison,Operations Director,tyler.garrison@pricehortonandmonroe.example.com,2026-07-15 16:25:04,Google Ads,google,cpc,hvac_q3_search_ac_repair,FL,64
SUMM-L01030,Decker Malone and Shaw,Tiffany Murray,Store Manager,tiffany.murray@deckermaloneandshaw.example.com,2026-07-15 21:19:25,Call Tracking,callrail,phone,local_services,,40
SUMM-L01031,Warren Chang and Moore,Clinton Chandler,Operations Director,clinton.chandler@warrenchangandmoore.example.com,2026-07-16 04:25:22,Outbound,,,,GA,63
SUMM-L01032,Morris PLC,Desiree Yoder,Operations Director,desiree.yoder@morrisplc.example.com,2026-07-16 08:27:05,Referral,,,,,73
SUMM-L01033,Kennedy PLC,Heather Sanchez,Facilities Manager,heather.sanchez@kennedyplc.example.com,2026-07-16 08:31:02,Meta Ads,facebook,paid_social,hvac_q3_maintenance_plan,GA,54
SUMM-L01034,Woodard Inc,Jennifer Horton,Operations Director,jennifer.horton@woodardinc.example.com,2026-07-16 09:07:21,Google Ads,google,cpc,hvac_q3_search_install,,67
SUMM-L01035,Young-Diaz,Tanya Smith,Building Engineer,tanya.smith@youngdiaz.example.com,2026-07-16 09:16:03,Call Tracking,callrail,phone,local_services,NC,40
SUMM-L01036,Beltran-Davis,Christina Austin,Facilities Manager,christina.austin@beltrandavis.example.com,2026-07-16 10:47:28,Outbound,,,,FL,63
SUMM-L01037,Young-Nguyen,Roger Gordon,,roger.gordon@youngnguyen.example.com,2026-07-16 13:19:43,Outbound,,,,TX,63
SUMM-L01038,Curtis and Sons,Angelica Wilson,Building Engineer,angelica.wilson@curtisandsons.example.com,2026-07-16 13:30:31,Call Tracking,callrail,phone,gbp_listing,GA,63
SUMM-L01039,Armstrong-Johnson,Seth Pitts,Owner,seth.pitts@armstrongjohnson.example.com,2026-07-16 13:54:36,Outbound,,,,,63
SUMM-L01040,Miller-Chavez,Erin Young,Owner,erin.young@millerchavez.example.com,2026-07-16 15:54:36,Outbound,,,,,59
SUMM-L01041,Moore Webb and Richardson,Brenda Craig,Maintenance Supervisor,brenda.craig@moorewebbandrichardson.example.com,2026-07-16 16:01:15,Call Tracking,callrail,phone,local_services,TX,
SUMM-L01042,Hernandez-Shepherd,Richard Mays,Facilities Manager,richard.mays@hernandezshepherd.example.com,2026-07-16 16:20:56,Outbound,,,,CA,63
SUMM-L01043,Mcintosh-Gordon,John Smith,,john.smith@mcintoshgordon.example.com,2026-07-16 16:28:57,Outbound,,,,CA,63
SUMM-L01044,Smith-Jackson,Luke Frye,Store Manager,luke.frye@smithjackson.example.com,2026-07-16 16:37:10,Outbound,,,,FL,
SUMM-L01045,Castaneda Kirby and Moore,Erica Perez,Facilities Manager,erica.perez@castanedakirbyandmoore.example.com,2026-07-16 16:38:16,Outbound,,,,TX,62
SUMM-L01046,Alvarado-Arias,Shannon Wang,Facilities Manager,shannon.wang@alvaradoarias.example.com,2026-07-16 17:09:24,Google Ads,google,cpc,,,
SUMM-L01047,Fox Inc,Janet Figueroa,,janet.figueroa@foxinc.example.com,2026-07-16 17:13:20,Google Ads,google,cpc,hvac_q3_search_install,FL,62
SUMM-L01048,Kramer-Mcmahon,Ruth Schmidt,Store Manager,ruth.schmidt@kramermcmahon.example.com,2026-07-16 17:39:39,Call Tracking,callrail,phone,gbp_listing,NC,59
SUMM-L01049,Green PLC,Molly Rogers,Operations Director,molly.rogers@greenplc.example.com,2026-07-16 17:52:18,Outbound,,,,FL,
SUMM-L01050,Jarvis PLC,Lee Duncan,Store Manager,lee.duncan@jarvisplc.example.com,2026-07-16 21:34:24,Call Tracking,callrail,phone,local_services,,70
SUMM-L01051,Carroll and Sons,Aimee Curry,Operations Director,aimee.curry@carrollandsons.example.com,2026-07-16 23:42:35,Call Tracking,callrail,phone,local_services,AZ,97
SUMM-L01052,Combs Snyder and Solis,Austin Martin,Facilities Manager,austin.martin@combssnyderandsolis.example.com,2026-07-17 00:09:17,Referral,,,,TX,100
SUMM-L01053,Jones Inc,Kylie Ramirez,Facilities Manager,kylie.ramirez@jonesinc.example.com,2026-07-17 03:21:04,Outbound,,,,NC,33
SUMM-L01054,Lee PLC,Barbara Walker,Property Manager,barbara.walker@leeplc.example.com,2026-07-17 08:50:08,Outbound,,,,,90
SUMM-L01055,Williams-Johnson,Michael Olson,Operations Director,michael.olson@williamsjohnson.example.com,2026-07-17 09:00:23,Outbound,,,,AZ,63
SUMM-L01056,Cole-Lowe,Madison Burns,Property Manager,madison.burns@colelowe.example.com,2026-07-17 10:49:19,Outbound,,,,GA,90
SUMM-L01057,Ward Rollins and Bennett,Joshua Kidd,Maintenance Supervisor,joshua.kidd@wardrollinsandbennett.example.com,2026-07-17 13:32:19,Outbound,,,,FL,
SUMM-L01058,Walker Anderson and Williamson,Michael White,Building Engineer,michael.white@walkerandersonandwilliam.example.com,2026-07-17 14:40:18,Outbound,,,,CA,90
SUMM-L01059,Perry-Walker,Linda Martin,Building Engineer,linda.martin@perrywalker.example.com,2026-07-17 22:18:39,Google Ads,google,cpc,hvac_q3_search_ac_repair,AZ,
SUMM-L01060,Harmon Howard and Miranda,Donna Jones,Owner,donna.jones@harmonhowardandmiranda.example.com,2026-07-18 01:11:11,Google Ads,google,cpc,,FL,94
SUMM-L01061,Evans-Benton,Justin Frazier,Owner,justin.frazier@evansbenton.example.com,2026-07-18 13:45:04,Outbound,,,,AZ,90
SUMM-L01062,Hanson Smith and Reyes,Michael Parker,Maintenance Supervisor,michael.parker@hansonsmithandreyes.example.com,2026-07-18 20:50:14,Outbound,,,,GA,90
SUMM-L01063,Martin LLC,Troy Savage,Regional Facilities Lead,troy.savage@martinllc.example.com,2026-07-19 02:00:20,Google Ads,google,cpc,hvac_q3_search_ac_repair,GA,67
SUMM-L01064,Gonzales Inc,Joseph Bean,,joseph.bean@gonzalesinc.example.com,2026-07-19 04:43:42,Meta Ads,facebook,paid_social,hvac_q3_maintenance_plan,FL,61
SUMM-L01065,Santos-Vega,Samantha Thomas,Operations Director,samantha.thomas@santosvega.example.com,2026-07-19 07:47:31,Referral,,,,TX,87
SUMM-L01066,Ross-Hayes,Timothy Good,Operations Director,timothy.good@rosshayes.example.com,2026-07-19 17:35:47,Referral,,,,NC,49
SUMM-L01067,Guzman Group,Andre Coleman,Facilities Manager,andre.coleman@guzmangroup.example.com,2026-07-19 18:44:40,Call Tracking,callrail,phone,gbp_listing,FL,70
SUMM-L01068,Dougherty Martinez and Haynes,Andrea Herman,,andrea.herman@doughertymartinezandhayn.example.com,2026-07-19 21:17:52,Outbound,,,,GA,
SUMM-L01069,Bartlett-Thompson,Doris Richards,Operations Director,doris.richards@bartlettthompson.example.com,2026-07-19 22:18:02,Outbound,,,,GA,90
SUMM-L01070,James-Hampton,Shawn Schmitt,Building Engineer,shawn.schmitt@jameshampton.example.com,2026-07-19 22:47:28,Outbound,,,,NC,62
SUMM-L01071,Jenkins-Wilkinson,Amanda Beard,Store Manager,amanda.beard@jenkinswilkinson.example.com,2026-07-20 10:45:25,Outbound,,,,AZ,
SUMM-L01072,Nunez Colon and Bass,Gregory Gordon,Owner,gregory.gordon@nunezcolonandbass.example.com,2026-07-20 10:55:07,Outbound,,,,,47
SUMM-L01073,Lane PLC,Courtney Davis,Operations Director,courtney.davis@laneplc.example.com,2026-07-20 11:56:41,Google Ads,google,cpc,hvac_q3_search_install,Unassigned,45
SUMM-L01074,Baker-Thompson,Sandra Clark,,sandra.clark@bakerthompson.example.com,2026-07-20 12:31:10,Outbound,,,,GA,63
SUMM-L01075,Hernandez-Browning,William Romero,Store Manager,william.romero@hernandezbrowning.example.com,2026-07-20 13:53:35,Referral,,,,GA,100
SUMM-L01076,Kramer Simpson and Butler,Cynthia Lane,Facilities Manager,cynthia.lane@kramersimpsonandbutler.example.com,2026-07-20 14:56:36,Google Ads,google,cpc,hvac_q3_search_ac_repair,NC,67
SUMM-L01077,Moore Group,Miguel Sanchez,Owner,miguel.sanchez@mooregroup.example.com,2026-07-20 17:39:04,Outbound,,,,TX,61
SUMM-L01078,Davis-Atkinson,Jennifer Mckinney,,jennifer.mckinney@davisatkinson.example.com,2026-07-20 19:12:00,Outbound,,,,TX,63
SUMM-L01079,Miller-Castro,Mark Johnson,Regional Facilities Lead,mark.johnson@millercastro.example.com,2026-07-20 19:53:53,Outbound,,,,AZ,63
SUMM-L01080,White Walton and Travis,Jessica Cunningham,Store Manager,jessica.cunningham@whitewaltonandtravis.example.com,2026-07-20 20:09:55,Outbound,,,,CA,33
SUMM-L01081,Moore-Bryant,Christopher Scott,Regional Facilities Lead,christopher.scott@moorebryant.example.com,2026-07-21 01:05:28,Outbound,,,,FL,90
SUMM-L01082,Parker Winters and Welch,Hannah Andrews,Regional Facilities Lead,hannah.andrews@parkerwintersandwelch.example.com,2026-07-21 03:10:05,Outbound,,,,GA,63
SUMM-L01083,Adams Willis and Chavez,Kevin James,Maintenance Supervisor,kevin.james@adamswillisandchavez.example.com,2026-07-21 05:46:22,Meta Ads,facebook,paid_social,,AZ,88
SUMM-L01084,Brown-Ward,Maria Roberts,,maria.roberts@brownward.example.com,2026-07-21 06:53:03,Outbound,,,,NC,43
SUMM-L01085,Martin and Sons,Tiffany Oliver,Store Manager,tiffany.oliver@martinandsons.example.com,2026-07-21 08:24:19,Outbound,,,,TX,
SUMM-L01086,Woods Cline and Harper,Brenda Long,,brenda.long@woodsclineandharper.example.com,2026-07-21 10:52:44,Outbound,,,,,86
SUMM-L01087,White-Contreras,Samuel Williams,Maintenance Supervisor,samuel.williams@whitecontreras.example.com,2026-07-21 11:10:33,Call Tracking,callrail,phone,gbp_listing,AZ,97
SUMM-L01088,Greene Ltd,Michael Scott,Property Manager,michael.scott@greeneltd.example.com,2026-07-21 13:04:38,Meta Ads,facebook,paid_social,hvac_q3_maintenance_plan,TX,88
SUMM-L01089,Duncan Brown and Sanchez,Jesse Whitaker,Regional Facilities Lead,jesse.whitaker@duncanbrownandsanchez.example.com,2026-07-21 13:12:21,Call Tracking,callrail,phone,local_services,GA,97
SUMM-L01090,Barnes Goodman and Lee,Paul Bowman,,paul.bowman@barnesgoodmanandlee.example.com,2026-07-21 15:46:41,Outbound,,,,AZ,63
SUMM-L01091,Wells LLC,Sherri Smith,Facilities Manager,sherri.smith@wellsllc.example.com,2026-07-21 16:40:48,Outbound,,,,AZ,
SUMM-L01092,Davis Sims and Stevenson,Stephanie Swanson,Regional Facilities Lead,stephanie.swanson@davissimsandstevenson.example.com,2026-07-21 17:12:00,Referral,,,,GA,100
SUMM-L01093,Brown Key and Jones,Jamie Donaldson,Owner,jamie.donaldson@brownkeyandjones.example.com,2026-07-21 20:05:29,Call Tracking,callrail,phone,local_services,AZ,97
SUMM-L01094,Bell Cox and Hale,Ashley Roberts,Property Manager,ashley.roberts@bellcoxandhale.example.com,2026-07-22 03:30:58,Referral,,,,TX,100
SUMM-L01095,Frazier Wilson and Dunlap,Gary Stevenson,Regional Facilities Lead,gary.stevenson@frazierwilsonanddunlap.example.com,2026-07-22 05:31:33,Outbound,,,,AZ,40
SUMM-L01096,Rodriguez-Lucas,Shelly Reyes,Operations Director,shelly.reyes@rodriguezlucas.example.com,2026-07-22 06:56:11,Outbound,,,,GA,59
SUMM-L01097,Harris Goodwin and Smith,Amanda Anderson,Maintenance Supervisor,amanda.anderson@harrisgoodwinandsmith.example.com,2026-07-22 08:10:03,Meta Ads,facebook,paid_social,hvac_q3_maintenance_plan,FL,88
SUMM-L01098,Frazier Schroeder and Clark,Mitchell Scott,Regional Facilities Lead,mitchell.scott@frazierschroederandclark.example.com,2026-07-22 08:56:35,Call Tracking,callrail,phone,gbp_listing,AZ,97
SUMM-L01099,Carter-Torres,Rebecca Moody,Operations Director,rebecca.moody@cartertorres.example.com,2026-07-22 10:06:44,Call Tracking,callrail,phone,local_services,GA,97
SUMM-L01100,Lyons Aguirre and Bernard,Justin Miller,Operations Director,justin.miller@lyonsaguirreandbernard.example.com,2026-07-22 14:08:50,Meta Ads,facebook,paid_social,hvac_q3_maintenance_plan,GA,61
SUMM-L01101,Martinez and Sons,Traci Mcintyre,Owner,traci.mcintyre@martinezandsons.example.com,2026-07-22 15:41:55,Google Ads,google,cpc,hvac_q3_search_install,TX,67
SUMM-L01102,Haynes Richards and Snyder,Kimberly Long,Facilities Manager,kimberly.long@haynesrichardsandsnyder.example.com,2026-07-22 15:43:32,Outbound,,,,TX,47
SUMM-L01103,Campos and Sons,Tyler Montoya,Property Manager,tyler.montoya@camposandsons.example.com,2026-07-22 17:23:26,Outbound,,,,NC,
SUMM-L01104,Morris Hernandez and Miller,Gina Briggs,Maintenance Supervisor,gina.briggs@morrishernandezandmiller.example.com,2026-07-22 21:01:07,Outbound,,,,CA,63
SUMM-L01105,Brown Sampson and Baird,Gabriella Anderson,Operations Director,gabriella.anderson@brownsampsonandbaird.example.com,2026-07-23 06:01:25,Google Ads,google,cpc,hvac_q3_search_ac_repair,FL,94
SUMM-L01106,Hayes Group,Tamara Schaefer,Maintenance Supervisor,tamara.schaefer@hayesgroup.example.com,2026-07-23 08:17:48,Google Ads,google,cpc,hvac_q3_search_install,,94
SUMM-L01107,Myers Group,Krista Miller,Facilities Manager,krista.miller@myersgroup.example.com,2026-07-23 10:16:23,Google Ads,google,cpc,hvac_q3_search_install,TX,63
SUMM-L01108,Bond Group,Cheryl Dixon,Facilities Manager,cheryl.dixon@bondgroup.example.com,2026-07-23 10:26:43,Outbound,,,,FL,60
SUMM-L01109,Phelps LLC,Rose Roberts,Regional Facilities Lead,rose.roberts@phelpsllc.example.com,2026-07-23 11:58:43,Google Ads,google,cpc,hvac_q3_search_ac_repair,TX,94
SUMM-L01110,Cox-Martin,Ricardo Davis,,ricardo.davis@coxmartin.example.com,2026-07-23 14:18:33,Call Tracking,callrail,phone,gbp_listing,TX,70
SUMM-L01111,Li-Contreras,Linda Cuevas,Building Engineer,linda.cuevas@licontreras.example.com,2026-07-23 16:01:42,Google Ads,google,cpc,hvac_q3_search_ac_repair,GA,94
SUMM-L01112,White-Madden,Matthew Kim,,matthew.kim@whitemadden.example.com,2026-07-23 17:27:39,Call Tracking,callrail,phone,gbp_listing,GA,70
SUMM-L01113,Elliott Ltd,Amanda George,Building Engineer,amanda.george@elliottltd.example.com,2026-07-23 17:46:49,Google Ads,google,cpc,hvac_q3_search_ac_repair,GA,67
SUMM-L01114,Lee-Estes,Diamond Rice,Maintenance Supervisor,diamond.rice@leeestes.example.com,2026-07-24 02:45:52,Call Tracking,callrail,phone,local_services,,70
SUMM-L01115,Morgan Marsh and Alexander,Molly Vazquez,Owner,molly.vazquez@morganmarshandalexander.example.com,2026-07-24 03:38:26,Outbound,,,,TX,
SUMM-L01116,Hernandez Wallace and Thompson,Eric Avery,Owner,eric.avery@hernandezwallaceandthomp.example.com,2026-07-24 05:53:40,Call Tracking,callrail,phone,gbp_listing,FL,
SUMM-L01117,Mata Inc,Emily Bean,Maintenance Supervisor,emily.bean@matainc.example.com,2026-07-24 08:16:58,Outbound,,,,AZ,43
SUMM-L01118,Lam-Richard,Patricia Young,Regional Facilities Lead,patricia.young@lamrichard.example.com,2026-07-24 08:19:57,Outbound,,,,TX,90
SUMM-L01119,Reed Group,Chris Herrera,Store Manager,chris.herrera@reedgroup.example.com,2026-07-24 08:21:53,Meta Ads,facebook,paid_social,hvac_q3_maintenance_plan,TX,52
SUMM-L01120,Gordon and Sons,Spencer Bryant,Operations Director,spencer.bryant@gordonandsons.example.com,2026-07-24 08:29:01,Meta Ads,facebook,paid_social,hvac_q3_maintenance_plan,CA,61
SUMM-L01121,Dunlap Hart and Nichols,Michael Ellis,Building Engineer,michael.ellis@dunlaphartandnichols.example.com,2026-07-24 08:35:21,Outbound,,,,GA,63
SUMM-L01122,Garcia Guerrero and Wright,Cheryl Dunn,Property Manager,cheryl.dunn@garciaguerreroandwright.example.com,2026-07-24 09:43:07,Referral,,,,NC,73
SUMM-L01123,Turner Turner and Werner,Danielle Jones,Property Manager,danielle.jones@turnerturnerandwerner.example.com,2026-07-24 10:20:47,Referral,,,,,55
SUMM-L01124,Davis Mcclain and Sandoval,Tina Cohen,Facilities Manager,tina.cohen@davismcclainandsandoval.example.com,2026-07-24 10:37:36,Outbound,,,,NC,40
SUMM-L01125,Jackson LLC,Lauren Hernandez,Property Manager,lauren.hernandez@jacksonllc.example.com,2026-07-24 12:14:01,Outbound,,,,AZ,63
SUMM-L01126,Donaldson Hughes and Foster,Kari Johnson,Property Manager,kari.johnson@donaldsonhughesandfoster.example.com,2026-07-24 12:51:03,Outbound,,,,TX,90
SUMM-L01127,Mays Group,Scott Gregory,Owner,scott.gregory@maysgroup.example.com,2026-07-24 14:12:11,Call Tracking,callrail,phone,local_services,FL,97
SUMM-L01128,Marshall-Morris,Bailey Wong,,bailey.wong@marshallmorris.example.com,2026-07-24 14:52:58,Outbound,,,,,63
SUMM-L01129,Gray Andrews and Gordon,Kevin Nelson,Store Manager,kevin.nelson@grayandrewsandgordon.example.com,2026-07-24 16:02:41,Call Tracking,callrail,phone,gbp_listing,NC,56
SUMM-L01130,Wagner-Berg,Joshua Brown,Property Manager,joshua.brown@wagnerberg.example.com,2026-07-24 21:41:18,Outbound,,,,AZ,90
SUMM-L01131,Nelson LLC,Melissa Cook,Operations Director,melissa.cook@nelsonllc.example.com,2026-07-24 22:07:33,Call Tracking,callrail,phone,gbp_listing,NC,70
SUMM-L01132,Rogers Inc,Cynthia Jordan,Maintenance Supervisor,cynthia.jordan@rogersinc.example.com,2026-07-25 00:04:35,Outbound,,,,FL,74
SUMM-L01133,Hunter-Russell,Ashley Gaines,Building Engineer,ashley.gaines@hunterrussell.example.com,2026-07-25 03:47:37,Google Ads,google,cpc,hvac_q3_search_ac_repair,,67
SUMM-L01134,Wilkinson Wyatt and Larsen,Michelle Clark,Regional Facilities Lead,michelle.clark@wilkinsonwyattandlarsen.example.com,2026-07-25 12:05:03,Referral,,,,AZ,73
SUMM-L01135,Dawson Group,Selena Mays,Operations Director,selena.mays@dawsongroup.example.com,2026-07-25 13:36:06,Outbound,,,,AZ,50
SUMM-L01136,Ford Todd and Smith,Andrea Fuller,Owner,andrea.fuller@fordtoddandsmith.example.com,2026-07-25 17:19:59,Call Tracking,callrail,phone,local_services,TX,65
SUMM-L01137,Mccoy Mccall and Zamora,Timothy Hughes,Maintenance Supervisor,timothy.hughes@mccoymccallandzamora.example.com,2026-07-25 17:20:00,Google Ads,google,cpc,hvac_q3_search_ac_repair,GA,67
SUMM-L01138,Crawford Downs and George,James Sullivan,Facilities Manager,james.sullivan@crawforddownsandgeorge.example.com,2026-07-25 17:29:57,Call Tracking,callrail,phone,local_services,AZ,
SUMM-L01139,Kim Cervantes and Ruiz,Bonnie Scott,Maintenance Supervisor,bonnie.scott@kimcervantesandruiz.example.com,2026-07-25 18:39:14,Outbound,,,,AZ,90
SUMM-L01140,Vega Inc,Lauren Chase,Property Manager,lauren.chase@vegainc.example.com,2026-07-25 19:04:03,Outbound,,,,TX,63
SUMM-L01141,Williams-Allen,Joseph White,Building Engineer,joseph.white@williamsallen.example.com,2026-07-26 09:04:43,Call Tracking,callrail,phone,local_services,AZ,70
SUMM-L01142,Miller PLC,Jessica Evans,Owner,jessica.evans@millerplc.example.com,2026-07-26 11:49:26,Referral,,,,AZ,100
SUMM-L01143,Bradshaw Davis and Church,Kelly Mendez,Maintenance Supervisor,kelly.mendez@bradshawdavisandchurch.example.com,2026-07-26 14:06:09,Google Ads,google,cpc,hvac_q3_search_install,AZ,94
SUMM-L01144,Hanson-Martin,Danny Hawkins,Owner,danny.hawkins@hansonmartin.example.com,2026-07-26 15:03:51,Google Ads,google,cpc,,NC,94
SUMM-L01145,Anderson Turner and Haynes,Terri Tyler,Regional Facilities Lead,terri.tyler@andersonturnerandhaynes.example.com,2026-07-26 22:17:37,Referral,,,,TX,100
SUMM-L01146,Williams-Brewer,Elizabeth King,Maintenance Supervisor,elizabeth.king@williamsbrewer.example.com,2026-07-27 01:59:53,Outbound,,,,FL,63
SUMM-L01147,Reid Perez and Williams,Amy Tucker,,amy.tucker@reidperezandwilliams.example.com,2026-07-27 04:16:49,Google Ads,google,cpc,hvac_q3_search_install,GA,67
SUMM-L01148,Williams LLC,Sheena Booth,Operations Director,sheena.booth@williamsllc.example.com,2026-07-27 05:12:53,Google Ads,google,cpc,hvac_q3_search_install,GA,
SUMM-L01149,Meadows-Wall,Gregory Winters,Property Manager,gregory.winters@meadowswall.example.com,2026-07-27 05:34:11,Call Tracking,callrail,phone,gbp_listing,FL,97
SUMM-L01150,Ryan Freeman and Fox,Samantha Conley,Maintenance Supervisor,samantha.conley@ryanfreemanandfox.example.com,2026-07-27 06:54:21,Outbound,,,,CA,90
SUMM-L01151,Robbins Inc,Catherine Herrera,Maintenance Supervisor,catherine.herrera@robbinsinc.example.com,2026-07-27 10:22:28,Outbound,,,,NC,63
SUMM-L01152,Smith-Mendoza,Julia Miller,Operations Director,julia.miller@smithmendoza.example.com,2026-07-27 10:50:07,Referral,,,,TX,62
SUMM-L01153,Russell PLC,Cindy Shaw,Operations Director,cindy.shaw@russellplc.example.com,2026-07-27 10:59:34,Referral,,,,TX,100
SUMM-L01154,Adams Dorsey and Perez,Charles Medina,Maintenance Supervisor,charles.medina@adamsdorseyandperez.example.com,2026-07-27 12:08:55,Call Tracking,callrail,phone,local_services,GA,97
SUMM-L01155,Mack Group,Jacqueline Clark,Maintenance Supervisor,jacqueline.clark@mackgroup.example.com,2026-07-27 12:14:09,Outbound,,,,FL,63
SUMM-L01156,Cross Dickerson and Ayers,Daniel Ellis,Maintenance Supervisor,daniel.ellis@crossdickersonandayers.example.com,2026-07-27 13:20:30,Outbound,,,,AZ,65
SUMM-L01157,White-Wright,Jose Perkins,Regional Facilities Lead,jose.perkins@whitewright.example.com,2026-07-27 15:04:50,Call Tracking,callrail,phone,gbp_listing,TX,97
SUMM-L01158,Flores-Quinn,Taylor Gonzalez,Facilities Manager,taylor.gonzalez@floresquinn.example.com,2026-07-27 15:47:17,Outbound,,,,GA,63
SUMM-L01159,Mclaughlin-Smith,Lisa Hill,Store Manager,lisa.hill@mclaughlinsmith.example.com,2026-07-27 16:52:29,Referral,,,,NC,70
SUMM-L01160,Gutierrez Ltd,Heather Swanson,Facilities Manager,heather.swanson@gutierrezltd.example.com,2026-07-27 20:08:17,Google Ads,google,cpc,,AZ,67
SUMM-L01161,Collins Inc,Catherine Brown,Owner,catherine.brown@collinsinc.example.com,2026-07-27 22:44:44,Outbound,,,,GA,90
SUMM-L01162,Arnold Scott and Ruiz,Steven Bell,Facilities Manager,steven.bell@arnoldscottandruiz.example.com,2026-07-28 00:18:45,Referral,,,,FL,
SUMM-L01163,Jones Group,Sandra Robinson,Owner,sandra.robinson@jonesgroup.example.com,2026-07-28 05:00:25,Outbound,,,,,44
SUMM-L01164,Mullins Inc,Nicole Brown,Owner,nicole.brown@mullinsinc.example.com,2026-07-28 12:01:13,Outbound,,,,NC,85
SUMM-L01165,Walter-Huang,Kathleen Baker,Property Manager,kathleen.baker@walterhuang.example.com,2026-07-28 12:30:46,Referral,,,,TX,73
SUMM-L01166,Brown Group,Alicia Griffin,Store Manager,alicia.griffin@browngroup.example.com,2026-07-28 13:27:54,Meta Ads,facebook,paid_social,hvac_q3_maintenance_plan,CA,61
SUMM-L01167,Cardenas Martinez and Medina,Nathaniel King,Property Manager,nathaniel.king@cardenasmartinezandmedin.example.com,2026-07-28 14:30:59,Call Tracking,callrail,phone,local_services,,97
SUMM-L01168,Jimenez-Le,Michael Velazquez,,michael.velazquez@jimenezle.example.com,2026-07-28 15:38:41,Google Ads,google,cpc,hvac_q3_search_install,TX,94
SUMM-L01169,Johnson and Sons,Andrew Johnson,Facilities Manager,andrew.johnson@johnsonandsons.example.com,2026-07-28 15:43:34,Outbound,,,,GA,63
SUMM-L01170,Anderson Ltd,Susan Kelly,Facilities Manager,susan.kelly@andersonltd.example.com,2026-07-29 03:29:36,Referral,,,,TX,77
SUMM-L01171,Williams Morales and Smith,Tanya Roth,Building Engineer,tanya.roth@williamsmoralesandsmith.example.com,2026-07-29 04:59:16,Outbound,,,,TX,90
SUMM-L01172,Richards Ltd,Grace Rich,Property Manager,grace.rich@richardsltd.example.com,2026-07-29 07:45:17,Outbound,,,,Unassigned,15
SUMM-L01173,Nelson Group,Natalie Reed,,natalie.reed@nelsongroup.example.com,2026-07-29 08:46:12,Outbound,,,,AZ,90
SUMM-L01174,Parks Inc,Dean Lopez,Owner,dean.lopez@parksinc.example.com,2026-07-29 09:53:14,Referral,,,,TX,100
SUMM-L01175,Flores Inc,Sara Contreras,Owner,sara.contreras@floresinc.example.com,2026-07-29 11:32:57,Call Tracking,callrail,phone,local_services,GA,97
SUMM-L01176,Gomez Lester and Jackson,Rachel Smith,Regional Facilities Lead,rachel.smith@gomezlesterandjackson.example.com,2026-07-29 13:54:38,Call Tracking,callrail,phone,gbp_listing,NC,40
SUMM-L01177,Crawford Hawkins and King,Robert Beltran,Building Engineer,robert.beltran@crawfordhawkinsandking.example.com,2026-07-29 16:01:58,Outbound,,,,FL,
SUMM-L01178,Stewart PLC,Patrick Adkins,Facilities Manager,patrick.adkins@stewartplc.example.com,2026-07-29 17:33:04,Call Tracking,callrail,phone,local_services,NC,70
SUMM-L01179,Mclaughlin-Powell,Rachel Franklin,,rachel.franklin@mclaughlinpowell.example.com,2026-07-29 18:07:48,Outbound,,,,NC,63
SUMM-L01180,Jordan LLC,Michael Moore,Property Manager,michael.moore@jordanllc.example.com,2026-07-29 18:31:11,Outbound,,,,AZ,
SUMM-L01181,Reyes Lane and Brady,Angela Blake,Store Manager,angela.blake@reyeslaneandbrady.example.com,2026-07-29 23:39:58,Google Ads,google,cpc,hvac_q3_search_install,FL,37
SUMM-L01182,Taylor Ltd,Alexander Calderon,Owner,alexander.calderon@taylorltd.example.com,2026-07-29 23:59:50,Outbound,,,,TX,90
SUMM-L01183,Gomez-Mullins,Kimberly Bell,Owner,kimberly.bell@gomezmullins.example.com,2026-07-30 00:12:55,Outbound,,,,AZ,60
SUMM-L01184,Soto-Peterson,Christopher Murphy,Maintenance Supervisor,christopher.murphy@sotopeterson.example.com,2026-07-30 03:11:02,Outbound,,,,TX,63
SUMM-L01185,Flores Mcdaniel and Moore,Barbara Reese,,barbara.reese@floresmcdanielandmoore.example.com,2026-07-30 04:03:27,Referral,,,,FL,100
SUMM-L01186,Hartman Inc,Deborah Frye,Maintenance Supervisor,deborah.frye@hartmaninc.example.com,2026-07-30 04:17:54,Outbound,,,,,63
SUMM-L01187,Jones Brewer and Mckay,Cynthia Calhoun,,cynthia.calhoun@jonesbrewerandmckay.example.com,2026-07-30 09:28:36,Call Tracking,callrail,phone,local_services,,97
SUMM-L01188,Stephens-Everett,Amber Maldonado,Property Manager,amber.maldonado@stephenseverett.example.com,2026-07-30 11:10:19,Meta Ads,facebook,paid_social,hvac_q3_maintenance_plan,AZ,44
SUMM-L01189,Ramos Lane and Sanchez,Shari Rodriguez,,shari.rodriguez@ramoslaneandsanchez.example.com,2026-07-30 11:17:34,Meta Ads,facebook,paid_social,hvac_q3_maintenance_plan,TX,88
SUMM-L01190,Gomez Frederick and Oliver,James Ellis,Regional Facilities Lead,james.ellis@gomezfrederickandoliver.example.com,2026-07-30 15:00:38,Outbound,,,,,90
SUMM-L01191,Perez Jones and Lawson,Sarah Rose,Facilities Manager,sarah.rose@perezjonesandlawson.example.com,2026-07-30 17:54:57,Referral,,,,AZ,100
SUMM-L01192,Henderson Bryant and Ho,Debra Owens,Store Manager,debra.owens@hendersonbryantandho.example.com,2026-07-30 18:58:26,Call Tracking,callrail,phone,local_services,CA,97
SUMM-L01193,Burke Wilson and Garner,Gregory Salinas,Maintenance Supervisor,gregory.salinas@burkewilsonandgarner.example.com,2026-07-30 19:22:48,Outbound,,,,,63
SUMM-L01194,Jensen-Miller,Peter Wheeler,Operations Director,peter.wheeler@jensenmiller.example.com,2026-07-31 03:41:24,Call Tracking,callrail,phone,local_services,NC,70
SUMM-L01195,James LLC,Kenneth Smith,Maintenance Supervisor,kenneth.smith@jamesllc.example.com,2026-07-31 06:32:27,Call Tracking,callrail,phone,local_services,TX,97
SUMM-L01196,Thornton LLC,Robin Conrad,Operations Director,robin.conrad@thorntonllc.example.com,2026-07-31 08:00:16,Referral,,,,CA,73
SUMM-L01197,Greer Howard and Sanchez,Cheryl Kelly,Building Engineer,cheryl.kelly@greerhowardandsanchez.example.com,2026-07-31 08:12:16,Referral,,,,NC,98
SUMM-L01198,Holmes Marks and Ochoa,Rodney Adams,Facilities Manager,rodney.adams@holmesmarksandochoa.example.com,2026-07-31 08:13:04,Outbound,,,,NC,63
SUMM-L01199,Evans Inc,Deborah Johnson,,deborah.johnson@evansinc.example.com,2026-07-31 09:16:57,Outbound,,,,GA,90
SUMM-L01200,Meyer Inc,Daniel Graves,Regional Facilities Lead,daniel.graves@meyerinc.example.com,2026-07-31 12:12:58,Outbound,,,,TX,45
SUMM-L01201,Holmes-Ray,Ashley Singh,Facilities Manager,ashley.singh@holmesray.example.com,2026-07-31 12:34:52,Outbound,,,,CA,63
SUMM-L01202,Moody Baker and Blanchard,Gregory Kennedy,Property Manager,gregory.kennedy@moodybakerandblanchard.example.com,2026-07-31 14:12:09,Google Ads,google,cpc,hvac_q3_search_ac_repair,FL,94
SUMM-L01203,Smith Inc,Shari White,Building Engineer,shari.white@smithinc.example.com,2026-07-31 16:27:20,Google Ads,google,cpc,hvac_q3_search_ac_repair,AZ,66
SUMM-L01204,Sanchez-Nichols,Elizabeth Shepard,Maintenance Supervisor,elizabeth.shepard@sancheznichols.example.com,2026-07-31 17:13:16,Google Ads,google,cpc,hvac_q3_search_ac_repair,,37
SUMM-L01205,Woodward-Johnson,Dawn Jordan,Property Manager,dawn.jordan@woodwardjohnson.example.com,2026-07-31 19:36:34,Outbound,,,,CA,64
SUMM-L01206,Carter Inc,William Patton,Maintenance Supervisor,william.patton@carterinc.example.com,2026-07-31 20:11:32,Outbound,,,,TX,90
SUMM-L01207,Scott Smith and Wilson,Kristina West,Facilities Manager,kristina.west@scottsmithandwilson.example.com,2026-08-01 02:12:00,Referral,,,,GA,73
SUMM-L01208,Brooks LLC,Carla Rogers,Regional Facilities Lead,carla.rogers@brooksllc.example.com,2026-08-01 04:06:46,Call Tracking,callrail,phone,local_services,NC,97
SUMM-L01209,Harrington LLC,Stephanie Ward,Building Engineer,stephanie.ward@harringtonllc.example.com,2026-08-01 12:18:52,Call Tracking,callrail,phone,local_services,GA,97
SUMM-L01210,Estrada-Chang,Misty Taylor,,misty.taylor@estradachang.example.com,2026-08-01 17:18:48,Call Tracking,callrail,phone,local_services,TX,70
SUMM-L01211,Ibarra and Sons,Katrina Campbell,Store Manager,katrina.campbell@ibarraandsons.example.com,2026-08-02 02:05:19,Outbound,,,,CA,63
SUMM-L01212,Mcfarland and Sons,Tiffany Griffin,,tiffany.griffin@mcfarlandandsons.example.com,2026-08-02 05:56:10,Outbound,,,,,90
SUMM-L01213,Austin LLC,Jason Clark,Property Manager,jason.clark@austinllc.example.com,2026-08-02 08:17:36,Call Tracking,callrail,phone,local_services,FL,97
SUMM-L01214,Farmer Smith and Roberts,Mary Alvarez,Property Manager,mary.alvarez@farmersmithandroberts.example.com,2026-08-02 17:23:24,Call Tracking,callrail,phone,gbp_listing,GA,97
SUMM-L01215,Brennan-Holden,Margaret Patterson,Owner,margaret.patterson@brennanholden.example.com,2026-08-02 19:36:30,Referral,,,,TX,100
SUMM-L01216,Bird-Castro,Elizabeth Elliott,Maintenance Supervisor,elizabeth.elliott@birdcastro.example.com,2026-08-02 21:22:10,Outbound,,,,NC,63
SUMM-L01217,Richardson Lewis and Scott,Jeffery Mcpherson,Regional Facilities Lead,jeffery.mcpherson@richardsonlewisandscott.example.com,2026-08-02 23:40:57,Call Tracking,callrail,phone,gbp_listing,CA,40
SUMM-L01218,White-Fox,Dana Foley,Property Manager,dana.foley@whitefox.example.com,2026-08-03 03:19:43,Outbound,,,,TX,58
SUMM-L01219,Williams-Harrington,Kristina Bauer,Maintenance Supervisor,kristina.bauer@williamsharrington.example.com,2026-08-03 05:00:46,Outbound,,,,AZ,63
SUMM-L01220,Miller-Kennedy,John Wilson,Operations Director,john.wilson@millerkennedy.example.com,2026-08-03 05:22:12,Call Tracking,callrail,phone,gbp_listing,FL,89
SUMM-L01221,Wilson Gray and Brown,Lisa Mcgee,Facilities Manager,lisa.mcgee@wilsongrayandbrown.example.com,2026-08-03 07:31:05,Outbound,,,,AZ,90
SUMM-L01222,Vargas-Orozco,Paul Jacobs,Regional Facilities Lead,paul.jacobs@vargasorozco.example.com,2026-08-03 08:52:01,Outbound,,,,AZ,90
SUMM-L01223,Cox LLC,Christian Cabrera,Owner,christian.cabrera@coxllc.example.com,2026-08-03 09:22:52,Call Tracking,callrail,phone,gbp_listing,FL,70
SUMM-L01224,Nelson and Sons,Aaron Ortega,Operations Director,aaron.ortega@nelsonandsons.example.com,2026-08-03 10:29:24,Call Tracking,callrail,phone,local_services,FL,60
SUMM-L01225,Hart-Herman,Christopher Gross,Regional Facilities Lead,christopher.gross@hartherman.example.com,2026-08-03 11:41:52,Outbound,,,,CA,60
SUMM-L01226,Carter Griffin and Glover,Melissa Ramirez,,melissa.ramirez@cartergriffinandglover.example.com,2026-08-03 15:41:54,Outbound,,,,NC,60
SUMM-L01227,Fernandez Evans and Baxter,Victoria Thompson,Owner,victoria.thompson@fernandezevansandbaxter.example.com,2026-08-03 15:49:30,Referral,,,,NC,73
SUMM-L01228,Carey-Young,Monique Mccarthy,Maintenance Supervisor,monique.mccarthy@careyyoung.example.com,2026-08-03 16:30:13,Google Ads,google,cpc,hvac_q3_search_install,FL,66
SUMM-L01229,Jefferson Valenzuela and Solomon,Joseph Woods,Maintenance Supervisor,joseph.woods@jeffersonvalenzuelaandso.example.com,2026-08-03 16:39:21,Referral,,,,,100
SUMM-L01230,Williamson and Sons,Christopher Randall,Facilities Manager,christopher.randall@williamsonandsons.example.com,2026-08-03 17:08:12,Call Tracking,callrail,phone,local_services,NC,63
SUMM-L01231,Gregory-Barber,James Miller,Property Manager,james.miller@gregorybarber.example.com,2026-08-03 17:27:45,Outbound,,,,CA,
SUMM-L01232,Mills Hawkins and Cole,Nicholas Young,Facilities Manager,nicholas.young@millshawkinsandcole.example.com,2026-08-04 05:23:18,Google Ads,google,cpc,hvac_q3_search_ac_repair,,67
SUMM-L01233,Hall-Walters,Keith Howard,Regional Facilities Lead,keith.howard@hallwalters.example.com,2026-08-04 15:10:17,Outbound,,,,TX,90
SUMM-L01234,Hall-Wells,Kevin Hampton,Maintenance Supervisor,kevin.hampton@hallwells.example.com,2026-08-04 16:39:00,Referral,,,,GA,100
SUMM-L01235,Spencer-Martin,Michael Benjamin,,michael.benjamin@spencermartin.example.com,2026-08-04 17:03:40,Call Tracking,callrail,phone,gbp_listing,NC,97
SUMM-L01236,Collins-Buck,Andrew Hernandez,,andrew.hernandez@collinsbuck.example.com,2026-08-04 20:11:37,Google Ads,google,cpc,hvac_q3_search_ac_repair,GA,67
SUMM-L01237,Robertson Johnson and Hughes,Darrell Mendoza,Facilities Manager,darrell.mendoza@robertsonjohnsonandhughe.example.com,2026-08-04 20:13:43,Referral,,,,NC,73
SUMM-L01238,Gibson Tran and Randall,Mary Taylor,Regional Facilities Lead,mary.taylor@gibsontranandrandall.example.com,2026-08-04 22:33:44,Referral,,,,AZ,60
SUMM-L01239,Thornton Rhodes and Diaz,Traci Brady,,traci.brady@thorntonrhodesanddiaz.example.com,2026-08-04 23:38:17,Outbound,,,,GA,60
SUMM-L01240,Burns Cohen and Garcia,Glenn Ruiz,Property Manager,glenn.ruiz@burnscohenandgarcia.example.com,2026-08-05 00:12:12,Referral,,,,TX,73
SUMM-L01241,Banks-Newman,Tiffany Calderon,,tiffany.calderon@banksnewman.example.com,2026-08-05 01:43:53,Outbound,,,,GA,90
SUMM-L01242,Kennedy Collins and Keith,Stephanie Hudson,Owner,stephanie.hudson@kennedycollinsandkeith.example.com,2026-08-05 02:31:01,Outbound,,,,GA,63
SUMM-L01243,Davis Moore and Choi,Shelby Brown,Maintenance Supervisor,shelby.brown@davismooreandchoi.example.com,2026-08-05 06:40:49,Outbound,,,,AZ,73
SUMM-L01244,Martin-Murphy,Nathan Thomas,Maintenance Supervisor,nathan.thomas@martinmurphy.example.com,2026-08-05 08:05:33,Outbound,,,,GA,63
SUMM-L01245,Padilla-Ruiz,Ashley White,,ashley.white@padillaruiz.example.com,2026-08-05 13:48:19,Outbound,,,,TX,90
SUMM-L01246,Johnson Ltd,Sarah Hamilton,Operations Director,sarah.hamilton@johnsonltd.example.com,2026-08-05 16:24:07,Outbound,,,,CA,63
SUMM-L01247,Mcintosh Inc,Nina Gross,Owner,nina.gross@mcintoshinc.example.com,2026-08-05 16:39:44,Referral,,,,TX,100
SUMM-L01248,Romero Gomez and Cline,Rachel Molina,Building Engineer,rachel.molina@romerogomezandcline.example.com,2026-08-06 00:31:58,Google Ads,google,cpc,hvac_q3_search_install,AZ,50
SUMM-L01249,Richard-Hurst,Karen Ramos,Regional Facilities Lead,karen.ramos@richardhurst.example.com,2026-08-06 01:11:37,Outbound,,,,AZ,90
SUMM-L01250,Kim Wilson and King,Jennifer Garcia,Property Manager,jennifer.garcia@kimwilsonandking.example.com,2026-08-06 10:29:16,Outbound,,,,TX,63
SUMM-L01251,Bryant Macdonald and Smith,Xavier Rowe,Facilities Manager,xavier.rowe@bryantmacdonaldandsmith.example.com,2026-08-06 11:58:23,Call Tracking,callrail,phone,local_services,CA,70
SUMM-L01252,Torres Group,Troy Graham,Property Manager,troy.graham@torresgroup.example.com,2026-08-06 12:26:02,Outbound,,,,AZ,90
SUMM-L01253,Lambert and Sons,Edward Terry,Facilities Manager,edward.terry@lambertandsons.example.com,2026-08-06 14:55:05,Outbound,,,,TX,56
SUMM-L01254,Smith-Morris,Kevin Wilson,Regional Facilities Lead,kevin.wilson@smithmorris.example.com,2026-08-06 15:54:26,Outbound,,,,NC,90
SUMM-L01255,Carr Obrien and Coleman,Steven Higgins,,steven.higgins@carrobrienandcoleman.example.com,2026-08-06 17:05:34,Google Ads,google,cpc,hvac_q3_search_ac_repair,AZ,67
SUMM-L01256,Lewis LLC,Daniel Marks,Owner,daniel.marks@lewisllc.example.com,2026-08-06 20:14:01,Referral,,,,GA,73
SUMM-L01257,Richardson Ryan and Jordan,Rachel Nash,Facilities Manager,rachel.nash@richardsonryanandjordan.example.com,2026-08-07 00:08:36,Referral,,,,TX,73
SUMM-L01258,Meyer-Mitchell,Amy Vargas,Regional Facilities Lead,amy.vargas@meyermitchell.example.com,2026-08-07 02:25:34,Referral,,,,GA,78
SUMM-L01259,Doyle and Sons,Frank Ford,Maintenance Supervisor,frank.ford@doyleandsons.example.com,2026-08-07 02:31:08,Call Tracking,callrail,phone,local_services,AZ,56
SUMM-L01260,Lewis Group,Kristen Barker,Maintenance Supervisor,kristen.barker@lewisgroup.example.com,2026-08-07 07:39:09,Call Tracking,callrail,phone,gbp_listing,TX,70
SUMM-L01261,Ward-Washington,Joseph Anderson,Operations Director,joseph.anderson@wardwashington.example.com,2026-08-07 08:25:21,Outbound,,,,FL,63
SUMM-L01262,Summers-Smith,Robert Hendrix,Owner,robert.hendrix@summerssmith.example.com,2026-08-07 09:23:30,Outbound,,,,NC,90
SUMM-L01263,Small-Walker,Nicholas Johnson,Regional Facilities Lead,nicholas.johnson@smallwalker.example.com,2026-08-07 09:25:42,Meta Ads,facebook,paid_social,,TX,88
SUMM-L01264,Ball Ltd,Brandon Torres,Store Manager,brandon.torres@ballltd.example.com,2026-08-07 09:43:57,Google Ads,google,cpc,hvac_q3_search_ac_repair,FL,94
SUMM-L01265,Zimmerman Conrad and Turner,Stephanie Wilson,Facilities Manager,stephanie.wilson@zimmermanconradandturner.example.com,2026-08-07 10:18:21,Outbound,,,,CA,63
SUMM-L01266,Price-Cooley,Peggy Logan,Maintenance Supervisor,peggy.logan@pricecooley.example.com,2026-08-07 11:45:11,Outbound,,,,FL,90
SUMM-L01267,Smith LLC,Dan Mccann,,dan.mccann@smithllc.example.com,2026-08-07 12:35:42,Outbound,,,,GA,90
SUMM-L01268,Lopez Kennedy and Jackson,Dennis Moss,,dennis.moss@lopezkennedyandjackson.example.com,2026-08-07 13:11:33,Outbound,,,,CA,
SUMM-L01269,Stewart LLC,Amy Lewis,Store Manager,amy.lewis@stewartllc.example.com,2026-08-07 13:33:55,Call Tracking,callrail,phone,gbp_listing,Unassigned,35
SUMM-L01270,Wolfe Brown and Salazar,Natasha White,Owner,natasha.white@wolfebrownandsalazar.example.com,2026-08-07 13:55:31,Outbound,,,,TX,
SUMM-L01271,Martin Ltd,Rhonda Gonzales,Facilities Manager,rhonda.gonzales@martinltd.example.com,2026-08-07 17:35:18,Outbound,,,,GA,63
SUMM-L01272,Lopez and Sons,Heidi Gardner,Maintenance Supervisor,heidi.gardner@lopezandsons.example.com,2026-08-07 17:45:33,Call Tracking,callrail,phone,gbp_listing,TX,70
SUMM-L01273,Dunn and Sons,Karen Moore,Building Engineer,karen.moore@dunnandsons.example.com,2026-08-07 19:00:00,Referral,,,,GA,100
SUMM-L01274,Curtis Alvarez and Escobar,Nathan Schroeder,Property Manager,nathan.schroeder@curtisalvarezandescobar.example.com,2026-08-07 20:32:30,Referral,,,,AZ,70
SUMM-L01275,Flowers Rice and Williams,Julia Mason,,julia.mason@flowersriceandwilliams.example.com,2026-08-07 21:54:35,Outbound,,,,NC,63
SUMM-L01276,Newman Carson and Ingram,George Edwards,Regional Facilities Lead,george.edwards@newmancarsonandingram.example.com,2026-08-07 22:42:21,Call Tracking,callrail,phone,local_services,TX,60
SUMM-L01277,Fox Group,Pamela Roy,Maintenance Supervisor,pamela.roy@foxgroup.example.com,2026-08-08 02:40:22,Google Ads,google,cpc,hvac_q3_search_install,NC,67
SUMM-L01278,Torres-Smith,Michelle Huynh,Store Manager,michelle.huynh@torressmith.example.com,2026-08-08 07:04:01,Google Ads,google,cpc,hvac_q3_search_ac_repair,GA,67
SUMM-L01279,Rodriguez Lawson and Dorsey,Lisa Evans,Maintenance Supervisor,lisa.evans@rodriguezlawsonanddorsey.example.com,2026-08-08 08:04:36,Outbound,,,,TX,55
SUMM-L01280,Reyes Terrell and Bray,Lisa Cameron,Owner,lisa.cameron@reyesterrellandbray.example.com,2026-08-08 10:21:52,Outbound,,,,TX,63
SUMM-L01281,Patterson and Sons,Marcus Osborn,Maintenance Supervisor,marcus.osborn@pattersonandsons.example.com,2026-08-08 11:55:26,Outbound,,,,TX,90
SUMM-L01282,Thompson and Sons,Kenneth Orozco,Building Engineer,kenneth.orozco@thompsonandsons.example.com,2026-08-08 20:48:58,Outbound,,,,TX,63
SUMM-L01283,Lyons and Sons,Debra Fields,Building Engineer,debra.fields@lyonsandsons.example.com,2026-08-08 22:06:11,Outbound,,,,Unassigned,43
SUMM-L01284,Jackson Group,Kimberly Reed,Regional Facilities Lead,kimberly.reed@jacksongroup.example.com,2026-08-09 01:35:56,Outbound,,,,,90
SUMM-L01285,Thomas Reed and Garrison,Dylan Wright,,dylan.wright@thomasreedandgarrison.example.com,2026-08-09 02:45:44,Call Tracking,callrail,phone,gbp_listing,FL,97
SUMM-L01286,Stevens Group,Rebecca Daniel,Operations Director,rebecca.daniel@stevensgroup.example.com,2026-08-09 05:05:51,Call Tracking,callrail,phone,gbp_listing,TX,
SUMM-L01287,Mcneil Valdez and Evans,Rebecca Caldwell,,rebecca.caldwell@mcneilvaldezandevans.example.com,2026-08-09 05:44:24,Outbound,,,,TX,63
SUMM-L01288,Duke Miller and Cook,Kenneth Foster,Property Manager,kenneth.foster@dukemillerandcook.example.com,2026-08-09 06:36:43,Google Ads,google,cpc,hvac_q3_search_ac_repair,GA,67
SUMM-L01289,Cox Group,Julie Kidd,,julie.kidd@coxgroup.example.com,2026-08-09 09:10:30,Google Ads,google,cpc,,TX,67
SUMM-L01290,Salas Gonzales and Wood,Katie Castillo,Property Manager,katie.castillo@salasgonzalesandwood.example.com,2026-08-09 14:35:46,Google Ads,google,cpc,hvac_q3_search_ac_repair,GA,64
SUMM-L01291,Blair-Briggs,Jeremiah House,Building Engineer,jeremiah.house@blairbriggs.example.com,2026-08-09 20:46:45,Outbound,,,,TX,90
SUMM-L01292,Campbell-Brandt,Amanda Craig,,amanda.craig@campbellbrandt.example.com,2026-08-09 23:39:02,Outbound,,,,CA,44
SUMM-L01293,Daniels Sullivan and Gonzalez,Jonathan Smith,Property Manager,jonathan.smith@danielssullivanandgonzal.example.com,2026-08-09 23:43:54,Referral,,,,GA,73
SUMM-L01294,Williams-Roberts,Todd Gibson,,todd.gibson@williamsroberts.example.com,2026-08-10 08:19:58,Google Ads,google,cpc,hvac_q3_search_install,GA,67
SUMM-L01295,Lopez Campbell and Stephens,Jonathan Adams,Maintenance Supervisor,jonathan.adams@lopezcampbellandstephens.example.com,2026-08-10 08:49:58,Meta Ads,facebook,paid_social,hvac_q3_maintenance_plan,GA,53
SUMM-L01296,Costa PLC,John Brewer,Building Engineer,john.brewer@costaplc.example.com,2026-08-10 09:59:04,Outbound,,,,,43
SUMM-L01297,Hernandez Stephens and Campbell,Adam Hunter,Store Manager,adam.hunter@hernandezstephensandcamp.example.com,2026-08-10 11:08:02,Referral,,,,AZ,92
SUMM-L01298,Lawrence Sampson and Lee,Krista Williams,,krista.williams@lawrencesampsonandlee.example.com,2026-08-10 12:08:37,Meta Ads,facebook,paid_social,hvac_q3_maintenance_plan,TX,88
SUMM-L01299,Khan Higgins and Kim,Susan Rogers,Facilities Manager,susan.rogers@khanhigginsandkim.example.com,2026-08-10 14:50:20,Referral,,,,CA,
SUMM-L01300,Scott Page and Perry,Chelsea Lawrence,,chelsea.lawrence@scottpageandperry.example.com,2026-08-10 15:24:40,Call Tracking,callrail,phone,gbp_listing,GA,58
SUMM-L01301,Medina PLC,Melanie Smith,Facilities Manager,melanie.smith@medinaplc.example.com,2026-08-10 17:13:53,Outbound,,,,AZ,76
SUMM-L01302,Jones-Davis,Yolanda Jones,Property Manager,yolanda.jones@jonesdavis.example.com,2026-08-10 18:51:39,Outbound,,,,AZ,63
SUMM-L01303,Daniels Sims and Brown,Cindy Hernandez,Property Manager,cindy.hernandez@danielssimsandbrown.example.com,2026-08-10 21:21:42,Referral,,,,AZ,100
SUMM-L01304,Nelson Inc,Mackenzie Gonzalez,,mackenzie.gonzalez@nelsoninc.example.com,2026-08-11 07:34:19,Referral,,,,FL,100
SUMM-L01305,Webster-Sanchez,Mary Moore,Owner,mary.moore@webstersanchez.example.com,2026-08-11 09:42:01,Outbound,,,,GA,
SUMM-L01306,Black LLC,Kevin Murray,Owner,kevin.murray@blackllc.example.com,2026-08-11 10:35:02,Outbound,,,,TX,90
SUMM-L01307,Stanley Hunter and Ware,Theresa Vaughan,Store Manager,theresa.vaughan@stanleyhunterandware.example.com,2026-08-11 10:35:22,Referral,,,,AZ,71
SUMM-L01308,Jordan-Bolton,Michelle Smith,Operations Director,michelle.smith@jordanbolton.example.com,2026-08-11 11:34:43,Call Tracking,callrail,phone,local_services,TX,92
SUMM-L01309,Johnson Inc,Cody Riley,Owner,cody.riley@johnsoninc.example.com,2026-08-11 12:24:53,Outbound,,,,TX,90
SUMM-L01310,Nelson-Glover,Louis Robertson,Operations Director,louis.robertson@nelsonglover.example.com,2026-08-11 13:30:26,Outbound,,,,TX,90
SUMM-L01311,Arellano-Taylor,Morgan Gay,Property Manager,morgan.gay@arellanotaylor.example.com,2026-08-11 13:36:35,Google Ads,google,cpc,hvac_q3_search_install,NC,91
SUMM-L01312,Mcgee Chen and Peterson,Rebecca Ruiz,Operations Director,rebecca.ruiz@mcgeechenandpeterson.example.com,2026-08-11 17:48:23,Referral,,,,CA,73
SUMM-L01313,Figueroa Walker and Lewis,William Andersen,Owner,william.andersen@figueroawalkerandlewis.example.com,2026-08-11 17:59:25,Meta Ads,facebook,paid_social,,GA,61
SUMM-L01314,Hernandez Jefferson and Ward,Timothy Mueller,Store Manager,timothy.mueller@hernandezjeffersonandwar.example.com,2026-08-11 19:34:51,Referral,,,,TX,100
SUMM-L01315,Ortega Chung and Wilson,Elizabeth Leonard,Maintenance Supervisor,elizabeth.leonard@ortegachungandwilson.example.com,2026-08-11 21:00:35,Call Tracking,callrail,phone,local_services,FL,70
SUMM-L01316,Davis Williams and Williams,Emma Vasquez,Property Manager,emma.vasquez@daviswilliamsandwilliams.example.com,2026-08-12 06:00:29,Referral,,,,TX,100
SUMM-L01317,Noble Ltd,Kevin Barker,,kevin.barker@nobleltd.example.com,2026-08-12 08:54:21,Outbound,,,,CA,63
SUMM-L01318,Robles Harrington and Ramirez,Jacqueline Martin,Owner,jacqueline.martin@roblesharringtonandramir.example.com,2026-08-12 09:12:14,Google Ads,google,cpc,hvac_q3_search_ac_repair,FL,67
SUMM-L01319,Stafford Inc,Cody Franco,Store Manager,cody.franco@staffordinc.example.com,2026-08-12 09:18:15,Outbound,,,,NC,63
SUMM-L01320,Meyer-Alexander,Juan Andersen,,juan.andersen@meyeralexander.example.com,2026-08-12 10:39:32,Call Tracking,callrail,phone,local_services,Unassigned,50
SUMM-L01321,Miller Williams and Flores,Steven Vega,Facilities Manager,steven.vega@millerwilliamsandflores.example.com,2026-08-12 11:34:12,Google Ads,google,cpc,hvac_q3_search_install,TX,94
SUMM-L01322,Rodriguez and Sons,Christopher Acevedo,Owner,christopher.acevedo@rodriguezandsons.example.com,2026-08-12 12:34:45,Google Ads,google,cpc,hvac_q3_search_install,AZ,67
SUMM-L01323,Brown Jones and Williams,Amanda Morris,,amanda.morris@brownjonesandwilliams.example.com,2026-08-12 13:53:42,Google Ads,google,cpc,hvac_q3_search_install,TX,
SUMM-L01324,Martin Ltd,Rodney Conway,Building Engineer,rodney.conway@martinltd.example.com,2026-08-12 18:53:36,Outbound,,,,,63
SUMM-L01325,Cox-Kelley,Cheryl Cook,,cheryl.cook@coxkelley.example.com,2026-08-13 01:58:52,Outbound,,,,AZ,63
SUMM-L01326,Brown-Brown,Wayne Walters,Facilities Manager,wayne.walters@brownbrown.example.com,2026-08-13 08:23:11,Outbound,,,,NC,63
SUMM-L01327,Schultz Ltd,Joel Cruz,Facilities Manager,joel.cruz@schultzltd.example.com,2026-08-13 12:18:28,Referral,,,,,73
SUMM-L01328,Williams-Allen,Sandra Mendoza,Regional Facilities Lead,sandra.mendoza@williamsallen.example.com,2026-08-13 12:34:56,Outbound,,,,AZ,63
SUMM-L01329,Hart PLC,Wanda Everett,,wanda.everett@hartplc.example.com,2026-08-13 17:20:36,Outbound,,,,,90
SUMM-L01330,Tucker Group,Traci Robles,Owner,traci.robles@tuckergroup.example.com,2026-08-13 18:06:02,Google Ads,google,cpc,hvac_q3_search_install,GA,67
SUMM-L01331,Schwartz LLC,Angela Murphy,Operations Director,angela.murphy@schwartzllc.example.com,2026-08-13 18:49:31,Outbound,,,,TX,90
SUMM-L01332,Cobb-Smith,Wayne Howard,,wayne.howard@cobbsmith.example.com,2026-08-13 23:03:34,Outbound,,,,NC,60
SUMM-L01333,Yang Owen and Fernandez,Samantha Harrison,Regional Facilities Lead,samantha.harrison@yangowenandfernandez.example.com,2026-08-14 06:57:27,Google Ads,google,cpc,hvac_q3_search_ac_repair,GA,67
SUMM-L01334,Gonzalez Inc,Sabrina Lopez,,sabrina.lopez@gonzalezinc.example.com,2026-08-14 07:48:35,Outbound,,,,NC,59
SUMM-L01335,Williams and Sons,Michael Monroe,Store Manager,michael.monroe@williamsandsons.example.com,2026-08-14 11:33:23,Call Tracking,callrail,phone,gbp_listing,,97
SUMM-L01336,Andersen Holmes and Hardin,Tanya Johnson,Maintenance Supervisor,tanya.johnson@andersenholmesandhardin.example.com,2026-08-14 11:40:54,Google Ads,google,cpc,hvac_q3_search_ac_repair,AZ,67
SUMM-L01337,Butler-Ruiz,Paula Hebert,Owner,paula.hebert@butlerruiz.example.com,2026-08-14 12:06:01,Outbound,,,,GA,90
SUMM-L01338,Contreras Ltd,John Preston,Building Engineer,john.preston@contrerasltd.example.com,2026-08-14 12:32:11,Outbound,,,,TX,90
SUMM-L01339,Cameron Schroeder and Haney,Michelle Bradford,Regional Facilities Lead,michelle.bradford@cameronschroederandhaney.example.com,2026-08-14 17:59:34,Referral,,,,GA,73
SUMM-L01340,Weiss Wilson and Smith,Taylor Hernandez,Owner,taylor.hernandez@weisswilsonandsmith.example.com,2026-08-14 19:40:41,Outbound,,,,TX,63
SUMM-L01341,Jones LLC,Suzanne Collins,,suzanne.collins@jonesllc.example.com,2026-08-14 22:13:49,Outbound,,,,GA,90
SUMM-L01342,Bowman-Schultz,Cynthia Brown,Owner,cynthia.brown@bowmanschultz.example.com,2026-08-14 22:48:49,Outbound,,,,CA,63
SUMM-L01343,Robinson-Allen,Tara Carpenter,Property Manager,tara.carpenter@robinsonallen.example.com,2026-08-15 02:01:44,Meta Ads,facebook,paid_social,hvac_q3_maintenance_plan,FL,61
SUMM-L01344,Greer Group,Michael Maxwell,Operations Director,michael.maxwell@greergroup.example.com,2026-08-15 14:17:00,Outbound,,,,AZ,63
SUMM-L01345,Jenkins-Adams,Johnny Lawson,Facilities Manager,johnny.lawson@jenkinsadams.example.com,2026-08-15 15:14:17,Outbound,,,,GA,73
SUMM-L01346,Charles-Aguilar,Taylor Moreno,Building Engineer,taylor.moreno@charlesaguilar.example.com,2026-08-15 15:17:45,Call Tracking,callrail,phone,local_services,Unassigned,70
SUMM-L01347,Kelley LLC,Charles Roberts,Operations Director,charles.roberts@kelleyllc.example.com,2026-08-15 16:06:23,Referral,,,,TX,73
SUMM-L01348,Hernandez-Gutierrez,Daniel Aguilar,,daniel.aguilar@hernandezgutierrez.example.com,2026-08-15 16:42:42,Call Tracking,callrail,phone,local_services,AZ,70
SUMM-L01349,Schneider-Jones,Henry Owens,Store Manager,henry.owens@schneiderjones.example.com,2026-08-15 17:01:48,Call Tracking,callrail,phone,local_services,NC,40
SUMM-L01350,Brown Group,Maria Bradford,Property Manager,maria.bradford@browngroup.example.com,2026-08-15 21:00:14,Google Ads,google,cpc,hvac_q3_search_install,CA,67
SUMM-L01351,Gonzalez-Kemp,Tyler Andrade,,tyler.andrade@gonzalezkemp.example.com,2026-08-15 22:55:08,Google Ads,google,cpc,hvac_q3_search_install,AZ,94
SUMM-L01352,Weaver-Williams,Anna Pierce,Operations Director,anna.pierce@weaverwilliams.example.com,2026-08-15 23:41:59,Call Tracking,callrail,phone,gbp_listing,AZ,70
SUMM-L01353,Daugherty PLC,Rebecca Ward,Regional Facilities Lead,rebecca.ward@daughertyplc.example.com,2026-08-16 03:07:54,Call Tracking,callrail,phone,local_services,GA,70
SUMM-L01354,Burke-Frost,Thomas Maddox,Maintenance Supervisor,thomas.maddox@burkefrost.example.com,2026-08-16 03:47:13,Outbound,,,,TX,90
SUMM-L01355,Brewer Ltd,Michaela Simpson,,michaela.simpson@brewerltd.example.com,2026-08-16 04:28:53,Outbound,,,,NC,90
SUMM-L01356,Miles-Zavala,Daniel Williams,Facilities Manager,daniel.williams@mileszavala.example.com,2026-08-16 07:38:58,Call Tracking,callrail,phone,gbp_listing,TX,97
SUMM-L01357,Mcneil Group,Christina Levine,Maintenance Supervisor,christina.levine@mcneilgroup.example.com,2026-08-16 08:19:32,Referral,,,,,79
SUMM-L01358,Turner Johnson and Mann,Christine Rose,Building Engineer,christine.rose@turnerjohnsonandmann.example.com,2026-08-16 09:29:11,Referral,,,,,73
SUMM-L01359,Jenkins-Smith,Amanda Bates,Regional Facilities Lead,amanda.bates@jenkinssmith.example.com,2026-08-16 10:48:44,Outbound,,,,GA,60
SUMM-L01360,Cruz Dixon and Scott,Kathleen Savage,Regional Facilities Lead,kathleen.savage@cruzdixonandscott.example.com,2026-08-16 12:14:45,Google Ads,google,cpc,hvac_q3_search_ac_repair,TX,67
SUMM-L01361,Drake Inc,Melissa Frost,Regional Facilities Lead,melissa.frost@drakeinc.example.com,2026-08-16 17:16:18,Call Tracking,callrail,phone,gbp_listing,GA,97
SUMM-L01362,Scott LLC,Micheal Moore,Building Engineer,micheal.moore@scottllc.example.com,2026-08-16 20:05:57,Outbound,,,,GA,90
SUMM-L01363,Jones Sanchez and Anderson,Alex Huang,,alex.huang@jonessanchezandanderson.example.com,2026-08-17 03:31:40,Outbound,,,,TX,47
SUMM-L01364,Wade-Johnson,Ricardo Anderson,Building Engineer,ricardo.anderson@wadejohnson.example.com,2026-08-17 08:17:51,Referral,,,,,100
SUMM-L01365,Campbell-May,Edgar Walker,Store Manager,edgar.walker@campbellmay.example.com,2026-08-17 10:29:21,Outbound,,,,FL,63
SUMM-L01366,Moss-Doyle,Cody Fernandez,Store Manager,cody.fernandez@mossdoyle.example.com,2026-08-17 10:41:24,Google Ads,google,cpc,hvac_q3_search_install,CA,94
SUMM-L01367,Johnson Woods and Lee,Michael Taylor,Facilities Manager,michael.taylor@johnsonwoodsandlee.example.com,2026-08-17 11:58:51,Referral,,,,TX,70
SUMM-L01368,Henderson Garcia and Weaver,Mary Murphy,Building Engineer,mary.murphy@hendersongarciaandweaver.example.com,2026-08-17 12:14:33,Outbound,,,,AZ,63
SUMM-L01369,Stone LLC,John Torres,Maintenance Supervisor,john.torres@stonellc.example.com,2026-08-17 13:32:22,Google Ads,google,cpc,hvac_q3_search_ac_repair,TX,67
SUMM-L01370,Brown-Ford,Timothy Porter,Facilities Manager,timothy.porter@brownford.example.com,2026-08-17 14:48:58,Call Tracking,callrail,phone,gbp_listing,AZ,70
SUMM-L01371,Vaughn Inc,Roger Farley,Maintenance Supervisor,roger.farley@vaughninc.example.com,2026-08-17 15:45:27,Outbound,,,,TX,90
SUMM-L01372,Johnson-Nichols,Joseph Ross,Regional Facilities Lead,joseph.ross@johnsonnichols.example.com,2026-08-17 16:12:07,Outbound,,,,GA,90
SUMM-L01373,Parks-Beck,Amy Cross,Operations Director,amy.cross@parksbeck.example.com,2026-08-17 17:04:38,Outbound,,,,TX,35
SUMM-L01374,Adams Cole and Park,Kelly Kim,,kelly.kim@adamscoleandpark.example.com,2026-08-17 17:07:23,Outbound,,,,GA,90
SUMM-L01375,Burton Ltd,Elizabeth Gordon,Facilities Manager,elizabeth.gordon@burtonltd.example.com,2026-08-17 17:36:18,Outbound,,,,TX,63
SUMM-L01376,Morgan Barton and Hunt,Crystal Vazquez,Operations Director,crystal.vazquez@morganbartonandhunt.example.com,2026-08-17 17:51:54,Call Tracking,callrail,phone,local_services,,70
SUMM-L01377,Roth-Guerra,Michelle Anderson,Facilities Manager,michelle.anderson@rothguerra.example.com,2026-08-17 20:28:10,Outbound,,,,GA,45
SUMM-L01378,Perez-Brown,Brittany Jackson,Store Manager,brittany.jackson@perezbrown.example.com,2026-08-18 00:15:04,Outbound,,,,TX,90
SUMM-L01379,Perez Wilson and Banks,Tonya Walls,Maintenance Supervisor,tonya.walls@perezwilsonandbanks.example.com,2026-08-18 01:07:57,Outbound,,,,,90
SUMM-L01380,Robinson Townsend and Henry,Jeffrey Rivera,Maintenance Supervisor,jeffrey.rivera@robinsontownsendandhenry.example.com,2026-08-18 02:27:10,Outbound,,,,FL,63
SUMM-L01381,Rivera Lewis and Allen,Tracey Andersen,Owner,tracey.andersen@riveralewisandallen.example.com,2026-08-18 04:10:28,Outbound,,,,FL,50
SUMM-L01382,Hurley-Young,Kenneth Perry,Property Manager,kenneth.perry@hurleyyoung.example.com,2026-08-18 08:10:15,Outbound,,,,GA,90
SUMM-L01383,Murray Ltd,Peggy Reed,Store Manager,peggy.reed@murrayltd.example.com,2026-08-18 08:56:01,Google Ads,google,cpc,hvac_q3_search_install,CA,67
SUMM-L01384,Fletcher Sanchez and Smith,David Miller,Owner,david.miller@fletchersanchezandsmith.example.com,2026-08-18 10:59:14,Call Tracking,callrail,phone,local_services,CA,97
SUMM-L01385,Cochran-Schroeder,Taylor Patel,Property Manager,taylor.patel@cochranschroeder.example.com,2026-08-18 11:29:00,Outbound,,,,TX,90
SUMM-L01386,Vargas Carlson and Merritt,Zachary Pierce,Store Manager,zachary.pierce@vargascarlsonandmerritt.example.com,2026-08-18 11:39:02,Meta Ads,facebook,paid_social,hvac_q3_maintenance_plan,CA,88
SUMM-L01387,Rodriguez-Mcmahon,David Hubbard,Store Manager,david.hubbard@rodriguezmcmahon.example.com,2026-08-18 13:14:22,Outbound,,,,TX,90
SUMM-L01388,Combs Johnson and Andrews,Troy Cannon,Building Engineer,troy.cannon@combsjohnsonandandrews.example.com,2026-08-18 13:23:41,Google Ads,google,cpc,hvac_q3_search_ac_repair,FL,94
SUMM-L01389,Lee and Sons,Sarah Ali,Building Engineer,sarah.ali@leeandsons.example.com,2026-08-18 16:00:25,Outbound,,,,Unassigned,43
SUMM-L01390,Mora PLC,Joshua Lane,,joshua.lane@moraplc.example.com,2026-08-18 17:46:50,Outbound,,,,FL,60
SUMM-L01391,Monroe LLC,Lisa Lambert,Regional Facilities Lead,lisa.lambert@monroellc.example.com,2026-08-18 20:02:48,Outbound,,,,TX,84
SUMM-L01392,Shaw-Sharp,Kevin Brennan,Building Engineer,kevin.brennan@shawsharp.example.com,2026-08-18 20:36:18,Meta Ads,facebook,paid_social,hvac_q3_maintenance_plan,NC,61
SUMM-L01393,Reed-Ross,Dawn Olson,Property Manager,dawn.olson@reedross.example.com,2026-08-18 23:53:02,Referral,,,,,73
SUMM-L01394,Robinson-Mann,Deborah Levine,Regional Facilities Lead,deborah.levine@robinsonmann.example.com,2026-08-19 07:59:10,Referral,,,,AZ,73
SUMM-L01395,Bowers Ramirez and King,Emily Huerta,Operations Director,emily.huerta@bowersramirezandking.example.com,2026-08-19 12:03:22,Referral,,,,AZ,43
SUMM-L01396,Harris Thompson and Erickson,Brian Sanford,Building Engineer,brian.sanford@harristhompsonanderickso.example.com,2026-08-19 13:55:42,Outbound,,,,TX,60
SUMM-L01397,Little Hawkins and Evans,Brandy Bell,Regional Facilities Lead,brandy.bell@littlehawkinsandevans.example.com,2026-08-19 14:51:28,Call Tracking,callrail,phone,gbp_listing,,40
SUMM-L01398,Dixon-Carter,Carmen Rogers,,carmen.rogers@dixoncarter.example.com,2026-08-19 17:58:44,Outbound,,,,TX,63
SUMM-L01399,Owens PLC,Richard Roth,Maintenance Supervisor,richard.roth@owensplc.example.com,2026-08-19 19:57:22,Outbound,,,,,90
SUMM-L01400,Lang Inc,Jeff Spencer,Store Manager,jeff.spencer@langinc.example.com,2026-08-20 00:48:56,Referral,,,,NC,70
SUMM-L01401,Potter-Mason,Cindy Pruitt,Building Engineer,cindy.pruitt@pottermason.example.com,2026-08-20 10:19:25,Outbound,,,,TX,90
SUMM-L01402,Dawson Group,Tiffany Ali,Property Manager,tiffany.ali@dawsongroup.example.com,2026-08-20 11:59:33,Outbound,,,,AZ,50
SUMM-L01403,Lopez Ltd,Matthew Smith,Property Manager,matthew.smith@lopezltd.example.com,2026-08-20 12:07:26,Outbound,,,,TX,52
SUMM-L01404,Wilcox and Sons,Jessica Castillo,Regional Facilities Lead,jessica.castillo@wilcoxandsons.example.com,2026-08-20 14:29:38,Outbound,,,,FL,63
SUMM-L01405,Park PLC,Laura Martinez,Operations Director,laura.martinez@parkplc.example.com,2026-08-20 15:31:10,Outbound,,,,AZ,
SUMM-L01406,Lopez-Swanson,Richard Frank,,richard.frank@lopezswanson.example.com,2026-08-20 20:20:28,Outbound,,,,NC,90
SUMM-L01407,Ruiz-Levine,James Morris,Owner,james.morris@ruizlevine.example.com,2026-08-20 20:26:34,Call Tracking,callrail,phone,local_services,TX,97
SUMM-L01408,Abbott Miller and Calderon,John Young,Property Manager,john.young@abbottmillerandcalderon.example.com,2026-08-20 20:38:28,Outbound,,,,CA,90
SUMM-L01409,Fitzpatrick Ltd,Andrea Mullins,Maintenance Supervisor,andrea.mullins@fitzpatrickltd.example.com,2026-08-20 22:51:04,Referral,,,,TX,73
SUMM-L01410,Bray Inc,Marie Wolf,Operations Director,marie.wolf@brayinc.example.com,2026-08-21 02:15:47,Call Tracking,callrail,phone,local_services,NC,70
SUMM-L01411,Sutton and Sons,Paul Banks,,paul.banks@suttonandsons.example.com,2026-08-21 05:43:29,Call Tracking,callrail,phone,gbp_listing,,56
SUMM-L01412,Shaffer Ltd,Lawrence Brooks,,lawrence.brooks@shafferltd.example.com,2026-08-21 06:15:29,Outbound,,,,TX,90
SUMM-L01413,Vaughn Inc,Misty Brown,Store Manager,misty.brown@vaughninc.example.com,2026-08-21 06:22:49,Referral,,,,TX,100
SUMM-L01414,Joyce Howell and Cox,Michael Ramirez,Facilities Manager,michael.ramirez@joycehowellandcox.example.com,2026-08-21 06:35:31,Outbound,,,,CA,63
SUMM-L01415,Campos Padilla and Owens,Daniel Luna,Property Manager,daniel.luna@campospadillaandowens.example.com,2026-08-21 08:03:54,Google Ads,google,cpc,hvac_q3_search_install,CA,67
SUMM-L01416,Peterson Inc,Linda Fritz,Operations Director,linda.fritz@petersoninc.example.com,2026-08-21 08:58:26,Outbound,,,,GA,90
SUMM-L01417,Carson Henderson and Holland,Stephanie Brown,Store Manager,stephanie.brown@carsonhendersonandhollan.example.com,2026-08-21 09:53:23,Outbound,,,,AZ,63
SUMM-L01418,Harris LLC,Jamie Conrad,Store Manager,jamie.conrad@harrisllc.example.com,2026-08-21 09:58:26,Google Ads,google,cpc,hvac_q3_search_install,GA,94
SUMM-L01419,Coleman PLC,Brandon Owens,,brandon.owens@colemanplc.example.com,2026-08-21 10:14:30,Call Tracking,callrail,phone,local_services,AZ,97
SUMM-L01420,Martinez and Sons,Heather Brown,Store Manager,heather.brown@martinezandsons.example.com,2026-08-21 10:52:22,Outbound,,,,TX,63
SUMM-L01421,Brooks Group,Angel Clark,Facilities Manager,angel.clark@brooksgroup.example.com,2026-08-21 14:54:40,Call Tracking,callrail,phone,local_services,NC,97
SUMM-L01422,Summers Dougherty and Johnson,Gabriela Baker,Store Manager,gabriela.baker@summersdoughertyandjohns.example.com,2026-08-21 15:03:03,Call Tracking,callrail,phone,local_services,AZ,70
SUMM-L01423,Nelson-Hammond,Gregory Frey,Store Manager,gregory.frey@nelsonhammond.example.com,2026-08-22 02:10:31,Call Tracking,callrail,phone,local_services,TX,
SUMM-L01424,Terry Sanchez and Dunlap,Jennifer Hicks,Property Manager,jennifer.hicks@terrysanchezanddunlap.example.com,2026-08-22 02:44:27,Call Tracking,callrail,phone,gbp_listing,FL,70
SUMM-L01425,Young PLC,Jason White,Owner,jason.white@youngplc.example.com,2026-08-22 08:15:00,Outbound,,,,TX,84
SUMM-L01426,Brown Holland and Stuart,Brittney Gonzalez,,brittney.gonzalez@brownhollandandstuart.example.com,2026-08-22 11:51:05,Referral,,,,TX,73
SUMM-L01427,Davis Ltd,Amber Rice,Owner,amber.rice@davisltd.example.com,2026-08-22 15:19:40,Outbound,,,,,45
SUMM-L01428,Morgan-Kelly,Timothy Warren,Regional Facilities Lead,timothy.warren@morgankelly.example.com,2026-08-22 15:19:53,Call Tracking,callrail,phone,local_services,NC,86
SUMM-L01429,Lee-Sullivan,Brandon Flores,Maintenance Supervisor,brandon.flores@leesullivan.example.com,2026-08-22 18:05:55,Outbound,,,,TX,90
SUMM-L01430,Gutierrez-White,Nicole Myers,Operations Director,nicole.myers@gutierrezwhite.example.com,2026-08-22 18:16:49,Referral,,,,NC,100
SUMM-L01431,Welch-Morgan,Brian Solis,Store Manager,brian.solis@welchmorgan.example.com,2026-08-22 22:07:07,Outbound,,,,FL,63
SUMM-L01432,White-Bennett,Crystal Prince,Owner,crystal.prince@whitebennett.example.com,2026-08-22 22:38:31,Outbound,,,,TX,63
SUMM-L01433,Williams Stone and Thompson,Kevin Hall,Property Manager,kevin.hall@williamsstoneandthompson.example.com,2026-08-23 04:44:07,Outbound,,,,AZ,90
SUMM-L01434,Hall LLC,Kristin Mason,Building Engineer,kristin.mason@hallllc.example.com,2026-08-23 07:38:22,Google Ads,google,cpc,hvac_q3_search_install,TX,84
SUMM-L01435,Diaz Mejia and Randall,David Mason,Operations Director,david.mason@diazmejiaandrandall.example.com,2026-08-23 11:56:26,Outbound,,,,NC,63
SUMM-L01436,Harvey PLC,Blake Washington,Facilities Manager,blake.washington@harveyplc.example.com,2026-08-23 19:59:30,Outbound,,,,GA,63
SUMM-L01437,Rogers and Sons,Troy Cook,Facilities Manager,troy.cook@rogersandsons.example.com,2026-08-23 23:17:26,Outbound,,,,AZ,90
SUMM-L01438,Hampton-Hogan,Michael Lewis,Maintenance Supervisor,michael.lewis@hamptonhogan.example.com,2026-08-23 23:30:52,Meta Ads,facebook,paid_social,hvac_q3_maintenance_plan,TX,58
SUMM-L01439,Olson-Hernandez,Tracy Ortega,Building Engineer,tracy.ortega@olsonhernandez.example.com,2026-08-24 03:12:18,Call Tracking,callrail,phone,gbp_listing,FL,97
SUMM-L01440,Coleman Ltd,Ebony Chase,Owner,ebony.chase@colemanltd.example.com,2026-08-24 05:08:15,Meta Ads,facebook,paid_social,hvac_q3_maintenance_plan,FL,61
SUMM-L01441,Jenkins Lewis and Barton,Nicholas Richardson,Regional Facilities Lead,nicholas.richardson@jenkinslewisandbarton.example.com,2026-08-24 06:07:45,Outbound,,,,FL,63
SUMM-L01442,Gonzales-Lynch,Larry Franklin,Building Engineer,larry.franklin@gonzaleslynch.example.com,2026-08-24 08:03:18,Outbound,,,,TX,63
SUMM-L01443,Foley Group,Amanda Pope,Regional Facilities Lead,amanda.pope@foleygroup.example.com,2026-08-24 08:09:53,Call Tracking,callrail,phone,gbp_listing,TX,85
SUMM-L01444,Martinez LLC,Melissa Johnson,Building Engineer,melissa.johnson@martinezllc.example.com,2026-08-24 12:02:15,Outbound,,,,AZ,33
SUMM-L01445,Hall PLC,Kenneth Nelson,,kenneth.nelson@hallplc.example.com,2026-08-24 12:16:29,Outbound,,,,GA,90
SUMM-L01446,Stevens-Miller,Michael Galvan,Operations Director,michael.galvan@stevensmiller.example.com,2026-08-24 13:12:39,Outbound,,,,AZ,56
SUMM-L01447,King Group,Matthew Odonnell,Operations Director,matthew.odonnell@kinggroup.example.com,2026-08-24 13:37:52,Call Tracking,callrail,phone,gbp_listing,FL,97
SUMM-L01448,Li Inc,Rachael Davis,,rachael.davis@liinc.example.com,2026-08-24 18:26:35,Call Tracking,callrail,phone,local_services,NC,70
SUMM-L01449,Johnson-Cuevas,Vincent Maxwell,,vincent.maxwell@johnsoncuevas.example.com,2026-08-24 21:06:01,Outbound,,,,AZ,63
SUMM-L01450,Crawford Roberts and Henry,Roy Owen,,roy.owen@crawfordrobertsandhenry.example.com,2026-08-24 22:19:29,Outbound,,,,TX,90
SUMM-L01451,Fleming Marsh and Lee,James Cameron,Owner,james.cameron@flemingmarshandlee.example.com,2026-08-25 00:43:28,Outbound,,,,FL,79
SUMM-L01452,Buchanan Christensen and Lopez,Ashley Brown,Store Manager,ashley.brown@buchananchristensenandlo.example.com,2026-08-25 01:06:12,Outbound,,,,,63
SUMM-L01453,Webb Inc,Calvin Bailey,Building Engineer,calvin.bailey@webbinc.example.com,2026-08-25 08:30:31,Call Tracking,callrail,phone,gbp_listing,TX,70
SUMM-L01454,Roach Ltd,Courtney Ramirez,,courtney.ramirez@roachltd.example.com,2026-08-25 09:14:58,Outbound,,,,GA,90
SUMM-L01455,James Tran and Nichols,Erik Hill,Maintenance Supervisor,erik.hill@jamestranandnichols.example.com,2026-08-25 11:17:30,Meta Ads,facebook,paid_social,,TX,85
SUMM-L01456,Peck Farrell and Wood,Richard Ortiz,Operations Director,richard.ortiz@peckfarrellandwood.example.com,2026-08-25 13:44:01,Outbound,,,,TX,63
SUMM-L01457,Gilbert-Cox,Michael Ross,Regional Facilities Lead,michael.ross@gilbertcox.example.com,2026-08-25 14:36:07,Meta Ads,facebook,paid_social,,TX,70
SUMM-L01458,Aguilar-Jenkins,Desiree Taylor,Operations Director,desiree.taylor@aguilarjenkins.example.com,2026-08-25 15:37:27,Referral,,,,FL,
SUMM-L01459,Parker-Downs,Ricky Miller,Operations Director,ricky.miller@parkerdowns.example.com,2026-08-25 19:44:19,Call Tracking,callrail,phone,local_services,TX,55
SUMM-L01460,Nelson Conway and Torres,Kyle Hart,Regional Facilities Lead,kyle.hart@nelsonconwayandtorres.example.com,2026-08-25 21:46:22,Outbound,,,,TX,90
SUMM-L01461,Decker Inc,Michelle Mccormick,,michelle.mccormick@deckerinc.example.com,2026-08-26 00:01:38,Outbound,,,,TX,63
SUMM-L01462,Bell Lowery and Castro,Tyler Hodges,Regional Facilities Lead,tyler.hodges@bellloweryandcastro.example.com,2026-08-26 01:52:12,Referral,,,,Unassigned,50
SUMM-L01463,Martin Butler and Patel,Brandon Hart,Store Manager,brandon.hart@martinbutlerandpatel.example.com,2026-08-26 06:17:31,Meta Ads,facebook,paid_social,hvac_q3_maintenance_plan,,88
SUMM-L01464,Mckee and Sons,Andrea Sanchez,Operations Director,andrea.sanchez@mckeeandsons.example.com,2026-08-26 12:04:59,Outbound,,,,TX,90
SUMM-L01465,Kidd Ltd,Michael Le,Store Manager,michael.le@kiddltd.example.com,2026-08-26 13:37:22,Outbound,,,,TX,63
SUMM-L01466,Vazquez and Sons,Joseph Haney,Maintenance Supervisor,joseph.haney@vazquezandsons.example.com,2026-08-26 13:53:38,Call Tracking,callrail,phone,local_services,CA,97
SUMM-L01467,Bradley Lopez and Green,Megan Nguyen,Store Manager,megan.nguyen@bradleylopezandgreen.example.com,2026-08-26 16:28:52,Outbound,,,,AZ,90
SUMM-L01468,Sanchez-Andrews,Aaron Brown,Owner,aaron.brown@sanchezandrews.example.com,2026-08-26 16:31:00,Meta Ads,facebook,paid_social,hvac_q3_maintenance_plan,AZ,61
SUMM-L01469,Cruz Ltd,Joseph James,Operations Director,joseph.james@cruzltd.example.com,2026-08-26 17:04:18,Outbound,,,,Unassigned,70
SUMM-L01470,Stewart-Holt,Michael Perez,Regional Facilities Lead,michael.perez@stewartholt.example.com,2026-08-26 18:01:10,Outbound,,,,FL,87
SUMM-L01471,Robertson-Lin,Amanda Ryan,,amanda.ryan@robertsonlin.example.com,2026-08-26 23:07:16,Google Ads,google,cpc,hvac_q3_search_install,AZ,
SUMM-L01472,Lee Brown and Gardner,Jessica Kaiser,Store Manager,jessica.kaiser@leebrownandgardner.example.com,2026-08-27 01:35:44,Outbound,,,,FL,
SUMM-L01473,Dennis Stevens and Lawson,Jonathan Gould,Operations Director,jonathan.gould@dennisstevensandlawson.example.com,2026-08-27 01:50:10,Google Ads,google,cpc,hvac_q3_search_ac_repair,CA,64
SUMM-L01474,Copeland Avila and Morales,Amber Morris,Operations Director,amber.morris@copelandavilaandmorales.example.com,2026-08-27 04:23:58,Outbound,,,,GA,54
SUMM-L01475,Collins-Cooper,Elizabeth Smith,Store Manager,elizabeth.smith@collinscooper.example.com,2026-08-27 16:09:15,Call Tracking,callrail,phone,gbp_listing,NC,70
SUMM-L01476,Grant-Douglas,Jennifer Myers,Building Engineer,jennifer.myers@grantdouglas.example.com,2026-08-27 16:59:31,Referral,,,,TX,74
SUMM-L01477,Lopez PLC,Patricia Rodriguez,Operations Director,patricia.rodriguez@lopezplc.example.com,2026-08-27 18:31:42,Outbound,,,,TX,90
SUMM-L01478,Oliver Hoover and Gonzalez,Jacob Robinson,Property Manager,jacob.robinson@oliverhooverandgonzalez.example.com,2026-08-27 19:13:46,Outbound,,,,TX,90
SUMM-L01479,Mosley-Young,Catherine Williams,Facilities Manager,catherine.williams@mosleyyoung.example.com,2026-08-27 19:24:43,Call Tracking,callrail,phone,gbp_listing,FL,70
SUMM-L01480,Fernandez-Liu,Larry Robinson,Property Manager,larry.robinson@fernandezliu.example.com,2026-08-27 22:30:38,Outbound,,,,,63
SUMM-L01481,Dennis Lin and Harris,James Hanna,Operations Director,james.hanna@dennislinandharris.example.com,2026-08-27 22:58:01,Referral,,,,TX,100
SUMM-L01482,Taylor-Stone,Tiffany Fox,Store Manager,tiffany.fox@taylorstone.example.com,2026-08-28 00:19:56,Google Ads,google,cpc,hvac_q3_search_ac_repair,FL,67
SUMM-L01483,Tanner LLC,John Jenkins,,john.jenkins@tannerllc.example.com,2026-08-28 03:41:35,Call Tracking,callrail,phone,local_services,,97
SUMM-L01484,Landry and Sons,Willie Hoffman,,willie.hoffman@landryandsons.example.com,2026-08-28 04:32:18,Referral,,,,CA,
SUMM-L01485,Randall-Johnson,Juan Larsen,Property Manager,juan.larsen@randalljohnson.example.com,2026-08-28 06:12:57,Outbound,,,,CA,
SUMM-L01486,Morse Lopez and Serrano,Joseph Leon,Owner,joseph.leon@morselopezandserrano.example.com,2026-08-28 09:31:59,Referral,,,,CA,100
SUMM-L01487,Jones Gutierrez and Simmons,John Anderson,Building Engineer,john.anderson@jonesgutierrezandsimmons.example.com,2026-08-28 11:39:15,Outbound,,,,FL,90
SUMM-L01488,Wilson-Hamilton,Jasmin Price,Building Engineer,jasmin.price@wilsonhamilton.example.com,2026-08-28 15:58:49,Outbound,,,,Unassigned,43
SUMM-L01489,Coffey-Green,Douglas Barnes,Maintenance Supervisor,douglas.barnes@coffeygreen.example.com,2026-08-28 16:38:11,Outbound,,,,FL,90
SUMM-L01490,Calderon-Kelly,Patrick Travis,Maintenance Supervisor,patrick.travis@calderonkelly.example.com,2026-08-28 16:42:35,Outbound,,,,TX,63
SUMM-L01491,Morgan-Burke,Paul Cruz,Store Manager,paul.cruz@morganburke.example.com,2026-08-28 17:10:00,Meta Ads,facebook,paid_social,hvac_q3_maintenance_plan,TX,88
SUMM-L01492,Evans-Johnson,Theresa Beltran,Regional Facilities Lead,theresa.beltran@evansjohnson.example.com,2026-08-28 17:41:11,Call Tracking,callrail,phone,local_services,NC,61
SUMM-L01493,Campbell-Scott,Tracey Johnson,,tracey.johnson@campbellscott.example.com,2026-08-28 17:43:08,Call Tracking,callrail,phone,local_services,GA,70
SUMM-L01494,Ortega Ltd,Christopher Watson,,christopher.watson@ortegaltd.example.com,2026-08-28 19:01:05,Referral,,,,,93
SUMM-L01495,Warren and Sons,Timothy Elliott,Operations Director,timothy.elliott@warrenandsons.example.com,2026-08-28 20:09:48,Outbound,,,,TX,80
SUMM-L01496,Jackson Inc,Maureen Thomas,Owner,maureen.thomas@jacksoninc.example.com,2026-08-29 05:19:26,Google Ads,google,cpc,hvac_q3_search_ac_repair,FL,67
SUMM-L01497,Mcintosh-Nolan,Lance Stewart,,lance.stewart@mcintoshnolan.example.com,2026-08-29 07:38:27,Google Ads,google,cpc,hvac_q3_search_install,CA,94
SUMM-L01498,Mcmillan LLC,Christopher Mayer,Regional Facilities Lead,christopher.mayer@mcmillanllc.example.com,2026-08-29 11:31:53,Outbound,,,,TX,90
SUMM-L01499,Summers Moreno and Ingram,Thomas Williams,Building Engineer,thomas.williams@summersmorenoandingram.example.com,2026-08-29 15:00:31,Outbound,,,,,63
SUMM-L01500,Kane Jones and Mills,Allen Wolfe,Property Manager,allen.wolfe@kanejonesandmills.example.com,2026-08-29 17:09:27,Referral,,,,TX,100
SUMM-L01501,Williams Zamora and Hawkins,Sabrina Myers,Operations Director,sabrina.myers@williamszamoraandhawkins.example.com,2026-08-29 19:44:38,Call Tracking,callrail,phone,gbp_listing,AZ,97
SUMM-L01502,Meyer Group,Ashley Wade,Facilities Manager,ashley.wade@meyergroup.example.com,2026-08-29 21:03:59,Outbound,,,,,62
SUMM-L01503,Holt Bailey and Ryan,Randy Hernandez,,randy.hernandez@holtbaileyandryan.example.com,2026-08-30 03:24:51,Referral,,,,FL,100
SUMM-L01504,Alexander Guzman and Morgan,Lauren Payne,Regional Facilities Lead,lauren.payne@alexanderguzmanandmorgan.example.com,2026-08-30 09:02:17,Call Tracking,callrail,phone,gbp_listing,AZ,40
SUMM-L01505,Walton Group,Danielle Roberts,,danielle.roberts@waltongroup.example.com,2026-08-30 09:27:16,Outbound,,,,NC,60
SUMM-L01506,Foster Douglas and Harris,Tara Sanders,Facilities Manager,tara.sanders@fosterdouglasandharris.example.com,2026-08-30 10:53:23,Outbound,,,,TX,52
SUMM-L01507,Bell-Wilson,Andrea Kirk,Regional Facilities Lead,andrea.kirk@bellwilson.example.com,2026-08-30 11:30:43,Call Tracking,callrail,phone,local_services,AZ,97
SUMM-L01508,Cooper-Cooke,Joanna Johnson,Building Engineer,joanna.johnson@coopercooke.example.com,2026-08-30 15:14:22,Call Tracking,callrail,phone,local_services,NC,70
SUMM-L01509,Anderson Ltd,Angela Hall,,angela.hall@andersonltd.example.com,2026-08-30 19:17:07,Call Tracking,callrail,phone,gbp_listing,TX,
SUMM-L01510,Ramos-Tapia,Louis Black,,louis.black@ramostapia.example.com,2026-08-30 23:41:47,Outbound,,,,CA,90
SUMM-L01511,Carrillo Ramsey and Hunter,Jennifer Cook,Facilities Manager,jennifer.cook@carrilloramseyandhunter.example.com,2026-08-30 23:57:57,Outbound,,,,CA,90
SUMM-L01512,Schwartz-Martin,Jane Krause,Building Engineer,jane.krause@schwartzmartin.example.com,2026-08-31 00:40:29,Google Ads,google,cpc,hvac_q3_search_ac_repair,GA,67
SUMM-L01513,Patel Nelson and Dean,Christine Hansen,Maintenance Supervisor,christine.hansen@patelnelsonanddean.example.com,2026-08-31 06:25:56,Call Tracking,callrail,phone,local_services,AZ,68
SUMM-L01514,Heath Graham and Miller,Lisa Murphy,,lisa.murphy@heathgrahamandmiller.example.com,2026-08-31 07:22:29,Outbound,,,,AZ,90
SUMM-L01515,Hinton-Robinson,Paul Ward,,paul.ward@hintonrobinson.example.com,2026-08-31 09:53:35,Outbound,,,,TX,90
SUMM-L01516,Hill-Cook,Linda Moody,Operations Director,linda.moody@hillcook.example.com,2026-08-31 10:44:37,Google Ads,google,cpc,hvac_q3_search_install,GA,67
SUMM-L01517,Levine Ltd,Natasha Jones,Store Manager,natasha.jones@levineltd.example.com,2026-08-31 12:09:24,Outbound,,,,,90
SUMM-L01518,Jones Hayes and Montoya,Emily Williams,Regional Facilities Lead,emily.williams@joneshayesandmontoya.example.com,2026-08-31 12:58:54,Google Ads,google,cpc,hvac_q3_search_install,TX,94
SUMM-L01519,Miller and Sons,Daniel Torres,Maintenance Supervisor,daniel.torres@millerandsons.example.com,2026-08-31 13:38:51,Outbound,,,,NC,63
SUMM-L01520,Simmons and Sons,Anthony Lopez,Operations Director,anthony.lopez@simmonsandsons.example.com,2026-08-31 16:30:17,Meta Ads,facebook,paid_social,hvac_q3_maintenance_plan,TX,88
SUMM-L01521,Adams Meadows and Coleman,John Martinez,Operations Director,john.martinez@adamsmeadowsandcoleman.example.com,2026-08-31 22:30:00,Meta Ads,facebook,paid_social,hvac_q3_maintenance_plan,TX,88
SUMM-L01522,Forbes-Day,Kenneth Reynolds,Facilities Manager,kenneth.reynolds@forbesday.example.com,2026-09-01 04:14:33,Outbound,,,,FL,63
SUMM-L01523,Young West and Peters,Arthur Mills,Regional Facilities Lead,arthur.mills@youngwestandpeters.example.com,2026-09-01 08:12:19,Referral,,,,GA,53
SUMM-L01524,Ford-Terrell,Kylie Potter,,kylie.potter@fordterrell.example.com,2026-09-01 09:12:13,Outbound,,,,TX,63
SUMM-L01525,Sanchez-Howard,Michelle Jensen,Property Manager,michelle.jensen@sanchezhoward.example.com,2026-09-01 16:02:54,Google Ads,google,cpc,hvac_q3_search_install,FL,94
SUMM-L01526,Jenkins Riggs and Medina,Amanda Jensen,Maintenance Supervisor,amanda.jensen@jenkinsriggsandmedina.example.com,2026-09-01 16:49:46,Meta Ads,facebook,paid_social,hvac_q3_maintenance_plan,TX,
SUMM-L01527,Manning Ltd,Daniel Simmons,Property Manager,daniel.simmons@manningltd.example.com,2026-09-01 20:43:01,Outbound,,,,AZ,63
SUMM-L01528,Bryant-Duke,Jessica Davis,,jessica.davis@bryantduke.example.com,2026-09-02 04:10:45,Meta Ads,facebook,paid_social,,,57
SUMM-L01529,Hill and Sons,Jennifer Williams,Owner,jennifer.williams@hillandsons.example.com,2026-09-02 10:35:45,Outbound,,,,AZ,90
SUMM-L01530,Collins-Brown,Andre Fuller,Maintenance Supervisor,andre.fuller@collinsbrown.example.com,2026-09-02 10:43:03,Google Ads,google,cpc,hvac_q3_search_ac_repair,Unassigned,74
SUMM-L01531,Alexander Group,Elizabeth Manning,Building Engineer,elizabeth.manning@alexandergroup.example.com,2026-09-02 11:36:19,Outbound,,,,CA,63
SUMM-L01532,Sanchez-Spencer,Kimberly Trevino,Facilities Manager,kimberly.trevino@sanchezspencer.example.com,2026-09-02 11:49:24,Call Tracking,callrail,phone,local_services,FL,70
SUMM-L01533,Glover Mccoy and Hines,Russell Bowman,Operations Director,russell.bowman@glovermccoyandhines.example.com,2026-09-02 15:24:09,Call Tracking,callrail,phone,gbp_listing,FL,97
SUMM-L01534,Diaz Inc,Fernando Porter,Facilities Manager,fernando.porter@diazinc.example.com,2026-09-02 16:59:24,Outbound,,,,TX,53
SUMM-L01535,Collins-Jones,Sara Evans,Operations Director,sara.evans@collinsjones.example.com,2026-09-02 19:12:02,Outbound,,,,TX,63
SUMM-L01536,Mills-Murray,James Leblanc,Maintenance Supervisor,james.leblanc@millsmurray.example.com,2026-09-03 03:32:03,Outbound,,,,FL,79
SUMM-L01537,Gates-King,Alexandria Cooper,Owner,alexandria.cooper@gatesking.example.com,2026-09-03 06:52:47,Google Ads,google,cpc,hvac_q3_search_ac_repair,GA,73
SUMM-L01538,Holmes Williamson and Blair,Anthony Fields,Regional Facilities Lead,anthony.fields@holmeswilliamsonandblair.example.com,2026-09-03 08:54:26,Google Ads,google,cpc,hvac_q3_search_ac_repair,,94
SUMM-L01539,Lewis Group,Amber Richards,,amber.richards@lewisgroup.example.com,2026-09-03 11:03:02,Call Tracking,callrail,phone,local_services,TX,70
SUMM-L01540,Glover-Mccoy,John Douglas,Property Manager,john.douglas@glovermccoy.example.com,2026-09-03 16:50:55,Call Tracking,callrail,phone,gbp_listing,NC,70
SUMM-L01541,Peterson LLC,Sara Robinson,Facilities Manager,sara.robinson@petersonllc.example.com,2026-09-03 20:29:06,Call Tracking,callrail,phone,gbp_listing,TX,97
SUMM-L01542,Hunt-Davis,Nicole Garcia,Operations Director,nicole.garcia@huntdavis.example.com,2026-09-03 21:26:24,Call Tracking,callrail,phone,gbp_listing,,97
SUMM-L01543,Black Little and Kelly,Amanda Rodriguez,Store Manager,amanda.rodriguez@blacklittleandkelly.example.com,2026-09-04 02:09:58,Outbound,,,,FL,63
SUMM-L01544,Garcia Smith and Stafford,Diane Taylor,Operations Director,diane.taylor@garciasmithandstafford.example.com,2026-09-04 03:21:12,Meta Ads,facebook,paid_social,hvac_q3_maintenance_plan,GA,58
SUMM-L01545,Clark Romero and Adams,Regina Solis,Building Engineer,regina.solis@clarkromeroandadams.example.com,2026-09-04 09:53:19,Meta Ads,facebook,paid_social,hvac_q3_maintenance_plan,AZ,88
SUMM-L01546,Murillo Ballard and Holmes,Dennis Olson,Property Manager,dennis.olson@murilloballardandholmes.example.com,2026-09-04 10:32:05,Referral,,,,AZ,55
SUMM-L01547,Velazquez Smith and Chan,Jennifer Wolfe,Owner,jennifer.wolfe@velazquezsmithandchan.example.com,2026-09-04 13:28:50,Outbound,,,,FL,
SUMM-L01548,Boone and Sons,Phillip Hernandez,Operations Director,phillip.hernandez@booneandsons.example.com,2026-09-04 15:09:38,Meta Ads,facebook,paid_social,hvac_q3_maintenance_plan,NC,59
SUMM-L01549,Ashley-Johnson,Sara Ortiz,Property Manager,sara.ortiz@ashleyjohnson.example.com,2026-09-04 16:35:00,Call Tracking,callrail,phone,gbp_listing,TX,70
SUMM-L01550,Harvey and Sons,John Walker,Maintenance Supervisor,john.walker@harveyandsons.example.com,2026-09-04 19:09:48,Meta Ads,facebook,paid_social,hvac_q3_maintenance_plan,TX,
SUMM-L01551,Velasquez Group,Edward Flores,Property Manager,edward.flores@velasquezgroup.example.com,2026-09-05 02:14:06,Call Tracking,callrail,phone,gbp_listing,,67
SUMM-L01552,Suarez Myers and Anderson,Kristina White,Regional Facilities Lead,kristina.white@suarezmyersandanderson.example.com,2026-09-05 04:15:12,Outbound,,,,TX,62
SUMM-L01553,Brown Washington and Butler,Jessica Tanner,,jessica.tanner@brownwashingtonandbutler.example.com,2026-09-05 07:35:05,Outbound,,,,FL,63
SUMM-L01554,Clark Group,Amy King,,amy.king@clarkgroup.example.com,2026-09-05 09:19:25,Referral,,,,GA,73
SUMM-L01555,Freeman-Martinez,Tony Henderson,Regional Facilities Lead,tony.henderson@freemanmartinez.example.com,2026-09-05 10:05:37,Call Tracking,callrail,phone,gbp_listing,FL,70
SUMM-L01556,Rodriguez-Carey,Laura Reed,Operations Director,laura.reed@rodriguezcarey.example.com,2026-09-05 16:06:57,Outbound,,,,TX,63
SUMM-L01557,Garcia Brown and Sharp,Krystal Walker,Property Manager,krystal.walker@garciabrownandsharp.example.com,2026-09-05 18:00:18,Outbound,,,,,63
SUMM-L01558,Ortiz and Sons,Kristi Fisher,Facilities Manager,kristi.fisher@ortizandsons.example.com,2026-09-05 20:00:35,Call Tracking,callrail,phone,gbp_listing,TX,97
SUMM-L01559,Gentry Hutchinson and Lindsey,Sandra Cooper,Operations Director,sandra.cooper@gentryhutchinsonandlinds.example.com,2026-09-06 03:32:47,Outbound,,,,AZ,63
SUMM-L01560,Cox-Adams,Joshua White,Operations Director,joshua.white@coxadams.example.com,2026-09-06 15:54:24,Outbound,,,,GA,63
SUMM-L01561,Black-Hernandez,Arthur Small,,arthur.small@blackhernandez.example.com,2026-09-06 18:29:10,Outbound,,,,TX,63
SUMM-L01562,Davis Group,Dennis Robles,Building Engineer,dennis.robles@davisgroup.example.com,2026-09-06 20:09:23,Outbound,,,,NC,90
SUMM-L01563,Cole Parker and Taylor,Kathryn Schaefer,Owner,kathryn.schaefer@coleparkerandtaylor.example.com,2026-09-07 06:40:50,Outbound,,,,TX,90
SUMM-L01564,Smith Wheeler and Howard,Megan Hines,Building Engineer,megan.hines@smithwheelerandhoward.example.com,2026-09-07 08:06:17,Outbound,,,,AZ,71
SUMM-L01565,Hatfield Chen and Mendez,Harold Coleman,,harold.coleman@hatfieldchenandmendez.example.com,2026-09-07 08:17:16,Outbound,,,,TX,54
SUMM-L01566,Carrillo-Lee,Sean Wilson,Property Manager,sean.wilson@carrillolee.example.com,2026-09-07 10:09:07,Meta Ads,facebook,paid_social,hvac_q3_maintenance_plan,Unassigned,
SUMM-L01567,Bryan-Hicks,Rebekah Mercer,Building Engineer,rebekah.mercer@bryanhicks.example.com,2026-09-07 11:47:14,Call Tracking,callrail,phone,local_services,AZ,97
SUMM-L01568,Ortiz Group,Mark Johnson,,mark.johnson@ortizgroup.example.com,2026-09-07 12:00:57,Referral,,,,FL,73
SUMM-L01569,Jones LLC,Todd Allen,Owner,todd.allen@jonesllc.example.com,2026-09-07 15:15:16,Referral,,,,GA,100
SUMM-L01570,Christian Moran and Hall,Phillip Ramsey,Maintenance Supervisor,phillip.ramsey@christianmoranandhall.example.com,2026-09-07 20:28:10,Google Ads,google,cpc,,TX,94
SUMM-L01571,Barr-Martin,Gary Maxwell,Owner,gary.maxwell@barrmartin.example.com,2026-09-07 20:49:34,Outbound,,,,CA,63
SUMM-L01572,Phillips-Thomas,Sean Williams,Regional Facilities Lead,sean.williams@phillipsthomas.example.com,2026-09-08 00:18:51,Outbound,,,,TX,90
SUMM-L01573,Smith Franco and Koch,Jesus Larsen,,jesus.larsen@smithfrancoandkoch.example.com,2026-09-08 01:51:54,Meta Ads,facebook,paid_social,hvac_q3_maintenance_plan,GA,61
SUMM-L01574,Jones Kelly and Castillo,Gilbert Ellis,,gilbert.ellis@joneskellyandcastillo.example.com,2026-09-08 06:50:27,Outbound,,,,,63
SUMM-L01575,Swanson LLC,Cassidy Smith,Building Engineer,cassidy.smith@swansonllc.example.com,2026-09-08 08:02:56,Call Tracking,callrail,phone,local_services,TX,70
SUMM-L01576,Jones-Dominguez,Jason Reyes,Store Manager,jason.reyes@jonesdominguez.example.com,2026-09-08 09:26:59,Referral,,,,FL,89
SUMM-L01577,Rhodes Group,Kathryn Watson,Store Manager,kathryn.watson@rhodesgroup.example.com,2026-09-08 10:28:16,Referral,,,,CA,73
SUMM-L01578,Shaw-Martinez,Cynthia Davis,,cynthia.davis@shawmartinez.example.com,2026-09-08 13:09:36,Google Ads,google,cpc,hvac_q3_search_ac_repair,,94
SUMM-L01579,Orr Price and Johnson,Michael Vasquez,Regional Facilities Lead,michael.vasquez@orrpriceandjohnson.example.com,2026-09-08 13:13:48,Call Tracking,callrail,phone,local_services,TX,97
SUMM-L01580,Montgomery Mathews and Estrada,Sarah Humphrey,Building Engineer,sarah.humphrey@montgomerymathewsandestr.example.com,2026-09-08 14:18:48,Call Tracking,callrail,phone,gbp_listing,GA,97
SUMM-L01581,Drake Craig and Perez,Dylan Maldonado,,dylan.maldonado@drakecraigandperez.example.com,2026-09-08 14:39:41,Outbound,,,,GA,90
SUMM-L01582,Pace-Chambers,Nicole Lawrence,Owner,nicole.lawrence@pacechambers.example.com,2026-09-08 15:09:17,Google Ads,google,cpc,hvac_q3_search_install,NC,
SUMM-L01583,Sanchez Ltd,Rita Potter,Regional Facilities Lead,rita.potter@sanchezltd.example.com,2026-09-08 18:03:01,Outbound,,,,,90
SUMM-L01584,Harrington-Reid,John Grant,,john.grant@harringtonreid.example.com,2026-09-08 22:05:30,Meta Ads,facebook,paid_social,hvac_q3_maintenance_plan,TX,54
SUMM-L01585,Orr Hughes and King,Erik Jordan,Property Manager,erik.jordan@orrhughesandking.example.com,2026-09-09 02:07:50,Outbound,,,,TX,75
SUMM-L01586,Mckinney and Sons,Courtney Roberts,Owner,courtney.roberts@mckinneyandsons.example.com,2026-09-09 03:00:29,Meta Ads,facebook,paid_social,hvac_q3_maintenance_plan,,88
SUMM-L01587,Abbott-Norman,Chelsea Dawson,Regional Facilities Lead,chelsea.dawson@abbottnorman.example.com,2026-09-09 12:31:29,Outbound,,,,CA,63
SUMM-L01588,Robinson PLC,Jonathan Stokes,Operations Director,jonathan.stokes@robinsonplc.example.com,2026-09-09 15:23:14,Call Tracking,callrail,phone,gbp_listing,GA,70
SUMM-L01589,Rogers-Howe,Bryce Mcneil,,bryce.mcneil@rogershowe.example.com,2026-09-09 16:31:39,Call Tracking,callrail,phone,local_services,GA,
SUMM-L01590,Johnson Adams and Kaufman,Samantha Allen,Property Manager,samantha.allen@johnsonadamsandkaufman.example.com,2026-09-09 18:15:08,Meta Ads,facebook,paid_social,hvac_q3_maintenance_plan,TX,61
SUMM-L01591,Bradley PLC,Christian Baker,Facilities Manager,christian.baker@bradleyplc.example.com,2026-09-09 20:55:47,Outbound,,,,GA,90
SUMM-L01592,Higgins-Malone,Jason Delgado,Operations Director,jason.delgado@higginsmalone.example.com,2026-09-09 22:03:24,Outbound,,,,CA,90
SUMM-L01593,Pham Group,Mark Beck,Operations Director,mark.beck@phamgroup.example.com,2026-09-10 08:55:51,Outbound,,,,NC,63
SUMM-L01594,Martin Simmons and Crawford,Miranda Lambert,Regional Facilities Lead,miranda.lambert@martinsimmonsandcrawford.example.com,2026-09-10 08:58:04,Outbound,,,,CA,63
SUMM-L01595,Krause-Brooks,Luis Armstrong,Facilities Manager,luis.armstrong@krausebrooks.example.com,2026-09-10 09:50:05,Outbound,,,,FL,90
SUMM-L01596,Page LLC,Samantha Shelton,Maintenance Supervisor,samantha.shelton@pagellc.example.com,2026-09-10 10:11:33,Referral,,,,GA,100
SUMM-L01597,Becker LLC,Ryan Lara,,ryan.lara@beckerllc.example.com,2026-09-10 12:51:30,Outbound,,,,GA,61
SUMM-L01598,Hernandez Rodriguez and Mendez,Frank Foley,,frank.foley@hernandezrodriguezandmen.example.com,2026-09-10 12:54:11,Google Ads,google,cpc,hvac_q3_search_ac_repair,GA,
SUMM-L01599,Torres PLC,Edward Kelly,Regional Facilities Lead,edward.kelly@torresplc.example.com,2026-09-10 13:13:54,Referral,,,,GA,73
SUMM-L01600,Scott Barnes and Perez,Joseph Bryant,Facilities Manager,joseph.bryant@scottbarnesandperez.example.com,2026-09-10 13:39:27,Google Ads,google,cpc,hvac_q3_search_ac_repair,FL,94
SUMM-L01601,Baker Clark and Campbell,Jennifer Martinez,Facilities Manager,jennifer.martinez@bakerclarkandcampbell.example.com,2026-09-10 13:53:59,Call Tracking,callrail,phone,gbp_listing,TX,
SUMM-L01602,Craig LLC,Larry Smith,Maintenance Supervisor,larry.smith@craigllc.example.com,2026-09-10 15:11:58,Google Ads,google,cpc,hvac_q3_search_ac_repair,CA,72
SUMM-L01603,Brown Group,John James,Owner,john.james@browngroup.example.com,2026-09-10 15:13:56,Outbound,,,,CA,63
SUMM-L01604,Glover Mercer and Macias,Mark White,Property Manager,mark.white@glovermercerandmacias.example.com,2026-09-10 16:35:34,Meta Ads,facebook,paid_social,hvac_q3_maintenance_plan,TX,62
SUMM-L01605,Buck-Lane,Kelli Foster,Regional Facilities Lead,kelli.foster@bucklane.example.com,2026-09-11 03:55:51,Meta Ads,facebook,paid_social,hvac_q3_maintenance_plan,GA,88
SUMM-L01606,Coleman Group,Carmen Nelson,Operations Director,carmen.nelson@colemangroup.example.com,2026-09-11 05:46:11,Call Tracking,callrail,phone,local_services,TX,47
SUMM-L01607,Perez LLC,Victoria Carpenter,Owner,victoria.carpenter@perezllc.example.com,2026-09-11 10:48:17,Outbound,,,,NC,63
SUMM-L01608,Morales-Jordan,Catherine Garcia,Property Manager,catherine.garcia@moralesjordan.example.com,2026-09-11 15:50:36,Call Tracking,callrail,phone,gbp_listing,AZ,97
SUMM-L01609,Morgan-Morrison,Patricia Miller,Facilities Manager,patricia.miller@morganmorrison.example.com,2026-09-11 16:35:08,Outbound,,,,,90
SUMM-L01610,Stephens Wiggins and Guerrero,Mary Wilson,Regional Facilities Lead,mary.wilson@stephenswigginsandguerre.example.com,2026-09-11 16:40:40,Meta Ads,facebook,paid_social,hvac_q3_maintenance_plan,GA,88
SUMM-L01611,Petty Henderson and Johns,Patrick Cooper,Facilities Manager,patrick.cooper@pettyhendersonandjohns.example.com,2026-09-11 19:17:18,Google Ads,google,cpc,,TX,94
SUMM-L01612,Elliott PLC,Mark Kelley,Property Manager,mark.kelley@elliottplc.example.com,2026-09-11 19:55:54,Outbound,,,,NC,
SUMM-L01613,Simon Nichols and Thomas,Sheila Ramirez,,sheila.ramirez@simonnicholsandthomas.example.com,2026-09-11 21:33:55,Outbound,,,,AZ,71
SUMM-L01614,Monroe PLC,Kathleen Salazar,Owner,kathleen.salazar@monroeplc.example.com,2026-09-11 21:39:44,Google Ads,google,cpc,hvac_q3_search_ac_repair,GA,94
SUMM-L01615,Herman Hudson and Cohen,Megan Rodriguez,Owner,megan.rodriguez@hermanhudsonandcohen.example.com,2026-09-12 01:47:30,Referral,,,,TX,73
SUMM-L01616,Burton-Campbell,Anthony Perez,Building Engineer,anthony.perez@burtoncampbell.example.com,2026-09-12 07:37:03,Google Ads,google,cpc,hvac_q3_search_ac_repair,NC,67
SUMM-L01617,Hayes Group,Michael Manning,Property Manager,michael.manning@hayesgroup.example.com,2026-09-12 14:07:59,Outbound,,,,TX,90
SUMM-L01618,Guerra Mcintosh and Rangel,Anthony Trujillo,,anthony.trujillo@guerramcintoshandrangel.example.com,2026-09-12 14:19:50,Outbound,,,,TX,63
SUMM-L01619,Villarreal Joseph and Wilson,Donald Williams,Owner,donald.williams@villarrealjosephandwilso.example.com,2026-09-13 02:25:15,Outbound,,,,AZ,90
SUMM-L01620,Hammond Wilson and Copeland,Chad Roberts,Facilities Manager,chad.roberts@hammondwilsonandcopeland.example.com,2026-09-13 02:59:21,Call Tracking,callrail,phone,local_services,,97
SUMM-L01621,Francis and Sons,William Anderson,,william.anderson@francisandsons.example.com,2026-09-13 06:12:17,Outbound,,,,NC,33
SUMM-L01622,Lewis-Nguyen,Stephen Moreno,Store Manager,stephen.moreno@lewisnguyen.example.com,2026-09-13 08:44:07,Google Ads,google,cpc,,NC,94
SUMM-L01623,Simpson and Sons,Jacqueline Glenn,Property Manager,jacqueline.glenn@simpsonandsons.example.com,2026-09-13 11:09:05,Referral,,,,TX,73
SUMM-L01624,Miller Lang and Obrien,Janet Smith,Facilities Manager,janet.smith@millerlangandobrien.example.com,2026-09-13 11:59:35,Meta Ads,facebook,paid_social,,TX,88
SUMM-L01625,Rosales and Sons,Daniel Campos,Property Manager,daniel.campos@rosalesandsons.example.com,2026-09-13 12:24:57,Outbound,,,,FL,34
SUMM-L01626,Campbell-Moreno,Mikayla Mcgee,Operations Director,mikayla.mcgee@campbellmoreno.example.com,2026-09-13 18:10:07,Referral,,,,FL,43
SUMM-L01627,Black-Fuller,Jason Flores,Owner,jason.flores@blackfuller.example.com,2026-09-13 18:29:59,Meta Ads,facebook,paid_social,hvac_q3_maintenance_plan,NC,61
SUMM-L01628,Lopez-Garrett,James Morris,,james.morris@lopezgarrett.example.com,2026-09-13 19:09:12,Outbound,,,,,74
SUMM-L01629,Duncan Rowe and Simon,Charles Stewart,Operations Director,charles.stewart@duncanroweandsimon.example.com,2026-09-13 20:43:19,Call Tracking,callrail,phone,local_services,TX,63
SUMM-L01630,Wilkins-Harper,Mary Todd,Store Manager,mary.todd@wilkinsharper.example.com,2026-09-14 00:54:41,Outbound,,,,Unassigned,28
SUMM-L01631,Moore LLC,Abigail Gallagher,Operations Director,abigail.gallagher@moorellc.example.com,2026-09-14 05:53:38,Outbound,,,,GA,59
SUMM-L01632,Thomas Ltd,Dawn Wise,Store Manager,dawn.wise@thomasltd.example.com,2026-09-14 09:07:40,Outbound,,,,TX,38
SUMM-L01633,Morris PLC,Randall Johnston,Store Manager,randall.johnston@morrisplc.example.com,2026-09-14 11:25:48,Outbound,,,,FL,
SUMM-L01634,Newton-Hood,William Graham,Property Manager,william.graham@newtonhood.example.com,2026-09-14 16:07:51,Call Tracking,callrail,phone,gbp_listing,TX,70
SUMM-L01635,Knox and Sons,Kayla Lopez,Building Engineer,kayla.lopez@knoxandsons.example.com,2026-09-14 16:34:09,Outbound,,,,GA,63
SUMM-L01636,Nicholson Craig and Nunez,Katherine Perez,Operations Director,katherine.perez@nicholsoncraigandnunez.example.com,2026-09-14 17:51:07,Outbound,,,,FL,84
SUMM-L01637,Garcia Adams and Snyder,Robert Carr,Regional Facilities Lead,robert.carr@garciaadamsandsnyder.example.com,2026-09-14 18:39:19,Outbound,,,,NC,55
SUMM-L01638,Smith LLC,Veronica Ramirez,Property Manager,veronica.ramirez@smithllc.example.com,2026-09-15 00:20:35,Referral,,,,GA,100
SUMM-L01639,Schmitt-Lee,Kaitlyn Charles,,kaitlyn.charles@schmittlee.example.com,2026-09-15 01:28:47,Google Ads,google,cpc,hvac_q3_search_install,CA,67
SUMM-L01640,Reynolds-Dickerson,Daniel Haas,Regional Facilities Lead,daniel.haas@reynoldsdickerson.example.com,2026-09-15 05:17:45,Outbound,,,,,63
SUMM-L01641,Coleman Group,Hailey Clarke,,hailey.clarke@colemangroup.example.com,2026-09-15 08:29:00,Call Tracking,callrail,phone,local_services,TX,47
SUMM-L01642,Tucker-Baldwin,David Miles,Maintenance Supervisor,david.miles@tuckerbaldwin.example.com,2026-09-15 09:08:25,Outbound,,,,TX,87
SUMM-L01643,Callahan-Mendez,Gregory Clark,,gregory.clark@callahanmendez.example.com,2026-09-15 11:21:55,Outbound,,,,,70
SUMM-L01644,Ramirez Osborn and Donaldson,Carlos Velasquez,Operations Director,carlos.velasquez@ramirezosbornanddonaldso.example.com,2026-09-15 13:31:34,Meta Ads,facebook,paid_social,hvac_q3_maintenance_plan,NC,59
SUMM-L01645,Brown-Thompson,Victoria Gregory,Property Manager,victoria.gregory@brownthompson.example.com,2026-09-15 15:23:35,Outbound,,,,FL,90
SUMM-L01646,Stewart Howard and Garcia,Connie Jones,Owner,connie.jones@stewarthowardandgarcia.example.com,2026-09-15 15:24:41,Google Ads,google,cpc,hvac_q3_search_install,FL,94
SUMM-L01647,Barrera Herman and Brooks,Regina Stafford,Regional Facilities Lead,regina.stafford@barrerahermanandbrooks.example.com,2026-09-15 17:17:55,Outbound,,,,,63
SUMM-L01648,Crawford PLC,Matthew Duke,Building Engineer,matthew.duke@crawfordplc.example.com,2026-09-15 17:42:14,Outbound,,,,GA,63
SUMM-L01649,Powell-Wright,Anthony Drake,,anthony.drake@powellwright.example.com,2026-09-16 02:14:19,Call Tracking,callrail,phone,local_services,TX,70
SUMM-L01650,Blair Campbell and Wallace,Stephen Davis,Store Manager,stephen.davis@blaircampbellandwallace.example.com,2026-09-16 04:27:12,Call Tracking,callrail,phone,gbp_listing,AZ,79
SUMM-L01651,Martin Inc,Julie Maldonado,Store Manager,julie.maldonado@martininc.example.com,2026-09-16 08:40:25,Outbound,,,,FL,63
SUMM-L01652,Poole-Torres,Michael Mays,Store Manager,michael.mays@pooletorres.example.com,2026-09-16 09:30:12,Outbound,,,,TX,33
SUMM-L01653,Mendoza Clark and Jimenez,Nicholas Anderson,Building Engineer,nicholas.anderson@mendozaclarkandjimenez.example.com,2026-09-16 09:32:35,Referral,,,,,
SUMM-L01654,Sweeney-Gregory,Victoria Hayes,Operations Director,victoria.hayes@sweeneygregory.example.com,2026-09-16 09:47:18,Outbound,,,,TX,63
SUMM-L01655,Sharp Mercado and Green,James Taylor,,james.taylor@sharpmercadoandgreen.example.com,2026-09-16 11:24:21,Call Tracking,callrail,phone,local_services,NC,97
SUMM-L01656,Lamb Smith and Erickson,Jennifer King,Operations Director,jennifer.king@lambsmithanderickson.example.com,2026-09-16 11:29:07,Outbound,,,,TX,68
SUMM-L01657,Crawford-Schultz,Ronald Perez,Store Manager,ronald.perez@crawfordschultz.example.com,2026-09-16 12:59:06,Outbound,,,,TX,63
SUMM-L01658,Wells Day and Schmidt,Jon Meadows,Property Manager,jon.meadows@wellsdayandschmidt.example.com,2026-09-16 13:31:53,Call Tracking,callrail,phone,local_services,AZ,69
SUMM-L01659,Carroll-Martin,Christie Leon,Store Manager,christie.leon@carrollmartin.example.com,2026-09-16 13:45:35,Google Ads,google,cpc,hvac_q3_search_install,TX,94
SUMM-L01660,Henry PLC,Stacey Jenkins,Regional Facilities Lead,stacey.jenkins@henryplc.example.com,2026-09-16 13:59:36,Call Tracking,callrail,phone,gbp_listing,GA,97
SUMM-L01661,Combs PLC,Raymond Page,Facilities Manager,raymond.page@combsplc.example.com,2026-09-17 00:09:23,Google Ads,google,cpc,hvac_q3_search_ac_repair,TX,67
SUMM-L01662,Simpson Hart and Clark,Jesus Brown,Facilities Manager,jesus.brown@simpsonhartandclark.example.com,2026-09-17 01:29:11,Meta Ads,facebook,paid_social,hvac_q3_maintenance_plan,TX,48
SUMM-L01663,Palmer-Atkinson,Hayley Holmes,Building Engineer,hayley.holmes@palmeratkinson.example.com,2026-09-17 01:37:02,Referral,,,,TX,100
SUMM-L01664,Harper Martinez and Johnson,William Delgado,Facilities Manager,william.delgado@harpermartinezandjohnson.example.com,2026-09-17 04:37:49,Call Tracking,callrail,phone,local_services,CA,70
SUMM-L01665,Meyer and Sons,Gary Mack,Owner,gary.mack@meyerandsons.example.com,2026-09-17 09:21:34,Google Ads,google,cpc,hvac_q3_search_install,GA,94
SUMM-L01666,Hamilton Boyd and Ellis,Kelsey Randolph,Building Engineer,kelsey.randolph@hamiltonboydandellis.example.com,2026-09-17 10:22:59,Call Tracking,callrail,phone,gbp_listing,FL,97
SUMM-L01667,Martin-Daniel,Carol Cummings,Owner,carol.cummings@martindaniel.example.com,2026-09-18 05:22:34,Outbound,,,,FL,90
SUMM-L01668,Murray Group,Joshua Stephenson,Building Engineer,joshua.stephenson@murraygroup.example.com,2026-09-18 08:32:29,Google Ads,google,cpc,,TX,94
SUMM-L01669,Fields Inc,Melissa Gibbs,Building Engineer,melissa.gibbs@fieldsinc.example.com,2026-09-18 09:19:38,Outbound,,,,NC,83
SUMM-L01670,Oliver-Humphrey,Andrew Ellis,Store Manager,andrew.ellis@oliverhumphrey.example.com,2026-09-18 11:50:51,Call Tracking,callrail,phone,gbp_listing,GA,70
SUMM-L01671,Frederick-Riley,David Moore,Owner,david.moore@frederickriley.example.com,2026-09-18 15:42:50,Outbound,,,,AZ,63
SUMM-L01672,Alexander LLC,Robert Trujillo,Maintenance Supervisor,robert.trujillo@alexanderllc.example.com,2026-09-18 16:11:26,Outbound,,,,,63
SUMM-L01673,Blair Ltd,Matthew Petty,Owner,matthew.petty@blairltd.example.com,2026-09-18 21:09:36,Outbound,,,,,63
SUMM-L01674,Brown and Sons,Chad Phillips,Property Manager,chad.phillips@brownandsons.example.com,2026-09-18 22:28:25,Call Tracking,callrail,phone,local_services,TX,97
SUMM-L01675,Jones-Spencer,Erica Ward,Maintenance Supervisor,erica.ward@jonesspencer.example.com,2026-09-19 01:42:03,Referral,,,,,73
SUMM-L01676,Li Inc,Matthew Davis,Facilities Manager,matthew.davis@liinc.example.com,2026-09-19 04:12:15,Outbound,,,,NC,63
SUMM-L01677,Henderson Inc,Tyler Anderson,Building Engineer,tyler.anderson@hendersoninc.example.com,2026-09-19 06:06:23,Google Ads,google,cpc,,GA,67
SUMM-L01678,Parsons and Sons,Tammy Gardner,Owner,tammy.gardner@parsonsandsons.example.com,2026-09-19 06:56:03,Outbound,,,,NC,33
SUMM-L01679,Anderson Pearson and Humphrey,Tiffany Hobbs,Property Manager,tiffany.hobbs@andersonpearsonandhumphr.example.com,2026-09-19 14:16:56,Outbound,,,,NC,63
SUMM-L01680,Brown Inc,Carolyn Alexander,Property Manager,carolyn.alexander@browninc.example.com,2026-09-19 18:27:27,Call Tracking,callrail,phone,gbp_listing,TX,70
SUMM-L01681,Price-Trujillo,Stacey Richardson,Property Manager,stacey.richardson@pricetrujillo.example.com,2026-09-19 19:52:00,Referral,,,,FL,100
SUMM-L01682,Dyer Inc,Amber Becker,Property Manager,amber.becker@dyerinc.example.com,2026-09-19 23:23:00,Referral,,,,TX,
SUMM-L01683,Durham-Floyd,Ann Davis,Building Engineer,ann.davis@durhamfloyd.example.com,2026-09-20 06:43:06,Outbound,,,,FL,63
SUMM-L01684,Riley-Wilson,Sandy Flores,Maintenance Supervisor,sandy.flores@rileywilson.example.com,2026-09-20 11:44:27,Referral,,,,NC,100
SUMM-L01685,Best PLC,Jacob Young,,jacob.young@bestplc.example.com,2026-09-20 16:49:08,Meta Ads,facebook,paid_social,hvac_q3_maintenance_plan,FL,88
SUMM-L01686,Collins-Mercado,Diane Morris,Operations Director,diane.morris@collinsmercado.example.com,2026-09-21 08:47:44,Call Tracking,callrail,phone,gbp_listing,NC,97
SUMM-L01687,Ward-Williams,Dorothy Martin,Building Engineer,dorothy.martin@wardwilliams.example.com,2026-09-21 09:05:35,Outbound,,,,TX,
SUMM-L01688,Phillips Oliver and Jenkins,Brianna Greer,Maintenance Supervisor,brianna.greer@phillipsoliverandjenkins.example.com,2026-09-21 11:25:15,Meta Ads,facebook,paid_social,hvac_q3_maintenance_plan,FL,61
SUMM-L01689,Clark-Adams,Brandon Cruz,Property Manager,brandon.cruz@clarkadams.example.com,2026-09-21 12:52:08,Google Ads,google,cpc,hvac_q3_search_install,TX,37
SUMM-L01690,Christensen and Sons,Matthew Taylor,Owner,matthew.taylor@christensenandsons.example.com,2026-09-21 13:22:35,Meta Ads,facebook,paid_social,,TX,50
SUMM-L01691,Wyatt Harris and Smith,Dawn Ellison,Regional Facilities Lead,dawn.ellison@wyattharrisandsmith.example.com,2026-09-21 15:05:28,Meta Ads,facebook,paid_social,hvac_q3_maintenance_plan,TX,88
SUMM-L01692,Ray Pierce and Taylor,Donald Snyder,Property Manager,donald.snyder@raypierceandtaylor.example.com,2026-09-21 20:23:06,Outbound,,,,,90
SUMM-L01693,Evans Pace and Brown,Anna Martin,Store Manager,anna.martin@evanspaceandbrown.example.com,2026-09-21 20:31:44,Outbound,,,,TX,46
SUMM-L01694,Banks Inc,Anthony Henson,Property Manager,anthony.henson@banksinc.example.com,2026-09-21 22:56:25,Call Tracking,callrail,phone,gbp_listing,FL,78
SUMM-L01695,Johnson Jackson and Warren,Michael Neal,Store Manager,michael.neal@johnsonjacksonandwarren.example.com,2026-09-22 04:18:20,Outbound,,,,FL,63
SUMM-L01696,Adams White and Davis,Erica Carey,Building Engineer,erica.carey@adamswhiteanddavis.example.com,2026-09-22 05:38:38,Google Ads,google,cpc,hvac_q3_search_ac_repair,NC,67
SUMM-L01697,Smith Campbell and Wiggins,Theresa Henry,Regional Facilities Lead,theresa.henry@smithcampbellandwiggins.example.com,2026-09-22 05:39:17,Outbound,,,,,90
SUMM-L01698,Rose Nelson and Stone,Michael Hodges,Property Manager,michael.hodges@rosenelsonandstone.example.com,2026-09-22 05:50:54,Outbound,,,,GA,90
SUMM-L01699,Black Group,Alicia Lopez,,alicia.lopez@blackgroup.example.com,2026-09-22 09:45:19,Outbound,,,,GA,90
SUMM-L01700,Mccarthy Inc,Maria Johnson,Building Engineer,maria.johnson@mccarthyinc.example.com,2026-09-22 11:47:21,Outbound,,,,TX,45
SUMM-L01701,Palmer-Mitchell,Crystal Gates,Property Manager,crystal.gates@palmermitchell.example.com,2026-09-22 12:14:48,Outbound,,,,NC,53
SUMM-L01702,Browning and Sons,Kimberly Walker,Building Engineer,kimberly.walker@browningandsons.example.com,2026-09-22 13:40:43,Outbound,,,,TX,81
SUMM-L01703,James Miller and Fuller,Jamie Santiago,Operations Director,jamie.santiago@jamesmillerandfuller.example.com,2026-09-22 13:44:20,Referral,,,,NC,81
SUMM-L01704,Hoover Group,Monica Gonzales,Operations Director,monica.gonzales@hoovergroup.example.com,2026-09-22 16:02:02,Outbound,,,,TX,90
SUMM-L01705,Miller LLC,Ashley Price,Owner,ashley.price@millerllc.example.com,2026-09-22 17:16:18,Outbound,,,,CA,40
SUMM-L01706,Joseph Acosta and Barrett,Jamie Galvan,Building Engineer,jamie.galvan@josephacostaandbarrett.example.com,2026-09-22 18:24:16,Outbound,,,,,90
SUMM-L01707,Smith Palmer and Greene,Joseph Myers,Facilities Manager,joseph.myers@smithpalmerandgreene.example.com,2026-09-22 21:05:05,Outbound,,,,GA,33
SUMM-L01708,Vega-Goodwin,James Baldwin,Property Manager,james.baldwin@vegagoodwin.example.com,2026-09-22 21:23:20,Call Tracking,callrail,phone,gbp_listing,GA,70
SUMM-L01709,Simpson Sanchez and Burch,Matthew Bryant,Building Engineer,matthew.bryant@simpsonsanchezandburch.example.com,2026-09-23 02:32:07,Meta Ads,facebook,paid_social,,CA,88
SUMM-L01710,Curtis Ltd,Lindsey Murray,Property Manager,lindsey.murray@curtisltd.example.com,2026-09-23 11:03:45,Referral,,,,,
SUMM-L01711,Bennett-Morris,Pamela Graham,Regional Facilities Lead,pamela.graham@bennettmorris.example.com,2026-09-23 13:12:23,Outbound,,,,NC,63
SUMM-L01712,Mullins Inc,John Walter,,john.walter@mullinsinc.example.com,2026-09-23 13:13:36,Outbound,,,,NC,85
SUMM-L01713,Romero-Thomas,Nicole Carter,,nicole.carter@romerothomas.example.com,2026-09-23 13:55:09,Outbound,,,,TX,41
SUMM-L01714,Bailey-Phillips,Aaron Ramos,Store Manager,aaron.ramos@baileyphillips.example.com,2026-09-23 16:01:49,Call Tracking,callrail,phone,local_services,GA,92
SUMM-L01715,Ramirez and Sons,Anna Yu,,anna.yu@ramirezandsons.example.com,2026-09-23 17:23:43,Meta Ads,facebook,paid_social,hvac_q3_maintenance_plan,GA,50
SUMM-L01716,Gibson Simon and Pruitt,Sara Davis,Facilities Manager,sara.davis@gibsonsimonandpruitt.example.com,2026-09-23 17:25:35,Outbound,,,,GA,80
SUMM-L01717,Hubbard Hardy and Pope,Audrey Nelson,Store Manager,audrey.nelson@hubbardhardyandpope.example.com,2026-09-23 19:53:25,Referral,,,,CA,73
SUMM-L01718,Clark-Lee,Allison Wright,Facilities Manager,allison.wright@clarklee.example.com,2026-09-23 21:39:02,Call Tracking,callrail,phone,local_services,,66
SUMM-L01719,Adams-Palmer,Michael Proctor,Operations Director,michael.proctor@adamspalmer.example.com,2026-09-23 23:35:01,Call Tracking,callrail,phone,local_services,AZ,70
SUMM-L01720,Nguyen-Ortiz,Douglas Campbell,Building Engineer,douglas.campbell@nguyenortiz.example.com,2026-09-23 23:57:05,Outbound,,,,GA,90
SUMM-L01721,Lewis-Lopez,Jessica Pittman,Facilities Manager,jessica.pittman@lewislopez.example.com,2026-09-24 01:47:44,Meta Ads,facebook,paid_social,,,61
SUMM-L01722,Harrison Houston and Bell,Catherine Dixon,Maintenance Supervisor,catherine.dixon@harrisonhoustonandbell.example.com,2026-09-24 01:56:07,Google Ads,google,cpc,hvac_q3_search_install,FL,94
SUMM-L01723,Williams Ltd,Robert Wilson,Operations Director,robert.wilson@williamsltd.example.com,2026-09-24 11:27:18,Referral,,,,GA,100
SUMM-L01724,Johnston-Archer,Peter Collins,Regional Facilities Lead,peter.collins@johnstonarcher.example.com,2026-09-24 12:44:56,Outbound,,,,TX,63
SUMM-L01725,Thompson LLC,Anne Stephens,Facilities Manager,anne.stephens@thompsonllc.example.com,2026-09-24 13:23:29,Call Tracking,callrail,phone,local_services,GA,97
SUMM-L01726,Watson Smith and Sweeney,Stephanie Watkins,,stephanie.watkins@watsonsmithandsweeney.example.com,2026-09-24 15:00:12,Outbound,,,,NC,63
SUMM-L01727,Johnson Collins and Wilson,Robin Shaffer,Building Engineer,robin.shaffer@johnsoncollinsandwilson.example.com,2026-09-24 15:10:14,Call Tracking,callrail,phone,gbp_listing,TX,97
SUMM-L01728,Nelson Group,Curtis Walker,Regional Facilities Lead,curtis.walker@nelsongroup.example.com,2026-09-24 16:22:28,Google Ads,google,cpc,,AZ,94
SUMM-L01729,Williamson-Hill,Joseph Figueroa,,joseph.figueroa@williamsonhill.example.com,2026-09-24 17:10:36,Outbound,,,,TX,61
SUMM-L01730,Kirby Ltd,Matthew Norris,,matthew.norris@kirbyltd.example.com,2026-09-24 17:37:46,Google Ads,google,cpc,hvac_q3_search_install,TX,67
SUMM-L01731,Smith Miller and House,James Gordon,Operations Director,james.gordon@smithmillerandhouse.example.com,2026-09-24 22:00:27,Outbound,,,,FL,63
SUMM-L01732,Walker LLC,Kyle Robles,Maintenance Supervisor,kyle.robles@walkerllc.example.com,2026-09-25 09:35:52,Outbound,,,,GA,90
SUMM-L01733,Mcgee-Boone,Shelly Parks,Property Manager,shelly.parks@mcgeeboone.example.com,2026-09-25 10:08:57,Outbound,,,,TX,63
SUMM-L01734,Hughes Ltd,Jason Dixon,Operations Director,jason.dixon@hughesltd.example.com,2026-09-25 11:38:40,Outbound,,,,GA,63
SUMM-L01735,Wilson PLC,Danny Roberts,Owner,danny.roberts@wilsonplc.example.com,2026-09-25 11:56:28,Call Tracking,callrail,phone,local_services,GA,70
SUMM-L01736,Hernandez Inc,Nicole Baker,,nicole.baker@hernandezinc.example.com,2026-09-25 14:13:09,Outbound,,,,TX,65
SUMM-L01737,Suarez-Thomas,Adam Rodriguez,Regional Facilities Lead,adam.rodriguez@suarezthomas.example.com,2026-09-25 14:57:46,Referral,,,,AZ,
SUMM-L01738,Terrell-Wright,Jodi Morris,Operations Director,jodi.morris@terrellwright.example.com,2026-09-25 15:18:23,Call Tracking,callrail,phone,local_services,NC,70
SUMM-L01739,Graves-Cole,Craig Dunn,Property Manager,craig.dunn@gravescole.example.com,2026-09-25 17:19:11,Call Tracking,callrail,phone,gbp_listing,TX,70
SUMM-L01740,Moon Group,William Ford,Maintenance Supervisor,william.ford@moongroup.example.com,2026-09-25 22:29:57,Outbound,,,,TX,63
SUMM-L01741,Townsend Atkins and Frost,Karen Simmons,Store Manager,karen.simmons@townsendatkinsandfrost.example.com,2026-09-26 15:45:22,Google Ads,google,cpc,hvac_q3_search_ac_repair,TX,67
SUMM-L01742,Flynn-Burke,Jonathan Moody,Operations Director,jonathan.moody@flynnburke.example.com,2026-09-26 19:04:07,Call Tracking,callrail,phone,gbp_listing,TX,97
SUMM-L01743,Carlson-Galvan,Michael Lee,Facilities Manager,michael.lee@carlsongalvan.example.com,2026-09-26 19:51:06,Outbound,,,,GA,90
SUMM-L01744,Sherman and Sons,Justin Villarreal,Owner,justin.villarreal@shermanandsons.example.com,2026-09-26 21:25:20,Google Ads,google,cpc,hvac_q3_search_ac_repair,FL,94
SUMM-L01745,Adams Harris and Miller,Daniel Hoover,Property Manager,daniel.hoover@adamsharrisandmiller.example.com,2026-09-27 08:05:30,Outbound,,,,TX,90
SUMM-L01746,Bender-Mcgee,Stephen Ford,Operations Director,stephen.ford@bendermcgee.example.com,2026-09-27 09:31:41,Meta Ads,facebook,paid_social,hvac_q3_maintenance_plan,FL,88
SUMM-L01747,Reid Shepard and Brown,Robert Reeves,,robert.reeves@reidshepardandbrown.example.com,2026-09-27 11:52:08,Referral,,,,AZ,100
SUMM-L01748,Jenkins Group,Michael Perez,Operations Director,michael.perez@jenkinsgroup.example.com,2026-09-27 21:51:36,Outbound,,,,NC,63
SUMM-L01749,Baker Ltd,Karen Carroll,Regional Facilities Lead,karen.carroll@bakerltd.example.com,2026-09-28 05:14:02,Meta Ads,facebook,paid_social,hvac_q3_maintenance_plan,FL,41
SUMM-L01750,Garcia PLC,Stacey Rivera,Owner,stacey.rivera@garciaplc.example.com,2026-09-28 05:58:31,Referral,,,,GA,100
SUMM-L01751,Perkins Todd and Romero,Crystal Ayers,Operations Director,crystal.ayers@perkinstoddandromero.example.com,2026-09-28 08:33:01,Outbound,,,,TX,63
SUMM-L01752,Wright Ltd,Eric Norton,Store Manager,eric.norton@wrightltd.example.com,2026-09-28 08:41:55,Referral,,,,TX,100
SUMM-L01753,Jackson-Perez,Richard Brandt,Building Engineer,richard.brandt@jacksonperez.example.com,2026-09-28 10:57:53,Call Tracking,callrail,phone,gbp_listing,NC,52
SUMM-L01754,Salazar-Swanson,David Sanchez,Store Manager,david.sanchez@salazarswanson.example.com,2026-09-28 11:00:56,Outbound,,,,FL,61
SUMM-L01755,Miller Hodges and Johnston,Tanya Barrett,Regional Facilities Lead,tanya.barrett@millerhodgesandjohnston.example.com,2026-09-28 11:23:57,Outbound,,,,AZ,65
SUMM-L01756,Leon Inc,Rebecca Jacobs,Owner,rebecca.jacobs@leoninc.example.com,2026-09-28 13:33:32,Outbound,,,,,
SUMM-L01757,Villarreal and Sons,Angela Stewart,Property Manager,angela.stewart@villarrealandsons.example.com,2026-09-28 14:14:04,Outbound,,,,TX,90
SUMM-L01758,Gates-Webster,Dale Hensley,Facilities Manager,dale.hensley@gateswebster.example.com,2026-09-28 14:31:57,Referral,,,,AZ,78
SUMM-L01759,Copeland Mendoza and Larson,Catherine Summers,Operations Director,catherine.summers@copelandmendozaandlarson.example.com,2026-09-28 17:26:40,Outbound,,,,,63
SUMM-L01760,Berry Lewis and Henry,Heather Clark,Store Manager,heather.clark@berrylewisandhenry.example.com,2026-09-28 19:54:48,Call Tracking,callrail,phone,gbp_listing,NC,70
SUMM-L01761,Hill-Jordan,Jamie Welch,Store Manager,jamie.welch@hilljordan.example.com,2026-09-29 04:20:23,Call Tracking,callrail,phone,local_services,CA,
SUMM-L01762,Lawrence Gonzalez and Le,Karen Hudson,,karen.hudson@lawrencegonzalezandle.example.com,2026-09-29 08:59:38,Outbound,,,,CA,54
SUMM-L01763,Evans Collins and Holloway,Tyler Wilson,Store Manager,tyler.wilson@evanscollinsandholloway.example.com,2026-09-29 09:17:03,Outbound,,,,TX,63
SUMM-L01764,Allison-Stone,Joanna Nixon,Operations Director,joanna.nixon@allisonstone.example.com,2026-09-29 12:14:56,Call Tracking,callrail,phone,gbp_listing,AZ,70
SUMM-L01765,Freeman Ltd,Julie Chapman,Building Engineer,julie.chapman@freemanltd.example.com,2026-09-29 13:18:21,Google Ads,google,cpc,hvac_q3_search_install,FL,61
SUMM-L01766,Turner-James,Sandra Juarez,Regional Facilities Lead,sandra.juarez@turnerjames.example.com,2026-09-29 16:32:29,Referral,,,,TX,73
SUMM-L01767,Hobbs LLC,Douglas Simmons,Store Manager,douglas.simmons@hobbsllc.example.com,2026-09-29 16:40:48,Google Ads,google,cpc,hvac_q3_search_ac_repair,,94
SUMM-L01768,Powell Giles and Pennington,Jeffrey Arnold,Regional Facilities Lead,jeffrey.arnold@powellgilesandpennington.example.com,2026-09-29 17:21:31,Google Ads,google,cpc,hvac_q3_search_install,,54
SUMM-L01769,Owens LLC,James Williams,,james.williams@owensllc.example.com,2026-09-29 18:48:26,Meta Ads,facebook,paid_social,hvac_q3_maintenance_plan,,61
SUMM-L01770,Anderson Group,Haley Harvey,Building Engineer,haley.harvey@andersongroup.example.com,2026-09-29 19:04:35,Outbound,,,,CA,90
SUMM-L01771,Wong-Sanchez,Carrie Edwards,Building Engineer,carrie.edwards@wongsanchez.example.com,2026-09-29 23:55:51,Outbound,,,,GA,41
SUMM-L01772,Shields-Armstrong,Dawn Johnson,Regional Facilities Lead,dawn.johnson@shieldsarmstrong.example.com,2026-09-30 09:38:46,Referral,,,,AZ,100
SUMM-L01773,Sullivan Ltd,David Patton,Property Manager,david.patton@sullivanltd.example.com,2026-09-30 11:13:27,Outbound,,,,GA,42
SUMM-L01774,Smith LLC,Peter Wolf,Owner,peter.wolf@smithllc.example.com,2026-09-30 12:18:11,Outbound,,,,GA,90
SUMM-L01775,Martinez Group,Kiara Roach,Owner,kiara.roach@martinezgroup.example.com,2026-09-30 13:06:55,Referral,,,,FL,73
SUMM-L01776,Hays PLC,Monica Smith,Building Engineer,monica.smith@haysplc.example.com,2026-09-30 13:29:04,Google Ads,google,cpc,hvac_q3_search_ac_repair,FL,94
SUMM-L01777,Snyder-Lutz,Lisa Taylor,Maintenance Supervisor,lisa.taylor@snyderlutz.example.com,2026-09-30 14:45:11,Google Ads,google,cpc,hvac_q3_search_ac_repair,GA,67
SUMM-L01778,Brown Leach and Jennings,Sarah Watkins,Maintenance Supervisor,sarah.watkins@brownleachandjennings.example.com,2026-09-30 14:49:03,Outbound,,,,TX,90
SUMM-L01779,Lawrence Ward and Stewart,Shannon Peters,Operations Director,shannon.peters@lawrencewardandstewart.example.com,2026-09-30 16:17:13,Call Tracking,callrail,phone,gbp_listing,AZ,70
