Email,Activity date,Note body,Activity ID (source)
kristen.hall@bankschanandharrison.example.com,2026-04-01 05:40:20,Sales email (Marcus Lee): sent,ACME-A000001
james.bishop@barnetttaylor.example.com,2026-04-01 09:20:51,Sales email (Marcus Lee): replied,ACME-A000002
wendy.cox@butlerlin.example.com,2026-04-01 10:00:45,Sales email (Dana Whitfield): replied,ACME-A000003
sarah.dickerson@walshhopkinsandcox.example.com,2026-04-01 10:03:14,Sales email (Dana Whitfield): sent,ACME-A000004
robert.campbell@davismartinanddominguez.example.com,2026-04-01 12:40:46,Sales email (Dana Whitfield): replied,ACME-A000005
kimberly.chavez@martinphamandwoods.example.com,2026-04-01 13:18:00,Sales email (Dana Whitfield): sent,ACME-A000006
david.burch@smithsmithandsutton.example.com,2026-04-01 14:40:32,Sales email (Dana Whitfield): bounced,ACME-A000008
katie.willis@pittssmith.example.com,2026-04-01 16:46:17,Sales email (Dana Whitfield): sent,ACME-A000011
zoe.johnson@morganwilliams.example.com,2026-04-01 19:14:03,Sales email (Dana Whitfield): sent,ACME-A000013
melissa.porter@cruzmorrisandcobb.example.com,2026-04-02 00:59:42,Sales email (Marcus Lee): sent,ACME-A000018
jeffery.white@morrisjohnsonandkhan.example.com,2026-04-02 02:25:13,Sales email (Priya Raman): sent,ACME-A000019
brian.barber@robertskemp.example.com,2026-04-02 07:13:09,Sales email (Sofia Alvarez): sent,ACME-A000020
lauren.dawson@mckenzieplc.example.com,2026-04-02 14:11:35,Sales email (Dana Whitfield): sent,ACME-A000026
courtney.sims@houstonhansen.example.com,2026-04-02 14:39:27,Sales email (Marcus Lee): sent,ACME-A000027
james.diaz@wellswatsonandcalhoun.example.com,2026-04-02 17:25:57,Sales email (Jordan Ellis): sent,ACME-A000031
carrie.johnson@bensonharper.example.com,2026-04-02 19:28:39,Sales email (Dana Whitfield): sent,ACME-A000032
james.cannon@brucejonesandsimpson.example.com,2026-04-03 04:18:12,Sales email (Dana Whitfield): bounced,ACME-A000039
brian.barber@robertskemp.example.com,2026-04-03 05:43:53,Sales email (Sofia Alvarez): sent,ACME-A000040
alexander.wiggins@sloanltd.example.com,2026-04-03 09:04:30,Sales email (Marcus Lee): sent,ACME-A000041
lauren.dawson@mckenzieplc.example.com,2026-04-03 09:25:04,Sales email (Dana Whitfield): sent,ACME-A000042
nathan.gordon@davisdean.example.com,2026-04-03 11:31:08,Sales email (Owen Brooks): sent,ACME-A000045
eugene.casey@kingandsons.example.com,2026-04-03 12:08:07,Sales email (Sofia Alvarez): sent,ACME-A000046
kristin.burton@frenchterry.example.com,2026-04-03 12:17:33,Sales email (Dana Whitfield): sent,ACME-A000047
sabrina.arias@mcknighthughes.example.com,2026-04-03 15:07:02,Sales email (Jordan Ellis): sent,ACME-A000049
marvin.malone@piercechavez.example.com,2026-04-03 15:32:42,Sales email (Dana Whitfield): replied,ACME-A000050
timothy.frank@brownflemingandschmidt.example.com,2026-04-03 15:50:16,Sales email (Priya Raman): sent,ACME-A000054
christian.miller@ramosrodriguez.example.com,2026-04-03 16:53:20,Sales email (Priya Raman): sent,ACME-A000057
katie.willis@pittssmith.example.com,2026-04-03 19:48:10,Sales email (Dana Whitfield): sent,ACME-A000058
brenda.cunningham@mccormickmyers.example.com,2026-04-03 22:35:28,Sales email (Jordan Ellis): replied,ACME-A000062
billy.carter@pittmanllc.example.com,2026-04-04 03:48:19,Sales email (Priya Raman): sent,ACME-A000064
brent.grant@grayinc.example.com,2026-04-04 06:25:03,Sales email (Jordan Ellis): sent,ACME-A000065
mary.bishop@yangllc.example.com,2026-04-04 10:47:09,Sales email (Priya Raman): sent,ACME-A000066
sarah.dickerson@walshhopkinsandcox.example.com,2026-04-04 11:14:03,Sales email (Dana Whitfield): sent,ACME-A000067
zoe.johnson@morganwilliams.example.com,2026-04-04 11:45:54,Sales email (Dana Whitfield): sent,ACME-A000068
benjamin.harris@fuentesrichmondandking.example.com,2026-04-05 09:29:29,Sales email (Dana Whitfield): sent,ACME-A000078
billy.carter@pittmanllc.example.com,2026-04-05 11:20:16,Sales email (Priya Raman): sent,ACME-A000080
catherine.madden@warnerwilcoxandrivera.example.com,2026-04-05 20:56:41,Sales email (Sofia Alvarez): replied,ACME-A000086
timothy.sutton@snyderreyes.example.com,2026-04-05 21:02:47,Sales email (Marcus Lee): sent,ACME-A000087
nicole.parks@smithinc.example.com,2026-04-06 01:21:14,Sales email (Sofia Alvarez): sent,ACME-A000088
william.aguirre@obriengonzalezandramirez.example.com,2026-04-06 14:08:27,Sales email (Owen Brooks): sent,ACME-A000097
noah.chavez@salaslawson.example.com,2026-04-06 14:45:15,Sales email (Jordan Ellis): sent,ACME-A000100
richard.gordon@cartercarey.example.com,2026-04-06 15:33:42,Sales email (Grace Kim): replied,ACME-A000102
michael.decker@coffeyplc.example.com,2026-04-06 15:52:06,Sales email (Dana Whitfield): sent,ACME-A000104
amber.duncan@robertsandsons.example.com,2026-04-06 17:32:36,Sales email (Dana Whitfield): sent,ACME-A000105
katie.willis@pittssmith.example.com,2026-04-06 22:49:34,Sales email (Dana Whitfield): sent,ACME-A000111
marvin.malone@piercechavez.example.com,2026-04-07 01:19:28,Sales email (Dana Whitfield): replied,ACME-A000113
brian.barber@robertskemp.example.com,2026-04-07 02:56:47,Sales email (Sofia Alvarez): sent,ACME-A000115
william.aguirre@obriengonzalezandramirez.example.com,2026-04-07 04:31:40,Sales email (Owen Brooks): sent,ACME-A000116
cynthia.lamb@frankgiles.example.com,2026-04-07 06:16:07,Sales email (Dana Whitfield): sent,ACME-A000117
mark.walker@patelplc.example.com,2026-04-07 06:50:47,Sales email (Acme Round Robin): replied,ACME-A000118
brandon.doyle@wardlucasandsmith.example.com,2026-04-07 07:58:30,Sales email (Priya Raman): sent,ACME-A000119
daniel.lopez@alvaradosmith.example.com,2026-04-07 11:15:41,Sales email (Priya Raman): sent,ACME-A000122
robert.campbell@davismartinanddominguez.example.com,2026-04-07 11:40:07,Sales email (Dana Whitfield): sent,ACME-A000123
timothy.smith@marquezmooreandatkinson.example.com,2026-04-07 14:43:51,Sales email (Sofia Alvarez): sent,ACME-A000125
courtney.schmidt@whitellc.example.com,2026-04-07 15:06:41,Sales email (Owen Brooks): replied,ACME-A000126
ricardo.holmes@cunninghaminc.example.com,2026-04-07 16:21:53,Sales email (Jordan Ellis): sent,ACME-A000127
laura.cox@rhodesthomas.example.com,2026-04-07 18:32:11,Sales email (Dana Whitfield): replied,ACME-A000132
deanna.stephenson@turnermurrayandhaley.example.com,2026-04-07 20:28:34,Sales email (Jordan Ellis): replied,ACME-A000134
mark.gregory@pearsonharrisandsmith.example.com,2026-04-07 21:43:42,Sales email (Acme Round Robin): sent,ACME-A000136
john.allen@reynoldsgreen.example.com,2026-04-07 22:08:15,Sales email (Marcus Lee): replied,ACME-A000137
melissa.porter@cruzmorrisandcobb.example.com,2026-04-07 22:56:20,Sales email (Marcus Lee): sent,ACME-A000140
brian.jacobson@wilsonirwin.example.com,2026-04-07 22:59:42,Sales email (Priya Raman): sent,ACME-A000141
jamie.baker@beasleyjohnson.example.com,2026-04-07 23:27:30,Sales email (Owen Brooks): sent,ACME-A000142
peter.berg@kingbrown.example.com,2026-04-08 00:58:49,Sales email (Marcus Lee): replied,ACME-A000144
taylor.williams@stonegarcia.example.com,2026-04-08 06:40:33,Sales email (Dana Whitfield): replied,ACME-A000146
richard.gordon@cartercarey.example.com,2026-04-08 07:48:47,Sales email (Grace Kim): sent,ACME-A000147
anthony.thompson@willisltd.example.com,2026-04-08 07:56:31,Sales email (Dana Whitfield): sent,ACME-A000148
amy.bennett@mirandabrownandmason.example.com,2026-04-08 09:14:54,Sales email (Dana Whitfield): sent,ACME-A000149
justin.montgomery@lesnyder.example.com,2026-04-08 12:41:46,Sales email (Priya Raman): replied,ACME-A000153
victoria.walker@watsonandsons.example.com,2026-04-08 14:04:24,Sales email (Jordan Ellis): replied,ACME-A000155
michael.fox@robertsgomez.example.com,2026-04-08 14:17:39,Sales email (Jordan Ellis): sent,ACME-A000156
jessica.butler@maldonadosullivan.example.com,2026-04-08 14:53:11,Sales email (Sofia Alvarez): replied,ACME-A000157
catherine.madden@warnerwilcoxandrivera.example.com,2026-04-08 16:52:44,Sales email (Sofia Alvarez): sent,ACME-A000162
christine.craig@andersongroup.example.com,2026-04-08 17:04:53,Sales email (Priya Raman): sent,ACME-A000163
jennifer.valenzuela@wilsonhouse.example.com,2026-04-08 18:10:10,Sales email (Dana Whitfield): sent,ACME-A000165
alexander.wiggins@sloanltd.example.com,2026-04-08 22:55:21,Sales email (Marcus Lee): bounced,ACME-A000171
taylor.phillips@fowlercardenasandcabrera.example.com,2026-04-09 00:23:14,Sales email (Sofia Alvarez): sent,ACME-A000175
connor.hayes@brownleeandwilliams.example.com,2026-04-09 02:18:08,Sales email (Sofia Alvarez): replied,ACME-A000177
nicole.schroeder@fisherperezandbowen.example.com,2026-04-09 04:26:18,Sales email (Priya Raman): sent,ACME-A000178
timothy.sutton@snyderreyes.example.com,2026-04-09 05:01:02,Sales email (Marcus Lee): bounced,ACME-A000179
david.king@gillespiebrewerandtorres.example.com,2026-04-09 05:29:10,Sales email (Grace Kim): replied,ACME-A000180
kristen.carlson@castanedamooreandorozco.example.com,2026-04-09 07:30:46,Sales email (Jordan Ellis): sent,ACME-A000181
ronald.lozano@masseybenjaminandharris.example.com,2026-04-09 07:46:29,Sales email (Owen Brooks): sent,ACME-A000182
gabriel.callahan@millercollinsandblair.example.com,2026-04-09 08:27:46,Sales email (Dana Whitfield): bounced,ACME-A000183
christopher.flores@weeksmccarthy.example.com,2026-04-09 09:13:40,Sales email (Grace Kim): sent,ACME-A000185
jamie.baker@beasleyjohnson.example.com,2026-04-09 10:05:21,Sales email (Owen Brooks): sent,ACME-A000186
adriana.schaefer@baileyandsons.example.com,2026-04-09 10:13:40,Sales email (Acme Round Robin): replied,ACME-A000187
melanie.bryant@stoneinc.example.com,2026-04-09 10:44:25,Sales email (Marcus Lee): sent,ACME-A000188
melanie.bryant@stoneinc.example.com,2026-04-09 10:48:28,Sales email (Marcus Lee): sent,ACME-A000189
billy.carter@pittmanllc.example.com,2026-04-09 12:47:40,Sales email (Priya Raman): replied,ACME-A000192
erin.jennings@adamsplc.example.com,2026-04-09 15:59:41,Sales email (Owen Brooks): replied,ACME-A000196
nicole.parks@smithinc.example.com,2026-04-09 16:28:17,Sales email (Sofia Alvarez): sent,ACME-A000198
sergio.barrett@spencepalmerandsanchez.example.com,2026-04-09 17:35:10,Sales email (Acme Round Robin): sent,ACME-A000200
tyler.schmidt@josephelliottandmontgome.example.com,2026-04-09 17:49:14,Sales email (Dana Whitfield): bounced,ACME-A000201
tina.hood@sullivanllc.example.com,2026-04-09 18:32:49,Sales email (Sofia Alvarez): replied,ACME-A000202
chris.grant@fisherhayden.example.com,2026-04-09 19:55:38,Sales email (Dana Whitfield): sent,ACME-A000206
jodi.perez@shaffergroup.example.com,2026-04-09 21:06:20,Sales email (Marcus Lee): sent,ACME-A000210
kristen.hall@bankschanandharrison.example.com,2026-04-09 21:20:04,Sales email (Marcus Lee): sent,ACME-A000211
wendy.dennis@johnsoninc.example.com,2026-04-09 23:00:25,Sales email (Dana Whitfield): sent,ACME-A000214
cynthia.lamb@frankgiles.example.com,2026-04-09 23:48:33,Sales email (Dana Whitfield): sent,ACME-A000216
billy.carter@pittmanllc.example.com,2026-04-09 23:51:20,Sales email (Priya Raman): sent,ACME-A000217
sara.willis@brownfosteranderickson.example.com,2026-04-10 00:58:16,Sales email (Dana Whitfield): sent,ACME-A000218
david.burch@smithsmithandsutton.example.com,2026-04-10 03:11:02,Sales email (Dana Whitfield): sent,ACME-A000220
james.small@wilsonpriceanddawson.example.com,2026-04-10 03:51:55,Sales email (Dana Whitfield): sent,ACME-A000221
christopher.moore@fordpaul.example.com,2026-04-10 06:23:27,Sales email (Sofia Alvarez): sent,ACME-A000223
david.king@gillespiebrewerandtorres.example.com,2026-04-10 07:34:13,Sales email (Grace Kim): sent,ACME-A000225
ricardo.holmes@cunninghaminc.example.com,2026-04-10 07:52:10,Sales email (Jordan Ellis): replied,ACME-A000226
brandon.lopez@georgeschwartz.example.com,2026-04-10 12:40:49,Sales email (Priya Raman): sent,ACME-A000230
carrie.johnson@bensonharper.example.com,2026-04-10 16:49:56,Sales email (Dana Whitfield): replied,ACME-A000235
joann.gonzalez@bradleywatson.example.com,2026-04-10 19:28:57,Sales email (Jordan Ellis): bounced,ACME-A000237
anthony.thompson@willisltd.example.com,2026-04-10 19:53:07,Sales email (Dana Whitfield): sent,ACME-A000238
barbara.ward@bakermooney.example.com,2026-04-10 21:27:09,Sales email (Dana Whitfield): replied,ACME-A000240
thomas.huang@dunnmiller.example.com,2026-04-10 21:31:16,Sales email (Dana Whitfield): replied,ACME-A000241
lisa.thomas@leemayandle.example.com,2026-04-10 21:47:25,Sales email (Owen Brooks): sent,ACME-A000243
david.king@gillespiebrewerandtorres.example.com,2026-04-11 00:07:15,Sales email (Grace Kim): sent,ACME-A000245
lauren.dawson@mckenzieplc.example.com,2026-04-11 01:23:44,Sales email (Dana Whitfield): bounced,ACME-A000246
taylor.williams@stonegarcia.example.com,2026-04-11 04:50:19,Sales email (Dana Whitfield): sent,ACME-A000247
alyssa.harmon@gonzalezschwartz.example.com,2026-04-11 09:52:49,Sales email (Priya Raman): sent,ACME-A000250
stacey.mccoy@serranoinc.example.com,2026-04-11 10:09:54,Sales email (Owen Brooks): sent,ACME-A000251
robert.long@orozcoharrisandwest.example.com,2026-04-11 11:06:56,Sales email (Marcus Lee): sent,ACME-A000252
thomas.anderson@millerwaltonandchen.example.com,2026-04-11 14:46:03,Sales email (Grace Kim): sent,ACME-A000255
sergio.barrett@spencepalmerandsanchez.example.com,2026-04-11 16:12:52,Sales email (Acme Round Robin): sent,ACME-A000257
courtney.sims@houstonhansen.example.com,2026-04-11 16:22:26,Sales email (Marcus Lee): replied,ACME-A000258
james.diaz@wellswatsonandcalhoun.example.com,2026-04-11 18:08:01,Sales email (Jordan Ellis): sent,ACME-A000261
scott.rodriguez@jonesandsons.example.com,2026-04-11 19:35:49,Sales email (Dana Whitfield): sent,ACME-A000262
lance.allen@salazarharrison.example.com,2026-04-11 20:38:24,Sales email (Marcus Lee): sent,ACME-A000265
diana.wright@clarkinc.example.com,2026-04-11 22:09:00,Sales email (Dana Whitfield): sent,ACME-A000267
robert.spencer@townsendclarkandgraham.example.com,2026-04-12 00:35:24,Sales email (Grace Kim): sent,ACME-A000271
brandon.nicholson@gouldfoster.example.com,2026-04-12 02:19:30,Sales email (Jordan Ellis): sent,ACME-A000274
kelly.allen@johnsonandsons.example.com,2026-04-12 06:24:23,Sales email (Priya Raman): replied,ACME-A000277
jamie.baker@beasleyjohnson.example.com,2026-04-12 10:44:55,Sales email (Owen Brooks): sent,ACME-A000279
laura.cox@rhodesthomas.example.com,2026-04-12 12:25:57,Sales email (Dana Whitfield): sent,ACME-A000282
william.white@davidsonltd.example.com,2026-04-12 14:08:01,Sales email (Priya Raman): sent,ACME-A000283
julia.duffy@smithgreenandyoung.example.com,2026-04-12 15:12:21,Sales email (Dana Whitfield): sent,ACME-A000285
jesse.richards@johnsontorres.example.com,2026-04-12 16:06:52,Sales email (Dana Whitfield): sent,ACME-A000287
thomas.lamb@davisfoxandreese.example.com,2026-04-12 17:59:06,Sales email (Owen Brooks): replied,ACME-A000289
tammy.burns@colemangroup.example.com,2026-04-12 19:25:31,Sales email (Acme Round Robin): sent,ACME-A000290
james.franklin@pierceeverettandthomas.example.com,2026-04-12 21:11:21,Sales email (Marcus Lee): replied,ACME-A000291
thomas.beck@larsenllc.example.com,2026-04-12 21:47:29,Sales email (Owen Brooks): sent,ACME-A000292
andre.davis@whitewoodardandadams.example.com,2026-04-13 00:16:59,Sales email (Sofia Alvarez): sent,ACME-A000293
sara.willis@brownfosteranderickson.example.com,2026-04-13 02:32:44,Sales email (Dana Whitfield): sent,ACME-A000296
patricia.french@franklinharringtonandbar.example.com,2026-04-13 11:19:37,Sales email (Jordan Ellis): sent,ACME-A000304
charles.caldwell@jonesallen.example.com,2026-04-13 12:28:14,Sales email (Owen Brooks): sent,ACME-A000306
william.white@davidsonltd.example.com,2026-04-13 13:27:20,Sales email (Priya Raman): sent,ACME-A000308
wesley.harris@jameswells.example.com,2026-04-13 15:04:43,Sales email (Jordan Ellis): replied,ACME-A000311
richard.gordon@cartercarey.example.com,2026-04-13 15:35:40,Sales email (Grace Kim): sent,ACME-A000313
sara.willis@brownfosteranderickson.example.com,2026-04-13 16:19:05,Sales email (Dana Whitfield): sent,ACME-A000317
michael.frederick@andrewshodge.example.com,2026-04-13 17:23:04,Sales email (Acme Round Robin): sent,ACME-A000319
shane.green@watsonandsons.example.com,2026-04-13 17:23:40,Sales email (Jordan Ellis): sent,ACME-A000320
sonya.sullivan@atkinsonlowe.example.com,2026-04-13 19:26:56,Sales email (Jordan Ellis): sent,ACME-A000322
sarah.dickerson@walshhopkinsandcox.example.com,2026-04-13 19:30:47,Sales email (Dana Whitfield): sent,ACME-A000323
robert.campbell@davismartinanddominguez.example.com,2026-04-13 20:41:29,Sales email (Dana Whitfield): sent,ACME-A000325
wendy.dennis@johnsoninc.example.com,2026-04-13 20:42:06,Sales email (Dana Whitfield): sent,ACME-A000326
lisa.clay@hendersonwillis.example.com,2026-04-13 23:03:24,Sales email (Sofia Alvarez): sent,ACME-A000331
thomas.hardy@smithlloydandjackson.example.com,2026-04-13 23:49:13,Sales email (Acme Round Robin): sent,ACME-A000334
jessica.butler@maldonadosullivan.example.com,2026-04-14 07:29:38,Sales email (Sofia Alvarez): sent,ACME-A000343
andrew.lloyd@moorekelley.example.com,2026-04-14 10:25:46,Sales email (Acme Round Robin): bounced,ACME-A000345
samantha.nguyen@perkinsmiller.example.com,2026-04-14 11:44:48,Sales email (Grace Kim): sent,ACME-A000346
amanda.smith@simpsonpalmerandmoreno.example.com,2026-04-14 12:02:48,Sales email (Dana Whitfield): sent,ACME-A000347
richard.gordon@cartercarey.example.com,2026-04-14 12:40:18,Sales email (Grace Kim): sent,ACME-A000349
anthony.jenkins@foxpayne.example.com,2026-04-14 12:46:37,Sales email (Sofia Alvarez): replied,ACME-A000350
theresa.williams@mezarayandsanders.example.com,2026-04-14 13:56:05,Sales email (Dana Whitfield): sent,ACME-A000351
scott.romero@thomasbowman.example.com,2026-04-14 14:06:01,Sales email (Jordan Ellis): sent,ACME-A000352
elizabeth.moore@webbrussellandflynn.example.com,2026-04-14 16:57:32,Sales email (Marcus Lee): sent,ACME-A000355
james.bishop@barnetttaylor.example.com,2026-04-14 18:25:21,Sales email (Marcus Lee): sent,ACME-A000358
brandon.doyle@wardlucasandsmith.example.com,2026-04-14 19:10:24,Sales email (Priya Raman): sent,ACME-A000360
daniel.jones@stephensmartinandsimmons.example.com,2026-04-14 19:32:59,Sales email (Grace Kim): sent,ACME-A000362
peter.savage@andersonwright.example.com,2026-04-14 19:39:26,Sales email (Grace Kim): replied,ACME-A000363
brianna.harris@gutierrezllc.example.com,2026-04-14 19:42:25,Sales email (Marcus Lee): replied,ACME-A000364
taylor.williams@stonegarcia.example.com,2026-04-14 21:15:56,Sales email (Dana Whitfield): replied,ACME-A000368
teresa.garcia@rodriguezandsons.example.com,2026-04-14 21:47:15,Sales email (Dana Whitfield): sent,ACME-A000370
jason.davis@morrishunterandharris.example.com,2026-04-14 23:32:18,Sales email (Owen Brooks): sent,ACME-A000374
mark.gregory@pearsonharrisandsmith.example.com,2026-04-15 00:02:15,Sales email (Acme Round Robin): sent,ACME-A000376
james.franklin@pierceeverettandthomas.example.com,2026-04-15 01:57:31,Sales email (Marcus Lee): bounced,ACME-A000381
jodi.perez@shaffergroup.example.com,2026-04-15 02:07:53,Sales email (Marcus Lee): sent,ACME-A000382
elizabeth.moore@webbrussellandflynn.example.com,2026-04-15 03:12:46,Sales email (Marcus Lee): replied,ACME-A000383
phillip.moore@diazjimenezandwalter.example.com,2026-04-15 03:54:20,Sales email (Jordan Ellis): sent,ACME-A000385
mark.gregory@pearsonharrisandsmith.example.com,2026-04-15 07:18:45,Sales email (Acme Round Robin): sent,ACME-A000389
patricia.miller@stantonphillipsandmcfarl.example.com,2026-04-15 10:19:58,Sales email (Sofia Alvarez): sent,ACME-A000392
cynthia.garrett@lewisltd.example.com,2026-04-15 13:26:03,Sales email (Marcus Lee): sent,ACME-A000395
maria.gaines@joneskellyandsanchez.example.com,2026-04-15 13:35:58,Sales email (Sofia Alvarez): sent,ACME-A000396
brian.tran@davidllc.example.com,2026-04-15 15:26:52,Sales email (Marcus Lee): replied,ACME-A000397
andrea.ware@jacksongroup.example.com,2026-04-15 16:49:45,Sales email (Marcus Lee): sent,ACME-A000401
kevin.warner@mcclureyoungandlee.example.com,2026-04-15 16:57:50,Sales email (Grace Kim): sent,ACME-A000402
wendy.dennis@johnsoninc.example.com,2026-04-15 18:34:02,Sales email (Dana Whitfield): sent,ACME-A000403
jerry.santos@youngavila.example.com,2026-04-15 23:54:19,Sales email (Owen Brooks): sent,ACME-A000409
jerry.santos@youngavila.example.com,2026-04-16 00:47:19,Sales email (Owen Brooks): sent,ACME-A000412
robert.long@orozcoharrisandwest.example.com,2026-04-16 01:32:19,Sales email (Marcus Lee): sent,ACME-A000413
danielle.riggs@wilkinsking.example.com,2026-04-16 02:04:29,Sales email (Dana Whitfield): replied,ACME-A000415
noah.chavez@salaslawson.example.com,2026-04-16 06:07:47,Sales email (Jordan Ellis): sent,ACME-A000421
anna.ortega@smithpittmanandmcdonald.example.com,2026-04-16 07:48:59,Sales email (Owen Brooks): sent,ACME-A000422
robert.long@orozcoharrisandwest.example.com,2026-04-16 09:26:26,Sales email (Marcus Lee): sent,ACME-A000425
phillip.moore@diazjimenezandwalter.example.com,2026-04-16 13:07:57,Sales email (Jordan Ellis): replied,ACME-A000431
laurie.zimmerman@poolemooreandsmith.example.com,2026-04-16 14:21:20,Sales email (Dana Whitfield): replied,ACME-A000434
julie.stephenson@butlerwilliams.example.com,2026-04-16 14:40:40,Sales email (Sofia Alvarez): sent,ACME-A000435
elizabeth.johnson@mitchellcruz.example.com,2026-04-16 14:57:21,Sales email (Marcus Lee): replied,ACME-A000436
haley.morris@aguirrellc.example.com,2026-04-16 15:23:24,Sales email (Sofia Alvarez): sent,ACME-A000437
andrew.taylor@hamiltonwagner.example.com,2026-04-16 15:36:14,Sales email (Owen Brooks): sent,ACME-A000439
samantha.nguyen@perkinsmiller.example.com,2026-04-16 15:56:18,Sales email (Grace Kim): sent,ACME-A000440
javier.brown@nguyennelsonandjohns.example.com,2026-04-16 17:05:15,Sales email (Jordan Ellis): sent,ACME-A000441
bradley.schmidt@wrightberger.example.com,2026-04-16 18:16:58,Sales email (Dana Whitfield): sent,ACME-A000442
melissa.porter@cruzmorrisandcobb.example.com,2026-04-16 18:23:48,Sales email (Marcus Lee): sent,ACME-A000443
robin.williams@jimenezcaldwellandwu.example.com,2026-04-16 20:14:18,Sales email (Jordan Ellis): sent,ACME-A000447
seth.giles@schwartzllc.example.com,2026-04-16 21:04:27,Sales email (Sofia Alvarez): bounced,ACME-A000448
thomas.lamb@davisfoxandreese.example.com,2026-04-16 21:23:30,Sales email (Owen Brooks): sent,ACME-A000450
katherine.hernandez@huntandsons.example.com,2026-04-16 22:37:40,Sales email (Grace Kim): replied,ACME-A000452
jaclyn.johnson@cooperandsons.example.com,2026-04-16 23:25:31,Sales email (Sofia Alvarez): replied,ACME-A000453
james.pope@oliverinc.example.com,2026-04-17 03:02:41,Sales email (Priya Raman): sent,ACME-A000457
samantha.nguyen@perkinsmiller.example.com,2026-04-17 05:56:35,Sales email (Grace Kim): sent,ACME-A000460
jessica.butler@maldonadosullivan.example.com,2026-04-17 07:14:14,Sales email (Sofia Alvarez): replied,ACME-A000461
catherine.cox@leebrown.example.com,2026-04-17 08:37:49,Sales email (Acme Round Robin): sent,ACME-A000463
andre.davis@whitewoodardandadams.example.com,2026-04-17 08:39:13,Sales email (Sofia Alvarez): sent,ACME-A000464
zachary.phillips@elliswarnerandcruz.example.com,2026-04-17 09:46:58,Sales email (Dana Whitfield): sent,ACME-A000465
hunter.campos@nelsonbullock.example.com,2026-04-17 10:39:19,Sales email (Priya Raman): sent,ACME-A000466
richard.gordon@cartercarey.example.com,2026-04-17 11:57:45,Sales email (Grace Kim): sent,ACME-A000468
judy.chavez@mcgeemarshall.example.com,2026-04-17 12:45:50,Sales email (Grace Kim): sent,ACME-A000469
robert.campbell@davismartinanddominguez.example.com,2026-04-17 12:49:46,Sales email (Dana Whitfield): replied,ACME-A000470
richard.gordon@cartercarey.example.com,2026-04-17 13:14:17,Sales email (Grace Kim): sent,ACME-A000472
keith.sanchez@andersoncarterandrussell.example.com,2026-04-17 16:50:47,Sales email (Grace Kim): replied,ACME-A000478
haley.morris@aguirrellc.example.com,2026-04-17 17:13:05,Sales email (Sofia Alvarez): bounced,ACME-A000479
claire.mccullough@morgangroup.example.com,2026-04-17 18:48:50,Sales email (Dana Whitfield): replied,ACME-A000482
alyssa.harmon@gonzalezschwartz.example.com,2026-04-17 19:12:31,Sales email (Priya Raman): sent,ACME-A000484
kristen.carlson@castanedamooreandorozco.example.com,2026-04-17 22:43:31,Sales email (Jordan Ellis): sent,ACME-A000488
james.morse@williamsevansandsmith.example.com,2026-04-17 23:19:27,Sales email (Sofia Alvarez): replied,ACME-A000490
tara.ochoa@howardhernandez.example.com,2026-04-17 23:54:24,Sales email (Owen Brooks): sent,ACME-A000491
eugene.casey@kingandsons.example.com,2026-04-18 00:01:56,Sales email (Sofia Alvarez): sent,ACME-A000492
bryan.mora@bennettgroup.example.com,2026-04-18 02:09:00,Sales email (Sofia Alvarez): sent,ACME-A000494
margaret.pace@berryfrancisandmartin.example.com,2026-04-18 07:02:43,Sales email (Acme Round Robin): sent,ACME-A000495
richard.andrade@hendersoninc.example.com,2026-04-18 07:55:35,Sales email (Dana Whitfield): replied,ACME-A000496
julie.walker@heberthuangandquinn.example.com,2026-04-18 08:11:03,Sales email (Jordan Ellis): replied,ACME-A000497
kelly.brown@muellerknight.example.com,2026-04-18 08:11:15,Sales email (Dana Whitfield): sent,ACME-A000498
daniel.jones@stephensmartinandsimmons.example.com,2026-04-18 10:08:56,Sales email (Grace Kim): replied,ACME-A000500
william.brown@hollandperryandaustin.example.com,2026-04-18 11:34:24,Sales email (Dana Whitfield): sent,ACME-A000501
robin.mcclain@alexanderandsons.example.com,2026-04-18 13:31:32,Sales email (Priya Raman): bounced,ACME-A000502
patricia.miller@stantonphillipsandmcfarl.example.com,2026-04-18 14:26:32,Sales email (Sofia Alvarez): replied,ACME-A000503
eugene.casey@kingandsons.example.com,2026-04-18 16:56:02,Sales email (Sofia Alvarez): bounced,ACME-A000506
justin.walls@garciadavenport.example.com,2026-04-18 18:56:38,Sales email (Owen Brooks): sent,ACME-A000507
courtney.schmidt@whitellc.example.com,2026-04-18 19:08:49,Sales email (Owen Brooks): sent,ACME-A000509
claire.mccullough@morgangroup.example.com,2026-04-18 20:46:19,Sales email (Dana Whitfield): sent,ACME-A000511
amy.waters@thomashesterandrobles.example.com,2026-04-18 21:49:58,Sales email (Dana Whitfield): sent,ACME-A000513
brianna.harris@gutierrezllc.example.com,2026-04-18 23:55:25,Sales email (Marcus Lee): replied,ACME-A000515
carolyn.holmes@wheelerlane.example.com,2026-04-19 00:55:30,Sales email (Acme Round Robin): replied,ACME-A000518
gregory.hall@rosariohernandez.example.com,2026-04-19 01:21:32,Sales email (Sofia Alvarez): sent,ACME-A000519
tammy.robinson@thomasandrade.example.com,2026-04-19 06:21:26,Sales email (Sofia Alvarez): sent,ACME-A000525
kenneth.hill@nortonltd.example.com,2026-04-19 12:32:14,Sales email (Marcus Lee): sent,ACME-A000532
wesley.harris@jameswells.example.com,2026-04-19 12:53:44,Sales email (Jordan Ellis): sent,ACME-A000533
dana.chung@daymillerandwilliams.example.com,2026-04-19 14:51:08,Sales email (Marcus Lee): replied,ACME-A000537
ian.campbell@smithplc.example.com,2026-04-19 16:06:14,Sales email (Marcus Lee): sent,ACME-A000539
james.diaz@wellswatsonandcalhoun.example.com,2026-04-19 16:52:24,Sales email (Jordan Ellis): sent,ACME-A000540
scott.salazar@wolfinc.example.com,2026-04-19 17:38:12,Sales email (Priya Raman): sent,ACME-A000541
megan.chambers@williamsplc.example.com,2026-04-19 18:04:40,Sales email (Dana Whitfield): replied,ACME-A000542
carolyn.gray@melendezleeandprice.example.com,2026-04-19 21:48:39,Sales email (Priya Raman): sent,ACME-A000548
kelly.rodriguez@parrishjohnstonandvillan.example.com,2026-04-19 22:03:52,Sales email (Marcus Lee): sent,ACME-A000549
christine.king@hilldanielsandglass.example.com,2026-04-19 22:07:33,Sales email (Grace Kim): bounced,ACME-A000550
lori.jackson@robinsonatkinsanddavis.example.com,2026-04-19 22:17:15,Sales email (Marcus Lee): sent,ACME-A000551
roberta.briggs@grahamzavalaandbrock.example.com,2026-04-19 22:25:27,Sales email (Dana Whitfield): sent,ACME-A000552
brandon.lopez@georgeschwartz.example.com,2026-04-19 23:14:58,Sales email (Priya Raman): bounced,ACME-A000553
thomas.hardy@smithlloydandjackson.example.com,2026-04-19 23:21:18,Sales email (Acme Round Robin): replied,ACME-A000554
jacob.hayes@laneandsons.example.com,2026-04-20 01:14:57,Sales email (Marcus Lee): sent,ACME-A000557
elizabeth.fuller@harrisplc.example.com,2026-04-20 01:38:07,Sales email (Jordan Ellis): sent,ACME-A000559
david.reynolds@silvaperezandwhite.example.com,2026-04-20 01:43:03,Sales email (Marcus Lee): sent,ACME-A000560
nichole.oconnell@moraleshoffmanandandrews.example.com,2026-04-20 03:20:59,Sales email (Marcus Lee): sent,ACME-A000561
christine.craig@andersongroup.example.com,2026-04-20 04:59:20,Sales email (Priya Raman): sent,ACME-A000562
nicole.oconnor@brownlongandvillanueva.example.com,2026-04-20 08:40:32,Sales email (Owen Brooks): sent,ACME-A000564
julie.stephenson@butlerwilliams.example.com,2026-04-20 10:50:31,Sales email (Sofia Alvarez): sent,ACME-A000567
danielle.riggs@wilkinsking.example.com,2026-04-20 11:54:37,Sales email (Dana Whitfield): sent,ACME-A000569
andrea.ball@gentryshepard.example.com,2026-04-20 13:02:22,Sales email (Marcus Lee): replied,ACME-A000571
michael.frederick@andrewshodge.example.com,2026-04-20 17:11:07,Sales email (Acme Round Robin): sent,ACME-A000579
jennifer.larson@glassevans.example.com,2026-04-20 17:12:27,Sales email (Marcus Lee): sent,ACME-A000580
chad.randolph@sanchezbakerandbryant.example.com,2026-04-20 18:30:25,Sales email (Dana Whitfield): sent,ACME-A000581
lance.allen@salazarharrison.example.com,2026-04-20 19:16:38,Sales email (Marcus Lee): sent,ACME-A000585
barbara.mills@hoodltd.example.com,2026-04-20 19:45:55,Sales email (Sofia Alvarez): replied,ACME-A000587
andrea.ball@gentryshepard.example.com,2026-04-20 20:17:47,Sales email (Marcus Lee): replied,ACME-A000588
michael.decker@coffeyplc.example.com,2026-04-20 23:12:36,Sales email (Dana Whitfield): sent,ACME-A000589
marvin.malone@piercechavez.example.com,2026-04-20 23:24:35,Sales email (Dana Whitfield): sent,ACME-A000590
roberta.briggs@grahamzavalaandbrock.example.com,2026-04-21 00:14:19,Sales email (Dana Whitfield): sent,ACME-A000592
nicole.parks@smithinc.example.com,2026-04-21 00:25:10,Sales email (Sofia Alvarez): sent,ACME-A000593
brianna.harris@gutierrezllc.example.com,2026-04-21 02:13:40,Sales email (Marcus Lee): sent,ACME-A000594
kimberly.chavez@martinphamandwoods.example.com,2026-04-21 06:05:33,Sales email (Dana Whitfield): replied,ACME-A000599
justin.walls@garciadavenport.example.com,2026-04-21 06:12:36,Sales email (Owen Brooks): sent,ACME-A000600
maria.gaines@joneskellyandsanchez.example.com,2026-04-21 08:31:34,Sales email (Sofia Alvarez): sent,ACME-A000602
duane.harrell@brownreevesandtran.example.com,2026-04-21 08:58:08,Sales email (Dana Whitfield): sent,ACME-A000603
michael.rivera@woodsltd.example.com,2026-04-21 09:54:53,Sales email (Dana Whitfield): replied,ACME-A000604
david.smith@robinsoninc.example.com,2026-04-21 10:58:15,Sales email (Marcus Lee): sent,ACME-A000606
daniel.anderson@cochrangroup.example.com,2026-04-21 13:26:33,Sales email (Marcus Lee): replied,ACME-A000611
daniel.martin@andersonroseandallen.example.com,2026-04-21 14:24:37,Sales email (Marcus Lee): replied,ACME-A000614
jennifer.smith@gonzalezflores.example.com,2026-04-21 15:06:57,Sales email (Sofia Alvarez): sent,ACME-A000616
james.small@wilsonpriceanddawson.example.com,2026-04-21 16:36:33,Sales email (Dana Whitfield): bounced,ACME-A000621
michelle.tucker@smithjohnsonandmooney.example.com,2026-04-21 20:32:58,Sales email (Dana Whitfield): replied,ACME-A000625
william.aguirre@obriengonzalezandramirez.example.com,2026-04-21 20:48:09,Sales email (Owen Brooks): sent,ACME-A000626
kathleen.gonzalez@jonesplc.example.com,2026-04-21 20:53:46,Sales email (Grace Kim): sent,ACME-A000627
tara.ochoa@howardhernandez.example.com,2026-04-22 00:30:55,Sales email (Owen Brooks): bounced,ACME-A000630
peter.berg@kingbrown.example.com,2026-04-22 01:34:54,Sales email (Marcus Lee): replied,ACME-A000632
kristin.burton@frenchterry.example.com,2026-04-22 04:09:56,Sales email (Dana Whitfield): sent,ACME-A000637
misty.fisher@garciaandsons.example.com,2026-04-22 05:53:58,Sales email (Sofia Alvarez): sent,ACME-A000640
jennifer.larson@glassevans.example.com,2026-04-22 06:01:14,Sales email (Marcus Lee): sent,ACME-A000641
mary.bishop@yangllc.example.com,2026-04-22 09:24:41,Sales email (Priya Raman): sent,ACME-A000643
tyler.schmidt@josephelliottandmontgome.example.com,2026-04-22 10:17:06,Sales email (Dana Whitfield): bounced,ACME-A000645
carl.roy@millerchase.example.com,2026-04-22 11:50:06,Sales email (Acme Round Robin): sent,ACME-A000648
tammy.burns@colemangroup.example.com,2026-04-22 12:37:46,Sales email (Acme Round Robin): sent,ACME-A000649
kevin.hood@reyesandsons.example.com,2026-04-22 13:31:54,Sales email (Priya Raman): sent,ACME-A000651
keith.baird@goldenblair.example.com,2026-04-22 13:54:42,Sales email (Acme Round Robin): sent,ACME-A000654
michelle.allen@glassandsons.example.com,2026-04-22 14:10:43,Sales email (Dana Whitfield): replied,ACME-A000655
teresa.garcia@rodriguezandsons.example.com,2026-04-22 14:39:50,Sales email (Dana Whitfield): replied,ACME-A000656
james.pope@oliverinc.example.com,2026-04-22 15:50:15,Sales email (Priya Raman): bounced,ACME-A000659
daniel.howard@bradleyllc.example.com,2026-04-22 16:10:55,Sales email (Grace Kim): sent,ACME-A000661
crystal.long@kingplc.example.com,2026-04-22 20:18:20,Sales email (Sofia Alvarez): sent,ACME-A000663
erica.chavez@jordanmarshallandwilliam.example.com,2026-04-22 21:28:14,Sales email (Dana Whitfield): replied,ACME-A000664
jermaine.ortiz@rhodesplc.example.com,2026-04-22 23:53:27,Sales email (Dana Whitfield): sent,ACME-A000667
jodi.perez@shaffergroup.example.com,2026-04-23 04:57:06,Sales email (Marcus Lee): sent,ACME-A000671
virginia.powell@martingroup.example.com,2026-04-23 07:03:28,Sales email (Sofia Alvarez): sent,ACME-A000672
sarah.jones@murraymartin.example.com,2026-04-23 09:54:50,Sales email (Priya Raman): sent,ACME-A000674
jennifer.huffman@buchananplc.example.com,2026-04-23 10:25:14,Sales email (Marcus Lee): sent,ACME-A000676
meghan.jacobson@rodriguezbryanandhaynes.example.com,2026-04-23 12:14:35,Sales email (Marcus Lee): replied,ACME-A000678
james.morse@williamsevansandsmith.example.com,2026-04-23 14:54:10,Sales email (Sofia Alvarez): replied,ACME-A000684
benjamin.harris@fuentesrichmondandking.example.com,2026-04-23 15:06:27,Sales email (Dana Whitfield): replied,ACME-A000685
carolyn.holmes@wheelerlane.example.com,2026-04-23 19:28:32,Sales email (Acme Round Robin): replied,ACME-A000693
richard.andrade@hendersoninc.example.com,2026-04-23 19:50:46,Sales email (Dana Whitfield): sent,ACME-A000694
tammy.robinson@thomasandrade.example.com,2026-04-23 22:31:21,Sales email (Sofia Alvarez): sent,ACME-A000698
christina.hernandez@jonesandsons.example.com,2026-04-23 23:34:18,Sales email (Dana Whitfield): sent,ACME-A000700
william.eaton@andersonwilkins.example.com,2026-04-24 02:36:05,Sales email (Marcus Lee): replied,ACME-A000702
anthony.duncan@barneswright.example.com,2026-04-24 03:21:47,Sales email (Sofia Alvarez): sent,ACME-A000704
claire.mccullough@morgangroup.example.com,2026-04-24 03:36:16,Sales email (Dana Whitfield): sent,ACME-A000705
dustin.stone@jenkinsinc.example.com,2026-04-24 04:41:32,Sales email (Owen Brooks): sent,ACME-A000707
robert.french@chaneyfieldsandwilliams.example.com,2026-04-24 05:04:30,Sales email (Sofia Alvarez): replied,ACME-A000708
nicholas.brooks@francisjohnsonandbeck.example.com,2026-04-24 06:12:46,Sales email (Sofia Alvarez): sent,ACME-A000709
chad.randolph@sanchezbakerandbryant.example.com,2026-04-24 08:23:51,Sales email (Dana Whitfield): sent,ACME-A000711
john.jordan@finleyhughes.example.com,2026-04-24 09:48:47,Sales email (Sofia Alvarez): sent,ACME-A000713
allen.sparks@loveplc.example.com,2026-04-24 10:23:12,Sales email (Marcus Lee): sent,ACME-A000714
jesse.williams@barajasllc.example.com,2026-04-24 14:38:16,Sales email (Jordan Ellis): sent,ACME-A000718
harold.nelson@wallacebellanddavis.example.com,2026-04-24 14:42:33,Sales email (Sofia Alvarez): sent,ACME-A000719
brett.thomas@mejiaanderson.example.com,2026-04-24 15:43:56,Sales email (Dana Whitfield): sent,ACME-A000722
jacob.smith@bennettkingandsimmons.example.com,2026-04-24 15:45:15,Sales email (Owen Brooks): replied,ACME-A000723
jacqueline.matthews@figueroagroup.example.com,2026-04-24 15:52:37,Sales email (Acme Round Robin): sent,ACME-A000724
samantha.clark@thomasshaw.example.com,2026-04-24 18:45:14,Sales email (Marcus Lee): sent,ACME-A000727
jenny.hudson@wolfemathewsandkim.example.com,2026-04-24 20:33:01,Sales email (Owen Brooks): sent,ACME-A000731
chad.randolph@sanchezbakerandbryant.example.com,2026-04-24 22:11:48,Sales email (Dana Whitfield): sent,ACME-A000734
rebecca.bowers@millerplc.example.com,2026-04-25 00:27:45,Sales email (Marcus Lee): sent,ACME-A000736
mark.boyd@mooremooreandwright.example.com,2026-04-25 01:14:43,Sales email (Priya Raman): sent,ACME-A000737
james.spence@holderplc.example.com,2026-04-25 02:18:03,Sales email (Priya Raman): sent,ACME-A000738
aaron.martinez@arnoldinc.example.com,2026-04-25 03:12:34,Sales email (Sofia Alvarez): sent,ACME-A000740
jonathan.hudson@floresllc.example.com,2026-04-25 06:08:41,Sales email (Dana Whitfield): sent,ACME-A000742
brian.tran@davidllc.example.com,2026-04-25 07:24:17,Sales email (Marcus Lee): sent,ACME-A000745
kevin.bradley@kingpaul.example.com,2026-04-25 09:07:02,Sales email (Owen Brooks): sent,ACME-A000746
james.morse@williamsevansandsmith.example.com,2026-04-25 09:09:46,Sales email (Sofia Alvarez): sent,ACME-A000747
francisco.contreras@sandersgroup.example.com,2026-04-25 11:34:37,Sales email (Dana Whitfield): replied,ACME-A000748
daniel.johnson@wrightandsons.example.com,2026-04-25 11:50:14,Sales email (Jordan Ellis): sent,ACME-A000749
edward.horn@sandershaney.example.com,2026-04-25 12:29:53,Sales email (Priya Raman): sent,ACME-A000750
jerry.cook@norrisscott.example.com,2026-04-25 12:36:31,Sales email (Owen Brooks): sent,ACME-A000752
jason.davis@morrishunterandharris.example.com,2026-04-25 12:54:49,Sales email (Owen Brooks): sent,ACME-A000754
patrick.brewer@davisandsons.example.com,2026-04-25 15:40:28,Sales email (Marcus Lee): sent,ACME-A000757
erin.jennings@adamsplc.example.com,2026-04-25 16:18:30,Sales email (Owen Brooks): sent,ACME-A000758
bethany.prince@bartonhall.example.com,2026-04-25 17:33:55,Sales email (Dana Whitfield): sent,ACME-A000760
jennifer.anderson@riverallc.example.com,2026-04-25 17:56:06,Sales email (Sofia Alvarez): sent,ACME-A000761
roberta.briggs@grahamzavalaandbrock.example.com,2026-04-25 18:29:09,Sales email (Dana Whitfield): sent,ACME-A000766
lisa.wang@johnsonjenkins.example.com,2026-04-25 18:59:03,Sales email (Dana Whitfield): replied,ACME-A000768
james.spence@holderplc.example.com,2026-04-25 19:10:17,Sales email (Priya Raman): replied,ACME-A000769
lauren.dawson@mckenzieplc.example.com,2026-04-25 23:07:09,Sales email (Dana Whitfield): sent,ACME-A000774
robert.long@orozcoharrisandwest.example.com,2026-04-26 03:00:24,Sales email (Marcus Lee): replied,ACME-A000776
thomas.hardy@smithlloydandjackson.example.com,2026-04-26 06:21:57,Sales email (Acme Round Robin): sent,ACME-A000778
sonya.sullivan@atkinsonlowe.example.com,2026-04-26 06:44:42,Sales email (Jordan Ellis): sent,ACME-A000779
jeremy.perez@wilkersonweaver.example.com,2026-04-26 11:33:49,Sales email (Priya Raman): sent,ACME-A000785
david.olson@garcianguyenandscott.example.com,2026-04-26 11:50:07,Sales email (Owen Brooks): sent,ACME-A000786
catherine.murphy@carsonmejia.example.com,2026-04-26 13:08:56,Sales email (Sofia Alvarez): replied,ACME-A000789
joseph.poole@bradyltd.example.com,2026-04-26 15:21:44,Sales email (Owen Brooks): sent,ACME-A000790
holly.lee@montoyajohnsonanddavis.example.com,2026-04-26 15:52:52,Sales email (Sofia Alvarez): replied,ACME-A000791
brett.thomas@mejiaanderson.example.com,2026-04-26 17:56:26,Sales email (Dana Whitfield): sent,ACME-A000793
marvin.malone@piercechavez.example.com,2026-04-26 18:01:56,Sales email (Dana Whitfield): sent,ACME-A000794
jacob.hayes@laneandsons.example.com,2026-04-26 18:13:33,Sales email (Marcus Lee): sent,ACME-A000795
brett.thomas@mejiaanderson.example.com,2026-04-26 18:40:14,Sales email (Dana Whitfield): sent,ACME-A000796
brittany.alexander@rhodesllc.example.com,2026-04-27 00:08:39,Sales email (Dana Whitfield): sent,ACME-A000802
chris.grant@fisherhayden.example.com,2026-04-27 01:09:55,Sales email (Dana Whitfield): sent,ACME-A000803
william.woodard@jensenreynolds.example.com,2026-04-27 03:47:32,Sales email (Jordan Ellis): sent,ACME-A000806
chris.grant@fisherhayden.example.com,2026-04-27 05:14:52,Sales email (Dana Whitfield): sent,ACME-A000807
patrick.willis@lopezplc.example.com,2026-04-27 05:57:37,Sales email (Priya Raman): sent,ACME-A000808
andrew.knight@fisherllc.example.com,2026-04-27 06:40:01,Sales email (Sofia Alvarez): sent,ACME-A000810
jacqueline.matthews@figueroagroup.example.com,2026-04-27 08:30:24,Sales email (Acme Round Robin): sent,ACME-A000814
anthony.gutierrez@gordonyorkandmontgomery.example.com,2026-04-27 08:51:36,Sales email (Dana Whitfield): sent,ACME-A000815
sally.sanders@pagetran.example.com,2026-04-27 10:34:07,Sales email (Dana Whitfield): replied,ACME-A000819
james.pope@oliverinc.example.com,2026-04-27 11:17:06,Sales email (Priya Raman): sent,ACME-A000820
brenda.bray@burkellc.example.com,2026-04-27 12:56:04,Sales email (Jordan Ellis): sent,ACME-A000821
nicole.schroeder@fisherperezandbowen.example.com,2026-04-27 13:43:43,Sales email (Priya Raman): replied,ACME-A000823
william.lee@maddoxgroup.example.com,2026-04-27 17:43:46,Sales email (Owen Brooks): replied,ACME-A000829
jacqueline.matthews@figueroagroup.example.com,2026-04-27 18:24:56,Sales email (Acme Round Robin): sent,ACME-A000830
john.price@banksparker.example.com,2026-04-27 19:04:38,Sales email (Acme Round Robin): sent,ACME-A000831
peter.savage@andersonwright.example.com,2026-04-27 19:17:57,Sales email (Grace Kim): sent,ACME-A000832
sarah.young@frenchltd.example.com,2026-04-27 19:33:10,Sales email (Priya Raman): replied,ACME-A000833
brandon.doyle@wardlucasandsmith.example.com,2026-04-27 19:48:12,Sales email (Priya Raman): sent,ACME-A000834
maurice.day@mendozaltd.example.com,2026-04-27 20:04:58,Sales email (Dana Whitfield): bounced,ACME-A000835
robert.french@chaneyfieldsandwilliams.example.com,2026-04-27 20:19:35,Sales email (Sofia Alvarez): sent,ACME-A000836
leonard.lawson@cantrellgroup.example.com,2026-04-27 21:38:06,Sales email (Priya Raman): bounced,ACME-A000841
james.spence@holderplc.example.com,2026-04-27 22:51:04,Sales email (Priya Raman): sent,ACME-A000844
julie.green@perkinsandsons.example.com,2026-04-27 23:51:51,Sales email (Grace Kim): sent,ACME-A000846
jacqueline.matthews@figueroagroup.example.com,2026-04-28 00:45:28,Sales email (Acme Round Robin): replied,ACME-A000849
timothy.morales@sanderslong.example.com,2026-04-28 01:15:16,Sales email (Jordan Ellis): sent,ACME-A000850
nathan.gonzalez@gilbertyoung.example.com,2026-04-28 01:42:01,Sales email (Marcus Lee): sent,ACME-A000852
elizabeth.moore@webbrussellandflynn.example.com,2026-04-28 04:17:37,Sales email (Marcus Lee): sent,ACME-A000854
monique.kline@holmesguerrero.example.com,2026-04-28 04:45:08,Sales email (Owen Brooks): replied,ACME-A000855
david.barnes@lambertwilson.example.com,2026-04-28 05:02:59,Sales email (Priya Raman): sent,ACME-A000856
lance.allen@salazarharrison.example.com,2026-04-28 05:23:57,Sales email (Marcus Lee): bounced,ACME-A000857
taylor.williams@stonegarcia.example.com,2026-04-28 06:28:03,Sales email (Dana Whitfield): sent,ACME-A000859
colton.griffin@lewisschaeferandramirez.example.com,2026-04-28 08:08:42,Sales email (Jordan Ellis): sent,ACME-A000863
leah.graham@evansherrera.example.com,2026-04-28 08:39:45,Sales email (Sofia Alvarez): sent,ACME-A000864
sandra.diaz@carrollhayesandmanning.example.com,2026-04-28 10:18:51,Sales email (Dana Whitfield): replied,ACME-A000867
timothy.morales@sanderslong.example.com,2026-04-28 10:44:02,Sales email (Jordan Ellis): sent,ACME-A000868
lisa.mays@lanemoore.example.com,2026-04-28 11:12:32,Sales email (Priya Raman): sent,ACME-A000870
karen.carroll@hayneswagnerandbrowning.example.com,2026-04-28 13:51:57,Sales email (Jordan Ellis): sent,ACME-A000874
julie.walker@heberthuangandquinn.example.com,2026-04-28 14:28:08,Sales email (Jordan Ellis): sent,ACME-A000876
gregory.hall@rosariohernandez.example.com,2026-04-28 14:33:16,Sales email (Sofia Alvarez): sent,ACME-A000877
lisa.thomas@leemayandle.example.com,2026-04-28 14:34:37,Sales email (Owen Brooks): replied,ACME-A000878
jason.davis@morrishunterandharris.example.com,2026-04-28 17:00:46,Sales email (Owen Brooks): sent,ACME-A000883
kimberly.carter@ryanayalaandmalone.example.com,2026-04-28 17:21:13,Sales email (Priya Raman): sent,ACME-A000884
jonathan.rojas@pollardphillipsandjohnso.example.com,2026-04-28 18:36:26,Sales email (Sofia Alvarez): sent,ACME-A000885
brian.nicholson@caincoffey.example.com,2026-04-28 18:41:09,Sales email (Sofia Alvarez): replied,ACME-A000886
angela.sullivan@millerbarajasandross.example.com,2026-04-28 18:54:32,Sales email (Jordan Ellis): sent,ACME-A000888
jessica.mendez@whitepalmerandcantu.example.com,2026-04-28 20:17:35,Sales email (Marcus Lee): sent,ACME-A000890
amber.herrera@connergroup.example.com,2026-04-28 21:47:35,Sales email (Sofia Alvarez): replied,ACME-A000895
christine.king@hilldanielsandglass.example.com,2026-04-28 22:07:27,Sales email (Grace Kim): sent,ACME-A000896
monique.johnson@finleyallison.example.com,2026-04-29 00:09:23,Sales email (Dana Whitfield): replied,ACME-A000897
suzanne.kaufman@griffinbaker.example.com,2026-04-29 01:00:17,Sales email (Sofia Alvarez): replied,ACME-A000898
jaclyn.johnson@cooperandsons.example.com,2026-04-29 02:00:55,Sales email (Sofia Alvarez): replied,ACME-A000899
robin.williams@jimenezcaldwellandwu.example.com,2026-04-29 02:02:31,Sales email (Jordan Ellis): sent,ACME-A000900
jenna.griffin@millerdavisandjimenez.example.com,2026-04-29 04:02:28,Sales email (Grace Kim): replied,ACME-A000901
lisa.rogers@russellgriffithandbrown.example.com,2026-04-29 06:21:15,Sales email (Sofia Alvarez): sent,ACME-A000907
christopher.peterson@taylorlee.example.com,2026-04-29 08:51:13,Sales email (Marcus Lee): sent,ACME-A000910
kenneth.hill@nortonltd.example.com,2026-04-29 11:39:17,Sales email (Marcus Lee): sent,ACME-A000914
brian.nicholson@caincoffey.example.com,2026-04-29 11:43:52,Sales email (Sofia Alvarez): sent,ACME-A000915
christine.hardin@johnsonltd.example.com,2026-04-29 13:06:40,Sales email (Priya Raman): replied,ACME-A000917
karen.jimenez@bennettllc.example.com,2026-04-29 14:15:31,Sales email (Dana Whitfield): replied,ACME-A000919
rebecca.drake@johnsonplc.example.com,2026-04-29 14:21:33,Sales email (Priya Raman): sent,ACME-A000920
tristan.robinson@kellycarr.example.com,2026-04-29 15:58:56,Sales email (Dana Whitfield): sent,ACME-A000923
teresa.morris@fullergroup.example.com,2026-04-29 16:30:16,Sales email (Priya Raman): sent,ACME-A000927
katherine.evans@vaughninc.example.com,2026-04-29 17:21:11,Sales email (Jordan Ellis): replied,ACME-A000928
brian.mcdonald@kennedyplc.example.com,2026-04-29 17:35:34,Sales email (Owen Brooks): sent,ACME-A000929
brian.tran@davidllc.example.com,2026-04-29 18:20:30,Sales email (Marcus Lee): sent,ACME-A000932
renee.woods@linsnyderandsmith.example.com,2026-04-29 18:26:40,Sales email (Priya Raman): sent,ACME-A000933
crystal.roy@poncemartinezandgordon.example.com,2026-04-29 18:58:53,Sales email (Marcus Lee): sent,ACME-A000935
katelyn.dickerson@wardgroup.example.com,2026-04-29 22:05:11,Sales email (Priya Raman): replied,ACME-A000941
renee.hammond@williamswolf.example.com,2026-04-29 22:45:54,Sales email (Owen Brooks): sent,ACME-A000942
deborah.kaiser@simonllc.example.com,2026-04-30 01:33:25,Sales email (Priya Raman): replied,ACME-A000944
james.vasquez@salascooper.example.com,2026-04-30 02:37:56,Sales email (Sofia Alvarez): sent,ACME-A000945
joseph.powers@olsongroup.example.com,2026-04-30 05:45:45,Sales email (Grace Kim): sent,ACME-A000948
betty.rodriguez@fullerleonard.example.com,2026-04-30 08:17:53,Sales email (Jordan Ellis): bounced,ACME-A000952
christina.rubio@ramosandsons.example.com,2026-04-30 10:36:43,Sales email (Sofia Alvarez): replied,ACME-A000956
teresa.aguilar@williamsplc.example.com,2026-04-30 11:33:09,Sales email (Dana Whitfield): sent,ACME-A000958
monique.kline@holmesguerrero.example.com,2026-04-30 11:36:37,Sales email (Owen Brooks): sent,ACME-A000959
catherine.bailey@mooreinc.example.com,2026-04-30 13:40:49,Sales email (Jordan Ellis): replied,ACME-A000963
robin.blackburn@vancejonesandparrish.example.com,2026-04-30 14:16:22,Sales email (Sofia Alvarez): replied,ACME-A000965
sherri.baker@vanceschaefer.example.com,2026-04-30 14:29:42,Sales email (Jordan Ellis): sent,ACME-A000966
katherine.evans@vaughninc.example.com,2026-04-30 15:21:47,Sales email (Jordan Ellis): sent,ACME-A000967
chelsea.flores@barnesllc.example.com,2026-04-30 15:54:46,Sales email (Priya Raman): replied,ACME-A000969
betty.rodriguez@fullerleonard.example.com,2026-04-30 15:54:49,Sales email (Jordan Ellis): sent,ACME-A000970
seth.giles@schwartzllc.example.com,2026-04-30 16:28:25,Sales email (Sofia Alvarez): sent,ACME-A000971
stephanie.rice@blackandsons.example.com,2026-04-30 18:13:44,Sales email (Dana Whitfield): sent,ACME-A000974
angela.salinas@reedmiller.example.com,2026-04-30 19:34:51,Sales email (Priya Raman): sent,ACME-A000975
rhonda.garcia@lopezmoore.example.com,2026-04-30 20:41:47,Sales email (Dana Whitfield): sent,ACME-A000979
tammy.robinson@thomasandrade.example.com,2026-04-30 21:35:05,Sales email (Sofia Alvarez): sent,ACME-A000981
brad.jones@schwartzltd.example.com,2026-04-30 22:42:26,Sales email (Marcus Lee): sent,ACME-A000983
donna.moore@wheelerkaiser.example.com,2026-04-30 23:18:24,Sales email (Priya Raman): sent,ACME-A000984
alyssa.harmon@gonzalezschwartz.example.com,2026-05-01 00:49:10,Sales email (Priya Raman): sent,ACME-A000985
katelyn.dickerson@wardgroup.example.com,2026-05-01 02:02:09,Sales email (Priya Raman): replied,ACME-A000989
robin.blackburn@vancejonesandparrish.example.com,2026-05-01 03:13:33,Sales email (Sofia Alvarez): sent,ACME-A000991
timothy.morales@sanderslong.example.com,2026-05-01 04:05:42,Sales email (Jordan Ellis): sent,ACME-A000992
joanne.cherry@cooperevans.example.com,2026-05-01 04:39:11,Sales email (Grace Kim): sent,ACME-A000994
jason.davis@morrishunterandharris.example.com,2026-05-01 05:58:57,Sales email (Owen Brooks): sent,ACME-A000998
jesus.murray@masongrayandhenson.example.com,2026-05-01 09:01:43,Sales email (Priya Raman): replied,ACME-A000999
claire.mccullough@morgangroup.example.com,2026-05-01 09:06:17,Sales email (Dana Whitfield): sent,ACME-A001000
devon.french@coxsharp.example.com,2026-05-01 10:14:44,Sales email (Marcus Lee): sent,ACME-A001001
luis.schroeder@huangthompson.example.com,2026-05-01 12:01:16,Sales email (Dana Whitfield): sent,ACME-A001004
james.spence@holderplc.example.com,2026-05-01 12:04:31,Sales email (Priya Raman): sent,ACME-A001005
george.randall@clarkmanningandmiller.example.com,2026-05-01 12:35:35,Sales email (Owen Brooks): replied,ACME-A001007
lisa.rogers@russellgriffithandbrown.example.com,2026-05-01 13:26:44,Sales email (Sofia Alvarez): sent,ACME-A001010
toni.sawyer@dunnvaughn.example.com,2026-05-01 14:23:56,Sales email (Dana Whitfield): sent,ACME-A001011
cynthia.smith@schmidtllc.example.com,2026-05-01 14:31:54,Sales email (Dana Whitfield): sent,ACME-A001012
michael.rivera@woodsltd.example.com,2026-05-01 16:07:38,Sales email (Dana Whitfield): sent,ACME-A001015
marissa.jackson@martinschmidt.example.com,2026-05-01 16:18:24,Sales email (Dana Whitfield): sent,ACME-A001017
timothy.caldwell@sullivanallen.example.com,2026-05-01 16:54:59,Sales email (Jordan Ellis): replied,ACME-A001020
blake.serrano@greeninc.example.com,2026-05-01 18:12:07,Sales email (Marcus Lee): sent,ACME-A001023
roberta.briggs@grahamzavalaandbrock.example.com,2026-05-01 18:22:27,Sales email (Dana Whitfield): sent,ACME-A001024
john.arnold@hamiltoninc.example.com,2026-05-01 20:08:16,Sales email (Jordan Ellis): replied,ACME-A001026
joshua.white@williamsortiz.example.com,2026-05-01 21:24:14,Sales email (Marcus Lee): sent,ACME-A001027
anthony.ramirez@fordmillerandstewart.example.com,2026-05-01 22:05:52,Sales email (Priya Raman): sent,ACME-A001028
mario.stevens@harrisonplc.example.com,2026-05-02 00:00:05,Sales email (Jordan Ellis): sent,ACME-A001029
james.spence@holderplc.example.com,2026-05-02 00:32:04,Sales email (Priya Raman): sent,ACME-A001031
daniel.howell@thomasinc.example.com,2026-05-02 01:51:38,Sales email (Dana Whitfield): sent,ACME-A001033
jeffrey.perez@friedmandiaz.example.com,2026-05-02 02:06:28,Sales email (Priya Raman): sent,ACME-A001034
amanda.wilson@hernandezllc.example.com,2026-05-02 02:22:46,Sales email (Jordan Ellis): sent,ACME-A001035
nathan.gonzalez@gilbertyoung.example.com,2026-05-02 06:12:34,Sales email (Marcus Lee): sent,ACME-A001039
natalie.mccall@wongdixon.example.com,2026-05-02 06:53:40,Sales email (Dana Whitfield): replied,ACME-A001041
catherine.bailey@mooreinc.example.com,2026-05-02 08:54:31,Sales email (Jordan Ellis): sent,ACME-A001043
anthony.gutierrez@gordonyorkandmontgomery.example.com,2026-05-02 09:17:30,Sales email (Dana Whitfield): sent,ACME-A001044
brian.young@brooksplc.example.com,2026-05-02 11:33:46,Sales email (Marcus Lee): replied,ACME-A001047
linda.palmer@kimjones.example.com,2026-05-02 12:45:09,Sales email (Marcus Lee): sent,ACME-A001048
lauren.bonilla@mccormickcook.example.com,2026-05-02 12:53:03,Sales email (Marcus Lee): sent,ACME-A001050
tammy.burns@colemangroup.example.com,2026-05-02 18:16:38,Sales email (Acme Round Robin): sent,ACME-A001053
jennifer.smith@williamsprestonandlogan.example.com,2026-05-02 20:18:40,Sales email (Marcus Lee): sent,ACME-A001055
brenda.bray@burkellc.example.com,2026-05-02 22:57:09,Sales email (Jordan Ellis): replied,ACME-A001056
cynthia.smith@schmidtllc.example.com,2026-05-03 00:23:11,Sales email (Dana Whitfield): sent,ACME-A001058
toni.sawyer@dunnvaughn.example.com,2026-05-03 01:09:55,Sales email (Dana Whitfield): sent,ACME-A001060
gregory.hall@rosariohernandez.example.com,2026-05-03 01:34:23,Sales email (Sofia Alvarez): sent,ACME-A001061
jonathan.friedman@youngandsons.example.com,2026-05-03 02:29:52,Sales email (Marcus Lee): sent,ACME-A001063
jonathan.friedman@youngandsons.example.com,2026-05-03 02:30:13,Sales email (Marcus Lee): sent,ACME-A001064
allen.sparks@loveplc.example.com,2026-05-03 03:56:39,Sales email (Marcus Lee): sent,ACME-A001066
jennifer.goodman@mclaughlinmartinandwalke.example.com,2026-05-03 05:05:24,Sales email (Marcus Lee): replied,ACME-A001069
david.owens@johnsonplc.example.com,2026-05-03 07:05:04,Sales email (Priya Raman): sent,ACME-A001071
sonya.sullivan@atkinsonlowe.example.com,2026-05-03 09:27:06,Sales email (Jordan Ellis): sent,ACME-A001074
darin.schmidt@connerllc.example.com,2026-05-03 09:38:43,Sales email (Dana Whitfield): sent,ACME-A001076
theresa.williams@mezarayandsanders.example.com,2026-05-03 10:32:42,Sales email (Dana Whitfield): sent,ACME-A001077
william.lee@maddoxgroup.example.com,2026-05-03 11:08:48,Sales email (Owen Brooks): replied,ACME-A001078
teresa.aguilar@williamsplc.example.com,2026-05-03 13:31:12,Sales email (Dana Whitfield): sent,ACME-A001080
ryan.lewis@smithberryandyoung.example.com,2026-05-03 16:18:19,Sales email (Owen Brooks): replied,ACME-A001083
james.spence@holderplc.example.com,2026-05-03 17:11:13,Sales email (Priya Raman): sent,ACME-A001084
jason.larsen@grahamsmithandmahoney.example.com,2026-05-03 19:30:06,Sales email (Marcus Lee): sent,ACME-A001087
catherine.cox@leebrown.example.com,2026-05-03 20:31:26,Sales email (Acme Round Robin): sent,ACME-A001088
keith.shepherd@leegroup.example.com,2026-05-03 23:01:56,Sales email (Owen Brooks): sent,ACME-A001090
jacob.ryan@holmesinc.example.com,2026-05-03 23:25:05,Sales email (Dana Whitfield): sent,ACME-A001091
robert.french@chaneyfieldsandwilliams.example.com,2026-05-04 01:15:34,Sales email (Sofia Alvarez): sent,ACME-A001095
claire.mccullough@morgangroup.example.com,2026-05-04 02:25:29,Sales email (Dana Whitfield): replied,ACME-A001097
daniel.baldwin@pottsjonesandmckenzie.example.com,2026-05-04 03:09:47,Sales email (Owen Brooks): sent,ACME-A001098
erin.jennings@adamsplc.example.com,2026-05-04 03:24:59,Sales email (Owen Brooks): sent,ACME-A001099
lauren.bonilla@mccormickcook.example.com,2026-05-04 03:56:10,Sales email (Marcus Lee): sent,ACME-A001100
jonathan.rojas@pollardphillipsandjohnso.example.com,2026-05-04 05:22:47,Sales email (Sofia Alvarez): sent,ACME-A001101
jonathan.hudson@floresllc.example.com,2026-05-04 06:31:36,Sales email (Dana Whitfield): replied,ACME-A001102
kimberly.andrade@powellstout.example.com,2026-05-04 11:10:33,Sales email (Sofia Alvarez): replied,ACME-A001108
teresa.morris@fullergroup.example.com,2026-05-04 11:23:15,Sales email (Priya Raman): sent,ACME-A001109
joanna.moore@haysltd.example.com,2026-05-04 11:42:39,Sales email (Acme Round Robin): sent,ACME-A001111
samuel.wilson@youngjohnson.example.com,2026-05-04 14:21:18,Sales email (Dana Whitfield): replied,ACME-A001116
jonathan.brown@butlermendoza.example.com,2026-05-04 15:05:58,Sales email (Marcus Lee): replied,ACME-A001118
anna.hampton@myersjacksonandchoi.example.com,2026-05-04 15:15:17,Sales email (Jordan Ellis): sent,ACME-A001119
patrick.hernandez@adamshendersonandfernand.example.com,2026-05-04 15:53:27,Sales email (Acme Round Robin): replied,ACME-A001121
sydney.wang@longinc.example.com,2026-05-04 16:24:27,Sales email (Dana Whitfield): replied,ACME-A001123
tina.blackwell@torresguzmanandward.example.com,2026-05-04 17:28:02,Sales email (Jordan Ellis): sent,ACME-A001128
danielle.walker@murphyandsons.example.com,2026-05-04 19:24:16,Sales email (Marcus Lee): sent,ACME-A001130
charles.bailey@hernandezllc.example.com,2026-05-04 21:38:14,Sales email (Jordan Ellis): replied,ACME-A001134
joseph.poole@bradyltd.example.com,2026-05-04 22:03:39,Sales email (Owen Brooks): sent,ACME-A001135
anthony.ramirez@fordmillerandstewart.example.com,2026-05-04 22:30:38,Sales email (Priya Raman): sent,ACME-A001136
caleb.martinez@colemanrogers.example.com,2026-05-04 23:45:45,Sales email (Owen Brooks): sent,ACME-A001137
kelly.brown@muellerknight.example.com,2026-05-04 23:54:58,Sales email (Dana Whitfield): replied,ACME-A001138
lisa.camacho@robertsandsons.example.com,2026-05-05 00:36:22,Sales email (Dana Whitfield): bounced,ACME-A001139
monica.casey@davislittle.example.com,2026-05-05 01:02:22,Sales email (Sofia Alvarez): sent,ACME-A001140
sheila.schneider@princeandsons.example.com,2026-05-05 06:00:37,Sales email (Sofia Alvarez): bounced,ACME-A001148
jason.larsen@grahamsmithandmahoney.example.com,2026-05-05 07:25:33,Sales email (Marcus Lee): replied,ACME-A001149
jamie.nunez@garrettromeroandrhodes.example.com,2026-05-05 10:38:44,Sales email (Dana Whitfield): sent,ACME-A001155
jenna.griffin@millerdavisandjimenez.example.com,2026-05-05 12:39:19,Sales email (Grace Kim): sent,ACME-A001159
bruce.singh@nguyenstephensandflowers.example.com,2026-05-05 14:09:45,Sales email (Dana Whitfield): sent,ACME-A001162
sarah.fowler@roweinc.example.com,2026-05-05 14:19:34,Sales email (Dana Whitfield): replied,ACME-A001163
kevin.ortiz@thompsongarcia.example.com,2026-05-05 19:07:19,Sales email (Marcus Lee): bounced,ACME-A001169
karen.christensen@rioskennedyanddean.example.com,2026-05-05 19:40:32,Sales email (Marcus Lee): sent,ACME-A001170
mitchell.vasquez@perezcoleman.example.com,2026-05-05 21:51:14,Sales email (Sofia Alvarez): sent,ACME-A001172
joshua.white@williamsortiz.example.com,2026-05-05 22:30:30,Sales email (Marcus Lee): replied,ACME-A001175
jacob.hayes@laneandsons.example.com,2026-05-05 23:20:59,Sales email (Marcus Lee): replied,ACME-A001176
douglas.willis@parsonsdavisandmontoya.example.com,2026-05-05 23:32:08,Sales email (Owen Brooks): sent,ACME-A001177
william.lewis@brownperezandjohnson.example.com,2026-05-06 00:54:59,Sales email (Dana Whitfield): sent,ACME-A001179
sherri.baker@vanceschaefer.example.com,2026-05-06 02:11:05,Sales email (Jordan Ellis): sent,ACME-A001181
nicholas.alvarado@lanegomez.example.com,2026-05-06 04:55:03,Sales email (Marcus Lee): sent,ACME-A001185
travis.robles@baileyinc.example.com,2026-05-06 05:47:50,Sales email (Dana Whitfield): replied,ACME-A001187
anthony.gill@gloverpatterson.example.com,2026-05-06 06:22:10,Sales email (Marcus Lee): sent,ACME-A001188
patricia.jones@morrisltd.example.com,2026-05-06 07:43:32,Sales email (Priya Raman): sent,ACME-A001189
derrick.benton@bradyjohnsonandnguyen.example.com,2026-05-06 10:09:32,Sales email (Acme Round Robin): sent,ACME-A001193
brad.jones@schwartzltd.example.com,2026-05-06 10:39:51,Sales email (Marcus Lee): sent,ACME-A001195
megan.chambers@williamsplc.example.com,2026-05-06 11:07:10,Sales email (Dana Whitfield): replied,ACME-A001197
natalie.murray@hernandezltd.example.com,2026-05-06 12:44:34,Sales email (Marcus Lee): sent,ACME-A001200
eric.boyd@loganandsons.example.com,2026-05-06 12:44:58,Sales email (Priya Raman): replied,ACME-A001201
calvin.johnson@mullinswright.example.com,2026-05-06 13:54:56,Sales email (Owen Brooks): replied,ACME-A001203
adrian.mcgee@gardnercarterandsanders.example.com,2026-05-06 14:54:48,Sales email (Marcus Lee): bounced,ACME-A001206
allen.sparks@loveplc.example.com,2026-05-06 15:15:45,Sales email (Marcus Lee): sent,ACME-A001207
holly.smith@douglascurtis.example.com,2026-05-06 16:25:17,Sales email (Marcus Lee): sent,ACME-A001209
daniel.jones@moranmorenoandrowe.example.com,2026-05-06 17:37:37,Sales email (Acme Round Robin): sent,ACME-A001210
darrell.schmitt@woodwardschmidtandbautis.example.com,2026-05-06 20:00:57,Sales email (Jordan Ellis): replied,ACME-A001215
laurie.brown@horngroup.example.com,2026-05-06 20:02:37,Sales email (Sofia Alvarez): sent,ACME-A001216
christine.foster@herringturner.example.com,2026-05-06 21:01:21,Sales email (Acme Round Robin): sent,ACME-A001217
kevin.edwards@cantrellcombs.example.com,2026-05-06 22:54:34,Sales email (Sofia Alvarez): sent,ACME-A001219
jason.miller@dixonllc.example.com,2026-05-06 23:52:35,Sales email (Sofia Alvarez): sent,ACME-A001220
james.vasquez@salascooper.example.com,2026-05-07 00:18:26,Sales email (Sofia Alvarez): replied,ACME-A001221
billy.martin@grossmarquezandwilliams.example.com,2026-05-07 04:00:07,Sales email (Dana Whitfield): sent,ACME-A001223
jeffrey.perez@friedmandiaz.example.com,2026-05-07 04:19:27,Sales email (Priya Raman): sent,ACME-A001224
natalie.murray@hernandezltd.example.com,2026-05-07 07:34:04,Sales email (Marcus Lee): sent,ACME-A001227
sherri.baker@vanceschaefer.example.com,2026-05-07 09:21:10,Sales email (Jordan Ellis): replied,ACME-A001231
brittany.white@cochrangroup.example.com,2026-05-07 09:43:32,Sales email (Marcus Lee): sent,ACME-A001233
erin.jennings@adamsplc.example.com,2026-05-07 09:43:46,Sales email (Owen Brooks): sent,ACME-A001234
michael.christensen@ayersfoxandroberts.example.com,2026-05-07 11:52:03,Sales email (Dana Whitfield): sent,ACME-A001239
amy.waters@thomashesterandrobles.example.com,2026-05-07 14:33:47,Sales email (Dana Whitfield): sent,ACME-A001243
richard.hansen@kerrinc.example.com,2026-05-07 15:22:22,Sales email (Marcus Lee): sent,ACME-A001245
suzanne.harvey@kerrgrimesandmccann.example.com,2026-05-07 16:10:31,Sales email (Dana Whitfield): sent,ACME-A001246
darren.cameron@petersenltd.example.com,2026-05-07 16:17:41,Sales email (Grace Kim): sent,ACME-A001248
natalie.mccall@wongdixon.example.com,2026-05-07 16:23:23,Sales email (Dana Whitfield): sent,ACME-A001249
william.lewis@brownperezandjohnson.example.com,2026-05-07 16:55:49,Sales email (Dana Whitfield): sent,ACME-A001250
sydney.peterson@maldonadollc.example.com,2026-05-07 17:49:50,Sales email (Marcus Lee): replied,ACME-A001251
daniel.jones@moranmorenoandrowe.example.com,2026-05-07 18:09:23,Sales email (Acme Round Robin): sent,ACME-A001253
caleb.martinez@colemanrogers.example.com,2026-05-07 18:43:09,Sales email (Owen Brooks): sent,ACME-A001254
tina.blackwell@torresguzmanandward.example.com,2026-05-07 19:23:11,Sales email (Jordan Ellis): replied,ACME-A001258
aaron.lawson@brooksmartinandclayton.example.com,2026-05-07 19:52:36,Sales email (Jordan Ellis): replied,ACME-A001259
pamela.gonzales@perrywells.example.com,2026-05-07 19:54:00,Sales email (Dana Whitfield): replied,ACME-A001260
james.robles@morganfisherandfleming.example.com,2026-05-07 20:47:26,Sales email (Jordan Ellis): replied,ACME-A001264
sydney.peterson@maldonadollc.example.com,2026-05-07 21:06:08,Sales email (Marcus Lee): sent,ACME-A001265
renee.woods@linsnyderandsmith.example.com,2026-05-07 22:16:01,Sales email (Priya Raman): sent,ACME-A001266
edward.horn@sandershaney.example.com,2026-05-07 22:48:42,Sales email (Priya Raman): sent,ACME-A001268
michael.guerrero@hansonwallaceandrosario.example.com,2026-05-07 23:18:45,Sales email (Priya Raman): sent,ACME-A001270
michael.mckinney@foleymaxwellandrice.example.com,2026-05-07 23:47:26,Sales email (Dana Whitfield): sent,ACME-A001271
jason.miller@dixonllc.example.com,2026-05-08 04:16:42,Sales email (Sofia Alvarez): sent,ACME-A001277
heather.cole@fostershea.example.com,2026-05-08 04:29:07,Sales email (Sofia Alvarez): sent,ACME-A001278
crystal.warner@adamsmccoy.example.com,2026-05-08 05:09:21,Sales email (Dana Whitfield): sent,ACME-A001279
william.hinton@portersosa.example.com,2026-05-08 05:40:40,Sales email (Marcus Lee): sent,ACME-A001280
lisa.newman@carrillobradleyandbuck.example.com,2026-05-08 06:27:58,Sales email (Dana Whitfield): bounced,ACME-A001281
martha.simpson@wardorrandnguyen.example.com,2026-05-08 06:36:46,Sales email (Jordan Ellis): sent,ACME-A001282
amanda.wilson@hernandezllc.example.com,2026-05-08 08:21:35,Sales email (Jordan Ellis): sent,ACME-A001283
courtney.flores@taylorrussellandwilliams.example.com,2026-05-08 09:36:45,Sales email (Dana Whitfield): sent,ACME-A001285
jonathan.rojas@pollardphillipsandjohnso.example.com,2026-05-08 10:31:50,Sales email (Sofia Alvarez): sent,ACME-A001286
renee.woods@linsnyderandsmith.example.com,2026-05-08 10:39:26,Sales email (Priya Raman): sent,ACME-A001287
amy.gomez@salazarinc.example.com,2026-05-08 11:08:01,Sales email (Owen Brooks): replied,ACME-A001288
nathan.gonzalez@gilbertyoung.example.com,2026-05-08 12:13:35,Sales email (Marcus Lee): replied,ACME-A001289
joseph.galvan@browninc.example.com,2026-05-08 15:10:34,Sales email (Dana Whitfield): sent,ACME-A001295
christopher.alvarado@moodyhall.example.com,2026-05-08 16:37:34,Sales email (Dana Whitfield): sent,ACME-A001296
madison.gonzalez@elliottinc.example.com,2026-05-08 16:56:38,Sales email (Jordan Ellis): sent,ACME-A001297
gregory.hall@rosariohernandez.example.com,2026-05-08 20:25:50,Sales email (Sofia Alvarez): bounced,ACME-A001303
calvin.gibson@wongmartin.example.com,2026-05-08 20:28:21,Sales email (Priya Raman): sent,ACME-A001304
debra.ryan@martinschmidt.example.com,2026-05-08 21:03:38,Sales email (Dana Whitfield): sent,ACME-A001306
jade.smith@simonllc.example.com,2026-05-08 23:42:10,Sales email (Priya Raman): sent,ACME-A001310
donna.moore@wheelerkaiser.example.com,2026-05-08 23:52:31,Sales email (Priya Raman): sent,ACME-A001311
madison.gonzalez@elliottinc.example.com,2026-05-09 01:20:11,Sales email (Jordan Ellis): sent,ACME-A001314
monique.kline@holmesguerrero.example.com,2026-05-09 01:58:37,Sales email (Owen Brooks): sent,ACME-A001318
kimberly.andrade@powellstout.example.com,2026-05-09 02:47:32,Sales email (Sofia Alvarez): sent,ACME-A001320
james.duncan@petersonjamesandsmith.example.com,2026-05-09 02:50:32,Sales email (Priya Raman): sent,ACME-A001321
samantha.clark@thomasshaw.example.com,2026-05-09 04:27:48,Sales email (Marcus Lee): sent,ACME-A001325
calvin.gibson@wongmartin.example.com,2026-05-09 04:46:37,Sales email (Priya Raman): sent,ACME-A001326
amanda.mccarthy@hoffmansalazarandconner.example.com,2026-05-09 05:19:04,Sales email (Dana Whitfield): sent,ACME-A001328
bobby.scott@sanchezcarroll.example.com,2026-05-09 10:05:12,Sales email (Jordan Ellis): sent,ACME-A001333
hunter.wilson@bellfuller.example.com,2026-05-09 11:43:32,Sales email (Jordan Ellis): bounced,ACME-A001335
tina.sandoval@carrplc.example.com,2026-05-09 14:03:15,Sales email (Dana Whitfield): sent,ACME-A001337
jason.miller@dixonllc.example.com,2026-05-09 15:25:29,Sales email (Sofia Alvarez): sent,ACME-A001339
emma.mcmahon@perezgroup.example.com,2026-05-09 16:20:49,Sales email (Priya Raman): replied,ACME-A001340
roberta.briggs@grahamzavalaandbrock.example.com,2026-05-09 17:44:22,Sales email (Dana Whitfield): sent,ACME-A001341
tyrone.ryan@gravesandsons.example.com,2026-05-09 18:37:11,Sales email (Jordan Ellis): sent,ACME-A001343
thomas.rios@kingplc.example.com,2026-05-09 19:33:47,Sales email (Sofia Alvarez): sent,ACME-A001344
erica.chavez@jordanmarshallandwilliam.example.com,2026-05-09 19:34:47,Sales email (Dana Whitfield): sent,ACME-A001345
rebecca.bennett@elliottgroup.example.com,2026-05-09 23:27:57,Sales email (Dana Whitfield): sent,ACME-A001351
amber.herrera@connergroup.example.com,2026-05-09 23:29:05,Sales email (Sofia Alvarez): sent,ACME-A001352
julie.stephenson@butlerwilliams.example.com,2026-05-09 23:30:18,Sales email (Sofia Alvarez): sent,ACME-A001353
april.carter@colemanplc.example.com,2026-05-10 03:14:10,Sales email (Priya Raman): replied,ACME-A001357
monique.schroeder@hermaninc.example.com,2026-05-10 03:41:24,Sales email (Priya Raman): sent,ACME-A001359
julie.stephenson@butlerwilliams.example.com,2026-05-10 06:08:09,Sales email (Sofia Alvarez): sent,ACME-A001362
sandra.diaz@carrollhayesandmanning.example.com,2026-05-10 06:57:48,Sales email (Dana Whitfield): sent,ACME-A001364
amber.herrera@connergroup.example.com,2026-05-10 08:07:54,Sales email (Sofia Alvarez): sent,ACME-A001366
dustin.gardner@jenkinsevans.example.com,2026-05-10 09:09:16,Sales email (Sofia Alvarez): sent,ACME-A001367
lisa.ellis@lopezplc.example.com,2026-05-10 09:30:45,Sales email (Priya Raman): sent,ACME-A001368
blake.serrano@greeninc.example.com,2026-05-10 11:58:35,Sales email (Marcus Lee): sent,ACME-A001369
christopher.fuller@reevesfoleyandblair.example.com,2026-05-10 12:27:57,Sales email (Jordan Ellis): replied,ACME-A001370
samuel.wilson@youngjohnson.example.com,2026-05-10 15:25:19,Sales email (Dana Whitfield): bounced,ACME-A001374
daniel.bailey@smithyoungandwilliams.example.com,2026-05-10 16:26:56,Sales email (Dana Whitfield): replied,ACME-A001375
susan.mccall@martinezplc.example.com,2026-05-10 20:34:18,Sales email (Dana Whitfield): replied,ACME-A001381
rebecca.bennett@elliottgroup.example.com,2026-05-10 21:22:09,Sales email (Dana Whitfield): replied,ACME-A001384
edward.horn@sandershaney.example.com,2026-05-11 00:08:20,Sales email (Priya Raman): bounced,ACME-A001388
francisco.contreras@sandersgroup.example.com,2026-05-11 01:08:02,Sales email (Dana Whitfield): sent,ACME-A001390
sydney.peterson@maldonadollc.example.com,2026-05-11 01:18:27,Sales email (Marcus Lee): sent,ACME-A001391
david.fischer@schaefercastroandconley.example.com,2026-05-11 01:54:20,Sales email (Dana Whitfield): sent,ACME-A001393
brian.shaw@weberinc.example.com,2026-05-11 02:18:40,Sales email (Sofia Alvarez): bounced,ACME-A001394
james.harris@bishopsullivanandluna.example.com,2026-05-11 02:34:44,Sales email (Jordan Ellis): sent,ACME-A001395
gregory.valentine@shortgroup.example.com,2026-05-11 03:10:27,Sales email (Sofia Alvarez): sent,ACME-A001397
james.harris@bishopsullivanandluna.example.com,2026-05-11 06:34:58,Sales email (Jordan Ellis): sent,ACME-A001404
rachel.matthews@moralessaunders.example.com,2026-05-11 06:46:54,Sales email (Priya Raman): replied,ACME-A001405
lori.jackson@robinsonatkinsanddavis.example.com,2026-05-11 07:07:17,Sales email (Marcus Lee): sent,ACME-A001407
terrence.gibson@gilbertlucas.example.com,2026-05-11 10:08:38,Sales email (Sofia Alvarez): sent,ACME-A001410
charles.bailey@hernandezllc.example.com,2026-05-11 11:49:37,Sales email (Jordan Ellis): replied,ACME-A001414
jason.carr@brownhicksandwebb.example.com,2026-05-11 12:55:54,Sales email (Dana Whitfield): sent,ACME-A001417
john.arnold@hamiltoninc.example.com,2026-05-11 13:17:11,Sales email (Jordan Ellis): sent,ACME-A001419
amy.james@hollandruizandpeterson.example.com,2026-05-11 14:06:08,Sales email (Priya Raman): sent,ACME-A001421
sheila.wang@jimenezinc.example.com,2026-05-11 14:11:07,Sales email (Dana Whitfield): sent,ACME-A001422
erica.proctor@lewiswalkeranddavis.example.com,2026-05-11 14:14:29,Sales email (Dana Whitfield): sent,ACME-A001423
tracy.gibbs@rodriguezinc.example.com,2026-05-11 15:01:34,Sales email (Priya Raman): sent,ACME-A001426
mindy.johnson@morrisjohnsonandmorris.example.com,2026-05-11 16:53:56,Sales email (Owen Brooks): replied,ACME-A001429
william.russell@joneswilliams.example.com,2026-05-11 17:40:12,Sales email (Owen Brooks): sent,ACME-A001432
lisa.wang@johnsonjenkins.example.com,2026-05-11 19:01:51,Sales email (Dana Whitfield): replied,ACME-A001434
gary.richards@jacksongroup.example.com,2026-05-11 21:42:32,Sales email (Marcus Lee): sent,ACME-A001437
john.walker@gonzalesplc.example.com,2026-05-11 22:33:49,Sales email (Dana Whitfield): sent,ACME-A001440
sydney.peterson@maldonadollc.example.com,2026-05-11 23:53:57,Sales email (Marcus Lee): replied,ACME-A001444
gina.page@youngvasquezandodonnell.example.com,2026-05-12 01:19:10,Sales email (Priya Raman): sent,ACME-A001447
jennifer.larson@glassevans.example.com,2026-05-12 02:33:56,Sales email (Marcus Lee): sent,ACME-A001450
michael.herring@gilbertwalkerandrose.example.com,2026-05-12 04:55:23,Sales email (Grace Kim): sent,ACME-A001451
donald.elliott@bellevansandwilkerson.example.com,2026-05-12 06:21:18,Sales email (Dana Whitfield): sent,ACME-A001453
samantha.clark@thomasshaw.example.com,2026-05-12 09:54:55,Sales email (Marcus Lee): sent,ACME-A001458
kimberly.welch@velazquezstone.example.com,2026-05-12 11:35:53,Sales email (Owen Brooks): replied,ACME-A001461
mary.joseph@davismorrisonandclayton.example.com,2026-05-12 13:58:44,Sales email (Marcus Lee): replied,ACME-A001469
michelle.murray@thompsonhaysandhumphrey.example.com,2026-05-12 14:24:58,Sales email (Grace Kim): sent,ACME-A001471
michael.may@leerobinsonandcruz.example.com,2026-05-12 14:55:09,Sales email (Sofia Alvarez): sent,ACME-A001473
matthew.moore@johnsonbeck.example.com,2026-05-12 14:59:52,Sales email (Jordan Ellis): bounced,ACME-A001474
crystal.acosta@walterfranklin.example.com,2026-05-12 17:06:38,Sales email (Sofia Alvarez): replied,ACME-A001477
kevin.perkins@portermoore.example.com,2026-05-12 17:13:40,Sales email (Grace Kim): sent,ACME-A001478
peter.blevins@hilldavisandrodriguez.example.com,2026-05-12 17:45:29,Sales email (Jordan Ellis): sent,ACME-A001480
samantha.murphy@stephensllc.example.com,2026-05-12 18:07:11,Sales email (Grace Kim): sent,ACME-A001482
jessica.santiago@hoodltd.example.com,2026-05-12 18:56:24,Sales email (Sofia Alvarez): sent,ACME-A001484
joseph.powers@olsongroup.example.com,2026-05-12 20:38:39,Sales email (Grace Kim): bounced,ACME-A001487
daniel.burnett@burnssmith.example.com,2026-05-12 21:56:23,Sales email (Marcus Lee): replied,ACME-A001489
thomas.huang@dunnmiller.example.com,2026-05-13 00:13:31,Sales email (Dana Whitfield): sent,ACME-A001490
anne.perez@sotodavid.example.com,2026-05-13 01:19:27,Sales email (Priya Raman): sent,ACME-A001493
james.miles@huangllc.example.com,2026-05-13 05:05:34,Sales email (Sofia Alvarez): sent,ACME-A001500
timothy.caldwell@sullivanallen.example.com,2026-05-13 05:52:31,Sales email (Jordan Ellis): sent,ACME-A001503
amanda.kennedy@dorseyholdenandskinner.example.com,2026-05-13 08:45:19,Sales email (Dana Whitfield): bounced,ACME-A001507
scott.moody@smithhinton.example.com,2026-05-13 08:58:38,Sales email (Sofia Alvarez): sent,ACME-A001509
jacob.smith@bennettkingandsimmons.example.com,2026-05-13 09:14:19,Sales email (Owen Brooks): sent,ACME-A001510
kyle.stewart@moranbenjaminandbauer.example.com,2026-05-13 09:52:34,Sales email (Dana Whitfield): sent,ACME-A001511
erin.jennings@adamsplc.example.com,2026-05-13 10:22:53,Sales email (Owen Brooks): sent,ACME-A001512
jason.richards@taylorinc.example.com,2026-05-13 10:36:45,Sales email (Dana Whitfield): sent,ACME-A001513
lisa.barajas@gordonshannon.example.com,2026-05-13 12:16:03,Sales email (Priya Raman): replied,ACME-A001516
katherine.evans@vaughninc.example.com,2026-05-13 13:26:47,Sales email (Jordan Ellis): sent,ACME-A001520
william.clark@ricellc.example.com,2026-05-13 13:51:23,Sales email (Sofia Alvarez): sent,ACME-A001522
james.fitzgerald@leepowellandcampbell.example.com,2026-05-13 14:03:15,Sales email (Jordan Ellis): replied,ACME-A001524
joshua.johnson@baldwinllc.example.com,2026-05-13 14:28:22,Sales email (Priya Raman): bounced,ACME-A001525
carol.brown@wilsongroup.example.com,2026-05-13 14:48:39,Sales email (Marcus Lee): sent,ACME-A001526
amanda.hutchinson@petersontaylorandlopez.example.com,2026-05-13 15:41:59,Sales email (Dana Whitfield): replied,ACME-A001527
catherine.williams@goldenplc.example.com,2026-05-13 16:17:57,Sales email (Owen Brooks): sent,ACME-A001528
rachel.matthews@moralessaunders.example.com,2026-05-13 17:51:32,Sales email (Priya Raman): sent,ACME-A001530
courtney.flores@taylorrussellandwilliams.example.com,2026-05-13 17:51:42,Sales email (Dana Whitfield): sent,ACME-A001531
jason.miller@dixonllc.example.com,2026-05-13 18:18:30,Sales email (Sofia Alvarez): replied,ACME-A001532
brian.nicholson@caincoffey.example.com,2026-05-13 18:28:29,Sales email (Sofia Alvarez): sent,ACME-A001533
michael.jenkins@stuartandsons.example.com,2026-05-13 18:29:22,Sales email (Sofia Alvarez): sent,ACME-A001534
kimberly.ward@matthewsgroup.example.com,2026-05-13 21:31:50,Sales email (Grace Kim): replied,ACME-A001539
darin.schmidt@connerllc.example.com,2026-05-13 22:20:59,Sales email (Dana Whitfield): sent,ACME-A001541
april.carter@colemanplc.example.com,2026-05-13 22:42:26,Sales email (Priya Raman): sent,ACME-A001542
michael.mckinney@foleymaxwellandrice.example.com,2026-05-14 00:31:07,Sales email (Dana Whitfield): replied,ACME-A001546
michael.mckinney@foleymaxwellandrice.example.com,2026-05-14 00:39:08,Sales email (Dana Whitfield): replied,ACME-A001547
warren.macdonald@barberplc.example.com,2026-05-14 02:53:39,Sales email (Sofia Alvarez): sent,ACME-A001551
daisy.cooper@haasporter.example.com,2026-05-14 05:55:48,Sales email (Marcus Lee): sent,ACME-A001553
rachel.matthews@moralessaunders.example.com,2026-05-14 07:50:53,Sales email (Priya Raman): sent,ACME-A001555
louis.good@morenocabreraandjackson.example.com,2026-05-14 08:16:40,Sales email (Jordan Ellis): sent,ACME-A001557
lisa.mays@lanemoore.example.com,2026-05-14 09:06:22,Sales email (Priya Raman): sent,ACME-A001558
amanda.johnson@francostokes.example.com,2026-05-14 12:10:04,Sales email (Sofia Alvarez): replied,ACME-A001562
betty.rodriguez@fullerleonard.example.com,2026-05-14 12:37:37,Sales email (Jordan Ellis): replied,ACME-A001565
elizabeth.valenzuela@savageschmidtandboyd.example.com,2026-05-14 12:56:12,Sales email (Dana Whitfield): sent,ACME-A001567
carol.brown@wilsongroup.example.com,2026-05-14 13:06:02,Sales email (Marcus Lee): sent,ACME-A001568
christopher.hanson@bakerllc.example.com,2026-05-14 16:25:35,Sales email (Sofia Alvarez): bounced,ACME-A001577
angela.underwood@jonesinc.example.com,2026-05-14 16:30:04,Sales email (Jordan Ellis): sent,ACME-A001578
tamara.schneider@davidsonplc.example.com,2026-05-14 18:32:02,Sales email (Dana Whitfield): sent,ACME-A001583
jade.smith@simonllc.example.com,2026-05-14 19:30:24,Sales email (Priya Raman): replied,ACME-A001584
meghan.calderon@oliverplc.example.com,2026-05-14 19:38:33,Sales email (Owen Brooks): sent,ACME-A001585
gabrielle.riley@jordanmcbrideandsantos.example.com,2026-05-14 20:29:18,Sales email (Dana Whitfield): replied,ACME-A001586
oscar.franco@kingrios.example.com,2026-05-14 21:31:25,Sales email (Dana Whitfield): replied,ACME-A001588
james.flores@lopezparkerandacevedo.example.com,2026-05-14 21:40:48,Sales email (Marcus Lee): replied,ACME-A001590
terri.smith@trujilloandsons.example.com,2026-05-14 23:51:40,Sales email (Priya Raman): replied,ACME-A001591
jon.perry@wadetaylorandmullins.example.com,2026-05-15 00:32:15,Sales email (Priya Raman): sent,ACME-A001592
yvonne.jones@baileylawrenceandduncan.example.com,2026-05-15 01:01:05,Sales email (Dana Whitfield): sent,ACME-A001593
kyle.stewart@moranbenjaminandbauer.example.com,2026-05-15 02:00:26,Sales email (Dana Whitfield): sent,ACME-A001595
lori.jackson@robinsonatkinsanddavis.example.com,2026-05-15 02:25:08,Sales email (Marcus Lee): sent,ACME-A001596
kelly.nguyen@torreshamptonandstewart.example.com,2026-05-15 02:41:09,Sales email (Jordan Ellis): sent,ACME-A001598
samuel.wilson@youngjohnson.example.com,2026-05-15 04:15:14,Sales email (Dana Whitfield): sent,ACME-A001600
terri.smith@trujilloandsons.example.com,2026-05-15 04:44:57,Sales email (Priya Raman): bounced,ACME-A001602
wendy.brock@perezdillon.example.com,2026-05-15 05:01:02,Sales email (Grace Kim): sent,ACME-A001604
kevin.bates@alvaradomills.example.com,2026-05-15 07:25:02,Sales email (Owen Brooks): sent,ACME-A001606
david.barnes@lambertwilson.example.com,2026-05-15 08:26:36,Sales email (Priya Raman): sent,ACME-A001607
tristan.robinson@kellycarr.example.com,2026-05-15 08:34:20,Sales email (Dana Whitfield): sent,ACME-A001608
tracy.bowers@brewergroup.example.com,2026-05-15 09:03:02,Sales email (Jordan Ellis): replied,ACME-A001610
blake.serrano@greeninc.example.com,2026-05-15 09:46:18,Sales email (Marcus Lee): replied,ACME-A001611
travis.robles@baileyinc.example.com,2026-05-15 11:46:53,Sales email (Dana Whitfield): sent,ACME-A001614
christopher.hanson@bakerllc.example.com,2026-05-15 11:56:16,Sales email (Sofia Alvarez): sent,ACME-A001616
jennifer.valenzuela@wilsonhouse.example.com,2026-05-15 12:54:38,Sales email (Dana Whitfield): bounced,ACME-A001620
kimberly.andrade@powellstout.example.com,2026-05-15 12:55:18,Sales email (Sofia Alvarez): sent,ACME-A001621
priscilla.hudson@riversleeandjones.example.com,2026-05-15 18:58:03,Sales email (Grace Kim): sent,ACME-A001636
carol.brown@wilsongroup.example.com,2026-05-15 19:49:39,Sales email (Marcus Lee): replied,ACME-A001637
lacey.clark@beckerinc.example.com,2026-05-15 21:08:11,Sales email (Grace Kim): replied,ACME-A001638
donna.peterson@johnsonsandovalandphelps.example.com,2026-05-15 21:25:06,Sales email (Owen Brooks): sent,ACME-A001639
chelsea.phillips@sharpllc.example.com,2026-05-15 23:03:53,Sales email (Dana Whitfield): sent,ACME-A001648
jose.hamilton@burtonwalkerandking.example.com,2026-05-15 23:31:24,Sales email (Jordan Ellis): replied,ACME-A001649
spencer.burgess@lambcummings.example.com,2026-05-15 23:36:29,Sales email (Owen Brooks): sent,ACME-A001651
stephanie.thompson@brownsmith.example.com,2026-05-15 23:46:55,Sales email (Acme Round Robin): sent,ACME-A001652
stephanie.pena@vaughnplc.example.com,2026-05-16 00:19:16,Sales email (Sofia Alvarez): sent,ACME-A001653
regina.cole@adamsharris.example.com,2026-05-16 01:41:42,Sales email (Grace Kim): sent,ACME-A001656
rebecca.bennett@elliottgroup.example.com,2026-05-16 01:57:56,Sales email (Dana Whitfield): sent,ACME-A001657
angela.williams@gonzalezcalhoun.example.com,2026-05-16 03:05:33,Sales email (Dana Whitfield): sent,ACME-A001658
jose.moran@rosariojensen.example.com,2026-05-16 03:56:03,Sales email (Sofia Alvarez): sent,ACME-A001660
scott.green@wardallen.example.com,2026-05-16 07:44:19,Sales email (Priya Raman): replied,ACME-A001670
derrick.benton@bradyjohnsonandnguyen.example.com,2026-05-16 07:58:54,Sales email (Acme Round Robin): sent,ACME-A001671
martha.simpson@wardorrandnguyen.example.com,2026-05-16 08:16:09,Sales email (Jordan Ellis): sent,ACME-A001672
patricia.gonzalez@leonllc.example.com,2026-05-16 08:48:02,Sales email (Dana Whitfield): sent,ACME-A001673
kimberly.ward@matthewsgroup.example.com,2026-05-16 10:12:09,Sales email (Grace Kim): sent,ACME-A001674
kelly.hall@mooregroup.example.com,2026-05-16 10:25:01,Sales email (Marcus Lee): sent,ACME-A001675
michael.mckinney@foleymaxwellandrice.example.com,2026-05-16 13:16:52,Sales email (Dana Whitfield): sent,ACME-A001679
calvin.johnson@mullinswright.example.com,2026-05-16 14:02:02,Sales email (Owen Brooks): sent,ACME-A001680
monica.fisher@robertsandsons.example.com,2026-05-16 14:45:48,Sales email (Dana Whitfield): sent,ACME-A001681
matthew.hoover@allenltd.example.com,2026-05-16 16:15:45,Sales email (Dana Whitfield): sent,ACME-A001684
jessica.santiago@hoodltd.example.com,2026-05-16 18:58:45,Sales email (Sofia Alvarez): sent,ACME-A001689
amanda.kennedy@dorseyholdenandskinner.example.com,2026-05-16 21:53:46,Sales email (Dana Whitfield): replied,ACME-A001691
jeremy.stewart@lamllc.example.com,2026-05-16 23:14:28,Sales email (Marcus Lee): sent,ACME-A001692
christopher.thompson@bradleycollinsandprice.example.com,2026-05-17 00:14:36,Sales email (Sofia Alvarez): sent,ACME-A001696
joshua.martinez@snydermason.example.com,2026-05-17 00:19:40,Sales email (Sofia Alvarez): sent,ACME-A001697
michael.jackson@boyerhortonandgreen.example.com,2026-05-17 04:08:47,Sales email (Marcus Lee): bounced,ACME-A001701
jennifer.valenzuela@wilsonhouse.example.com,2026-05-17 09:29:27,Sales email (Dana Whitfield): replied,ACME-A001704
priscilla.hudson@riversleeandjones.example.com,2026-05-17 09:47:18,Sales email (Grace Kim): sent,ACME-A001705
jonathan.rojas@pollardphillipsandjohnso.example.com,2026-05-17 11:11:54,Sales email (Sofia Alvarez): replied,ACME-A001707
brenda.owen@sanchezbarrett.example.com,2026-05-17 14:05:57,Sales email (Marcus Lee): sent,ACME-A001710
charles.bailey@hernandezllc.example.com,2026-05-17 14:12:25,Sales email (Jordan Ellis): sent,ACME-A001712
sara.carter@moralesinc.example.com,2026-05-17 18:16:05,Sales email (Dana Whitfield): replied,ACME-A001716
rodney.sparks@trevinoharris.example.com,2026-05-17 20:37:40,Sales email (Grace Kim): sent,ACME-A001719
michael.jenkins@stuartandsons.example.com,2026-05-17 21:24:59,Sales email (Sofia Alvarez): sent,ACME-A001720
erin.jennings@adamsplc.example.com,2026-05-17 23:21:15,Sales email (Owen Brooks): bounced,ACME-A001722
alicia.allen@rodriguezacevedo.example.com,2026-05-18 00:57:13,Sales email (Marcus Lee): bounced,ACME-A001724
alexander.scott@skinnerbrockandfitzgeral.example.com,2026-05-18 02:18:59,Sales email (Sofia Alvarez): sent,ACME-A001726
caitlin.hunt@murraybowers.example.com,2026-05-18 05:15:15,Sales email (Priya Raman): replied,ACME-A001727
oscar.williams@shermanandsons.example.com,2026-05-18 05:23:35,Sales email (Dana Whitfield): bounced,ACME-A001728
michael.lopez@millerandsons.example.com,2026-05-18 06:25:01,Sales email (Jordan Ellis): sent,ACME-A001731
thomas.huang@dunnmiller.example.com,2026-05-18 06:54:13,Sales email (Dana Whitfield): bounced,ACME-A001732
steven.morgan@roachandersonandbrown.example.com,2026-05-18 07:15:27,Sales email (Marcus Lee): sent,ACME-A001733
kristin.preston@martinhuntandrodriguez.example.com,2026-05-18 12:06:56,Sales email (Marcus Lee): sent,ACME-A001740
erika.west@dyerjohnsonandlopez.example.com,2026-05-18 14:19:22,Sales email (Dana Whitfield): sent,ACME-A001743
nathaniel.rodriguez@williamsgroup.example.com,2026-05-18 16:05:12,Sales email (Priya Raman): replied,ACME-A001744
bonnie.tanner@murilloandsons.example.com,2026-05-18 17:44:21,Sales email (Priya Raman): replied,ACME-A001750
lisa.morgan@leemullenandrodriguez.example.com,2026-05-18 19:45:38,Sales email (Dana Whitfield): sent,ACME-A001754
martha.dixon@watsonjohnsonandbishop.example.com,2026-05-18 19:57:23,Sales email (Dana Whitfield): sent,ACME-A001755
kimberly.welch@velazquezstone.example.com,2026-05-18 20:25:02,Sales email (Owen Brooks): replied,ACME-A001757
christopher.delgado@petersensullivan.example.com,2026-05-18 21:49:40,Sales email (Marcus Lee): sent,ACME-A001760
steven.murray@rodriguezplc.example.com,2026-05-18 22:31:19,Sales email (Sofia Alvarez): sent,ACME-A001761
mario.stevens@harrisonplc.example.com,2026-05-18 22:43:42,Sales email (Jordan Ellis): bounced,ACME-A001762
derrick.mann@fieldsandsons.example.com,2026-05-18 22:51:36,Sales email (Acme Round Robin): sent,ACME-A001763
james.collins@vazquezmendezandwinters.example.com,2026-05-18 23:08:34,Sales email (Sofia Alvarez): sent,ACME-A001765
linda.potter@lopezplc.example.com,2026-05-19 00:02:55,Sales email (Priya Raman): sent,ACME-A001767
brian.fleming@scottshortandhaynes.example.com,2026-05-19 01:38:21,Sales email (Jordan Ellis): bounced,ACME-A001770
pamela.gonzales@perrywells.example.com,2026-05-19 02:22:45,Sales email (Dana Whitfield): sent,ACME-A001771
richard.roberson@frankllc.example.com,2026-05-19 03:21:06,Sales email (Marcus Lee): replied,ACME-A001774
priscilla.hudson@riversleeandjones.example.com,2026-05-19 04:00:26,Sales email (Grace Kim): sent,ACME-A001778
bailey.hale@smithtaylorandlarson.example.com,2026-05-19 05:52:14,Sales email (Acme Round Robin): bounced,ACME-A001780
jacob.ryan@holmesinc.example.com,2026-05-19 07:02:38,Sales email (Dana Whitfield): sent,ACME-A001782
daisy.cooper@haasporter.example.com,2026-05-19 07:08:25,Sales email (Marcus Lee): sent,ACME-A001783
lisa.skinner@kimoconnorandcruz.example.com,2026-05-19 07:27:55,Sales email (Marcus Lee): sent,ACME-A001784
alicia.kelly@watsonltd.example.com,2026-05-19 08:54:19,Sales email (Dana Whitfield): sent,ACME-A001787
tony.webb@johnsonandsons.example.com,2026-05-19 09:04:08,Sales email (Priya Raman): replied,ACME-A001788
bailey.hale@smithtaylorandlarson.example.com,2026-05-19 09:19:11,Sales email (Acme Round Robin): sent,ACME-A001789
eric.boyd@loganandsons.example.com,2026-05-19 10:20:15,Sales email (Priya Raman): bounced,ACME-A001790
joan.leach@watersgreenandobrien.example.com,2026-05-19 12:00:38,Sales email (Jordan Ellis): bounced,ACME-A001791
monique.martinez@franklinlewis.example.com,2026-05-19 13:07:17,Sales email (Owen Brooks): sent,ACME-A001794
gregory.valentine@shortgroup.example.com,2026-05-19 14:28:16,Sales email (Sofia Alvarez): sent,ACME-A001795
regina.cole@adamsharris.example.com,2026-05-19 15:50:43,Sales email (Grace Kim): sent,ACME-A001797
marc.williams@diazhughesandeaton.example.com,2026-05-19 16:43:01,Sales email (Sofia Alvarez): sent,ACME-A001800
jennifer.murphy@huertabrownandmendez.example.com,2026-05-19 18:14:40,Sales email (Marcus Lee): replied,ACME-A001802
amanda.jones@harrisplc.example.com,2026-05-19 19:07:43,Sales email (Jordan Ellis): sent,ACME-A001803
albert.hall@taylormullins.example.com,2026-05-19 19:42:26,Sales email (Grace Kim): sent,ACME-A001804
christine.foster@herringturner.example.com,2026-05-19 21:46:44,Sales email (Acme Round Robin): replied,ACME-A001806
madison.gonzalez@elliottinc.example.com,2026-05-19 22:12:08,Sales email (Jordan Ellis): sent,ACME-A001808
thomas.rios@kingplc.example.com,2026-05-19 22:31:29,Sales email (Sofia Alvarez): replied,ACME-A001809
christina.jackson@wilsonmezaandbishop.example.com,2026-05-19 23:51:14,Sales email (Jordan Ellis): replied,ACME-A001810
warren.macdonald@barberplc.example.com,2026-05-20 00:04:24,Sales email (Sofia Alvarez): sent,ACME-A001811
heather.blair@franklinllc.example.com,2026-05-20 00:33:45,Sales email (Owen Brooks): sent,ACME-A001812
natalie.martinez@smithewingandstewart.example.com,2026-05-20 00:54:11,Sales email (Grace Kim): sent,ACME-A001813
sharon.palmer@martincruzandbowman.example.com,2026-05-20 03:22:02,Sales email (Jordan Ellis): replied,ACME-A001815
jamie.nunez@garrettromeroandrhodes.example.com,2026-05-20 05:11:34,Sales email (Dana Whitfield): replied,ACME-A001817
richard.werner@hernandezfuller.example.com,2026-05-20 07:06:03,Sales email (Dana Whitfield): replied,ACME-A001818
devon.french@coxsharp.example.com,2026-05-20 07:07:44,Sales email (Marcus Lee): sent,ACME-A001819
timothy.caldwell@sullivanallen.example.com,2026-05-20 08:02:52,Sales email (Jordan Ellis): replied,ACME-A001821
christopher.taylor@harperfernandez.example.com,2026-05-20 10:03:50,Sales email (Priya Raman): sent,ACME-A001823
priscilla.hudson@riversleeandjones.example.com,2026-05-20 10:11:18,Sales email (Grace Kim): sent,ACME-A001825
henry.nielsen@olsengroup.example.com,2026-05-20 10:47:03,Sales email (Jordan Ellis): sent,ACME-A001827
lisa.barajas@gordonshannon.example.com,2026-05-20 13:25:57,Sales email (Priya Raman): sent,ACME-A001829
matthew.weber@prattltd.example.com,2026-05-20 13:44:03,Sales email (Jordan Ellis): bounced,ACME-A001831
taylor.ewing@johnsonplc.example.com,2026-05-20 14:14:30,Sales email (Priya Raman): sent,ACME-A001832
brian.shaw@weberinc.example.com,2026-05-20 14:59:23,Sales email (Sofia Alvarez): sent,ACME-A001834
ryan.cohen@moranscott.example.com,2026-05-20 18:52:41,Sales email (Priya Raman): sent,ACME-A001838
dana.gonzalez@odonnellwalton.example.com,2026-05-20 19:12:09,Sales email (Dana Whitfield): sent,ACME-A001841
julia.murphy@jacksonmuellerandgreer.example.com,2026-05-20 19:18:56,Sales email (Dana Whitfield): replied,ACME-A001842
johnny.turner@benderalexanderandmccart.example.com,2026-05-20 21:01:08,Sales email (Grace Kim): sent,ACME-A001846
regina.jenkins@rodriguezperez.example.com,2026-05-20 22:47:25,Sales email (Acme Round Robin): sent,ACME-A001849
karen.miller@hendricksltd.example.com,2026-05-20 22:54:49,Sales email (Grace Kim): sent,ACME-A001850
sean.morgan@powersinc.example.com,2026-05-21 01:25:08,Sales email (Priya Raman): sent,ACME-A001853
phillip.johnson@frenchplc.example.com,2026-05-21 05:17:23,Sales email (Jordan Ellis): sent,ACME-A001855
alexandra.morrow@rodriguezgarciaandjackso.example.com,2026-05-21 10:23:25,Sales email (Priya Raman): replied,ACME-A001858
leroy.nolan@galvanandsons.example.com,2026-05-21 10:59:48,Sales email (Marcus Lee): sent,ACME-A001860
courtney.ayala@alvaradofoster.example.com,2026-05-21 12:23:32,Sales email (Jordan Ellis): sent,ACME-A001865
brian.fleming@scottshortandhaynes.example.com,2026-05-21 13:15:18,Sales email (Jordan Ellis): replied,ACME-A001868
tyler.valenzuela@grayfox.example.com,2026-05-21 13:18:21,Sales email (Jordan Ellis): sent,ACME-A001869
robert.horton@palmerinc.example.com,2026-05-21 13:55:09,Sales email (Owen Brooks): replied,ACME-A001873
monica.fisher@robertsandsons.example.com,2026-05-21 14:54:28,Sales email (Dana Whitfield): replied,ACME-A001875
scott.lee@daviswilliams.example.com,2026-05-21 15:17:10,Sales email (Acme Round Robin): sent,ACME-A001878
johnny.turner@benderalexanderandmccart.example.com,2026-05-21 16:08:09,Sales email (Grace Kim): sent,ACME-A001880
andres.lowe@shepherdltd.example.com,2026-05-21 16:56:09,Sales email (Dana Whitfield): replied,ACME-A001882
laura.young@armstronggarciaandconner.example.com,2026-05-21 17:01:46,Sales email (Priya Raman): sent,ACME-A001884
matthew.smith@smithriley.example.com,2026-05-21 17:43:26,Sales email (Grace Kim): sent,ACME-A001888
marilyn.meyers@parrishwilliamsandjames.example.com,2026-05-21 18:51:08,Sales email (Sofia Alvarez): sent,ACME-A001890
amanda.garcia@wuinc.example.com,2026-05-21 18:52:36,Sales email (Owen Brooks): sent,ACME-A001891
kristin.peters@andersongonzalezandgardn.example.com,2026-05-21 19:12:07,Sales email (Priya Raman): sent,ACME-A001892
amy.rodriguez@whiteandsons.example.com,2026-05-21 20:14:44,Sales email (Dana Whitfield): sent,ACME-A001894
emma.mcmahon@perezgroup.example.com,2026-05-21 22:53:02,Sales email (Priya Raman): sent,ACME-A001897
john.walker@gonzalesplc.example.com,2026-05-21 23:20:34,Sales email (Dana Whitfield): replied,ACME-A001899
jacob.spencer@rodriguezowen.example.com,2026-05-22 00:41:58,Sales email (Marcus Lee): bounced,ACME-A001902
rebecca.reyes@smithandsons.example.com,2026-05-22 01:18:00,Sales email (Priya Raman): sent,ACME-A001905
suzanne.harvey@kerrgrimesandmccann.example.com,2026-05-22 01:46:30,Sales email (Dana Whitfield): sent,ACME-A001907
stephanie.stevens@williamsmiles.example.com,2026-05-22 02:04:48,Sales email (Sofia Alvarez): sent,ACME-A001908
mario.stevens@harrisonplc.example.com,2026-05-22 03:53:13,Sales email (Jordan Ellis): sent,ACME-A001913
scott.green@wardallen.example.com,2026-05-22 06:47:25,Sales email (Priya Raman): sent,ACME-A001917
steven.curry@shahharrison.example.com,2026-05-22 08:14:51,Sales email (Grace Kim): sent,ACME-A001918
gary.richards@jacksongroup.example.com,2026-05-22 08:32:42,Sales email (Marcus Lee): sent,ACME-A001919
lisa.mays@lanemoore.example.com,2026-05-22 09:17:58,Sales email (Priya Raman): replied,ACME-A001920
jacob.smith@bennettkingandsimmons.example.com,2026-05-22 09:20:37,Sales email (Owen Brooks): sent,ACME-A001921
anthony.kelley@carterplc.example.com,2026-05-22 10:31:08,Sales email (Owen Brooks): replied,ACME-A001923
jennifer.hill@garzallc.example.com,2026-05-22 12:11:51,Sales email (Dana Whitfield): sent,ACME-A001925
lindsey.rush@ryannorris.example.com,2026-05-22 12:30:50,Sales email (Marcus Lee): sent,ACME-A001926
sarah.johnson@mitchellgroup.example.com,2026-05-22 13:16:49,Sales email (Sofia Alvarez): sent,ACME-A001928
christine.lee@costabeard.example.com,2026-05-22 14:28:05,Sales email (Jordan Ellis): sent,ACME-A001930
derrick.benton@bradyjohnsonandnguyen.example.com,2026-05-22 15:28:14,Sales email (Acme Round Robin): sent,ACME-A001935
david.taylor@hamiltonltd.example.com,2026-05-22 17:51:52,Sales email (Jordan Ellis): sent,ACME-A001944
brenda.owen@sanchezbarrett.example.com,2026-05-22 17:56:32,Sales email (Marcus Lee): bounced,ACME-A001945
austin.taylor@kochinc.example.com,2026-05-22 19:39:03,Sales email (Priya Raman): sent,ACME-A001951
anne.perez@sotodavid.example.com,2026-05-22 20:17:12,Sales email (Priya Raman): sent,ACME-A001953
courtney.bennett@medinaallenandrobinson.example.com,2026-05-22 21:09:52,Sales email (Marcus Lee): sent,ACME-A001956
jeffrey.perez@friedmandiaz.example.com,2026-05-22 21:13:06,Sales email (Priya Raman): sent,ACME-A001957
lindsay.williams@browngriffinandpeters.example.com,2026-05-22 21:48:34,Sales email (Marcus Lee): sent,ACME-A001959
matthew.brown@sullivanshelton.example.com,2026-05-23 00:48:03,Sales email (Sofia Alvarez): sent,ACME-A001962
bailey.hall@glennhernandezandjarvis.example.com,2026-05-23 01:40:36,Sales email (Jordan Ellis): replied,ACME-A001963
emily.bell@smithromanandmcintyre.example.com,2026-05-23 02:07:46,Sales email (Priya Raman): sent,ACME-A001965
james.zimmerman@daviswillis.example.com,2026-05-23 02:17:11,Sales email (Dana Whitfield): replied,ACME-A001966
dustin.gardner@jenkinsevans.example.com,2026-05-23 04:40:58,Sales email (Sofia Alvarez): sent,ACME-A001972
joseph.galvan@browninc.example.com,2026-05-23 06:04:57,Sales email (Dana Whitfield): sent,ACME-A001974
karen.hill@harrisonhansenandlambert.example.com,2026-05-23 09:24:28,Sales email (Dana Whitfield): sent,ACME-A001977
monique.kline@holmesguerrero.example.com,2026-05-23 09:41:02,Sales email (Owen Brooks): sent,ACME-A001978
marc.fuller@salazarbyrd.example.com,2026-05-23 10:03:24,Sales email (Dana Whitfield): sent,ACME-A001979
leroy.nolan@galvanandsons.example.com,2026-05-23 11:45:56,Sales email (Marcus Lee): replied,ACME-A001980
lindsey.rush@ryannorris.example.com,2026-05-23 13:26:19,Sales email (Marcus Lee): sent,ACME-A001986
bailey.hale@smithtaylorandlarson.example.com,2026-05-23 14:06:05,Sales email (Acme Round Robin): sent,ACME-A001987
kevin.edwards@cantrellcombs.example.com,2026-05-23 14:52:20,Sales email (Sofia Alvarez): replied,ACME-A001988
angela.salinas@reedmiller.example.com,2026-05-23 17:34:40,Sales email (Priya Raman): replied,ACME-A001992
shirley.alexander@garciaandsons.example.com,2026-05-23 17:35:57,Sales email (Sofia Alvarez): sent,ACME-A001993
jeff.sanchez@millerplc.example.com,2026-05-23 18:07:43,Sales email (Marcus Lee): sent,ACME-A001995
renee.woods@linsnyderandsmith.example.com,2026-05-23 19:23:15,Sales email (Priya Raman): sent,ACME-A001996
william.hinton@portersosa.example.com,2026-05-23 21:11:51,Sales email (Marcus Lee): replied,ACME-A001998
maria.perez@collierjohnson.example.com,2026-05-24 00:43:16,Sales email (Dana Whitfield): sent,ACME-A002003
lindsay.williams@browngriffinandpeters.example.com,2026-05-24 01:17:38,Sales email (Marcus Lee): sent,ACME-A002004
bonnie.tanner@murilloandsons.example.com,2026-05-24 02:38:52,Sales email (Priya Raman): sent,ACME-A002007
erik.gomez@huffballard.example.com,2026-05-24 03:37:46,Sales email (Sofia Alvarez): replied,ACME-A002010
bailey.hall@glennhernandezandjarvis.example.com,2026-05-24 04:19:59,Sales email (Jordan Ellis): sent,ACME-A002012
cody.mueller@blackgroup.example.com,2026-05-24 11:31:42,Sales email (Jordan Ellis): sent,ACME-A002022
anna.hampton@myersjacksonandchoi.example.com,2026-05-24 13:02:09,Sales email (Jordan Ellis): replied,ACME-A002027
erica.proctor@lewiswalkeranddavis.example.com,2026-05-24 14:55:47,Sales email (Dana Whitfield): sent,ACME-A002029
mary.hernandez@hillkirkandkramer.example.com,2026-05-24 16:11:10,Sales email (Dana Whitfield): replied,ACME-A002031
roger.pugh@sotowilson.example.com,2026-05-25 01:07:47,Sales email (Sofia Alvarez): sent,ACME-A002038
amy.blake@hillllc.example.com,2026-05-25 01:38:51,Sales email (Marcus Lee): sent,ACME-A002041
james.diaz@wellswatsonandcalhoun.example.com,2026-05-25 02:24:31,Sales email (Jordan Ellis): sent,ACME-A002043
robert.french@chaneyfieldsandwilliams.example.com,2026-05-25 03:36:30,Sales email (Sofia Alvarez): sent,ACME-A002045
regina.cole@adamsharris.example.com,2026-05-25 07:10:18,Sales email (Grace Kim): sent,ACME-A002050
james.harris@bishopsullivanandluna.example.com,2026-05-25 07:10:22,Sales email (Jordan Ellis): bounced,ACME-A002051
timothy.copeland@collinsbakerandwilliams.example.com,2026-05-25 08:03:24,Sales email (Marcus Lee): sent,ACME-A002053
tammy.mckee@williamsinc.example.com,2026-05-25 09:29:17,Sales email (Marcus Lee): replied,ACME-A002055
scott.lee@daviswilliams.example.com,2026-05-25 10:45:21,Sales email (Acme Round Robin): sent,ACME-A002059
charles.velasquez@burkeinc.example.com,2026-05-25 11:09:14,Sales email (Sofia Alvarez): sent,ACME-A002060
katherine.day@gomezllc.example.com,2026-05-25 11:16:22,Sales email (Priya Raman): sent,ACME-A002061
robert.smith@hillwright.example.com,2026-05-25 11:30:08,Sales email (Jordan Ellis): sent,ACME-A002062
erik.gomez@huffballard.example.com,2026-05-25 12:22:05,Sales email (Sofia Alvarez): sent,ACME-A002064
michael.nunez@diazharrisandjackson.example.com,2026-05-25 12:44:09,Sales email (Sofia Alvarez): sent,ACME-A002067
larry.jones@hendersonphillipsandsmit.example.com,2026-05-25 13:39:34,Sales email (Sofia Alvarez): sent,ACME-A002068
david.montgomery@cruzplc.example.com,2026-05-25 14:11:56,Sales email (Dana Whitfield): sent,ACME-A002071
cassidy.hicks@josephingram.example.com,2026-05-25 15:00:17,Sales email (Owen Brooks): sent,ACME-A002072
brian.fleming@scottshortandhaynes.example.com,2026-05-25 17:18:24,Sales email (Jordan Ellis): sent,ACME-A002076
jennifer.murphy@huertabrownandmendez.example.com,2026-05-25 17:39:37,Sales email (Marcus Lee): sent,ACME-A002077
tammy.joseph@kruegerllc.example.com,2026-05-25 17:40:22,Sales email (Priya Raman): sent,ACME-A002078
crystal.peterson@rodriguezwalker.example.com,2026-05-25 19:34:59,Sales email (Owen Brooks): sent,ACME-A002085
jacob.little@francophillips.example.com,2026-05-25 19:45:53,Sales email (Priya Raman): replied,ACME-A002086
john.matthews@christensenabbott.example.com,2026-05-25 21:18:02,Sales email (Jordan Ellis): sent,ACME-A002088
james.collins@vazquezmendezandwinters.example.com,2026-05-25 21:47:33,Sales email (Sofia Alvarez): sent,ACME-A002091
timothy.white@wilsongroup.example.com,2026-05-26 02:09:58,Sales email (Marcus Lee): sent,ACME-A002098
elizabeth.brennan@woodmartin.example.com,2026-05-26 02:59:26,Sales email (Dana Whitfield): sent,ACME-A002099
thomas.hunt@vaughanhall.example.com,2026-05-26 03:23:36,Sales email (Owen Brooks): sent,ACME-A002100
heather.cole@fostershea.example.com,2026-05-26 04:02:31,Sales email (Sofia Alvarez): sent,ACME-A002101
nathan.carpenter@thomasplc.example.com,2026-05-26 05:58:22,Sales email (Dana Whitfield): sent,ACME-A002102
manuel.thompson@cherryplc.example.com,2026-05-26 08:13:45,Sales email (Sofia Alvarez): replied,ACME-A002105
michael.jenkins@stuartandsons.example.com,2026-05-26 08:37:49,Sales email (Sofia Alvarez): sent,ACME-A002106
brian.page@campbellltd.example.com,2026-05-26 11:31:31,Sales email (Priya Raman): sent,ACME-A002110
ronald.torres@alvaradostrong.example.com,2026-05-26 11:42:47,Sales email (Priya Raman): sent,ACME-A002111
jennifer.newton@martinthompson.example.com,2026-05-26 12:56:19,Sales email (Priya Raman): replied,ACME-A002112
brian.dominguez@jenningsmoore.example.com,2026-05-26 16:44:43,Sales email (Sofia Alvarez): replied,ACME-A002119
natalie.martinez@smithewingandstewart.example.com,2026-05-26 17:09:17,Sales email (Grace Kim): sent,ACME-A002121
denise.atkins@ballhensleyandjackson.example.com,2026-05-26 17:46:45,Sales email (Dana Whitfield): replied,ACME-A002122
veronica.nichols@carlsonalexander.example.com,2026-05-26 19:06:32,Sales email (Owen Brooks): sent,ACME-A002123
brenda.owen@sanchezbarrett.example.com,2026-05-26 19:14:56,Sales email (Marcus Lee): sent,ACME-A002124
peter.blevins@hilldavisandrodriguez.example.com,2026-05-26 20:07:27,Sales email (Jordan Ellis): sent,ACME-A002125
victor.jacobs@yangmedinaandyoung.example.com,2026-05-26 22:50:26,Sales email (Dana Whitfield): sent,ACME-A002131
larry.jones@hendersonphillipsandsmit.example.com,2026-05-27 00:18:21,Sales email (Sofia Alvarez): sent,ACME-A002132
kyle.stewart@moranbenjaminandbauer.example.com,2026-05-27 02:14:27,Sales email (Dana Whitfield): replied,ACME-A002135
ricky.jones@palmerchapmanandmiller.example.com,2026-05-27 03:15:15,Sales email (Jordan Ellis): sent,ACME-A002137
natalie.martinez@smithewingandstewart.example.com,2026-05-27 03:34:53,Sales email (Grace Kim): sent,ACME-A002139
reginald.gonzalez@adamsbushandrobinson.example.com,2026-05-27 05:32:12,Sales email (Acme Round Robin): sent,ACME-A002141
james.ramirez@prestondurham.example.com,2026-05-27 06:09:48,Sales email (Marcus Lee): sent,ACME-A002142
shelly.rivera@wardltd.example.com,2026-05-27 07:02:29,Sales email (Acme Round Robin): sent,ACME-A002143
victor.jacobs@yangmedinaandyoung.example.com,2026-05-27 07:09:06,Sales email (Dana Whitfield): sent,ACME-A002144
dawn.jenkins@villarrealllc.example.com,2026-05-27 07:12:05,Sales email (Priya Raman): sent,ACME-A002145
mary.joseph@davismorrisonandclayton.example.com,2026-05-27 10:32:17,Sales email (Marcus Lee): replied,ACME-A002150
daryl.green@ellisplc.example.com,2026-05-27 11:14:55,Sales email (Sofia Alvarez): sent,ACME-A002151
kathy.johnson@davischristianandfitzger.example.com,2026-05-27 11:29:45,Sales email (Dana Whitfield): sent,ACME-A002152
monique.schroeder@hermaninc.example.com,2026-05-27 11:52:40,Sales email (Priya Raman): replied,ACME-A002154
christopher.hanson@bakerllc.example.com,2026-05-27 13:45:58,Sales email (Sofia Alvarez): sent,ACME-A002158
eric.hopkins@jonesinc.example.com,2026-05-27 15:17:16,Sales email (Jordan Ellis): sent,ACME-A002160
mary.phillips@castroltd.example.com,2026-05-27 15:19:11,Sales email (Dana Whitfield): replied,ACME-A002161
patricia.gonzalez@leonllc.example.com,2026-05-27 15:31:39,Sales email (Dana Whitfield): sent,ACME-A002163
bryan.esparza@nelsonllc.example.com,2026-05-27 16:03:38,Sales email (Jordan Ellis): bounced,ACME-A002164
henry.nielsen@olsengroup.example.com,2026-05-27 16:49:13,Sales email (Jordan Ellis): sent,ACME-A002165
debra.mata@williamsdiazandjenkins.example.com,2026-05-27 17:04:04,Sales email (Dana Whitfield): sent,ACME-A002166
matthew.savage@fostercox.example.com,2026-05-27 18:34:43,Sales email (Priya Raman): replied,ACME-A002168
michelle.bowen@harrissmith.example.com,2026-05-27 18:41:18,Sales email (Jordan Ellis): sent,ACME-A002170
brent.robinson@morsecookeandpowell.example.com,2026-05-27 18:43:49,Sales email (Grace Kim): sent,ACME-A002171
james.williams@gatesscott.example.com,2026-05-27 19:12:30,Sales email (Grace Kim): sent,ACME-A002172
alexis.nichols@goldenchapmanandgonzalez.example.com,2026-05-27 21:05:55,Sales email (Acme Round Robin): replied,ACME-A002173
katie.guerra@estradageorgeandmurray.example.com,2026-05-28 00:56:56,Sales email (Owen Brooks): sent,ACME-A002176
jennifer.townsend@floreswoods.example.com,2026-05-28 01:06:29,Sales email (Jordan Ellis): replied,ACME-A002177
adrian.mcgee@gardnercarterandsanders.example.com,2026-05-28 01:10:30,Sales email (Marcus Lee): sent,ACME-A002178
joanna.greer@conradholt.example.com,2026-05-28 01:43:11,Sales email (Grace Kim): sent,ACME-A002179
kevin.bates@alvaradomills.example.com,2026-05-28 02:41:01,Sales email (Owen Brooks): replied,ACME-A002181
timothy.white@wilsongroup.example.com,2026-05-28 04:03:14,Sales email (Marcus Lee): replied,ACME-A002183
aaron.walker@wallerfox.example.com,2026-05-28 04:04:54,Sales email (Dana Whitfield): sent,ACME-A002184
teresa.miller@johnsonli.example.com,2026-05-28 04:41:58,Sales email (Owen Brooks): bounced,ACME-A002185
hannah.butler@webbbrown.example.com,2026-05-28 06:02:14,Sales email (Jordan Ellis): sent,ACME-A002186
amy.rodriguez@whiteandsons.example.com,2026-05-28 09:27:35,Sales email (Dana Whitfield): sent,ACME-A002191
anthony.frazier@zunigaandsons.example.com,2026-05-28 10:22:35,Sales email (Jordan Ellis): sent,ACME-A002193
alexandra.morrow@rodriguezgarciaandjackso.example.com,2026-05-28 10:25:56,Sales email (Priya Raman): sent,ACME-A002194
kevin.bates@alvaradomills.example.com,2026-05-28 13:29:53,Sales email (Owen Brooks): replied,ACME-A002196
rebecca.bennett@elliottgroup.example.com,2026-05-28 17:16:10,Sales email (Dana Whitfield): sent,ACME-A002202
javier.flowers@vasquezbraunandhowell.example.com,2026-05-28 17:39:44,Sales email (Grace Kim): sent,ACME-A002205
michael.herring@gilbertwalkerandrose.example.com,2026-05-28 19:44:49,Sales email (Grace Kim): sent,ACME-A002209
donna.peterson@johnsonsandovalandphelps.example.com,2026-05-28 20:02:39,Sales email (Owen Brooks): replied,ACME-A002210
douglas.wang@smithandsons.example.com,2026-05-28 20:07:30,Sales email (Priya Raman): sent,ACME-A002211
zachary.stevens@simsltd.example.com,2026-05-28 20:47:25,Sales email (Priya Raman): sent,ACME-A002212
alexandra.everett@maddenchavezandramirez.example.com,2026-05-28 21:51:31,Sales email (Jordan Ellis): replied,ACME-A002213
alexandra.morrow@rodriguezgarciaandjackso.example.com,2026-05-28 22:35:56,Sales email (Priya Raman): sent,ACME-A002214
michael.lopez@millerandsons.example.com,2026-05-28 22:38:56,Sales email (Jordan Ellis): sent,ACME-A002215
elizabeth.sanders@sandersperryandmay.example.com,2026-05-29 01:45:57,Sales email (Owen Brooks): sent,ACME-A002218
michelle.miller@carpenterbrownandharris.example.com,2026-05-29 03:12:29,Sales email (Grace Kim): sent,ACME-A002219
calvin.gibson@wongmartin.example.com,2026-05-29 03:28:55,Sales email (Priya Raman): sent,ACME-A002220
michael.schroeder@whitecarpenterandarcher.example.com,2026-05-29 03:32:46,Sales email (Sofia Alvarez): replied,ACME-A002222
david.taylor@hamiltonltd.example.com,2026-05-29 03:44:38,Sales email (Jordan Ellis): sent,ACME-A002223
william.hernandez@wilsonbennettandcollins.example.com,2026-05-29 08:50:47,Sales email (Owen Brooks): replied,ACME-A002228
zachary.martinez@wardltd.example.com,2026-05-29 09:11:20,Sales email (Acme Round Robin): replied,ACME-A002229
carla.chavez@floresplc.example.com,2026-05-29 10:31:15,Sales email (Jordan Ellis): sent,ACME-A002232
lisa.ross@perezandsons.example.com,2026-05-29 11:06:48,Sales email (Jordan Ellis): sent,ACME-A002235
alexander.green@lewismitchellandknox.example.com,2026-05-29 12:35:43,Sales email (Sofia Alvarez): sent,ACME-A002237
michele.peters@bakeredwardsandscott.example.com,2026-05-29 14:52:59,Sales email (Marcus Lee): sent,ACME-A002241
jenny.edwards@nicholschan.example.com,2026-05-29 17:52:11,Sales email (Priya Raman): sent,ACME-A002245
shawn.pacheco@garciaandsons.example.com,2026-05-29 18:33:25,Sales email (Sofia Alvarez): bounced,ACME-A002248
nancy.cruz@jamesrobertsandholland.example.com,2026-05-29 22:35:46,Sales email (Priya Raman): sent,ACME-A002253
angela.hoover@schmidthall.example.com,2026-05-29 22:54:48,Sales email (Dana Whitfield): sent,ACME-A002254
michael.cole@garciamckeeandaguilar.example.com,2026-05-29 23:17:01,Sales email (Dana Whitfield): sent,ACME-A002256
caleb.daugherty@moodyboothandkelly.example.com,2026-05-29 23:34:13,Sales email (Dana Whitfield): sent,ACME-A002259
peter.blevins@hilldavisandrodriguez.example.com,2026-05-30 00:05:49,Sales email (Jordan Ellis): sent,ACME-A002260
annette.stewart@medinagrantandburton.example.com,2026-05-30 00:49:21,Sales email (Grace Kim): bounced,ACME-A002262
lynn.anderson@nortonalvarez.example.com,2026-05-30 02:03:45,Sales email (Priya Raman): sent,ACME-A002264
kristin.king@andrewsinc.example.com,2026-05-30 02:51:06,Sales email (Priya Raman): sent,ACME-A002265
joseph.proctor@collinsgroup.example.com,2026-05-30 02:52:15,Sales email (Sofia Alvarez): sent,ACME-A002266
alex.gay@jacksonjones.example.com,2026-05-30 05:49:05,Sales email (Sofia Alvarez): sent,ACME-A002269
michele.peters@bakeredwardsandscott.example.com,2026-05-30 08:01:57,Sales email (Marcus Lee): replied,ACME-A002271
susan.cox@pricellc.example.com,2026-05-30 08:35:06,Sales email (Marcus Lee): sent,ACME-A002273
tina.burton@thompsonlawrence.example.com,2026-05-30 10:06:52,Sales email (Marcus Lee): sent,ACME-A002274
david.taylor@hamiltonltd.example.com,2026-05-30 12:34:45,Sales email (Jordan Ellis): sent,ACME-A002275
bailey.hale@smithtaylorandlarson.example.com,2026-05-30 14:50:20,Sales email (Acme Round Robin): sent,ACME-A002277
susan.hernandez@allenmartinez.example.com,2026-05-30 17:58:20,Sales email (Dana Whitfield): sent,ACME-A002280
sean.morgan@powersinc.example.com,2026-05-30 17:59:09,Sales email (Priya Raman): sent,ACME-A002281
adam.knight@marshandsons.example.com,2026-05-30 19:10:28,Sales email (Marcus Lee): sent,ACME-A002283
christopher.delgado@petersensullivan.example.com,2026-05-30 19:53:40,Sales email (Marcus Lee): replied,ACME-A002284
heather.cole@fostershea.example.com,2026-05-30 20:37:11,Sales email (Sofia Alvarez): sent,ACME-A002285
raven.schneider@burtonplc.example.com,2026-05-30 21:42:09,Sales email (Sofia Alvarez): sent,ACME-A002289
david.taylor@hamiltonltd.example.com,2026-05-30 22:21:16,Sales email (Jordan Ellis): sent,ACME-A002290
lisa.skinner@kimoconnorandcruz.example.com,2026-05-31 00:53:12,Sales email (Marcus Lee): sent,ACME-A002294
marc.williams@diazhughesandeaton.example.com,2026-05-31 05:17:17,Sales email (Sofia Alvarez): sent,ACME-A002302
todd.sparks@parkerhutchinson.example.com,2026-05-31 06:32:19,Sales email (Marcus Lee): sent,ACME-A002305
steven.mack@morganhansen.example.com,2026-05-31 06:50:45,Sales email (Dana Whitfield): sent,ACME-A002306
connor.jackson@hernandezfitzgerald.example.com,2026-05-31 07:24:53,Sales email (Marcus Lee): sent,ACME-A002307
amy.morales@davismaddox.example.com,2026-05-31 09:22:19,Sales email (Dana Whitfield): sent,ACME-A002309
tammy.gonzalez@maywaltersandbush.example.com,2026-05-31 10:38:14,Sales email (Dana Whitfield): sent,ACME-A002314
patricia.gonzalez@leonllc.example.com,2026-05-31 11:17:34,Sales email (Dana Whitfield): sent,ACME-A002316
thomas.hunt@vaughanhall.example.com,2026-05-31 11:25:26,Sales email (Owen Brooks): bounced,ACME-A002317
lisa.mays@lanemoore.example.com,2026-05-31 12:01:25,Sales email (Priya Raman): sent,ACME-A002319
jennifer.kane@floresplc.example.com,2026-05-31 12:56:02,Sales email (Jordan Ellis): sent,ACME-A002320
douglas.rodriguez@jonessmithandward.example.com,2026-05-31 14:17:53,Sales email (Marcus Lee): sent,ACME-A002321
henry.nielsen@olsengroup.example.com,2026-05-31 15:37:19,Sales email (Jordan Ellis): sent,ACME-A002323
emily.stephenson@cookpadilla.example.com,2026-05-31 16:30:00,Sales email (Priya Raman): sent,ACME-A002324
james.ramirez@douglaspineda.example.com,2026-05-31 16:55:35,Sales email (Priya Raman): sent,ACME-A002325
johnny.turner@benderalexanderandmccart.example.com,2026-05-31 18:34:14,Sales email (Grace Kim): sent,ACME-A002329
michael.nunez@diazharrisandjackson.example.com,2026-05-31 19:00:15,Sales email (Sofia Alvarez): sent,ACME-A002330
julie.taylor@martinsheppardandchamber.example.com,2026-05-31 19:01:20,Sales email (Jordan Ellis): sent,ACME-A002332
michael.pierce@hicksreid.example.com,2026-05-31 20:16:32,Sales email (Jordan Ellis): sent,ACME-A002333
brittany.white@cochrangroup.example.com,2026-05-31 21:19:29,Sales email (Marcus Lee): sent,ACME-A002336
yvonne.jones@baileylawrenceandduncan.example.com,2026-05-31 21:21:56,Sales email (Dana Whitfield): bounced,ACME-A002337
spencer.burgess@lambcummings.example.com,2026-05-31 21:39:58,Sales email (Owen Brooks): sent,ACME-A002339
jill.williams@williamscaseyandyork.example.com,2026-05-31 21:45:48,Sales email (Jordan Ellis): sent,ACME-A002340
tristan.robinson@kellycarr.example.com,2026-05-31 23:24:54,Sales email (Dana Whitfield): sent,ACME-A002341
brenda.owen@sanchezbarrett.example.com,2026-06-01 00:39:36,Sales email (Marcus Lee): sent,ACME-A002345
jennifer.valenzuela@wilsonhouse.example.com,2026-06-01 01:38:16,Sales email (Dana Whitfield): replied,ACME-A002348
katie.guerra@estradageorgeandmurray.example.com,2026-06-01 01:41:52,Sales email (Owen Brooks): sent,ACME-A002349
richard.miller@bentleyjenkins.example.com,2026-06-01 04:21:57,Sales email (Grace Kim): sent,ACME-A002351
gina.page@youngvasquezandodonnell.example.com,2026-06-01 04:45:52,Sales email (Priya Raman): sent,ACME-A002353
willie.taylor@allenplc.example.com,2026-06-01 04:47:11,Sales email (Marcus Lee): bounced,ACME-A002354
henry.nielsen@olsengroup.example.com,2026-06-01 07:09:09,Sales email (Jordan Ellis): sent,ACME-A002358
bailey.hall@glennhernandezandjarvis.example.com,2026-06-01 07:12:20,Sales email (Jordan Ellis): sent,ACME-A002359
lauren.garcia@wilkinsonkelleyandhughes.example.com,2026-06-01 09:39:02,Sales email (Grace Kim): bounced,ACME-A002360
kyle.barber@thomasltd.example.com,2026-06-01 10:53:20,Sales email (Dana Whitfield): sent,ACME-A002362
bailey.hale@smithtaylorandlarson.example.com,2026-06-01 12:46:55,Sales email (Acme Round Robin): sent,ACME-A002366
stephanie.dixon@campbellltd.example.com,2026-06-01 13:17:52,Sales email (Priya Raman): bounced,ACME-A002367
joshua.herrera@gutierrezinc.example.com,2026-06-01 13:23:17,Sales email (Dana Whitfield): sent,ACME-A002368
john.matthews@christensenabbott.example.com,2026-06-01 14:19:05,Sales email (Jordan Ellis): sent,ACME-A002370
marc.lucas@jamesandsons.example.com,2026-06-01 16:08:59,Sales email (Owen Brooks): sent,ACME-A002375
carol.brown@wilsongroup.example.com,2026-06-01 17:58:16,Sales email (Marcus Lee): sent,ACME-A002378
james.vargas@duffyruiz.example.com,2026-06-01 18:27:57,Sales email (Grace Kim): replied,ACME-A002379
douglas.rodriguez@jonessmithandward.example.com,2026-06-01 19:11:26,Sales email (Marcus Lee): replied,ACME-A002380
henry.nielsen@olsengroup.example.com,2026-06-01 21:20:48,Sales email (Jordan Ellis): sent,ACME-A002387
alicia.allen@rodriguezacevedo.example.com,2026-06-01 22:06:49,Sales email (Marcus Lee): sent,ACME-A002390
jill.williams@williamscaseyandyork.example.com,2026-06-02 00:39:16,Sales email (Jordan Ellis): sent,ACME-A002396
albert.hall@taylormullins.example.com,2026-06-02 00:54:52,Sales email (Grace Kim): sent,ACME-A002397
zachary.stevens@simsltd.example.com,2026-06-02 02:38:50,Sales email (Priya Raman): sent,ACME-A002400
stephanie.stevens@williamsmiles.example.com,2026-06-02 03:38:17,Sales email (Sofia Alvarez): sent,ACME-A002403
brian.dominguez@jenningsmoore.example.com,2026-06-02 03:47:16,Sales email (Sofia Alvarez): sent,ACME-A002404
matthew.smith@smithriley.example.com,2026-06-02 04:16:56,Sales email (Grace Kim): sent,ACME-A002405
bailey.hale@smithtaylorandlarson.example.com,2026-06-02 06:41:54,Sales email (Acme Round Robin): replied,ACME-A002408
kyle.barber@thomasltd.example.com,2026-06-02 11:13:18,Sales email (Dana Whitfield): sent,ACME-A002413
alexandra.morrow@rodriguezgarciaandjackso.example.com,2026-06-02 12:02:34,Sales email (Priya Raman): sent,ACME-A002415
peter.blevins@hilldavisandrodriguez.example.com,2026-06-02 15:10:33,Sales email (Jordan Ellis): sent,ACME-A002424
tina.gibbs@suarezjimenez.example.com,2026-06-02 15:26:06,Sales email (Owen Brooks): sent,ACME-A002425
valerie.jimenez@terryhunter.example.com,2026-06-02 16:16:30,Sales email (Sofia Alvarez): sent,ACME-A002429
elizabeth.brennan@woodmartin.example.com,2026-06-02 19:13:06,Sales email (Dana Whitfield): sent,ACME-A002433
courtney.ayala@alvaradofoster.example.com,2026-06-02 21:01:46,Sales email (Jordan Ellis): sent,ACME-A002435
ryan.romero@whiteinc.example.com,2026-06-02 21:34:18,Sales email (Owen Brooks): replied,ACME-A002437
matthew.berry@crossmartinezandperez.example.com,2026-06-03 00:07:13,Sales email (Marcus Lee): sent,ACME-A002440
wanda.evans@whiteshields.example.com,2026-06-03 04:27:51,Sales email (Priya Raman): sent,ACME-A002444
jennifer.townsend@floreswoods.example.com,2026-06-03 06:30:29,Sales email (Jordan Ellis): sent,ACME-A002446
olivia.martinez@watsoninc.example.com,2026-06-03 09:11:35,Sales email (Sofia Alvarez): sent,ACME-A002449
jonathan.rice@johnsonplc.example.com,2026-06-03 09:21:29,Sales email (Priya Raman): sent,ACME-A002450
susan.hernandez@allenmartinez.example.com,2026-06-03 10:28:34,Sales email (Dana Whitfield): sent,ACME-A002451
mitchell.hughes@lynchhartmanandgreen.example.com,2026-06-03 11:12:38,Sales email (Priya Raman): sent,ACME-A002453
ashley.medina@wallaceltd.example.com,2026-06-03 11:21:32,Sales email (Dana Whitfield): sent,ACME-A002454
joseph.snyder@wallssmith.example.com,2026-06-03 12:32:24,Sales email (Dana Whitfield): sent,ACME-A002455
james.roach@patelhuffman.example.com,2026-06-03 12:37:54,Sales email (Marcus Lee): sent,ACME-A002456
peter.smith@gatesandsons.example.com,2026-06-03 13:04:33,Sales email (Marcus Lee): sent,ACME-A002457
jeremy.weber@alvaradogroup.example.com,2026-06-03 13:10:14,Sales email (Sofia Alvarez): sent,ACME-A002458
madison.gonzalez@elliottinc.example.com,2026-06-03 13:16:26,Sales email (Jordan Ellis): sent,ACME-A002459
brittany.bradford@millertorres.example.com,2026-06-03 13:56:05,Sales email (Grace Kim): sent,ACME-A002460
david.walker@hammondcarrillo.example.com,2026-06-03 13:58:58,Sales email (Sofia Alvarez): sent,ACME-A002461
bonnie.tanner@murilloandsons.example.com,2026-06-03 14:23:19,Sales email (Priya Raman): sent,ACME-A002464
dwayne.gutierrez@sextonlee.example.com,2026-06-03 14:43:23,Sales email (Dana Whitfield): sent,ACME-A002466
nicholas.williams@normanknappandlove.example.com,2026-06-03 17:58:12,Sales email (Dana Whitfield): sent,ACME-A002473
stacy.robinson@harrisellison.example.com,2026-06-03 18:37:47,Sales email (Marcus Lee): sent,ACME-A002475
tracy.gonzalez@smithhenry.example.com,2026-06-03 18:42:27,Sales email (Priya Raman): sent,ACME-A002476
john.johnson@chavezplc.example.com,2026-06-03 18:49:40,Sales email (Grace Kim): bounced,ACME-A002477
charles.miles@porterandsons.example.com,2026-06-03 20:17:53,Sales email (Jordan Ellis): sent,ACME-A002480
joshua.rodriguez@longcampos.example.com,2026-06-03 20:30:32,Sales email (Marcus Lee): replied,ACME-A002481
william.harper@lutzfuentes.example.com,2026-06-03 21:14:11,Sales email (Dana Whitfield): sent,ACME-A002483
monica.jackson@hartltd.example.com,2026-06-03 21:49:53,Sales email (Jordan Ellis): sent,ACME-A002484
connor.jackson@hernandezfitzgerald.example.com,2026-06-03 22:17:04,Sales email (Marcus Lee): sent,ACME-A002485
jessica.novak@johnsonstevensandtran.example.com,2026-06-03 23:31:59,Sales email (Priya Raman): replied,ACME-A002488
tara.castaneda@bernardjones.example.com,2026-06-04 00:19:52,Sales email (Priya Raman): sent,ACME-A002489
stacy.robinson@harrisellison.example.com,2026-06-04 01:36:38,Sales email (Marcus Lee): sent,ACME-A002491
tammy.gonzalez@maywaltersandbush.example.com,2026-06-04 03:35:33,Sales email (Dana Whitfield): sent,ACME-A002493
anthony.frazier@zunigaandsons.example.com,2026-06-04 04:04:21,Sales email (Jordan Ellis): sent,ACME-A002495
amy.bennett@greenoliverandjones.example.com,2026-06-04 07:43:50,Sales email (Sofia Alvarez): sent,ACME-A002501
alexandra.everett@maddenchavezandramirez.example.com,2026-06-04 09:13:58,Sales email (Jordan Ellis): replied,ACME-A002503
martin.ross@barrerainc.example.com,2026-06-04 09:52:28,Sales email (Priya Raman): sent,ACME-A002506
william.harper@lutzfuentes.example.com,2026-06-04 10:45:21,Sales email (Dana Whitfield): sent,ACME-A002508
brian.tyler@smithfloresandwalter.example.com,2026-06-04 11:24:49,Sales email (Jordan Ellis): replied,ACME-A002509
charles.velasquez@burkeinc.example.com,2026-06-04 13:24:24,Sales email (Sofia Alvarez): replied,ACME-A002515
kristen.anderson@mcdonaldshah.example.com,2026-06-04 13:42:53,Sales email (Marcus Lee): sent,ACME-A002517
nathan.stanton@wardmyersandsimmons.example.com,2026-06-04 15:13:12,Sales email (Dana Whitfield): replied,ACME-A002522
michelle.miller@carneyplc.example.com,2026-06-04 16:53:25,Sales email (Marcus Lee): bounced,ACME-A002523
lisa.turner@cruzprattandruiz.example.com,2026-06-04 19:45:47,Sales email (Sofia Alvarez): sent,ACME-A002530
george.bell@douglasinc.example.com,2026-06-04 21:17:38,Sales email (Priya Raman): replied,ACME-A002531
mark.murphy@douglaspatel.example.com,2026-06-04 22:30:09,Sales email (Jordan Ellis): sent,ACME-A002533
erica.james@banksballard.example.com,2026-06-04 23:23:45,Sales email (Sofia Alvarez): sent,ACME-A002536
angela.salinas@reedmiller.example.com,2026-06-04 23:47:29,Sales email (Priya Raman): sent,ACME-A002538
todd.garcia@gonzalesplc.example.com,2026-06-05 00:32:19,Sales email (Dana Whitfield): bounced,ACME-A002539
lynn.anderson@nortonalvarez.example.com,2026-06-05 02:45:50,Sales email (Priya Raman): replied,ACME-A002541
matthew.davis@travisgroup.example.com,2026-06-05 04:59:11,Sales email (Dana Whitfield): sent,ACME-A002545
joseph.proctor@collinsgroup.example.com,2026-06-05 05:17:12,Sales email (Sofia Alvarez): sent,ACME-A002546
elizabeth.ward@danielsltd.example.com,2026-06-05 05:37:33,Sales email (Priya Raman): sent,ACME-A002547
anthony.stewart@rossbentleyandmarks.example.com,2026-06-05 06:55:54,Sales email (Jordan Ellis): sent,ACME-A002548
melissa.barry@johnsonwoodsandmiller.example.com,2026-06-05 09:17:04,Sales email (Marcus Lee): replied,ACME-A002551
stephanie.dixon@campbellltd.example.com,2026-06-05 10:34:34,Sales email (Priya Raman): sent,ACME-A002555
tammy.hunter@weisscamacho.example.com,2026-06-05 11:41:55,Sales email (Sofia Alvarez): sent,ACME-A002558
sarah.thomas@hamiltonreid.example.com,2026-06-05 11:55:41,Sales email (Jordan Ellis): sent,ACME-A002559
roger.lewis@melendezdonaldson.example.com,2026-06-05 12:32:34,Sales email (Sofia Alvarez): sent,ACME-A002561
james.ramirez@douglaspineda.example.com,2026-06-05 13:18:57,Sales email (Priya Raman): sent,ACME-A002563
anna.bailey@martinphillipsandramos.example.com,2026-06-05 14:12:21,Sales email (Marcus Lee): sent,ACME-A002564
barbara.williams@thomasmatthews.example.com,2026-06-05 15:24:36,Sales email (Jordan Ellis): sent,ACME-A002568
nichole.martin@rodriguezbailey.example.com,2026-06-05 15:30:40,Sales email (Dana Whitfield): sent,ACME-A002569
susan.hernandez@allenmartinez.example.com,2026-06-05 15:46:40,Sales email (Dana Whitfield): sent,ACME-A002570
scott.jones@richardsfieldsandmann.example.com,2026-06-05 16:17:34,Sales email (Jordan Ellis): sent,ACME-A002571
roger.lewis@melendezdonaldson.example.com,2026-06-05 18:21:36,Sales email (Sofia Alvarez): sent,ACME-A002572
sydney.peterson@maldonadollc.example.com,2026-06-05 18:51:38,Sales email (Marcus Lee): replied,ACME-A002574
amy.rodriguez@whiteandsons.example.com,2026-06-05 19:26:39,Sales email (Dana Whitfield): sent,ACME-A002576
emily.walker@rogersadams.example.com,2026-06-05 20:37:16,Sales email (Grace Kim): sent,ACME-A002578
jodi.clark@williamstaylorandcooley.example.com,2026-06-05 22:41:40,Sales email (Marcus Lee): replied,ACME-A002582
erica.james@banksballard.example.com,2026-06-06 00:30:30,Sales email (Sofia Alvarez): sent,ACME-A002585
steven.morgan@roachandersonandbrown.example.com,2026-06-06 02:57:54,Sales email (Marcus Lee): bounced,ACME-A002588
john.matthews@christensenabbott.example.com,2026-06-06 04:03:33,Sales email (Jordan Ellis): sent,ACME-A002589
dale.brooks@riggszuniga.example.com,2026-06-06 04:26:43,Sales email (Dana Whitfield): sent,ACME-A002590
roger.lewis@melendezdonaldson.example.com,2026-06-06 04:52:26,Sales email (Sofia Alvarez): sent,ACME-A002591
amanda.jones@harrisplc.example.com,2026-06-06 06:41:29,Sales email (Jordan Ellis): sent,ACME-A002594
amanda.lyons@kramerkleinandmueller.example.com,2026-06-06 12:32:18,Sales email (Jordan Ellis): replied,ACME-A002604
philip.edwards@jenkinsvelazquez.example.com,2026-06-06 13:22:19,Sales email (Dana Whitfield): sent,ACME-A002605
kyle.barber@thomasltd.example.com,2026-06-06 13:41:04,Sales email (Dana Whitfield): sent,ACME-A002607
daryl.green@ellisplc.example.com,2026-06-06 13:41:41,Sales email (Sofia Alvarez): sent,ACME-A002608
deanna.benson@weaverinc.example.com,2026-06-06 15:26:55,Sales email (Dana Whitfield): sent,ACME-A002610
matthew.berry@crossmartinezandperez.example.com,2026-06-06 19:17:25,Sales email (Marcus Lee): sent,ACME-A002613
christina.drake@merrittinc.example.com,2026-06-06 19:34:50,Sales email (Marcus Lee): sent,ACME-A002614
elizabeth.brennan@woodmartin.example.com,2026-06-06 19:50:50,Sales email (Dana Whitfield): sent,ACME-A002615
roger.lewis@melendezdonaldson.example.com,2026-06-07 02:24:45,Sales email (Sofia Alvarez): sent,ACME-A002618
maria.ayers@bennettdrake.example.com,2026-06-07 05:30:03,Sales email (Sofia Alvarez): sent,ACME-A002622
timothy.white@wilsongroup.example.com,2026-06-07 05:39:09,Sales email (Marcus Lee): sent,ACME-A002623
christopher.taylor@harperfernandez.example.com,2026-06-07 09:53:10,Sales email (Priya Raman): sent,ACME-A002627
karen.harper@cruzdavisandsalas.example.com,2026-06-07 10:46:33,Sales email (Priya Raman): sent,ACME-A002628
james.ramirez@prestondurham.example.com,2026-06-07 10:52:41,Sales email (Marcus Lee): replied,ACME-A002629
sean.webb@nguyenortiz.example.com,2026-06-07 11:50:25,Sales email (Sofia Alvarez): sent,ACME-A002630
jonathan.olsen@branchgroup.example.com,2026-06-07 13:30:18,Sales email (Jordan Ellis): sent,ACME-A002634
mitchell.hughes@lynchhartmanandgreen.example.com,2026-06-07 13:45:56,Sales email (Priya Raman): sent,ACME-A002635
lauren.garcia@wilkinsonkelleyandhughes.example.com,2026-06-07 14:14:44,Sales email (Grace Kim): sent,ACME-A002636
jennifer.hill@garzallc.example.com,2026-06-07 15:53:11,Sales email (Dana Whitfield): replied,ACME-A002640
erika.west@dyerjohnsonandlopez.example.com,2026-06-07 19:36:43,Sales email (Dana Whitfield): replied,ACME-A002643
melissa.barry@johnsonwoodsandmiller.example.com,2026-06-07 20:48:56,Sales email (Marcus Lee): sent,ACME-A002644
matthew.berry@crossmartinezandperez.example.com,2026-06-07 21:33:10,Sales email (Marcus Lee): sent,ACME-A002645
lauren.garcia@wilkinsonkelleyandhughes.example.com,2026-06-07 21:45:45,Sales email (Grace Kim): sent,ACME-A002646
kimberly.harris@evansbrownandscott.example.com,2026-06-07 22:31:22,Sales email (Jordan Ellis): sent,ACME-A002649
anthony.stewart@rossbentleyandmarks.example.com,2026-06-07 23:22:24,Sales email (Jordan Ellis): sent,ACME-A002652
elizabeth.aguilar@johnsonltd.example.com,2026-06-08 01:32:23,Sales email (Priya Raman): sent,ACME-A002654
elizabeth.ward@danielsltd.example.com,2026-06-08 03:24:23,Sales email (Priya Raman): sent,ACME-A002656
joanna.greer@conradholt.example.com,2026-06-08 05:25:16,Sales email (Grace Kim): sent,ACME-A002659
lauren.garcia@wilkinsonkelleyandhughes.example.com,2026-06-08 05:33:06,Sales email (Grace Kim): sent,ACME-A002660
phyllis.young@colemanllc.example.com,2026-06-08 11:05:28,Sales email (Dana Whitfield): sent,ACME-A002665
timothy.benitez@cochranadamsandparsons.example.com,2026-06-08 11:13:21,Sales email (Dana Whitfield): sent,ACME-A002666
jennifer.newton@martinthompson.example.com,2026-06-08 11:29:26,Sales email (Priya Raman): sent,ACME-A002667
blake.hill@haaslopezanddawson.example.com,2026-06-08 12:22:42,Sales email (Priya Raman): sent,ACME-A002670
joseph.gilmore@garciainc.example.com,2026-06-08 12:49:38,Sales email (Sofia Alvarez): sent,ACME-A002671
carolyn.rogers@hayesinc.example.com,2026-06-08 13:41:32,Sales email (Owen Brooks): sent,ACME-A002673
katie.guerra@estradageorgeandmurray.example.com,2026-06-08 13:49:07,Sales email (Owen Brooks): sent,ACME-A002675
douglas.lyons@arnoldsalazarandatkins.example.com,2026-06-08 15:16:08,Sales email (Owen Brooks): sent,ACME-A002678
andrew.marks@allenltd.example.com,2026-06-08 15:50:42,Sales email (Dana Whitfield): replied,ACME-A002679
jillian.lopez@kennedycortez.example.com,2026-06-08 16:07:18,Sales email (Sofia Alvarez): sent,ACME-A002682
robert.kim@kelleypeterson.example.com,2026-06-08 17:06:47,Sales email (Jordan Ellis): sent,ACME-A002687
ashley.medina@wallaceltd.example.com,2026-06-08 17:14:39,Sales email (Dana Whitfield): sent,ACME-A002688
jamie.romero@smithtran.example.com,2026-06-08 17:25:24,Sales email (Jordan Ellis): sent,ACME-A002689
alicia.thomas@morenomendozaandhancock.example.com,2026-06-08 17:45:56,Sales email (Priya Raman): bounced,ACME-A002691
kimberly.small@brownllc.example.com,2026-06-08 19:10:52,Sales email (Sofia Alvarez): sent,ACME-A002694
christine.lee@costabeard.example.com,2026-06-08 19:53:42,Sales email (Jordan Ellis): sent,ACME-A002695
kathy.johnson@davischristianandfitzger.example.com,2026-06-08 22:15:34,Sales email (Dana Whitfield): sent,ACME-A002696
joseph.gilmore@garciainc.example.com,2026-06-09 00:32:07,Sales email (Sofia Alvarez): sent,ACME-A002701
ashley.stokes@hahncuevasandsimmons.example.com,2026-06-09 01:28:44,Sales email (Dana Whitfield): sent,ACME-A002702
crystal.wheeler@hornllc.example.com,2026-06-09 02:42:53,Sales email (Dana Whitfield): sent,ACME-A002703
elizabeth.cameron@zavalacross.example.com,2026-06-09 04:17:55,Sales email (Grace Kim): sent,ACME-A002705
karen.harper@cruzdavisandsalas.example.com,2026-06-09 04:38:49,Sales email (Priya Raman): replied,ACME-A002707
jodi.clark@williamstaylorandcooley.example.com,2026-06-09 04:57:46,Sales email (Marcus Lee): sent,ACME-A002709
allison.obrien@woodkramer.example.com,2026-06-09 07:43:42,Sales email (Grace Kim): sent,ACME-A002710
joshua.herrera@gutierrezinc.example.com,2026-06-09 07:51:00,Sales email (Dana Whitfield): sent,ACME-A002712
john.matthews@christensenabbott.example.com,2026-06-09 08:15:19,Sales email (Jordan Ellis): replied,ACME-A002713
justin.marshall@russoltd.example.com,2026-06-09 09:18:31,Sales email (Marcus Lee): sent,ACME-A002715
rodney.patel@allengreen.example.com,2026-06-09 09:37:54,Sales email (Dana Whitfield): bounced,ACME-A002716
william.harper@lutzfuentes.example.com,2026-06-09 10:04:36,Sales email (Dana Whitfield): sent,ACME-A002717
heather.vasquez@randalldennisandwilliams.example.com,2026-06-09 11:44:26,Sales email (Marcus Lee): sent,ACME-A002721
carol.brown@wilsongroup.example.com,2026-06-09 12:19:13,Sales email (Marcus Lee): sent,ACME-A002723
kyle.wilson@priceperez.example.com,2026-06-09 16:05:51,Sales email (Dana Whitfield): sent,ACME-A002735
lisa.wells@carterpeck.example.com,2026-06-09 16:44:58,Sales email (Sofia Alvarez): sent,ACME-A002736
jenny.edwards@nicholschan.example.com,2026-06-09 16:48:07,Sales email (Priya Raman): sent,ACME-A002738
nathan.miller@barnescarpenterandmartin.example.com,2026-06-09 17:12:18,Sales email (Jordan Ellis): sent,ACME-A002743
peter.luna@barnescalhounandfrench.example.com,2026-06-09 17:25:45,Sales email (Jordan Ellis): bounced,ACME-A002744
james.harris@bishopsullivanandluna.example.com,2026-06-09 21:29:13,Sales email (Jordan Ellis): replied,ACME-A002751
jane.norman@hillcarrillo.example.com,2026-06-09 23:13:11,Sales email (Marcus Lee): sent,ACME-A002757
allison.obrien@woodkramer.example.com,2026-06-10 01:11:03,Sales email (Grace Kim): sent,ACME-A002763
matthew.berry@crossmartinezandperez.example.com,2026-06-10 01:34:52,Sales email (Marcus Lee): sent,ACME-A002764
james.ramirez@prestondurham.example.com,2026-06-10 03:07:34,Sales email (Marcus Lee): sent,ACME-A002766
adam.woodard@taylorfrost.example.com,2026-06-10 04:29:05,Sales email (Sofia Alvarez): sent,ACME-A002768
leslie.clark@gardnerpriceandcarrillo.example.com,2026-06-10 04:35:14,Sales email (Marcus Lee): sent,ACME-A002769
sara.hart@beckerkingandgarcia.example.com,2026-06-10 04:37:13,Sales email (Marcus Lee): sent,ACME-A002770
greg.lester@smithandsons.example.com,2026-06-10 05:03:58,Sales email (Priya Raman): bounced,ACME-A002772
alexandra.everett@maddenchavezandramirez.example.com,2026-06-10 06:11:54,Sales email (Jordan Ellis): sent,ACME-A002773
bonnie.tanner@murilloandsons.example.com,2026-06-10 09:39:03,Sales email (Priya Raman): sent,ACME-A002777
robert.cunningham@guerrerokingandmoon.example.com,2026-06-10 11:47:22,Sales email (Sofia Alvarez): bounced,ACME-A002780
timothy.white@wilsongroup.example.com,2026-06-10 12:23:02,Sales email (Marcus Lee): sent,ACME-A002783
robert.kim@kelleypeterson.example.com,2026-06-10 13:05:34,Sales email (Jordan Ellis): sent,ACME-A002784
daryl.green@ellisplc.example.com,2026-06-10 13:38:27,Sales email (Sofia Alvarez): sent,ACME-A002786
ashley.medina@wallaceltd.example.com,2026-06-10 15:17:17,Sales email (Dana Whitfield): replied,ACME-A002788
elizabeth.sutton@mullinsandsons.example.com,2026-06-10 17:01:38,Sales email (Jordan Ellis): replied,ACME-A002790
emily.carr@clarkplc.example.com,2026-06-10 18:12:06,Sales email (Sofia Alvarez): sent,ACME-A002793
brent.haynes@weberinc.example.com,2026-06-10 20:41:55,Sales email (Sofia Alvarez): sent,ACME-A002795
matthew.davis@travisgroup.example.com,2026-06-10 21:45:34,Sales email (Dana Whitfield): sent,ACME-A002797
mitchell.hughes@lynchhartmanandgreen.example.com,2026-06-10 21:59:37,Sales email (Priya Raman): sent,ACME-A002798
sarah.johnson@mitchellgroup.example.com,2026-06-10 23:17:33,Sales email (Sofia Alvarez): sent,ACME-A002800
destiny.mckenzie@fischerltd.example.com,2026-06-11 00:13:04,Sales email (Dana Whitfield): replied,ACME-A002803
beverly.contreras@gayltd.example.com,2026-06-11 01:36:11,Sales email (Grace Kim): bounced,ACME-A002804
jeffrey.ramirez@dixonchapman.example.com,2026-06-11 01:54:30,Sales email (Owen Brooks): sent,ACME-A002805
sarah.johnson@mitchellgroup.example.com,2026-06-11 05:17:31,Sales email (Sofia Alvarez): sent,ACME-A002809
victoria.clark@martinjacobsonandlee.example.com,2026-06-11 06:07:28,Sales email (Sofia Alvarez): replied,ACME-A002810
jesse.taylor@gordonmiller.example.com,2026-06-11 07:58:44,Sales email (Jordan Ellis): replied,ACME-A002813
christopher.mckenzie@johnsonmontgomeryandhall.example.com,2026-06-11 08:18:09,Sales email (Jordan Ellis): sent,ACME-A002814
jennifer.kim@grahammcdonaldanddavenpo.example.com,2026-06-11 08:26:40,Sales email (Priya Raman): sent,ACME-A002815
john.matthews@christensenabbott.example.com,2026-06-11 09:31:14,Sales email (Jordan Ellis): sent,ACME-A002818
scott.medina@jimenezllc.example.com,2026-06-11 10:05:50,Sales email (Acme Round Robin): sent,ACME-A002820
timothy.copeland@collinsbakerandwilliams.example.com,2026-06-11 11:34:24,Sales email (Marcus Lee): replied,ACME-A002821
christina.watson@jacobswhite.example.com,2026-06-11 15:28:12,Sales email (Jordan Ellis): sent,ACME-A002825
justin.soto@harrismartinez.example.com,2026-06-11 16:00:09,Sales email (Dana Whitfield): sent,ACME-A002826
michael.morrison@pricelynch.example.com,2026-06-11 16:37:22,Sales email (Sofia Alvarez): sent,ACME-A002828
brandon.buchanan@dixonhernandez.example.com,2026-06-11 18:25:56,Sales email (Dana Whitfield): sent,ACME-A002831
kimberly.tran@sandersllc.example.com,2026-06-11 18:27:24,Sales email (Dana Whitfield): sent,ACME-A002832
amy.morales@davismaddox.example.com,2026-06-11 18:43:19,Sales email (Dana Whitfield): sent,ACME-A002833
danielle.bright@byrdthomasandstevens.example.com,2026-06-11 20:22:59,Sales email (Sofia Alvarez): sent,ACME-A002835
daniel.roberts@dixongroup.example.com,2026-06-11 20:28:55,Sales email (Priya Raman): sent,ACME-A002837
allison.obrien@woodkramer.example.com,2026-06-11 21:31:02,Sales email (Grace Kim): sent,ACME-A002840
kathy.johnson@davischristianandfitzger.example.com,2026-06-11 22:42:46,Sales email (Dana Whitfield): sent,ACME-A002844
jacob.hutchinson@wilsonkimandwallace.example.com,2026-06-12 00:50:00,Sales email (Priya Raman): bounced,ACME-A002845
briana.calderon@berryrodriguez.example.com,2026-06-12 00:56:51,Sales email (Dana Whitfield): sent,ACME-A002846
james.ramirez@douglaspineda.example.com,2026-06-12 01:43:43,Sales email (Priya Raman): sent,ACME-A002848
jennifer.newton@martinthompson.example.com,2026-06-12 02:30:18,Sales email (Priya Raman): sent,ACME-A002849
daryl.green@ellisplc.example.com,2026-06-12 04:16:37,Sales email (Sofia Alvarez): sent,ACME-A002854
amanda.lyons@kramerkleinandmueller.example.com,2026-06-12 07:43:05,Sales email (Jordan Ellis): sent,ACME-A002858
melissa.barry@johnsonwoodsandmiller.example.com,2026-06-12 07:57:07,Sales email (Marcus Lee): sent,ACME-A002860
michael.mccullough@barberarnold.example.com,2026-06-12 08:22:44,Sales email (Marcus Lee): sent,ACME-A002862
kyle.reid@kellygraham.example.com,2026-06-12 09:55:05,Sales email (Marcus Lee): sent,ACME-A002865
courtney.brown@fisherplc.example.com,2026-06-12 11:31:30,Sales email (Sofia Alvarez): sent,ACME-A002867
jeremy.weber@alvaradogroup.example.com,2026-06-12 11:40:24,Sales email (Sofia Alvarez): sent,ACME-A002868
victoria.johnson@huberleonardandcruz.example.com,2026-06-12 12:16:35,Sales email (Priya Raman): sent,ACME-A002869
jessica.lopez@turnermurphy.example.com,2026-06-12 13:06:38,Sales email (Owen Brooks): sent,ACME-A002871
corey.white@shieldssmith.example.com,2026-06-12 13:43:24,Sales email (Priya Raman): replied,ACME-A002872
morgan.harris@pearsonllc.example.com,2026-06-12 14:02:53,Sales email (Grace Kim): sent,ACME-A002874
debra.mitchell@dunngroup.example.com,2026-06-12 15:36:02,Sales email (Owen Brooks): sent,ACME-A002878
daniel.anthony@gomezbaileyandharper.example.com,2026-06-12 15:37:40,Sales email (Jordan Ellis): sent,ACME-A002879
ashley.lewis@garciainc.example.com,2026-06-12 16:26:11,Sales email (Sofia Alvarez): sent,ACME-A002881
angela.sullivan@martinsutton.example.com,2026-06-12 20:10:00,Sales email (Dana Whitfield): sent,ACME-A002886
gregg.torres@lewisltd.example.com,2026-06-12 20:37:19,Sales email (Marcus Lee): bounced,ACME-A002887
christopher.stevens@blackjefferson.example.com,2026-06-12 20:58:28,Sales email (Dana Whitfield): sent,ACME-A002890
joseph.snyder@wallssmith.example.com,2026-06-12 21:22:24,Sales email (Dana Whitfield): sent,ACME-A002891
matthew.savage@fostercox.example.com,2026-06-12 21:39:20,Sales email (Priya Raman): replied,ACME-A002893
william.hernandez@mooreandsons.example.com,2026-06-13 01:12:49,Sales email (Owen Brooks): replied,ACME-A002895
matthew.smith@smithriley.example.com,2026-06-13 01:23:57,Sales email (Grace Kim): sent,ACME-A002896
tammy.mckee@williamsinc.example.com,2026-06-13 02:25:25,Sales email (Marcus Lee): sent,ACME-A002899
barbara.williams@thomasmatthews.example.com,2026-06-13 03:23:51,Sales email (Jordan Ellis): sent,ACME-A002900
elizabeth.sanders@sandersperryandmay.example.com,2026-06-13 03:49:26,Sales email (Owen Brooks): sent,ACME-A002902
debra.evans@noblerossandthompson.example.com,2026-06-13 05:46:06,Sales email (Jordan Ellis): sent,ACME-A002906
lindsay.fernandez@moragregory.example.com,2026-06-13 06:31:35,Sales email (Dana Whitfield): sent,ACME-A002908
aaron.walker@wallerfox.example.com,2026-06-13 08:51:04,Sales email (Dana Whitfield): sent,ACME-A002913
joseph.snyder@wallssmith.example.com,2026-06-13 09:16:20,Sales email (Dana Whitfield): sent,ACME-A002914
sean.webb@nguyenortiz.example.com,2026-06-13 10:25:11,Sales email (Sofia Alvarez): sent,ACME-A002916
dawn.gibson@wolfgutierrez.example.com,2026-06-13 12:25:47,Sales email (Marcus Lee): replied,ACME-A002921
carrie.strong@scottblackandthompson.example.com,2026-06-13 14:09:50,Sales email (Jordan Ellis): sent,ACME-A002923
kim.curry@pughwilsonandallison.example.com,2026-06-13 17:14:07,Sales email (Grace Kim): replied,ACME-A002928
charles.miles@porterandsons.example.com,2026-06-13 17:34:58,Sales email (Jordan Ellis): replied,ACME-A002929
kathy.johnson@davischristianandfitzger.example.com,2026-06-13 18:30:56,Sales email (Dana Whitfield): sent,ACME-A002932
jillian.lopez@kennedycortez.example.com,2026-06-13 18:56:26,Sales email (Sofia Alvarez): sent,ACME-A002933
kelly.page@hillgroup.example.com,2026-06-13 20:18:50,Sales email (Acme Round Robin): sent,ACME-A002935
tammy.cooper@johnsongeorge.example.com,2026-06-13 22:29:56,Sales email (Sofia Alvarez): sent,ACME-A002937
john.walker@rodriguezllc.example.com,2026-06-13 22:33:05,Sales email (Marcus Lee): sent,ACME-A002938
amanda.roberts@gonzalezinc.example.com,2026-06-13 22:52:11,Sales email (Owen Brooks): sent,ACME-A002940
jacqueline.townsend@shepherdshaw.example.com,2026-06-13 23:27:25,Sales email (Marcus Lee): sent,ACME-A002941
william.joseph@robinsonjordanandgutierr.example.com,2026-06-14 01:35:15,Sales email (Sofia Alvarez): replied,ACME-A002944
nicholas.clay@briggsbrown.example.com,2026-06-14 03:35:49,Sales email (Sofia Alvarez): sent,ACME-A002945
miguel.lindsey@alvarezedwards.example.com,2026-06-14 05:49:09,Sales email (Dana Whitfield): bounced,ACME-A002946
colleen.faulkner@mccoyplc.example.com,2026-06-14 05:51:06,Sales email (Owen Brooks): sent,ACME-A002947
roger.lewis@melendezdonaldson.example.com,2026-06-14 07:35:22,Sales email (Sofia Alvarez): sent,ACME-A002950
kyle.rush@dennisandsons.example.com,2026-06-14 08:31:57,Sales email (Grace Kim): bounced,ACME-A002951
alexandra.everett@maddenchavezandramirez.example.com,2026-06-14 10:01:55,Sales email (Jordan Ellis): sent,ACME-A002953
sarah.matthews@mccarthygroup.example.com,2026-06-14 10:02:12,Sales email (Jordan Ellis): replied,ACME-A002954
stephanie.morrow@smithjones.example.com,2026-06-14 10:13:34,Sales email (Marcus Lee): sent,ACME-A002956
destiny.mckenzie@fischerltd.example.com,2026-06-14 10:14:51,Sales email (Dana Whitfield): replied,ACME-A002957
jose.randall@beckbradshawandcannon.example.com,2026-06-14 10:28:30,Sales email (Dana Whitfield): replied,ACME-A002958
kathy.johnson@davischristianandfitzger.example.com,2026-06-14 13:18:13,Sales email (Dana Whitfield): sent,ACME-A002963
amanda.white@coxgarciaandrosales.example.com,2026-06-14 16:20:25,Sales email (Grace Kim): sent,ACME-A002965
william.harper@lutzfuentes.example.com,2026-06-14 16:41:44,Sales email (Dana Whitfield): replied,ACME-A002966
peter.luna@barnescalhounandfrench.example.com,2026-06-14 18:39:17,Sales email (Jordan Ellis): sent,ACME-A002970
daniel.terry@wilsonltd.example.com,2026-06-14 20:31:06,Sales email (Priya Raman): sent,ACME-A002973
carla.chavez@floresplc.example.com,2026-06-14 20:56:37,Sales email (Jordan Ellis): sent,ACME-A002974
dawn.gibson@wolfgutierrez.example.com,2026-06-14 21:57:44,Sales email (Marcus Lee): sent,ACME-A002975
miguel.marquez@ellisonbailey.example.com,2026-06-14 23:00:18,Sales email (Dana Whitfield): replied,ACME-A002976
lauren.garcia@wilkinsonkelleyandhughes.example.com,2026-06-14 23:31:06,Sales email (Grace Kim): sent,ACME-A002977
caleb.daugherty@moodyboothandkelly.example.com,2026-06-15 02:41:30,Sales email (Dana Whitfield): sent,ACME-A002980
joseph.snyder@wallssmith.example.com,2026-06-15 03:41:19,Sales email (Dana Whitfield): sent,ACME-A002982
tracey.adams@powellacostaandwatson.example.com,2026-06-15 03:53:22,Sales email (Marcus Lee): replied,ACME-A002983
steven.morales@jonesfigueroaandgonzalez.example.com,2026-06-15 04:07:04,Sales email (Dana Whitfield): replied,ACME-A002984
gabriel.patton@langltd.example.com,2026-06-15 05:34:09,Sales email (Sofia Alvarez): sent,ACME-A002987
caleb.daugherty@moodyboothandkelly.example.com,2026-06-15 06:09:20,Sales email (Dana Whitfield): sent,ACME-A002988
jacob.hutchinson@wilsonkimandwallace.example.com,2026-06-15 06:15:53,Sales email (Priya Raman): sent,ACME-A002989
justin.soto@harrismartinez.example.com,2026-06-15 06:24:21,Sales email (Dana Whitfield): replied,ACME-A002991
john.duncan@clarkvalentineandvaldez.example.com,2026-06-15 09:21:21,Sales email (Dana Whitfield): sent,ACME-A002995
joseph.snyder@wallssmith.example.com,2026-06-15 10:01:16,Sales email (Dana Whitfield): sent,ACME-A002996
randy.gallagher@smithrobinson.example.com,2026-06-15 12:56:30,Sales email (Dana Whitfield): replied,ACME-A003003
eric.wiggins@barberhancockandwalsh.example.com,2026-06-15 13:07:09,Sales email (Priya Raman): sent,ACME-A003005
paul.hernandez@newmangroup.example.com,2026-06-15 15:30:33,Sales email (Sofia Alvarez): sent,ACME-A003007
paul.hernandez@newmangroup.example.com,2026-06-15 16:02:04,Sales email (Sofia Alvarez): sent,ACME-A003009
christopher.mckenzie@johnsonmontgomeryandhall.example.com,2026-06-15 16:03:52,Sales email (Jordan Ellis): sent,ACME-A003010
kyle.reid@kellygraham.example.com,2026-06-15 16:21:17,Sales email (Marcus Lee): sent,ACME-A003011
sean.ryan@penaholland.example.com,2026-06-15 17:22:04,Sales email (Dana Whitfield): sent,ACME-A003015
tara.schneider@hartmangrimesandchapman.example.com,2026-06-15 19:53:54,Sales email (Owen Brooks): sent,ACME-A003019
megan.hayden@laraandsons.example.com,2026-06-15 19:57:46,Sales email (Priya Raman): sent,ACME-A003020
elizabeth.brennan@woodmartin.example.com,2026-06-15 21:27:42,Sales email (Dana Whitfield): sent,ACME-A003024
david.patrick@solistaylorandkelley.example.com,2026-06-15 21:36:36,Sales email (Owen Brooks): sent,ACME-A003025
dana.stephens@greenpayneandmontes.example.com,2026-06-15 21:37:53,Sales email (Jordan Ellis): sent,ACME-A003026
roger.lewis@melendezdonaldson.example.com,2026-06-15 22:05:56,Sales email (Sofia Alvarez): sent,ACME-A003027
john.gaines@wellsandsons.example.com,2026-06-15 23:46:38,Sales email (Grace Kim): replied,ACME-A003031
lauren.garcia@wilkinsonkelleyandhughes.example.com,2026-06-16 00:14:13,Sales email (Grace Kim): sent,ACME-A003032
james.hansen@duranrogersandhernandez.example.com,2026-06-16 03:28:43,Sales email (Owen Brooks): sent,ACME-A003035
morgan.harris@pearsonllc.example.com,2026-06-16 03:45:39,Sales email (Grace Kim): sent,ACME-A003036
destiny.mckenzie@fischerltd.example.com,2026-06-16 04:14:39,Sales email (Dana Whitfield): sent,ACME-A003037
sarah.matthews@mccarthygroup.example.com,2026-06-16 04:16:43,Sales email (Jordan Ellis): sent,ACME-A003038
miguel.lindsey@alvarezedwards.example.com,2026-06-16 04:35:21,Sales email (Dana Whitfield): sent,ACME-A003040
megan.hayden@laraandsons.example.com,2026-06-16 05:33:54,Sales email (Priya Raman): sent,ACME-A003041
joanna.greer@conradholt.example.com,2026-06-16 06:38:47,Sales email (Grace Kim): replied,ACME-A003044
patricia.cantu@lambwadeandwells.example.com,2026-06-16 08:11:53,Sales email (Marcus Lee): replied,ACME-A003048
brian.tyler@smithfloresandwalter.example.com,2026-06-16 08:38:31,Sales email (Jordan Ellis): sent,ACME-A003049
richard.dodson@bryantboyer.example.com,2026-06-16 09:23:58,Sales email (Marcus Lee): sent,ACME-A003051
george.reynolds@maxwellgriffinandparks.example.com,2026-06-16 11:47:03,Sales email (Dana Whitfield): sent,ACME-A003053
briana.wallace@odonnellandsons.example.com,2026-06-16 14:03:03,Sales email (Grace Kim): replied,ACME-A003055
alison.freeman@singletonwilliamsandmart.example.com,2026-06-16 14:30:46,Sales email (Jordan Ellis): sent,ACME-A003057
carol.brown@wilsongroup.example.com,2026-06-16 16:59:21,Sales email (Marcus Lee): replied,ACME-A003061
michelle.mckenzie@perezsmith.example.com,2026-06-16 19:45:57,Sales email (Sofia Alvarez): replied,ACME-A003067
ricky.harper@harmondavisandblackburn.example.com,2026-06-16 19:55:44,Sales email (Dana Whitfield): sent,ACME-A003068
allison.obrien@woodkramer.example.com,2026-06-16 19:57:25,Sales email (Grace Kim): sent,ACME-A003069
richard.dodson@bryantboyer.example.com,2026-06-16 20:33:03,Sales email (Marcus Lee): sent,ACME-A003070
christopher.stevens@blackjefferson.example.com,2026-06-16 21:22:32,Sales email (Dana Whitfield): bounced,ACME-A003072
samantha.moody@schroederramseyandcooper.example.com,2026-06-16 22:24:15,Sales email (Owen Brooks): sent,ACME-A003075
mary.bell@andersonltd.example.com,2026-06-16 22:54:31,Sales email (Dana Whitfield): sent,ACME-A003077
maria.ayers@bennettdrake.example.com,2026-06-17 01:17:52,Sales email (Sofia Alvarez): replied,ACME-A003080
lauren.garcia@wilkinsonkelleyandhughes.example.com,2026-06-17 02:54:03,Sales email (Grace Kim): sent,ACME-A003082
summer.brewer@carterlarsenandlynch.example.com,2026-06-17 03:36:57,Sales email (Sofia Alvarez): replied,ACME-A003083
jonathan.rice@johnsonplc.example.com,2026-06-17 04:14:40,Sales email (Priya Raman): sent,ACME-A003085
erica.james@banksballard.example.com,2026-06-17 06:19:02,Sales email (Sofia Alvarez): sent,ACME-A003086
erica.peterson@gibbslawrence.example.com,2026-06-17 06:27:50,Sales email (Marcus Lee): replied,ACME-A003087
lisa.walls@houseplc.example.com,2026-06-17 06:35:31,Sales email (Owen Brooks): sent,ACME-A003088
benjamin.wise@piercecamposandburns.example.com,2026-06-17 07:49:03,Sales email (Dana Whitfield): sent,ACME-A003093
amy.wilkerson@deanwhiteheadandlogan.example.com,2026-06-17 09:46:53,Sales email (Marcus Lee): sent,ACME-A003094
christopher.jones@raymondramos.example.com,2026-06-17 13:35:17,Sales email (Sofia Alvarez): sent,ACME-A003100
paula.williams@woodllc.example.com,2026-06-17 14:49:16,Sales email (Dana Whitfield): sent,ACME-A003104
allison.thompson@washingtonplc.example.com,2026-06-17 14:56:54,Sales email (Sofia Alvarez): sent,ACME-A003105
kevin.holder@martinplc.example.com,2026-06-17 16:08:18,Sales email (Jordan Ellis): sent,ACME-A003108
katie.guerra@estradageorgeandmurray.example.com,2026-06-17 16:13:29,Sales email (Owen Brooks): replied,ACME-A003109
timothy.copeland@collinsbakerandwilliams.example.com,2026-06-17 16:42:23,Sales email (Marcus Lee): replied,ACME-A003111
samantha.garcia@danielsllc.example.com,2026-06-17 17:13:24,Sales email (Priya Raman): sent,ACME-A003112
shawn.baldwin@whiteochoa.example.com,2026-06-17 17:39:03,Sales email (Marcus Lee): sent,ACME-A003113
timothy.benitez@cochranadamsandparsons.example.com,2026-06-17 18:30:15,Sales email (Dana Whitfield): replied,ACME-A003115
courtney.brown@fisherplc.example.com,2026-06-17 21:59:36,Sales email (Sofia Alvarez): sent,ACME-A003122
autumn.pena@salazarllc.example.com,2026-06-17 22:03:16,Sales email (Jordan Ellis): bounced,ACME-A003123
angela.sullivan@martinsutton.example.com,2026-06-18 03:35:24,Sales email (Dana Whitfield): sent,ACME-A003129
charles.miles@porterandsons.example.com,2026-06-18 06:19:26,Sales email (Jordan Ellis): bounced,ACME-A003133
kathy.johnson@davischristianandfitzger.example.com,2026-06-18 06:39:20,Sales email (Dana Whitfield): sent,ACME-A003134
sean.ryan@penaholland.example.com,2026-06-18 06:59:21,Sales email (Dana Whitfield): replied,ACME-A003136
beverly.contreras@gayltd.example.com,2026-06-18 07:11:22,Sales email (Grace Kim): sent,ACME-A003137
mitchell.hughes@lynchhartmanandgreen.example.com,2026-06-18 07:24:51,Sales email (Priya Raman): replied,ACME-A003138
christopher.stevens@blackjefferson.example.com,2026-06-18 10:36:27,Sales email (Dana Whitfield): replied,ACME-A003141
lauren.young@lozanoandsons.example.com,2026-06-18 11:01:37,Sales email (Marcus Lee): sent,ACME-A003142
victoria.herman@lewisllc.example.com,2026-06-18 11:36:54,Sales email (Marcus Lee): sent,ACME-A003144
stacey.smith@tuckerllc.example.com,2026-06-18 12:10:27,Sales email (Dana Whitfield): sent,ACME-A003145
blake.hill@haaslopezanddawson.example.com,2026-06-18 12:24:04,Sales email (Priya Raman): replied,ACME-A003146
tina.taylor@richardsoninc.example.com,2026-06-18 13:18:03,Sales email (Owen Brooks): sent,ACME-A003147
jason.cisneros@clarkwilliams.example.com,2026-06-18 13:51:28,Sales email (Dana Whitfield): sent,ACME-A003148
jeffrey.miller@johnsonplc.example.com,2026-06-18 16:32:40,Sales email (Priya Raman): sent,ACME-A003153
christopher.stevens@blackjefferson.example.com,2026-06-18 18:27:09,Sales email (Dana Whitfield): sent,ACME-A003155
paul.hernandez@newmangroup.example.com,2026-06-18 18:50:07,Sales email (Sofia Alvarez): sent,ACME-A003157
emily.davis@merritthaynesandjackson.example.com,2026-06-18 19:00:54,Sales email (Marcus Lee): sent,ACME-A003158
daniel.terry@wilsonltd.example.com,2026-06-18 23:31:14,Sales email (Priya Raman): sent,ACME-A003163
joseph.dixon@hicksrodriguez.example.com,2026-06-18 23:34:07,Sales email (Grace Kim): sent,ACME-A003164
joseph.dixon@hicksrodriguez.example.com,2026-06-19 01:02:38,Sales email (Grace Kim): sent,ACME-A003165
timothy.benitez@cochranadamsandparsons.example.com,2026-06-19 03:14:58,Sales email (Dana Whitfield): replied,ACME-A003167
alyssa.gonzalez@reyesdelgadoandcastillo.example.com,2026-06-19 03:16:53,Sales email (Dana Whitfield): sent,ACME-A003168
nicholas.johnson@gatessanchezandmatthews.example.com,2026-06-19 07:54:39,Sales email (Priya Raman): sent,ACME-A003171
carrie.murphy@woodcarr.example.com,2026-06-19 08:10:46,Sales email (Owen Brooks): sent,ACME-A003172
colleen.faulkner@mccoyplc.example.com,2026-06-19 09:07:45,Sales email (Owen Brooks): sent,ACME-A003174
david.white@littlellc.example.com,2026-06-19 11:16:39,Sales email (Acme Round Robin): replied,ACME-A003176
eric.gonzales@fordmooreandlewis.example.com,2026-06-19 11:44:51,Sales email (Marcus Lee): sent,ACME-A003177
dale.brooks@riggszuniga.example.com,2026-06-19 12:03:02,Sales email (Dana Whitfield): sent,ACME-A003178
elizabeth.sanders@sandersperryandmay.example.com,2026-06-19 12:43:58,Sales email (Owen Brooks): sent,ACME-A003181
kendra.schultz@villanuevaandsons.example.com,2026-06-19 13:14:20,Sales email (Marcus Lee): replied,ACME-A003182
austin.garza@penaplc.example.com,2026-06-19 13:50:48,Sales email (Dana Whitfield): sent,ACME-A003184
elizabeth.hamilton@morandixonandjackson.example.com,2026-06-19 14:52:01,Sales email (Owen Brooks): sent,ACME-A003186
allison.obrien@woodkramer.example.com,2026-06-19 15:16:09,Sales email (Grace Kim): sent,ACME-A003188
miguel.white@johnsonramsey.example.com,2026-06-19 16:24:51,Sales email (Marcus Lee): sent,ACME-A003190
ashley.morris@harrisoninc.example.com,2026-06-19 17:49:19,Sales email (Sofia Alvarez): sent,ACME-A003192
amanda.lyons@kramerkleinandmueller.example.com,2026-06-19 19:49:52,Sales email (Jordan Ellis): sent,ACME-A003197
jennifer.curry@cherryltd.example.com,2026-06-19 20:17:34,Sales email (Dana Whitfield): sent,ACME-A003198
amy.wilkerson@deanwhiteheadandlogan.example.com,2026-06-19 20:29:16,Sales email (Marcus Lee): sent,ACME-A003199
mary.allen@riddleowens.example.com,2026-06-19 21:40:07,Sales email (Marcus Lee): bounced,ACME-A003202
logan.thomas@flynnibarra.example.com,2026-06-19 21:41:46,Sales email (Grace Kim): sent,ACME-A003203
debra.joseph@greeneguerreroandrivera.example.com,2026-06-19 21:57:28,Sales email (Jordan Ellis): sent,ACME-A003204
mark.obrien@riverablackburnandlynn.example.com,2026-06-20 00:53:53,Sales email (Sofia Alvarez): sent,ACME-A003209
alexandra.everett@maddenchavezandramirez.example.com,2026-06-20 02:23:40,Sales email (Jordan Ellis): replied,ACME-A003210
gregory.townsend@campbellriveraandlane.example.com,2026-06-20 02:48:35,Sales email (Acme Round Robin): sent,ACME-A003211
megan.hayden@laraandsons.example.com,2026-06-20 04:57:09,Sales email (Priya Raman): sent,ACME-A003213
patrick.graham@evanscoffey.example.com,2026-06-20 05:09:51,Sales email (Jordan Ellis): sent,ACME-A003215
debra.mcdaniel@lopezltd.example.com,2026-06-20 06:40:06,Sales email (Marcus Lee): sent,ACME-A003217
tara.schneider@hartmangrimesandchapman.example.com,2026-06-20 08:03:16,Sales email (Owen Brooks): sent,ACME-A003219
michelle.armstrong@vazquezmyersandhernandez.example.com,2026-06-20 08:51:14,Sales email (Dana Whitfield): sent,ACME-A003221
donna.peterson@johnsonsandovalandphelps.example.com,2026-06-20 09:56:19,Sales email (Owen Brooks): sent,ACME-A003223
michelle.armstrong@vazquezmyersandhernandez.example.com,2026-06-20 12:29:50,Sales email (Dana Whitfield): bounced,ACME-A003225
nichole.martin@rodriguezbailey.example.com,2026-06-20 12:39:39,Sales email (Dana Whitfield): sent,ACME-A003226
heather.blair@franklinllc.example.com,2026-06-20 13:29:22,Sales email (Owen Brooks): sent,ACME-A003228
randy.harris@garrettwilson.example.com,2026-06-20 14:57:06,Sales email (Marcus Lee): sent,ACME-A003230
travis.poole@garrisonzhang.example.com,2026-06-20 18:21:44,Sales email (Marcus Lee): sent,ACME-A003233
cesar.miller@butlerrichard.example.com,2026-06-20 19:16:41,Sales email (Dana Whitfield): sent,ACME-A003237
jeffrey.hernandez@wilsonmortonanddavis.example.com,2026-06-20 23:22:52,Sales email (Dana Whitfield): replied,ACME-A003238
angelica.bowers@beckerllc.example.com,2026-06-21 00:29:03,Sales email (Grace Kim): sent,ACME-A003239
john.matthews@christensenabbott.example.com,2026-06-21 01:52:56,Sales email (Jordan Ellis): sent,ACME-A003240
marc.johnson@willisandrews.example.com,2026-06-21 04:51:06,Sales email (Dana Whitfield): sent,ACME-A003243
kirk.garcia@osborneinc.example.com,2026-06-21 05:00:04,Sales email (Marcus Lee): sent,ACME-A003244
david.robinson@davisdeanandcallahan.example.com,2026-06-21 09:37:37,Sales email (Owen Brooks): replied,ACME-A003251
valerie.jimenez@terryhunter.example.com,2026-06-21 10:32:16,Sales email (Sofia Alvarez): sent,ACME-A003252
matthew.davis@travisgroup.example.com,2026-06-21 11:05:50,Sales email (Dana Whitfield): sent,ACME-A003254
tyler.perez@davisplc.example.com,2026-06-21 12:25:04,Sales email (Owen Brooks): bounced,ACME-A003258
joseph.snyder@wallssmith.example.com,2026-06-21 12:54:14,Sales email (Dana Whitfield): replied,ACME-A003259
jeffrey.miller@johnsonplc.example.com,2026-06-21 14:32:29,Sales email (Priya Raman): sent,ACME-A003262
shannon.young@harmongroup.example.com,2026-06-21 14:41:45,Sales email (Priya Raman): sent,ACME-A003263
jessica.caldwell@duranfieldsandramos.example.com,2026-06-21 15:14:43,Sales email (Owen Brooks): replied,ACME-A003264
jennifer.schmidt@garciaedwardsandbrown.example.com,2026-06-21 17:24:36,Sales email (Jordan Ellis): sent,ACME-A003265
amanda.white@coxgarciaandrosales.example.com,2026-06-21 18:05:43,Sales email (Grace Kim): sent,ACME-A003266
nicholas.johnson@gatessanchezandmatthews.example.com,2026-06-21 19:51:36,Sales email (Priya Raman): sent,ACME-A003268
tina.adams@herrerahernandez.example.com,2026-06-21 20:08:31,Sales email (Dana Whitfield): sent,ACME-A003269
melinda.allen@garciaerickson.example.com,2026-06-21 20:54:34,Sales email (Dana Whitfield): bounced,ACME-A003270
christina.rivera@phillipsplc.example.com,2026-06-22 02:18:47,Sales email (Marcus Lee): sent,ACME-A003276
brandon.davis@nealgroup.example.com,2026-06-22 03:15:32,Sales email (Sofia Alvarez): sent,ACME-A003279
eric.gonzales@fordmooreandlewis.example.com,2026-06-22 07:24:50,Sales email (Marcus Lee): sent,ACME-A003281
grace.munoz@colemanplc.example.com,2026-06-22 08:17:38,Sales email (Priya Raman): sent,ACME-A003283
ashley.stokes@hahncuevasandsimmons.example.com,2026-06-22 09:32:30,Sales email (Dana Whitfield): sent,ACME-A003285
matthew.mendez@clarkrichandhoward.example.com,2026-06-22 09:33:34,Sales email (Dana Whitfield): bounced,ACME-A003286
sierra.schultz@rayzamora.example.com,2026-06-22 10:06:28,Sales email (Priya Raman): bounced,ACME-A003287
brittany.bradford@millertorres.example.com,2026-06-22 10:38:55,Sales email (Grace Kim): sent,ACME-A003288
edward.rodriguez@stephensmartin.example.com,2026-06-22 12:19:36,Sales email (Priya Raman): replied,ACME-A003293
deborah.daniels@bauergroup.example.com,2026-06-22 14:03:47,Sales email (Sofia Alvarez): sent,ACME-A003294
kathy.johnson@davischristianandfitzger.example.com,2026-06-22 15:23:08,Sales email (Dana Whitfield): replied,ACME-A003295
kevin.daniel@terryblairandblake.example.com,2026-06-22 15:40:16,Sales email (Priya Raman): sent,ACME-A003296
shane.lewis@barnesestradaanddavis.example.com,2026-06-22 16:21:30,Sales email (Marcus Lee): sent,ACME-A003298
elizabeth.hall@brooksbrown.example.com,2026-06-22 18:03:38,Sales email (Dana Whitfield): sent,ACME-A003299
samantha.bowman@woodsbrandtandtaylor.example.com,2026-06-22 19:07:59,Sales email (Marcus Lee): sent,ACME-A003302
jamie.davis@jonesdennisandthompson.example.com,2026-06-22 19:34:54,Sales email (Jordan Ellis): sent,ACME-A003303
kristine.tyler@lopezmercerandball.example.com,2026-06-22 20:01:21,Sales email (Priya Raman): sent,ACME-A003305
miguel.white@johnsonramsey.example.com,2026-06-22 21:39:12,Sales email (Marcus Lee): sent,ACME-A003307
jason.goodwin@brookspoole.example.com,2026-06-22 23:22:04,Sales email (Dana Whitfield): sent,ACME-A003308
kenneth.porter@davisrodriguez.example.com,2026-06-23 00:14:56,Sales email (Priya Raman): sent,ACME-A003309
dana.yang@bennettmartinez.example.com,2026-06-23 00:51:50,Sales email (Grace Kim): replied,ACME-A003311
austin.garza@penaplc.example.com,2026-06-23 05:43:58,Sales email (Dana Whitfield): replied,ACME-A003315
kaitlin.rhodes@montgomeryplc.example.com,2026-06-23 06:24:33,Sales email (Sofia Alvarez): sent,ACME-A003316
jamie.davis@jonesdennisandthompson.example.com,2026-06-23 06:28:29,Sales email (Jordan Ellis): sent,ACME-A003317
elizabeth.cameron@zavalacross.example.com,2026-06-23 08:28:19,Sales email (Grace Kim): sent,ACME-A003318
kimberly.small@brownllc.example.com,2026-06-23 09:15:02,Sales email (Sofia Alvarez): sent,ACME-A003321
chase.butler@jamesltd.example.com,2026-06-23 10:42:57,Sales email (Priya Raman): sent,ACME-A003323
ronald.lopez@mooreduran.example.com,2026-06-23 12:12:11,Sales email (Marcus Lee): sent,ACME-A003326
jacob.mccarthy@levineanderson.example.com,2026-06-23 12:31:12,Sales email (Priya Raman): replied,ACME-A003327
tammy.gonzalez@maywaltersandbush.example.com,2026-06-23 13:06:53,Sales email (Dana Whitfield): sent,ACME-A003329
nicole.houston@leesmith.example.com,2026-06-23 14:37:16,Sales email (Sofia Alvarez): sent,ACME-A003331
connor.golden@armstrongwilsonandscott.example.com,2026-06-23 15:29:06,Sales email (Jordan Ellis): sent,ACME-A003332
tammy.gonzalez@maywaltersandbush.example.com,2026-06-23 16:55:08,Sales email (Dana Whitfield): sent,ACME-A003335
steven.morales@jonesfigueroaandgonzalez.example.com,2026-06-23 18:08:42,Sales email (Dana Whitfield): sent,ACME-A003337
gregory.davis@kirkltd.example.com,2026-06-23 18:30:46,Sales email (Sofia Alvarez): sent,ACME-A003339
blake.hill@haaslopezanddawson.example.com,2026-06-23 19:20:57,Sales email (Priya Raman): sent,ACME-A003343
timothy.noble@stricklandhurleyanddomin.example.com,2026-06-23 21:35:50,Sales email (Marcus Lee): replied,ACME-A003347
phyllis.young@colemanllc.example.com,2026-06-24 04:42:32,Sales email (Dana Whitfield): sent,ACME-A003353
donna.peterson@johnsonsandovalandphelps.example.com,2026-06-24 05:07:45,Sales email (Owen Brooks): replied,ACME-A003354
tiffany.day@garciagonzalezandshaffer.example.com,2026-06-24 05:36:07,Sales email (Dana Whitfield): sent,ACME-A003356
james.hansen@duranrogersandhernandez.example.com,2026-06-24 06:04:28,Sales email (Owen Brooks): sent,ACME-A003357
darren.scott@connernguyenandhurley.example.com,2026-06-24 07:24:05,Sales email (Dana Whitfield): replied,ACME-A003360
jamie.davis@jonesdennisandthompson.example.com,2026-06-24 07:31:18,Sales email (Jordan Ellis): sent,ACME-A003361
matthew.mccoy@willisandsons.example.com,2026-06-24 11:20:33,Sales email (Owen Brooks): sent,ACME-A003367
tanya.edwards@williamssimmons.example.com,2026-06-24 12:35:04,Sales email (Priya Raman): sent,ACME-A003372
ashley.hill@cohenallison.example.com,2026-06-24 13:46:48,Sales email (Owen Brooks): sent,ACME-A003374
george.reynolds@maxwellgriffinandparks.example.com,2026-06-24 14:04:06,Sales email (Dana Whitfield): sent,ACME-A003375
margaret.anderson@cookclarkandpollard.example.com,2026-06-24 14:31:51,Sales email (Grace Kim): sent,ACME-A003377
kevin.jones@ellisonltd.example.com,2026-06-24 15:04:47,Sales email (Sofia Alvarez): sent,ACME-A003378
dennis.torres@brownriveraandmoore.example.com,2026-06-24 15:44:40,Sales email (Sofia Alvarez): sent,ACME-A003380
leslie.benjamin@willisplc.example.com,2026-06-24 19:14:10,Sales email (Grace Kim): sent,ACME-A003386
lori.smith@wileyscott.example.com,2026-06-24 21:51:38,Sales email (Marcus Lee): sent,ACME-A003390
kimberly.parker@scottdawsonandhines.example.com,2026-06-24 21:55:32,Sales email (Dana Whitfield): sent,ACME-A003391
andrew.villanueva@morgangroup.example.com,2026-06-25 01:16:30,Sales email (Dana Whitfield): sent,ACME-A003396
angela.sullivan@martinsutton.example.com,2026-06-25 03:36:01,Sales email (Dana Whitfield): sent,ACME-A003397
jennifer.webster@williamsinc.example.com,2026-06-25 05:49:49,Sales email (Marcus Lee): replied,ACME-A003399
jonathan.green@knightgroup.example.com,2026-06-25 06:16:08,Sales email (Acme Round Robin): sent,ACME-A003400
kimberly.tran@sandersllc.example.com,2026-06-25 07:51:09,Sales email (Dana Whitfield): sent,ACME-A003403
sara.hopkins@coxllc.example.com,2026-06-25 10:52:01,Sales email (Dana Whitfield): sent,ACME-A003406
nicole.houston@leesmith.example.com,2026-06-25 11:11:44,Sales email (Sofia Alvarez): bounced,ACME-A003408
monica.ramos@hillwilson.example.com,2026-06-25 11:33:15,Sales email (Dana Whitfield): sent,ACME-A003409
david.johnson@johnsonbrown.example.com,2026-06-25 14:02:57,Sales email (Priya Raman): sent,ACME-A003414
joe.caldwell@browningkerr.example.com,2026-06-25 15:56:55,Sales email (Sofia Alvarez): replied,ACME-A003417
melanie.phillips@cooperortiz.example.com,2026-06-25 16:23:43,Sales email (Dana Whitfield): bounced,ACME-A003418
jillian.brown@leonltd.example.com,2026-06-25 16:28:49,Sales email (Dana Whitfield): sent,ACME-A003419
tammy.gonzalez@maywaltersandbush.example.com,2026-06-25 18:51:03,Sales email (Dana Whitfield): replied,ACME-A003422
jacob.casey@mcneilhatfieldandmyers.example.com,2026-06-25 19:16:23,Sales email (Jordan Ellis): sent,ACME-A003425
jessica.martinez@patelcollinsandharris.example.com,2026-06-25 20:21:59,Sales email (Sofia Alvarez): sent,ACME-A003426
melanie.phillips@cooperortiz.example.com,2026-06-25 21:49:06,Sales email (Dana Whitfield): replied,ACME-A003427
melinda.allen@garciaerickson.example.com,2026-06-25 22:03:25,Sales email (Dana Whitfield): sent,ACME-A003430
troy.sherman@wongdouglasandchapman.example.com,2026-06-26 01:00:17,Sales email (Jordan Ellis): sent,ACME-A003434
kimberly.small@brownllc.example.com,2026-06-26 02:13:10,Sales email (Sofia Alvarez): sent,ACME-A003440
kimberly.tran@sandersllc.example.com,2026-06-26 02:31:49,Sales email (Dana Whitfield): sent,ACME-A003441
summer.brewer@carterlarsenandlynch.example.com,2026-06-26 03:09:32,Sales email (Sofia Alvarez): sent,ACME-A003442
patrick.graham@evanscoffey.example.com,2026-06-26 03:19:40,Sales email (Jordan Ellis): sent,ACME-A003443
kimberly.small@brownllc.example.com,2026-06-26 03:24:46,Sales email (Sofia Alvarez): sent,ACME-A003444
carrie.strong@scottblackandthompson.example.com,2026-06-26 03:59:54,Sales email (Jordan Ellis): sent,ACME-A003446
brent.haynes@weberinc.example.com,2026-06-26 06:14:24,Sales email (Sofia Alvarez): sent,ACME-A003449
william.stanley@krauseplc.example.com,2026-06-26 06:27:32,Sales email (Dana Whitfield): sent,ACME-A003451
michelle.armstrong@vazquezmyersandhernandez.example.com,2026-06-26 08:25:54,Sales email (Dana Whitfield): sent,ACME-A003457
frank.brown@snyderpierce.example.com,2026-06-26 08:49:11,Sales email (Dana Whitfield): bounced,ACME-A003458
jessica.lopez@turnermurphy.example.com,2026-06-26 15:21:19,Sales email (Owen Brooks): sent,ACME-A003464
mikayla.gonzales@woodardgroup.example.com,2026-06-26 16:08:33,Sales email (Owen Brooks): sent,ACME-A003467
wendy.perez@russellgriffith.example.com,2026-06-26 16:47:28,Sales email (Grace Kim): sent,ACME-A003468
eric.rose@bennettandsons.example.com,2026-06-26 16:59:29,Sales email (Priya Raman): replied,ACME-A003469
michael.barnes@westhaasandgutierrez.example.com,2026-06-26 18:25:42,Sales email (Sofia Alvarez): sent,ACME-A003475
megan.luna@davissalazar.example.com,2026-06-26 19:41:01,Sales email (Grace Kim): bounced,ACME-A003480
michael.pierce@hicksreid.example.com,2026-06-26 19:52:53,Sales email (Jordan Ellis): sent,ACME-A003481
rachel.friedman@johnsonshawandroach.example.com,2026-06-26 23:35:24,Sales email (Priya Raman): sent,ACME-A003485
madison.gardner@smithinc.example.com,2026-06-26 23:57:48,Sales email (Sofia Alvarez): sent,ACME-A003486
alan.green@nolanjordan.example.com,2026-06-27 00:14:25,Sales email (Owen Brooks): replied,ACME-A003487
kyle.wilson@priceperez.example.com,2026-06-27 03:09:52,Sales email (Dana Whitfield): sent,ACME-A003492
jay.ayers@hooverhoover.example.com,2026-06-27 03:52:46,Sales email (Grace Kim): sent,ACME-A003493
richard.walter@thompsonwaters.example.com,2026-06-27 04:11:41,Sales email (Jordan Ellis): sent,ACME-A003495
sean.webb@nguyenortiz.example.com,2026-06-27 08:54:13,Sales email (Sofia Alvarez): sent,ACME-A003498
elizabeth.clarke@smithmillerandaustin.example.com,2026-06-27 09:29:48,Sales email (Marcus Lee): sent,ACME-A003500
kimberly.parker@scottdawsonandhines.example.com,2026-06-27 11:15:29,Sales email (Dana Whitfield): sent,ACME-A003503
mark.obrien@riverablackburnandlynn.example.com,2026-06-27 13:31:24,Sales email (Sofia Alvarez): sent,ACME-A003505
chase.butler@jamesltd.example.com,2026-06-27 13:38:53,Sales email (Priya Raman): sent,ACME-A003506
leslie.aguirre@watkinswilkinson.example.com,2026-06-27 15:23:18,Sales email (Dana Whitfield): replied,ACME-A003509
madison.gardner@smithinc.example.com,2026-06-27 15:55:36,Sales email (Sofia Alvarez): sent,ACME-A003510
jennifer.cain@blakeanderson.example.com,2026-06-27 17:31:07,Sales email (Dana Whitfield): sent,ACME-A003513
beth.hernandez@cookmeyerandacevedo.example.com,2026-06-27 17:34:17,Sales email (Jordan Ellis): replied,ACME-A003514
erica.peterson@gibbslawrence.example.com,2026-06-27 18:23:33,Sales email (Marcus Lee): replied,ACME-A003515
jamie.davis@jonesdennisandthompson.example.com,2026-06-27 21:30:44,Sales email (Jordan Ellis): sent,ACME-A003520
kelly.haynes@suttongriffinandswanson.example.com,2026-06-27 21:44:44,Sales email (Marcus Lee): sent,ACME-A003521
joshua.day@willisevans.example.com,2026-06-28 00:16:46,Sales email (Acme Round Robin): sent,ACME-A003524
sara.hopkins@coxllc.example.com,2026-06-28 03:55:08,Sales email (Dana Whitfield): bounced,ACME-A003533
lindsay.schwartz@taylorchambersanddavidso.example.com,2026-06-28 03:56:32,Sales email (Grace Kim): sent,ACME-A003534
william.morris@fosterbrewer.example.com,2026-06-28 05:48:51,Sales email (Owen Brooks): sent,ACME-A003536
sheila.humphrey@blakeadkins.example.com,2026-06-28 09:18:27,Sales email (Jordan Ellis): sent,ACME-A003540
angela.smith@morrisonarellano.example.com,2026-06-28 10:24:49,Sales email (Priya Raman): sent,ACME-A003542
andrea.guzman@kingrivas.example.com,2026-06-28 13:44:55,Sales email (Dana Whitfield): sent,ACME-A003547
joseph.gilmore@garciainc.example.com,2026-06-28 14:51:03,Sales email (Sofia Alvarez): sent,ACME-A003548
allison.thompson@washingtonplc.example.com,2026-06-28 17:03:18,Sales email (Sofia Alvarez): sent,ACME-A003551
victor.diaz@millermiddleton.example.com,2026-06-28 19:00:40,Sales email (Sofia Alvarez): sent,ACME-A003552
richard.carey@adamsjacksonandgallegos.example.com,2026-06-28 19:14:49,Sales email (Owen Brooks): replied,ACME-A003553
stacey.smith@tuckerllc.example.com,2026-06-28 22:20:28,Sales email (Dana Whitfield): sent,ACME-A003556
miguel.lindsey@alvarezedwards.example.com,2026-06-28 23:18:30,Sales email (Dana Whitfield): sent,ACME-A003558
paula.wilson@fieldssingh.example.com,2026-06-29 00:08:19,Sales email (Priya Raman): sent,ACME-A003560
richard.carey@adamsjacksonandgallegos.example.com,2026-06-29 01:13:51,Sales email (Owen Brooks): sent,ACME-A003563
christina.rivera@phillipsplc.example.com,2026-06-29 03:04:38,Sales email (Marcus Lee): sent,ACME-A003565
andrea.guzman@kingrivas.example.com,2026-06-29 06:17:14,Sales email (Dana Whitfield): sent,ACME-A003568
victor.diaz@millermiddleton.example.com,2026-06-29 06:20:40,Sales email (Sofia Alvarez): sent,ACME-A003569
michael.hill@hensleywolfandpeters.example.com,2026-06-29 08:16:30,Sales email (Sofia Alvarez): sent,ACME-A003573
frank.brown@snyderpierce.example.com,2026-06-29 08:19:20,Sales email (Dana Whitfield): replied,ACME-A003574
brent.haynes@weberinc.example.com,2026-06-29 08:20:52,Sales email (Sofia Alvarez): sent,ACME-A003575
gregory.townsend@campbellriveraandlane.example.com,2026-06-29 09:08:37,Sales email (Acme Round Robin): sent,ACME-A003576
carlos.williams@meyerhall.example.com,2026-06-29 09:18:12,Sales email (Jordan Ellis): replied,ACME-A003577
mia.burns@bakercarrandmoore.example.com,2026-06-29 09:28:49,Sales email (Dana Whitfield): sent,ACME-A003578
ryan.jones@smithpage.example.com,2026-06-29 09:47:51,Sales email (Priya Raman): sent,ACME-A003579
eric.wiggins@barberhancockandwalsh.example.com,2026-06-29 11:39:04,Sales email (Priya Raman): sent,ACME-A003583
allison.spencer@brandtwilliamsandpatrick.example.com,2026-06-29 11:46:48,Sales email (Grace Kim): sent,ACME-A003584
lori.jackson@robinsonatkinsanddavis.example.com,2026-06-29 14:22:21,Sales email (Marcus Lee): replied,ACME-A003589
yolanda.white@johnsonanderson.example.com,2026-06-29 16:31:58,Sales email (Marcus Lee): replied,ACME-A003593
jennifer.foster@alexanderllc.example.com,2026-06-29 17:56:48,Sales email (Marcus Lee): sent,ACME-A003595
hailey.flores@frenchnicholsonandewing.example.com,2026-06-29 18:13:57,Sales email (Grace Kim): sent,ACME-A003596
amber.yang@brownmcneil.example.com,2026-06-29 18:23:48,Sales email (Dana Whitfield): sent,ACME-A003598
roger.dixon@wheelerlewisandhuff.example.com,2026-06-29 18:49:22,Sales email (Owen Brooks): sent,ACME-A003600
erica.peterson@gibbslawrence.example.com,2026-06-29 23:28:26,Sales email (Marcus Lee): sent,ACME-A003606
kelly.page@hillgroup.example.com,2026-06-30 00:43:26,Sales email (Acme Round Robin): sent,ACME-A003609
leslie.benjamin@willisplc.example.com,2026-06-30 00:45:21,Sales email (Grace Kim): replied,ACME-A003610
christopher.contreras@cantuinc.example.com,2026-06-30 01:20:53,Sales email (Grace Kim): replied,ACME-A003612
lauren.garcia@wilkinsonkelleyandhughes.example.com,2026-06-30 03:11:48,Sales email (Grace Kim): sent,ACME-A003614
jamie.davis@jonesdennisandthompson.example.com,2026-06-30 03:51:46,Sales email (Jordan Ellis): sent,ACME-A003616
robert.gordon@andersondominguezandsmit.example.com,2026-06-30 05:18:55,Sales email (Marcus Lee): sent,ACME-A003618
elizabeth.clarke@smithmillerandaustin.example.com,2026-06-30 05:44:49,Sales email (Marcus Lee): sent,ACME-A003619
kimberly.tran@sandersllc.example.com,2026-06-30 08:21:47,Sales email (Dana Whitfield): sent,ACME-A003622
gabriel.patton@langltd.example.com,2026-06-30 13:29:25,Sales email (Sofia Alvarez): sent,ACME-A003628
jason.richards@taylorinc.example.com,2026-06-30 13:54:27,Sales email (Dana Whitfield): sent,ACME-A003633
courtney.benson@owenllc.example.com,2026-06-30 14:14:01,Sales email (Dana Whitfield): sent,ACME-A003634
monica.williams@brownplc.example.com,2026-06-30 15:52:32,Sales email (Priya Raman): sent,ACME-A003638
randall.malone@hardyandsons.example.com,2026-06-30 17:44:34,Sales email (Owen Brooks): sent,ACME-A003643
vanessa.escobar@smithandsons.example.com,2026-06-30 18:23:20,Sales email (Priya Raman): sent,ACME-A003645
cynthia.kline@finleycollins.example.com,2026-06-30 18:58:37,Sales email (Dana Whitfield): sent,ACME-A003646
linda.weiss@mendezthomas.example.com,2026-06-30 19:39:47,Sales email (Grace Kim): sent,ACME-A003649
michael.edwards@forbesandsons.example.com,2026-06-30 19:57:03,Sales email (Acme Round Robin): replied,ACME-A003652
christopher.wilson@torresdean.example.com,2026-06-30 20:02:28,Sales email (Sofia Alvarez): sent,ACME-A003653
kelly.haynes@suttongriffinandswanson.example.com,2026-06-30 21:10:33,Sales email (Marcus Lee): sent,ACME-A003655
mia.burns@bakercarrandmoore.example.com,2026-06-30 21:39:43,Sales email (Dana Whitfield): replied,ACME-A003657
jessica.barrett@clarkreed.example.com,2026-06-30 22:07:35,Sales email (Jordan Ellis): replied,ACME-A003658
brandon.meyer@tylermitchellandwilliams.example.com,2026-06-30 23:03:25,Sales email (Sofia Alvarez): sent,ACME-A003660
kyle.harris@davisandsons.example.com,2026-06-30 23:09:15,Sales email (Marcus Lee): sent,ACME-A003661
evan.willis@bowenandsons.example.com,2026-06-30 23:12:52,Sales email (Dana Whitfield): sent,ACME-A003662
melissa.barry@johnsonwoodsandmiller.example.com,2026-07-01 00:10:01,Sales email (Marcus Lee): sent,ACME-A003663
monica.hatfield@georgewilsonandgreene.example.com,2026-07-01 00:46:51,Sales email (Grace Kim): replied,ACME-A003664
melissa.barry@johnsonwoodsandmiller.example.com,2026-07-01 02:32:40,Sales email (Marcus Lee): sent,ACME-A003668
cynthia.kline@finleycollins.example.com,2026-07-01 05:50:37,Sales email (Dana Whitfield): sent,ACME-A003672
jason.richards@taylorinc.example.com,2026-07-01 06:15:41,Sales email (Dana Whitfield): sent,ACME-A003674
erica.peterson@gibbslawrence.example.com,2026-07-01 06:28:59,Sales email (Marcus Lee): replied,ACME-A003675
elizabeth.clarke@smithmillerandaustin.example.com,2026-07-01 07:02:45,Sales email (Marcus Lee): sent,ACME-A003676
damon.howard@cordovahillandrobertson.example.com,2026-07-01 08:06:51,Sales email (Dana Whitfield): sent,ACME-A003677
wyatt.cox@lawsongroup.example.com,2026-07-01 10:21:12,Sales email (Sofia Alvarez): sent,ACME-A003680
kristina.anthony@jenkinsplc.example.com,2026-07-01 11:31:09,Sales email (Marcus Lee): sent,ACME-A003681
caitlin.campbell@jonesfrench.example.com,2026-07-01 11:59:46,Sales email (Acme Round Robin): sent,ACME-A003686
ryan.jones@smithpage.example.com,2026-07-01 14:13:27,Sales email (Priya Raman): sent,ACME-A003693
suzanne.moses@wilsoninc.example.com,2026-07-01 14:26:56,Sales email (Jordan Ellis): sent,ACME-A003695
heidi.fleming@cowanchandler.example.com,2026-07-01 18:37:55,Sales email (Grace Kim): sent,ACME-A003698
david.thomas@snyderbrown.example.com,2026-07-01 19:08:50,Sales email (Grace Kim): replied,ACME-A003699
alexander.vance@cochranfuller.example.com,2026-07-01 20:17:36,Sales email (Grace Kim): sent,ACME-A003701
robert.erickson@fergusoncampbellandcaldw.example.com,2026-07-01 20:26:19,Sales email (Dana Whitfield): sent,ACME-A003702
mia.burns@bakercarrandmoore.example.com,2026-07-01 21:02:28,Sales email (Dana Whitfield): replied,ACME-A003703
eric.rose@bennettandsons.example.com,2026-07-01 21:17:48,Sales email (Priya Raman): sent,ACME-A003705
kristina.anthony@jenkinsplc.example.com,2026-07-01 23:12:35,Sales email (Marcus Lee): sent,ACME-A003708
caitlin.campbell@jonesfrench.example.com,2026-07-02 02:26:58,Sales email (Acme Round Robin): bounced,ACME-A003713
andrea.baker@clarkcarlsonandnewton.example.com,2026-07-02 03:48:24,Sales email (Dana Whitfield): sent,ACME-A003716
allison.spencer@brandtwilliamsandpatrick.example.com,2026-07-02 05:21:25,Sales email (Grace Kim): sent,ACME-A003718
caitlin.campbell@jonesfrench.example.com,2026-07-02 05:34:23,Sales email (Acme Round Robin): sent,ACME-A003719
brittany.daniels@allenltd.example.com,2026-07-02 09:01:08,Sales email (Dana Whitfield): sent,ACME-A003721
chad.wilson@flowersrivera.example.com,2026-07-02 12:31:50,Sales email (Dana Whitfield): sent,ACME-A003725
alan.green@nolanjordan.example.com,2026-07-02 13:47:34,Sales email (Owen Brooks): sent,ACME-A003727
nicholas.smith@smithhensley.example.com,2026-07-02 15:22:58,Sales email (Sofia Alvarez): sent,ACME-A003731
adam.summers@henryplc.example.com,2026-07-02 16:21:24,Sales email (Sofia Alvarez): replied,ACME-A003733
lisa.knight@greeneweeks.example.com,2026-07-02 16:25:39,Sales email (Priya Raman): sent,ACME-A003734
joel.chapman@brownllc.example.com,2026-07-02 16:48:34,Sales email (Sofia Alvarez): sent,ACME-A003735
sean.ryan@penaholland.example.com,2026-07-02 16:56:42,Sales email (Dana Whitfield): sent,ACME-A003736
evan.goodwin@johnsoninc.example.com,2026-07-02 18:43:15,Sales email (Dana Whitfield): replied,ACME-A003742
robert.webster@kramerltd.example.com,2026-07-02 19:08:36,Sales email (Priya Raman): replied,ACME-A003744
michael.nguyen@sancheznguyenandperry.example.com,2026-07-02 19:23:37,Sales email (Dana Whitfield): sent,ACME-A003746
carlos.williams@meyerhall.example.com,2026-07-02 20:49:38,Sales email (Jordan Ellis): bounced,ACME-A003749
amanda.lyons@kramerkleinandmueller.example.com,2026-07-02 22:13:49,Sales email (Jordan Ellis): sent,ACME-A003752
daniel.davis@goldenfields.example.com,2026-07-02 23:59:44,Sales email (Owen Brooks): sent,ACME-A003754
angela.smith@morrisonarellano.example.com,2026-07-03 04:19:29,Sales email (Priya Raman): sent,ACME-A003761
kevin.ritter@gibsonallison.example.com,2026-07-03 05:33:50,Sales email (Jordan Ellis): sent,ACME-A003764
christopher.jones@raymondramos.example.com,2026-07-03 06:35:19,Sales email (Sofia Alvarez): sent,ACME-A003766
mark.johnson@jenkinswrightandjennings.example.com,2026-07-03 10:13:32,Sales email (Jordan Ellis): sent,ACME-A003768
chase.butler@jamesltd.example.com,2026-07-03 10:36:56,Sales email (Priya Raman): replied,ACME-A003769
elizabeth.hill@williamsjohns.example.com,2026-07-03 10:48:01,Sales email (Grace Kim): sent,ACME-A003771
sandra.hernandez@romanroberts.example.com,2026-07-03 11:59:16,Sales email (Owen Brooks): sent,ACME-A003773
vanessa.escobar@smithandsons.example.com,2026-07-03 13:01:04,Sales email (Priya Raman): sent,ACME-A003777
alan.green@nolanjordan.example.com,2026-07-03 14:00:26,Sales email (Owen Brooks): replied,ACME-A003778
michael.cobb@currywiseandlewis.example.com,2026-07-03 14:02:35,Sales email (Jordan Ellis): bounced,ACME-A003779
michael.bray@nortongroup.example.com,2026-07-03 15:03:09,Sales email (Marcus Lee): sent,ACME-A003780
allison.spencer@brandtwilliamsandpatrick.example.com,2026-07-03 15:49:43,Sales email (Grace Kim): sent,ACME-A003783
pamela.payne@patelltd.example.com,2026-07-03 16:31:16,Sales email (Jordan Ellis): bounced,ACME-A003784
patrick.avila@calhounparks.example.com,2026-07-03 17:32:01,Sales email (Priya Raman): sent,ACME-A003786
samantha.walker@whitesmith.example.com,2026-07-03 17:39:18,Sales email (Priya Raman): sent,ACME-A003787
scott.booker@berryestradaandsmith.example.com,2026-07-03 18:25:47,Sales email (Owen Brooks): sent,ACME-A003788
heather.rodriguez@clarkjones.example.com,2026-07-03 21:50:55,Sales email (Dana Whitfield): replied,ACME-A003796
deborah.williams@watsongamble.example.com,2026-07-03 22:10:13,Sales email (Dana Whitfield): sent,ACME-A003798
melinda.galloway@smithltd.example.com,2026-07-04 01:08:38,Sales email (Marcus Lee): sent,ACME-A003804
elizabeth.haley@reynoldsinc.example.com,2026-07-04 03:34:10,Sales email (Sofia Alvarez): sent,ACME-A003806
jenna.willis@leecarterandmckinney.example.com,2026-07-04 05:23:43,Sales email (Dana Whitfield): sent,ACME-A003809
matthew.mendez@clarkrichandhoward.example.com,2026-07-04 07:01:40,Sales email (Dana Whitfield): sent,ACME-A003812
andrea.guzman@kingrivas.example.com,2026-07-04 13:45:28,Sales email (Dana Whitfield): sent,ACME-A003817
micheal.johnson@pachecomillerandcole.example.com,2026-07-04 14:10:40,Sales email (Sofia Alvarez): sent,ACME-A003818
mark.mullins@alexandershepardandfrank.example.com,2026-07-04 14:19:08,Sales email (Sofia Alvarez): replied,ACME-A003819
daniel.gonzalez@bensonjacksonandford.example.com,2026-07-04 14:24:28,Sales email (Sofia Alvarez): sent,ACME-A003820
elizabeth.brennan@woodmartin.example.com,2026-07-04 16:06:30,Sales email (Dana Whitfield): sent,ACME-A003822
robert.webster@kramerltd.example.com,2026-07-04 17:29:16,Sales email (Priya Raman): sent,ACME-A003823
nicole.houston@leesmith.example.com,2026-07-04 20:11:01,Sales email (Sofia Alvarez): sent,ACME-A003827
lauren.young@lozanoandsons.example.com,2026-07-04 20:19:48,Sales email (Marcus Lee): sent,ACME-A003828
deborah.williams@watsongamble.example.com,2026-07-05 03:14:40,Sales email (Dana Whitfield): replied,ACME-A003834
patricia.martinez@wallgroup.example.com,2026-07-05 06:06:01,Sales email (Jordan Ellis): sent,ACME-A003838
john.taylor@wigginsmartin.example.com,2026-07-05 06:50:11,Sales email (Dana Whitfield): sent,ACME-A003839
joshua.day@willisevans.example.com,2026-07-05 08:17:16,Sales email (Acme Round Robin): bounced,ACME-A003841
elizabeth.hill@williamsjohns.example.com,2026-07-05 08:31:11,Sales email (Grace Kim): sent,ACME-A003842
nicholas.johnson@gatessanchezandmatthews.example.com,2026-07-05 08:54:32,Sales email (Priya Raman): replied,ACME-A003844
timothy.olsen@diazfuentes.example.com,2026-07-05 14:32:17,Sales email (Priya Raman): sent,ACME-A003850
jacob.hutchinson@wilsonkimandwallace.example.com,2026-07-05 15:18:46,Sales email (Priya Raman): sent,ACME-A003853
sara.hopkins@coxllc.example.com,2026-07-05 15:52:13,Sales email (Dana Whitfield): sent,ACME-A003855
kimberly.anderson@stewartthomasandguzman.example.com,2026-07-05 15:57:00,Sales email (Grace Kim): sent,ACME-A003856
ralph.adams@olivergroup.example.com,2026-07-05 16:07:36,Sales email (Jordan Ellis): sent,ACME-A003858
heather.smith@williamsbowman.example.com,2026-07-05 16:32:08,Sales email (Sofia Alvarez): sent,ACME-A003859
dustin.tran@singletontorres.example.com,2026-07-05 18:02:48,Sales email (Owen Brooks): sent,ACME-A003861
kevin.ritter@gibsonallison.example.com,2026-07-06 01:48:26,Sales email (Jordan Ellis): sent,ACME-A003866
james.cooper@rivaslopezandthompson.example.com,2026-07-06 05:08:59,Sales email (Dana Whitfield): sent,ACME-A003875
marcus.flores@nelsonplc.example.com,2026-07-06 05:25:17,Sales email (Sofia Alvarez): sent,ACME-A003877
christopher.martinez@westandsons.example.com,2026-07-06 06:19:44,Sales email (Priya Raman): sent,ACME-A003879
miguel.christian@millermcdowell.example.com,2026-07-06 06:52:43,Sales email (Dana Whitfield): replied,ACME-A003881
victor.diaz@millermiddleton.example.com,2026-07-06 06:58:37,Sales email (Sofia Alvarez): sent,ACME-A003882
deborah.daniels@bauergroup.example.com,2026-07-06 07:37:36,Sales email (Sofia Alvarez): sent,ACME-A003883
marcus.flores@nelsonplc.example.com,2026-07-06 08:13:18,Sales email (Sofia Alvarez): sent,ACME-A003886
samantha.patel@edwardsadams.example.com,2026-07-06 09:15:41,Sales email (Sofia Alvarez): sent,ACME-A003888
robert.webster@kramerltd.example.com,2026-07-06 11:03:50,Sales email (Priya Raman): sent,ACME-A003889
kenneth.spencer@moramoralesandreynolds.example.com,2026-07-06 11:28:09,Sales email (Sofia Alvarez): sent,ACME-A003892
richard.wilson@ramirezgonzalez.example.com,2026-07-06 11:57:27,Sales email (Marcus Lee): replied,ACME-A003894
carol.murphy@normanstewart.example.com,2026-07-06 13:43:42,Sales email (Acme Round Robin): sent,ACME-A003899
beverly.harper@mullinsandersonanddavies.example.com,2026-07-06 14:32:30,Sales email (Owen Brooks): replied,ACME-A003901
jane.norman@brownpalmer.example.com,2026-07-06 16:07:52,Sales email (Owen Brooks): sent,ACME-A003903
miguel.christian@millermcdowell.example.com,2026-07-06 16:54:45,Sales email (Dana Whitfield): sent,ACME-A003908
elizabeth.hamilton@morandixonandjackson.example.com,2026-07-06 17:44:42,Sales email (Owen Brooks): sent,ACME-A003910
randy.warren@millerplc.example.com,2026-07-06 18:05:02,Sales email (Marcus Lee): replied,ACME-A003912
vicki.smith@collinskaiser.example.com,2026-07-06 19:15:24,Sales email (Marcus Lee): sent,ACME-A003917
samantha.harrison@armstrongglassandspencer.example.com,2026-07-06 19:44:26,Sales email (Dana Whitfield): sent,ACME-A003918
michael.olsen@wilsoninc.example.com,2026-07-06 20:26:58,Sales email (Jordan Ellis): bounced,ACME-A003921
deborah.daniels@bauergroup.example.com,2026-07-06 23:30:18,Sales email (Sofia Alvarez): sent,ACME-A003929
shannon.mayer@pollardharris.example.com,2026-07-07 00:06:43,Sales email (Marcus Lee): replied,ACME-A003930
timothy.white@wilsongroup.example.com,2026-07-07 01:18:28,Sales email (Marcus Lee): sent,ACME-A003931
christopher.morales@greerltd.example.com,2026-07-07 01:29:50,Sales email (Dana Whitfield): sent,ACME-A003933
brianna.ali@whiteltd.example.com,2026-07-07 01:45:11,Sales email (Grace Kim): sent,ACME-A003934
laura.harrison@scottwolfe.example.com,2026-07-07 02:17:41,Sales email (Marcus Lee): sent,ACME-A003936
vanessa.escobar@smithandsons.example.com,2026-07-07 03:09:32,Sales email (Priya Raman): sent,ACME-A003938
ashley.shelton@martincolemanandedwards.example.com,2026-07-07 06:03:30,Sales email (Dana Whitfield): sent,ACME-A003940
mario.gray@jacksonedwards.example.com,2026-07-07 06:42:58,Sales email (Acme Round Robin): sent,ACME-A003941
joshua.young@browntorresandcox.example.com,2026-07-07 07:55:16,Sales email (Marcus Lee): sent,ACME-A003942
elizabeth.hall@brooksbrown.example.com,2026-07-07 08:26:57,Sales email (Dana Whitfield): sent,ACME-A003943
steven.montgomery@freemanmartin.example.com,2026-07-07 10:24:58,Sales email (Sofia Alvarez): bounced,ACME-A003945
kristina.anthony@jenkinsplc.example.com,2026-07-07 10:57:39,Sales email (Marcus Lee): sent,ACME-A003946
michele.turner@robinsonllc.example.com,2026-07-07 12:21:11,Sales email (Grace Kim): sent,ACME-A003949
ashley.campos@trevinoorozco.example.com,2026-07-07 12:28:00,Sales email (Owen Brooks): bounced,ACME-A003950
johnny.burnett@vazquezandsons.example.com,2026-07-07 13:01:27,Sales email (Dana Whitfield): sent,ACME-A003952
robert.mann@clarkthomasandrobinson.example.com,2026-07-07 16:17:15,Sales email (Jordan Ellis): sent,ACME-A003959
miguel.christian@millermcdowell.example.com,2026-07-07 17:49:59,Sales email (Dana Whitfield): sent,ACME-A003961
patrick.avila@calhounparks.example.com,2026-07-07 18:16:51,Sales email (Priya Raman): sent,ACME-A003963
amanda.jimenez@hernandezboothandgreen.example.com,2026-07-07 19:30:14,Sales email (Dana Whitfield): sent,ACME-A003966
melinda.galloway@smithltd.example.com,2026-07-07 20:10:59,Sales email (Marcus Lee): sent,ACME-A003969
samantha.garcia@danielsllc.example.com,2026-07-07 20:59:54,Sales email (Priya Raman): sent,ACME-A003972
sara.hopkins@coxllc.example.com,2026-07-07 21:05:17,Sales email (Dana Whitfield): sent,ACME-A003973
kristin.carpenter@barberinc.example.com,2026-07-07 21:56:20,Sales email (Priya Raman): sent,ACME-A003975
donald.martin@stephensonllc.example.com,2026-07-07 22:22:42,Sales email (Sofia Alvarez): sent,ACME-A003976
kristina.anthony@jenkinsplc.example.com,2026-07-07 22:54:01,Sales email (Marcus Lee): sent,ACME-A003978
steven.bird@lawrenceinc.example.com,2026-07-07 23:01:45,Sales email (Dana Whitfield): sent,ACME-A003979
timothy.white@wilsongroup.example.com,2026-07-08 01:38:24,Sales email (Marcus Lee): sent,ACME-A003985
gregory.russell@mackrivasandalvarez.example.com,2026-07-08 05:45:50,Sales email (Jordan Ellis): sent,ACME-A003990
lisa.kim@montgomerygoodman.example.com,2026-07-08 08:06:25,Sales email (Priya Raman): sent,ACME-A003993
mark.stafford@hallturner.example.com,2026-07-08 10:10:59,Sales email (Sofia Alvarez): sent,ACME-A003997
james.kirk@davisfoster.example.com,2026-07-08 11:22:05,Sales email (Dana Whitfield): sent,ACME-A004000
gregory.russell@mackrivasandalvarez.example.com,2026-07-08 11:40:49,Sales email (Jordan Ellis): sent,ACME-A004001
jessica.rogers@powellllc.example.com,2026-07-08 12:07:34,Sales email (Acme Round Robin): sent,ACME-A004004
brandon.davis@nealgroup.example.com,2026-07-08 12:52:39,Sales email (Sofia Alvarez): sent,ACME-A004007
jennifer.blevins@aguilardavisandanderson.example.com,2026-07-08 14:59:31,Sales email (Priya Raman): replied,ACME-A004011
emily.davis@merritthaynesandjackson.example.com,2026-07-08 15:30:02,Sales email (Marcus Lee): replied,ACME-A004013
caleb.harris@benjaminclark.example.com,2026-07-08 15:38:36,Sales email (Dana Whitfield): sent,ACME-A004014
blake.riley@rhodesgroup.example.com,2026-07-08 17:27:32,Sales email (Owen Brooks): bounced,ACME-A004016
christopher.morales@greerltd.example.com,2026-07-08 17:43:09,Sales email (Dana Whitfield): sent,ACME-A004019
chris.scott@bellinc.example.com,2026-07-08 17:48:57,Sales email (Dana Whitfield): sent,ACME-A004020
john.meyer@andrewsmorris.example.com,2026-07-08 21:24:04,Sales email (Sofia Alvarez): sent,ACME-A004026
stacey.smith@tuckerllc.example.com,2026-07-09 02:15:40,Sales email (Dana Whitfield): sent,ACME-A004034
ashley.morris@harrisoninc.example.com,2026-07-09 07:32:29,Sales email (Sofia Alvarez): replied,ACME-A004041
tyler.perez@davisplc.example.com,2026-07-09 07:36:31,Sales email (Owen Brooks): sent,ACME-A004042
ashley.campos@trevinoorozco.example.com,2026-07-09 08:06:19,Sales email (Owen Brooks): sent,ACME-A004044
erica.gutierrez@farrellmiller.example.com,2026-07-09 09:49:33,Sales email (Owen Brooks): sent,ACME-A004048
robert.morgan@cookfischer.example.com,2026-07-09 11:22:18,Sales email (Priya Raman): sent,ACME-A004054
rebecca.gardner@cooperltd.example.com,2026-07-09 11:50:18,Sales email (Jordan Ellis): replied,ACME-A004055
angela.smith@morrisonarellano.example.com,2026-07-09 12:07:43,Sales email (Priya Raman): sent,ACME-A004056
lisa.brown@welchandsons.example.com,2026-07-09 13:27:50,Sales email (Dana Whitfield): sent,ACME-A004057
shane.dominguez@johnsonhernandez.example.com,2026-07-09 14:03:12,Sales email (Jordan Ellis): sent,ACME-A004060
brandon.douglas@nolanltd.example.com,2026-07-09 14:15:07,Sales email (Priya Raman): replied,ACME-A004061
leah.gibson@shortsheltonandfranco.example.com,2026-07-09 15:35:06,Sales email (Jordan Ellis): sent,ACME-A004064
mary.young@mayplc.example.com,2026-07-09 17:09:08,Sales email (Dana Whitfield): replied,ACME-A004066
tyler.garcia@sosagalvanandsullivan.example.com,2026-07-09 17:43:53,Sales email (Priya Raman): replied,ACME-A004069
carlos.williams@meyerhall.example.com,2026-07-09 19:51:39,Sales email (Jordan Ellis): sent,ACME-A004072
christian.nguyen@nguyenpattersonandmartin.example.com,2026-07-09 20:35:06,Sales email (Marcus Lee): sent,ACME-A004076
shannon.young@harmongroup.example.com,2026-07-09 21:37:07,Sales email (Priya Raman): sent,ACME-A004078
heather.wells@larallc.example.com,2026-07-09 21:43:17,Sales email (Marcus Lee): sent,ACME-A004079
amber.tucker@huynhcarpenterandmoreno.example.com,2026-07-09 22:06:11,Sales email (Marcus Lee): sent,ACME-A004080
glenn.vaughn@robinsonmiles.example.com,2026-07-09 22:26:31,Sales email (Owen Brooks): sent,ACME-A004081
jennifer.cook@moorerobinsonandmartinez.example.com,2026-07-09 22:35:56,Sales email (Dana Whitfield): sent,ACME-A004083
caitlin.campbell@jonesfrench.example.com,2026-07-09 23:28:26,Sales email (Acme Round Robin): sent,ACME-A004086
robert.morgan@cookfischer.example.com,2026-07-10 00:34:25,Sales email (Priya Raman): sent,ACME-A004091
lisa.garrison@wrightltd.example.com,2026-07-10 01:00:16,Sales email (Sofia Alvarez): bounced,ACME-A004092
brandy.smith@kingwagnerandstephens.example.com,2026-07-10 01:16:50,Sales email (Marcus Lee): sent,ACME-A004093
lauren.sullivan@gonzalesfarmerandgarcia.example.com,2026-07-10 01:55:14,Sales email (Marcus Lee): sent,ACME-A004095
donald.martin@stephensonllc.example.com,2026-07-10 03:16:50,Sales email (Sofia Alvarez): sent,ACME-A004098
cory.bell@smithinc.example.com,2026-07-10 03:41:00,Sales email (Sofia Alvarez): sent,ACME-A004099
jessica.shannon@perrybellandford.example.com,2026-07-10 07:58:17,Sales email (Priya Raman): sent,ACME-A004103
amanda.jimenez@hernandezboothandgreen.example.com,2026-07-10 07:59:44,Sales email (Dana Whitfield): sent,ACME-A004105
louis.rose@molinaltd.example.com,2026-07-10 08:27:02,Sales email (Dana Whitfield): sent,ACME-A004106
richard.meyer@grahambarnes.example.com,2026-07-10 11:43:54,Sales email (Dana Whitfield): sent,ACME-A004109
lisa.garrison@wrightltd.example.com,2026-07-10 12:04:35,Sales email (Sofia Alvarez): bounced,ACME-A004110
lisa.brown@millerltd.example.com,2026-07-10 12:12:06,Sales email (Priya Raman): sent,ACME-A004112
lauren.baker@fritzduarte.example.com,2026-07-10 13:52:17,Sales email (Sofia Alvarez): sent,ACME-A004114
lisa.brown@millerltd.example.com,2026-07-10 16:30:06,Sales email (Priya Raman): sent,ACME-A004122
nichole.jones@jenningsburnsandgardner.example.com,2026-07-10 20:43:07,Sales email (Priya Raman): sent,ACME-A004129
richard.meyer@grahambarnes.example.com,2026-07-10 20:53:50,Sales email (Dana Whitfield): sent,ACME-A004130
john.brooks@brownplc.example.com,2026-07-10 21:20:36,Sales email (Priya Raman): sent,ACME-A004131
lisa.brown@millerltd.example.com,2026-07-10 21:54:35,Sales email (Priya Raman): bounced,ACME-A004134
michael.gilbert@walkersilva.example.com,2026-07-10 23:16:33,Sales email (Priya Raman): replied,ACME-A004136
danny.anderson@barrdavis.example.com,2026-07-11 03:10:17,Sales email (Acme Round Robin): sent,ACME-A004142
caitlin.campbell@jonesfrench.example.com,2026-07-11 04:53:51,Sales email (Acme Round Robin): sent,ACME-A004144
lisa.schmitt@oliverdiazandmurphy.example.com,2026-07-11 09:28:53,Sales email (Owen Brooks): sent,ACME-A004147
eddie.perez@wattsltd.example.com,2026-07-11 11:16:41,Sales email (Marcus Lee): sent,ACME-A004149
mario.gray@jacksonedwards.example.com,2026-07-11 12:28:49,Sales email (Acme Round Robin): sent,ACME-A004153
blake.riley@rhodesgroup.example.com,2026-07-11 18:37:02,Sales email (Owen Brooks): bounced,ACME-A004157
kelly.page@hillgroup.example.com,2026-07-11 20:37:52,Sales email (Acme Round Robin): sent,ACME-A004162
amy.stephens@alvarezbushandsavage.example.com,2026-07-11 21:05:02,Sales email (Dana Whitfield): sent,ACME-A004163
tracy.thompson@kochnashandcabrera.example.com,2026-07-11 21:06:38,Sales email (Grace Kim): sent,ACME-A004164
andrew.wise@mitchellllc.example.com,2026-07-11 23:15:44,Sales email (Marcus Lee): replied,ACME-A004166
mikayla.gonzales@woodardgroup.example.com,2026-07-11 23:56:12,Sales email (Owen Brooks): sent,ACME-A004168
dennis.webb@hicksedwardsandpierce.example.com,2026-07-12 00:28:53,Sales email (Sofia Alvarez): sent,ACME-A004170
elizabeth.hall@brooksbrown.example.com,2026-07-12 01:29:40,Sales email (Dana Whitfield): sent,ACME-A004173
christopher.morales@greerltd.example.com,2026-07-12 01:34:07,Sales email (Dana Whitfield): sent,ACME-A004174
heidi.fleming@cowanchandler.example.com,2026-07-12 01:40:17,Sales email (Grace Kim): sent,ACME-A004175
shawn.vincent@berrywelchandjackson.example.com,2026-07-12 02:02:24,Sales email (Dana Whitfield): sent,ACME-A004177
joshua.day@willisevans.example.com,2026-07-12 02:32:31,Sales email (Acme Round Robin): sent,ACME-A004178
timothy.noble@stricklandhurleyanddomin.example.com,2026-07-12 03:33:36,Sales email (Marcus Lee): sent,ACME-A004179
julie.burnett@vargasmillerandmaddox.example.com,2026-07-12 03:54:57,Sales email (Dana Whitfield): sent,ACME-A004180
matthew.hernandez@steelewatson.example.com,2026-07-12 04:24:02,Sales email (Dana Whitfield): sent,ACME-A004181
kevin.ritter@gibsonallison.example.com,2026-07-12 05:36:35,Sales email (Jordan Ellis): sent,ACME-A004183
dawn.gonzalez@benderlee.example.com,2026-07-12 10:25:12,Sales email (Marcus Lee): sent,ACME-A004188
michael.nguyen@sancheznguyenandperry.example.com,2026-07-12 11:14:51,Sales email (Dana Whitfield): bounced,ACME-A004189
rachel.friedman@johnsonshawandroach.example.com,2026-07-12 15:08:22,Sales email (Priya Raman): sent,ACME-A004192
leah.gibson@shortsheltonandfranco.example.com,2026-07-12 18:22:16,Sales email (Jordan Ellis): sent,ACME-A004196
christopher.martinez@westandsons.example.com,2026-07-12 20:47:01,Sales email (Priya Raman): sent,ACME-A004200
nicholas.wagner@parkerbutlerandburns.example.com,2026-07-13 00:08:39,Sales email (Priya Raman): sent,ACME-A004204
antonio.peck@millerplc.example.com,2026-07-13 00:43:14,Sales email (Marcus Lee): sent,ACME-A004205
jacqueline.stanley@chavezallenandmcdonald.example.com,2026-07-13 03:58:03,Sales email (Jordan Ellis): replied,ACME-A004208
karen.fisher@sharphiggins.example.com,2026-07-13 06:22:43,Sales email (Jordan Ellis): replied,ACME-A004212
jennifer.cook@moorerobinsonandmartinez.example.com,2026-07-13 07:17:18,Sales email (Dana Whitfield): replied,ACME-A004213
heather.smith@williamsbowman.example.com,2026-07-13 07:28:46,Sales email (Sofia Alvarez): replied,ACME-A004214
johnny.burnett@vazquezandsons.example.com,2026-07-13 09:39:29,Sales email (Dana Whitfield): sent,ACME-A004219
john.stevens@walterfisherandadams.example.com,2026-07-13 10:59:33,Sales email (Sofia Alvarez): replied,ACME-A004223
kenneth.gray@evanswilliamsonandbaker.example.com,2026-07-13 11:11:32,Sales email (Jordan Ellis): sent,ACME-A004225
lisa.kim@montgomerygoodman.example.com,2026-07-13 13:07:13,Sales email (Priya Raman): sent,ACME-A004229
julie.burnett@vargasmillerandmaddox.example.com,2026-07-13 13:40:44,Sales email (Dana Whitfield): sent,ACME-A004230
drew.fleming@davenportgroup.example.com,2026-07-13 14:33:51,Sales email (Jordan Ellis): sent,ACME-A004233
darren.elliott@jacksonllc.example.com,2026-07-13 14:34:32,Sales email (Dana Whitfield): sent,ACME-A004234
heather.smith@williamsbowman.example.com,2026-07-13 15:06:13,Sales email (Sofia Alvarez): sent,ACME-A004236
michael.ortega@myersdalton.example.com,2026-07-13 17:18:45,Sales email (Grace Kim): sent,ACME-A004240
michael.smith@walshrichardsandfloyd.example.com,2026-07-13 17:36:44,Sales email (Marcus Lee): sent,ACME-A004241
margaret.anderson@tranbrownandlong.example.com,2026-07-13 18:00:08,Sales email (Sofia Alvarez): replied,ACME-A004242
cynthia.steele@penalowe.example.com,2026-07-13 19:29:06,Sales email (Owen Brooks): sent,ACME-A004244
edward.maxwell@cordovallc.example.com,2026-07-13 20:53:33,Sales email (Owen Brooks): bounced,ACME-A004246
brittany.bradford@millertorres.example.com,2026-07-13 20:59:23,Sales email (Grace Kim): sent,ACME-A004247
robert.mann@clarkthomasandrobinson.example.com,2026-07-13 21:07:14,Sales email (Jordan Ellis): sent,ACME-A004249
gregory.townsend@campbellriveraandlane.example.com,2026-07-13 21:54:45,Sales email (Acme Round Robin): sent,ACME-A004250
olivia.lynn@wrightplc.example.com,2026-07-13 21:58:53,Sales email (Jordan Ellis): sent,ACME-A004251
joshua.zavala@gutierrezplc.example.com,2026-07-13 22:21:39,Sales email (Sofia Alvarez): replied,ACME-A004252
john.meyer@andrewsmorris.example.com,2026-07-14 01:06:52,Sales email (Sofia Alvarez): sent,ACME-A004255
george.wallace@andersonwalker.example.com,2026-07-14 02:55:52,Sales email (Owen Brooks): sent,ACME-A004259
joe.caldwell@browningkerr.example.com,2026-07-14 03:02:51,Sales email (Sofia Alvarez): sent,ACME-A004260
donald.martin@stephensonllc.example.com,2026-07-14 05:50:12,Sales email (Sofia Alvarez): sent,ACME-A004265
kenneth.spencer@moramoralesandreynolds.example.com,2026-07-14 07:13:47,Sales email (Sofia Alvarez): sent,ACME-A004267
kelly.coleman@cobbnichols.example.com,2026-07-14 07:14:13,Sales email (Jordan Ellis): sent,ACME-A004268
pamela.anderson@williamscoleandanderson.example.com,2026-07-14 09:07:11,Sales email (Grace Kim): sent,ACME-A004271
rodney.parker@morganinc.example.com,2026-07-14 09:26:24,Sales email (Dana Whitfield): sent,ACME-A004272
jacob.crawford@ellisriddleandstuart.example.com,2026-07-14 09:51:06,Sales email (Priya Raman): sent,ACME-A004273
michelle.harris@mcmillankimandpearson.example.com,2026-07-14 11:30:53,Sales email (Marcus Lee): sent,ACME-A004277
stephanie.walker@millerwilliams.example.com,2026-07-14 11:41:51,Sales email (Dana Whitfield): sent,ACME-A004279
charles.allen@davishoffmanandsnyder.example.com,2026-07-14 12:37:59,Sales email (Marcus Lee): sent,ACME-A004282
jennifer.vargas@moodygonzalez.example.com,2026-07-14 12:45:17,Sales email (Acme Round Robin): sent,ACME-A004284
carol.murphy@normanstewart.example.com,2026-07-14 14:20:57,Sales email (Acme Round Robin): sent,ACME-A004285
richard.meyer@grahambarnes.example.com,2026-07-14 14:49:11,Sales email (Dana Whitfield): replied,ACME-A004287
jeffrey.levy@wagnerpriceandwhitaker.example.com,2026-07-14 15:23:33,Sales email (Dana Whitfield): sent,ACME-A004289
michael.ortega@myersdalton.example.com,2026-07-14 15:54:07,Sales email (Grace Kim): replied,ACME-A004291
rebecca.young@whitestanleyandpeterson.example.com,2026-07-14 16:08:55,Sales email (Marcus Lee): sent,ACME-A004292
danielle.marquez@mooremoore.example.com,2026-07-14 16:34:33,Sales email (Jordan Ellis): sent,ACME-A004294
brandy.stone@sheppardgroup.example.com,2026-07-14 16:53:02,Sales email (Dana Whitfield): sent,ACME-A004295
laura.smith@newtonsnyder.example.com,2026-07-14 17:05:57,Sales email (Sofia Alvarez): sent,ACME-A004296
carol.merritt@robertsdavis.example.com,2026-07-14 17:29:07,Sales email (Dana Whitfield): sent,ACME-A004298
jane.norman@brownpalmer.example.com,2026-07-14 18:01:25,Sales email (Owen Brooks): replied,ACME-A004300
sandra.cummings@sandersltd.example.com,2026-07-14 18:23:46,Sales email (Marcus Lee): sent,ACME-A004301
sara.johnson@mooreryan.example.com,2026-07-14 18:52:47,Sales email (Marcus Lee): sent,ACME-A004303
brandon.barnett@cummingsanderson.example.com,2026-07-14 20:18:40,Sales email (Marcus Lee): sent,ACME-A004307
michael.mcdonald@mckenzieandsons.example.com,2026-07-14 22:01:46,Sales email (Sofia Alvarez): replied,ACME-A004310
jeffrey.levy@wagnerpriceandwhitaker.example.com,2026-07-14 22:09:21,Sales email (Dana Whitfield): replied,ACME-A004311
willie.acosta@lopezrogers.example.com,2026-07-14 22:21:53,Sales email (Sofia Alvarez): sent,ACME-A004312
jonathan.palmer@williamsgarcia.example.com,2026-07-14 22:22:52,Sales email (Grace Kim): sent,ACME-A004313
michael.gilbert@walkersilva.example.com,2026-07-14 22:31:45,Sales email (Priya Raman): sent,ACME-A004314
mark.stafford@hallturner.example.com,2026-07-14 22:44:42,Sales email (Sofia Alvarez): sent,ACME-A004315
michael.ortega@myersdalton.example.com,2026-07-14 22:58:16,Sales email (Grace Kim): sent,ACME-A004316
kristen.miller@whitejamesandfitzgerald.example.com,2026-07-15 02:05:21,Sales email (Dana Whitfield): sent,ACME-A004319
george.wallace@andersonwalker.example.com,2026-07-15 02:37:47,Sales email (Owen Brooks): replied,ACME-A004320
john.moss@robinsonmartinez.example.com,2026-07-15 02:54:11,Sales email (Owen Brooks): sent,ACME-A004321
kristin.carpenter@barberinc.example.com,2026-07-15 03:42:19,Sales email (Priya Raman): sent,ACME-A004322
angel.anderson@blackburnmassey.example.com,2026-07-15 03:48:32,Sales email (Grace Kim): replied,ACME-A004323
danny.anderson@barrdavis.example.com,2026-07-15 03:51:41,Sales email (Acme Round Robin): sent,ACME-A004324
jennifer.kane@floresplc.example.com,2026-07-15 03:55:53,Sales email (Jordan Ellis): sent,ACME-A004325
elizabeth.hill@williamsjohns.example.com,2026-07-15 07:52:17,Sales email (Grace Kim): sent,ACME-A004331
beverly.harper@mullinsandersonanddavies.example.com,2026-07-15 10:04:58,Sales email (Owen Brooks): sent,ACME-A004335
elizabeth.hill@williamsjohns.example.com,2026-07-15 10:22:41,Sales email (Grace Kim): bounced,ACME-A004337
christopher.padilla@mayervasquez.example.com,2026-07-15 13:05:47,Sales email (Dana Whitfield): sent,ACME-A004339
pamela.anderson@williamscoleandanderson.example.com,2026-07-15 15:53:04,Sales email (Grace Kim): sent,ACME-A004341
reginald.brown@fowlerinc.example.com,2026-07-15 18:19:21,Sales email (Priya Raman): replied,ACME-A004347
william.johnson@williamsmason.example.com,2026-07-15 19:50:53,Sales email (Jordan Ellis): sent,ACME-A004351
kristin.carpenter@barberinc.example.com,2026-07-15 19:56:44,Sales email (Priya Raman): sent,ACME-A004352
arthur.haynes@garciaschaeferandeaton.example.com,2026-07-15 21:10:54,Sales email (Sofia Alvarez): replied,ACME-A004359
shane.kent@peterswilson.example.com,2026-07-15 21:35:04,Sales email (Jordan Ellis): replied,ACME-A004360
wendy.taylor@nelsonllc.example.com,2026-07-15 21:52:23,Sales email (Jordan Ellis): sent,ACME-A004361
anita.davidson@hollowayandsons.example.com,2026-07-15 22:38:57,Sales email (Owen Brooks): sent,ACME-A004362
rebecca.valdez@bellwilliamsandforbes.example.com,2026-07-16 00:37:33,Sales email (Sofia Alvarez): sent,ACME-A004367
leslie.benjamin@willisplc.example.com,2026-07-16 00:38:44,Sales email (Grace Kim): sent,ACME-A004368
rodney.parker@morganinc.example.com,2026-07-16 01:19:25,Sales email (Dana Whitfield): bounced,ACME-A004370
desiree.wilson@wolfeplc.example.com,2026-07-16 01:19:33,Sales email (Sofia Alvarez): sent,ACME-A004371
andrew.castillo@joneschavez.example.com,2026-07-16 02:51:28,Sales email (Marcus Lee): sent,ACME-A004375
joe.caldwell@browningkerr.example.com,2026-07-16 04:17:41,Sales email (Sofia Alvarez): sent,ACME-A004376
stephen.garrett@hillmorganandmontgomery.example.com,2026-07-16 04:30:09,Sales email (Grace Kim): replied,ACME-A004377
kevin.conway@fernandezgroup.example.com,2026-07-16 05:06:20,Sales email (Priya Raman): sent,ACME-A004379
mark.stafford@hallturner.example.com,2026-07-16 05:15:18,Sales email (Sofia Alvarez): sent,ACME-A004380
michael.rogers@hartnichols.example.com,2026-07-16 06:49:08,Sales email (Sofia Alvarez): sent,ACME-A004382
nancy.williams@arnoldhughesandfletcher.example.com,2026-07-16 08:16:02,Sales email (Jordan Ellis): sent,ACME-A004384
elizabeth.hill@williamsjohns.example.com,2026-07-16 08:30:45,Sales email (Grace Kim): sent,ACME-A004386
justin.rodriguez@wilsonmorris.example.com,2026-07-16 10:33:25,Sales email (Marcus Lee): sent,ACME-A004388
shane.dominguez@johnsonhernandez.example.com,2026-07-16 11:59:12,Sales email (Jordan Ellis): replied,ACME-A004391
charles.allen@davishoffmanandsnyder.example.com,2026-07-16 13:37:39,Sales email (Marcus Lee): sent,ACME-A004395
cassidy.gray@goodwinsmithandsavage.example.com,2026-07-16 13:45:33,Sales email (Marcus Lee): sent,ACME-A004396
samantha.lewis@hollc.example.com,2026-07-16 15:03:09,Sales email (Priya Raman): sent,ACME-A004397
angela.fisher@kennedyshepardandmyers.example.com,2026-07-16 15:06:25,Sales email (Grace Kim): replied,ACME-A004398
lacey.burch@floresgroup.example.com,2026-07-16 15:28:12,Sales email (Jordan Ellis): sent,ACME-A004399
johnny.burnett@vazquezandsons.example.com,2026-07-16 15:37:02,Sales email (Dana Whitfield): sent,ACME-A004402
charles.allen@davishoffmanandsnyder.example.com,2026-07-16 16:14:33,Sales email (Marcus Lee): sent,ACME-A004404
kevin.ritter@gibsonallison.example.com,2026-07-16 17:47:48,Sales email (Jordan Ellis): sent,ACME-A004405
amanda.pittman@riosromero.example.com,2026-07-16 17:50:43,Sales email (Marcus Lee): sent,ACME-A004406
rachel.bryant@santosinc.example.com,2026-07-16 18:45:34,Sales email (Sofia Alvarez): sent,ACME-A004408
taylor.fitzgerald@kerrjordan.example.com,2026-07-16 20:24:42,Sales email (Dana Whitfield): sent,ACME-A004411
albert.clark@rochamckayandanderson.example.com,2026-07-16 20:29:43,Sales email (Jordan Ellis): sent,ACME-A004412
stephanie.powell@lopezllc.example.com,2026-07-16 20:32:05,Sales email (Grace Kim): sent,ACME-A004413
kevin.conway@fernandezgroup.example.com,2026-07-16 21:55:19,Sales email (Priya Raman): sent,ACME-A004419
barbara.williams@harmonbondandwalton.example.com,2026-07-16 23:48:55,Sales email (Priya Raman): replied,ACME-A004422
linda.griffin@wonginc.example.com,2026-07-17 01:46:42,Sales email (Marcus Lee): bounced,ACME-A004426
brandon.douglas@nolanltd.example.com,2026-07-17 02:56:55,Sales email (Priya Raman): sent,ACME-A004427
richard.walter@thompsonwaters.example.com,2026-07-17 03:29:34,Sales email (Jordan Ellis): sent,ACME-A004429
jenna.willis@leecarterandmckinney.example.com,2026-07-17 03:42:36,Sales email (Dana Whitfield): sent,ACME-A004430
patricia.armstrong@hebertbrown.example.com,2026-07-17 04:51:21,Sales email (Jordan Ellis): replied,ACME-A004431
eddie.perez@wattsltd.example.com,2026-07-17 05:10:38,Sales email (Marcus Lee): sent,ACME-A004433
jennifer.cook@moorerobinsonandmartinez.example.com,2026-07-17 05:15:24,Sales email (Dana Whitfield): sent,ACME-A004434
tracy.thompson@kochnashandcabrera.example.com,2026-07-17 06:18:35,Sales email (Grace Kim): sent,ACME-A004435
brittany.sosa@bradshawgroup.example.com,2026-07-17 06:48:13,Sales email (Dana Whitfield): sent,ACME-A004436
christopher.wilson@torresdean.example.com,2026-07-17 09:24:28,Sales email (Sofia Alvarez): sent,ACME-A004440
martha.moore@pearsonwilliamsandjones.example.com,2026-07-17 09:26:50,Sales email (Owen Brooks): sent,ACME-A004441
darrell.vega@griffinplc.example.com,2026-07-17 10:46:05,Sales email (Dana Whitfield): sent,ACME-A004444
matthew.brown@pagehall.example.com,2026-07-17 11:55:13,Sales email (Owen Brooks): sent,ACME-A004448
carol.merritt@robertsdavis.example.com,2026-07-17 12:08:00,Sales email (Dana Whitfield): sent,ACME-A004451
kimberly.james@nolanltd.example.com,2026-07-17 12:31:36,Sales email (Priya Raman): sent,ACME-A004452
elizabeth.lopez@hardinnguyen.example.com,2026-07-17 13:13:33,Sales email (Dana Whitfield): sent,ACME-A004454
jessica.barrett@clarkreed.example.com,2026-07-17 13:56:55,Sales email (Jordan Ellis): sent,ACME-A004455
dustin.tran@singletontorres.example.com,2026-07-17 14:14:15,Sales email (Owen Brooks): sent,ACME-A004457
cynthia.cantu@mayllc.example.com,2026-07-17 16:21:18,Sales email (Acme Round Robin): sent,ACME-A004459
michaela.smith@andersonbishopandweber.example.com,2026-07-17 16:25:20,Sales email (Priya Raman): sent,ACME-A004460
daniel.guerrero@hansenconley.example.com,2026-07-17 16:33:07,Sales email (Jordan Ellis): replied,ACME-A004461
deborah.pena@nguyensmithandosborne.example.com,2026-07-17 17:47:44,Sales email (Dana Whitfield): sent,ACME-A004466
scott.barnes@yuchambers.example.com,2026-07-17 18:24:31,Sales email (Dana Whitfield): sent,ACME-A004468
erin.petersen@mendozasilvaandclark.example.com,2026-07-17 18:29:38,Sales email (Sofia Alvarez): sent,ACME-A004469
julie.huff@martinezromeroandwells.example.com,2026-07-17 19:33:42,Sales email (Owen Brooks): sent,ACME-A004472
shannon.mayer@pollardharris.example.com,2026-07-17 20:11:54,Sales email (Marcus Lee): sent,ACME-A004473
jonathan.kim@mannmunoz.example.com,2026-07-18 00:09:56,Sales email (Grace Kim): sent,ACME-A004483
stephen.smith@brownsteinandhuber.example.com,2026-07-18 00:11:45,Sales email (Priya Raman): replied,ACME-A004484
lisa.schmitt@oliverdiazandmurphy.example.com,2026-07-18 00:45:38,Sales email (Owen Brooks): replied,ACME-A004486
william.silva@harrellballandclark.example.com,2026-07-18 06:50:49,Sales email (Dana Whitfield): sent,ACME-A004495
aaron.quinn@nortonmorris.example.com,2026-07-18 06:55:46,Sales email (Owen Brooks): sent,ACME-A004496
stacey.moran@mckenziegibbs.example.com,2026-07-18 10:55:37,Sales email (Sofia Alvarez): bounced,ACME-A004499
samantha.fitzgerald@gonzalesmooneyandellison.example.com,2026-07-18 14:58:23,Sales email (Jordan Ellis): sent,ACME-A004507
leah.gibson@shortsheltonandfranco.example.com,2026-07-18 17:24:43,Sales email (Jordan Ellis): sent,ACME-A004511
stephanie.perez@jonesgriffinandsmith.example.com,2026-07-18 17:33:51,Sales email (Owen Brooks): sent,ACME-A004512
jessica.shannon@perrybellandford.example.com,2026-07-18 19:36:21,Sales email (Priya Raman): sent,ACME-A004515
amanda.pittman@riosromero.example.com,2026-07-18 21:20:16,Sales email (Marcus Lee): sent,ACME-A004519
janet.barber@frederickllc.example.com,2026-07-18 21:39:18,Sales email (Sofia Alvarez): replied,ACME-A004521
jasmin.ward@walkerwebb.example.com,2026-07-18 22:12:44,Sales email (Sofia Alvarez): sent,ACME-A004522
jack.garcia@nguyengroup.example.com,2026-07-18 22:33:46,Sales email (Marcus Lee): bounced,ACME-A004523
brandy.jones@pattersonowenandclark.example.com,2026-07-19 01:10:19,Sales email (Dana Whitfield): replied,ACME-A004524
jeffrey.levy@wagnerpriceandwhitaker.example.com,2026-07-19 02:14:30,Sales email (Dana Whitfield): sent,ACME-A004525
scott.booker@berryestradaandsmith.example.com,2026-07-19 05:13:22,Sales email (Owen Brooks): sent,ACME-A004527
rebecca.jones@smithmonroeandhancock.example.com,2026-07-19 06:48:25,Sales email (Priya Raman): sent,ACME-A004532
kelly.harrison@millerltd.example.com,2026-07-19 07:32:54,Sales email (Priya Raman): sent,ACME-A004533
aaron.quinn@nortonmorris.example.com,2026-07-19 08:13:27,Sales email (Owen Brooks): bounced,ACME-A004535
elizabeth.hill@williamsjohns.example.com,2026-07-19 08:52:08,Sales email (Grace Kim): replied,ACME-A004536
aaron.quinn@nortonmorris.example.com,2026-07-19 09:25:02,Sales email (Owen Brooks): bounced,ACME-A004537
shawn.vincent@berrywelchandjackson.example.com,2026-07-19 09:53:48,Sales email (Dana Whitfield): sent,ACME-A004538
kelly.page@hillgroup.example.com,2026-07-19 13:24:56,Sales email (Acme Round Robin): sent,ACME-A004543
stephen.brown@russellwheeler.example.com,2026-07-19 13:32:12,Sales email (Priya Raman): sent,ACME-A004544
carol.merritt@robertsdavis.example.com,2026-07-19 15:18:14,Sales email (Dana Whitfield): sent,ACME-A004548
dennis.webb@hicksedwardsandpierce.example.com,2026-07-19 15:36:19,Sales email (Sofia Alvarez): bounced,ACME-A004549
heather.rodriguez@clarkjones.example.com,2026-07-19 18:08:16,Sales email (Dana Whitfield): sent,ACME-A004552
richard.burns@cookhale.example.com,2026-07-19 18:08:29,Sales email (Marcus Lee): replied,ACME-A004553
angela.smith@beardmossandadams.example.com,2026-07-19 18:28:14,Sales email (Dana Whitfield): sent,ACME-A004554
jane.norman@brownpalmer.example.com,2026-07-19 18:34:32,Sales email (Owen Brooks): sent,ACME-A004555
patricia.martinez@wallgroup.example.com,2026-07-20 03:02:47,Sales email (Jordan Ellis): sent,ACME-A004565
daniel.hall@richardsmanning.example.com,2026-07-20 07:42:44,Sales email (Marcus Lee): replied,ACME-A004569
derrick.hale@romeroinc.example.com,2026-07-20 08:09:13,Sales email (Owen Brooks): sent,ACME-A004570
edward.maxwell@cordovallc.example.com,2026-07-20 08:35:21,Sales email (Owen Brooks): sent,ACME-A004571
yolanda.white@johnsonanderson.example.com,2026-07-20 11:48:40,Sales email (Marcus Lee): sent,ACME-A004574
shawn.stewart@browningltd.example.com,2026-07-20 13:30:32,Sales email (Jordan Ellis): replied,ACME-A004577
james.stevens@longbryant.example.com,2026-07-20 15:10:51,Sales email (Dana Whitfield): sent,ACME-A004579
tara.clements@mitchelldoyle.example.com,2026-07-20 17:54:08,Sales email (Jordan Ellis): sent,ACME-A004586
jeffrey.anderson@wilkinsondavisandmacias.example.com,2026-07-20 18:52:14,Sales email (Dana Whitfield): replied,ACME-A004587
rebecca.jones@smithmonroeandhancock.example.com,2026-07-20 19:49:06,Sales email (Priya Raman): replied,ACME-A004591
jack.weaver@chavezmcneilandsmith.example.com,2026-07-20 20:36:58,Sales email (Dana Whitfield): sent,ACME-A004593
bobby.garcia@lindseyrogers.example.com,2026-07-20 22:21:23,Sales email (Dana Whitfield): sent,ACME-A004596
denise.mason@haynescarlson.example.com,2026-07-21 02:06:12,Sales email (Priya Raman): sent,ACME-A004599
kelly.page@hillgroup.example.com,2026-07-21 03:27:34,Sales email (Acme Round Robin): sent,ACME-A004600
michaela.smith@andersonbishopandweber.example.com,2026-07-21 04:26:12,Sales email (Priya Raman): sent,ACME-A004601
michael.ortega@myersdalton.example.com,2026-07-21 05:13:04,Sales email (Grace Kim): sent,ACME-A004604
rose.hardy@valenzuelamiller.example.com,2026-07-21 06:23:08,Sales email (Dana Whitfield): sent,ACME-A004605
elizabeth.butler@christensenplc.example.com,2026-07-21 06:56:12,Sales email (Dana Whitfield): sent,ACME-A004606
timothy.olsen@diazfuentes.example.com,2026-07-21 07:30:23,Sales email (Priya Raman): sent,ACME-A004607
caitlin.briggs@murphyandsons.example.com,2026-07-21 08:28:29,Sales email (Marcus Lee): sent,ACME-A004608
toni.harrison@collinshardy.example.com,2026-07-21 11:18:46,Sales email (Grace Kim): sent,ACME-A004612
carol.murphy@normanstewart.example.com,2026-07-21 15:20:10,Sales email (Acme Round Robin): sent,ACME-A004619
theresa.stewart@taylorandsons.example.com,2026-07-21 15:27:27,Sales email (Marcus Lee): sent,ACME-A004620
michael.horn@webbblakeandgiles.example.com,2026-07-21 15:46:40,Sales email (Dana Whitfield): sent,ACME-A004622
manuel.kennedy@littlewhiteandperkins.example.com,2026-07-21 16:22:40,Sales email (Dana Whitfield): sent,ACME-A004625
jasmin.ward@walkerwebb.example.com,2026-07-21 16:36:11,Sales email (Sofia Alvarez): replied,ACME-A004626
edward.stanley@martinllc.example.com,2026-07-21 17:08:55,Sales email (Marcus Lee): replied,ACME-A004627
corey.terry@hannameyer.example.com,2026-07-21 20:56:35,Sales email (Acme Round Robin): replied,ACME-A004636
tommy.young@ballardpatterson.example.com,2026-07-21 21:00:08,Sales email (Jordan Ellis): sent,ACME-A004637
joseph.bonilla@barrettjones.example.com,2026-07-21 21:04:30,Sales email (Dana Whitfield): bounced,ACME-A004638
andre.anderson@sandersgroup.example.com,2026-07-21 22:20:15,Sales email (Dana Whitfield): replied,ACME-A004640
jorge.fisher@williamssantosandthomas.example.com,2026-07-21 23:36:08,Sales email (Jordan Ellis): replied,ACME-A004643
kathy.dixon@johnsonirwin.example.com,2026-07-22 02:18:19,Sales email (Dana Whitfield): sent,ACME-A004645
jeffrey.levy@wagnerpriceandwhitaker.example.com,2026-07-22 03:09:28,Sales email (Dana Whitfield): sent,ACME-A004646
robert.mann@clarkthomasandrobinson.example.com,2026-07-22 07:46:29,Sales email (Jordan Ellis): sent,ACME-A004650
michelle.crawford@bennetttaylor.example.com,2026-07-22 08:31:53,Sales email (Owen Brooks): replied,ACME-A004651
tommy.young@ballardpatterson.example.com,2026-07-22 10:22:03,Sales email (Jordan Ellis): sent,ACME-A004657
charlotte.buchanan@wellsfreemanandtucker.example.com,2026-07-22 12:11:28,Sales email (Dana Whitfield): sent,ACME-A004661
christopher.jones@richperezandwilliams.example.com,2026-07-22 12:58:44,Sales email (Priya Raman): sent,ACME-A004662
michaela.smith@andersonbishopandweber.example.com,2026-07-22 13:33:42,Sales email (Priya Raman): sent,ACME-A004664
timothy.bailey@hendersonphillips.example.com,2026-07-22 16:12:28,Sales email (Jordan Ellis): sent,ACME-A004671
roy.garner@muellerltd.example.com,2026-07-22 17:14:23,Sales email (Dana Whitfield): sent,ACME-A004675
donald.thomas@ramirezfoxandmendoza.example.com,2026-07-22 17:19:57,Sales email (Priya Raman): sent,ACME-A004676
natalie.williams@stonejackson.example.com,2026-07-22 17:25:51,Sales email (Acme Round Robin): sent,ACME-A004677
jennifer.dalton@wilkersontorres.example.com,2026-07-22 17:38:10,Sales email (Jordan Ellis): replied,ACME-A004678
julia.campbell@hamiltoninc.example.com,2026-07-22 18:40:06,Sales email (Jordan Ellis): sent,ACME-A004682
cindy.hicks@gomezgonzalez.example.com,2026-07-23 01:53:12,Sales email (Acme Round Robin): sent,ACME-A004692
mikayla.gonzales@woodardgroup.example.com,2026-07-23 06:46:35,Sales email (Owen Brooks): sent,ACME-A004697
gina.dunn@cameronarnoldandcarpente.example.com,2026-07-23 07:13:05,Sales email (Owen Brooks): replied,ACME-A004698
catherine.white@garnergilbertandblankens.example.com,2026-07-23 08:22:03,Sales email (Acme Round Robin): replied,ACME-A004703
jasmin.ward@walkerwebb.example.com,2026-07-23 09:55:51,Sales email (Sofia Alvarez): sent,ACME-A004704
robin.brown@yangsinghanddean.example.com,2026-07-23 15:05:09,Sales email (Dana Whitfield): replied,ACME-A004713
laura.willis@millermartinez.example.com,2026-07-23 15:22:37,Sales email (Jordan Ellis): sent,ACME-A004715
wendy.martin@webbbrownandmiller.example.com,2026-07-23 16:36:30,Sales email (Dana Whitfield): sent,ACME-A004718
timothy.mcdonald@royhernandez.example.com,2026-07-23 17:39:47,Sales email (Jordan Ellis): sent,ACME-A004720
brandy.jones@pattersonowenandclark.example.com,2026-07-23 17:41:56,Sales email (Dana Whitfield): sent,ACME-A004721
joseph.williams@fisherplc.example.com,2026-07-23 18:05:09,Sales email (Sofia Alvarez): sent,ACME-A004724
randy.warren@millerplc.example.com,2026-07-23 19:08:50,Sales email (Marcus Lee): replied,ACME-A004726
margaret.harvey@johnsonandsons.example.com,2026-07-23 19:19:58,Sales email (Priya Raman): sent,ACME-A004727
kevin.ritter@gibsonallison.example.com,2026-07-23 19:20:24,Sales email (Jordan Ellis): replied,ACME-A004728
sara.banks@wardstoneandcurtis.example.com,2026-07-23 20:34:28,Sales email (Priya Raman): sent,ACME-A004729
savannah.fisher@mejiaandsons.example.com,2026-07-23 21:08:51,Sales email (Marcus Lee): replied,ACME-A004730
andrew.ortega@mcclainnguyen.example.com,2026-07-23 21:23:21,Sales email (Sofia Alvarez): replied,ACME-A004731
denise.mason@haynescarlson.example.com,2026-07-23 23:01:10,Sales email (Priya Raman): sent,ACME-A004735
donald.thomas@ramirezfoxandmendoza.example.com,2026-07-24 01:57:27,Sales email (Priya Raman): sent,ACME-A004739
jacob.walters@warrenriley.example.com,2026-07-24 02:46:44,Sales email (Priya Raman): replied,ACME-A004741
christina.russell@smithschmitt.example.com,2026-07-24 04:38:13,Sales email (Grace Kim): sent,ACME-A004743
cynthia.doyle@millergroup.example.com,2026-07-24 05:03:59,Sales email (Grace Kim): sent,ACME-A004745
michael.bernard@haasplc.example.com,2026-07-24 06:02:38,Sales email (Dana Whitfield): sent,ACME-A004746
brian.ryan@myersmillsandpatton.example.com,2026-07-24 06:15:36,Sales email (Dana Whitfield): sent,ACME-A004747
lisa.schmitt@oliverdiazandmurphy.example.com,2026-07-24 06:19:10,Sales email (Owen Brooks): sent,ACME-A004748
jasmin.ward@walkerwebb.example.com,2026-07-24 07:37:19,Sales email (Sofia Alvarez): sent,ACME-A004750
drew.fleming@davenportgroup.example.com,2026-07-24 09:01:24,Sales email (Jordan Ellis): sent,ACME-A004751
allison.case@turnerllc.example.com,2026-07-24 09:42:48,Sales email (Owen Brooks): sent,ACME-A004752
stephanie.collins@hughesdaughertyandgreen.example.com,2026-07-24 11:41:37,Sales email (Jordan Ellis): sent,ACME-A004759
shane.kent@peterswilson.example.com,2026-07-24 13:11:18,Sales email (Jordan Ellis): sent,ACME-A004760
laura.smith@newtonsnyder.example.com,2026-07-24 13:14:15,Sales email (Sofia Alvarez): bounced,ACME-A004761
emily.chambers@mccarthyinc.example.com,2026-07-24 14:43:34,Sales email (Sofia Alvarez): replied,ACME-A004764
stephen.johnson@whitneymatthews.example.com,2026-07-24 15:12:16,Sales email (Jordan Ellis): sent,ACME-A004767
peter.harrison@cisnerosclarkandlopez.example.com,2026-07-24 15:33:52,Sales email (Owen Brooks): replied,ACME-A004768
stacey.moran@mckenziegibbs.example.com,2026-07-24 16:26:02,Sales email (Sofia Alvarez): sent,ACME-A004771
jason.smith@evansdawson.example.com,2026-07-24 18:38:48,Sales email (Dana Whitfield): bounced,ACME-A004779
joanna.vasquez@wagnerllc.example.com,2026-07-24 19:53:21,Sales email (Dana Whitfield): sent,ACME-A004780
dana.ryan@campbellnolan.example.com,2026-07-24 20:01:16,Sales email (Owen Brooks): bounced,ACME-A004781
lisa.garrison@wrightltd.example.com,2026-07-24 20:05:17,Sales email (Sofia Alvarez): sent,ACME-A004782
nicole.adams@mendozahoodanddavis.example.com,2026-07-24 20:15:58,Sales email (Sofia Alvarez): sent,ACME-A004783
sean.jackson@romeropeters.example.com,2026-07-24 21:04:18,Sales email (Grace Kim): bounced,ACME-A004786
dana.ryan@campbellnolan.example.com,2026-07-24 23:16:33,Sales email (Owen Brooks): replied,ACME-A004788
kathy.dixon@johnsonirwin.example.com,2026-07-25 00:28:15,Sales email (Dana Whitfield): bounced,ACME-A004790
matthew.pineda@prattinc.example.com,2026-07-25 00:35:12,Sales email (Sofia Alvarez): replied,ACME-A004791
peggy.hart@davisllc.example.com,2026-07-25 02:56:09,Sales email (Dana Whitfield): sent,ACME-A004793
taylor.williams@millersimmonsandandrews.example.com,2026-07-25 04:25:53,Sales email (Priya Raman): sent,ACME-A004797
jeffrey.barrett@sparksmartinezandrodrigu.example.com,2026-07-25 04:26:35,Sales email (Owen Brooks): sent,ACME-A004798
ashley.wilcox@nguyenllc.example.com,2026-07-25 05:46:19,Sales email (Priya Raman): sent,ACME-A004800
jacqueline.stanley@chavezallenandmcdonald.example.com,2026-07-25 06:33:23,Sales email (Jordan Ellis): sent,ACME-A004803
jeffrey.levy@wagnerpriceandwhitaker.example.com,2026-07-25 07:30:16,Sales email (Dana Whitfield): sent,ACME-A004804
robyn.vaughan@snyderllc.example.com,2026-07-25 08:56:26,Sales email (Marcus Lee): sent,ACME-A004805
kathleen.daniels@rodriguezschwartzandmcfa.example.com,2026-07-25 09:29:29,Sales email (Jordan Ellis): sent,ACME-A004806
donald.thomas@ramirezfoxandmendoza.example.com,2026-07-25 09:39:25,Sales email (Priya Raman): replied,ACME-A004807
danny.anderson@barrdavis.example.com,2026-07-25 10:07:31,Sales email (Acme Round Robin): sent,ACME-A004809
aaron.quinn@nortonmorris.example.com,2026-07-25 12:53:36,Sales email (Owen Brooks): sent,ACME-A004811
debbie.price@chasejonesandtapia.example.com,2026-07-25 14:01:06,Sales email (Sofia Alvarez): replied,ACME-A004813
robyn.vaughan@snyderllc.example.com,2026-07-25 14:24:10,Sales email (Marcus Lee): sent,ACME-A004815
carol.merritt@robertsdavis.example.com,2026-07-25 14:48:06,Sales email (Dana Whitfield): sent,ACME-A004816
james.gardner@woodskentandevans.example.com,2026-07-25 14:55:09,Sales email (Dana Whitfield): sent,ACME-A004817
michael.wilcox@leereed.example.com,2026-07-25 18:32:02,Sales email (Owen Brooks): sent,ACME-A004821
mary.turner@rioscrawfordandsanders.example.com,2026-07-25 19:20:19,Sales email (Marcus Lee): sent,ACME-A004822
carol.merritt@robertsdavis.example.com,2026-07-25 20:52:10,Sales email (Dana Whitfield): bounced,ACME-A004823
peter.harrison@cisnerosclarkandlopez.example.com,2026-07-25 21:31:06,Sales email (Owen Brooks): sent,ACME-A004825
kathryn.greene@shannonbryan.example.com,2026-07-25 22:34:30,Sales email (Jordan Ellis): sent,ACME-A004827
terri.houston@johnsongroup.example.com,2026-07-25 22:57:59,Sales email (Marcus Lee): sent,ACME-A004829
zachary.williams@frostinc.example.com,2026-07-26 08:59:00,Sales email (Marcus Lee): sent,ACME-A004837
tammy.suarez@garnerltd.example.com,2026-07-26 13:58:05,Sales email (Jordan Ellis): sent,ACME-A004840
erica.gutierrez@farrellmiller.example.com,2026-07-26 14:42:41,Sales email (Owen Brooks): replied,ACME-A004842
dennis.lamb@romeropetersandshepard.example.com,2026-07-26 15:48:57,Sales email (Dana Whitfield): bounced,ACME-A004843
carol.merritt@robertsdavis.example.com,2026-07-26 19:59:48,Sales email (Dana Whitfield): sent,ACME-A004844
amanda.pittman@riosromero.example.com,2026-07-26 20:15:08,Sales email (Marcus Lee): sent,ACME-A004845
rebecca.gardner@cooperltd.example.com,2026-07-26 21:34:45,Sales email (Jordan Ellis): sent,ACME-A004849
kelly.farrell@charlesmitchellandrodrig.example.com,2026-07-27 00:00:20,Sales email (Sofia Alvarez): replied,ACME-A004852
glenn.vaughn@robinsonmiles.example.com,2026-07-27 00:49:24,Sales email (Owen Brooks): sent,ACME-A004853
laurie.hodges@armstrongsaundersandwrig.example.com,2026-07-27 01:59:20,Sales email (Priya Raman): bounced,ACME-A004856
willie.acosta@lopezrogers.example.com,2026-07-27 08:07:32,Sales email (Sofia Alvarez): sent,ACME-A004866
kyle.hickman@hallbradleyandhayden.example.com,2026-07-27 13:45:07,Sales email (Dana Whitfield): bounced,ACME-A004874
margaret.ellison@fischerbush.example.com,2026-07-27 13:55:09,Sales email (Dana Whitfield): replied,ACME-A004875
laurie.hodges@armstrongsaundersandwrig.example.com,2026-07-27 16:31:29,Sales email (Priya Raman): sent,ACME-A004881
matthew.thomas@fordpatrick.example.com,2026-07-27 19:19:32,Sales email (Sofia Alvarez): sent,ACME-A004887
samantha.lewis@hollc.example.com,2026-07-27 20:03:35,Sales email (Priya Raman): sent,ACME-A004888
jason.smith@evansdawson.example.com,2026-07-28 01:51:38,Sales email (Dana Whitfield): sent,ACME-A004892
karen.clark@warrenltd.example.com,2026-07-28 02:44:50,Sales email (Dana Whitfield): sent,ACME-A004893
richard.wilson@ramirezgonzalez.example.com,2026-07-28 04:27:36,Sales email (Marcus Lee): sent,ACME-A004894
andrew.wise@mitchellllc.example.com,2026-07-28 06:14:43,Sales email (Marcus Lee): sent,ACME-A004899
hannah.martin@hillandsons.example.com,2026-07-28 06:22:36,Sales email (Jordan Ellis): sent,ACME-A004900
jessica.decker@cruzarcherandmyers.example.com,2026-07-28 08:37:54,Sales email (Grace Kim): replied,ACME-A004902
jessica.decker@cruzarcherandmyers.example.com,2026-07-28 09:45:58,Sales email (Grace Kim): sent,ACME-A004905
michael.harvey@gutierrezchoi.example.com,2026-07-28 10:04:06,Sales email (Grace Kim): sent,ACME-A004906
john.pham@jonesllc.example.com,2026-07-28 12:29:56,Sales email (Jordan Ellis): sent,ACME-A004911
elizabeth.davis@martinezshah.example.com,2026-07-28 13:34:04,Sales email (Grace Kim): replied,ACME-A004914
ashley.rosario@carrillorodriguezandbear.example.com,2026-07-28 16:41:31,Sales email (Marcus Lee): sent,ACME-A004921
alice.vincent@leachinc.example.com,2026-07-28 21:09:01,Sales email (Owen Brooks): sent,ACME-A004927
jessica.thomas@frenchplc.example.com,2026-07-28 21:10:10,Sales email (Jordan Ellis): sent,ACME-A004928
jeremy.nguyen@thompsonandsons.example.com,2026-07-28 21:22:48,Sales email (Priya Raman): replied,ACME-A004929
rebecca.valdez@bellwilliamsandforbes.example.com,2026-07-29 00:07:43,Sales email (Sofia Alvarez): sent,ACME-A004935
sharon.potts@morenollc.example.com,2026-07-29 03:28:38,Sales email (Marcus Lee): replied,ACME-A004940
olivia.chan@vazquezhowellandbrown.example.com,2026-07-29 03:33:06,Sales email (Dana Whitfield): sent,ACME-A004941
dustin.wade@williamsdavisandlucas.example.com,2026-07-29 04:03:42,Sales email (Priya Raman): sent,ACME-A004942
jason.smith@evansdawson.example.com,2026-07-29 04:05:27,Sales email (Dana Whitfield): sent,ACME-A004943
savannah.fisher@mejiaandsons.example.com,2026-07-29 04:44:01,Sales email (Marcus Lee): sent,ACME-A004944
hannah.martin@hillandsons.example.com,2026-07-29 04:59:42,Sales email (Jordan Ellis): sent,ACME-A004945
martha.moore@pearsonwilliamsandjones.example.com,2026-07-29 05:13:26,Sales email (Owen Brooks): sent,ACME-A004946
laura.willis@millermartinez.example.com,2026-07-29 06:18:34,Sales email (Jordan Ellis): sent,ACME-A004947
melissa.carroll@andersoncollins.example.com,2026-07-29 07:38:26,Sales email (Grace Kim): sent,ACME-A004948
alexander.weber@evansinc.example.com,2026-07-29 07:59:23,Sales email (Priya Raman): sent,ACME-A004949
tyler.mason@shieldshortonandwilliams.example.com,2026-07-29 09:46:38,Sales email (Dana Whitfield): replied,ACME-A004951
erik.taylor@mitchellinc.example.com,2026-07-29 10:27:31,Sales email (Dana Whitfield): sent,ACME-A004952
john.brooks@brownplc.example.com,2026-07-29 10:50:23,Sales email (Priya Raman): bounced,ACME-A004954
daniel.williamson@williamsgroup.example.com,2026-07-29 10:58:32,Sales email (Priya Raman): replied,ACME-A004955
ellen.ross@berrymoss.example.com,2026-07-29 11:04:38,Sales email (Marcus Lee): sent,ACME-A004956
george.wallace@andersonwalker.example.com,2026-07-29 11:23:00,Sales email (Owen Brooks): sent,ACME-A004958
brandon.douglas@nolanltd.example.com,2026-07-29 11:28:00,Sales email (Priya Raman): sent,ACME-A004959
robert.wise@barkerplc.example.com,2026-07-29 11:42:39,Sales email (Grace Kim): sent,ACME-A004960
nathan.bowman@chavezinc.example.com,2026-07-29 12:01:59,Sales email (Priya Raman): sent,ACME-A004963
christine.graham@russogilbert.example.com,2026-07-29 12:11:45,Sales email (Priya Raman): replied,ACME-A004964
robyn.vaughan@snyderllc.example.com,2026-07-29 15:07:42,Sales email (Marcus Lee): sent,ACME-A004967
stacey.long@belljohnsonandbrown.example.com,2026-07-29 15:59:16,Sales email (Dana Whitfield): sent,ACME-A004970
nathan.bowman@chavezinc.example.com,2026-07-29 16:33:32,Sales email (Priya Raman): replied,ACME-A004971
jo.berry@parkerllc.example.com,2026-07-29 21:58:49,Sales email (Dana Whitfield): sent,ACME-A004981
helen.harris@martinezgreer.example.com,2026-07-30 00:21:43,Sales email (Priya Raman): sent,ACME-A004982
rhonda.hamilton@wolfanthonyandtaylor.example.com,2026-07-30 01:48:07,Sales email (Marcus Lee): sent,ACME-A004989
ethan.phillips@parkerryan.example.com,2026-07-30 06:17:53,Sales email (Acme Round Robin): sent,ACME-A004994
nancy.carter@bergandrews.example.com,2026-07-30 12:18:51,Sales email (Priya Raman): bounced,ACME-A005001
kenneth.gray@evanswilliamsonandbaker.example.com,2026-07-30 12:31:02,Sales email (Jordan Ellis): sent,ACME-A005002
edward.morales@underwoodinc.example.com,2026-07-30 12:40:38,Sales email (Marcus Lee): sent,ACME-A005003
anna.hurst@coxhutchinson.example.com,2026-07-30 13:02:10,Sales email (Sofia Alvarez): sent,ACME-A005004
michael.miller@terryandsons.example.com,2026-07-30 14:35:32,Sales email (Dana Whitfield): sent,ACME-A005005
julie.baker@owengriffith.example.com,2026-07-30 16:08:52,Sales email (Grace Kim): sent,ACME-A005006
valerie.nguyen@garciaplc.example.com,2026-07-30 16:09:16,Sales email (Marcus Lee): sent,ACME-A005007
janet.smith@calhounandsons.example.com,2026-07-30 16:27:57,Sales email (Grace Kim): sent,ACME-A005009
carl.wright@goodriddleandtorres.example.com,2026-07-30 16:43:49,Sales email (Priya Raman): sent,ACME-A005010
tracy.lewis@hubersanchez.example.com,2026-07-30 17:32:47,Sales email (Priya Raman): replied,ACME-A005011
jeffrey.anderson@wilkinsondavisandmacias.example.com,2026-07-30 17:44:03,Sales email (Dana Whitfield): sent,ACME-A005012
christopher.padilla@mayervasquez.example.com,2026-07-30 19:59:32,Sales email (Dana Whitfield): sent,ACME-A005015
ashley.rosario@carrillorodriguezandbear.example.com,2026-07-30 22:05:53,Sales email (Marcus Lee): sent,ACME-A005017
bryan.lambert@jonesthomas.example.com,2026-07-30 22:08:58,Sales email (Jordan Ellis): sent,ACME-A005018
jenny.gutierrez@reedsmithandmiller.example.com,2026-07-30 23:53:16,Sales email (Dana Whitfield): bounced,ACME-A005019
amanda.pittman@riosromero.example.com,2026-07-31 01:35:27,Sales email (Marcus Lee): sent,ACME-A005022
bryan.lambert@jonesthomas.example.com,2026-07-31 01:55:57,Sales email (Jordan Ellis): sent,ACME-A005023
wesley.cross@pearsonmooreandgood.example.com,2026-07-31 09:44:06,Sales email (Dana Whitfield): replied,ACME-A005034
julia.gonzalez@jonesolson.example.com,2026-07-31 11:55:28,Sales email (Jordan Ellis): sent,ACME-A005037
jose.moss@moralesllc.example.com,2026-07-31 13:00:15,Sales email (Jordan Ellis): sent,ACME-A005039
kyle.frederick@mooreinc.example.com,2026-07-31 13:05:58,Sales email (Jordan Ellis): replied,ACME-A005040
rebecca.gardner@cooperltd.example.com,2026-07-31 14:10:35,Sales email (Jordan Ellis): sent,ACME-A005041
ryan.moore@buchananthomasandkramer.example.com,2026-07-31 14:31:34,Sales email (Marcus Lee): bounced,ACME-A005042
edwin.woods@morenoltd.example.com,2026-07-31 15:27:19,Sales email (Dana Whitfield): sent,ACME-A005044
bryan.murphy@mcknightbrown.example.com,2026-07-31 16:03:34,Sales email (Marcus Lee): sent,ACME-A005046
terri.robinson@russowilsonandwright.example.com,2026-07-31 17:37:32,Sales email (Priya Raman): sent,ACME-A005047
jennifer.little@huertahammondandryan.example.com,2026-07-31 17:52:57,Sales email (Marcus Lee): replied,ACME-A005049
jacob.crawford@ellisriddleandstuart.example.com,2026-07-31 20:46:54,Sales email (Priya Raman): sent,ACME-A005054
andre.anderson@sandersgroup.example.com,2026-07-31 23:48:46,Sales email (Dana Whitfield): sent,ACME-A005061
adam.gonzalez@mirandathompsonandwood.example.com,2026-07-31 23:56:39,Sales email (Jordan Ellis): replied,ACME-A005062
linda.anderson@durhamcastro.example.com,2026-08-01 00:18:37,Sales email (Jordan Ellis): sent,ACME-A005064
taylor.williams@millersimmonsandandrews.example.com,2026-08-01 01:04:20,Sales email (Priya Raman): sent,ACME-A005066
janet.smith@calhounandsons.example.com,2026-08-01 01:30:38,Sales email (Grace Kim): sent,ACME-A005067
carol.diaz@kleininc.example.com,2026-08-01 01:51:56,Sales email (Dana Whitfield): sent,ACME-A005070
drew.fleming@davenportgroup.example.com,2026-08-01 06:01:29,Sales email (Jordan Ellis): sent,ACME-A005071
michael.hill@hensleywolfandpeters.example.com,2026-08-01 06:59:05,Sales email (Sofia Alvarez): sent,ACME-A005074
debbie.price@chasejonesandtapia.example.com,2026-08-01 09:16:32,Sales email (Sofia Alvarez): replied,ACME-A005076
jeffery.vargas@tannerdouglasandmiller.example.com,2026-08-01 09:26:39,Sales email (Jordan Ellis): sent,ACME-A005078
sara.peterson@austinwest.example.com,2026-08-01 11:15:12,Sales email (Jordan Ellis): sent,ACME-A005079
ryan.martin@garzacareyandpierce.example.com,2026-08-01 11:39:18,Sales email (Jordan Ellis): sent,ACME-A005081
audrey.montgomery@saundersllc.example.com,2026-08-01 12:18:01,Sales email (Owen Brooks): sent,ACME-A005082
martha.collins@grimesandsons.example.com,2026-08-01 13:53:57,Sales email (Marcus Lee): replied,ACME-A005086
amanda.pierce@masonplc.example.com,2026-08-01 15:50:00,Sales email (Marcus Lee): replied,ACME-A005087
karen.clark@warrenltd.example.com,2026-08-01 15:58:25,Sales email (Dana Whitfield): sent,ACME-A005088
jenna.mcgrath@whitakerplc.example.com,2026-08-01 17:48:46,Sales email (Marcus Lee): sent,ACME-A005090
anna.hurst@coxhutchinson.example.com,2026-08-01 19:53:23,Sales email (Sofia Alvarez): sent,ACME-A005093
carl.wright@goodriddleandtorres.example.com,2026-08-01 22:20:28,Sales email (Priya Raman): sent,ACME-A005095
terri.robinson@russowilsonandwright.example.com,2026-08-01 22:35:56,Sales email (Priya Raman): bounced,ACME-A005098
brian.ryan@myersmillsandpatton.example.com,2026-08-01 23:49:43,Sales email (Dana Whitfield): replied,ACME-A005100
daniel.rogers@riosinc.example.com,2026-08-02 00:50:16,Sales email (Priya Raman): replied,ACME-A005101
brian.nelson@schwartzburton.example.com,2026-08-02 02:32:39,Sales email (Dana Whitfield): sent,ACME-A005104
amanda.pittman@riosromero.example.com,2026-08-02 02:58:32,Sales email (Marcus Lee): sent,ACME-A005105
sarah.lopez@johnsonandsons.example.com,2026-08-02 03:18:16,Sales email (Priya Raman): sent,ACME-A005106
elizabeth.davis@martinezshah.example.com,2026-08-02 03:38:09,Sales email (Grace Kim): sent,ACME-A005108
joshua.jones@mathisltd.example.com,2026-08-02 05:58:33,Sales email (Jordan Ellis): replied,ACME-A005112
tanya.king@whitebradley.example.com,2026-08-02 06:14:34,Sales email (Sofia Alvarez): sent,ACME-A005114
rebecca.valdez@bellwilliamsandforbes.example.com,2026-08-02 07:35:59,Sales email (Sofia Alvarez): replied,ACME-A005116
terri.houston@johnsongroup.example.com,2026-08-02 10:15:44,Sales email (Marcus Lee): sent,ACME-A005119
brandi.jones@johnsonrosarioandferguso.example.com,2026-08-02 10:58:40,Sales email (Marcus Lee): sent,ACME-A005120
ruth.miller@taylorandsons.example.com,2026-08-02 11:19:59,Sales email (Marcus Lee): sent,ACME-A005121
brianna.ortega@dunnandsons.example.com,2026-08-02 11:27:00,Sales email (Marcus Lee): sent,ACME-A005122
rebecca.gardner@cooperltd.example.com,2026-08-02 12:08:10,Sales email (Jordan Ellis): sent,ACME-A005123
sean.jackson@romeropeters.example.com,2026-08-02 15:40:17,Sales email (Grace Kim): sent,ACME-A005126
meagan.johnson@maddoxjonesandjacobs.example.com,2026-08-02 15:50:37,Sales email (Priya Raman): sent,ACME-A005127
heather.wells@larallc.example.com,2026-08-02 17:43:34,Sales email (Marcus Lee): sent,ACME-A005129
charles.allen@davishoffmanandsnyder.example.com,2026-08-02 19:14:54,Sales email (Marcus Lee): sent,ACME-A005131
carol.diaz@kleininc.example.com,2026-08-02 19:28:19,Sales email (Dana Whitfield): sent,ACME-A005132
nicole.adams@mendozahoodanddavis.example.com,2026-08-02 19:33:46,Sales email (Sofia Alvarez): replied,ACME-A005133
becky.blair@colesnow.example.com,2026-08-02 21:06:19,Sales email (Owen Brooks): sent,ACME-A005137
mary.howell@carterreynolds.example.com,2026-08-02 21:08:10,Sales email (Sofia Alvarez): sent,ACME-A005138
charles.williams@hendersonwoodandblack.example.com,2026-08-02 23:18:08,Sales email (Owen Brooks): sent,ACME-A005140
martha.klein@hayesmatthewsandmoore.example.com,2026-08-02 23:23:07,Sales email (Dana Whitfield): sent,ACME-A005141
tyler.mason@shieldshortonandwilliams.example.com,2026-08-03 04:13:34,Sales email (Dana Whitfield): sent,ACME-A005147
robert.adams@burnsgroup.example.com,2026-08-03 04:46:25,Sales email (Jordan Ellis): sent,ACME-A005148
kyle.frederick@mooreinc.example.com,2026-08-03 05:37:26,Sales email (Jordan Ellis): sent,ACME-A005151
catherine.white@garnergilbertandblankens.example.com,2026-08-03 06:58:37,Sales email (Acme Round Robin): replied,ACME-A005154
david.holloway@hallmartinezandduncan.example.com,2026-08-03 07:58:22,Sales email (Priya Raman): sent,ACME-A005155
crystal.johnson@hurleywrightandjones.example.com,2026-08-03 08:24:47,Sales email (Jordan Ellis): sent,ACME-A005157
adam.howard@westbowmanandlopez.example.com,2026-08-03 08:29:22,Sales email (Sofia Alvarez): sent,ACME-A005158
ian.miller@abbottinc.example.com,2026-08-03 09:19:58,Sales email (Priya Raman): sent,ACME-A005161
linda.gonzales@chaseperezandshields.example.com,2026-08-03 13:09:13,Sales email (Dana Whitfield): sent,ACME-A005168
erin.petersen@mendozasilvaandclark.example.com,2026-08-03 14:43:19,Sales email (Sofia Alvarez): sent,ACME-A005169
heather.marshall@jensenduke.example.com,2026-08-03 17:58:55,Sales email (Dana Whitfield): sent,ACME-A005175
latoya.gill@linmartinez.example.com,2026-08-03 18:04:17,Sales email (Sofia Alvarez): sent,ACME-A005176
laura.lyons@cookcordova.example.com,2026-08-03 18:43:06,Sales email (Jordan Ellis): sent,ACME-A005177
ashley.gonzales@wagnercastroandtorres.example.com,2026-08-03 18:44:58,Sales email (Dana Whitfield): sent,ACME-A005178
samantha.nixon@leefosterandlandry.example.com,2026-08-03 20:48:50,Sales email (Jordan Ellis): sent,ACME-A005181
patrick.stevens@turnerbutler.example.com,2026-08-03 22:48:33,Sales email (Dana Whitfield): sent,ACME-A005185
barbara.ramirez@rossplc.example.com,2026-08-04 00:45:37,Sales email (Owen Brooks): replied,ACME-A005189
veronica.rodriguez@bowmaninc.example.com,2026-08-04 00:49:46,Sales email (Dana Whitfield): sent,ACME-A005190
latoya.gill@linmartinez.example.com,2026-08-04 00:53:18,Sales email (Sofia Alvarez): sent,ACME-A005191
angela.fisher@kennedyshepardandmyers.example.com,2026-08-04 01:50:27,Sales email (Grace Kim): sent,ACME-A005193
rebecca.jones@smithmonroeandhancock.example.com,2026-08-04 01:57:11,Sales email (Priya Raman): sent,ACME-A005194
sandra.reed@mcconnellsnyderandlutz.example.com,2026-08-04 02:28:36,Sales email (Sofia Alvarez): sent,ACME-A005195
billy.perry@jonesinc.example.com,2026-08-04 05:59:01,Sales email (Jordan Ellis): sent,ACME-A005196
alexandra.perez@wrightllc.example.com,2026-08-04 06:12:40,Sales email (Dana Whitfield): replied,ACME-A005197
james.hood@santosmurphyandgeorge.example.com,2026-08-04 06:24:56,Sales email (Marcus Lee): sent,ACME-A005199
carl.wright@goodriddleandtorres.example.com,2026-08-04 08:17:20,Sales email (Priya Raman): sent,ACME-A005201
latoya.gill@linmartinez.example.com,2026-08-04 09:10:25,Sales email (Sofia Alvarez): sent,ACME-A005203
william.brown@shortllc.example.com,2026-08-04 09:24:36,Sales email (Grace Kim): sent,ACME-A005205
jessica.johnston@josephtaylor.example.com,2026-08-04 11:30:59,Sales email (Marcus Lee): sent,ACME-A005208
sarah.allen@swansonltd.example.com,2026-08-04 11:40:30,Sales email (Priya Raman): replied,ACME-A005209
helen.harris@martinezgreer.example.com,2026-08-04 15:15:28,Sales email (Priya Raman): sent,ACME-A005218
adam.robertson@briggsadamsandmiller.example.com,2026-08-04 15:23:01,Sales email (Dana Whitfield): sent,ACME-A005219
andrew.ortega@mcclainnguyen.example.com,2026-08-04 16:09:10,Sales email (Sofia Alvarez): replied,ACME-A005220
rachel.cox@vasquezandsons.example.com,2026-08-04 18:30:23,Sales email (Marcus Lee): sent,ACME-A005225
martha.collins@grimesandsons.example.com,2026-08-04 19:16:58,Sales email (Marcus Lee): sent,ACME-A005227
danielle.marquez@mooremoore.example.com,2026-08-04 20:46:01,Sales email (Jordan Ellis): sent,ACME-A005233
ashley.mitchell@mitchellholt.example.com,2026-08-04 20:59:32,Sales email (Jordan Ellis): sent,ACME-A005235
lisa.hamilton@clarkandsons.example.com,2026-08-04 21:56:33,Sales email (Dana Whitfield): bounced,ACME-A005237
michael.wheeler@mccarthyjohnson.example.com,2026-08-04 22:49:52,Sales email (Dana Whitfield): sent,ACME-A005238
william.brown@shortllc.example.com,2026-08-04 22:51:32,Sales email (Grace Kim): sent,ACME-A005239
jon.jacobs@nelsonnguyen.example.com,2026-08-04 23:00:22,Sales email (Sofia Alvarez): sent,ACME-A005240
henry.jones@watsonkeyandwilliams.example.com,2026-08-04 23:02:05,Sales email (Jordan Ellis): sent,ACME-A005241
kristin.robbins@mullinsgrayandwhite.example.com,2026-08-05 01:36:09,Sales email (Marcus Lee): sent,ACME-A005244
kathleen.daniels@rodriguezschwartzandmcfa.example.com,2026-08-05 01:48:06,Sales email (Jordan Ellis): replied,ACME-A005245
terri.robinson@russowilsonandwright.example.com,2026-08-05 03:39:35,Sales email (Priya Raman): replied,ACME-A005249
lindsay.castillo@clinewhiteandcurry.example.com,2026-08-05 03:42:33,Sales email (Sofia Alvarez): sent,ACME-A005250
joseph.davis@johnsongroup.example.com,2026-08-05 04:30:26,Sales email (Marcus Lee): replied,ACME-A005252
jorge.fisher@williamssantosandthomas.example.com,2026-08-05 04:41:41,Sales email (Jordan Ellis): bounced,ACME-A005254
pamela.turner@jordanllc.example.com,2026-08-05 05:17:14,Sales email (Acme Round Robin): sent,ACME-A005256
jessica.morgan@garciawillisanddavis.example.com,2026-08-05 05:40:13,Sales email (Marcus Lee): sent,ACME-A005257
nathan.meza@campbellcarterandlane.example.com,2026-08-05 05:54:37,Sales email (Marcus Lee): replied,ACME-A005259
amanda.pierce@masonplc.example.com,2026-08-05 06:07:03,Sales email (Marcus Lee): sent,ACME-A005260
terri.robinson@russowilsonandwright.example.com,2026-08-05 07:08:54,Sales email (Priya Raman): replied,ACME-A005263
john.wilkinson@williamstorres.example.com,2026-08-05 07:58:55,Sales email (Jordan Ellis): sent,ACME-A005264
samantha.le@alvaradoandsons.example.com,2026-08-05 09:34:31,Sales email (Marcus Lee): sent,ACME-A005266
renee.maldonado@marshalllinandfarmer.example.com,2026-08-05 10:33:34,Sales email (Dana Whitfield): sent,ACME-A005267
jennifer.dalton@wilkersontorres.example.com,2026-08-05 10:38:02,Sales email (Jordan Ellis): replied,ACME-A005268
richard.cortez@sanchezplc.example.com,2026-08-05 10:39:29,Sales email (Jordan Ellis): sent,ACME-A005269
brandon.warner@kanellc.example.com,2026-08-05 11:25:27,Sales email (Dana Whitfield): sent,ACME-A005271
jose.jackson@fishersmithandallen.example.com,2026-08-05 12:45:32,Sales email (Dana Whitfield): sent,ACME-A005274
catherine.white@garnergilbertandblankens.example.com,2026-08-05 12:48:52,Sales email (Acme Round Robin): sent,ACME-A005275
caitlin.briggs@murphyandsons.example.com,2026-08-05 13:07:03,Sales email (Marcus Lee): sent,ACME-A005276
douglas.wright@gutierrezandsons.example.com,2026-08-05 13:58:47,Sales email (Jordan Ellis): sent,ACME-A005279
suzanne.cook@crawfordgroup.example.com,2026-08-05 20:14:00,Sales email (Sofia Alvarez): sent,ACME-A005287
hayley.meadows@martincooper.example.com,2026-08-05 20:55:25,Sales email (Marcus Lee): replied,ACME-A005289
sandra.carr@chenwilliams.example.com,2026-08-05 21:13:58,Sales email (Priya Raman): sent,ACME-A005290
carol.webster@gonzalezjohns.example.com,2026-08-05 21:30:32,Sales email (Priya Raman): sent,ACME-A005291
robin.brown@yangsinghanddean.example.com,2026-08-05 23:11:17,Sales email (Dana Whitfield): sent,ACME-A005293
nathan.bowman@chavezinc.example.com,2026-08-06 03:06:19,Sales email (Priya Raman): replied,ACME-A005295
heather.rodriguez@clarkjones.example.com,2026-08-06 09:24:58,Sales email (Dana Whitfield): sent,ACME-A005303
robert.pham@comptonplc.example.com,2026-08-06 10:09:01,Sales email (Jordan Ellis): sent,ACME-A005305
joseph.young@marquezinc.example.com,2026-08-06 10:43:14,Sales email (Acme Round Robin): sent,ACME-A005306
matthew.hernandez@steelewatson.example.com,2026-08-06 11:39:45,Sales email (Dana Whitfield): replied,ACME-A005307
ruth.kemp@rogersdavid.example.com,2026-08-06 12:54:58,Sales email (Marcus Lee): sent,ACME-A005309
jacob.brown@masonltd.example.com,2026-08-06 13:11:19,Sales email (Dana Whitfield): sent,ACME-A005310
carol.webster@gonzalezjohns.example.com,2026-08-06 15:41:22,Sales email (Priya Raman): sent,ACME-A005313
maria.may@huynhcombsandrivera.example.com,2026-08-06 16:00:29,Sales email (Jordan Ellis): bounced,ACME-A005314
ronald.carson@chenmunoz.example.com,2026-08-06 16:27:12,Sales email (Marcus Lee): sent,ACME-A005316
leah.hall@harrislopezandtorres.example.com,2026-08-06 17:34:42,Sales email (Marcus Lee): sent,ACME-A005323
devon.clark@riddlesmithandmay.example.com,2026-08-06 17:40:37,Sales email (Sofia Alvarez): replied,ACME-A005324
robert.hicks@navarrobeckerandanderson.example.com,2026-08-06 17:53:14,Sales email (Sofia Alvarez): sent,ACME-A005325
heather.gonzales@ramosnorris.example.com,2026-08-06 18:25:48,Sales email (Jordan Ellis): sent,ACME-A005327
terri.robinson@russowilsonandwright.example.com,2026-08-06 20:06:56,Sales email (Priya Raman): sent,ACME-A005331
matthew.mendez@clarkrichandhoward.example.com,2026-08-06 20:57:40,Sales email (Dana Whitfield): replied,ACME-A005332
glenda.martin@gonzalezmolina.example.com,2026-08-07 03:20:14,Sales email (Marcus Lee): sent,ACME-A005339
james.golden@cardenaslandryandpeterso.example.com,2026-08-07 04:37:51,Sales email (Grace Kim): sent,ACME-A005342
john.wilkinson@williamstorres.example.com,2026-08-07 05:44:58,Sales email (Jordan Ellis): replied,ACME-A005344
melanie.garcia@millerltd.example.com,2026-08-07 06:11:31,Sales email (Priya Raman): replied,ACME-A005345
crystal.taylor@joneswalkerandmartinez.example.com,2026-08-07 08:00:30,Sales email (Dana Whitfield): sent,ACME-A005351
bill.becker@riosbenjaminandbest.example.com,2026-08-07 12:46:13,Sales email (Marcus Lee): sent,ACME-A005358
thomas.hernandez@alexanderjones.example.com,2026-08-07 12:46:38,Sales email (Marcus Lee): replied,ACME-A005359
allison.reed@estradawestandduncan.example.com,2026-08-07 13:37:58,Sales email (Owen Brooks): sent,ACME-A005361
laurie.munoz@figueroalopez.example.com,2026-08-07 15:04:46,Sales email (Grace Kim): replied,ACME-A005364
kathleen.daniels@rodriguezschwartzandmcfa.example.com,2026-08-07 15:24:05,Sales email (Jordan Ellis): sent,ACME-A005365
karla.phillips@lowecarter.example.com,2026-08-07 16:11:46,Sales email (Marcus Lee): sent,ACME-A005366
veronica.rodriguez@bowmaninc.example.com,2026-08-07 18:24:47,Sales email (Dana Whitfield): sent,ACME-A005368
selena.noble@hallllc.example.com,2026-08-07 18:36:28,Sales email (Owen Brooks): sent,ACME-A005369
joanna.roberts@smithllc.example.com,2026-08-07 18:51:09,Sales email (Dana Whitfield): sent,ACME-A005370
david.robertson@espinozaperez.example.com,2026-08-07 21:12:06,Sales email (Jordan Ellis): replied,ACME-A005374
tracy.lewis@hubersanchez.example.com,2026-08-07 21:56:46,Sales email (Priya Raman): sent,ACME-A005375
joseph.young@marquezinc.example.com,2026-08-07 22:06:22,Sales email (Acme Round Robin): replied,ACME-A005377
samantha.le@alvaradoandsons.example.com,2026-08-07 22:10:48,Sales email (Marcus Lee): replied,ACME-A005378
richard.brock@bennettplc.example.com,2026-08-07 22:32:12,Sales email (Dana Whitfield): sent,ACME-A005379
timothy.vasquez@ricerichardsandwade.example.com,2026-08-07 22:33:23,Sales email (Priya Raman): sent,ACME-A005380
jacob.webb@poolealexander.example.com,2026-08-08 01:10:20,Sales email (Priya Raman): sent,ACME-A005386
jeffrey.simmons@parrishmiller.example.com,2026-08-08 02:44:02,Sales email (Grace Kim): sent,ACME-A005389
valerie.nguyen@garciaplc.example.com,2026-08-08 03:28:02,Sales email (Marcus Lee): sent,ACME-A005391
joseph.young@marquezinc.example.com,2026-08-08 05:36:28,Sales email (Acme Round Robin): sent,ACME-A005392
daniel.rogers@riosinc.example.com,2026-08-08 06:04:45,Sales email (Priya Raman): sent,ACME-A005393
jenna.mcgrath@whitakerplc.example.com,2026-08-08 06:34:53,Sales email (Marcus Lee): replied,ACME-A005394
jennifer.mcdonald@camposwilliams.example.com,2026-08-08 07:22:24,Sales email (Priya Raman): sent,ACME-A005398
melissa.daniels@huynhbuck.example.com,2026-08-08 07:35:08,Sales email (Priya Raman): sent,ACME-A005400
jeffrey.alvarado@ramossutton.example.com,2026-08-08 08:05:37,Sales email (Jordan Ellis): replied,ACME-A005402
michael.wheeler@mccarthyjohnson.example.com,2026-08-08 10:35:07,Sales email (Dana Whitfield): sent,ACME-A005406
jennifer.lee@gordongroup.example.com,2026-08-08 12:18:13,Sales email (Marcus Lee): replied,ACME-A005407
angela.smith@beardmossandadams.example.com,2026-08-08 16:06:08,Sales email (Dana Whitfield): replied,ACME-A005412
brittany.garrett@lovegroup.example.com,2026-08-08 16:42:48,Sales email (Grace Kim): sent,ACME-A005413
brittany.garrett@lovegroup.example.com,2026-08-08 17:16:31,Sales email (Grace Kim): sent,ACME-A005416
katherine.gonzalez@vancegroup.example.com,2026-08-08 17:28:49,Sales email (Dana Whitfield): replied,ACME-A005417
jacob.webb@poolealexander.example.com,2026-08-08 17:52:16,Sales email (Priya Raman): replied,ACME-A005418
brittany.warren@figueroasalinasanddaniel.example.com,2026-08-08 20:57:29,Sales email (Sofia Alvarez): sent,ACME-A005420
janice.stewart@johnsondaltonandarmstron.example.com,2026-08-09 00:13:46,Sales email (Dana Whitfield): sent,ACME-A005425
michael.phillips@smithllc.example.com,2026-08-09 00:47:07,Sales email (Dana Whitfield): sent,ACME-A005427
manuel.kennedy@littlewhiteandperkins.example.com,2026-08-09 02:18:12,Sales email (Dana Whitfield): replied,ACME-A005429
crystal.taylor@joneswalkerandmartinez.example.com,2026-08-09 04:30:31,Sales email (Dana Whitfield): sent,ACME-A005430
ryan.moore@buchananthomasandkramer.example.com,2026-08-09 04:56:18,Sales email (Marcus Lee): sent,ACME-A005431
william.brown@shortllc.example.com,2026-08-09 04:58:15,Sales email (Grace Kim): sent,ACME-A005432
annette.castro@brookscross.example.com,2026-08-09 08:46:02,Sales email (Dana Whitfield): sent,ACME-A005439
andrew.king@brownmathis.example.com,2026-08-09 09:09:26,Sales email (Jordan Ellis): replied,ACME-A005440
joanna.roberts@smithllc.example.com,2026-08-09 09:53:19,Sales email (Dana Whitfield): bounced,ACME-A005441
steve.hill@nguyenbatesandmckinney.example.com,2026-08-09 12:39:23,Sales email (Jordan Ellis): replied,ACME-A005443
john.jacobs@johnsoninc.example.com,2026-08-09 13:43:54,Sales email (Dana Whitfield): sent,ACME-A005444
jenna.mcgrath@whitakerplc.example.com,2026-08-09 16:28:21,Sales email (Marcus Lee): sent,ACME-A005446
michael.harvey@gutierrezchoi.example.com,2026-08-09 18:03:46,Sales email (Grace Kim): sent,ACME-A005447
tammy.suarez@garnerltd.example.com,2026-08-09 18:58:52,Sales email (Jordan Ellis): sent,ACME-A005449
george.wallace@andersonwalker.example.com,2026-08-09 19:20:03,Sales email (Owen Brooks): bounced,ACME-A005450
jerry.williams@summersmeyersandmelendez.example.com,2026-08-09 19:31:36,Sales email (Grace Kim): sent,ACME-A005451
henry.jones@watsonkeyandwilliams.example.com,2026-08-09 20:09:09,Sales email (Jordan Ellis): sent,ACME-A005453
christopher.porter@sawyerandsons.example.com,2026-08-09 23:29:18,Sales email (Marcus Lee): sent,ACME-A005457
tracy.lewis@hubersanchez.example.com,2026-08-10 00:24:42,Sales email (Priya Raman): sent,ACME-A005460
brittany.garrett@lovegroup.example.com,2026-08-10 00:42:50,Sales email (Grace Kim): replied,ACME-A005461
danielle.marquez@mooremoore.example.com,2026-08-10 01:48:08,Sales email (Jordan Ellis): sent,ACME-A005462
kimberly.schmitt@woodsgilbert.example.com,2026-08-10 05:50:18,Sales email (Grace Kim): replied,ACME-A005467
robin.brown@yangsinghanddean.example.com,2026-08-10 07:18:44,Sales email (Dana Whitfield): replied,ACME-A005470
stephanie.simpson@holmesryan.example.com,2026-08-10 07:58:30,Sales email (Dana Whitfield): sent,ACME-A005472
james.golden@cardenaslandryandpeterso.example.com,2026-08-10 08:56:32,Sales email (Grace Kim): sent,ACME-A005473
tina.miller@wellsmorris.example.com,2026-08-10 09:32:02,Sales email (Sofia Alvarez): sent,ACME-A005474
erin.cooper@rosscastilloandpatterson.example.com,2026-08-10 12:29:00,Sales email (Grace Kim): sent,ACME-A005477
brian.fritz@christiandanielsandmoody.example.com,2026-08-10 12:50:10,Sales email (Sofia Alvarez): sent,ACME-A005478
emily.murray@morganjohnsandwalker.example.com,2026-08-10 14:32:36,Sales email (Jordan Ellis): sent,ACME-A005482
jacqueline.guerra@johnsonltd.example.com,2026-08-10 15:09:00,Sales email (Priya Raman): sent,ACME-A005485
jean.wood@williamshamiltonandhall.example.com,2026-08-10 17:07:59,Sales email (Owen Brooks): replied,ACME-A005486
richard.stanton@traviscruz.example.com,2026-08-10 17:27:05,Sales email (Jordan Ellis): sent,ACME-A005488
randy.jennings@mcintyremcdonald.example.com,2026-08-10 17:58:33,Sales email (Priya Raman): sent,ACME-A005489
elizabeth.foster@holtmiller.example.com,2026-08-10 18:19:04,Sales email (Marcus Lee): sent,ACME-A005490
robert.silva@rodriguezmcintosh.example.com,2026-08-10 18:50:00,Sales email (Priya Raman): replied,ACME-A005491
joseph.davis@johnsongroup.example.com,2026-08-10 20:31:06,Sales email (Marcus Lee): replied,ACME-A005493
chad.banks@robinsonandsons.example.com,2026-08-10 20:46:50,Sales email (Jordan Ellis): replied,ACME-A005496
steve.hill@nguyenbatesandmckinney.example.com,2026-08-10 21:30:31,Sales email (Jordan Ellis): sent,ACME-A005499
nicholas.chambers@taylorcarlson.example.com,2026-08-10 21:40:02,Sales email (Grace Kim): replied,ACME-A005500
christopher.lara@coopernguyen.example.com,2026-08-10 22:51:58,Sales email (Jordan Ellis): bounced,ACME-A005501
alexandra.sanchez@rowejohnsonandlarsen.example.com,2026-08-11 00:58:15,Sales email (Sofia Alvarez): sent,ACME-A005503
timothy.bailey@hendersonphillips.example.com,2026-08-11 02:31:38,Sales email (Jordan Ellis): sent,ACME-A005504
samuel.sparks@smithltd.example.com,2026-08-11 02:33:39,Sales email (Marcus Lee): sent,ACME-A005505
erica.george@bullockltd.example.com,2026-08-11 02:36:55,Sales email (Grace Kim): sent,ACME-A005506
nathan.bowman@chavezinc.example.com,2026-08-11 03:48:07,Sales email (Priya Raman): sent,ACME-A005507
katherine.gonzalez@vancegroup.example.com,2026-08-11 06:38:12,Sales email (Dana Whitfield): sent,ACME-A005512
kathryn.butler@schultzandsons.example.com,2026-08-11 09:10:52,Sales email (Acme Round Robin): sent,ACME-A005515
katherine.gonzalez@vancegroup.example.com,2026-08-11 09:41:31,Sales email (Dana Whitfield): sent,ACME-A005517
michelle.keith@scottplc.example.com,2026-08-11 11:10:44,Sales email (Priya Raman): sent,ACME-A005518
alison.kelly@schmidthughesandsmith.example.com,2026-08-11 12:04:54,Sales email (Dana Whitfield): sent,ACME-A005520
kendra.graham@johnsongroup.example.com,2026-08-11 13:15:26,Sales email (Marcus Lee): sent,ACME-A005522
danielle.marquez@mooremoore.example.com,2026-08-11 15:07:39,Sales email (Jordan Ellis): sent,ACME-A005528
curtis.elliott@browninc.example.com,2026-08-11 16:15:12,Sales email (Dana Whitfield): sent,ACME-A005530
dana.meyers@bentleyadams.example.com,2026-08-11 16:31:45,Sales email (Owen Brooks): sent,ACME-A005532
richard.peters@lynchllc.example.com,2026-08-11 16:34:35,Sales email (Owen Brooks): replied,ACME-A005533
ryan.moore@buchananthomasandkramer.example.com,2026-08-11 17:12:18,Sales email (Marcus Lee): sent,ACME-A005534
lindsay.hill@collierltd.example.com,2026-08-11 17:35:52,Sales email (Grace Kim): sent,ACME-A005537
sarah.wright@fosterllc.example.com,2026-08-11 19:42:30,Sales email (Marcus Lee): sent,ACME-A005541
nathan.meza@campbellcarterandlane.example.com,2026-08-11 20:23:50,Sales email (Marcus Lee): sent,ACME-A005542
jessica.morgan@garciawillisanddavis.example.com,2026-08-11 20:24:08,Sales email (Marcus Lee): sent,ACME-A005543
joseph.davis@johnsongroup.example.com,2026-08-11 20:37:22,Sales email (Marcus Lee): sent,ACME-A005544
gregory.smith@rogersltd.example.com,2026-08-11 21:44:26,Sales email (Jordan Ellis): sent,ACME-A005546
christopher.thomas@guzmangroup.example.com,2026-08-11 23:17:06,Sales email (Grace Kim): sent,ACME-A005548
edward.morales@underwoodinc.example.com,2026-08-12 01:01:09,Sales email (Marcus Lee): sent,ACME-A005549
chad.banks@robinsonandsons.example.com,2026-08-12 02:04:20,Sales email (Jordan Ellis): sent,ACME-A005550
william.brown@shortllc.example.com,2026-08-12 04:32:05,Sales email (Grace Kim): replied,ACME-A005552
timothy.white@millerpadillaandtaylor.example.com,2026-08-12 06:05:23,Sales email (Grace Kim): sent,ACME-A005555
matthew.williams@cabreramacdonald.example.com,2026-08-12 08:00:38,Sales email (Priya Raman): bounced,ACME-A005557
alexander.keith@hernandezmcgeeandatkinso.example.com,2026-08-12 10:16:08,Sales email (Jordan Ellis): sent,ACME-A005561
michael.carter@williamsschwartz.example.com,2026-08-12 10:26:21,Sales email (Grace Kim): sent,ACME-A005562
sara.peterson@austinwest.example.com,2026-08-12 10:48:41,Sales email (Jordan Ellis): sent,ACME-A005564
sheryl.taylor@smithjones.example.com,2026-08-12 11:51:42,Sales email (Marcus Lee): replied,ACME-A005568
donna.johnson@davisrossandsanchez.example.com,2026-08-12 12:27:54,Sales email (Marcus Lee): sent,ACME-A005569
nicholas.powell@greenbuckandrobinson.example.com,2026-08-12 12:47:12,Sales email (Dana Whitfield): sent,ACME-A005570
brian.little@johnsonherreraandcole.example.com,2026-08-12 15:02:16,Sales email (Marcus Lee): bounced,ACME-A005575
thomas.phillips@hartwilson.example.com,2026-08-12 15:47:32,Sales email (Jordan Ellis): sent,ACME-A005579
nathan.butler@campbellevans.example.com,2026-08-12 17:13:40,Sales email (Priya Raman): sent,ACME-A005583
karen.clark@warrenltd.example.com,2026-08-12 17:16:01,Sales email (Dana Whitfield): sent,ACME-A005584
eric.mendoza@johnsonalexander.example.com,2026-08-12 17:24:42,Sales email (Sofia Alvarez): replied,ACME-A005585
annette.castro@brookscross.example.com,2026-08-12 17:55:52,Sales email (Dana Whitfield): bounced,ACME-A005586
nicholas.lewis@simmonsltd.example.com,2026-08-12 19:44:37,Sales email (Sofia Alvarez): sent,ACME-A005588
rhonda.anderson@riveragreen.example.com,2026-08-12 20:46:39,Sales email (Jordan Ellis): sent,ACME-A005589
krystal.jones@mathisandsons.example.com,2026-08-12 22:32:59,Sales email (Owen Brooks): sent,ACME-A005593
christina.suarez@bryantduncanandholland.example.com,2026-08-12 23:56:01,Sales email (Marcus Lee): sent,ACME-A005597
maria.anderson@dennisgarcia.example.com,2026-08-13 00:53:04,Sales email (Sofia Alvarez): bounced,ACME-A005598
travis.phillips@edwardsgomez.example.com,2026-08-13 01:13:56,Sales email (Sofia Alvarez): sent,ACME-A005600
robert.shields@smithlopezandorozco.example.com,2026-08-13 01:23:15,Sales email (Grace Kim): replied,ACME-A005601
glenn.beck@turnerreyesandfarley.example.com,2026-08-13 02:24:37,Sales email (Grace Kim): sent,ACME-A005603
brittany.warren@figueroasalinasanddaniel.example.com,2026-08-13 02:48:46,Sales email (Sofia Alvarez): sent,ACME-A005604
bryan.lambert@jonesthomas.example.com,2026-08-13 04:42:40,Sales email (Jordan Ellis): sent,ACME-A005606
lisa.pearson@smithmcdonaldandhill.example.com,2026-08-13 04:59:20,Sales email (Marcus Lee): sent,ACME-A005607
bryan.gray@obrienelliottandbrennan.example.com,2026-08-13 06:22:04,Sales email (Marcus Lee): sent,ACME-A005609
natalie.griffith@leeplc.example.com,2026-08-13 08:04:03,Sales email (Marcus Lee): sent,ACME-A005610
herbert.gilmore@pattersonhernandezandatk.example.com,2026-08-13 08:08:09,Sales email (Dana Whitfield): sent,ACME-A005611
mario.gray@jacksonedwards.example.com,2026-08-13 08:41:25,Sales email (Acme Round Robin): sent,ACME-A005613
william.brown@shortllc.example.com,2026-08-13 10:35:34,Sales email (Grace Kim): replied,ACME-A005615
mary.lawrence@wagnermillerandmason.example.com,2026-08-13 13:13:36,Sales email (Dana Whitfield): sent,ACME-A005619
john.smith@hallturnerandhammond.example.com,2026-08-13 13:47:13,Sales email (Priya Raman): sent,ACME-A005620
matthew.wang@gutierrezplc.example.com,2026-08-13 17:08:03,Sales email (Sofia Alvarez): sent,ACME-A005626
timothy.vasquez@ricerichardsandwade.example.com,2026-08-13 19:09:33,Sales email (Priya Raman): sent,ACME-A005632
karen.stewart@moralesbrownandlong.example.com,2026-08-13 19:16:27,Sales email (Owen Brooks): sent,ACME-A005633
nicole.kelley@schaeferlowery.example.com,2026-08-13 19:44:35,Sales email (Owen Brooks): sent,ACME-A005636
benjamin.esparza@lopezandsons.example.com,2026-08-13 20:21:45,Sales email (Priya Raman): sent,ACME-A005637
julie.holmes@hatfieldatkinsandtaylor.example.com,2026-08-13 20:54:29,Sales email (Dana Whitfield): sent,ACME-A005638
jaime.sanchez@parksalexanderandjenkins.example.com,2026-08-13 22:35:42,Sales email (Grace Kim): sent,ACME-A005642
danielle.johnson@clarkbest.example.com,2026-08-13 23:10:11,Sales email (Priya Raman): sent,ACME-A005643
mikayla.gonzales@woodardgroup.example.com,2026-08-14 00:34:06,Sales email (Owen Brooks): sent,ACME-A005646
malik.delgado@nicholsonplc.example.com,2026-08-14 02:15:23,Sales email (Marcus Lee): bounced,ACME-A005648
jessica.johnston@josephtaylor.example.com,2026-08-14 03:53:51,Sales email (Marcus Lee): sent,ACME-A005650
janice.miller@harrisplc.example.com,2026-08-14 05:09:18,Sales email (Jordan Ellis): sent,ACME-A005652
christopher.lara@coopernguyen.example.com,2026-08-14 06:15:02,Sales email (Jordan Ellis): replied,ACME-A005654
john.wilkinson@williamstorres.example.com,2026-08-14 07:59:46,Sales email (Jordan Ellis): sent,ACME-A005657
sarah.garcia@daltonmillerandwiggins.example.com,2026-08-14 08:16:42,Sales email (Priya Raman): sent,ACME-A005658
amy.wood@rossltd.example.com,2026-08-14 09:20:29,Sales email (Dana Whitfield): sent,ACME-A005659
karla.phillips@lowecarter.example.com,2026-08-14 10:04:41,Sales email (Marcus Lee): sent,ACME-A005661
john.conner@rosscooper.example.com,2026-08-14 10:05:32,Sales email (Marcus Lee): sent,ACME-A005662
jason.oconnor@kelleyweeksandbarnett.example.com,2026-08-14 10:43:06,Sales email (Sofia Alvarez): replied,ACME-A005663
mary.moore@huynhdavisandramos.example.com,2026-08-14 11:22:13,Sales email (Sofia Alvarez): sent,ACME-A005666
ashley.gonzales@wagnercastroandtorres.example.com,2026-08-14 11:32:16,Sales email (Dana Whitfield): sent,ACME-A005668
kristin.robbins@mullinsgrayandwhite.example.com,2026-08-14 13:42:55,Sales email (Marcus Lee): replied,ACME-A005675
tina.whitehead@hillandsons.example.com,2026-08-14 13:53:40,Sales email (Jordan Ellis): replied,ACME-A005676
mary.lee@adamskline.example.com,2026-08-14 14:00:21,Sales email (Marcus Lee): sent,ACME-A005678
jose.moss@moralesllc.example.com,2026-08-14 14:33:30,Sales email (Jordan Ellis): sent,ACME-A005680
amy.nelson@richardsonfrazierandthom.example.com,2026-08-14 15:11:42,Sales email (Owen Brooks): sent,ACME-A005682
laura.ruiz@cooleymichael.example.com,2026-08-14 16:12:49,Sales email (Dana Whitfield): sent,ACME-A005684
amy.wood@rossltd.example.com,2026-08-14 17:35:07,Sales email (Dana Whitfield): sent,ACME-A005685
dennis.doyle@fergusonstrong.example.com,2026-08-14 17:35:20,Sales email (Sofia Alvarez): replied,ACME-A005686
samantha.reynolds@sloanplc.example.com,2026-08-14 18:21:22,Sales email (Jordan Ellis): sent,ACME-A005688
ronald.martinez@smithinc.example.com,2026-08-14 19:04:32,Sales email (Sofia Alvarez): sent,ACME-A005691
linda.monroe@carterinc.example.com,2026-08-14 20:55:33,Sales email (Sofia Alvarez): replied,ACME-A005693
elizabeth.foster@holtmiller.example.com,2026-08-14 21:28:37,Sales email (Marcus Lee): sent,ACME-A005694
mikayla.gonzales@woodardgroup.example.com,2026-08-14 21:53:54,Sales email (Owen Brooks): sent,ACME-A005695
richard.peters@lynchllc.example.com,2026-08-14 23:48:13,Sales email (Owen Brooks): sent,ACME-A005698
anthony.alexander@everettbuckleyandmoore.example.com,2026-08-15 01:04:52,Sales email (Marcus Lee): sent,ACME-A005699
logan.campos@brennangroup.example.com,2026-08-15 03:10:37,Sales email (Sofia Alvarez): sent,ACME-A005701
jean.wood@williamshamiltonandhall.example.com,2026-08-15 05:00:40,Sales email (Owen Brooks): sent,ACME-A005704
jacob.brown@masonltd.example.com,2026-08-15 05:09:10,Sales email (Dana Whitfield): sent,ACME-A005705
lori.dennis@wilsonrodriguez.example.com,2026-08-15 05:31:01,Sales email (Jordan Ellis): sent,ACME-A005706
tina.miller@wellsmorris.example.com,2026-08-15 06:06:55,Sales email (Sofia Alvarez): sent,ACME-A005707
karen.smith@taylorturner.example.com,2026-08-15 09:31:53,Sales email (Owen Brooks): sent,ACME-A005713
connie.stevens@hamiltonmorgan.example.com,2026-08-15 11:02:08,Sales email (Sofia Alvarez): sent,ACME-A005715
logan.ryan@knightandsons.example.com,2026-08-15 11:57:12,Sales email (Grace Kim): replied,ACME-A005717
henry.jones@watsonkeyandwilliams.example.com,2026-08-15 12:10:07,Sales email (Jordan Ellis): sent,ACME-A005718
linda.anderson@durhamcastro.example.com,2026-08-15 14:53:43,Sales email (Jordan Ellis): sent,ACME-A005721
donna.johnson@davisrossandsanchez.example.com,2026-08-15 16:02:06,Sales email (Marcus Lee): sent,ACME-A005722
jennifer.dalton@wilkersontorres.example.com,2026-08-15 18:17:13,Sales email (Jordan Ellis): sent,ACME-A005725
paula.brewer@mcknightgroup.example.com,2026-08-15 21:34:42,Sales email (Dana Whitfield): sent,ACME-A005731
jasmin.ward@walkerwebb.example.com,2026-08-15 22:31:19,Sales email (Sofia Alvarez): sent,ACME-A005732
william.dudley@bellroberts.example.com,2026-08-15 23:53:23,Sales email (Dana Whitfield): sent,ACME-A005735
tina.whitehead@hillandsons.example.com,2026-08-16 00:36:53,Sales email (Jordan Ellis): sent,ACME-A005737
michael.curtis@popeyoungandware.example.com,2026-08-16 00:53:02,Sales email (Priya Raman): replied,ACME-A005738
linda.monroe@carterinc.example.com,2026-08-16 03:34:53,Sales email (Sofia Alvarez): sent,ACME-A005742
robert.pham@comptonplc.example.com,2026-08-16 04:48:07,Sales email (Jordan Ellis): sent,ACME-A005744
elizabeth.johnson@tannerlambandcruz.example.com,2026-08-16 07:17:44,Sales email (Priya Raman): sent,ACME-A005748
linda.anderson@durhamcastro.example.com,2026-08-16 08:51:23,Sales email (Jordan Ellis): replied,ACME-A005752
kevin.scott@turnerinc.example.com,2026-08-16 09:32:45,Sales email (Jordan Ellis): sent,ACME-A005754
karen.foster@jamestownsend.example.com,2026-08-16 10:49:55,Sales email (Dana Whitfield): sent,ACME-A005755
melanie.garcia@millerltd.example.com,2026-08-16 11:19:48,Sales email (Priya Raman): sent,ACME-A005756
terri.houston@johnsongroup.example.com,2026-08-16 11:25:41,Sales email (Marcus Lee): replied,ACME-A005757
allison.pittman@vazquezmurray.example.com,2026-08-16 12:25:52,Sales email (Sofia Alvarez): sent,ACME-A005758
shannon.stephens@vegallc.example.com,2026-08-16 13:24:40,Sales email (Marcus Lee): sent,ACME-A005761
laura.white@mcneilwilliamsandpark.example.com,2026-08-16 15:12:48,Sales email (Sofia Alvarez): sent,ACME-A005763
erica.gutierrez@farrellmiller.example.com,2026-08-16 16:33:30,Sales email (Owen Brooks): sent,ACME-A005766
lindsay.hill@collierltd.example.com,2026-08-16 20:01:21,Sales email (Grace Kim): replied,ACME-A005769
joshua.prince@garzanorton.example.com,2026-08-16 21:59:48,Sales email (Jordan Ellis): replied,ACME-A005772
olivia.chan@vazquezhowellandbrown.example.com,2026-08-16 22:40:40,Sales email (Dana Whitfield): sent,ACME-A005773
john.lawrence@nelsonford.example.com,2026-08-16 23:50:13,Sales email (Dana Whitfield): sent,ACME-A005774
john.lawrence@nelsonford.example.com,2026-08-17 00:36:55,Sales email (Dana Whitfield): sent,ACME-A005775
kerri.wilson@woodscampbellandlane.example.com,2026-08-17 01:47:18,Sales email (Marcus Lee): sent,ACME-A005779
veronica.rodriguez@bowmaninc.example.com,2026-08-17 03:23:39,Sales email (Dana Whitfield): sent,ACME-A005781
helen.stephens@smithltd.example.com,2026-08-17 04:43:47,Sales email (Marcus Lee): sent,ACME-A005784
timothy.vasquez@ricerichardsandwade.example.com,2026-08-17 07:31:21,Sales email (Priya Raman): sent,ACME-A005786
craig.hogan@halljames.example.com,2026-08-17 10:30:43,Sales email (Marcus Lee): replied,ACME-A005792
brittany.warren@figueroasalinasanddaniel.example.com,2026-08-17 11:15:17,Sales email (Sofia Alvarez): replied,ACME-A005794
wayne.ellis@greenebradfordandwalker.example.com,2026-08-17 12:22:47,Sales email (Sofia Alvarez): sent,ACME-A005798
michael.carter@williamsschwartz.example.com,2026-08-17 13:32:06,Sales email (Grace Kim): sent,ACME-A005800
nicole.ford@hernandezlopez.example.com,2026-08-17 14:33:03,Sales email (Owen Brooks): sent,ACME-A005804
scott.charles@whiteroachandfischer.example.com,2026-08-17 14:43:11,Sales email (Sofia Alvarez): replied,ACME-A005805
patricia.kennedy@gonzalezplc.example.com,2026-08-17 16:14:22,Sales email (Sofia Alvarez): sent,ACME-A005806
curtis.roberts@osbornltd.example.com,2026-08-17 16:19:25,Sales email (Jordan Ellis): bounced,ACME-A005807
tammy.smith@kingholt.example.com,2026-08-17 16:35:56,Sales email (Owen Brooks): sent,ACME-A005808
jaime.sanchez@parksalexanderandjenkins.example.com,2026-08-17 16:46:57,Sales email (Grace Kim): sent,ACME-A005809
shawn.elliott@mcneilsmith.example.com,2026-08-17 18:10:40,Sales email (Marcus Lee): sent,ACME-A005814
michael.davis@hallltd.example.com,2026-08-17 19:42:38,Sales email (Jordan Ellis): sent,ACME-A005816
nicole.brady@andrewsandsons.example.com,2026-08-17 19:56:42,Sales email (Marcus Lee): sent,ACME-A005817
emily.cruz@crossfrazier.example.com,2026-08-17 20:50:50,Sales email (Acme Round Robin): sent,ACME-A005821
stacey.hall@coxhowardandmedina.example.com,2026-08-18 00:31:29,Sales email (Sofia Alvarez): sent,ACME-A005823
melissa.jenkins@hartllc.example.com,2026-08-18 02:51:14,Sales email (Dana Whitfield): replied,ACME-A005826
michael.harvey@gutierrezchoi.example.com,2026-08-18 07:25:01,Sales email (Grace Kim): sent,ACME-A005832
bonnie.butler@whiteandsons.example.com,2026-08-18 07:50:03,Sales email (Dana Whitfield): sent,ACME-A005833
elizabeth.osborne@frazierinc.example.com,2026-08-18 10:19:55,Sales email (Dana Whitfield): sent,ACME-A005838
michael.hebert@medinacochranandduncan.example.com,2026-08-18 10:52:59,Sales email (Marcus Lee): sent,ACME-A005839
jared.mcgee@millerltd.example.com,2026-08-18 11:07:21,Sales email (Priya Raman): sent,ACME-A005840
craig.hogan@halljames.example.com,2026-08-18 11:52:25,Sales email (Marcus Lee): sent,ACME-A005842
ryan.martin@garzacareyandpierce.example.com,2026-08-18 11:56:20,Sales email (Jordan Ellis): replied,ACME-A005844
jeffrey.simmons@parrishmiller.example.com,2026-08-18 12:00:29,Sales email (Grace Kim): sent,ACME-A005845
donald.wilson@langpatton.example.com,2026-08-18 13:01:17,Sales email (Marcus Lee): sent,ACME-A005849
matthew.le@fullergroup.example.com,2026-08-18 13:19:04,Sales email (Priya Raman): sent,ACME-A005850
jacqueline.guerra@johnsonltd.example.com,2026-08-18 14:55:35,Sales email (Priya Raman): sent,ACME-A005853
mary.lee@adamskline.example.com,2026-08-18 16:37:12,Sales email (Marcus Lee): sent,ACME-A005855
malik.delgado@nicholsonplc.example.com,2026-08-18 18:45:38,Sales email (Marcus Lee): sent,ACME-A005856
emily.lara@clarkplc.example.com,2026-08-18 20:10:18,Sales email (Sofia Alvarez): sent,ACME-A005858
danielle.mercer@manningllc.example.com,2026-08-18 21:04:17,Sales email (Owen Brooks): sent,ACME-A005860
anthony.alexander@everettbuckleyandmoore.example.com,2026-08-18 21:11:34,Sales email (Marcus Lee): sent,ACME-A005861
william.vega@mirandaanderson.example.com,2026-08-18 22:58:44,Sales email (Jordan Ellis): sent,ACME-A005866
amy.vega@fostersalinas.example.com,2026-08-18 23:30:46,Sales email (Marcus Lee): sent,ACME-A005867
veronica.rodriguez@bowmaninc.example.com,2026-08-19 00:00:23,Sales email (Dana Whitfield): replied,ACME-A005868
robert.sandoval@allenllc.example.com,2026-08-19 00:38:25,Sales email (Dana Whitfield): sent,ACME-A005869
stacey.moran@mckenziegibbs.example.com,2026-08-19 02:27:30,Sales email (Sofia Alvarez): sent,ACME-A005873
ashley.mitchell@mitchellholt.example.com,2026-08-19 03:42:45,Sales email (Jordan Ellis): sent,ACME-A005876
maria.anderson@dennisgarcia.example.com,2026-08-19 04:15:18,Sales email (Sofia Alvarez): replied,ACME-A005877
matthew.le@fullergroup.example.com,2026-08-19 04:23:08,Sales email (Priya Raman): sent,ACME-A005878
ashley.page@obrienandsons.example.com,2026-08-19 04:42:01,Sales email (Owen Brooks): sent,ACME-A005879
jeffrey.walker@galvanltd.example.com,2026-08-19 06:19:50,Sales email (Dana Whitfield): replied,ACME-A005880
steven.diaz@schwartzlutzandcook.example.com,2026-08-19 07:31:27,Sales email (Priya Raman): sent,ACME-A005884
eric.mendoza@johnsonalexander.example.com,2026-08-19 07:31:38,Sales email (Sofia Alvarez): sent,ACME-A005885
jennifer.lee@gordongroup.example.com,2026-08-19 08:31:27,Sales email (Marcus Lee): replied,ACME-A005887
april.myers@rosegonzalezandfarmer.example.com,2026-08-19 08:47:52,Sales email (Sofia Alvarez): sent,ACME-A005888
terri.flores@frazierpatton.example.com,2026-08-19 12:13:30,Sales email (Grace Kim): sent,ACME-A005895
nicholas.lewis@simmonsltd.example.com,2026-08-19 13:18:55,Sales email (Sofia Alvarez): replied,ACME-A005898
brandon.sweeney@whitethompsonandrocha.example.com,2026-08-19 13:45:22,Sales email (Owen Brooks): sent,ACME-A005899
edwin.woods@morenoltd.example.com,2026-08-19 14:16:59,Sales email (Dana Whitfield): bounced,ACME-A005900
melissa.daniels@huynhbuck.example.com,2026-08-19 14:42:52,Sales email (Priya Raman): replied,ACME-A005902
luke.ellis@browncarlson.example.com,2026-08-19 15:03:33,Sales email (Dana Whitfield): sent,ACME-A005904
robert.buchanan@richardsonstephens.example.com,2026-08-19 15:27:31,Sales email (Priya Raman): replied,ACME-A005906
rebecca.jordan@odonnellburnsandguerrero.example.com,2026-08-19 16:54:15,Sales email (Priya Raman): sent,ACME-A005908
david.maynard@holmeswolf.example.com,2026-08-19 20:32:38,Sales email (Owen Brooks): bounced,ACME-A005923
wanda.romero@hollanddunlapandmcbride.example.com,2026-08-19 20:52:05,Sales email (Priya Raman): sent,ACME-A005924
melissa.jenkins@hartllc.example.com,2026-08-19 21:02:52,Sales email (Dana Whitfield): sent,ACME-A005925
tina.whitehead@hillandsons.example.com,2026-08-19 22:19:54,Sales email (Jordan Ellis): sent,ACME-A005927
samuel.ramos@scottltd.example.com,2026-08-19 22:25:03,Sales email (Grace Kim): sent,ACME-A005928
victoria.sheppard@johnstonplc.example.com,2026-08-19 22:34:40,Sales email (Marcus Lee): sent,ACME-A005929
devon.carter@acevedollc.example.com,2026-08-19 23:08:48,Sales email (Jordan Ellis): sent,ACME-A005930
timothy.white@millerpadillaandtaylor.example.com,2026-08-19 23:23:39,Sales email (Grace Kim): sent,ACME-A005931
bonnie.butler@whiteandsons.example.com,2026-08-19 23:28:03,Sales email (Dana Whitfield): sent,ACME-A005932
samuel.sparks@smithltd.example.com,2026-08-20 00:16:13,Sales email (Marcus Lee): sent,ACME-A005933
jaime.sanchez@parksalexanderandjenkins.example.com,2026-08-20 01:44:36,Sales email (Grace Kim): sent,ACME-A005934
david.holloway@hallmartinezandduncan.example.com,2026-08-20 04:14:57,Sales email (Priya Raman): sent,ACME-A005941
raymond.torres@sandersthompsonandlang.example.com,2026-08-20 05:30:39,Sales email (Dana Whitfield): sent,ACME-A005942
billy.melton@bradleyplc.example.com,2026-08-20 06:22:30,Sales email (Owen Brooks): sent,ACME-A005943
nicholas.powell@greenbuckandrobinson.example.com,2026-08-20 07:30:10,Sales email (Dana Whitfield): sent,ACME-A005945
tyler.smith@loveaguirreandhall.example.com,2026-08-20 10:11:49,Sales email (Dana Whitfield): sent,ACME-A005947
nicole.adams@mendozahoodanddavis.example.com,2026-08-20 10:16:30,Sales email (Sofia Alvarez): replied,ACME-A005949
jenna.mcgrath@whitakerplc.example.com,2026-08-20 12:06:29,Sales email (Marcus Lee): sent,ACME-A005951
jose.moss@moralesllc.example.com,2026-08-20 14:05:54,Sales email (Jordan Ellis): sent,ACME-A005954
ashley.nelson@sanchezllc.example.com,2026-08-20 15:25:22,Sales email (Priya Raman): replied,ACME-A005957
michele.burnett@thomasking.example.com,2026-08-20 17:00:50,Sales email (Jordan Ellis): sent,ACME-A005960
jacob.lewis@millshuntandbell.example.com,2026-08-20 17:02:46,Sales email (Grace Kim): replied,ACME-A005961
brian.johnston@snydersmith.example.com,2026-08-20 18:01:11,Sales email (Jordan Ellis): sent,ACME-A005964
mariah.wheeler@williamssmall.example.com,2026-08-20 18:10:59,Sales email (Dana Whitfield): sent,ACME-A005965
kimberly.castillo@wallaceltd.example.com,2026-08-20 18:53:11,Sales email (Dana Whitfield): sent,ACME-A005967
marie.bowman@montgomerytaylor.example.com,2026-08-20 20:12:12,Sales email (Dana Whitfield): sent,ACME-A005970
melissa.carroll@andersoncollins.example.com,2026-08-20 22:56:28,Sales email (Grace Kim): sent,ACME-A005973
maria.may@huynhcombsandrivera.example.com,2026-08-21 04:38:56,Sales email (Jordan Ellis): sent,ACME-A005978
william.jenkins@morrowwhite.example.com,2026-08-21 05:11:09,Sales email (Owen Brooks): sent,ACME-A005979
elizabeth.west@hughesorranddiaz.example.com,2026-08-21 05:55:44,Sales email (Grace Kim): sent,ACME-A005981
brandon.sweeney@whitethompsonandrocha.example.com,2026-08-21 08:38:36,Sales email (Owen Brooks): sent,ACME-A005985
scott.charles@whiteroachandfischer.example.com,2026-08-21 08:52:13,Sales email (Sofia Alvarez): replied,ACME-A005986
matthew.morton@brownlarsonandle.example.com,2026-08-21 09:13:33,Sales email (Dana Whitfield): sent,ACME-A005988
jessica.morgan@garciawillisanddavis.example.com,2026-08-21 10:42:19,Sales email (Marcus Lee): replied,ACME-A005992
michael.gray@clarkmartinez.example.com,2026-08-21 10:47:15,Sales email (Dana Whitfield): sent,ACME-A005993
samuel.jordan@alvaradomayo.example.com,2026-08-21 12:23:59,Sales email (Jordan Ellis): sent,ACME-A005996
daniel.simpson@riverajacksonandsandoval.example.com,2026-08-21 12:36:49,Sales email (Priya Raman): sent,ACME-A005998
mary.lawrence@wagnermillerandmason.example.com,2026-08-21 12:52:25,Sales email (Dana Whitfield): replied,ACME-A005999
helen.morgan@cunninghamgomezandduncan.example.com,2026-08-21 13:06:18,Sales email (Dana Whitfield): sent,ACME-A006000
william.allison@sweeneygraham.example.com,2026-08-21 13:40:42,Sales email (Grace Kim): sent,ACME-A006001
ruth.kemp@rogersdavid.example.com,2026-08-21 15:17:22,Sales email (Marcus Lee): sent,ACME-A006005
ian.barnes@austininc.example.com,2026-08-21 15:50:59,Sales email (Grace Kim): sent,ACME-A006008
allison.quinn@smithlittleanddavis.example.com,2026-08-21 16:20:39,Sales email (Priya Raman): sent,ACME-A006010
stephanie.reid@smithvaldez.example.com,2026-08-21 18:04:44,Sales email (Sofia Alvarez): sent,ACME-A006011
luke.davis@masonpowell.example.com,2026-08-21 18:16:45,Sales email (Marcus Lee): sent,ACME-A006012
carol.brown@perezandsons.example.com,2026-08-21 18:42:46,Sales email (Jordan Ellis): sent,ACME-A006013
matthew.le@fullergroup.example.com,2026-08-21 19:36:58,Sales email (Priya Raman): sent,ACME-A006014
jasmine.walker@roymcintosh.example.com,2026-08-21 20:20:35,Sales email (Owen Brooks): replied,ACME-A006016
herbert.gilmore@pattersonhernandezandatk.example.com,2026-08-21 22:05:53,Sales email (Dana Whitfield): sent,ACME-A006021
wayne.ellis@greenebradfordandwalker.example.com,2026-08-22 01:56:46,Sales email (Sofia Alvarez): replied,ACME-A006030
james.golden@cardenaslandryandpeterso.example.com,2026-08-22 02:27:20,Sales email (Grace Kim): sent,ACME-A006032
wanda.romero@hollanddunlapandmcbride.example.com,2026-08-22 03:13:20,Sales email (Priya Raman): replied,ACME-A006035
joshua.paul@riceinc.example.com,2026-08-22 04:07:44,Sales email (Marcus Lee): replied,ACME-A006037
paula.brewer@mcknightgroup.example.com,2026-08-22 04:19:34,Sales email (Dana Whitfield): sent,ACME-A006039
jacob.russo@turnernelson.example.com,2026-08-22 05:39:29,Sales email (Dana Whitfield): sent,ACME-A006041
billy.melton@bradleyplc.example.com,2026-08-22 06:28:53,Sales email (Owen Brooks): sent,ACME-A006043
lisa.rios@paynerandolph.example.com,2026-08-22 07:55:26,Sales email (Dana Whitfield): sent,ACME-A006044
joshua.paul@riceinc.example.com,2026-08-22 08:07:27,Sales email (Marcus Lee): sent,ACME-A006046
connie.stevens@hamiltonmorgan.example.com,2026-08-22 08:58:32,Sales email (Sofia Alvarez): sent,ACME-A006047
luke.davis@masonpowell.example.com,2026-08-22 09:54:59,Sales email (Marcus Lee): bounced,ACME-A006050
tracy.lewis@hubersanchez.example.com,2026-08-22 12:13:04,Sales email (Priya Raman): sent,ACME-A006051
victoria.sheppard@johnstonplc.example.com,2026-08-22 15:07:48,Sales email (Marcus Lee): sent,ACME-A006056
michael.curtis@popeyoungandware.example.com,2026-08-22 15:16:52,Sales email (Priya Raman): sent,ACME-A006057
jeffrey.schmidt@andersonandsons.example.com,2026-08-22 15:35:59,Sales email (Priya Raman): replied,ACME-A006058
kendra.graham@johnsongroup.example.com,2026-08-22 16:32:15,Sales email (Marcus Lee): sent,ACME-A006060
devon.clark@riddlesmithandmay.example.com,2026-08-22 17:28:18,Sales email (Sofia Alvarez): sent,ACME-A006062
david.nolan@haynesgroup.example.com,2026-08-22 20:56:54,Sales email (Priya Raman): sent,ACME-A006068
richard.kelley@foxdunn.example.com,2026-08-22 21:20:52,Sales email (Jordan Ellis): sent,ACME-A006069
morgan.ortega@cantuhigginsandtrevino.example.com,2026-08-22 23:22:12,Sales email (Dana Whitfield): bounced,ACME-A006070
robert.morgan@torressmithandjones.example.com,2026-08-23 02:07:20,Sales email (Priya Raman): sent,ACME-A006075
thomas.hernandez@alexanderjones.example.com,2026-08-23 02:35:11,Sales email (Marcus Lee): replied,ACME-A006077
daniel.simpson@riverajacksonandsandoval.example.com,2026-08-23 03:12:30,Sales email (Priya Raman): bounced,ACME-A006078
david.duncan@brennanfisher.example.com,2026-08-23 04:06:36,Sales email (Priya Raman): sent,ACME-A006080
gregory.ramirez@parkergroup.example.com,2026-08-23 04:35:40,Sales email (Priya Raman): sent,ACME-A006081
amy.wood@rossltd.example.com,2026-08-23 04:40:35,Sales email (Dana Whitfield): replied,ACME-A006082
marie.bowman@montgomerytaylor.example.com,2026-08-23 06:06:37,Sales email (Dana Whitfield): sent,ACME-A006085
amy.wood@rossltd.example.com,2026-08-23 06:10:56,Sales email (Dana Whitfield): sent,ACME-A006088
tina.martinez@juareztate.example.com,2026-08-23 07:45:04,Sales email (Acme Round Robin): sent,ACME-A006089
catherine.merritt@franklingomez.example.com,2026-08-23 07:58:45,Sales email (Owen Brooks): replied,ACME-A006090
sarah.maxwell@baxtercasey.example.com,2026-08-23 08:12:44,Sales email (Dana Whitfield): bounced,ACME-A006091
ronald.fernandez@watsonsmith.example.com,2026-08-23 08:13:40,Sales email (Dana Whitfield): sent,ACME-A006092
maureen.campos@riversandsons.example.com,2026-08-23 08:14:34,Sales email (Owen Brooks): sent,ACME-A006093
veronica.rodriguez@bowmaninc.example.com,2026-08-23 09:13:01,Sales email (Dana Whitfield): sent,ACME-A006094
billy.melton@bradleyplc.example.com,2026-08-23 10:00:12,Sales email (Owen Brooks): sent,ACME-A006095
austin.goodman@parkerplc.example.com,2026-08-23 13:09:09,Sales email (Acme Round Robin): replied,ACME-A006100
carla.conway@jonesnguyenandmejia.example.com,2026-08-23 13:47:35,Sales email (Jordan Ellis): sent,ACME-A006102
marcus.harper@blackgroup.example.com,2026-08-23 14:21:10,Sales email (Jordan Ellis): sent,ACME-A006105
michael.cooke@thomasgreen.example.com,2026-08-23 16:39:35,Sales email (Dana Whitfield): replied,ACME-A006109
johnathan.webb@foxsampsonanddavis.example.com,2026-08-23 16:42:50,Sales email (Dana Whitfield): replied,ACME-A006110
terri.houston@johnsongroup.example.com,2026-08-23 17:19:27,Sales email (Marcus Lee): replied,ACME-A006111
nicholas.chambers@taylorcarlson.example.com,2026-08-23 17:28:07,Sales email (Grace Kim): sent,ACME-A006112
kristin.wang@garcialtd.example.com,2026-08-23 18:13:17,Sales email (Dana Whitfield): sent,ACME-A006113
ian.barnes@austininc.example.com,2026-08-23 18:43:35,Sales email (Grace Kim): sent,ACME-A006116
shannon.williams@wilkinsongibsonandcarter.example.com,2026-08-23 18:48:40,Sales email (Marcus Lee): sent,ACME-A006117
kathleen.kim@lopezandsons.example.com,2026-08-23 20:10:22,Sales email (Priya Raman): sent,ACME-A006118
herbert.gilmore@pattersonhernandezandatk.example.com,2026-08-23 21:23:54,Sales email (Dana Whitfield): sent,ACME-A006122
james.morgan@mendozagroup.example.com,2026-08-23 22:25:05,Sales email (Sofia Alvarez): sent,ACME-A006126
veronica.conrad@foxbarrera.example.com,2026-08-23 23:05:54,Sales email (Jordan Ellis): sent,ACME-A006127
brian.little@johnsonherreraandcole.example.com,2026-08-24 01:49:01,Sales email (Marcus Lee): sent,ACME-A006130
jared.perez@stephensltd.example.com,2026-08-24 02:34:47,Sales email (Sofia Alvarez): replied,ACME-A006132
henry.ramos@vasquezschmidt.example.com,2026-08-24 03:52:00,Sales email (Priya Raman): replied,ACME-A006134
karen.stewart@moralesbrownandlong.example.com,2026-08-24 04:28:33,Sales email (Owen Brooks): sent,ACME-A006137
william.curry@willismunozanddavis.example.com,2026-08-24 05:24:42,Sales email (Sofia Alvarez): replied,ACME-A006138
zachary.curry@priceatkinsonandcraig.example.com,2026-08-24 08:33:09,Sales email (Priya Raman): sent,ACME-A006141
nathan.padilla@hortonmiller.example.com,2026-08-24 10:44:23,Sales email (Owen Brooks): sent,ACME-A006146
nicholas.taylor@huntgibsonandcalhoun.example.com,2026-08-24 11:36:27,Sales email (Grace Kim): sent,ACME-A006147
anna.rodriguez@johnsonpittmananddouglas.example.com,2026-08-24 12:40:48,Sales email (Sofia Alvarez): replied,ACME-A006148
james.dixon@mcknightandsons.example.com,2026-08-24 13:59:07,Sales email (Dana Whitfield): sent,ACME-A006152
steven.carr@stephenscaldwellandhuber.example.com,2026-08-24 14:44:48,Sales email (Marcus Lee): sent,ACME-A006153
jennifer.higgins@hermandowns.example.com,2026-08-24 14:59:48,Sales email (Sofia Alvarez): sent,ACME-A006155
gary.little@harmoncook.example.com,2026-08-24 15:56:25,Sales email (Acme Round Robin): sent,ACME-A006157
justin.hamilton@popepugh.example.com,2026-08-24 16:49:55,Sales email (Marcus Lee): replied,ACME-A006161
renee.maldonado@marshalllinandfarmer.example.com,2026-08-24 17:45:28,Sales email (Dana Whitfield): sent,ACME-A006162
lindsay.perez@robinsoninc.example.com,2026-08-24 20:32:32,Sales email (Marcus Lee): replied,ACME-A006167
andre.stevens@wilsonburgessandwong.example.com,2026-08-24 23:13:44,Sales email (Jordan Ellis): replied,ACME-A006170
michael.vaughn@roblescampbell.example.com,2026-08-25 00:05:41,Sales email (Dana Whitfield): replied,ACME-A006173
jeffrey.schmidt@andersonandsons.example.com,2026-08-25 01:56:46,Sales email (Priya Raman): sent,ACME-A006177
donna.johnson@davisrossandsanchez.example.com,2026-08-25 02:08:52,Sales email (Marcus Lee): bounced,ACME-A006178
kim.spencer@wellsinc.example.com,2026-08-25 03:33:24,Sales email (Owen Brooks): replied,ACME-A006180
heather.johnson@hopkinsrobertsonandwalla.example.com,2026-08-25 06:51:32,Sales email (Dana Whitfield): sent,ACME-A006183
lauren.rodriguez@shahvalentineandjohnson.example.com,2026-08-25 08:34:21,Sales email (Sofia Alvarez): sent,ACME-A006184
james.jackson@rayandsons.example.com,2026-08-25 09:53:00,Sales email (Grace Kim): sent,ACME-A006186
sabrina.bell@wrightramsey.example.com,2026-08-25 10:32:17,Sales email (Grace Kim): sent,ACME-A006190
brett.davis@barnesjackson.example.com,2026-08-25 10:37:01,Sales email (Jordan Ellis): sent,ACME-A006191
malik.delgado@nicholsonplc.example.com,2026-08-25 11:47:49,Sales email (Marcus Lee): sent,ACME-A006195
joshua.prince@garzanorton.example.com,2026-08-25 15:08:50,Sales email (Jordan Ellis): sent,ACME-A006201
tina.martinez@juareztate.example.com,2026-08-25 17:32:05,Sales email (Acme Round Robin): sent,ACME-A006205
barbara.larson@thorntonandsons.example.com,2026-08-25 18:01:38,Sales email (Dana Whitfield): replied,ACME-A006208
matthew.velez@huffllc.example.com,2026-08-25 18:13:01,Sales email (Dana Whitfield): sent,ACME-A006209
emily.cook@knightgaines.example.com,2026-08-25 18:22:42,Sales email (Sofia Alvarez): replied,ACME-A006210
rick.mcintyre@rhodesjamesandlopez.example.com,2026-08-25 18:40:27,Sales email (Priya Raman): sent,ACME-A006211
wanda.romero@hollanddunlapandmcbride.example.com,2026-08-25 20:14:51,Sales email (Priya Raman): sent,ACME-A006212
terri.houston@johnsongroup.example.com,2026-08-25 21:57:21,Sales email (Marcus Lee): bounced,ACME-A006215
nicole.kelley@schaeferlowery.example.com,2026-08-26 01:21:13,Sales email (Owen Brooks): replied,ACME-A006222
jason.parker@wilsonrubioanddaniels.example.com,2026-08-26 02:27:04,Sales email (Marcus Lee): sent,ACME-A006223
ashley.carlson@coxchaseandpatel.example.com,2026-08-26 02:28:19,Sales email (Jordan Ellis): sent,ACME-A006224
james.jones@lewissparksandsmith.example.com,2026-08-26 04:22:02,Sales email (Dana Whitfield): sent,ACME-A006226
andrea.perez@hessjamesandreeves.example.com,2026-08-26 05:05:51,Sales email (Grace Kim): sent,ACME-A006229
brandon.mendoza@lewisllc.example.com,2026-08-26 07:03:53,Sales email (Marcus Lee): sent,ACME-A006232
victoria.sheppard@johnstonplc.example.com,2026-08-26 07:38:51,Sales email (Marcus Lee): sent,ACME-A006234
james.jones@lewissparksandsmith.example.com,2026-08-26 08:32:40,Sales email (Dana Whitfield): replied,ACME-A006237
brandon.mendoza@lewisllc.example.com,2026-08-26 08:52:32,Sales email (Marcus Lee): sent,ACME-A006238
jeffrey.alvarado@ramossutton.example.com,2026-08-26 10:24:57,Sales email (Jordan Ellis): sent,ACME-A006240
tyler.hart@obrienandsons.example.com,2026-08-26 11:51:18,Sales email (Owen Brooks): sent,ACME-A006241
henry.zavala@hayesbarrettandneal.example.com,2026-08-26 12:37:08,Sales email (Sofia Alvarez): sent,ACME-A006244
andrew.butler@taylorsuarez.example.com,2026-08-26 12:38:13,Sales email (Owen Brooks): replied,ACME-A006245
shannon.pittman@sheaevansandwebb.example.com,2026-08-26 12:52:45,Sales email (Priya Raman): sent,ACME-A006247
samantha.mann@thomasplc.example.com,2026-08-26 14:09:52,Sales email (Dana Whitfield): replied,ACME-A006249
mario.gray@jacksonedwards.example.com,2026-08-26 15:01:40,Sales email (Acme Round Robin): sent,ACME-A006251
ronald.fernandez@watsonsmith.example.com,2026-08-26 15:26:03,Sales email (Dana Whitfield): replied,ACME-A006252
mark.smith@stewartgroup.example.com,2026-08-26 16:02:54,Sales email (Owen Brooks): sent,ACME-A006257
cody.bray@thompsonsanchez.example.com,2026-08-26 16:31:54,Sales email (Jordan Ellis): replied,ACME-A006261
amy.nelson@richardsonfrazierandthom.example.com,2026-08-26 16:51:53,Sales email (Owen Brooks): replied,ACME-A006262
tina.martinez@juareztate.example.com,2026-08-26 17:14:22,Sales email (Acme Round Robin): sent,ACME-A006263
krystal.hoffman@thompsonmartinez.example.com,2026-08-26 20:44:09,Sales email (Jordan Ellis): sent,ACME-A006269
curtis.elliott@browninc.example.com,2026-08-26 20:46:44,Sales email (Dana Whitfield): sent,ACME-A006270
cody.bray@thompsonsanchez.example.com,2026-08-26 20:55:16,Sales email (Jordan Ellis): sent,ACME-A006273
stacy.reyes@hallinc.example.com,2026-08-26 21:51:37,Sales email (Dana Whitfield): sent,ACME-A006275
jeremy.cain@jacobsllc.example.com,2026-08-26 22:38:53,Sales email (Grace Kim): replied,ACME-A006277
caroline.taylor@clarkmanningandkramer.example.com,2026-08-27 00:11:17,Sales email (Marcus Lee): sent,ACME-A006278
andrea.harvey@colellc.example.com,2026-08-27 00:28:29,Sales email (Priya Raman): replied,ACME-A006279
vanessa.contreras@johnsonbuchanan.example.com,2026-08-27 02:33:48,Sales email (Jordan Ellis): sent,ACME-A006284
julie.ballard@leeburnettandharris.example.com,2026-08-27 02:44:33,Sales email (Marcus Lee): sent,ACME-A006285
tamara.ryan@smithplc.example.com,2026-08-27 02:52:46,Sales email (Marcus Lee): replied,ACME-A006286
anthony.thompson@flowersltd.example.com,2026-08-27 05:40:44,Sales email (Priya Raman): sent,ACME-A006290
matthew.velez@huffllc.example.com,2026-08-27 06:34:00,Sales email (Dana Whitfield): sent,ACME-A006294
sean.baker@spencerlopez.example.com,2026-08-27 06:45:09,Sales email (Sofia Alvarez): sent,ACME-A006295
benjamin.esparza@lopezandsons.example.com,2026-08-27 08:11:55,Sales email (Priya Raman): sent,ACME-A006298
andrea.harvey@colellc.example.com,2026-08-27 09:48:04,Sales email (Priya Raman): sent,ACME-A006299
nancy.carter@bergandrews.example.com,2026-08-27 10:05:48,Sales email (Priya Raman): sent,ACME-A006301
david.anderson@hunterinc.example.com,2026-08-27 11:57:58,Sales email (Sofia Alvarez): sent,ACME-A006303
julie.clark@allenpeterson.example.com,2026-08-27 12:46:05,Sales email (Priya Raman): sent,ACME-A006305
dustin.craig@fryandsons.example.com,2026-08-27 13:18:28,Sales email (Dana Whitfield): sent,ACME-A006306
john.hall@andersonhamilton.example.com,2026-08-27 13:38:13,Sales email (Priya Raman): bounced,ACME-A006307
glenn.beck@turnerreyesandfarley.example.com,2026-08-27 13:48:48,Sales email (Grace Kim): sent,ACME-A006308
emily.cruz@crossfrazier.example.com,2026-08-27 14:41:09,Sales email (Acme Round Robin): replied,ACME-A006312
rachel.pacheco@parkerjohnson.example.com,2026-08-27 15:26:39,Sales email (Sofia Alvarez): replied,ACME-A006315
julie.adams@williamsjackson.example.com,2026-08-27 16:21:10,Sales email (Jordan Ellis): sent,ACME-A006317
joshua.prince@garzanorton.example.com,2026-08-27 17:27:12,Sales email (Jordan Ellis): sent,ACME-A006318
heidi.price@acostaberry.example.com,2026-08-27 17:34:24,Sales email (Priya Raman): sent,ACME-A006319
ryan.smith@ramirezplc.example.com,2026-08-27 19:13:05,Sales email (Dana Whitfield): bounced,ACME-A006323
angela.martin@smithkellyandjones.example.com,2026-08-27 20:07:41,Sales email (Sofia Alvarez): sent,ACME-A006326
richard.webb@downspowell.example.com,2026-08-28 01:01:08,Sales email (Dana Whitfield): sent,ACME-A006335
raymond.travis@hannaandsons.example.com,2026-08-28 01:08:33,Sales email (Owen Brooks): replied,ACME-A006337
veronica.conrad@foxbarrera.example.com,2026-08-28 01:56:12,Sales email (Jordan Ellis): replied,ACME-A006338
anthony.alexander@everettbuckleyandmoore.example.com,2026-08-28 05:23:33,Sales email (Marcus Lee): sent,ACME-A006342
tracy.foster@gallaghergroup.example.com,2026-08-28 08:13:49,Sales email (Priya Raman): sent,ACME-A006346
preston.mccall@sullivanplc.example.com,2026-08-28 08:40:12,Sales email (Sofia Alvarez): sent,ACME-A006347
janet.meadows@browninc.example.com,2026-08-28 09:17:05,Sales email (Dana Whitfield): sent,ACME-A006348
alexis.avery@carterthomas.example.com,2026-08-28 10:16:55,Sales email (Sofia Alvarez): sent,ACME-A006350
jose.moreno@rodriguezbutlerandchase.example.com,2026-08-28 11:24:48,Sales email (Marcus Lee): sent,ACME-A006351
patricia.morales@millervelasquezandrichar.example.com,2026-08-28 11:51:56,Sales email (Grace Kim): bounced,ACME-A006352
emily.sullivan@rosarioandsons.example.com,2026-08-28 13:11:58,Sales email (Owen Brooks): sent,ACME-A006354
lindsay.hill@collierltd.example.com,2026-08-28 13:16:49,Sales email (Grace Kim): replied,ACME-A006356
tamara.ryan@smithplc.example.com,2026-08-28 14:11:36,Sales email (Marcus Lee): sent,ACME-A006359
mark.green@bridgesclarkeandgill.example.com,2026-08-28 14:25:15,Sales email (Jordan Ellis): bounced,ACME-A006360
richard.kelley@foxdunn.example.com,2026-08-28 16:03:00,Sales email (Jordan Ellis): sent,ACME-A006364
nicholas.thomas@garzathomas.example.com,2026-08-28 16:25:29,Sales email (Dana Whitfield): sent,ACME-A006365
kim.spencer@wellsinc.example.com,2026-08-28 16:29:40,Sales email (Owen Brooks): sent,ACME-A006366
maria.anderson@dennisgarcia.example.com,2026-08-28 17:20:51,Sales email (Sofia Alvarez): replied,ACME-A006369
leah.hudson@greenkemp.example.com,2026-08-28 18:09:24,Sales email (Marcus Lee): replied,ACME-A006371
melanie.hughes@davisplc.example.com,2026-08-28 18:40:10,Sales email (Owen Brooks): sent,ACME-A006372
tamara.ryan@smithplc.example.com,2026-08-28 18:55:41,Sales email (Marcus Lee): sent,ACME-A006373
janet.jones@warrencastillo.example.com,2026-08-28 19:36:42,Sales email (Jordan Ellis): sent,ACME-A006377
david.duncan@brennanfisher.example.com,2026-08-28 20:27:27,Sales email (Priya Raman): sent,ACME-A006379
maria.sanchez@bushplc.example.com,2026-08-28 21:54:48,Sales email (Dana Whitfield): sent,ACME-A006381
emily.sullivan@rosarioandsons.example.com,2026-08-28 22:37:30,Sales email (Owen Brooks): sent,ACME-A006383
johnny.wright@mathiscross.example.com,2026-08-28 23:06:33,Sales email (Dana Whitfield): sent,ACME-A006384
austin.goodman@parkerplc.example.com,2026-08-29 01:07:57,Sales email (Acme Round Robin): sent,ACME-A006386
carla.conway@jonesnguyenandmejia.example.com,2026-08-29 01:17:40,Sales email (Jordan Ellis): sent,ACME-A006387
alexis.kennedy@harrisonplc.example.com,2026-08-29 01:27:10,Sales email (Jordan Ellis): sent,ACME-A006388
kimberly.wood@kaufmanltd.example.com,2026-08-29 03:14:06,Sales email (Sofia Alvarez): sent,ACME-A006390
michael.young@gregoryortiz.example.com,2026-08-29 03:31:14,Sales email (Dana Whitfield): sent,ACME-A006391
meredith.blair@leemason.example.com,2026-08-29 03:57:01,Sales email (Marcus Lee): sent,ACME-A006392
anita.ibarra@byrdparrish.example.com,2026-08-29 05:50:15,Sales email (Priya Raman): sent,ACME-A006396
chelsea.mitchell@lawrencemortonandgarza.example.com,2026-08-29 06:14:39,Sales email (Marcus Lee): sent,ACME-A006398
nicole.ford@hernandezlopez.example.com,2026-08-29 07:00:14,Sales email (Owen Brooks): sent,ACME-A006399
tamara.ryan@smithplc.example.com,2026-08-29 07:51:37,Sales email (Marcus Lee): sent,ACME-A006400
matthew.hernandez@steelewatson.example.com,2026-08-29 09:03:42,Sales email (Dana Whitfield): sent,ACME-A006403
samuel.sparks@smithltd.example.com,2026-08-29 09:51:45,Sales email (Marcus Lee): sent,ACME-A006405
elizabeth.foster@holtmiller.example.com,2026-08-29 14:00:03,Sales email (Marcus Lee): sent,ACME-A006412
richard.kelley@foxdunn.example.com,2026-08-29 18:00:37,Sales email (Jordan Ellis): sent,ACME-A006417
donald.jenkins@woodweaver.example.com,2026-08-29 18:15:09,Sales email (Priya Raman): replied,ACME-A006418
linda.monroe@carterinc.example.com,2026-08-29 22:42:33,Sales email (Sofia Alvarez): sent,ACME-A006426
steven.diaz@schwartzlutzandcook.example.com,2026-08-30 02:22:56,Sales email (Priya Raman): sent,ACME-A006432
mary.montgomery@harveygroup.example.com,2026-08-30 02:33:20,Sales email (Dana Whitfield): sent,ACME-A006433
heidi.price@acostaberry.example.com,2026-08-30 02:46:08,Sales email (Priya Raman): bounced,ACME-A006434
bryan.gray@obrienelliottandbrennan.example.com,2026-08-30 03:10:23,Sales email (Marcus Lee): sent,ACME-A006436
brandon.velez@tuckerschaefer.example.com,2026-08-30 03:15:26,Sales email (Sofia Alvarez): sent,ACME-A006437
kaitlin.stevens@everettinc.example.com,2026-08-30 03:53:27,Sales email (Marcus Lee): sent,ACME-A006438
veronica.conrad@foxbarrera.example.com,2026-08-30 04:06:02,Sales email (Jordan Ellis): sent,ACME-A006439
andre.stevens@wilsonburgessandwong.example.com,2026-08-30 05:56:39,Sales email (Jordan Ellis): sent,ACME-A006441
samantha.reynolds@sloanplc.example.com,2026-08-30 06:11:08,Sales email (Jordan Ellis): sent,ACME-A006444
nicole.ford@hernandezlopez.example.com,2026-08-30 06:14:19,Sales email (Owen Brooks): sent,ACME-A006445
helen.morgan@cunninghamgomezandduncan.example.com,2026-08-30 06:24:54,Sales email (Dana Whitfield): sent,ACME-A006446
katherine.walton@sanchezcunninghamandchav.example.com,2026-08-30 06:28:15,Sales email (Sofia Alvarez): sent,ACME-A006447
brandon.velez@tuckerschaefer.example.com,2026-08-30 06:49:34,Sales email (Sofia Alvarez): sent,ACME-A006448
christopher.richards@smithinc.example.com,2026-08-30 06:49:51,Sales email (Sofia Alvarez): replied,ACME-A006449
erin.cooper@rosscastilloandpatterson.example.com,2026-08-30 08:11:14,Sales email (Grace Kim): sent,ACME-A006452
robert.shields@smithlopezandorozco.example.com,2026-08-30 08:35:44,Sales email (Grace Kim): replied,ACME-A006453
peter.davis@johnsonmalone.example.com,2026-08-30 09:18:49,Sales email (Owen Brooks): sent,ACME-A006454
jasmin.ward@walkerwebb.example.com,2026-08-30 10:01:35,Sales email (Sofia Alvarez): sent,ACME-A006456
nathan.padilla@hortonmiller.example.com,2026-08-30 10:10:17,Sales email (Owen Brooks): replied,ACME-A006458
emily.murray@morganjohnsandwalker.example.com,2026-08-30 12:47:46,Sales email (Jordan Ellis): sent,ACME-A006462
michael.ryan@taylorcherryandrocha.example.com,2026-08-30 13:21:32,Sales email (Owen Brooks): sent,ACME-A006463
devon.clark@riddlesmithandmay.example.com,2026-08-30 15:05:36,Sales email (Sofia Alvarez): replied,ACME-A006464
shari.rodriguez@garciaacostaandlewis.example.com,2026-08-30 16:36:27,Sales email (Marcus Lee): sent,ACME-A006468
brett.davis@barnesjackson.example.com,2026-08-30 16:57:21,Sales email (Jordan Ellis): replied,ACME-A006470
evelyn.king@campbellchavez.example.com,2026-08-30 18:37:51,Sales email (Acme Round Robin): sent,ACME-A006473
teresa.griffith@bartlettltd.example.com,2026-08-30 19:46:01,Sales email (Dana Whitfield): sent,ACME-A006474
devon.carter@acevedollc.example.com,2026-08-30 19:50:59,Sales email (Jordan Ellis): replied,ACME-A006475
david.huang@baileychambers.example.com,2026-08-30 20:01:21,Sales email (Priya Raman): sent,ACME-A006476
samuel.jordan@alvaradomayo.example.com,2026-08-30 22:48:33,Sales email (Jordan Ellis): sent,ACME-A006479
melvin.brock@thomasmooreandwright.example.com,2026-08-31 00:26:04,Sales email (Sofia Alvarez): sent,ACME-A006481
james.jackson@rayandsons.example.com,2026-08-31 00:49:41,Sales email (Grace Kim): replied,ACME-A006482
robert.buchanan@richardsonstephens.example.com,2026-08-31 01:17:57,Sales email (Priya Raman): sent,ACME-A006483
austin.goodman@parkerplc.example.com,2026-08-31 01:28:19,Sales email (Acme Round Robin): replied,ACME-A006484
melissa.torres@wadehughes.example.com,2026-08-31 01:29:44,Sales email (Priya Raman): replied,ACME-A006485
christine.owens@batesandsons.example.com,2026-08-31 02:09:06,Sales email (Owen Brooks): sent,ACME-A006486
sara.holder@sheppardbrowningandhamil.example.com,2026-08-31 02:27:24,Sales email (Jordan Ellis): sent,ACME-A006487
johnny.wright@mathiscross.example.com,2026-08-31 02:28:04,Sales email (Dana Whitfield): sent,ACME-A006488
helen.morgan@cunninghamgomezandduncan.example.com,2026-08-31 03:10:35,Sales email (Dana Whitfield): replied,ACME-A006489
michelle.estrada@gomezandsons.example.com,2026-08-31 03:39:45,Sales email (Marcus Lee): bounced,ACME-A006490
brian.fritz@christiandanielsandmoody.example.com,2026-08-31 05:08:58,Sales email (Sofia Alvarez): sent,ACME-A006491
james.haynes@scottturner.example.com,2026-08-31 05:57:37,Sales email (Owen Brooks): sent,ACME-A006493
henry.ramos@vasquezschmidt.example.com,2026-08-31 06:23:25,Sales email (Priya Raman): replied,ACME-A006495
samuel.sparks@smithltd.example.com,2026-08-31 06:48:06,Sales email (Marcus Lee): sent,ACME-A006496
thomas.leonard@brownandsons.example.com,2026-08-31 09:09:04,Sales email (Dana Whitfield): replied,ACME-A006499
kenneth.brewer@spencerllc.example.com,2026-08-31 09:25:33,Sales email (Sofia Alvarez): replied,ACME-A006500
katelyn.bolton@mercadohaynesandking.example.com,2026-08-31 09:39:30,Sales email (Marcus Lee): sent,ACME-A006502
jennifer.esparza@hammondmurray.example.com,2026-08-31 10:16:20,Sales email (Dana Whitfield): replied,ACME-A006506
lisa.rios@paynerandolph.example.com,2026-08-31 10:35:54,Sales email (Dana Whitfield): sent,ACME-A006507
stacy.reyes@hallinc.example.com,2026-08-31 11:35:34,Sales email (Dana Whitfield): sent,ACME-A006509
brandon.mendoza@lewisllc.example.com,2026-08-31 13:01:21,Sales email (Marcus Lee): sent,ACME-A006511
nicholas.harris@mckeevazquezandhughes.example.com,2026-08-31 14:24:50,Sales email (Dana Whitfield): sent,ACME-A006512
katherine.hawkins@robertsonwhiteandfreeman.example.com,2026-08-31 14:33:13,Sales email (Priya Raman): sent,ACME-A006513
sue.wright@mcdanielhoandharrington.example.com,2026-08-31 14:44:35,Sales email (Dana Whitfield): bounced,ACME-A006514
rebecca.hill@bellfriedman.example.com,2026-08-31 15:25:12,Sales email (Dana Whitfield): sent,ACME-A006516
william.curry@willismunozanddavis.example.com,2026-08-31 16:12:43,Sales email (Sofia Alvarez): sent,ACME-A006517
renee.williams@dunncookandhaas.example.com,2026-08-31 16:26:13,Sales email (Marcus Lee): replied,ACME-A006518
eileen.evans@hernandezplc.example.com,2026-08-31 17:11:29,Sales email (Jordan Ellis): replied,ACME-A006519
jose.moreno@rodriguezbutlerandchase.example.com,2026-08-31 19:09:11,Sales email (Marcus Lee): sent,ACME-A006525
alyssa.osborn@lewisbrandtandholt.example.com,2026-08-31 19:34:43,Sales email (Owen Brooks): sent,ACME-A006526
michele.daniels@adkinsandsons.example.com,2026-08-31 20:28:02,Sales email (Dana Whitfield): sent,ACME-A006528
jacob.brown@masonltd.example.com,2026-08-31 20:43:28,Sales email (Dana Whitfield): sent,ACME-A006529
kirsten.sullivan@guzmancooperandwade.example.com,2026-08-31 21:18:00,Sales email (Jordan Ellis): sent,ACME-A006532
natasha.brown@patrickgroup.example.com,2026-08-31 23:44:43,Sales email (Sofia Alvarez): sent,ACME-A006538
kelly.johnson@livingstonallenandshaw.example.com,2026-09-01 01:41:08,Sales email (Dana Whitfield): sent,ACME-A006541
michael.matthews@mathewsmartinez.example.com,2026-09-01 02:44:46,Sales email (Acme Round Robin): sent,ACME-A006543
kelly.hart@hoffmanplc.example.com,2026-09-01 03:54:02,Sales email (Sofia Alvarez): sent,ACME-A006545
haley.brown@hartriveraandlee.example.com,2026-09-01 05:28:55,Sales email (Jordan Ellis): replied,ACME-A006547
margaret.moss@romerochavez.example.com,2026-09-01 06:03:20,Sales email (Jordan Ellis): sent,ACME-A006548
sandra.daniels@hughesandsons.example.com,2026-09-01 07:33:36,Sales email (Owen Brooks): replied,ACME-A006550
savannah.armstrong@harrisgroup.example.com,2026-09-01 08:30:37,Sales email (Sofia Alvarez): replied,ACME-A006552
lawrence.clark@johnsonarmstrong.example.com,2026-09-01 10:26:37,Sales email (Sofia Alvarez): sent,ACME-A006555
david.anderson@hunterinc.example.com,2026-09-01 10:28:55,Sales email (Sofia Alvarez): replied,ACME-A006556
christine.jones@hernandezjacksonandhill.example.com,2026-09-01 11:00:41,Sales email (Priya Raman): replied,ACME-A006557
stacy.reyes@hallinc.example.com,2026-09-01 11:00:55,Sales email (Dana Whitfield): sent,ACME-A006558
steven.moon@nealwhite.example.com,2026-09-01 11:09:46,Sales email (Acme Round Robin): sent,ACME-A006559
derek.white@garciaplc.example.com,2026-09-01 11:51:49,Sales email (Marcus Lee): sent,ACME-A006560
sarah.maxwell@baxtercasey.example.com,2026-09-01 12:30:52,Sales email (Dana Whitfield): sent,ACME-A006562
audrey.tucker@mccartyspencerandkelly.example.com,2026-09-01 13:06:38,Sales email (Jordan Ellis): sent,ACME-A006563
anthony.thompson@flowersltd.example.com,2026-09-01 14:23:34,Sales email (Priya Raman): sent,ACME-A006567
april.myers@rosegonzalezandfarmer.example.com,2026-09-01 14:35:13,Sales email (Sofia Alvarez): sent,ACME-A006569
james.rice@brownhouston.example.com,2026-09-01 15:38:30,Sales email (Grace Kim): sent,ACME-A006571
alexander.wilson@danielaguilar.example.com,2026-09-01 15:48:07,Sales email (Jordan Ellis): sent,ACME-A006572
renee.williams@dunncookandhaas.example.com,2026-09-01 16:36:22,Sales email (Marcus Lee): bounced,ACME-A006573
jill.schneider@ramirezlloyd.example.com,2026-09-01 17:28:44,Sales email (Dana Whitfield): replied,ACME-A006575
amy.thomas@booneltd.example.com,2026-09-01 19:30:01,Sales email (Jordan Ellis): sent,ACME-A006580
mallory.trujillo@davisandsons.example.com,2026-09-01 20:33:43,Sales email (Marcus Lee): sent,ACME-A006582
victoria.gibson@carlsonjamesandbrown.example.com,2026-09-01 20:47:51,Sales email (Priya Raman): sent,ACME-A006583
theresa.king@johnsoncox.example.com,2026-09-01 21:29:46,Sales email (Marcus Lee): replied,ACME-A006584
david.nolan@haynesgroup.example.com,2026-09-01 22:04:57,Sales email (Priya Raman): sent,ACME-A006587
renee.williams@dunncookandhaas.example.com,2026-09-02 00:33:03,Sales email (Marcus Lee): sent,ACME-A006592
jessica.mccormick@warreninc.example.com,2026-09-02 00:35:27,Sales email (Sofia Alvarez): sent,ACME-A006593
michael.vaughn@roblescampbell.example.com,2026-09-02 04:44:30,Sales email (Dana Whitfield): sent,ACME-A006597
angela.wright@olseninc.example.com,2026-09-02 04:58:07,Sales email (Grace Kim): sent,ACME-A006598
elizabeth.vega@wardllc.example.com,2026-09-02 05:01:06,Sales email (Sofia Alvarez): replied,ACME-A006599
brian.little@johnsonherreraandcole.example.com,2026-09-02 06:28:28,Sales email (Marcus Lee): replied,ACME-A006601
peter.davis@johnsonmalone.example.com,2026-09-02 10:07:12,Sales email (Owen Brooks): replied,ACME-A006605
taylor.willis@penabell.example.com,2026-09-02 10:18:12,Sales email (Sofia Alvarez): replied,ACME-A006606
wayne.ellis@greenebradfordandwalker.example.com,2026-09-02 10:50:07,Sales email (Sofia Alvarez): sent,ACME-A006607
julie.holmes@hatfieldatkinsandtaylor.example.com,2026-09-02 12:20:51,Sales email (Dana Whitfield): sent,ACME-A006612
connor.chase@cruzinc.example.com,2026-09-02 12:27:58,Sales email (Priya Raman): replied,ACME-A006613
denise.smith@andrewswilcox.example.com,2026-09-02 12:45:13,Sales email (Dana Whitfield): sent,ACME-A006614
william.curry@willismunozanddavis.example.com,2026-09-02 13:13:01,Sales email (Sofia Alvarez): replied,ACME-A006616
lisa.torres@martinandsons.example.com,2026-09-02 14:05:09,Sales email (Jordan Ellis): sent,ACME-A006617
earl.mcpherson@fishergroup.example.com,2026-09-02 15:38:32,Sales email (Marcus Lee): replied,ACME-A006619
jean.perry@walterswolfe.example.com,2026-09-02 15:50:52,Sales email (Sofia Alvarez): sent,ACME-A006620
melissa.booth@barrerasmith.example.com,2026-09-02 15:52:01,Sales email (Marcus Lee): replied,ACME-A006621
amanda.taylor@lynchllc.example.com,2026-09-02 16:38:49,Sales email (Owen Brooks): replied,ACME-A006625
meghan.hartman@westmahoney.example.com,2026-09-02 18:01:27,Sales email (Marcus Lee): sent,ACME-A006628
desiree.solomon@smithcrawford.example.com,2026-09-02 18:11:58,Sales email (Sofia Alvarez): sent,ACME-A006629
alyssa.ross@sanfordltd.example.com,2026-09-03 02:30:22,Sales email (Priya Raman): replied,ACME-A006645
william.reid@jordanandsons.example.com,2026-09-03 02:48:48,Sales email (Jordan Ellis): sent,ACME-A006646
nancy.carter@bergandrews.example.com,2026-09-03 04:07:35,Sales email (Priya Raman): sent,ACME-A006652
elizabeth.foster@holtmiller.example.com,2026-09-03 08:27:06,Sales email (Marcus Lee): bounced,ACME-A006659
jessica.cook@bullockbrownandmartin.example.com,2026-09-03 08:28:52,Sales email (Priya Raman): sent,ACME-A006660
katelyn.bolton@mercadohaynesandking.example.com,2026-09-03 08:58:14,Sales email (Marcus Lee): sent,ACME-A006661
christopher.davis@phillipsandsons.example.com,2026-09-03 11:13:02,Sales email (Dana Whitfield): sent,ACME-A006666
amber.nelson@thomasromanandmoore.example.com,2026-09-03 11:49:28,Sales email (Sofia Alvarez): sent,ACME-A006667
joshua.prince@garzanorton.example.com,2026-09-03 11:53:22,Sales email (Jordan Ellis): sent,ACME-A006668
sandra.daniels@hughesandsons.example.com,2026-09-03 12:31:29,Sales email (Owen Brooks): sent,ACME-A006671
michael.davis@hallltd.example.com,2026-09-03 12:35:48,Sales email (Jordan Ellis): replied,ACME-A006673
kristen.lopez@milesltd.example.com,2026-09-03 13:20:12,Sales email (Priya Raman): sent,ACME-A006674
david.duncan@brennanfisher.example.com,2026-09-03 13:54:26,Sales email (Priya Raman): sent,ACME-A006675
tiffany.allen@marquezmiller.example.com,2026-09-03 14:34:31,Sales email (Marcus Lee): sent,ACME-A006677
david.flynn@fergusonlewisandsmith.example.com,2026-09-03 14:36:02,Sales email (Dana Whitfield): sent,ACME-A006678
mike.jones@walterskingandfriedman.example.com,2026-09-03 15:49:46,Sales email (Dana Whitfield): sent,ACME-A006680
brandon.velez@tuckerschaefer.example.com,2026-09-03 17:43:09,Sales email (Sofia Alvarez): sent,ACME-A006683
brandon.mendoza@lewisllc.example.com,2026-09-03 18:14:27,Sales email (Marcus Lee): sent,ACME-A006685
lance.glenn@hendersonwelchandlawrenc.example.com,2026-09-03 18:17:40,Sales email (Priya Raman): sent,ACME-A006686
jeremy.stanton@martinezhughes.example.com,2026-09-03 21:43:13,Sales email (Marcus Lee): replied,ACME-A006692
michelle.keith@scottplc.example.com,2026-09-03 22:05:11,Sales email (Priya Raman): sent,ACME-A006693
ashley.white@ramosllc.example.com,2026-09-03 22:31:43,Sales email (Priya Raman): sent,ACME-A006695
carol.cole@floresryan.example.com,2026-09-03 22:37:11,Sales email (Grace Kim): sent,ACME-A006696
jennifer.esparza@hammondmurray.example.com,2026-09-03 22:55:42,Sales email (Dana Whitfield): sent,ACME-A006698
brett.davis@barnesjackson.example.com,2026-09-04 02:40:44,Sales email (Jordan Ellis): sent,ACME-A006703
angela.martin@smithkellyandjones.example.com,2026-09-04 02:56:29,Sales email (Sofia Alvarez): sent,ACME-A006704
johnny.wright@mathiscross.example.com,2026-09-04 03:38:29,Sales email (Dana Whitfield): sent,ACME-A006705
mariah.wheeler@williamssmall.example.com,2026-09-04 04:30:26,Sales email (Dana Whitfield): sent,ACME-A006707
john.lawrence@nelsonford.example.com,2026-09-04 05:19:25,Sales email (Dana Whitfield): sent,ACME-A006708
katrina.burton@perryrichardson.example.com,2026-09-04 06:25:55,Sales email (Owen Brooks): sent,ACME-A006709
john.valenzuela@pughpachecoandrose.example.com,2026-09-04 07:29:51,Sales email (Priya Raman): sent,ACME-A006711
haley.brown@hartriveraandlee.example.com,2026-09-04 08:40:37,Sales email (Jordan Ellis): sent,ACME-A006712
tammy.sloan@adamsallenandwalton.example.com,2026-09-04 11:37:33,Sales email (Jordan Ellis): sent,ACME-A006715
daniel.thomas@pagesmith.example.com,2026-09-04 12:03:11,Sales email (Jordan Ellis): sent,ACME-A006717
christopher.kramer@reedcarlsonandryan.example.com,2026-09-04 14:10:54,Sales email (Owen Brooks): replied,ACME-A006722
victoria.gibson@carlsonjamesandbrown.example.com,2026-09-04 15:03:04,Sales email (Priya Raman): sent,ACME-A006724
christopher.davis@phillipsandsons.example.com,2026-09-04 15:54:30,Sales email (Dana Whitfield): replied,ACME-A006728
michelle.herring@fullermartin.example.com,2026-09-04 16:26:18,Sales email (Grace Kim): replied,ACME-A006732
brooke.lewis@kellygroup.example.com,2026-09-04 17:30:39,Sales email (Acme Round Robin): replied,ACME-A006734
savannah.armstrong@harrisgroup.example.com,2026-09-04 19:32:50,Sales email (Sofia Alvarez): sent,ACME-A006739
elizabeth.osborne@frazierinc.example.com,2026-09-04 21:43:20,Sales email (Dana Whitfield): replied,ACME-A006745
emily.sullivan@rosarioandsons.example.com,2026-09-04 22:59:18,Sales email (Owen Brooks): sent,ACME-A006747
adrienne.wallace@wilsonllc.example.com,2026-09-04 23:55:25,Sales email (Dana Whitfield): replied,ACME-A006750
jessica.colon@martinezplc.example.com,2026-09-05 00:10:48,Sales email (Dana Whitfield): sent,ACME-A006752
michele.burnett@thomasking.example.com,2026-09-05 02:08:21,Sales email (Jordan Ellis): sent,ACME-A006754
michael.matthews@mathewsmartinez.example.com,2026-09-05 03:52:47,Sales email (Acme Round Robin): sent,ACME-A006757
haley.middleton@bestjohnson.example.com,2026-09-05 03:57:16,Sales email (Marcus Lee): sent,ACME-A006758
rachel.pacheco@parkerjohnson.example.com,2026-09-05 05:40:34,Sales email (Sofia Alvarez): sent,ACME-A006763
christopher.kramer@reedcarlsonandryan.example.com,2026-09-05 06:22:28,Sales email (Owen Brooks): sent,ACME-A006765
dennis.flores@williamsgroup.example.com,2026-09-05 06:44:40,Sales email (Priya Raman): sent,ACME-A006766
bryan.gray@obrienelliottandbrennan.example.com,2026-09-05 06:50:11,Sales email (Marcus Lee): sent,ACME-A006767
andrew.gardner@duransmithandpalmer.example.com,2026-09-05 11:12:21,Sales email (Dana Whitfield): sent,ACME-A006775
jill.schneider@ramirezlloyd.example.com,2026-09-05 11:40:59,Sales email (Dana Whitfield): sent,ACME-A006777
kristen.lopez@milesltd.example.com,2026-09-05 12:07:49,Sales email (Priya Raman): replied,ACME-A006780
kevin.johnson@quinnriveraandmcknight.example.com,2026-09-05 17:21:49,Sales email (Marcus Lee): sent,ACME-A006786
kimberly.schmitt@woodsgilbert.example.com,2026-09-05 21:42:30,Sales email (Grace Kim): sent,ACME-A006792
april.myers@rosegonzalezandfarmer.example.com,2026-09-05 23:02:09,Sales email (Sofia Alvarez): sent,ACME-A006794
renee.williams@dunncookandhaas.example.com,2026-09-06 02:40:27,Sales email (Marcus Lee): sent,ACME-A006796
patricia.kennedy@gonzalezplc.example.com,2026-09-06 03:40:51,Sales email (Sofia Alvarez): sent,ACME-A006798
andrew.gardner@duransmithandpalmer.example.com,2026-09-06 04:02:32,Sales email (Dana Whitfield): bounced,ACME-A006799
rebecca.johnson@wilsonjoseph.example.com,2026-09-06 04:18:18,Sales email (Dana Whitfield): replied,ACME-A006800
kimberly.osborne@sellersltd.example.com,2026-09-06 04:58:02,Sales email (Marcus Lee): sent,ACME-A006803
samuel.jordan@alvaradomayo.example.com,2026-09-06 05:23:58,Sales email (Jordan Ellis): sent,ACME-A006804
joshua.prince@garzanorton.example.com,2026-09-06 06:07:26,Sales email (Jordan Ellis): sent,ACME-A006805
jill.schneider@ramirezlloyd.example.com,2026-09-06 07:52:52,Sales email (Dana Whitfield): replied,ACME-A006806
alexander.wilson@danielaguilar.example.com,2026-09-06 08:09:08,Sales email (Jordan Ellis): replied,ACME-A006807
andrew.gardner@duransmithandpalmer.example.com,2026-09-06 08:30:07,Sales email (Dana Whitfield): sent,ACME-A006808
nicholas.taylor@huntgibsonandcalhoun.example.com,2026-09-06 09:25:52,Sales email (Grace Kim): replied,ACME-A006809
melissa.carroll@andersoncollins.example.com,2026-09-06 10:49:40,Sales email (Grace Kim): sent,ACME-A006812
anthony.macdonald@smithacostaanddaniels.example.com,2026-09-06 10:58:02,Sales email (Sofia Alvarez): replied,ACME-A006814
lisa.torres@martinandsons.example.com,2026-09-06 11:05:31,Sales email (Jordan Ellis): sent,ACME-A006815
sarah.bishop@morrisltd.example.com,2026-09-06 12:53:28,Sales email (Priya Raman): sent,ACME-A006818
danielle.blackburn@brownllc.example.com,2026-09-06 16:00:24,Sales email (Sofia Alvarez): sent,ACME-A006823
carla.conway@jonesnguyenandmejia.example.com,2026-09-06 16:24:30,Sales email (Jordan Ellis): replied,ACME-A006824
james.morales@scottespinozaandnelson.example.com,2026-09-06 16:47:47,Sales email (Jordan Ellis): sent,ACME-A006825
jill.schneider@ramirezlloyd.example.com,2026-09-06 18:21:43,Sales email (Dana Whitfield): sent,ACME-A006828
luke.davis@masonpowell.example.com,2026-09-06 20:30:42,Sales email (Marcus Lee): sent,ACME-A006831
james.morales@scottespinozaandnelson.example.com,2026-09-06 20:35:47,Sales email (Jordan Ellis): sent,ACME-A006832
veronica.nichols@carlsonalexander.example.com,2026-09-06 20:37:07,Sales email (Owen Brooks): sent,ACME-A006833
michael.young@gregoryortiz.example.com,2026-09-06 21:37:03,Sales email (Dana Whitfield): replied,ACME-A006834
carol.cole@floresryan.example.com,2026-09-06 22:25:09,Sales email (Grace Kim): sent,ACME-A006835
kenneth.powell@lellc.example.com,2026-09-06 22:33:50,Sales email (Sofia Alvarez): sent,ACME-A006836
jeremy.cain@jacobsllc.example.com,2026-09-07 00:37:24,Sales email (Grace Kim): bounced,ACME-A006839
luke.davis@masonpowell.example.com,2026-09-07 01:40:20,Sales email (Marcus Lee): sent,ACME-A006840
sabrina.bell@wrightramsey.example.com,2026-09-07 05:20:45,Sales email (Grace Kim): sent,ACME-A006843
karen.marshall@mercergroup.example.com,2026-09-07 08:39:19,Sales email (Jordan Ellis): sent,ACME-A006847
marissa.payne@wattsblake.example.com,2026-09-07 08:53:55,Sales email (Priya Raman): sent,ACME-A006848
luis.perez@careyltd.example.com,2026-09-07 09:16:35,Sales email (Priya Raman): sent,ACME-A006849
laura.parker@smithgroup.example.com,2026-09-07 09:48:30,Sales email (Sofia Alvarez): sent,ACME-A006850
christina.garcia@morrischaney.example.com,2026-09-07 09:58:55,Sales email (Sofia Alvarez): sent,ACME-A006851
paul.crawford@rodriguezandsons.example.com,2026-09-07 10:13:08,Sales email (Dana Whitfield): sent,ACME-A006852
mariah.wheeler@williamssmall.example.com,2026-09-07 11:09:54,Sales email (Dana Whitfield): sent,ACME-A006853
danielle.blackburn@brownllc.example.com,2026-09-07 11:55:31,Sales email (Sofia Alvarez): bounced,ACME-A006856
carla.king@hillevans.example.com,2026-09-07 14:29:16,Sales email (Dana Whitfield): sent,ACME-A006862
michelle.garcia@wyattltd.example.com,2026-09-07 15:10:08,Sales email (Owen Brooks): sent,ACME-A006865
james.jones@lewissparksandsmith.example.com,2026-09-07 16:37:25,Sales email (Dana Whitfield): sent,ACME-A006870
jaime.diaz@vincentltd.example.com,2026-09-07 19:08:16,Sales email (Dana Whitfield): sent,ACME-A006874
katelyn.bolton@mercadohaynesandking.example.com,2026-09-07 20:29:57,Sales email (Marcus Lee): replied,ACME-A006877
christina.robinson@wrightllc.example.com,2026-09-07 20:45:09,Sales email (Dana Whitfield): replied,ACME-A006878
lisa.lang@holmeswilliams.example.com,2026-09-08 01:45:50,Sales email (Owen Brooks): sent,ACME-A006886
lisa.frederick@robersoncompton.example.com,2026-09-08 02:25:04,Sales email (Sofia Alvarez): replied,ACME-A006888
shannon.pittman@sheaevansandwebb.example.com,2026-09-08 06:10:50,Sales email (Priya Raman): sent,ACME-A006892
david.huang@baileychambers.example.com,2026-09-08 07:10:25,Sales email (Priya Raman): sent,ACME-A006894
marc.flores@irwinfosterandcardenas.example.com,2026-09-08 09:05:20,Sales email (Priya Raman): sent,ACME-A006897
patricia.oliver@atkinsoneverett.example.com,2026-09-08 10:01:53,Sales email (Acme Round Robin): sent,ACME-A006900
crystal.spencer@riverasalinas.example.com,2026-09-08 12:14:08,Sales email (Priya Raman): sent,ACME-A006903
ronald.adams@charlesstevens.example.com,2026-09-08 14:46:58,Sales email (Priya Raman): sent,ACME-A006907
bianca.lee@turneranderson.example.com,2026-09-08 15:38:47,Sales email (Owen Brooks): sent,ACME-A006908
nancy.malone@brownwilkinson.example.com,2026-09-08 17:30:57,Sales email (Dana Whitfield): sent,ACME-A006913
dennis.flores@williamsgroup.example.com,2026-09-08 18:29:41,Sales email (Priya Raman): replied,ACME-A006916
jennifer.berry@kingmartinandrice.example.com,2026-09-08 18:32:31,Sales email (Priya Raman): sent,ACME-A006917
marissa.nixon@rayplc.example.com,2026-09-08 19:47:34,Sales email (Dana Whitfield): replied,ACME-A006920
erin.duke@callahanbrownandwarren.example.com,2026-09-08 20:12:57,Sales email (Sofia Alvarez): sent,ACME-A006922
katelyn.bolton@mercadohaynesandking.example.com,2026-09-08 23:34:38,Sales email (Marcus Lee): sent,ACME-A006927
alexis.kennedy@harrisonplc.example.com,2026-09-09 00:01:06,Sales email (Jordan Ellis): sent,ACME-A006928
michelle.keith@scottplc.example.com,2026-09-09 00:38:40,Sales email (Priya Raman): replied,ACME-A006930
cynthia.rocha@caldwelljohnsonandayers.example.com,2026-09-09 03:01:05,Sales email (Sofia Alvarez): bounced,ACME-A006934
ryan.smith@murphyllc.example.com,2026-09-09 03:48:57,Sales email (Dana Whitfield): sent,ACME-A006935
angela.burns@fuentesltd.example.com,2026-09-09 04:48:26,Sales email (Sofia Alvarez): sent,ACME-A006937
erin.howard@reynoldsyang.example.com,2026-09-09 05:15:52,Sales email (Sofia Alvarez): bounced,ACME-A006938
alyssa.osborn@lewisbrandtandholt.example.com,2026-09-09 05:24:20,Sales email (Owen Brooks): sent,ACME-A006939
arthur.collins@schultzsmith.example.com,2026-09-09 05:31:12,Sales email (Grace Kim): sent,ACME-A006940
sonya.rodriguez@evanshenson.example.com,2026-09-09 07:01:25,Sales email (Dana Whitfield): sent,ACME-A006942
kelly.ryan@simmonsclarkandrush.example.com,2026-09-09 07:50:48,Sales email (Jordan Ellis): sent,ACME-A006943
betty.flowers@gonzalezandsons.example.com,2026-09-09 08:29:07,Sales email (Dana Whitfield): sent,ACME-A006944
jessica.colon@martinezplc.example.com,2026-09-09 09:33:41,Sales email (Dana Whitfield): sent,ACME-A006946
ruben.adkins@kellygordonandyoung.example.com,2026-09-09 11:10:43,Sales email (Priya Raman): sent,ACME-A006948
alexis.george@baileyinc.example.com,2026-09-09 11:24:13,Sales email (Dana Whitfield): sent,ACME-A006950
laura.walker@millergreenandwilkins.example.com,2026-09-09 11:26:14,Sales email (Priya Raman): sent,ACME-A006951
kathleen.kim@lopezandsons.example.com,2026-09-09 12:58:24,Sales email (Priya Raman): sent,ACME-A006958
richard.kelley@foxdunn.example.com,2026-09-09 14:07:03,Sales email (Jordan Ellis): sent,ACME-A006959
miranda.navarro@curtiswilson.example.com,2026-09-09 14:29:53,Sales email (Marcus Lee): sent,ACME-A006960
melanie.hughes@davisplc.example.com,2026-09-09 14:47:21,Sales email (Owen Brooks): sent,ACME-A006963
christine.owens@batesandsons.example.com,2026-09-09 15:12:36,Sales email (Owen Brooks): sent,ACME-A006965
christina.robinson@wrightllc.example.com,2026-09-09 16:11:05,Sales email (Dana Whitfield): sent,ACME-A006968
mike.jones@walterskingandfriedman.example.com,2026-09-09 17:37:51,Sales email (Dana Whitfield): sent,ACME-A006973
charles.leonard@kramerthompsonandschwart.example.com,2026-09-09 18:51:58,Sales email (Priya Raman): bounced,ACME-A006977
heidi.wong@leemitchellandgrant.example.com,2026-09-09 18:52:12,Sales email (Sofia Alvarez): sent,ACME-A006978
jose.morales@banksplc.example.com,2026-09-09 19:51:00,Sales email (Jordan Ellis): sent,ACME-A006982
katrina.burton@perryrichardson.example.com,2026-09-09 21:17:01,Sales email (Owen Brooks): sent,ACME-A006983
nicholas.richardson@rileysawyerandcharles.example.com,2026-09-09 22:31:54,Sales email (Dana Whitfield): replied,ACME-A006987
james.duncan@rodriguezwhiteandbaker.example.com,2026-09-09 23:26:26,Sales email (Grace Kim): sent,ACME-A006989
ryan.ball@garciashawandlopez.example.com,2026-09-09 23:39:21,Sales email (Sofia Alvarez): sent,ACME-A006990
melissa.greene@reidperezandrobinson.example.com,2026-09-10 00:58:06,Sales email (Dana Whitfield): sent,ACME-A006993
joseph.thompson@mendozalove.example.com,2026-09-10 04:52:28,Sales email (Dana Whitfield): sent,ACME-A006999
sonya.rodriguez@evanshenson.example.com,2026-09-10 04:56:46,Sales email (Dana Whitfield): replied,ACME-A007000
theresa.king@johnsoncox.example.com,2026-09-10 06:36:28,Sales email (Marcus Lee): sent,ACME-A007003
arthur.collins@schultzsmith.example.com,2026-09-10 06:47:55,Sales email (Grace Kim): sent,ACME-A007005
sarah.bishop@morrisltd.example.com,2026-09-10 07:45:53,Sales email (Priya Raman): bounced,ACME-A007007
ellen.evans@vaughanvega.example.com,2026-09-10 09:15:33,Sales email (Jordan Ellis): sent,ACME-A007009
michael.kim@curryyoung.example.com,2026-09-10 10:55:40,Sales email (Grace Kim): sent,ACME-A007011
kelsey.perez@bairdrobertsonandchapman.example.com,2026-09-10 11:05:44,Sales email (Owen Brooks): replied,ACME-A007012
sarah.bishop@morrisltd.example.com,2026-09-10 15:22:31,Sales email (Priya Raman): sent,ACME-A007020
patricia.jensen@colegroup.example.com,2026-09-10 15:32:50,Sales email (Dana Whitfield): replied,ACME-A007022
jeremy.stanton@martinezhughes.example.com,2026-09-10 16:06:06,Sales email (Marcus Lee): sent,ACME-A007024
edward.oneal@bartonlambertandwilliams.example.com,2026-09-10 16:07:31,Sales email (Marcus Lee): replied,ACME-A007025
allen.patrick@reeseinc.example.com,2026-09-10 16:33:08,Sales email (Grace Kim): sent,ACME-A007028
garrett.bullock@riddleplc.example.com,2026-09-10 17:54:47,Sales email (Sofia Alvarez): sent,ACME-A007029
christopher.mendez@morrisfigueroa.example.com,2026-09-10 18:32:11,Sales email (Jordan Ellis): sent,ACME-A007031
carla.conway@jonesnguyenandmejia.example.com,2026-09-10 20:40:47,Sales email (Jordan Ellis): sent,ACME-A007033
chad.winters@chambersgroup.example.com,2026-09-10 21:12:11,Sales email (Priya Raman): sent,ACME-A007034
alexandra.andrews@howeandsons.example.com,2026-09-10 21:34:31,Sales email (Owen Brooks): sent,ACME-A007036
sarah.hunter@simmonsmartinez.example.com,2026-09-10 21:36:49,Sales email (Sofia Alvarez): replied,ACME-A007037
alexander.wilson@danielaguilar.example.com,2026-09-10 22:56:59,Sales email (Jordan Ellis): sent,ACME-A007040
daniel.thomas@pagesmith.example.com,2026-09-11 01:56:35,Sales email (Jordan Ellis): sent,ACME-A007047
valerie.james@weaverinc.example.com,2026-09-11 02:10:17,Sales email (Dana Whitfield): sent,ACME-A007048
luke.brown@greengroup.example.com,2026-09-11 06:19:15,Sales email (Marcus Lee): sent,ACME-A007054
taylor.willis@penabell.example.com,2026-09-11 06:43:06,Sales email (Sofia Alvarez): replied,ACME-A007055
katherine.hawkins@robertsonwhiteandfreeman.example.com,2026-09-11 07:18:48,Sales email (Priya Raman): sent,ACME-A007056
michael.matthews@mathewsmartinez.example.com,2026-09-11 07:54:43,Sales email (Acme Round Robin): sent,ACME-A007058
angela.martin@smithkellyandjones.example.com,2026-09-11 08:14:00,Sales email (Sofia Alvarez): sent,ACME-A007059
heather.wells@larallc.example.com,2026-09-11 09:31:59,Sales email (Marcus Lee): sent,ACME-A007063
amanda.king@frankmurray.example.com,2026-09-11 09:35:51,Sales email (Sofia Alvarez): sent,ACME-A007064
tammy.rogers@hullhernandezandward.example.com,2026-09-11 09:50:55,Sales email (Grace Kim): sent,ACME-A007067
don.parker@russellbrown.example.com,2026-09-11 10:59:45,Sales email (Owen Brooks): sent,ACME-A007070
richard.webb@downspowell.example.com,2026-09-11 11:04:25,Sales email (Dana Whitfield): sent,ACME-A007071
yesenia.martinez@whiteriosandwu.example.com,2026-09-11 11:26:49,Sales email (Marcus Lee): sent,ACME-A007072
matthew.hernandez@steelewatson.example.com,2026-09-11 11:46:25,Sales email (Dana Whitfield): replied,ACME-A007074
david.flynn@fergusonlewisandsmith.example.com,2026-09-11 14:24:06,Sales email (Dana Whitfield): bounced,ACME-A007077
dylan.warren@aguilarltd.example.com,2026-09-11 15:43:17,Sales email (Dana Whitfield): replied,ACME-A007080
kimberly.schmitt@woodsgilbert.example.com,2026-09-11 15:54:01,Sales email (Grace Kim): sent,ACME-A007081
sherry.harper@juarezlevy.example.com,2026-09-11 16:16:43,Sales email (Jordan Ellis): sent,ACME-A007082
thomas.leonard@brownandsons.example.com,2026-09-11 17:10:55,Sales email (Dana Whitfield): sent,ACME-A007084
joseph.ford@jimenezplc.example.com,2026-09-11 17:11:47,Sales email (Grace Kim): sent,ACME-A007085
james.jones@smithinc.example.com,2026-09-11 17:19:59,Sales email (Sofia Alvarez): sent,ACME-A007086
frederick.miller@averyinc.example.com,2026-09-11 17:20:26,Sales email (Priya Raman): replied,ACME-A007087
karen.wright@fosterandrade.example.com,2026-09-11 17:45:12,Sales email (Priya Raman): sent,ACME-A007088
joseph.thompson@mendozalove.example.com,2026-09-11 17:54:22,Sales email (Dana Whitfield): sent,ACME-A007089
laura.mills@robertsongarza.example.com,2026-09-11 18:02:53,Sales email (Sofia Alvarez): sent,ACME-A007090
james.white@wrightltd.example.com,2026-09-11 18:28:11,Sales email (Sofia Alvarez): replied,ACME-A007091
carla.king@hillevans.example.com,2026-09-11 19:04:55,Sales email (Dana Whitfield): replied,ACME-A007093
laura.walker@millergreenandwilkins.example.com,2026-09-11 19:33:35,Sales email (Priya Raman): replied,ACME-A007094
ryan.ball@garciashawandlopez.example.com,2026-09-11 20:35:19,Sales email (Sofia Alvarez): sent,ACME-A007097
juan.ramos@mercadoplc.example.com,2026-09-11 20:36:38,Sales email (Sofia Alvarez): sent,ACME-A007098
heidi.price@acostaberry.example.com,2026-09-12 02:20:59,Sales email (Priya Raman): sent,ACME-A007103
don.parker@russellbrown.example.com,2026-09-12 02:41:25,Sales email (Owen Brooks): sent,ACME-A007104
john.odom@crossdanielsandcallahan.example.com,2026-09-12 07:30:07,Sales email (Grace Kim): sent,ACME-A007108
nicholas.richardson@rileysawyerandcharles.example.com,2026-09-12 11:08:18,Sales email (Dana Whitfield): replied,ACME-A007111
david.flynn@fergusonlewisandsmith.example.com,2026-09-12 12:48:21,Sales email (Dana Whitfield): sent,ACME-A007113
james.watkins@tuckercrawfordandhorton.example.com,2026-09-12 15:51:12,Sales email (Owen Brooks): sent,ACME-A007115
samuel.jordan@alvaradomayo.example.com,2026-09-12 17:34:55,Sales email (Jordan Ellis): sent,ACME-A007119
brian.jackson@rodriguezbarkerandcarter.example.com,2026-09-12 17:49:31,Sales email (Priya Raman): sent,ACME-A007120
jennifer.johnson@carpenterharvey.example.com,2026-09-12 18:54:18,Sales email (Dana Whitfield): sent,ACME-A007122
laura.walker@millergreenandwilkins.example.com,2026-09-12 18:57:01,Sales email (Priya Raman): sent,ACME-A007123
veronica.conrad@foxbarrera.example.com,2026-09-12 20:19:39,Sales email (Jordan Ellis): sent,ACME-A007127
lisa.davis@boydbrewer.example.com,2026-09-12 22:27:08,Sales email (Priya Raman): sent,ACME-A007133
alexis.johnson@gallagherhollowayandsnyd.example.com,2026-09-12 23:29:33,Sales email (Priya Raman): sent,ACME-A007134
james.tran@roachandsons.example.com,2026-09-12 23:39:47,Sales email (Sofia Alvarez): replied,ACME-A007135
theresa.white@rossclark.example.com,2026-09-13 01:16:06,Sales email (Grace Kim): sent,ACME-A007136
peter.davis@johnsonmalone.example.com,2026-09-13 02:16:10,Sales email (Owen Brooks): sent,ACME-A007139
james.rice@brownhouston.example.com,2026-09-13 02:20:11,Sales email (Grace Kim): sent,ACME-A007141
shannon.pittman@sheaevansandwebb.example.com,2026-09-13 03:53:24,Sales email (Priya Raman): replied,ACME-A007143
nathan.hoover@berrywagner.example.com,2026-09-13 04:06:46,Sales email (Dana Whitfield): bounced,ACME-A007144
peter.davis@johnsonmalone.example.com,2026-09-13 04:44:48,Sales email (Owen Brooks): sent,ACME-A007145
veronica.conrad@foxbarrera.example.com,2026-09-13 04:54:34,Sales email (Jordan Ellis): sent,ACME-A007146
james.crawford@henryinc.example.com,2026-09-13 08:14:12,Sales email (Priya Raman): sent,ACME-A007151
barbara.larson@thorntonandsons.example.com,2026-09-13 12:04:55,Sales email (Dana Whitfield): sent,ACME-A007154
brooke.lewis@kellygroup.example.com,2026-09-13 12:52:27,Sales email (Acme Round Robin): sent,ACME-A007156
elizabeth.hughes@hermanjensen.example.com,2026-09-13 14:31:21,Sales email (Dana Whitfield): replied,ACME-A007157
nathan.hoover@berrywagner.example.com,2026-09-13 15:24:49,Sales email (Dana Whitfield): bounced,ACME-A007158
kari.gomez@ramosguerra.example.com,2026-09-13 15:35:29,Sales email (Jordan Ellis): sent,ACME-A007160
rick.mcintyre@rhodesjamesandlopez.example.com,2026-09-13 20:58:24,Sales email (Priya Raman): sent,ACME-A007163
autumn.parker@lloydgroup.example.com,2026-09-13 21:00:47,Sales email (Dana Whitfield): replied,ACME-A007164
nicholas.harris@hicksmartin.example.com,2026-09-13 22:28:18,Sales email (Dana Whitfield): sent,ACME-A007168
paul.chan@hernandezclarke.example.com,2026-09-13 23:41:10,Sales email (Sofia Alvarez): sent,ACME-A007172
kelsey.perez@bairdrobertsonandchapman.example.com,2026-09-14 01:12:54,Sales email (Owen Brooks): sent,ACME-A007174
ryan.ball@garciashawandlopez.example.com,2026-09-14 01:21:04,Sales email (Sofia Alvarez): sent,ACME-A007176
keith.brooks@molinagroup.example.com,2026-09-14 03:08:15,Sales email (Dana Whitfield): sent,ACME-A007179
nicholas.richardson@rileysawyerandcharles.example.com,2026-09-14 04:20:13,Sales email (Dana Whitfield): sent,ACME-A007183
donald.rogers@payneplc.example.com,2026-09-14 05:14:37,Sales email (Priya Raman): replied,ACME-A007184
alexander.moore@coleinc.example.com,2026-09-14 05:39:31,Sales email (Acme Round Robin): sent,ACME-A007186
lisa.stevenson@richardsonplc.example.com,2026-09-14 06:32:33,Sales email (Dana Whitfield): sent,ACME-A007189
oscar.casey@wellsturner.example.com,2026-09-14 11:16:13,Sales email (Jordan Ellis): sent,ACME-A007195
stephen.garcia@lambertwongandgiles.example.com,2026-09-14 12:16:45,Sales email (Dana Whitfield): sent,ACME-A007197
nathan.farrell@perrywilliams.example.com,2026-09-14 12:17:52,Sales email (Marcus Lee): sent,ACME-A007198
jessica.klein@osbornltd.example.com,2026-09-14 12:45:41,Sales email (Jordan Ellis): sent,ACME-A007199
joe.johnson@greengreerandjohnson.example.com,2026-09-14 14:51:39,Sales email (Sofia Alvarez): sent,ACME-A007205
eduardo.robinson@cooperltd.example.com,2026-09-14 16:49:57,Sales email (Jordan Ellis): sent,ACME-A007209
melody.santos@greerolsonandblake.example.com,2026-09-14 16:57:49,Sales email (Owen Brooks): sent,ACME-A007211
melanie.brown@huynhcochranandgraham.example.com,2026-09-14 17:07:59,Sales email (Sofia Alvarez): replied,ACME-A007212
sara.holder@sheppardbrowningandhamil.example.com,2026-09-14 19:13:07,Sales email (Jordan Ellis): sent,ACME-A007219
christian.serrano@stanleysmithandporter.example.com,2026-09-14 21:33:09,Sales email (Sofia Alvarez): sent,ACME-A007225
alexis.george@baileyinc.example.com,2026-09-14 22:39:47,Sales email (Dana Whitfield): sent,ACME-A007227
erin.duke@callahanbrownandwarren.example.com,2026-09-14 22:41:27,Sales email (Sofia Alvarez): replied,ACME-A007228
heather.taylor@taylorllc.example.com,2026-09-14 22:50:50,Sales email (Jordan Ellis): sent,ACME-A007229
jennifer.anderson@hickmanwestandbranch.example.com,2026-09-15 00:00:50,Sales email (Marcus Lee): sent,ACME-A007231
jesse.burns@vasquezalexanderandrowla.example.com,2026-09-15 00:37:37,Sales email (Sofia Alvarez): bounced,ACME-A007233
chelsea.mitchell@lawrencemortonandgarza.example.com,2026-09-15 01:20:52,Sales email (Marcus Lee): sent,ACME-A007236
robin.stewart@camposgroup.example.com,2026-09-15 02:53:04,Sales email (Dana Whitfield): sent,ACME-A007238
joseph.scott@waltersjones.example.com,2026-09-15 02:59:22,Sales email (Priya Raman): sent,ACME-A007239
samantha.mann@thomasplc.example.com,2026-09-15 03:40:37,Sales email (Dana Whitfield): sent,ACME-A007241
anna.dawson@martinandsons.example.com,2026-09-15 04:25:03,Sales email (Jordan Ellis): sent,ACME-A007243
marissa.nixon@rayplc.example.com,2026-09-15 05:29:55,Sales email (Dana Whitfield): replied,ACME-A007244
bryan.gray@obrienelliottandbrennan.example.com,2026-09-15 06:02:06,Sales email (Marcus Lee): sent,ACME-A007245
heidi.wong@leemitchellandgrant.example.com,2026-09-15 06:40:23,Sales email (Sofia Alvarez): replied,ACME-A007246
alexis.bartlett@luceroltd.example.com,2026-09-15 08:58:46,Sales email (Sofia Alvarez): sent,ACME-A007248
brandon.velez@tuckerschaefer.example.com,2026-09-15 09:24:47,Sales email (Sofia Alvarez): replied,ACME-A007249
victoria.alexander@porterbauerandzuniga.example.com,2026-09-15 10:12:54,Sales email (Marcus Lee): sent,ACME-A007250
brandon.velez@tuckerschaefer.example.com,2026-09-15 10:34:41,Sales email (Sofia Alvarez): sent,ACME-A007251
audrey.tucker@mccartyspencerandkelly.example.com,2026-09-15 11:08:06,Sales email (Jordan Ellis): sent,ACME-A007253
bianca.lee@turneranderson.example.com,2026-09-15 11:59:11,Sales email (Owen Brooks): sent,ACME-A007255
don.parker@russellbrown.example.com,2026-09-15 12:37:47,Sales email (Owen Brooks): replied,ACME-A007258
richard.harrison@meltonrodriguezandchen.example.com,2026-09-15 14:08:43,Sales email (Acme Round Robin): sent,ACME-A007261
juan.ramos@mercadoplc.example.com,2026-09-15 15:55:55,Sales email (Sofia Alvarez): sent,ACME-A007263
todd.marshall@owensgroup.example.com,2026-09-15 16:01:30,Sales email (Priya Raman): sent,ACME-A007264
jason.mitchell@gamblecrawford.example.com,2026-09-15 16:37:42,Sales email (Marcus Lee): sent,ACME-A007265
daniel.mcneil@lawrenceandsons.example.com,2026-09-15 17:27:27,Sales email (Sofia Alvarez): replied,ACME-A007268
alexis.ball@longcordovaandrobertson.example.com,2026-09-15 18:30:49,Sales email (Grace Kim): sent,ACME-A007270
colleen.mitchell@grossinc.example.com,2026-09-15 18:46:05,Sales email (Acme Round Robin): replied,ACME-A007271
patricia.butler@crossmyers.example.com,2026-09-15 18:59:01,Sales email (Sofia Alvarez): sent,ACME-A007272
jimmy.fletcher@smithhendersonandwilliam.example.com,2026-09-15 19:20:19,Sales email (Priya Raman): sent,ACME-A007273
sherry.delacruz@armstrongmooreandyoung.example.com,2026-09-15 19:58:53,Sales email (Dana Whitfield): sent,ACME-A007276
preston.mccall@sullivanplc.example.com,2026-09-15 20:58:50,Sales email (Sofia Alvarez): sent,ACME-A007281
anna.dawson@martinandsons.example.com,2026-09-15 21:05:22,Sales email (Jordan Ellis): replied,ACME-A007282
danielle.blackburn@brownllc.example.com,2026-09-15 23:53:47,Sales email (Sofia Alvarez): sent,ACME-A007285
thomas.mosley@bowmanoliverandanderson.example.com,2026-09-16 00:05:18,Sales email (Priya Raman): sent,ACME-A007286
carla.page@dominguezllc.example.com,2026-09-16 04:00:54,Sales email (Dana Whitfield): sent,ACME-A007290
rachel.cooper@diazgroup.example.com,2026-09-16 04:21:35,Sales email (Jordan Ellis): sent,ACME-A007293
matthew.velez@huffllc.example.com,2026-09-16 07:20:19,Sales email (Dana Whitfield): sent,ACME-A007298
paul.crawford@rodriguezandsons.example.com,2026-09-16 11:31:18,Sales email (Dana Whitfield): sent,ACME-A007303
brandon.martinez@mcdanielgroup.example.com,2026-09-16 14:47:23,Sales email (Marcus Lee): sent,ACME-A007312
willie.patterson@nicholscarlsonandriggs.example.com,2026-09-16 15:04:28,Sales email (Dana Whitfield): sent,ACME-A007313
stephanie.silva@burkeharrisandmathews.example.com,2026-09-16 15:07:02,Sales email (Dana Whitfield): sent,ACME-A007314
christina.cruz@hallplc.example.com,2026-09-16 15:16:34,Sales email (Dana Whitfield): sent,ACME-A007315
patricia.butler@crossmyers.example.com,2026-09-16 15:17:23,Sales email (Sofia Alvarez): sent,ACME-A007316
jaime.cooke@hensleyllc.example.com,2026-09-16 16:19:10,Sales email (Marcus Lee): sent,ACME-A007317
nicole.glover@lynchthomas.example.com,2026-09-16 17:56:58,Sales email (Priya Raman): sent,ACME-A007320
joseph.ford@jimenezplc.example.com,2026-09-16 18:38:05,Sales email (Grace Kim): sent,ACME-A007322
john.middleton@crawfordhawkins.example.com,2026-09-16 19:55:50,Sales email (Dana Whitfield): sent,ACME-A007324
robin.fuentes@johnsonmoore.example.com,2026-09-16 20:15:21,Sales email (Sofia Alvarez): replied,ACME-A007326
oscar.casey@wellsturner.example.com,2026-09-16 20:55:45,Sales email (Jordan Ellis): bounced,ACME-A007327
christina.cruz@hallplc.example.com,2026-09-16 22:31:37,Sales email (Dana Whitfield): sent,ACME-A007332
devon.clark@riddlesmithandmay.example.com,2026-09-17 05:56:04,Sales email (Sofia Alvarez): sent,ACME-A007337
william.hays@jonesltd.example.com,2026-09-17 06:22:16,Sales email (Marcus Lee): bounced,ACME-A007338
jeffery.kramer@nelsonlopez.example.com,2026-09-17 06:27:57,Sales email (Dana Whitfield): replied,ACME-A007340
brooke.lewis@kellygroup.example.com,2026-09-17 08:01:45,Sales email (Acme Round Robin): sent,ACME-A007341
tammy.rogers@hullhernandezandward.example.com,2026-09-17 08:43:20,Sales email (Grace Kim): bounced,ACME-A007343
lisa.davis@boydbrewer.example.com,2026-09-17 10:12:24,Sales email (Priya Raman): sent,ACME-A007347
donna.maldonado@estradaalexander.example.com,2026-09-17 12:56:20,Sales email (Jordan Ellis): sent,ACME-A007350
thomas.hebert@millerinc.example.com,2026-09-17 13:39:04,Sales email (Sofia Alvarez): sent,ACME-A007352
autumn.parker@lloydgroup.example.com,2026-09-17 14:12:24,Sales email (Dana Whitfield): sent,ACME-A007353
louis.pearson@thomasmoore.example.com,2026-09-17 14:35:13,Sales email (Jordan Ellis): replied,ACME-A007355
deanna.hardy@walshgreenanddunn.example.com,2026-09-17 15:14:04,Sales email (Grace Kim): sent,ACME-A007357
maria.sanchez@bushplc.example.com,2026-09-17 15:16:30,Sales email (Dana Whitfield): sent,ACME-A007358
peter.davis@johnsonmalone.example.com,2026-09-17 16:18:33,Sales email (Owen Brooks): sent,ACME-A007363
cindy.pugh@garciallc.example.com,2026-09-17 18:18:04,Sales email (Sofia Alvarez): sent,ACME-A007366
charles.brown@boyleinc.example.com,2026-09-17 18:32:36,Sales email (Priya Raman): sent,ACME-A007367
willie.patterson@nicholscarlsonandriggs.example.com,2026-09-17 20:17:21,Sales email (Dana Whitfield): replied,ACME-A007374
jeffery.kramer@nelsonlopez.example.com,2026-09-17 21:01:32,Sales email (Dana Whitfield): sent,ACME-A007377
matthew.velez@huffllc.example.com,2026-09-17 21:48:01,Sales email (Dana Whitfield): sent,ACME-A007380
john.santana@taylorcameron.example.com,2026-09-17 22:14:51,Sales email (Dana Whitfield): sent,ACME-A007382
cody.spencer@bakerandsons.example.com,2026-09-17 22:31:59,Sales email (Priya Raman): replied,ACME-A007383
brenda.jensen@floydchavezandmann.example.com,2026-09-17 23:39:49,Sales email (Grace Kim): sent,ACME-A007387
steven.mitchell@pearsonaguilar.example.com,2026-09-18 01:19:13,Sales email (Marcus Lee): replied,ACME-A007389
melanie.brown@huynhcochranandgraham.example.com,2026-09-18 02:23:15,Sales email (Sofia Alvarez): sent,ACME-A007391
jamie.murray@harrisbensonandwalters.example.com,2026-09-18 02:50:27,Sales email (Sofia Alvarez): sent,ACME-A007393
charles.green@robinsonltd.example.com,2026-09-18 06:14:24,Sales email (Priya Raman): sent,ACME-A007397
keith.gibson@jordangroup.example.com,2026-09-18 06:30:52,Sales email (Marcus Lee): sent,ACME-A007398
jose.ortiz@reynoldsandsons.example.com,2026-09-18 07:08:25,Sales email (Grace Kim): replied,ACME-A007399
samuel.jordan@alvaradomayo.example.com,2026-09-18 09:57:16,Sales email (Jordan Ellis): sent,ACME-A007409
todd.thompson@bennettwrightandgentry.example.com,2026-09-18 10:26:59,Sales email (Dana Whitfield): sent,ACME-A007411
catherine.johnson@alexanderjenkinsandjames.example.com,2026-09-18 10:38:17,Sales email (Marcus Lee): sent,ACME-A007412
emily.allen@jonesinc.example.com,2026-09-18 12:40:05,Sales email (Jordan Ellis): sent,ACME-A007415
matthew.guerrero@richardsonmorgan.example.com,2026-09-18 13:48:46,Sales email (Acme Round Robin): sent,ACME-A007416
brittany.young@onealhallandmccarthy.example.com,2026-09-18 14:51:52,Sales email (Jordan Ellis): sent,ACME-A007417
allison.carter@perezgroup.example.com,2026-09-18 14:56:23,Sales email (Priya Raman): sent,ACME-A007418
nathan.miller@bennettltd.example.com,2026-09-18 15:52:29,Sales email (Dana Whitfield): replied,ACME-A007421
james.mckenzie@nicholsltd.example.com,2026-09-18 16:55:18,Sales email (Dana Whitfield): sent,ACME-A007428
paige.smith@bushmejiaandgreen.example.com,2026-09-18 17:29:23,Sales email (Jordan Ellis): sent,ACME-A007430
alexander.carter@burkehale.example.com,2026-09-18 18:25:53,Sales email (Sofia Alvarez): replied,ACME-A007435
john.hicks@hammondgroup.example.com,2026-09-18 18:55:07,Sales email (Jordan Ellis): replied,ACME-A007438
robert.norton@johnsoncruzandschaefer.example.com,2026-09-18 19:04:59,Sales email (Priya Raman): sent,ACME-A007439
frederick.miller@averyinc.example.com,2026-09-18 19:50:45,Sales email (Priya Raman): sent,ACME-A007440
kathy.ibarra@jonesllc.example.com,2026-09-18 19:56:16,Sales email (Jordan Ellis): bounced,ACME-A007441
shannon.gonzalez@parksgroup.example.com,2026-09-18 20:01:24,Sales email (Jordan Ellis): sent,ACME-A007444
kimberly.figueroa@smithfarmerandjennings.example.com,2026-09-18 20:23:09,Sales email (Priya Raman): sent,ACME-A007446
jennifer.anderson@hickmanwestandbranch.example.com,2026-09-18 21:33:23,Sales email (Marcus Lee): sent,ACME-A007449
emily.stokes@mooresimpson.example.com,2026-09-18 22:24:12,Sales email (Dana Whitfield): replied,ACME-A007451
david.sullivan@tuckerdillon.example.com,2026-09-18 23:04:24,Sales email (Grace Kim): replied,ACME-A007452
mason.salinas@schmidtinc.example.com,2026-09-18 23:04:25,Sales email (Marcus Lee): replied,ACME-A007453
laura.cruz@bennettplc.example.com,2026-09-18 23:11:34,Sales email (Dana Whitfield): replied,ACME-A007454
christy.garcia@millerltd.example.com,2026-09-18 23:25:12,Sales email (Priya Raman): sent,ACME-A007455
matthew.velez@huffllc.example.com,2026-09-19 03:08:46,Sales email (Dana Whitfield): sent,ACME-A007462
melissa.greene@reidperezandrobinson.example.com,2026-09-19 03:39:32,Sales email (Dana Whitfield): sent,ACME-A007464
maria.reeves@evansllc.example.com,2026-09-19 04:02:25,Sales email (Priya Raman): sent,ACME-A007465
mary.andrews@harrisjones.example.com,2026-09-19 04:16:46,Sales email (Jordan Ellis): sent,ACME-A007466
gail.hogan@jamessoto.example.com,2026-09-19 05:43:51,Sales email (Acme Round Robin): sent,ACME-A007469
krystal.hoffman@thompsonmartinez.example.com,2026-09-19 07:18:26,Sales email (Jordan Ellis): sent,ACME-A007472
david.mason@cruzllc.example.com,2026-09-19 07:22:38,Sales email (Dana Whitfield): sent,ACME-A007473
james.mckenzie@nicholsltd.example.com,2026-09-19 09:28:18,Sales email (Dana Whitfield): replied,ACME-A007478
brittany.young@onealhallandmccarthy.example.com,2026-09-19 10:39:59,Sales email (Jordan Ellis): sent,ACME-A007484
marc.flores@irwinfosterandcardenas.example.com,2026-09-19 12:35:34,Sales email (Priya Raman): replied,ACME-A007486
brian.anderson@rodriguezaguilar.example.com,2026-09-19 14:34:30,Sales email (Dana Whitfield): replied,ACME-A007487
teresa.griffith@bartlettltd.example.com,2026-09-19 14:42:53,Sales email (Dana Whitfield): bounced,ACME-A007488
laura.cruz@bennettplc.example.com,2026-09-19 16:12:12,Sales email (Dana Whitfield): replied,ACME-A007489
james.duncan@jenkinsplc.example.com,2026-09-19 16:45:40,Sales email (Marcus Lee): sent,ACME-A007491
patricia.butler@crossmyers.example.com,2026-09-19 18:37:27,Sales email (Sofia Alvarez): sent,ACME-A007493
laura.mills@robertsongarza.example.com,2026-09-19 21:30:29,Sales email (Sofia Alvarez): sent,ACME-A007498
krystal.hoffman@thompsonmartinez.example.com,2026-09-19 22:10:38,Sales email (Jordan Ellis): sent,ACME-A007499
robert.mccoy@williamsmillerandanderso.example.com,2026-09-19 22:55:03,Sales email (Sofia Alvarez): sent,ACME-A007500
jane.barnes@parkowensandbaker.example.com,2026-09-20 00:37:05,Sales email (Grace Kim): sent,ACME-A007505
megan.montgomery@cruzmartinez.example.com,2026-09-20 01:03:07,Sales email (Dana Whitfield): replied,ACME-A007506
kristen.payne@rowlandltd.example.com,2026-09-20 01:04:53,Sales email (Marcus Lee): sent,ACME-A007507
laura.mills@robertsongarza.example.com,2026-09-20 01:21:11,Sales email (Sofia Alvarez): replied,ACME-A007509
emily.allen@jonesinc.example.com,2026-09-20 05:02:29,Sales email (Jordan Ellis): replied,ACME-A007513
jennifer.moore@hunterpowell.example.com,2026-09-20 07:25:26,Sales email (Dana Whitfield): sent,ACME-A007518
nancy.carter@bergandrews.example.com,2026-09-20 07:41:26,Sales email (Priya Raman): sent,ACME-A007519
heather.lawson@francisjohnson.example.com,2026-09-20 10:32:00,Sales email (Jordan Ellis): sent,ACME-A007523
desiree.solomon@smithcrawford.example.com,2026-09-20 11:26:31,Sales email (Sofia Alvarez): sent,ACME-A007525
dana.haynes@yatesweberandcurry.example.com,2026-09-20 11:36:52,Sales email (Marcus Lee): sent,ACME-A007526
jesse.pitts@morrisfloresandbrown.example.com,2026-09-20 12:37:14,Sales email (Sofia Alvarez): replied,ACME-A007528
lisa.davis@boydbrewer.example.com,2026-09-20 13:19:29,Sales email (Priya Raman): replied,ACME-A007529
alison.garcia@blakeboothandsilva.example.com,2026-09-20 13:32:05,Sales email (Marcus Lee): sent,ACME-A007531
christie.munoz@mayinc.example.com,2026-09-20 15:02:57,Sales email (Dana Whitfield): bounced,ACME-A007534
kelly.ryan@simmonsclarkandrush.example.com,2026-09-20 15:13:25,Sales email (Jordan Ellis): replied,ACME-A007535
jennifer.moore@hunterpowell.example.com,2026-09-20 16:08:19,Sales email (Dana Whitfield): sent,ACME-A007536
michael.heath@griffinandsons.example.com,2026-09-20 16:48:35,Sales email (Jordan Ellis): sent,ACME-A007539
john.middleton@crawfordhawkins.example.com,2026-09-20 16:59:19,Sales email (Dana Whitfield): sent,ACME-A007540
brittany.young@onealhallandmccarthy.example.com,2026-09-20 21:47:33,Sales email (Jordan Ellis): sent,ACME-A007547
erin.hamilton@marshalleverett.example.com,2026-09-20 23:24:08,Sales email (Grace Kim): sent,ACME-A007549
peter.davis@johnsonmalone.example.com,2026-09-20 23:30:43,Sales email (Owen Brooks): sent,ACME-A007550
william.arnold@lynchthomas.example.com,2026-09-21 00:30:32,Sales email (Priya Raman): replied,ACME-A007555
brian.campos@lopezdavis.example.com,2026-09-21 04:50:46,Sales email (Marcus Lee): replied,ACME-A007561
samuel.jordan@alvaradomayo.example.com,2026-09-21 06:30:20,Sales email (Jordan Ellis): sent,ACME-A007567
brenda.jensen@floydchavezandmann.example.com,2026-09-21 08:13:01,Sales email (Grace Kim): sent,ACME-A007568
kari.gomez@ramosguerra.example.com,2026-09-21 10:59:31,Sales email (Jordan Ellis): sent,ACME-A007574
eileen.evans@hernandezplc.example.com,2026-09-21 11:08:00,Sales email (Jordan Ellis): sent,ACME-A007575
jean.black@coxpitts.example.com,2026-09-21 11:54:46,Sales email (Dana Whitfield): sent,ACME-A007577
laura.butler@ellissmith.example.com,2026-09-21 12:14:03,Sales email (Grace Kim): sent,ACME-A007579
janet.lopez@smithmorris.example.com,2026-09-21 13:33:05,Sales email (Marcus Lee): sent,ACME-A007585
janet.lopez@smithmorris.example.com,2026-09-21 15:07:53,Sales email (Marcus Lee): sent,ACME-A007589
george.brewer@murphypattersonandwarren.example.com,2026-09-21 17:19:07,Sales email (Jordan Ellis): sent,ACME-A007597
gwendolyn.oliver@youngmorales.example.com,2026-09-21 17:31:53,Sales email (Marcus Lee): replied,ACME-A007600
stanley.roach@danielsharperandhorn.example.com,2026-09-21 17:51:36,Sales email (Marcus Lee): bounced,ACME-A007601
jason.richard@wardhintonandfletcher.example.com,2026-09-21 17:51:51,Sales email (Jordan Ellis): sent,ACME-A007602
alex.gardner@nguyenpacheco.example.com,2026-09-21 18:12:02,Sales email (Jordan Ellis): sent,ACME-A007606
lance.fox@spencesharp.example.com,2026-09-21 18:13:08,Sales email (Grace Kim): sent,ACME-A007607
christopher.barnes@jacksonchristensenandboo.example.com,2026-09-21 19:03:49,Sales email (Owen Brooks): sent,ACME-A007608
cindy.cherry@andrewspeterson.example.com,2026-09-21 19:54:37,Sales email (Jordan Ellis): sent,ACME-A007610
gwendolyn.oliver@youngmorales.example.com,2026-09-21 22:09:29,Sales email (Marcus Lee): sent,ACME-A007615
mallory.trujillo@davisandsons.example.com,2026-09-21 22:37:41,Sales email (Marcus Lee): sent,ACME-A007618
vanessa.wright@ortizsmithandyoung.example.com,2026-09-21 23:13:01,Sales email (Dana Whitfield): replied,ACME-A007619
david.flynn@fergusonlewisandsmith.example.com,2026-09-21 23:32:56,Sales email (Dana Whitfield): replied,ACME-A007620
john.middleton@crawfordhawkins.example.com,2026-09-21 23:34:53,Sales email (Dana Whitfield): sent,ACME-A007621
adam.harris@smithclaytonandramsey.example.com,2026-09-22 00:26:50,Sales email (Dana Whitfield): sent,ACME-A007624
philip.armstrong@jenkinsmccarthy.example.com,2026-09-22 00:47:10,Sales email (Dana Whitfield): sent,ACME-A007625
jaclyn.lopez@scottrandolphandwilliams.example.com,2026-09-22 02:23:02,Sales email (Jordan Ellis): sent,ACME-A007628
peter.davis@johnsonmalone.example.com,2026-09-22 03:34:15,Sales email (Owen Brooks): sent,ACME-A007633
emily.stokes@mooresimpson.example.com,2026-09-22 03:40:36,Sales email (Dana Whitfield): sent,ACME-A007634
timothy.johnson@allenrosalesandbrooks.example.com,2026-09-22 04:31:58,Sales email (Acme Round Robin): sent,ACME-A007640
david.mason@cruzllc.example.com,2026-09-22 06:43:30,Sales email (Dana Whitfield): replied,ACME-A007643
lawrence.clark@johnsonarmstrong.example.com,2026-09-22 07:48:59,Sales email (Sofia Alvarez): replied,ACME-A007645
heather.taylor@taylorllc.example.com,2026-09-22 07:57:53,Sales email (Jordan Ellis): sent,ACME-A007646
arthur.collins@schultzsmith.example.com,2026-09-22 07:59:10,Sales email (Grace Kim): sent,ACME-A007648
isaac.strickland@perezhatfieldandhunt.example.com,2026-09-22 09:21:24,Sales email (Sofia Alvarez): replied,ACME-A007653
cynthia.taylor@trevinoltd.example.com,2026-09-22 10:20:50,Sales email (Marcus Lee): sent,ACME-A007655
alex.gardner@nguyenpacheco.example.com,2026-09-22 10:46:31,Sales email (Jordan Ellis): replied,ACME-A007657
taylor.willis@penabell.example.com,2026-09-22 10:49:19,Sales email (Sofia Alvarez): bounced,ACME-A007658
michael.harper@sandovalgroup.example.com,2026-09-22 12:28:49,Sales email (Marcus Lee): sent,ACME-A007662
francisco.carrillo@spencewrightandwallace.example.com,2026-09-22 12:40:50,Sales email (Jordan Ellis): sent,ACME-A007663
jeremy.stanton@martinezhughes.example.com,2026-09-22 13:20:09,Sales email (Marcus Lee): sent,ACME-A007665
sharon.scott@austingroup.example.com,2026-09-22 14:13:31,Sales email (Jordan Ellis): sent,ACME-A007666
mason.salinas@schmidtinc.example.com,2026-09-22 14:13:56,Sales email (Marcus Lee): bounced,ACME-A007667
jesse.pitts@morrisfloresandbrown.example.com,2026-09-22 14:15:09,Sales email (Sofia Alvarez): sent,ACME-A007668
brian.gutierrez@rodriguezltd.example.com,2026-09-22 14:46:39,Sales email (Dana Whitfield): sent,ACME-A007670
james.tran@roachandsons.example.com,2026-09-22 15:19:08,Sales email (Sofia Alvarez): sent,ACME-A007674
donald.hill@penningtonandsons.example.com,2026-09-22 16:04:55,Sales email (Priya Raman): sent,ACME-A007677
justin.hamilton@popepugh.example.com,2026-09-22 17:11:23,Sales email (Marcus Lee): sent,ACME-A007680
dylan.hebert@hendersongroup.example.com,2026-09-22 20:17:10,Sales email (Dana Whitfield): sent,ACME-A007687
mckenzie.moore@abbottharrisandgibson.example.com,2026-09-22 20:37:47,Sales email (Sofia Alvarez): sent,ACME-A007689
kevin.johnson@quinnriveraandmcknight.example.com,2026-09-22 21:56:14,Sales email (Marcus Lee): replied,ACME-A007690
brian.campos@lopezdavis.example.com,2026-09-22 22:54:14,Sales email (Marcus Lee): sent,ACME-A007693
lisa.davis@boydbrewer.example.com,2026-09-22 23:32:09,Sales email (Priya Raman): sent,ACME-A007695
christopher.kramer@reedcarlsonandryan.example.com,2026-09-23 00:03:47,Sales email (Owen Brooks): sent,ACME-A007697
robert.norton@johnsoncruzandschaefer.example.com,2026-09-23 00:04:39,Sales email (Priya Raman): sent,ACME-A007698
robert.schneider@alvaradosilva.example.com,2026-09-23 00:14:45,Sales email (Jordan Ellis): sent,ACME-A007699
ethan.palmer@rayllc.example.com,2026-09-23 00:42:17,Sales email (Priya Raman): replied,ACME-A007700
barbara.reid@garcialtd.example.com,2026-09-23 00:51:28,Sales email (Dana Whitfield): sent,ACME-A007701
julia.martin@patelbrownandmartin.example.com,2026-09-23 01:09:42,Sales email (Marcus Lee): sent,ACME-A007702
jason.thomas@vaughnandsons.example.com,2026-09-23 01:46:55,Sales email (Jordan Ellis): sent,ACME-A007704
melanie.brown@huynhcochranandgraham.example.com,2026-09-23 02:40:40,Sales email (Sofia Alvarez): sent,ACME-A007706
christopher.barnes@jacksonchristensenandboo.example.com,2026-09-23 02:58:40,Sales email (Owen Brooks): replied,ACME-A007709
sharon.smith@sullivanplc.example.com,2026-09-23 03:19:16,Sales email (Sofia Alvarez): sent,ACME-A007710
michelle.keith@scottplc.example.com,2026-09-23 03:30:23,Sales email (Priya Raman): replied,ACME-A007711
kimberly.meyer@burnsmillerandacosta.example.com,2026-09-23 04:27:20,Sales email (Owen Brooks): bounced,ACME-A007713
steven.owens@davisllc.example.com,2026-09-23 06:43:47,Sales email (Dana Whitfield): sent,ACME-A007715
michael.heath@griffinandsons.example.com,2026-09-23 09:52:17,Sales email (Jordan Ellis): sent,ACME-A007717
james.bridges@mendezpearsonandlee.example.com,2026-09-23 10:16:04,Sales email (Sofia Alvarez): sent,ACME-A007718
julia.martin@patelbrownandmartin.example.com,2026-09-23 10:29:19,Sales email (Marcus Lee): sent,ACME-A007720
erica.morales@savagefreemanandwilliams.example.com,2026-09-23 12:27:57,Sales email (Priya Raman): replied,ACME-A007723
michael.maxwell@robertsnelson.example.com,2026-09-23 14:22:44,Sales email (Marcus Lee): sent,ACME-A007727
chelsea.jensen@ayersswanson.example.com,2026-09-23 14:34:10,Sales email (Grace Kim): bounced,ACME-A007729
gregory.wolfe@wrightmcintosh.example.com,2026-09-23 15:31:23,Sales email (Grace Kim): sent,ACME-A007732
chelsea.jensen@ayersswanson.example.com,2026-09-23 15:41:39,Sales email (Grace Kim): sent,ACME-A007733
emily.davis@reyesplc.example.com,2026-09-23 16:06:31,Sales email (Marcus Lee): sent,ACME-A007735
jo.berger@scottsolis.example.com,2026-09-23 18:19:58,Sales email (Owen Brooks): sent,ACME-A007738
billy.harris@burnettgroup.example.com,2026-09-23 18:26:59,Sales email (Acme Round Robin): sent,ACME-A007739
tonya.davis@sullivanchurch.example.com,2026-09-23 18:33:20,Sales email (Priya Raman): replied,ACME-A007740
miranda.navarro@curtiswilson.example.com,2026-09-23 20:39:05,Sales email (Marcus Lee): sent,ACME-A007746
oscar.casey@wellsturner.example.com,2026-09-23 21:44:02,Sales email (Jordan Ellis): replied,ACME-A007748
angel.scott@blackescobarandlogan.example.com,2026-09-23 22:36:21,Sales email (Jordan Ellis): replied,ACME-A007750
carla.king@hillevans.example.com,2026-09-24 00:09:48,Sales email (Dana Whitfield): bounced,ACME-A007751
vanessa.wright@ortizsmithandyoung.example.com,2026-09-24 01:06:14,Sales email (Dana Whitfield): sent,ACME-A007752
megan.montgomery@cruzmartinez.example.com,2026-09-24 01:06:17,Sales email (Dana Whitfield): sent,ACME-A007753
nathan.farrell@perrywilliams.example.com,2026-09-24 01:59:32,Sales email (Marcus Lee): sent,ACME-A007755
joseph.jenkins@diazdixon.example.com,2026-09-24 04:46:07,Sales email (Sofia Alvarez): replied,ACME-A007762
nathan.hoover@berrywagner.example.com,2026-09-24 05:20:30,Sales email (Dana Whitfield): sent,ACME-A007764
christopher.yoder@nicholsplc.example.com,2026-09-24 06:06:04,Sales email (Grace Kim): sent,ACME-A007768
david.koch@fletcherjosephanddelgado.example.com,2026-09-24 06:46:04,Sales email (Dana Whitfield): sent,ACME-A007771
dawn.martin@bradleygreene.example.com,2026-09-24 06:56:15,Sales email (Priya Raman): sent,ACME-A007773
kent.best@smithroman.example.com,2026-09-24 07:10:33,Sales email (Dana Whitfield): sent,ACME-A007774
christopher.hall@burnettstrickland.example.com,2026-09-24 07:24:00,Sales email (Jordan Ellis): sent,ACME-A007775
michael.huang@masongroup.example.com,2026-09-24 09:44:47,Sales email (Dana Whitfield): sent,ACME-A007780
veronica.conrad@foxbarrera.example.com,2026-09-24 09:57:48,Sales email (Jordan Ellis): sent,ACME-A007781
daniel.green@palmerhallandrogers.example.com,2026-09-24 12:12:20,Sales email (Grace Kim): sent,ACME-A007788
kristen.miller@gonzalezplc.example.com,2026-09-24 12:45:07,Sales email (Sofia Alvarez): sent,ACME-A007790
samantha.young@walkerhamilton.example.com,2026-09-24 13:00:43,Sales email (Priya Raman): sent,ACME-A007793
megan.montgomery@cruzmartinez.example.com,2026-09-24 13:41:08,Sales email (Dana Whitfield): sent,ACME-A007795
john.santana@taylorcameron.example.com,2026-09-24 14:00:27,Sales email (Dana Whitfield): sent,ACME-A007796
robert.norton@johnsoncruzandschaefer.example.com,2026-09-24 14:23:05,Sales email (Priya Raman): replied,ACME-A007797
jaime.cooke@hensleyllc.example.com,2026-09-24 14:49:20,Sales email (Marcus Lee): sent,ACME-A007800
pamela.morrison@parsonscaldwellandgardne.example.com,2026-09-24 14:57:40,Sales email (Acme Round Robin): sent,ACME-A007802
michael.huang@masongroup.example.com,2026-09-24 15:23:38,Sales email (Dana Whitfield): sent,ACME-A007803
brenda.powell@klineinc.example.com,2026-09-24 16:15:26,Sales email (Dana Whitfield): sent,ACME-A007804
diamond.allen@hartmandaniels.example.com,2026-09-24 17:31:57,Sales email (Marcus Lee): sent,ACME-A007808
nancy.anderson@thorntongalvanandfrye.example.com,2026-09-24 17:56:50,Sales email (Marcus Lee): sent,ACME-A007809
alex.gardner@nguyenpacheco.example.com,2026-09-24 18:01:06,Sales email (Jordan Ellis): bounced,ACME-A007810
benjamin.martinez@goldeninc.example.com,2026-09-24 18:22:30,Sales email (Jordan Ellis): sent,ACME-A007811
russell.dixon@turnerevans.example.com,2026-09-24 19:29:44,Sales email (Marcus Lee): sent,ACME-A007815
timothy.bell@delgadoltd.example.com,2026-09-24 20:46:11,Sales email (Marcus Lee): replied,ACME-A007825
devon.clark@riddlesmithandmay.example.com,2026-09-24 20:56:30,Sales email (Sofia Alvarez): sent,ACME-A007827
billy.perry@murrayjackson.example.com,2026-09-24 22:06:58,Sales email (Dana Whitfield): sent,ACME-A007830
carla.king@hillevans.example.com,2026-09-24 23:45:38,Sales email (Dana Whitfield): sent,ACME-A007835
todd.daniels@rogersandsons.example.com,2026-09-25 00:03:21,Sales email (Jordan Ellis): sent,ACME-A007836
erica.morales@savagefreemanandwilliams.example.com,2026-09-25 00:40:20,Sales email (Priya Raman): sent,ACME-A007837
nancy.anderson@thorntongalvanandfrye.example.com,2026-09-25 01:07:17,Sales email (Marcus Lee): bounced,ACME-A007838
laura.walker@millergreenandwilkins.example.com,2026-09-25 03:06:07,Sales email (Priya Raman): sent,ACME-A007841
amanda.hernandez@carpenteredwardsanddunn.example.com,2026-09-25 04:31:08,Sales email (Dana Whitfield): sent,ACME-A007847
charles.sanchez@brooksgardner.example.com,2026-09-25 05:34:50,Sales email (Jordan Ellis): sent,ACME-A007850
deborah.wright@medinagroup.example.com,2026-09-25 06:09:08,Sales email (Sofia Alvarez): sent,ACME-A007852
stanley.roach@danielsharperandhorn.example.com,2026-09-25 06:52:34,Sales email (Marcus Lee): replied,ACME-A007853
christy.garcia@millerltd.example.com,2026-09-25 07:55:00,Sales email (Priya Raman): sent,ACME-A007854
brandon.martinez@mcdanielgroup.example.com,2026-09-25 09:23:12,Sales email (Marcus Lee): sent,ACME-A007858
allison.carter@perezgroup.example.com,2026-09-25 09:28:10,Sales email (Priya Raman): sent,ACME-A007859
stanley.roach@danielsharperandhorn.example.com,2026-09-25 10:37:07,Sales email (Marcus Lee): sent,ACME-A007862
justin.hamilton@popepugh.example.com,2026-09-25 10:55:49,Sales email (Marcus Lee): replied,ACME-A007863
kimberly.meyer@burnsmillerandacosta.example.com,2026-09-25 10:58:55,Sales email (Owen Brooks): replied,ACME-A007864
arthur.collins@schultzsmith.example.com,2026-09-25 11:00:14,Sales email (Grace Kim): replied,ACME-A007865
jordan.alvarez@estradajohnsonandibarra.example.com,2026-09-25 11:40:34,Sales email (Marcus Lee): replied,ACME-A007867
thomas.greer@mooregroup.example.com,2026-09-25 14:03:06,Sales email (Marcus Lee): sent,ACME-A007875
donald.hunter@woodstokes.example.com,2026-09-25 14:06:25,Sales email (Sofia Alvarez): sent,ACME-A007876
james.avila@petersplc.example.com,2026-09-25 14:13:26,Sales email (Sofia Alvarez): sent,ACME-A007877
gregory.jenkins@parkschase.example.com,2026-09-25 14:57:08,Sales email (Priya Raman): sent,ACME-A007878
laura.walker@millergreenandwilkins.example.com,2026-09-25 15:15:01,Sales email (Priya Raman): sent,ACME-A007880
luke.brown@greengroup.example.com,2026-09-25 16:09:38,Sales email (Marcus Lee): sent,ACME-A007886
matthew.guerrero@richardsonmorgan.example.com,2026-09-25 16:46:03,Sales email (Acme Round Robin): replied,ACME-A007890
paige.smith@bushmejiaandgreen.example.com,2026-09-25 17:33:12,Sales email (Jordan Ellis): sent,ACME-A007892
michael.huang@masongroup.example.com,2026-09-25 17:48:01,Sales email (Dana Whitfield): sent,ACME-A007894
julia.martin@patelbrownandmartin.example.com,2026-09-25 18:37:21,Sales email (Marcus Lee): sent,ACME-A007895
thomas.greer@mooregroup.example.com,2026-09-25 21:32:08,Sales email (Marcus Lee): sent,ACME-A007900
oscar.casey@wellsturner.example.com,2026-09-25 21:47:59,Sales email (Jordan Ellis): replied,ACME-A007901
christy.garcia@millerltd.example.com,2026-09-25 22:23:01,Sales email (Priya Raman): sent,ACME-A007902
andrew.wheeler@wallacejohnson.example.com,2026-09-25 22:54:25,Sales email (Sofia Alvarez): replied,ACME-A007904
nicholas.weber@blackwellfisher.example.com,2026-09-26 00:51:23,Sales email (Sofia Alvarez): sent,ACME-A007906
bobby.duran@browngroup.example.com,2026-09-26 01:41:46,Sales email (Sofia Alvarez): replied,ACME-A007908
diamond.allen@hartmandaniels.example.com,2026-09-26 02:46:11,Sales email (Marcus Lee): sent,ACME-A007910
brandon.martinez@mcdanielgroup.example.com,2026-09-26 04:09:52,Sales email (Marcus Lee): replied,ACME-A007915
thomas.greer@mooregroup.example.com,2026-09-26 04:13:37,Sales email (Marcus Lee): sent,ACME-A007917
jaime.cooke@hensleyllc.example.com,2026-09-26 04:57:20,Sales email (Marcus Lee): sent,ACME-A007922
grace.clark@hesterspenceandjames.example.com,2026-09-26 05:14:05,Sales email (Owen Brooks): replied,ACME-A007923
billy.perry@murrayjackson.example.com,2026-09-26 05:48:01,Sales email (Dana Whitfield): sent,ACME-A007925
brian.anderson@rodriguezaguilar.example.com,2026-09-26 06:19:49,Sales email (Dana Whitfield): sent,ACME-A007927
michael.garner@daviesparkerandstanton.example.com,2026-09-26 07:13:47,Sales email (Owen Brooks): sent,ACME-A007928
sonya.navarro@cruzsawyer.example.com,2026-09-26 08:00:22,Sales email (Marcus Lee): sent,ACME-A007930
daniel.mcneil@lawrenceandsons.example.com,2026-09-26 08:07:48,Sales email (Sofia Alvarez): replied,ACME-A007931
robert.schneider@alvaradosilva.example.com,2026-09-26 09:40:34,Sales email (Jordan Ellis): replied,ACME-A007934
nancy.anderson@thorntongalvanandfrye.example.com,2026-09-26 10:06:16,Sales email (Marcus Lee): sent,ACME-A007938
nathan.osborne@marshallplc.example.com,2026-09-26 11:14:33,Sales email (Jordan Ellis): sent,ACME-A007942
stephanie.velasquez@martinezgarrettandboone.example.com,2026-09-26 13:17:50,Sales email (Dana Whitfield): replied,ACME-A007944
krystal.willis@gomezltd.example.com,2026-09-26 15:00:37,Sales email (Priya Raman): replied,ACME-A007948
mary.washington@hallbush.example.com,2026-09-26 15:06:07,Sales email (Grace Kim): sent,ACME-A007949
jeffrey.park@martinezmerritt.example.com,2026-09-26 15:53:20,Sales email (Dana Whitfield): replied,ACME-A007950
brittany.smith@mooreandsons.example.com,2026-09-26 16:21:00,Sales email (Owen Brooks): sent,ACME-A007952
mckenzie.moore@abbottharrisandgibson.example.com,2026-09-26 17:19:00,Sales email (Sofia Alvarez): sent,ACME-A007953
david.koch@fletcherjosephanddelgado.example.com,2026-09-26 17:23:03,Sales email (Dana Whitfield): sent,ACME-A007954
brittany.ellison@millermathews.example.com,2026-09-26 19:09:47,Sales email (Jordan Ellis): sent,ACME-A007958
samantha.mann@thomasplc.example.com,2026-09-26 19:22:18,Sales email (Dana Whitfield): sent,ACME-A007959
megan.montgomery@cruzmartinez.example.com,2026-09-26 20:10:31,Sales email (Dana Whitfield): sent,ACME-A007963
adam.harris@smithclaytonandramsey.example.com,2026-09-26 22:01:42,Sales email (Dana Whitfield): sent,ACME-A007967
mary.washington@hallbush.example.com,2026-09-26 22:05:48,Sales email (Grace Kim): sent,ACME-A007969
charles.sanchez@brooksgardner.example.com,2026-09-26 22:26:08,Sales email (Jordan Ellis): sent,ACME-A007970
peter.weaver@mcdonaldfletcherandsmith.example.com,2026-09-26 23:50:40,Sales email (Marcus Lee): replied,ACME-A007974
anna.dawson@martinandsons.example.com,2026-09-27 02:01:19,Sales email (Jordan Ellis): sent,ACME-A007978
kimberly.dodson@fosterpena.example.com,2026-09-27 02:03:24,Sales email (Owen Brooks): sent,ACME-A007979
dustin.stephens@martinayalaandbernard.example.com,2026-09-27 02:39:16,Sales email (Grace Kim): sent,ACME-A007981
gregory.jenkins@parkschase.example.com,2026-09-27 03:38:33,Sales email (Priya Raman): replied,ACME-A007983
bethany.rodriguez@edwardsjacksonandgutierr.example.com,2026-09-27 03:42:36,Sales email (Dana Whitfield): sent,ACME-A007984
hunter.richardson@rodriguezplc.example.com,2026-09-27 04:43:02,Sales email (Sofia Alvarez): sent,ACME-A007986
christopher.ross@choiandsons.example.com,2026-09-27 04:55:57,Sales email (Marcus Lee): sent,ACME-A007988
grace.clark@hesterspenceandjames.example.com,2026-09-27 05:07:45,Sales email (Owen Brooks): sent,ACME-A007989
ryan.burton@reeveslloyd.example.com,2026-09-27 05:24:39,Sales email (Dana Whitfield): replied,ACME-A007990
william.hansen@colliersextonandfisher.example.com,2026-09-27 06:29:28,Sales email (Dana Whitfield): sent,ACME-A007992
nathan.hoover@berrywagner.example.com,2026-09-27 07:03:40,Sales email (Dana Whitfield): sent,ACME-A007994
michael.brown@hernandezhuntandbartlett.example.com,2026-09-27 08:03:39,Sales email (Priya Raman): bounced,ACME-A007997
laura.butler@ellissmith.example.com,2026-09-27 08:14:02,Sales email (Grace Kim): sent,ACME-A007998
kevin.porter@foleywilliamsandallen.example.com,2026-09-27 08:29:41,Sales email (Owen Brooks): sent,ACME-A007999
nathan.farrell@perrywilliams.example.com,2026-09-27 09:42:31,Sales email (Marcus Lee): sent,ACME-A008003
luke.brown@greengroup.example.com,2026-09-27 11:37:19,Sales email (Marcus Lee): replied,ACME-A008009
micheal.macias@thomasbrooks.example.com,2026-09-27 12:20:55,Sales email (Dana Whitfield): sent,ACME-A008012
melody.santos@greerolsonandblake.example.com,2026-09-27 12:50:42,Sales email (Owen Brooks): sent,ACME-A008014
kim.taylor@smithstone.example.com,2026-09-27 13:01:25,Sales email (Dana Whitfield): bounced,ACME-A008016
george.owens@hicksberger.example.com,2026-09-27 14:44:19,Sales email (Marcus Lee): sent,ACME-A008017
heather.white@barnescaseyandmartinez.example.com,2026-09-27 15:20:42,Sales email (Marcus Lee): sent,ACME-A008020
alison.garcia@blakeboothandsilva.example.com,2026-09-27 15:22:14,Sales email (Marcus Lee): replied,ACME-A008021
kimberly.dodson@fosterpena.example.com,2026-09-27 16:28:22,Sales email (Owen Brooks): replied,ACME-A008022
christine.fischer@andersonbrooks.example.com,2026-09-27 17:28:08,Sales email (Dana Whitfield): sent,ACME-A008025
cindy.cherry@andrewspeterson.example.com,2026-09-27 17:41:44,Sales email (Jordan Ellis): sent,ACME-A008026
mary.barnett@roseblair.example.com,2026-09-27 17:50:27,Sales email (Sofia Alvarez): sent,ACME-A008027
grace.clark@hesterspenceandjames.example.com,2026-09-27 18:17:44,Sales email (Owen Brooks): replied,ACME-A008029
james.bridges@mendezpearsonandlee.example.com,2026-09-27 18:46:19,Sales email (Sofia Alvarez): sent,ACME-A008030
tonya.davis@sullivanchurch.example.com,2026-09-27 19:00:54,Sales email (Priya Raman): replied,ACME-A008032
juan.harris@wilsonandrews.example.com,2026-09-27 19:44:12,Sales email (Acme Round Robin): sent,ACME-A008034
kyle.stone@orozcosullivanandbautist.example.com,2026-09-27 20:03:07,Sales email (Sofia Alvarez): sent,ACME-A008037
william.allison@sweeneygraham.example.com,2026-09-27 20:23:48,Sales email (Grace Kim): replied,ACME-A008038
angela.pennington@joneswang.example.com,2026-09-27 20:30:01,Sales email (Dana Whitfield): sent,ACME-A008039
michael.bryant@weaverevans.example.com,2026-09-27 21:00:05,Sales email (Marcus Lee): sent,ACME-A008040
amanda.hernandez@carpenteredwardsanddunn.example.com,2026-09-27 21:29:10,Sales email (Dana Whitfield): replied,ACME-A008042
krystal.willis@gomezltd.example.com,2026-09-27 21:47:15,Sales email (Priya Raman): sent,ACME-A008043
michael.harper@sandovalgroup.example.com,2026-09-27 21:52:14,Sales email (Marcus Lee): bounced,ACME-A008044
james.avila@petersplc.example.com,2026-09-27 22:02:58,Sales email (Sofia Alvarez): replied,ACME-A008046
joann.matthews@murphyrubio.example.com,2026-09-27 22:24:02,Sales email (Owen Brooks): bounced,ACME-A008047
christopher.morris@jacobssmith.example.com,2026-09-27 22:24:45,Sales email (Priya Raman): sent,ACME-A008048
greg.lawson@morrisandsons.example.com,2026-09-27 23:45:08,Sales email (Dana Whitfield): sent,ACME-A008051
james.bridges@mendezpearsonandlee.example.com,2026-09-28 00:34:32,Sales email (Sofia Alvarez): sent,ACME-A008052
todd.thompson@bennettwrightandgentry.example.com,2026-09-28 01:49:36,Sales email (Dana Whitfield): sent,ACME-A008055
ronald.boone@wilsonhammond.example.com,2026-09-28 03:32:59,Sales email (Priya Raman): replied,ACME-A008058
billy.perry@murrayjackson.example.com,2026-09-28 03:57:34,Sales email (Dana Whitfield): replied,ACME-A008059
joseph.ashley@bowmanhaney.example.com,2026-09-28 04:04:37,Sales email (Priya Raman): sent,ACME-A008060
james.flores@millerfullerandortiz.example.com,2026-09-28 05:11:37,Sales email (Sofia Alvarez): sent,ACME-A008061
james.duncan@jenkinsplc.example.com,2026-09-28 05:49:16,Sales email (Marcus Lee): replied,ACME-A008062
nathaniel.schwartz@bauergomezandsmith.example.com,2026-09-28 06:36:12,Sales email (Marcus Lee): sent,ACME-A008063
phillip.compton@thomasgrant.example.com,2026-09-28 07:45:20,Sales email (Marcus Lee): sent,ACME-A008067
faith.owens@whitesims.example.com,2026-09-28 09:06:18,Sales email (Dana Whitfield): sent,ACME-A008068
russell.dixon@turnerevans.example.com,2026-09-28 09:15:30,Sales email (Marcus Lee): replied,ACME-A008069
keith.johnson@williamshernandez.example.com,2026-09-28 09:29:48,Sales email (Jordan Ellis): sent,ACME-A008070
james.bridges@mendezpearsonandlee.example.com,2026-09-28 09:45:23,Sales email (Sofia Alvarez): sent,ACME-A008073
michael.adams@hernandezedwardsandharri.example.com,2026-09-28 09:59:08,Sales email (Owen Brooks): sent,ACME-A008074
kim.taylor@smithstone.example.com,2026-09-28 10:12:24,Sales email (Dana Whitfield): sent,ACME-A008075
james.avila@petersplc.example.com,2026-09-28 12:18:31,Sales email (Sofia Alvarez): sent,ACME-A008080
ashley.reed@potterllc.example.com,2026-09-28 12:40:31,Sales email (Jordan Ellis): sent,ACME-A008082
kari.gomez@ramosguerra.example.com,2026-09-28 12:44:26,Sales email (Jordan Ellis): replied,ACME-A008083
benjamin.bush@palmercurry.example.com,2026-09-28 12:49:20,Sales email (Dana Whitfield): replied,ACME-A008084
joanne.hamilton@brucediaz.example.com,2026-09-28 13:02:59,Sales email (Owen Brooks): sent,ACME-A008085
jeffrey.park@martinezmerritt.example.com,2026-09-28 13:03:26,Sales email (Dana Whitfield): sent,ACME-A008086
michael.huang@masongroup.example.com,2026-09-28 13:14:40,Sales email (Dana Whitfield): sent,ACME-A008087
tammy.hamilton@gilesgroup.example.com,2026-09-28 13:18:38,Sales email (Dana Whitfield): bounced,ACME-A008088
amanda.bryant@williamsinc.example.com,2026-09-28 14:37:56,Sales email (Marcus Lee): sent,ACME-A008092
christopher.bell@lawrencegroup.example.com,2026-09-28 15:40:46,Sales email (Dana Whitfield): sent,ACME-A008098
gabriel.marsh@wallaceltd.example.com,2026-09-28 15:56:13,Sales email (Dana Whitfield): sent,ACME-A008099
megan.montgomery@cruzmartinez.example.com,2026-09-28 16:03:55,Sales email (Dana Whitfield): sent,ACME-A008100
rodney.mueller@gibbshorton.example.com,2026-09-28 16:16:46,Sales email (Dana Whitfield): sent,ACME-A008103
kathryn.saunders@jonesgarciaandrobinson.example.com,2026-09-28 16:31:04,Sales email (Dana Whitfield): sent,ACME-A008104
monica.johnson@vasquezhowardandcuevas.example.com,2026-09-28 17:03:58,Sales email (Dana Whitfield): bounced,ACME-A008105
john.santana@taylorcameron.example.com,2026-09-28 17:04:06,Sales email (Dana Whitfield): sent,ACME-A008106
deborah.wilson@burgessmiller.example.com,2026-09-28 17:20:32,Sales email (Grace Kim): replied,ACME-A008107
deborah.wright@medinagroup.example.com,2026-09-28 19:21:17,Sales email (Sofia Alvarez): replied,ACME-A008114
jason.schmidt@douglaschandlerandlee.example.com,2026-09-28 19:27:05,Sales email (Dana Whitfield): sent,ACME-A008115
dustin.potts@eatonlopezandreed.example.com,2026-09-28 19:33:00,Sales email (Jordan Ellis): bounced,ACME-A008117
gary.king@jamesltd.example.com,2026-09-28 20:50:46,Sales email (Priya Raman): sent,ACME-A008122
diamond.allen@hartmandaniels.example.com,2026-09-28 21:03:05,Sales email (Marcus Lee): sent,ACME-A008123
faith.owens@whitesims.example.com,2026-09-28 21:18:48,Sales email (Dana Whitfield): replied,ACME-A008125
krystal.willis@gomezltd.example.com,2026-09-28 21:24:38,Sales email (Priya Raman): sent,ACME-A008127
benjamin.martinez@goldeninc.example.com,2026-09-28 21:32:56,Sales email (Jordan Ellis): replied,ACME-A008128
hunter.richardson@rodriguezplc.example.com,2026-09-28 21:46:33,Sales email (Sofia Alvarez): sent,ACME-A008129
russell.dixon@turnerevans.example.com,2026-09-28 22:25:57,Sales email (Marcus Lee): sent,ACME-A008132
jeffrey.park@martinezmerritt.example.com,2026-09-28 22:26:34,Sales email (Dana Whitfield): sent,ACME-A008133
charles.leonard@kramerthompsonandschwart.example.com,2026-09-28 22:49:22,Sales email (Priya Raman): sent,ACME-A008135
jeffrey.park@martinezmerritt.example.com,2026-09-28 22:51:45,Sales email (Dana Whitfield): sent,ACME-A008136
ronald.adams@charlesstevens.example.com,2026-09-29 01:03:29,Sales email (Priya Raman): replied,ACME-A008140
jose.ortiz@reynoldsandsons.example.com,2026-09-29 01:44:00,Sales email (Grace Kim): sent,ACME-A008142
jennifer.moore@hunterpowell.example.com,2026-09-29 01:58:42,Sales email (Dana Whitfield): sent,ACME-A008145
thomas.simmons@pattersoninc.example.com,2026-09-29 02:06:27,Sales email (Marcus Lee): replied,ACME-A008146
rodney.mueller@gibbshorton.example.com,2026-09-29 02:55:59,Sales email (Dana Whitfield): sent,ACME-A008150
erika.johnson@rodriguezgroup.example.com,2026-09-29 04:02:46,Sales email (Dana Whitfield): sent,ACME-A008152
brenda.jensen@floydchavezandmann.example.com,2026-09-29 04:55:53,Sales email (Grace Kim): replied,ACME-A008155
david.campbell@garciafox.example.com,2026-09-29 05:03:46,Sales email (Marcus Lee): sent,ACME-A008156
janet.lopez@smithmorris.example.com,2026-09-29 05:07:54,Sales email (Marcus Lee): sent,ACME-A008157
christy.garcia@millerltd.example.com,2026-09-29 05:14:53,Sales email (Priya Raman): replied,ACME-A008158
stanley.roach@danielsharperandhorn.example.com,2026-09-29 05:28:43,Sales email (Marcus Lee): sent,ACME-A008160
bradley.thomas@floreslambertandball.example.com,2026-09-29 06:45:45,Sales email (Dana Whitfield): sent,ACME-A008167
kathryn.saunders@jonesgarciaandrobinson.example.com,2026-09-29 07:18:04,Sales email (Dana Whitfield): bounced,ACME-A008169
timothy.nichols@wardhernandez.example.com,2026-09-29 07:48:34,Sales email (Dana Whitfield): sent,ACME-A008170
brian.anderson@rodriguezaguilar.example.com,2026-09-29 07:58:28,Sales email (Dana Whitfield): sent,ACME-A008171
faith.owens@whitesims.example.com,2026-09-29 08:24:31,Sales email (Dana Whitfield): sent,ACME-A008174
evan.wright@wilsongroup.example.com,2026-09-29 08:45:36,Sales email (Marcus Lee): sent,ACME-A008176
william.hansen@colliersextonandfisher.example.com,2026-09-29 09:33:41,Sales email (Dana Whitfield): sent,ACME-A008180
tracy.clarke@youngbensonandadams.example.com,2026-09-29 10:04:51,Sales email (Sofia Alvarez): replied,ACME-A008181
scott.jones@jenningsandsons.example.com,2026-09-29 10:52:04,Sales email (Priya Raman): sent,ACME-A008185
dustin.potts@eatonlopezandreed.example.com,2026-09-29 11:15:38,Sales email (Jordan Ellis): sent,ACME-A008186
john.santana@taylorcameron.example.com,2026-09-29 11:18:37,Sales email (Dana Whitfield): sent,ACME-A008187
james.bridges@mendezpearsonandlee.example.com,2026-09-29 11:24:24,Sales email (Sofia Alvarez): sent,ACME-A008189
maria.reeves@evansllc.example.com,2026-09-29 11:29:38,Sales email (Priya Raman): sent,ACME-A008191
billy.harris@burnettgroup.example.com,2026-09-29 11:39:44,Sales email (Acme Round Robin): replied,ACME-A008194
phillip.compton@thomasgrant.example.com,2026-09-29 12:32:59,Sales email (Marcus Lee): sent,ACME-A008198
rachael.pace@mooremorganandparker.example.com,2026-09-29 12:43:37,Sales email (Dana Whitfield): sent,ACME-A008201
timothy.nichols@wardhernandez.example.com,2026-09-29 12:49:01,Sales email (Dana Whitfield): replied,ACME-A008202
allen.smith@currythomasandbrown.example.com,2026-09-29 13:02:15,Sales email (Dana Whitfield): sent,ACME-A008204
erika.johnson@rodriguezgroup.example.com,2026-09-29 13:07:51,Sales email (Dana Whitfield): sent,ACME-A008208
john.santana@taylorcameron.example.com,2026-09-29 13:12:31,Sales email (Dana Whitfield): sent,ACME-A008209
allen.smith@currythomasandbrown.example.com,2026-09-29 14:35:53,Sales email (Dana Whitfield): sent,ACME-A008216
ethan.palmer@rayllc.example.com,2026-09-29 15:11:07,Sales email (Priya Raman): bounced,ACME-A008219
nathaniel.schwartz@bauergomezandsmith.example.com,2026-09-29 15:12:01,Sales email (Marcus Lee): replied,ACME-A008220
shawn.holt@andersonmcclureandburns.example.com,2026-09-29 15:58:34,Sales email (Priya Raman): sent,ACME-A008222
brenda.powell@klineinc.example.com,2026-09-29 16:24:32,Sales email (Dana Whitfield): sent,ACME-A008224
bobby.duran@browngroup.example.com,2026-09-29 16:32:44,Sales email (Sofia Alvarez): sent,ACME-A008225
kelly.marshall@pageplc.example.com,2026-09-29 18:53:18,Sales email (Priya Raman): sent,ACME-A008234
nathaniel.schwartz@bauergomezandsmith.example.com,2026-09-29 19:01:33,Sales email (Marcus Lee): sent,ACME-A008235
timothy.lynch@hoovergroup.example.com,2026-09-29 19:02:12,Sales email (Dana Whitfield): sent,ACME-A008236
stanley.roach@danielsharperandhorn.example.com,2026-09-29 19:32:19,Sales email (Marcus Lee): sent,ACME-A008239
kathleen.williams@stephensgravesandhancock.example.com,2026-09-29 19:50:28,Sales email (Sofia Alvarez): replied,ACME-A008240
jason.atkinson@wolfeplc.example.com,2026-09-29 20:01:26,Sales email (Sofia Alvarez): sent,ACME-A008242
jose.fry@campbellmartinezandhorto.example.com,2026-09-29 20:01:51,Sales email (Priya Raman): sent,ACME-A008243
erika.johnson@rodriguezgroup.example.com,2026-09-29 20:19:27,Sales email (Dana Whitfield): sent,ACME-A008244
alison.case@taylorltd.example.com,2026-09-29 20:21:09,Sales email (Dana Whitfield): sent,ACME-A008245
lisa.rios@paynerandolph.example.com,2026-09-29 20:55:50,Sales email (Dana Whitfield): sent,ACME-A008246
amanda.bryant@williamsinc.example.com,2026-09-29 21:02:07,Sales email (Marcus Lee): replied,ACME-A008247
michael.brown@hernandezhuntandbartlett.example.com,2026-09-29 21:30:08,Sales email (Priya Raman): replied,ACME-A008248
matthew.mcknight@johnsonltd.example.com,2026-09-29 21:53:42,Sales email (Priya Raman): sent,ACME-A008251
matthew.mcknight@johnsonltd.example.com,2026-09-29 22:19:20,Sales email (Priya Raman): sent,ACME-A008253
mckenzie.moore@abbottharrisandgibson.example.com,2026-09-29 22:29:14,Sales email (Sofia Alvarez): replied,ACME-A008254
timothy.nichols@wardhernandez.example.com,2026-09-29 22:33:35,Sales email (Dana Whitfield): replied,ACME-A008255
jason.mitchell@gamblecrawford.example.com,2026-09-29 22:43:16,Sales email (Marcus Lee): bounced,ACME-A008256
rachael.pace@mooremorganandparker.example.com,2026-09-29 22:51:16,Sales email (Dana Whitfield): sent,ACME-A008257
darrell.greer@johnsonbell.example.com,2026-09-29 23:00:58,Sales email (Owen Brooks): sent,ACME-A008258
philip.armstrong@jenkinsmccarthy.example.com,2026-09-29 23:01:36,Sales email (Dana Whitfield): replied,ACME-A008259
jason.atkinson@wolfeplc.example.com,2026-09-30 01:13:29,Sales email (Sofia Alvarez): sent,ACME-A008266
jean.black@coxpitts.example.com,2026-09-30 01:25:04,Sales email (Dana Whitfield): sent,ACME-A008267
tracy.clarke@youngbensonandadams.example.com,2026-09-30 02:27:48,Sales email (Sofia Alvarez): sent,ACME-A008270
michael.heath@griffinandsons.example.com,2026-09-30 02:57:17,Sales email (Jordan Ellis): sent,ACME-A008273
andrew.cameron@moraleswilsonandhall.example.com,2026-09-30 03:10:55,Sales email (Priya Raman): replied,ACME-A008274
elizabeth.kim@howardhunt.example.com,2026-09-30 04:37:03,Sales email (Acme Round Robin): bounced,ACME-A008279
jeffrey.richardson@poncegroup.example.com,2026-09-30 04:55:30,Sales email (Owen Brooks): sent,ACME-A008282
timothy.nichols@wardhernandez.example.com,2026-09-30 05:00:42,Sales email (Dana Whitfield): sent,ACME-A008283
rachael.pace@mooremorganandparker.example.com,2026-09-30 05:06:33,Sales email (Dana Whitfield): sent,ACME-A008284
kevin.porter@foleywilliamsandallen.example.com,2026-09-30 06:03:24,Sales email (Owen Brooks): sent,ACME-A008289
carol.anderson@terrygrahamandalexander.example.com,2026-09-30 07:51:00,Sales email (Owen Brooks): sent,ACME-A008294
erica.jones@johnsonllc.example.com,2026-09-30 07:59:14,Sales email (Dana Whitfield): sent,ACME-A008296
christopher.morris@jacobssmith.example.com,2026-09-30 08:13:06,Sales email (Priya Raman): sent,ACME-A008297
kristen.miller@gonzalezplc.example.com,2026-09-30 08:18:17,Sales email (Sofia Alvarez): sent,ACME-A008298
grace.clark@hesterspenceandjames.example.com,2026-09-30 08:35:07,Sales email (Owen Brooks): sent,ACME-A008300
samuel.fowler@bassgroup.example.com,2026-09-30 08:35:23,Sales email (Priya Raman): sent,ACME-A008301
heather.johnson@barrltd.example.com,2026-09-30 09:22:43,Sales email (Dana Whitfield): sent,ACME-A008304
janet.lopez@smithmorris.example.com,2026-09-30 09:23:55,Sales email (Marcus Lee): replied,ACME-A008305
keith.carroll@russellsmith.example.com,2026-09-30 10:12:51,Sales email (Marcus Lee): bounced,ACME-A008307
patricia.reyes@hallltd.example.com,2026-09-30 10:31:39,Sales email (Jordan Ellis): bounced,ACME-A008310
deborah.wilson@burgessmiller.example.com,2026-09-30 10:37:45,Sales email (Grace Kim): sent,ACME-A008311
james.mckenzie@nicholsltd.example.com,2026-09-30 10:51:53,Sales email (Dana Whitfield): sent,ACME-A008312
christina.kelly@barryholland.example.com,2026-09-30 10:53:50,Sales email (Marcus Lee): sent,ACME-A008313
francisco.carrillo@spencewrightandwallace.example.com,2026-09-30 10:56:20,Sales email (Jordan Ellis): sent,ACME-A008315
deborah.wilson@burgessmiller.example.com,2026-09-30 11:02:52,Sales email (Grace Kim): sent,ACME-A008316
sarah.ross@brucegroup.example.com,2026-09-30 11:23:15,Sales email (Sofia Alvarez): sent,ACME-A008317
deanna.hardy@walshgreenanddunn.example.com,2026-09-30 11:27:22,Sales email (Grace Kim): sent,ACME-A008318
theresa.hunter@armstrongandsons.example.com,2026-09-30 11:51:11,Sales email (Dana Whitfield): bounced,ACME-A008319
bryan.collins@acevedoinc.example.com,2026-09-30 11:57:42,Sales email (Marcus Lee): sent,ACME-A008320
jessica.johnson@leondavisandhughes.example.com,2026-09-30 12:06:46,Sales email (Dana Whitfield): sent,ACME-A008321
trevor.hernandez@carterclark.example.com,2026-09-30 12:12:18,Sales email (Dana Whitfield): bounced,ACME-A008323
kevin.nunez@kimllc.example.com,2026-09-30 12:34:16,Sales email (Acme Round Robin): sent,ACME-A008325
julia.martin@patelbrownandmartin.example.com,2026-09-30 12:41:41,Sales email (Marcus Lee): sent,ACME-A008327
julia.martin@patelbrownandmartin.example.com,2026-09-30 13:03:57,Sales email (Marcus Lee): replied,ACME-A008332
kenneth.matthews@wigginsfreeman.example.com,2026-09-30 13:28:12,Sales email (Dana Whitfield): sent,ACME-A008336
keith.carroll@russellsmith.example.com,2026-09-30 13:54:13,Sales email (Marcus Lee): sent,ACME-A008338
gregory.jenkins@parkschase.example.com,2026-09-30 13:54:43,Sales email (Priya Raman): sent,ACME-A008339
patricia.reyes@hallltd.example.com,2026-09-30 14:04:26,Sales email (Jordan Ellis): sent,ACME-A008340
matthew.evans@bowmaninc.example.com,2026-09-30 14:06:57,Sales email (Dana Whitfield): sent,ACME-A008342
jeffrey.richardson@poncegroup.example.com,2026-09-30 14:21:24,Sales email (Owen Brooks): replied,ACME-A008345
reginald.palmer@maddoxweaver.example.com,2026-09-30 14:21:49,Sales email (Dana Whitfield): replied,ACME-A008346
tina.thompson@pittmaninc.example.com,2026-09-30 14:24:25,Sales email (Acme Round Robin): replied,ACME-A008347
karen.shaw@holmesjordan.example.com,2026-09-30 14:27:43,Sales email (Owen Brooks): bounced,ACME-A008348
carlos.schmidt@clarkgroup.example.com,2026-09-30 15:04:12,Sales email (Marcus Lee): sent,ACME-A008351
curtis.barnes@masonandsons.example.com,2026-09-30 15:11:11,Sales email (Priya Raman): replied,ACME-A008355
thomas.greer@mooregroup.example.com,2026-09-30 15:23:26,Sales email (Marcus Lee): replied,ACME-A008357
rachel.rivera@hoffmangalvan.example.com,2026-09-30 15:59:49,Sales email (Sofia Alvarez): sent,ACME-A008361
whitney.morgan@lindseylawrenceandrose.example.com,2026-09-30 16:11:42,Sales email (Jordan Ellis): sent,ACME-A008362
laura.ortiz@murphyplc.example.com,2026-09-30 16:13:21,Sales email (Grace Kim): replied,ACME-A008363
erik.jones@jimenezcampbell.example.com,2026-09-30 16:13:39,Sales email (Jordan Ellis): sent,ACME-A008364
rebecca.ramirez@griffingroup.example.com,2026-09-30 16:21:39,Sales email (Sofia Alvarez): replied,ACME-A008365
sarah.ross@brucegroup.example.com,2026-09-30 16:53:34,Sales email (Sofia Alvarez): sent,ACME-A008368
virginia.schwartz@hoffmanherman.example.com,2026-09-30 17:42:54,Sales email (Sofia Alvarez): sent,ACME-A008372
jason.atkinson@wolfeplc.example.com,2026-09-30 17:57:33,Sales email (Sofia Alvarez): sent,ACME-A008376
timothy.smith@leeandsons.example.com,2026-09-30 18:32:11,Sales email (Priya Raman): sent,ACME-A008379
heather.white@barnescaseyandmartinez.example.com,2026-09-30 18:42:57,Sales email (Marcus Lee): sent,ACME-A008381
evan.wright@wilsongroup.example.com,2026-09-30 18:51:52,Sales email (Marcus Lee): replied,ACME-A008382
rachael.reed@huntplc.example.com,2026-09-30 18:57:34,Sales email (Jordan Ellis): replied,ACME-A008384
curtis.barnes@masonandsons.example.com,2026-09-30 19:31:46,Sales email (Priya Raman): bounced,ACME-A008387
whitney.morgan@lindseylawrenceandrose.example.com,2026-09-30 19:32:43,Sales email (Jordan Ellis): replied,ACME-A008388
samuel.fowler@bassgroup.example.com,2026-09-30 19:35:20,Sales email (Priya Raman): sent,ACME-A008389
julie.smith@molinasparksandwilliams.example.com,2026-09-30 19:51:27,Sales email (Jordan Ellis): sent,ACME-A008392
kelly.marshall@pageplc.example.com,2026-09-30 20:07:45,Sales email (Priya Raman): sent,ACME-A008393
reginald.palmer@maddoxweaver.example.com,2026-09-30 20:42:38,Sales email (Dana Whitfield): sent,ACME-A008396
michael.brown@hernandezhuntandbartlett.example.com,2026-09-30 21:14:26,Sales email (Priya Raman): sent,ACME-A008400
erica.jones@johnsonllc.example.com,2026-09-30 21:15:07,Sales email (Dana Whitfield): sent,ACME-A008401
brenda.strickland@stoneyoung.example.com,2026-09-30 21:17:27,Sales email (Dana Whitfield): sent,ACME-A008402
curtis.barnes@masonandsons.example.com,2026-09-30 21:51:06,Sales email (Priya Raman): sent,ACME-A008406
james.avila@petersplc.example.com,2026-09-30 21:51:27,Sales email (Sofia Alvarez): sent,ACME-A008407
james.delacruz@meyerltd.example.com,2026-09-30 21:55:04,Sales email (Dana Whitfield): sent,ACME-A008408
nicole.murphy@curtisbates.example.com,2026-09-30 22:04:15,Sales email (Jordan Ellis): sent,ACME-A008409
erik.jones@jimenezcampbell.example.com,2026-09-30 22:16:12,Sales email (Jordan Ellis): sent,ACME-A008411
erik.jones@jimenezcampbell.example.com,2026-09-30 22:34:55,Sales email (Jordan Ellis): sent,ACME-A008414
timothy.nichols@wardhernandez.example.com,2026-09-30 22:45:21,Sales email (Dana Whitfield): replied,ACME-A008415
whitney.morgan@lindseylawrenceandrose.example.com,2026-09-30 23:04:54,Sales email (Jordan Ellis): sent,ACME-A008416
emily.davis@reyesplc.example.com,2026-09-30 23:33:29,Sales email (Marcus Lee): replied,ACME-A008418
timothy.smith@leeandsons.example.com,2026-09-30 23:47:30,Sales email (Priya Raman): replied,ACME-A008420
nicole.murphy@curtisbates.example.com,2026-09-30 23:48:22,Sales email (Jordan Ellis): sent,ACME-A008421
rachel.rivera@hoffmangalvan.example.com,2026-09-30 23:53:05,Sales email (Sofia Alvarez): sent,ACME-A008422
