First Name,Last Name,Email,Company Name,Job Title,Lead Source,UTM Source,UTM Medium,UTM Campaign,Company Type,Territory,Fit Score,Lead Created Date,Lifecycle Stage,Record ID (source)
Kristen,Hall,kristen.hall@bankschanandharrison.example.com,Banks Chan and Harrison,IT Manager,Referral,,,,MSP,NJ,73,2026-04-01,lead,ACME-L00001
Robert,Campbell,robert.campbell@davismartinanddominguez.example.com,Davis Martin and Dominguez,Owner,Referral,,,,MSP,NY,100,2026-04-01,lead,ACME-L00002
David,Burch,david.burch@smithsmithandsutton.example.com,Smith Smith and Sutton,Office Manager,Google Ads,google,cpc,msp_q2_search_brand,MSP,NY,67,2026-04-01,lead,ACME-L00003
James,Bishop,james.bishop@barnetttaylor.example.com,Barnett-Taylor,Owner,Google Ads,google,cpc,msp_q2_search_brand,MSP,Unassigned,45,2026-04-01,lead,ACME-L00004
Kimberly,Chavez,kimberly.chavez@martinphamandwoods.example.com,Martin Pham and Woods,Owner,Google Ads,google,cpc,msp_q2_search_brand,MSP,NY,80,2026-04-01,opportunity,ACME-L00005
Wendy,Cox,wendy.cox@butlerlin.example.com,Butler-Lin,CFO,Meta Ads,facebook,paid_social,msp_q2_leadgen,MSP,NY,61,2026-04-01,lead,ACME-L00006
Nicole,Daniel,nicole.daniel@lewishallandgonzalez.example.com,Lewis Hall and Gonzalez,Office Manager,Google Ads,google,cpc,msp_q2_search_nonbrand,MSP,NJ,94,2026-04-01,lead,ACME-L00007
Sarah,Dickerson,sarah.dickerson@walshhopkinsandcox.example.com,Walsh Hopkins and Cox,COO,Referral,,,,MSP,NY,77,2026-04-01,lead,ACME-L00008
Melissa,Porter,melissa.porter@cruzmorrisandcobb.example.com,Cruz Morris and Cobb,IT Manager,Google Ads,google,cpc,msp_q2_search_brand,MSP,NJ,67,2026-04-01,lead,ACME-L00009
Cynthia,Garrett,cynthia.garrett@lewisltd.example.com,Lewis Ltd,COO,Meta Ads,facebook,paid_social,msp_q2_leadgen,MSP,Unassigned,88,2026-04-01,lead,ACME-L00010
Zachary,Holmes,zachary.holmes@ayalaryanandmurillo.example.com,Ayala Ryan and Murillo,CFO,Meta Ads,facebook,paid_social,msp_q2_leadgen,MSP,FL,53,2026-04-01,lead,ACME-L00011
Katie,Willis,katie.willis@pittssmith.example.com,Pitts-Smith,Office Manager,Call Tracking,callrail,phone,local_services,MSP,NY,70,2026-04-01,salesqualifiedlead,ACME-L00012
Mark,Walker,mark.walker@patelplc.example.com,Patel PLC,Office Manager,Outbound,,,,MSP,Unassigned,70,2026-04-01,lead,ACME-L00013
Diana,Wright,diana.wright@clarkinc.example.com,Clark Inc,Owner,Google Ads,google,cpc,msp_q2_search_nonbrand,MSP,NY,,2026-04-01,lead,ACME-L00014
Aaron,Christensen,aaron.christensen@stewartlarsen.example.com,Stewart-Larsen,Office Manager,Meta Ads,facebook,paid_social,msp_q2_leadgen,MSP,Unassigned,67,2026-04-01,lead,ACME-L00015
Zoe,Johnson,zoe.johnson@morganwilliams.example.com,Morgan-Williams,Practice Manager,Google Ads,google,cpc,msp_q2_search_nonbrand,MSP,NY,67,2026-04-01,salesqualifiedlead,ACME-L00016
Katherine,Hernandez,katherine.hernandez@huntandsons.example.com,Hunt and Sons,Office Manager,Meta Ads,facebook,paid_social,msp_q2_leadgen,MSP,FL,61,2026-04-01,lead,ACME-L00017
Jeffery,White,jeffery.white@morrisjohnsonandkhan.example.com,Morris Johnson and Khan,IT Manager,Google Ads,google,cpc,msp_q2_search_nonbrand,MSP,MA,67,2026-04-01,lead,ACME-L00018
Daniel,Jones,daniel.jones@stephensmartinandsimmons.example.com,Stephens Martin and Simmons,Office Manager,Referral,,,,MSP,Unassigned,100,2026-04-01,salesqualifiedlead,ACME-L00019
Brian,Barber,brian.barber@robertskemp.example.com,Roberts-Kemp,CFO,Google Ads,google,cpc,msp_q2_search_nonbrand,MSP,CA,67,2026-04-02,lead,ACME-L00020
James,Small,james.small@wilsonpriceanddawson.example.com,Wilson Price and Dawson,Office Manager,Meta Ads,facebook,paid_social,msp_q2_leadgen,MSP,NY,61,2026-04-02,salesqualifiedlead,ACME-L00021
Ronald,Lozano,ronald.lozano@masseybenjaminandharris.example.com,Massey Benjamin and Harris,Owner,Google Ads,google,cpc,msp_q2_search_nonbrand,MSP,IL,94,2026-04-02,salesqualifiedlead,ACME-L00022
Tracy,Villegas,tracy.villegas@osborneprice.example.com,Osborne-Price,Office Manager,Call Tracking,callrail,phone,local_services,MSP,NY,70,2026-04-02,lead,ACME-L00023
Alexander,Wiggins,alexander.wiggins@sloanltd.example.com,Sloan Ltd,Practice Manager,Google Ads,google,cpc,msp_q2_search_nonbrand,MSP,NJ,37,2026-04-02,lead,ACME-L00024
Billy,Carter,billy.carter@pittmanllc.example.com,Pittman LLC,Practice Manager,Outbound,,,,MSP,MA,90,2026-04-02,opportunity,ACME-L00025
Courtney,Sims,courtney.sims@houstonhansen.example.com,Houston-Hansen,CFO,Call Tracking,callrail,phone,gbp_listing,MSP,NJ,67,2026-04-02,lead,ACME-L00026
Lauren,Dawson,lauren.dawson@mckenzieplc.example.com,Mckenzie PLC,IT Manager,Referral,,,,MSP,NY,73,2026-04-02,salesqualifiedlead,ACME-L00027
Stacey,Mccoy,stacey.mccoy@serranoinc.example.com,Serrano Inc,Practice Manager,Google Ads,google,cpc,msp_q2_search_brand,MSP,IL,94,2026-04-02,lead,ACME-L00028
Emily,Nelson,emily.nelson@robertsplc.example.com,Roberts PLC,IT Manager,Google Ads,google,cpc,msp_q2_search_brand,MSP,TX,94,2026-04-02,salesqualifiedlead,ACME-L00029
Shannon,Goodwin,shannon.goodwin@mahoneygroup.example.com,Mahoney Group,IT Manager,Google Ads,google,cpc,msp_q2_search_nonbrand,MSP,TX,75,2026-04-02,lead,ACME-L00030
Sean,Smith,sean.smith@johnstonsellers.example.com,Johnston-Sellers,COO,Google Ads,google,cpc,msp_q2_search_nonbrand,MSP,TX,94,2026-04-02,lead,ACME-L00031
James,Diaz,james.diaz@wellswatsonandcalhoun.example.com,Wells Watson and Calhoun,Office Manager,Call Tracking,callrail,phone,local_services,MSP,TX,,2026-04-02,opportunity,ACME-L00032
Alejandro,Schwartz,alejandro.schwartz@aguilarandsons.example.com,Aguilar and Sons,Operations Manager,Referral,,,,MSP,NY,73,2026-04-02,lead,ACME-L00033
Robert,Martinez,robert.martinez@johnsonltd.example.com,Johnson Ltd,Owner,Outbound,,,,MSP,MA,40,2026-04-02,lead,ACME-L00034
Carrie,Johnson,carrie.johnson@bensonharper.example.com,Benson-Harper,IT Director,Google Ads,google,cpc,msp_q2_search_nonbrand,MSP,NY,67,2026-04-02,salesqualifiedlead,ACME-L00035
Caleb,George,caleb.george@ellisvalentineandbrownin.example.com,Ellis Valentine and Browning,Owner,Outbound,,,,MSP,Unassigned,38,2026-04-02,lead,ACME-L00036
Cynthia,Lamb,cynthia.lamb@frankgiles.example.com,Frank-Giles,CFO,Call Tracking,callrail,phone,gbp_listing,MSP,NY,97,2026-04-02,salesqualifiedlead,ACME-L00037
James,Cannon,james.cannon@brucejonesandsimpson.example.com,Bruce Jones and Simpson,Office Manager,Google Ads,google,cpc,msp_q2_search_brand,MSP,NY,94,2026-04-02,lead,ACME-L00038
Charles,Mason,charles.mason@jacksonandsons.example.com,Jackson and Sons,Office Manager,Google Ads,google,cpc,msp_q2_search_nonbrand,MSP,NY,67,2026-04-03,salesqualifiedlead,ACME-L00039
Brenda,Cunningham,brenda.cunningham@mccormickmyers.example.com,Mccormick-Myers,Office Manager,Outbound,,,,MSP,TX,81,2026-04-03,lead,ACME-L00040
Nathan,Gordon,nathan.gordon@davisdean.example.com,Davis-Dean,,Referral,,,,MSP,IL,72,2026-04-03,lead,ACME-L00041
Christina,Hernandez,christina.hernandez@jonesandsons.example.com,Jones and Sons,COO,Google Ads,google,cpc,msp_q2_search_nonbrand,MSP,NY,94,2026-04-03,lead,ACME-L00042
Tyler,Robles,tyler.robles@petersonbell.example.com,Peterson-Bell,CFO,Meta Ads,facebook,paid_social,msp_q2_leadgen,MSP,NY,88,2026-04-03,lead,ACME-L00043
Eugene,Casey,eugene.casey@kingandsons.example.com,King and Sons,Owner,Google Ads,google,cpc,msp_q2_search_brand,MSP,CA,,2026-04-03,lead,ACME-L00044
Kristin,Burton,kristin.burton@frenchterry.example.com,French-Terry,IT Director,Meta Ads,facebook,paid_social,msp_q2_leadgen,MSP,NY,88,2026-04-03,lead,ACME-L00045
Timothy,Frank,timothy.frank@brownflemingandschmidt.example.com,Brown Fleming and Schmidt,Office Manager,Outbound,,,,MSP,MA,63,2026-04-03,lead,ACME-L00046
Kelly,Allen,kelly.allen@johnsonandsons.example.com,Johnson and Sons,Practice Manager,Google Ads,google,cpc,msp_q2_search_brand,MSP,MA,94,2026-04-03,lead,ACME-L00047
Carl,Roy,carl.roy@millerchase.example.com,Miller-Chase,Operations Manager,Call Tracking,callrail,phone,gbp_listing,MSP,Unassigned,41,2026-04-03,lead,ACME-L00048
Sabrina,Arias,sabrina.arias@mcknighthughes.example.com,Mcknight-Hughes,IT Director,Outbound,,,,MSP,TX,90,2026-04-03,lead,ACME-L00049
Courtney,Schmidt,courtney.schmidt@whitellc.example.com,White LLC,Office Manager,Google Ads,google,cpc,msp_q2_search_nonbrand,MSP,Unassigned,64,2026-04-03,lead,ACME-L00050
Marvin,Malone,marvin.malone@piercechavez.example.com,Pierce-Chavez,COO,Referral,,,,MSP,NY,73,2026-04-03,customer,ACME-L00051
Christian,Miller,christian.miller@ramosrodriguez.example.com,Ramos-Rodriguez,Owner,Referral,,,,MSP,MA,60,2026-04-03,lead,ACME-L00052
Robert,Spencer,robert.spencer@townsendclarkandgraham.example.com,Townsend Clark and Graham,CFO,Meta Ads,facebook,paid_social,msp_q2_leadgen,MSP,FL,88,2026-04-03,lead,ACME-L00053
Brent,Grant,brent.grant@grayinc.example.com,Gray Inc,IT Manager,Google Ads,google,cpc,msp_q2_search_nonbrand,MSP,TX,94,2026-04-04,lead,ACME-L00054
Jennifer,Huffman,jennifer.huffman@buchananplc.example.com,Buchanan PLC,COO,Outbound,,,,MSP,NJ,41,2026-04-04,lead,ACME-L00055
Mary,Bishop,mary.bishop@yangllc.example.com,Yang LLC,Office Manager,Outbound,,,,MSP,MA,63,2026-04-04,lead,ACME-L00056
Thomas,Anderson,thomas.anderson@millerwaltonandchen.example.com,Miller Walton and Chen,CFO,Referral,,,,MSP,FL,100,2026-04-04,opportunity,ACME-L00057
Deanna,Stephenson,deanna.stephenson@turnermurrayandhaley.example.com,Turner Murray and Haley,Office Manager,Call Tracking,callrail,phone,gbp_listing,MSP,TX,70,2026-04-04,salesqualifiedlead,ACME-L00058
Lauren,Bonilla,lauren.bonilla@mccormickcook.example.com,Mccormick-Cook,COO,Meta Ads,facebook,paid_social,msp_q2_leadgen,MSP,NJ,88,2026-04-05,opportunity,ACME-L00059
Susan,Jones,susan.jones@brooksbarnes.example.com,Brooks-Barnes,CFO,Outbound,,,,MSP,NY,33,2026-04-05,lead,ACME-L00060
Timothy,Sutton,timothy.sutton@snyderreyes.example.com,Snyder-Reyes,Office Manager,Google Ads,google,cpc,msp_q2_search_nonbrand,MSP,NJ,67,2026-04-05,lead,ACME-L00061
Andrew,Taylor,andrew.taylor@hamiltonwagner.example.com,Hamilton-Wagner,Owner,Google Ads,google,cpc,msp_q2_search_nonbrand,MSP,IL,94,2026-04-05,lead,ACME-L00062
Benjamin,Harris,benjamin.harris@fuentesrichmondandking.example.com,Fuentes Richmond and King,CFO,Referral,,,,MSP,NY,78,2026-04-05,lead,ACME-L00063
Gabriel,Callahan,gabriel.callahan@millercollinsandblair.example.com,Miller Collins and Blair,,Google Ads,google,cpc,msp_q2_search_nonbrand,MSP,NY,94,2026-04-05,lead,ACME-L00064
Jeffrey,Perez,jeffrey.perez@friedmandiaz.example.com,Friedman-Diaz,Office Manager,Referral,,,,MSP,MA,73,2026-04-05,opportunity,ACME-L00065
James,Delgado,james.delgado@huynhllc.example.com,Huynh LLC,IT Manager,Google Ads,google,cpc,msp_q2_search_nonbrand,MSP,MA,67,2026-04-05,lead,ACME-L00066
Catherine,Madden,catherine.madden@warnerwilcoxandrivera.example.com,Warner Wilcox and Rivera,IT Manager,Outbound,,,,MSP,CA,63,2026-04-05,lead,ACME-L00067
James,Pope,james.pope@oliverinc.example.com,Oliver Inc,CFO,Outbound,,,,MSP,MA,63,2026-04-05,salesqualifiedlead,ACME-L00068
Nicole,Parks,nicole.parks@smithinc.example.com,Smith Inc,Office Manager,Call Tracking,callrail,phone,local_services,MSP,CA,70,2026-04-06,lead,ACME-L00069
Thomas,Lamb,thomas.lamb@davisfoxandreese.example.com,Davis Fox and Reese,COO,Google Ads,google,cpc,msp_q2_search_nonbrand,MSP,IL,94,2026-04-06,lead,ACME-L00070
Gary,Collins,gary.collins@walkerandsons.example.com,Walker and Sons,Office Manager,Google Ads,google,cpc,msp_q2_search_nonbrand,MSP,NJ,,2026-04-06,lead,ACME-L00071
Michael,Martin,michael.martin@adamslopezanddecker.example.com,Adams Lopez and Decker,COO,Outbound,,,,MSP,MA,90,2026-04-06,salesqualifiedlead,ACME-L00072
Timothy,Todd,timothy.todd@stokesdavis.example.com,Stokes-Davis,COO,Referral,,,,MSP,Unassigned,79,2026-04-06,salesqualifiedlead,ACME-L00073
Danielle,Watson,danielle.watson@cabrerawhiteandperkins.example.com,Cabrera White and Perkins,Office Manager,Outbound,,,,MSP,TX,33,2026-04-06,lead,ACME-L00074
William,Aguirre,william.aguirre@obriengonzalezandramirez.example.com,Obrien Gonzalez and Ramirez,COO,Call Tracking,callrail,phone,local_services,MSP,IL,70,2026-04-06,lead,ACME-L00075
Sarah,Jones,sarah.jones@murraymartin.example.com,Murray-Martin,Owner,Outbound,,,,MSP,MA,90,2026-04-06,lead,ACME-L00076
Michael,Decker,michael.decker@coffeyplc.example.com,Coffey PLC,Operations Manager,Google Ads,google,cpc,msp_q2_search_brand,MSP,NY,67,2026-04-06,lead,ACME-L00077
Noah,Chavez,noah.chavez@salaslawson.example.com,Salas-Lawson,Operations Manager,Meta Ads,facebook,paid_social,msp_q2_leadgen,MSP,TX,88,2026-04-06,lead,ACME-L00078
Andrea,Jackson,andrea.jackson@boothwashingtonandbarr.example.com,Booth Washington and Barr,IT Director,Call Tracking,callrail,phone,local_services,MSP,IL,54,2026-04-06,lead,ACME-L00079
Richard,Gordon,richard.gordon@cartercarey.example.com,Carter-Carey,Owner,Outbound,,,,MSP,FL,90,2026-04-06,salesqualifiedlead,ACME-L00080
Brittany,Alexander,brittany.alexander@rhodesllc.example.com,Rhodes LLC,Operations Manager,Call Tracking,callrail,phone,local_services,MSP,NY,89,2026-04-06,lead,ACME-L00081
Lance,Allen,lance.allen@salazarharrison.example.com,Salazar-Harrison,IT Manager,Referral,,,,MSP,NJ,73,2026-04-06,customer,ACME-L00082
Amber,Duncan,amber.duncan@robertsandsons.example.com,Roberts and Sons,IT Director,Google Ads,google,cpc,msp_q2_search_brand,MSP,NY,64,2026-04-06,lead,ACME-L00083
Travis,Stewart,travis.stewart@cookjackson.example.com,Cook-Jackson,Office Manager,Outbound,,,,MSP,Unassigned,70,2026-04-06,lead,ACME-L00084
Barbara,Ward,barbara.ward@bakermooney.example.com,Baker-Mooney,CFO,Call Tracking,callrail,phone,gbp_listing,MSP,NY,70,2026-04-06,lead,ACME-L00085
Charles,Caldwell,charles.caldwell@jonesallen.example.com,Jones-Allen,Office Manager,Meta Ads,facebook,paid_social,msp_q2_leadgen,MSP,IL,87,2026-04-06,lead,ACME-L00086
Daniel,Lopez,daniel.lopez@alvaradosmith.example.com,Alvarado-Smith,IT Director,Referral,,,,MSP,MA,100,2026-04-06,salesqualifiedlead,ACME-L00087
Brandon,Doyle,brandon.doyle@wardlucasandsmith.example.com,Ward Lucas and Smith,Practice Manager,Google Ads,google,cpc,msp_q2_search_nonbrand,MSP,MA,54,2026-04-06,opportunity,ACME-L00088
Makayla,Martin,makayla.martin@hughesstrongandoliver.example.com,Hughes Strong and Oliver,Operations Manager,Call Tracking,callrail,phone,gbp_listing,MSP,FL,70,2026-04-07,lead,ACME-L00089
Carolyn,Gray,carolyn.gray@melendezleeandprice.example.com,Melendez Lee and Price,CFO,Google Ads,google,cpc,msp_q2_search_brand,MSP,MA,67,2026-04-07,salesqualifiedlead,ACME-L00090
Ricardo,Holmes,ricardo.holmes@cunninghaminc.example.com,Cunningham Inc,Office Manager,Referral,,,,MSP,TX,73,2026-04-07,lead,ACME-L00091
Taylor,Williams,taylor.williams@stonegarcia.example.com,Stone-Garcia,IT Manager,Referral,,,,MSP,NY,45,2026-04-07,lead,ACME-L00092
Timothy,Smith,timothy.smith@marquezmooreandatkinson.example.com,Marquez Moore and Atkinson,Owner,Google Ads,google,cpc,msp_q2_search_nonbrand,MSP,CA,88,2026-04-07,lead,ACME-L00093
Andrea,Ball,andrea.ball@gentryshepard.example.com,Gentry-Shepard,Operations Manager,Call Tracking,callrail,phone,gbp_listing,MSP,NJ,70,2026-04-07,salesqualifiedlead,ACME-L00094
Sara,Cruz,sara.cruz@osborneinc.example.com,Osborne Inc,Practice Manager,Meta Ads,facebook,paid_social,msp_q2_leadgen,MSP,NJ,,2026-04-07,lead,ACME-L00095
Jamie,Baker,jamie.baker@beasleyjohnson.example.com,Beasley-Johnson,IT Director,Google Ads,google,cpc,msp_q2_search_nonbrand,MSP,IL,94,2026-04-07,salesqualifiedlead,ACME-L00096
John,Allen,john.allen@reynoldsgreen.example.com,Reynolds-Green,,Referral,,,,MSP,NJ,100,2026-04-07,lead,ACME-L00097
Michael,Snow,michael.snow@walkerhughesanddunn.example.com,Walker Hughes and Dunn,Office Manager,Outbound,,,,MSP,NJ,63,2026-04-07,lead,ACME-L00098
Laura,Cox,laura.cox@rhodesthomas.example.com,Rhodes-Thomas,Operations Manager,Meta Ads,facebook,paid_social,msp_q2_leadgen,MSP,NY,88,2026-04-07,lead,ACME-L00099
Lisa,Thomas,lisa.thomas@leemayandle.example.com,Lee May and Le,Owner,Google Ads,google,cpc,msp_q2_search_nonbrand,MSP,IL,94,2026-04-07,lead,ACME-L00100
Sarah,Gonzales,sarah.gonzales@millergarza.example.com,Miller-Garza,Office Manager,Referral,,,,MSP,MA,73,2026-04-07,lead,ACME-L00101
Mark,Gregory,mark.gregory@pearsonharrisandsmith.example.com,Pearson Harris and Smith,COO,Meta Ads,facebook,paid_social,msp_q2_leadgen,MSP,Unassigned,68,2026-04-07,lead,ACME-L00102
Adriana,Schaefer,adriana.schaefer@baileyandsons.example.com,Bailey and Sons,Office Manager,Google Ads,google,cpc,msp_q2_search_brand,MSP,Unassigned,73,2026-04-07,lead,ACME-L00103
Brian,Jacobson,brian.jacobson@wilsonirwin.example.com,Wilson-Irwin,Practice Manager,Referral,,,,MSP,MA,100,2026-04-07,salesqualifiedlead,ACME-L00104
Peter,Berg,peter.berg@kingbrown.example.com,King-Brown,Owner,Google Ads,google,cpc,msp_q2_search_nonbrand,MSP,NJ,94,2026-04-07,lead,ACME-L00105
Mario,Austin,mario.austin@bishopking.example.com,Bishop-King,IT Manager,Call Tracking,callrail,phone,gbp_listing,MSP,CA,70,2026-04-07,lead,ACME-L00106
Anthony,Thompson,anthony.thompson@willisltd.example.com,Willis Ltd,COO,Google Ads,google,cpc,msp_q2_search_nonbrand,MSP,NY,67,2026-04-08,lead,ACME-L00107
Amy,Bennett,amy.bennett@mirandabrownandmason.example.com,Miranda Brown and Mason,CFO,Referral,,,,MSP,NY,100,2026-04-08,lead,ACME-L00108
David,King,david.king@gillespiebrewerandtorres.example.com,Gillespie Brewer and Torres,Owner,Google Ads,google,cpc,msp_q2_search_brand,MSP,FL,88,2026-04-08,salesqualifiedlead,ACME-L00109
Kevin,Harding,kevin.harding@kimgallagherandgarcia.example.com,Kim Gallagher and Garcia,IT Manager,Meta Ads,facebook,paid_social,msp_q2_leadgen,MSP,IL,88,2026-04-08,lead,ACME-L00110
Andrew,Montgomery,andrew.montgomery@griffingonzales.example.com,Griffin-Gonzales,IT Director,Google Ads,google,cpc,msp_q2_search_brand,MSP,CA,67,2026-04-08,lead,ACME-L00111
Jessica,Butler,jessica.butler@maldonadosullivan.example.com,Maldonado-Sullivan,IT Director,Call Tracking,callrail,phone,local_services,MSP,CA,40,2026-04-08,salesqualifiedlead,ACME-L00112
Justin,Montgomery,justin.montgomery@lesnyder.example.com,Le-Snyder,COO,Google Ads,google,cpc,msp_q2_search_nonbrand,MSP,MA,42,2026-04-08,lead,ACME-L00113
Victoria,Walker,victoria.walker@watsonandsons.example.com,Watson and Sons,Owner,Google Ads,google,cpc,msp_q2_search_brand,MSP,TX,67,2026-04-08,salesqualifiedlead,ACME-L00114
Michael,Fox,michael.fox@robertsgomez.example.com,Roberts-Gomez,IT Manager,Call Tracking,callrail,phone,local_services,MSP,TX,96,2026-04-08,lead,ACME-L00115
Jodi,Perez,jodi.perez@shaffergroup.example.com,Shaffer Group,Owner,Google Ads,google,cpc,msp_q2_search_brand,MSP,NJ,,2026-04-08,salesqualifiedlead,ACME-L00116
Christine,Craig,christine.craig@andersongroup.example.com,Anderson Group,,Google Ads,google,cpc,msp_q2_search_nonbrand,MSP,MA,94,2026-04-08,lead,ACME-L00117
Jesse,Richards,jesse.richards@johnsontorres.example.com,Johnson-Torres,Office Manager,Google Ads,google,cpc,msp_q2_search_nonbrand,MSP,NY,67,2026-04-08,lead,ACME-L00118
Stacy,Clark,stacy.clark@boydjenkins.example.com,Boyd-Jenkins,CFO,Google Ads,google,cpc,msp_q2_search_brand,MSP,NY,84,2026-04-08,lead,ACME-L00119
Judy,Jackson,judy.jackson@moorecameronandbates.example.com,Moore Cameron and Bates,,Call Tracking,callrail,phone,gbp_listing,MSP,NY,70,2026-04-08,lead,ACME-L00120
Alisha,Lopez,alisha.lopez@taylorsmithandcollier.example.com,Taylor Smith and Collier,IT Director,Meta Ads,facebook,paid_social,msp_q2_leadgen,MSP,Unassigned,22,2026-04-08,lead,ACME-L00121
Nicole,Schroeder,nicole.schroeder@fisherperezandbowen.example.com,Fisher Perez and Bowen,Operations Manager,Outbound,,,,MSP,MA,90,2026-04-08,lead,ACME-L00122
Sara,Willis,sara.willis@brownfosteranderickson.example.com,Brown Foster and Erickson,Practice Manager,Outbound,,,,MSP,NY,63,2026-04-08,opportunity,ACME-L00123
Luke,Washington,luke.washington@lindseyhowardandpena.example.com,Lindsey Howard and Pena,Operations Manager,Google Ads,google,cpc,msp_q2_search_nonbrand,MSP,NY,67,2026-04-08,lead,ACME-L00124
Alison,Robinson,alison.robinson@figueroacase.example.com,Figueroa-Case,Operations Manager,Meta Ads,facebook,paid_social,msp_q2_leadgen,MSP,NJ,61,2026-04-08,lead,ACME-L00125
Jennifer,Valenzuela,jennifer.valenzuela@wilsonhouse.example.com,Wilson-House,Owner,Referral,,,,MSP,NY,70,2026-04-08,customer,ACME-L00126
Taylor,Phillips,taylor.phillips@fowlercardenasandcabrera.example.com,Fowler Cardenas and Cabrera,IT Director,Meta Ads,facebook,paid_social,msp_q2_leadgen,MSP,CA,88,2026-04-08,opportunity,ACME-L00127
Connor,Hayes,connor.hayes@brownleeandwilliams.example.com,Brown Lee and Williams,Practice Manager,Google Ads,google,cpc,msp_q2_search_nonbrand,MSP,CA,67,2026-04-08,lead,ACME-L00128
Kristen,Carlson,kristen.carlson@castanedamooreandorozco.example.com,Castaneda Moore and Orozco,,Google Ads,google,cpc,msp_q2_search_nonbrand,MSP,TX,94,2026-04-09,salesqualifiedlead,ACME-L00129
Christopher,Flores,christopher.flores@weeksmccarthy.example.com,Weeks-Mccarthy,Office Manager,Referral,,,,MSP,FL,73,2026-04-09,lead,ACME-L00130
Thomas,Beck,thomas.beck@larsenllc.example.com,Larsen LLC,Operations Manager,Meta Ads,facebook,paid_social,msp_q2_leadgen,MSP,IL,,2026-04-09,lead,ACME-L00131
Monique,Frank,monique.frank@andersonhernandezanddixo.example.com,Anderson Hernandez and Dixon,,Outbound,,,,MSP,CA,47,2026-04-09,lead,ACME-L00132
Barry,Pennington,barry.pennington@lovelee.example.com,Love-Lee,COO,Google Ads,google,cpc,msp_q2_search_brand,MSP,TX,94,2026-04-09,salesqualifiedlead,ACME-L00133
Melanie,Bryant,melanie.bryant@stoneinc.example.com,Stone Inc,Office Manager,Referral,,,,MSP,NJ,100,2026-04-09,lead,ACME-L00134
Elizabeth,Fuller,elizabeth.fuller@harrisplc.example.com,Harris PLC,IT Manager,Google Ads,google,cpc,msp_q2_search_nonbrand,MSP,TX,64,2026-04-09,opportunity,ACME-L00135
Erin,Jennings,erin.jennings@adamsplc.example.com,Adams PLC,Owner,Google Ads,google,cpc,msp_q2_search_nonbrand,MSP,IL,94,2026-04-09,customer,ACME-L00136
Matthew,Osborne,matthew.osborne@hensleyllc.example.com,Hensley LLC,IT Manager,Referral,,,,MSP,NJ,73,2026-04-09,lead,ACME-L00137
Zachary,Phillips,zachary.phillips@elliswarnerandcruz.example.com,Ellis Warner and Cruz,IT Director,Google Ads,google,cpc,msp_q2_search_nonbrand,MSP,NY,67,2026-04-09,lead,ACME-L00138
Stacy,Luna,stacy.luna@lynchstewart.example.com,Lynch-Stewart,Operations Manager,Meta Ads,facebook,paid_social,msp_q2_leadgen,MSP,NY,61,2026-04-09,lead,ACME-L00139
Sergio,Barrett,sergio.barrett@spencepalmerandsanchez.example.com,Spence Palmer and Sanchez,Office Manager,Google Ads,google,cpc,msp_q2_search_brand,MSP,Unassigned,74,2026-04-09,lead,ACME-L00140
Chris,Grant,chris.grant@fisherhayden.example.com,Fisher-Hayden,Operations Manager,Referral,,,,MSP,NY,73,2026-04-09,lead,ACME-L00141
Tyler,Schmidt,tyler.schmidt@josephelliottandmontgome.example.com,Joseph Elliott and Montgomery,Operations Manager,Call Tracking,callrail,phone,gbp_listing,MSP,NY,97,2026-04-09,lead,ACME-L00142
Wendy,Dennis,wendy.dennis@johnsoninc.example.com,Johnson Inc,IT Director,Outbound,,,,MSP,NY,60,2026-04-09,lead,ACME-L00143
Brandon,Lopez,brandon.lopez@georgeschwartz.example.com,George-Schwartz,Practice Manager,Google Ads,google,cpc,msp_q2_search_nonbrand,MSP,MA,,2026-04-09,lead,ACME-L00144
Sheri,Green,sheri.green@davidlyonsandmcdowell.example.com,David Lyons and Mcdowell,Practice Manager,Meta Ads,facebook,paid_social,msp_q2_leadgen,MSP,IL,88,2026-04-09,lead,ACME-L00145
Tina,Hood,tina.hood@sullivanllc.example.com,Sullivan LLC,IT Manager,Meta Ads,facebook,paid_social,msp_q2_leadgen,MSP,CA,61,2026-04-09,lead,ACME-L00146
Angela,Sullivan,angela.sullivan@millerbarajasandross.example.com,Miller Barajas and Ross,IT Manager,Google Ads,google,cpc,msp_q2_search_nonbrand,MSP,TX,67,2026-04-09,lead,ACME-L00147
Kenneth,Hill,kenneth.hill@nortonltd.example.com,Norton Ltd,,Call Tracking,callrail,phone,local_services,MSP,NJ,70,2026-04-09,opportunity,ACME-L00148
Margaret,Pace,margaret.pace@berryfrancisandmartin.example.com,Berry Francis and Martin,CFO,Referral,,,,MSP,Unassigned,80,2026-04-09,lead,ACME-L00149
Christopher,Moore,christopher.moore@fordpaul.example.com,Ford-Paul,Owner,Outbound,,,,MSP,CA,49,2026-04-10,salesqualifiedlead,ACME-L00150
Monica,Lambert,monica.lambert@millergroup.example.com,Miller Group,IT Director,Google Ads,google,cpc,msp_q2_search_nonbrand,MSP,FL,94,2026-04-10,lead,ACME-L00151
Justin,Walls,justin.walls@garciadavenport.example.com,Garcia-Davenport,COO,Outbound,,,,MSP,IL,63,2026-04-10,lead,ACME-L00152
Joanne,Cherry,joanne.cherry@cooperevans.example.com,Cooper-Evans,Owner,Referral,,,,MSP,FL,73,2026-04-10,lead,ACME-L00153
Phillip,Moore,phillip.moore@diazjimenezandwalter.example.com,Diaz Jimenez and Walter,COO,Outbound,,,,MSP,TX,63,2026-04-10,lead,ACME-L00154
Joann,Gonzalez,joann.gonzalez@bradleywatson.example.com,Bradley-Watson,Operations Manager,Google Ads,google,cpc,msp_q2_search_brand,MSP,TX,64,2026-04-10,lead,ACME-L00155
James,Greene,james.greene@jensenltd.example.com,Jensen Ltd,IT Director,Google Ads,google,cpc,msp_q2_search_brand,MSP,TX,94,2026-04-10,lead,ACME-L00156
Monique,Johnson,monique.johnson@finleyallison.example.com,Finley-Allison,COO,Google Ads,google,cpc,msp_q2_search_brand,MSP,Unassigned,,2026-04-10,lead,ACME-L00157
David,Smith,david.smith@robinsoninc.example.com,Robinson Inc,COO,Google Ads,google,cpc,msp_q2_search_brand,MSP,NJ,94,2026-04-10,lead,ACME-L00158
Thomas,Huang,thomas.huang@dunnmiller.example.com,Dunn-Miller,COO,Google Ads,google,cpc,msp_q2_search_nonbrand,MSP,NY,94,2026-04-10,customer,ACME-L00159
Alyssa,Harmon,alyssa.harmon@gonzalezschwartz.example.com,Gonzalez-Schwartz,IT Manager,Meta Ads,facebook,paid_social,msp_q2_leadgen,MSP,MA,63,2026-04-11,lead,ACME-L00160
Robert,Long,robert.long@orozcoharrisandwest.example.com,Orozco Harris and West,IT Director,Google Ads,google,cpc,msp_q2_search_brand,MSP,NJ,94,2026-04-11,lead,ACME-L00161
Virginia,Powell,virginia.powell@martingroup.example.com,Martin Group,Practice Manager,Google Ads,google,cpc,msp_q2_search_brand,MSP,CA,86,2026-04-11,lead,ACME-L00162
Emily,Fisher,emily.fisher@parkerjohnsonandjimenez.example.com,Parker Johnson and Jimenez,COO,Google Ads,google,cpc,msp_q2_search_brand,MSP,TX,81,2026-04-11,lead,ACME-L00163
Annette,Crawford,annette.crawford@johnsonllc.example.com,Johnson LLC,COO,Meta Ads,facebook,paid_social,msp_q2_leadgen,MSP,NY,88,2026-04-11,lead,ACME-L00164
Scott,Rodriguez,scott.rodriguez@jonesandsons.example.com,Jones and Sons,IT Manager,Google Ads,google,cpc,msp_q2_search_nonbrand,MSP,NY,94,2026-04-11,lead,ACME-L00165
Sonya,Sullivan,sonya.sullivan@atkinsonlowe.example.com,Atkinson-Lowe,Practice Manager,Google Ads,google,cpc,msp_q2_search_nonbrand,MSP,TX,94,2026-04-11,opportunity,ACME-L00166
Andrew,Lloyd,andrew.lloyd@moorekelley.example.com,Moore-Kelley,IT Manager,Google Ads,google,cpc,msp_q2_search_nonbrand,MSP,Unassigned,74,2026-04-11,lead,ACME-L00167
Catherine,Cox,catherine.cox@leebrown.example.com,Lee-Brown,IT Director,Call Tracking,callrail,phone,gbp_listing,MSP,Unassigned,77,2026-04-11,customer,ACME-L00168
Anna,Ortega,anna.ortega@smithpittmanandmcdonald.example.com,Smith Pittman and Mcdonald,CFO,Meta Ads,facebook,paid_social,msp_q2_leadgen,MSP,IL,58,2026-04-11,lead,ACME-L00169
Brandon,Nicholson,brandon.nicholson@gouldfoster.example.com,Gould-Foster,Office Manager,Meta Ads,facebook,paid_social,msp_q2_leadgen,MSP,TX,88,2026-04-11,lead,ACME-L00170
Jessica,Mendez,jessica.mendez@whitepalmerandcantu.example.com,White Palmer and Cantu,IT Manager,Google Ads,google,cpc,msp_q2_search_nonbrand,MSP,NJ,94,2026-04-12,lead,ACME-L00171
Christine,Hardin,christine.hardin@johnsonltd.example.com,Johnson Ltd,Owner,Outbound,,,,MSP,MA,40,2026-04-12,lead,ACME-L00172
Scott,Romero,scott.romero@thomasbowman.example.com,Thomas-Bowman,COO,Google Ads,google,cpc,msp_q2_search_brand,MSP,TX,67,2026-04-12,salesqualifiedlead,ACME-L00173
James,Franklin,james.franklin@pierceeverettandthomas.example.com,Pierce Everett and Thomas,Owner,Google Ads,google,cpc,msp_q2_search_nonbrand,MSP,NJ,67,2026-04-12,lead,ACME-L00174
Julia,Duffy,julia.duffy@smithgreenandyoung.example.com,Smith Green and Young,CFO,Meta Ads,facebook,paid_social,msp_q2_leadgen,MSP,NY,61,2026-04-12,lead,ACME-L00175
William,White,william.white@davidsonltd.example.com,Davidson Ltd,IT Director,Outbound,,,,MSP,MA,90,2026-04-12,lead,ACME-L00176
Danielle,Riggs,danielle.riggs@wilkinsking.example.com,Wilkins-King,COO,Google Ads,google,cpc,msp_q2_search_nonbrand,MSP,NY,93,2026-04-12,lead,ACME-L00177
Anthony,Duncan,anthony.duncan@barneswright.example.com,Barnes-Wright,Owner,Google Ads,google,cpc,msp_q2_search_brand,MSP,CA,94,2026-04-12,lead,ACME-L00178
Tammy,Burns,tammy.burns@colemangroup.example.com,Coleman Group,IT Manager,Meta Ads,facebook,paid_social,msp_q2_leadgen,MSP,Unassigned,22,2026-04-12,lead,ACME-L00179
Colton,Griffin,colton.griffin@lewisschaeferandramirez.example.com,Lewis Schaefer and Ramirez,COO,Google Ads,google,cpc,msp_q2_search_brand,MSP,TX,94,2026-04-12,lead,ACME-L00180
Renee,Hammond,renee.hammond@williamswolf.example.com,Williams-Wolf,IT Director,Google Ads,google,cpc,msp_q2_search_nonbrand,MSP,IL,67,2026-04-12,lead,ACME-L00181
Andre,Davis,andre.davis@whitewoodardandadams.example.com,White Woodard and Adams,COO,Google Ads,google,cpc,msp_q2_search_nonbrand,MSP,CA,67,2026-04-12,lead,ACME-L00182
Alan,Galvan,alan.galvan@andersoncrawford.example.com,Anderson-Crawford,Office Manager,Google Ads,google,cpc,msp_q2_search_nonbrand,MSP,NY,94,2026-04-13,lead,ACME-L00183
Robin,Mcclain,robin.mcclain@alexanderandsons.example.com,Alexander and Sons,COO,Google Ads,google,cpc,msp_q2_search_nonbrand,MSP,MA,67,2026-04-13,lead,ACME-L00184
Jill,Rodriguez,jill.rodriguez@brownhughesandgonzales.example.com,Brown Hughes and Gonzales,IT Manager,Google Ads,google,cpc,msp_q2_search_brand,MSP,NY,67,2026-04-13,lead,ACME-L00185
Michael,Frederick,michael.frederick@andrewshodge.example.com,Andrews-Hodge,CFO,Google Ads,google,cpc,msp_q2_search_nonbrand,MSP,Unassigned,68,2026-04-13,lead,ACME-L00186
Patricia,French,patricia.french@franklinharringtonandbar.example.com,Franklin Harrington and Barnett,Practice Manager,Google Ads,google,cpc,msp_q2_search_nonbrand,MSP,TX,67,2026-04-13,lead,ACME-L00187
Lisa,Clay,lisa.clay@hendersonwillis.example.com,Henderson-Willis,Office Manager,Google Ads,google,cpc,msp_q2_search_nonbrand,MSP,CA,61,2026-04-13,lead,ACME-L00188
James,Smith,james.smith@myersgroup.example.com,Myers Group,CFO,Meta Ads,facebook,paid_social,msp_q2_leadgen,MSP,NJ,58,2026-04-13,lead,ACME-L00189
Duane,Fischer,duane.fischer@lucasdukeandbrown.example.com,Lucas Duke and Brown,IT Director,Google Ads,google,cpc,msp_q2_search_nonbrand,MSP,NY,67,2026-04-13,lead,ACME-L00190
Brian,Mcdonald,brian.mcdonald@kennedyplc.example.com,Kennedy PLC,CFO,Google Ads,google,cpc,,MSP,IL,94,2026-04-13,lead,ACME-L00191
Wesley,Harris,wesley.harris@jameswells.example.com,James-Wells,Owner,Google Ads,google,cpc,msp_q2_search_brand,MSP,TX,67,2026-04-13,lead,ACME-L00192
Caitlin,Perry,caitlin.perry@brownjohnson.example.com,Brown-Johnson,Owner,Outbound,,,,MSP,FL,63,2026-04-13,lead,ACME-L00193
Shane,Green,shane.green@watsonandsons.example.com,Watson and Sons,CFO,Google Ads,google,cpc,msp_q2_search_brand,MSP,TX,67,2026-04-13,lead,ACME-L00194
Theresa,Williams,theresa.williams@mezarayandsanders.example.com,Meza Ray and Sanders,CFO,Meta Ads,facebook,paid_social,msp_q2_leadgen,MSP,Unassigned,88,2026-04-13,lead,ACME-L00195
Kristy,Kennedy,kristy.kennedy@vasquezsimonandmayo.example.com,Vasquez Simon and Mayo,CFO,Call Tracking,callrail,phone,gbp_listing,MSP,NY,97,2026-04-13,lead,ACME-L00196
Kathleen,Levine,kathleen.levine@millsllc.example.com,Mills LLC,Owner,Google Ads,google,cpc,msp_q2_search_brand,MSP,Unassigned,94,2026-04-13,lead,ACME-L00197
Krystal,Steele,krystal.steele@johnsonross.example.com,Johnson-Ross,Practice Manager,Meta Ads,facebook,paid_social,msp_q2_leadgen,MSP,TX,39,2026-04-13,lead,ACME-L00198
Thomas,Hardy,thomas.hardy@smithlloydandjackson.example.com,Smith Lloyd and Jackson,Practice Manager,Call Tracking,callrail,phone,gbp_listing,MSP,Unassigned,77,2026-04-13,salesqualifiedlead,ACME-L00199
Patricia,Mcgee,patricia.mcgee@davismcfarland.example.com,Davis-Mcfarland,Office Manager,Referral,,,,MSP,NY,73,2026-04-13,lead,ACME-L00200
Patricia,Burton,patricia.burton@williamsltd.example.com,Williams Ltd,Operations Manager,Outbound,,,,MSP,NY,,2026-04-13,lead,ACME-L00201
Jennifer,Smith,jennifer.smith@gonzalezflores.example.com,Gonzalez-Flores,Operations Manager,Referral,,,,MSP,CA,70,2026-04-13,salesqualifiedlead,ACME-L00202
Renee,Lewis,renee.lewis@diazinc.example.com,Diaz Inc,IT Director,Google Ads,google,cpc,msp_q2_search_nonbrand,MSP,IL,37,2026-04-14,lead,ACME-L00203
Ryan,Wiggins,ryan.wiggins@santosroseandpeck.example.com,Santos Rose and Peck,Office Manager,Google Ads,google,cpc,,MSP,NY,67,2026-04-14,lead,ACME-L00204
Maria,Gaines,maria.gaines@joneskellyandsanchez.example.com,Jones Kelly and Sanchez,Practice Manager,Call Tracking,callrail,phone,local_services,MSP,CA,97,2026-04-14,salesqualifiedlead,ACME-L00205
Patricia,Vaughn,patricia.vaughn@huntrodriguez.example.com,Hunt-Rodriguez,CFO,Meta Ads,facebook,paid_social,msp_q2_leadgen,MSP,CA,31,2026-04-14,lead,ACME-L00206
Amanda,Smith,amanda.smith@simpsonpalmerandmoreno.example.com,Simpson Palmer and Moreno,,Google Ads,google,cpc,msp_q2_search_nonbrand,MSP,NY,67,2026-04-14,lead,ACME-L00207
Samantha,Nguyen,samantha.nguyen@perkinsmiller.example.com,Perkins-Miller,Owner,Google Ads,google,cpc,msp_q2_search_brand,MSP,FL,94,2026-04-14,salesqualifiedlead,ACME-L00208
Anthony,Jenkins,anthony.jenkins@foxpayne.example.com,Fox-Payne,Office Manager,Google Ads,google,cpc,msp_q2_search_brand,MSP,CA,69,2026-04-14,lead,ACME-L00209
Jesus,Murray,jesus.murray@masongrayandhenson.example.com,Mason Gray and Henson,IT Director,Referral,,,,MSP,MA,59,2026-04-14,lead,ACME-L00210
Elizabeth,Moore,elizabeth.moore@webbrussellandflynn.example.com,Webb Russell and Flynn,Practice Manager,Google Ads,google,cpc,msp_q2_search_brand,MSP,NJ,42,2026-04-14,lead,ACME-L00211
Jerry,Santos,jerry.santos@youngavila.example.com,Young-Avila,Operations Manager,Google Ads,google,cpc,msp_q2_search_nonbrand,MSP,IL,67,2026-04-14,salesqualifiedlead,ACME-L00212
Brianna,Harris,brianna.harris@gutierrezllc.example.com,Gutierrez LLC,Operations Manager,Referral,,,,MSP,NJ,57,2026-04-14,lead,ACME-L00213
Brian,Tran,brian.tran@davidllc.example.com,David LLC,IT Manager,Meta Ads,facebook,paid_social,msp_q2_leadgen,MSP,NJ,61,2026-04-14,lead,ACME-L00214
Peter,Savage,peter.savage@andersonwright.example.com,Anderson-Wright,,Outbound,,,,MSP,FL,63,2026-04-14,lead,ACME-L00215
Amy,Waters,amy.waters@thomashesterandrobles.example.com,Thomas Hester and Robles,Practice Manager,Referral,,,,MSP,NY,100,2026-04-14,salesqualifiedlead,ACME-L00216
Teresa,Garcia,teresa.garcia@rodriguezandsons.example.com,Rodriguez and Sons,Owner,Meta Ads,facebook,paid_social,msp_q2_leadgen,MSP,NY,58,2026-04-14,lead,ACME-L00217
David,Reynolds,david.reynolds@silvaperezandwhite.example.com,Silva Perez and White,,Outbound,,,,MSP,NJ,90,2026-04-14,lead,ACME-L00218
Jennifer,Smith,jennifer.smith@williamsprestonandlogan.example.com,Williams Preston and Logan,COO,Call Tracking,callrail,phone,gbp_listing,MSP,NJ,70,2026-04-14,lead,ACME-L00219
Julie,Walker,julie.walker@heberthuangandquinn.example.com,Hebert Huang and Quinn,Operations Manager,Referral,,,,MSP,TX,100,2026-04-14,lead,ACME-L00220
Jason,Davis,jason.davis@morrishunterandharris.example.com,Morris Hunter and Harris,IT Manager,Referral,,,,MSP,IL,100,2026-04-14,lead,ACME-L00221
Nichole,Jordan,nichole.jordan@jonesltd.example.com,Jones Ltd,COO,Outbound,,,,MSP,NJ,90,2026-04-14,lead,ACME-L00222
Mark,Boyd,mark.boyd@mooremooreandwright.example.com,Moore Moore and Wright,Owner,Call Tracking,callrail,phone,gbp_listing,MSP,MA,97,2026-04-15,lead,ACME-L00223
Daniel,Anderson,daniel.anderson@cochrangroup.example.com,Cochran Group,COO,Outbound,,,,MSP,NJ,,2026-04-15,lead,ACME-L00224
Timothy,Miller,timothy.miller@kaiserowens.example.com,Kaiser-Owens,Office Manager,Referral,,,,MSP,NY,73,2026-04-15,lead,ACME-L00225
Patricia,Miller,patricia.miller@stantonphillipsandmcfarl.example.com,Stanton Phillips and Mcfarland,,Meta Ads,facebook,paid_social,msp_q2_leadgen,MSP,CA,88,2026-04-15,customer,ACME-L00226
Andrea,Ware,andrea.ware@jacksongroup.example.com,Jackson Group,Office Manager,Meta Ads,facebook,paid_social,msp_q2_leadgen,MSP,NJ,50,2026-04-15,lead,ACME-L00227
Jaclyn,Johnson,jaclyn.johnson@cooperandsons.example.com,Cooper and Sons,COO,Call Tracking,callrail,phone,local_services,MSP,CA,70,2026-04-15,lead,ACME-L00228
Elizabeth,Johnson,elizabeth.johnson@mitchellcruz.example.com,Mitchell-Cruz,Practice Manager,Meta Ads,facebook,paid_social,msp_q2_leadgen,MSP,NJ,88,2026-04-15,lead,ACME-L00229
Kevin,Warner,kevin.warner@mcclureyoungandlee.example.com,Mcclure Young and Lee,IT Manager,Google Ads,google,cpc,msp_q2_search_nonbrand,MSP,FL,67,2026-04-15,lead,ACME-L00230
Alexander,Barnes,alexander.barnes@brownhillandross.example.com,Brown Hill and Ross,Office Manager,Outbound,,,,MSP,IL,42,2026-04-15,lead,ACME-L00231
Christine,Robinson,christine.robinson@bautistarodriguezandcarl.example.com,Bautista Rodriguez and Carlson,IT Director,Referral,,,,MSP,FL,61,2026-04-15,salesqualifiedlead,ACME-L00232
Keith,Shepherd,keith.shepherd@leegroup.example.com,Lee Group,CFO,Outbound,,,,MSP,IL,90,2026-04-15,lead,ACME-L00233
Julie,Stephenson,julie.stephenson@butlerwilliams.example.com,Butler-Williams,IT Director,Google Ads,google,cpc,msp_q2_search_brand,MSP,CA,76,2026-04-15,opportunity,ACME-L00234
Willie,Thomas,willie.thomas@bradleypittsandwoodard.example.com,Bradley Pitts and Woodard,CFO,Google Ads,google,cpc,msp_q2_search_brand,MSP,MA,94,2026-04-16,lead,ACME-L00235
Daniel,Baldwin,daniel.baldwin@pottsjonesandmckenzie.example.com,Potts Jones and Mckenzie,IT Manager,Google Ads,google,cpc,msp_q2_search_nonbrand,MSP,IL,64,2026-04-16,lead,ACME-L00236
Christopher,Brown,christopher.brown@calhounduncanandgraves.example.com,Calhoun Duncan and Graves,CFO,Google Ads,google,cpc,msp_q2_search_brand,MSP,NY,67,2026-04-16,lead,ACME-L00237
Richard,Andrade,richard.andrade@hendersoninc.example.com,Henderson Inc,IT Manager,Referral,,,,MSP,NY,100,2026-04-16,lead,ACME-L00238
Michael,Rivera,michael.rivera@woodsltd.example.com,Woods Ltd,Office Manager,Outbound,,,,MSP,NY,90,2026-04-16,lead,ACME-L00239
Carolyn,Holmes,carolyn.holmes@wheelerlane.example.com,Wheeler-Lane,Owner,Referral,,,,MSP,Unassigned,53,2026-04-16,salesqualifiedlead,ACME-L00240
Joanne,Paul,joanne.paul@nicholsonholmes.example.com,Nicholson-Holmes,IT Manager,Meta Ads,facebook,paid_social,msp_q2_leadgen,MSP,NJ,88,2026-04-16,lead,ACME-L00241
James,Morse,james.morse@williamsevansandsmith.example.com,Williams Evans and Smith,IT Director,Meta Ads,facebook,paid_social,,MSP,CA,88,2026-04-16,salesqualifiedlead,ACME-L00242
Zachary,Wilcox,zachary.wilcox@batesbriggs.example.com,Bates-Briggs,Office Manager,Meta Ads,facebook,paid_social,msp_q2_leadgen,MSP,NY,61,2026-04-16,salesqualifiedlead,ACME-L00243
Javier,Brown,javier.brown@nguyennelsonandjohns.example.com,Nguyen Nelson and Johns,CFO,Meta Ads,facebook,paid_social,,MSP,TX,,2026-04-16,lead,ACME-L00244
Bethany,Prince,bethany.prince@bartonhall.example.com,Barton-Hall,Operations Manager,Meta Ads,facebook,paid_social,msp_q2_leadgen,MSP,NY,61,2026-04-16,lead,ACME-L00245
Haley,Morris,haley.morris@aguirrellc.example.com,Aguirre LLC,IT Manager,Referral,,,,MSP,CA,100,2026-04-16,salesqualifiedlead,ACME-L00246
Laurie,Zimmerman,laurie.zimmerman@poolemooreandsmith.example.com,Poole Moore and Smith,CFO,Referral,,,,MSP,NY,73,2026-04-16,lead,ACME-L00247
Timothy,Morales,timothy.morales@sanderslong.example.com,Sanders-Long,COO,Call Tracking,callrail,phone,local_services,MSP,TX,49,2026-04-16,lead,ACME-L00248
Robin,Williams,robin.williams@jimenezcaldwellandwu.example.com,Jimenez Caldwell and Wu,Practice Manager,Meta Ads,facebook,paid_social,msp_q2_leadgen,MSP,TX,88,2026-04-16,lead,ACME-L00249
Bradley,Schmidt,bradley.schmidt@wrightberger.example.com,Wright-Berger,COO,Meta Ads,facebook,paid_social,msp_q2_leadgen,MSP,NY,61,2026-04-16,lead,ACME-L00250
Robert,Patton,robert.patton@fullergarcia.example.com,Fuller-Garcia,COO,Meta Ads,facebook,paid_social,msp_q2_leadgen,MSP,CA,61,2026-04-16,lead,ACME-L00251
Seth,Giles,seth.giles@schwartzllc.example.com,Schwartz LLC,CFO,Google Ads,google,cpc,msp_q2_search_nonbrand,MSP,CA,67,2026-04-16,lead,ACME-L00252
Tammy,Robinson,tammy.robinson@thomasandrade.example.com,Thomas-Andrade,Practice Manager,Outbound,,,,MSP,CA,63,2026-04-17,lead,ACME-L00253
Sally,Sanders,sally.sanders@pagetran.example.com,Page-Tran,Practice Manager,Outbound,,,,MSP,NY,90,2026-04-17,lead,ACME-L00254
Hunter,Campos,hunter.campos@nelsonbullock.example.com,Nelson-Bullock,COO,Google Ads,google,cpc,,MSP,MA,94,2026-04-17,lead,ACME-L00255
Judy,Chavez,judy.chavez@mcgeemarshall.example.com,Mcgee-Marshall,Owner,Google Ads,google,cpc,msp_q2_search_nonbrand,MSP,FL,94,2026-04-17,salesqualifiedlead,ACME-L00256
Nichole,Oconnell,nichole.oconnell@moraleshoffmanandandrews.example.com,Morales Hoffman and Andrews,Owner,Meta Ads,facebook,paid_social,msp_q2_leadgen,MSP,NJ,58,2026-04-17,lead,ACME-L00257
Melissa,Compton,melissa.compton@myersplc.example.com,Myers PLC,Office Manager,Google Ads,google,cpc,msp_q2_search_nonbrand,MSP,CA,37,2026-04-17,salesqualifiedlead,ACME-L00258
Darin,Schmidt,darin.schmidt@connerllc.example.com,Conner LLC,IT Manager,Google Ads,google,cpc,msp_q2_search_nonbrand,MSP,NY,94,2026-04-17,salesqualifiedlead,ACME-L00259
Daniel,Johnson,daniel.johnson@wrightandsons.example.com,Wright and Sons,Practice Manager,Outbound,,,,MSP,TX,90,2026-04-17,lead,ACME-L00260
Keith,Sanchez,keith.sanchez@andersoncarterandrussell.example.com,Anderson Carter and Russell,COO,Call Tracking,callrail,phone,local_services,MSP,FL,67,2026-04-17,lead,ACME-L00261
Daniel,Howell,daniel.howell@thomasinc.example.com,Thomas Inc,CFO,Google Ads,google,cpc,msp_q2_search_brand,MSP,NY,67,2026-04-17,lead,ACME-L00262
Curtis,Wells,curtis.wells@stokesvaldezandritter.example.com,Stokes Valdez and Ritter,Practice Manager,Meta Ads,facebook,paid_social,msp_q2_leadgen,MSP,TX,88,2026-04-17,lead,ACME-L00263
Claire,Mccullough,claire.mccullough@morgangroup.example.com,Morgan Group,Office Manager,Google Ads,google,cpc,msp_q2_search_nonbrand,MSP,NY,94,2026-04-17,lead,ACME-L00264
Kelly,Brown,kelly.brown@muellerknight.example.com,Mueller-Knight,COO,Meta Ads,facebook,paid_social,msp_q2_leadgen,MSP,NY,88,2026-04-17,lead,ACME-L00265
David,Olson,david.olson@garcianguyenandscott.example.com,Garcia Nguyen and Scott,Owner,Meta Ads,facebook,paid_social,msp_q2_leadgen,MSP,IL,61,2026-04-17,lead,ACME-L00266
Tara,Ochoa,tara.ochoa@howardhernandez.example.com,Howard-Hernandez,Office Manager,Google Ads,google,cpc,msp_q2_search_brand,MSP,IL,94,2026-04-17,lead,ACME-L00267
Bryan,Mora,bryan.mora@bennettgroup.example.com,Bennett Group,Operations Manager,Call Tracking,callrail,phone,gbp_listing,MSP,CA,97,2026-04-17,lead,ACME-L00268
William,Brown,william.brown@hollandperryandaustin.example.com,Holland Perry and Austin,COO,Google Ads,google,cpc,msp_q2_search_nonbrand,MSP,NY,94,2026-04-18,lead,ACME-L00269
Jermaine,Ortiz,jermaine.ortiz@rhodesplc.example.com,Rhodes PLC,Office Manager,Referral,,,,MSP,NY,73,2026-04-18,lead,ACME-L00270
Kelly,Hunt,kelly.hunt@beasleyfisherandmoore.example.com,Beasley Fisher and Moore,,Referral,,,,MSP,TX,43,2026-04-18,lead,ACME-L00271
Gregory,Hall,gregory.hall@rosariohernandez.example.com,Rosario-Hernandez,Owner,Meta Ads,facebook,paid_social,msp_q2_leadgen,MSP,CA,88,2026-04-19,lead,ACME-L00272
Dustin,Stone,dustin.stone@jenkinsinc.example.com,Jenkins Inc,Owner,Outbound,,,,MSP,IL,90,2026-04-19,salesqualifiedlead,ACME-L00273
Ian,Campbell,ian.campbell@smithplc.example.com,Smith PLC,,Google Ads,google,cpc,msp_q2_search_nonbrand,MSP,Unassigned,67,2026-04-19,lead,ACME-L00274
Dana,Chung,dana.chung@daymillerandwilliams.example.com,Day Miller and Williams,IT Manager,Outbound,,,,MSP,NJ,90,2026-04-19,lead,ACME-L00275
Robert,Sexton,robert.sexton@smithgamble.example.com,Smith-Gamble,Operations Manager,Outbound,,,,MSP,IL,63,2026-04-19,lead,ACME-L00276
James,Robles,james.robles@morganfisherandfleming.example.com,Morgan Fisher and Fleming,IT Manager,Google Ads,google,cpc,msp_q2_search_nonbrand,MSP,TX,67,2026-04-19,lead,ACME-L00277
Scott,Salazar,scott.salazar@wolfinc.example.com,Wolf Inc,,Referral,,,,MSP,MA,49,2026-04-19,lead,ACME-L00278
Megan,Chambers,megan.chambers@williamsplc.example.com,Williams PLC,IT Director,Call Tracking,callrail,phone,gbp_listing,MSP,NY,94,2026-04-19,lead,ACME-L00279
Lori,Jackson,lori.jackson@robinsonatkinsanddavis.example.com,Robinson Atkins and Davis,IT Director,Referral,,,,MSP,NJ,73,2026-04-19,customer,ACME-L00280
Christine,King,christine.king@hilldanielsandglass.example.com,Hill Daniels and Glass,IT Director,Meta Ads,facebook,paid_social,msp_q2_leadgen,MSP,FL,88,2026-04-19,lead,ACME-L00281
Roberta,Briggs,roberta.briggs@grahamzavalaandbrock.example.com,Graham Zavala and Brock,IT Manager,Google Ads,google,cpc,msp_q2_search_brand,MSP,NY,91,2026-04-19,opportunity,ACME-L00282
Jacob,Hayes,jacob.hayes@laneandsons.example.com,Lane and Sons,CFO,Google Ads,google,cpc,msp_q2_search_brand,MSP,NJ,67,2026-04-19,lead,ACME-L00283
Kelly,Rodriguez,kelly.rodriguez@parrishjohnstonandvillan.example.com,Parrish Johnston and Villanueva,CFO,Meta Ads,facebook,paid_social,msp_q2_leadgen,MSP,NJ,61,2026-04-19,lead,ACME-L00284
Nicole,Oconnor,nicole.oconnor@brownlongandvillanueva.example.com,Brown Long and Villanueva,COO,Google Ads,google,cpc,msp_q2_search_nonbrand,MSP,IL,67,2026-04-20,lead,ACME-L00285
Joshua,Martinez,joshua.martinez@snydermason.example.com,Snyder-Mason,Practice Manager,Referral,,,,MSP,CA,100,2026-04-20,opportunity,ACME-L00286
Barbara,Mills,barbara.mills@hoodltd.example.com,Hood Ltd,COO,Call Tracking,callrail,phone,local_services,MSP,CA,70,2026-04-20,lead,ACME-L00287
Christopher,Evans,christopher.evans@haleandsons.example.com,Hale and Sons,Practice Manager,Call Tracking,callrail,phone,local_services,MSP,CA,97,2026-04-20,lead,ACME-L00288
Lori,Donaldson,lori.donaldson@smithstevens.example.com,Smith-Stevens,IT Manager,Outbound,,,,MSP,NY,63,2026-04-20,lead,ACME-L00289
Jennifer,Larson,jennifer.larson@glassevans.example.com,Glass-Evans,Operations Manager,Google Ads,google,cpc,msp_q2_search_brand,MSP,NJ,52,2026-04-20,opportunity,ACME-L00290
Phillip,Hunter,phillip.hunter@reynoldssimpsonanddavenp.example.com,Reynolds Simpson and Davenport,CFO,Referral,,,,MSP,MA,100,2026-04-20,lead,ACME-L00291
William,Woodard,william.woodard@jensenreynolds.example.com,Jensen-Reynolds,COO,Outbound,,,,MSP,TX,63,2026-04-20,lead,ACME-L00292
Joseph,Small,joseph.small@hallandsons.example.com,Hall and Sons,Operations Manager,Google Ads,google,cpc,msp_q2_search_nonbrand,MSP,CA,64,2026-04-20,lead,ACME-L00293
Jeremy,Perez,jeremy.perez@wilkersonweaver.example.com,Wilkerson-Weaver,IT Director,Google Ads,google,cpc,msp_q2_search_brand,MSP,MA,52,2026-04-20,lead,ACME-L00294
Joshua,White,joshua.white@williamsortiz.example.com,Williams-Ortiz,COO,Call Tracking,callrail,phone,gbp_listing,MSP,NJ,70,2026-04-20,lead,ACME-L00295
Chad,Randolph,chad.randolph@sanchezbakerandbryant.example.com,Sanchez Baker and Bryant,,Google Ads,google,cpc,,MSP,NY,67,2026-04-20,lead,ACME-L00296
Catherine,Murphy,catherine.murphy@carsonmejia.example.com,Carson-Mejia,Office Manager,Google Ads,google,cpc,msp_q2_search_brand,MSP,CA,94,2026-04-20,lead,ACME-L00297
Duane,Harrell,duane.harrell@brownreevesandtran.example.com,Brown Reeves and Tran,IT Director,Meta Ads,facebook,paid_social,msp_q2_leadgen,MSP,NY,88,2026-04-20,lead,ACME-L00298
Brenda,Bray,brenda.bray@burkellc.example.com,Burke LLC,Owner,Meta Ads,facebook,paid_social,msp_q2_leadgen,MSP,TX,61,2026-04-20,lead,ACME-L00299
Sheila,Schneider,sheila.schneider@princeandsons.example.com,Prince and Sons,IT Manager,Referral,,,,MSP,CA,73,2026-04-20,lead,ACME-L00300
Sheila,Wang,sheila.wang@jimenezinc.example.com,Jimenez Inc,Office Manager,Outbound,,,,MSP,NY,63,2026-04-20,lead,ACME-L00301
Kathleen,Gonzalez,kathleen.gonzalez@jonesplc.example.com,Jones PLC,IT Director,Google Ads,google,cpc,msp_q2_search_brand,MSP,FL,94,2026-04-21,lead,ACME-L00302
Patrick,Willis,patrick.willis@lopezplc.example.com,Lopez PLC,CFO,Outbound,,,,MSP,MA,90,2026-04-21,salesqualifiedlead,ACME-L00303
Denise,Johnson,denise.johnson@freemanplc.example.com,Freeman PLC,IT Manager,Referral,,,,MSP,MA,73,2026-04-21,lead,ACME-L00304
Eric,Henson,eric.henson@lopezandsons.example.com,Lopez and Sons,CFO,Outbound,,,,MSP,MA,90,2026-04-21,lead,ACME-L00305
Jennifer,Gonzalez,jennifer.gonzalez@boydandsons.example.com,Boyd and Sons,COO,Google Ads,google,cpc,msp_q2_search_nonbrand,MSP,MA,67,2026-04-21,lead,ACME-L00306
Katelyn,Dickerson,katelyn.dickerson@wardgroup.example.com,Ward Group,Office Manager,Google Ads,google,cpc,msp_q2_search_nonbrand,MSP,MA,94,2026-04-21,lead,ACME-L00307
Daniel,Martin,daniel.martin@andersonroseandallen.example.com,Anderson Rose and Allen,COO,Referral,,,,MSP,NJ,100,2026-04-21,lead,ACME-L00308
Jerry,Cook,jerry.cook@norrisscott.example.com,Norris-Scott,Operations Manager,Referral,,,,MSP,IL,73,2026-04-21,salesqualifiedlead,ACME-L00309
Francisco,Contreras,francisco.contreras@sandersgroup.example.com,Sanders Group,,Call Tracking,callrail,phone,local_services,MSP,NY,97,2026-04-21,lead,ACME-L00310
Adrienne,Barker,adrienne.barker@garrisonburchandchavez.example.com,Garrison Burch and Chavez,CFO,Google Ads,google,cpc,msp_q2_search_brand,MSP,MA,67,2026-04-21,lead,ACME-L00311
Anthony,Ramirez,anthony.ramirez@fordmillerandstewart.example.com,Ford Miller and Stewart,Operations Manager,Outbound,,,,MSP,MA,80,2026-04-21,lead,ACME-L00312
Robert,French,robert.french@chaneyfieldsandwilliams.example.com,Chaney Fields and Williams,Office Manager,Referral,,,,MSP,CA,86,2026-04-21,opportunity,ACME-L00313
Michelle,Tucker,michelle.tucker@smithjohnsonandmooney.example.com,Smith Johnson and Mooney,Practice Manager,Google Ads,google,cpc,msp_q2_search_brand,MSP,NY,67,2026-04-21,lead,ACME-L00314
Austin,Perkins,austin.perkins@wheelernorrisandjacobs.example.com,Wheeler Norris and Jacobs,Practice Manager,Outbound,,,,MSP,CA,63,2026-04-21,lead,ACME-L00315
Misty,Fisher,misty.fisher@garciaandsons.example.com,Garcia and Sons,CFO,Outbound,,,,MSP,CA,90,2026-04-22,lead,ACME-L00316
Michelle,Oneal,michelle.oneal@millerplc.example.com,Miller PLC,IT Manager,Google Ads,google,cpc,msp_q2_search_brand,MSP,NJ,94,2026-04-22,lead,ACME-L00317
Kevin,Hood,kevin.hood@reyesandsons.example.com,Reyes and Sons,Practice Manager,Google Ads,google,cpc,msp_q2_search_nonbrand,MSP,MA,,2026-04-22,lead,ACME-L00318
Daniel,Howard,daniel.howard@bradleyllc.example.com,Bradley LLC,IT Manager,Google Ads,google,cpc,msp_q2_search_nonbrand,MSP,FL,67,2026-04-22,lead,ACME-L00319
Latoya,Jackson,latoya.jackson@clarkgroup.example.com,Clark Group,IT Manager,Meta Ads,facebook,paid_social,msp_q2_leadgen,MSP,NJ,61,2026-04-22,lead,ACME-L00320
Michelle,Allen,michelle.allen@glassandsons.example.com,Glass and Sons,Office Manager,Outbound,,,,MSP,NY,63,2026-04-22,lead,ACME-L00321
Brett,Thomas,brett.thomas@mejiaanderson.example.com,Mejia-Anderson,IT Manager,Google Ads,google,cpc,msp_q2_search_nonbrand,MSP,NY,42,2026-04-22,salesqualifiedlead,ACME-L00322
Brian,Nicholson,brian.nicholson@caincoffey.example.com,Cain-Coffey,Owner,Call Tracking,callrail,phone,gbp_listing,MSP,CA,70,2026-04-22,opportunity,ACME-L00323
Keith,Baird,keith.baird@goldenblair.example.com,Golden-Blair,Owner,Outbound,,,,MSP,Unassigned,70,2026-04-22,lead,ACME-L00324
Daniel,Bailey,daniel.bailey@smithyoungandwilliams.example.com,Smith Young and Williams,Operations Manager,Google Ads,google,cpc,msp_q2_search_nonbrand,MSP,NY,67,2026-04-22,lead,ACME-L00325
Crystal,Long,crystal.long@kingplc.example.com,King PLC,Owner,Call Tracking,callrail,phone,local_services,MSP,CA,70,2026-04-22,lead,ACME-L00326
Erica,Chavez,erica.chavez@jordanmarshallandwilliam.example.com,Jordan Marshall and Williams,Practice Manager,Google Ads,google,cpc,msp_q2_search_brand,MSP,NY,67,2026-04-22,lead,ACME-L00327
Nicholas,Wise,nicholas.wise@bennettltd.example.com,Bennett Ltd,Operations Manager,Google Ads,google,cpc,msp_q2_search_brand,MSP,NY,67,2026-04-23,lead,ACME-L00328
Andrea,Sims,andrea.sims@masseywilsonandgreene.example.com,Massey Wilson and Greene,COO,Meta Ads,facebook,paid_social,msp_q2_leadgen,MSP,NY,56,2026-04-23,lead,ACME-L00329
Tamara,Clark,tamara.clark@mosesmartinez.example.com,Moses-Martinez,CFO,Google Ads,google,cpc,msp_q2_search_brand,MSP,FL,45,2026-04-23,lead,ACME-L00330
Sandra,Edwards,sandra.edwards@fieldsinc.example.com,Fields Inc,IT Director,Outbound,,,,MSP,CA,63,2026-04-23,lead,ACME-L00331
Teresa,Aguilar,teresa.aguilar@williamsplc.example.com,Williams PLC,Operations Manager,Google Ads,google,cpc,msp_q2_search_nonbrand,MSP,NY,91,2026-04-23,lead,ACME-L00332
Holly,Lee,holly.lee@montoyajohnsonanddavis.example.com,Montoya Johnson and Davis,Office Manager,Google Ads,google,cpc,msp_q2_search_nonbrand,MSP,CA,94,2026-04-23,salesqualifiedlead,ACME-L00333
Meghan,Jacobson,meghan.jacobson@rodriguezbryanandhaynes.example.com,Rodriguez Bryan and Haynes,Office Manager,Outbound,,,,MSP,NJ,62,2026-04-23,lead,ACME-L00334
Kevin,Bradley,kevin.bradley@kingpaul.example.com,King-Paul,COO,Meta Ads,facebook,paid_social,msp_q2_leadgen,MSP,IL,,2026-04-23,lead,ACME-L00335
Jacqueline,Matthews,jacqueline.matthews@figueroagroup.example.com,Figueroa Group,Practice Manager,Call Tracking,callrail,phone,gbp_listing,MSP,Unassigned,50,2026-04-23,salesqualifiedlead,ACME-L00336
Calvin,Johnson,calvin.johnson@mullinswright.example.com,Mullins-Wright,CFO,Outbound,,,,MSP,IL,90,2026-04-23,opportunity,ACME-L00337
Erin,Woodard,erin.woodard@martinmayer.example.com,Martin-Mayer,Owner,Referral,,,,MSP,NY,100,2026-04-23,lead,ACME-L00338
Bruce,Singh,bruce.singh@nguyenstephensandflowers.example.com,Nguyen Stephens and Flowers,Practice Manager,Outbound,,,,MSP,NY,33,2026-04-23,lead,ACME-L00339
Jacob,Smith,jacob.smith@bennettkingandsimmons.example.com,Bennett King and Simmons,Owner,Google Ads,google,cpc,,MSP,IL,94,2026-04-23,opportunity,ACME-L00340
William,Eaton,william.eaton@andersonwilkins.example.com,Anderson-Wilkins,Operations Manager,Google Ads,google,cpc,msp_q2_search_brand,MSP,NJ,94,2026-04-23,lead,ACME-L00341
John,Fox,john.fox@lopezbrownandking.example.com,Lopez Brown and King,IT Manager,Outbound,,,,MSP,NY,63,2026-04-24,lead,ACME-L00342
Nicholas,Brooks,nicholas.brooks@francisjohnsonandbeck.example.com,Francis Johnson and Beck,,Google Ads,google,cpc,msp_q2_search_brand,MSP,CA,94,2026-04-24,lead,ACME-L00343
Lisa,Rogers,lisa.rogers@russellgriffithandbrown.example.com,Russell Griffith and Brown,IT Director,Meta Ads,facebook,paid_social,msp_q2_leadgen,MSP,CA,31,2026-04-24,lead,ACME-L00344
Jennifer,Anderson,jennifer.anderson@riverallc.example.com,Rivera LLC,IT Director,Outbound,,,,MSP,Unassigned,,2026-04-24,lead,ACME-L00345
Allen,Sparks,allen.sparks@loveplc.example.com,Love PLC,,Meta Ads,facebook,paid_social,msp_q2_leadgen,MSP,NJ,61,2026-04-24,salesqualifiedlead,ACME-L00346
Monique,Kline,monique.kline@holmesguerrero.example.com,Holmes-Guerrero,COO,Outbound,,,,MSP,IL,47,2026-04-24,salesqualifiedlead,ACME-L00347
Aaron,Martinez,aaron.martinez@arnoldinc.example.com,Arnold Inc,Practice Manager,Google Ads,google,cpc,msp_q2_search_nonbrand,MSP,CA,37,2026-04-24,lead,ACME-L00348
John,Jordan,john.jordan@finleyhughes.example.com,Finley-Hughes,IT Manager,Meta Ads,facebook,paid_social,msp_q2_leadgen,MSP,CA,61,2026-04-24,lead,ACME-L00349
Julie,Green,julie.green@perkinsandsons.example.com,Perkins and Sons,Practice Manager,Google Ads,google,cpc,msp_q2_search_brand,MSP,FL,94,2026-04-24,lead,ACME-L00350
Rachel,Matthews,rachel.matthews@moralessaunders.example.com,Morales-Saunders,COO,Meta Ads,facebook,paid_social,msp_q2_leadgen,MSP,MA,61,2026-04-24,lead,ACME-L00351
James,Spence,james.spence@holderplc.example.com,Holder PLC,Office Manager,Google Ads,google,cpc,msp_q2_search_brand,MSP,MA,,2026-04-24,salesqualifiedlead,ACME-L00352
Jesse,Williams,jesse.williams@barajasllc.example.com,Barajas LLC,Practice Manager,Google Ads,google,cpc,msp_q2_search_nonbrand,MSP,TX,94,2026-04-24,lead,ACME-L00353
Lisa,Camacho,lisa.camacho@robertsandsons.example.com,Roberts and Sons,Office Manager,Outbound,,,,MSP,NY,60,2026-04-24,lead,ACME-L00354
Harold,Nelson,harold.nelson@wallacebellanddavis.example.com,Wallace Bell and Davis,Office Manager,Google Ads,google,cpc,msp_q2_search_nonbrand,MSP,CA,67,2026-04-24,lead,ACME-L00355
Andrew,Scott,andrew.scott@harrisfloresandcoleman.example.com,Harris Flores and Coleman,IT Director,Google Ads,google,cpc,,MSP,Unassigned,67,2026-04-24,lead,ACME-L00356
Samantha,Clark,samantha.clark@thomasshaw.example.com,Thomas-Shaw,Office Manager,Referral,,,,MSP,NJ,73,2026-04-24,lead,ACME-L00357
Jenny,Hudson,jenny.hudson@wolfemathewsandkim.example.com,Wolfe Mathews and Kim,COO,Outbound,,,,MSP,IL,90,2026-04-24,opportunity,ACME-L00358
Anthony,Gutierrez,anthony.gutierrez@gordonyorkandmontgomery.example.com,Gordon York and Montgomery,CFO,Call Tracking,callrail,phone,local_services,MSP,NY,97,2026-04-24,salesqualifiedlead,ACME-L00359
Edward,Horn,edward.horn@sandershaney.example.com,Sanders-Haney,Practice Manager,Meta Ads,facebook,paid_social,msp_q2_leadgen,MSP,MA,61,2026-04-24,lead,ACME-L00360
Rebecca,Bowers,rebecca.bowers@millerplc.example.com,Miller PLC,Office Manager,Outbound,,,,MSP,NJ,90,2026-04-24,lead,ACME-L00361
Leah,Graham,leah.graham@evansherrera.example.com,Evans-Herrera,IT Manager,Google Ads,google,cpc,msp_q2_search_nonbrand,MSP,CA,67,2026-04-25,lead,ACME-L00362
Crystal,Warner,crystal.warner@adamsmccoy.example.com,Adams-Mccoy,Practice Manager,Call Tracking,callrail,phone,gbp_listing,MSP,NY,70,2026-04-25,lead,ACME-L00363
Jonathan,Hudson,jonathan.hudson@floresllc.example.com,Flores LLC,Owner,Google Ads,google,cpc,msp_q2_search_brand,MSP,NY,94,2026-04-25,lead,ACME-L00364
Patrick,Brewer,patrick.brewer@davisandsons.example.com,Davis and Sons,Practice Manager,Meta Ads,facebook,paid_social,msp_q2_leadgen,MSP,NJ,88,2026-04-25,lead,ACME-L00365
Hannah,Walter,hannah.walter@simsltd.example.com,Sims Ltd,Practice Manager,Google Ads,google,cpc,,MSP,MA,90,2026-04-25,lead,ACME-L00366
Lisa,Wang,lisa.wang@johnsonjenkins.example.com,Johnson-Jenkins,COO,Outbound,,,,MSP,NY,63,2026-04-25,lead,ACME-L00367
John,Arnold,john.arnold@hamiltoninc.example.com,Hamilton Inc,Operations Manager,Google Ads,google,cpc,msp_q2_search_brand,MSP,TX,94,2026-04-25,lead,ACME-L00368
Joseph,Poole,joseph.poole@bradyltd.example.com,Brady Ltd,IT Manager,Google Ads,google,cpc,msp_q2_search_brand,MSP,IL,67,2026-04-26,opportunity,ACME-L00369
Douglas,Willis,douglas.willis@parsonsdavisandmontoya.example.com,Parsons Davis and Montoya,Practice Manager,Call Tracking,callrail,phone,gbp_listing,MSP,IL,55,2026-04-26,lead,ACME-L00370
Amanda,Kennedy,amanda.kennedy@dorseyholdenandskinner.example.com,Dorsey Holden and Skinner,COO,Meta Ads,facebook,paid_social,msp_q2_leadgen,MSP,Unassigned,61,2026-04-26,lead,ACME-L00371
Andrew,Knight,andrew.knight@fisherllc.example.com,Fisher LLC,CFO,Meta Ads,facebook,paid_social,msp_q2_leadgen,MSP,CA,88,2026-04-26,lead,ACME-L00372
Nicholas,Tapia,nicholas.tapia@dixonbrownandgordon.example.com,Dixon Brown and Gordon,CFO,Outbound,,,,MSP,TX,63,2026-04-26,lead,ACME-L00373
Brad,Jones,brad.jones@schwartzltd.example.com,Schwartz Ltd,IT Manager,Outbound,,,,MSP,NJ,55,2026-04-26,lead,ACME-L00374
Joanna,Moore,joanna.moore@haysltd.example.com,Hays Ltd,Owner,Referral,,,,MSP,Unassigned,80,2026-04-27,lead,ACME-L00375
Travis,Robles,travis.robles@baileyinc.example.com,Bailey Inc,Practice Manager,Google Ads,google,cpc,msp_q2_search_nonbrand,MSP,NY,67,2026-04-27,salesqualifiedlead,ACME-L00376
Maurice,Day,maurice.day@mendozaltd.example.com,Mendoza Ltd,Practice Manager,Google Ads,google,cpc,msp_q2_search_brand,MSP,NY,69,2026-04-27,lead,ACME-L00377
Jose,Moran,jose.moran@rosariojensen.example.com,Rosario-Jensen,,Outbound,,,,MSP,CA,63,2026-04-27,lead,ACME-L00378
Sandra,Diaz,sandra.diaz@carrollhayesandmanning.example.com,Carroll Hayes and Manning,IT Director,Outbound,,,,MSP,Unassigned,63,2026-04-27,lead,ACME-L00379
Juan,Mcclure,juan.mcclure@littleinc.example.com,Little Inc,COO,Google Ads,google,cpc,msp_q2_search_nonbrand,MSP,TX,67,2026-04-27,lead,ACME-L00380
Cynthia,Smith,cynthia.smith@schmidtllc.example.com,Schmidt LLC,Office Manager,Google Ads,google,cpc,msp_q2_search_nonbrand,MSP,NY,57,2026-04-27,lead,ACME-L00381
Stephanie,Rice,stephanie.rice@blackandsons.example.com,Black and Sons,Office Manager,Meta Ads,facebook,paid_social,msp_q2_leadgen,MSP,NY,55,2026-04-27,lead,ACME-L00382
William,Lee,william.lee@maddoxgroup.example.com,Maddox Group,CFO,Google Ads,google,cpc,msp_q2_search_nonbrand,MSP,IL,67,2026-04-27,lead,ACME-L00383
Nathan,Gonzalez,nathan.gonzalez@gilbertyoung.example.com,Gilbert-Young,Owner,Google Ads,google,cpc,msp_q2_search_brand,MSP,NJ,94,2026-04-27,lead,ACME-L00384
Sarah,Young,sarah.young@frenchltd.example.com,French Ltd,IT Director,Call Tracking,callrail,phone,gbp_listing,MSP,MA,,2026-04-27,lead,ACME-L00385
John,Price,john.price@banksparker.example.com,Banks-Parker,Office Manager,Google Ads,google,cpc,msp_q2_search_nonbrand,MSP,Unassigned,74,2026-04-27,lead,ACME-L00386
Leonard,Lawson,leonard.lawson@cantrellgroup.example.com,Cantrell Group,Practice Manager,Meta Ads,facebook,paid_social,msp_q2_leadgen,MSP,MA,88,2026-04-27,lead,ACME-L00387
Christopher,Peterson,christopher.peterson@taylorlee.example.com,Taylor-Lee,IT Director,Meta Ads,facebook,paid_social,msp_q2_leadgen,MSP,NJ,88,2026-04-27,lead,ACME-L00388
Alexis,Quinn,alexis.quinn@vanginc.example.com,Vang Inc,Practice Manager,Meta Ads,facebook,paid_social,msp_q2_leadgen,MSP,TX,58,2026-04-27,lead,ACME-L00389
David,Barnes,david.barnes@lambertwilson.example.com,Lambert-Wilson,COO,Call Tracking,callrail,phone,gbp_listing,MSP,MA,70,2026-04-28,lead,ACME-L00390
Monica,Casey,monica.casey@davislittle.example.com,Davis-Little,CFO,Google Ads,google,cpc,msp_q2_search_brand,MSP,CA,94,2026-04-28,lead,ACME-L00391
Anthony,Gill,anthony.gill@gloverpatterson.example.com,Glover-Patterson,IT Director,Meta Ads,facebook,paid_social,msp_q2_leadgen,MSP,NJ,88,2026-04-28,lead,ACME-L00392
Karen,Carroll,karen.carroll@hayneswagnerandbrowning.example.com,Haynes Wagner and Browning,Office Manager,Call Tracking,callrail,phone,gbp_listing,MSP,Unassigned,97,2026-04-28,lead,ACME-L00393
Jessica,Juarez,jessica.juarez@calderonplc.example.com,Calderon PLC,COO,Meta Ads,facebook,paid_social,msp_q2_leadgen,MSP,FL,61,2026-04-28,lead,ACME-L00394
Jonathan,Rojas,jonathan.rojas@pollardphillipsandjohnso.example.com,Pollard Phillips and Johnson,,Google Ads,google,cpc,msp_q2_search_brand,MSP,CA,94,2026-04-28,lead,ACME-L00395
Lisa,Mays,lisa.mays@lanemoore.example.com,Lane-Moore,Office Manager,Meta Ads,facebook,paid_social,msp_q2_leadgen,MSP,MA,57,2026-04-28,opportunity,ACME-L00396
Stephanie,Pena,stephanie.pena@vaughnplc.example.com,Vaughn PLC,Practice Manager,Outbound,,,,MSP,CA,63,2026-04-28,lead,ACME-L00397
Jenna,Griffin,jenna.griffin@millerdavisandjimenez.example.com,Miller Davis and Jimenez,Office Manager,Google Ads,google,cpc,msp_q2_search_brand,MSP,FL,67,2026-04-28,lead,ACME-L00398
Christopher,Fuller,christopher.fuller@reevesfoleyandblair.example.com,Reeves Foley and Blair,IT Director,Referral,,,,MSP,TX,73,2026-04-28,lead,ACME-L00399
Kimberly,Carter,kimberly.carter@ryanayalaandmalone.example.com,Ryan Ayala and Malone,COO,Google Ads,google,cpc,msp_q2_search_nonbrand,MSP,MA,67,2026-04-28,lead,ACME-L00400
Amber,Herrera,amber.herrera@connergroup.example.com,Conner Group,Operations Manager,Outbound,,,,MSP,CA,90,2026-04-28,lead,ACME-L00401
Annette,Rodriguez,annette.rodriguez@barrygutierrezandbrown.example.com,Barry Gutierrez and Brown,CFO,Meta Ads,facebook,paid_social,msp_q2_leadgen,MSP,NJ,88,2026-04-28,lead,ACME-L00402
Caitlin,Hunt,caitlin.hunt@murraybowers.example.com,Murray-Bowers,,Google Ads,google,cpc,msp_q2_search_brand,MSP,MA,67,2026-04-28,lead,ACME-L00403
Betty,Rodriguez,betty.rodriguez@fullerleonard.example.com,Fuller-Leonard,Office Manager,Referral,,,,MSP,TX,73,2026-04-28,salesqualifiedlead,ACME-L00404
Linda,Miller,linda.miller@mackparker.example.com,Mack-Parker,,Meta Ads,facebook,paid_social,msp_q2_leadgen,MSP,TX,88,2026-04-28,lead,ACME-L00405
William,Sandoval,william.sandoval@diazlang.example.com,Diaz-Lang,Owner,Outbound,,,,MSP,NJ,54,2026-04-28,lead,ACME-L00406
Suzanne,Kaufman,suzanne.kaufman@griffinbaker.example.com,Griffin-Baker,Owner,Google Ads,google,cpc,msp_q2_search_nonbrand,MSP,CA,94,2026-04-28,lead,ACME-L00407
David,Fischer,david.fischer@schaefercastroandconley.example.com,Schaefer Castro and Conley,Operations Manager,Google Ads,google,cpc,msp_q2_search_nonbrand,MSP,NY,67,2026-04-29,lead,ACME-L00408
Craig,Cruz,craig.cruz@martinltd.example.com,Martin Ltd,Owner,Outbound,,,,MSP,NJ,90,2026-04-29,lead,ACME-L00409
Richard,Roberson,richard.roberson@frankllc.example.com,Frank LLC,CFO,Meta Ads,facebook,paid_social,msp_q2_leadgen,MSP,NJ,56,2026-04-29,lead,ACME-L00410
Karen,Jimenez,karen.jimenez@bennettllc.example.com,Bennett LLC,Office Manager,Google Ads,google,cpc,msp_q2_search_brand,MSP,NY,94,2026-04-29,lead,ACME-L00411
Katherine,Evans,katherine.evans@vaughninc.example.com,Vaughn Inc,CFO,Referral,,,,MSP,TX,100,2026-04-29,salesqualifiedlead,ACME-L00412
Kimberly,Vincent,kimberly.vincent@robertslaneandhoward.example.com,Roberts Lane and Howard,COO,Referral,,,,MSP,MA,73,2026-04-29,lead,ACME-L00413
Benjamin,Wilson,benjamin.wilson@peckbrownandbradley.example.com,Peck Brown and Bradley,Operations Manager,Google Ads,google,cpc,msp_q2_search_nonbrand,MSP,TX,94,2026-04-29,lead,ACME-L00414
Christine,Fuentes,christine.fuentes@marshallgriffin.example.com,Marshall-Griffin,Practice Manager,Call Tracking,callrail,phone,gbp_listing,MSP,FL,81,2026-04-29,lead,ACME-L00415
Teresa,Morris,teresa.morris@fullergroup.example.com,Fuller Group,IT Manager,Meta Ads,facebook,paid_social,msp_q2_leadgen,MSP,MA,58,2026-04-29,lead,ACME-L00416
Renee,Woods,renee.woods@linsnyderandsmith.example.com,Lin Snyder and Smith,Practice Manager,Outbound,,,,MSP,MA,63,2026-04-29,opportunity,ACME-L00417
Rebecca,Drake,rebecca.drake@johnsonplc.example.com,Johnson PLC,CFO,Google Ads,google,cpc,msp_q2_search_nonbrand,MSP,MA,81,2026-04-29,lead,ACME-L00418
Susan,Mccall,susan.mccall@martinezplc.example.com,Martinez PLC,Practice Manager,Meta Ads,facebook,paid_social,msp_q2_leadgen,MSP,NY,88,2026-04-29,salesqualifiedlead,ACME-L00419
Tristan,Robinson,tristan.robinson@kellycarr.example.com,Kelly-Carr,IT Director,Referral,,,,MSP,NY,73,2026-04-29,salesqualifiedlead,ACME-L00420
Stacy,Thomas,stacy.thomas@butlerortega.example.com,Butler-Ortega,,Google Ads,google,cpc,msp_q2_search_nonbrand,MSP,NJ,94,2026-04-29,lead,ACME-L00421
Patrick,Reese,patrick.reese@bradygroup.example.com,Brady Group,Practice Manager,Google Ads,google,cpc,msp_q2_search_nonbrand,MSP,Unassigned,94,2026-04-29,lead,ACME-L00422
Jonathan,Friedman,jonathan.friedman@youngandsons.example.com,Young and Sons,IT Manager,Google Ads,google,cpc,msp_q2_search_nonbrand,MSP,NJ,94,2026-04-29,salesqualifiedlead,ACME-L00423
Crystal,Roy,crystal.roy@poncemartinezandgordon.example.com,Ponce Martinez and Gordon,Operations Manager,Google Ads,google,cpc,msp_q2_search_nonbrand,MSP,NJ,81,2026-04-29,lead,ACME-L00424
Justin,Owens,justin.owens@robinsonburnsandfletcher.example.com,Robinson Burns and Fletcher,IT Director,Outbound,,,,MSP,CA,60,2026-04-29,lead,ACME-L00425
Craig,Cox,craig.cox@williamssmithandhernande.example.com,Williams Smith and Hernandez,Owner,Meta Ads,facebook,paid_social,msp_q2_leadgen,MSP,FL,34,2026-04-29,lead,ACME-L00426
Sarah,Jones,sarah.jones@parksltd.example.com,Parks Ltd,Practice Manager,Meta Ads,facebook,paid_social,msp_q2_leadgen,MSP,NJ,88,2026-04-29,lead,ACME-L00427
Deborah,Kaiser,deborah.kaiser@simonllc.example.com,Simon LLC,CFO,Google Ads,google,cpc,msp_q2_search_brand,MSP,MA,67,2026-04-29,lead,ACME-L00428
Michael,Wright,michael.wright@owensmclean.example.com,Owens-Mclean,Owner,Meta Ads,facebook,paid_social,msp_q2_leadgen,MSP,NJ,88,2026-04-29,lead,ACME-L00429
Christina,Rubio,christina.rubio@ramosandsons.example.com,Ramos and Sons,Practice Manager,Google Ads,google,cpc,msp_q2_search_brand,MSP,CA,67,2026-04-29,lead,ACME-L00430
Joseph,Powers,joseph.powers@olsongroup.example.com,Olson Group,,Meta Ads,facebook,paid_social,msp_q2_leadgen,MSP,FL,61,2026-04-30,lead,ACME-L00431
Catherine,Bailey,catherine.bailey@mooreinc.example.com,Moore Inc,CFO,Meta Ads,facebook,paid_social,msp_q2_leadgen,MSP,TX,47,2026-04-30,lead,ACME-L00432
James,Vasquez,james.vasquez@salascooper.example.com,Salas-Cooper,Owner,Google Ads,google,cpc,msp_q2_search_brand,MSP,CA,94,2026-04-30,lead,ACME-L00433
Chelsea,Flores,chelsea.flores@barnesllc.example.com,Barnes LLC,Office Manager,Meta Ads,facebook,paid_social,msp_q2_leadgen,MSP,MA,61,2026-04-30,lead,ACME-L00434
Nathaniel,Rodriguez,nathaniel.rodriguez@williamsgroup.example.com,Williams Group,CFO,Outbound,,,,MSP,Unassigned,63,2026-04-30,lead,ACME-L00435
Nancy,Yates,nancy.yates@brownlamanddeleon.example.com,Brown Lam and Deleon,Practice Manager,Outbound,,,,MSP,NY,90,2026-04-30,lead,ACME-L00436
Tyrone,Ryan,tyrone.ryan@gravesandsons.example.com,Graves and Sons,CFO,Google Ads,google,cpc,msp_q2_search_nonbrand,MSP,TX,,2026-04-30,lead,ACME-L00437
Meghan,Calderon,meghan.calderon@oliverplc.example.com,Oliver PLC,IT Director,Meta Ads,facebook,paid_social,msp_q2_leadgen,MSP,IL,42,2026-04-30,lead,ACME-L00438
Sarah,Wright,sarah.wright@brownholmesandrosario.example.com,Brown Holmes and Rosario,IT Manager,Outbound,,,,MSP,IL,62,2026-04-30,lead,ACME-L00439
Jonathan,Palmer,jonathan.palmer@hoodinc.example.com,Hood Inc,,Google Ads,google,cpc,msp_q2_search_nonbrand,MSP,NJ,67,2026-04-30,lead,ACME-L00440
Robin,Blackburn,robin.blackburn@vancejonesandparrish.example.com,Vance Jones and Parrish,CFO,Meta Ads,facebook,paid_social,msp_q2_leadgen,MSP,CA,74,2026-04-30,lead,ACME-L00441
Sherri,Baker,sherri.baker@vanceschaefer.example.com,Vance-Schaefer,IT Manager,Referral,,,,MSP,TX,100,2026-04-30,lead,ACME-L00442
Robert,Howard,robert.howard@shieldsramirez.example.com,Shields-Ramirez,Owner,Meta Ads,facebook,paid_social,msp_q2_leadgen,MSP,MA,61,2026-04-30,lead,ACME-L00443
Timothy,Caldwell,timothy.caldwell@sullivanallen.example.com,Sullivan-Allen,IT Director,Meta Ads,facebook,paid_social,msp_q2_leadgen,MSP,TX,,2026-04-30,lead,ACME-L00444
Thomas,Wilson,thomas.wilson@mosesguzman.example.com,Moses-Guzman,,Referral,,,,MSP,NJ,81,2026-04-30,lead,ACME-L00445
Donna,Moore,donna.moore@wheelerkaiser.example.com,Wheeler-Kaiser,IT Director,Google Ads,google,cpc,msp_q2_search_nonbrand,MSP,MA,50,2026-04-30,lead,ACME-L00446
Eric,Boyd,eric.boyd@loganandsons.example.com,Logan and Sons,COO,Google Ads,google,cpc,msp_q2_search_brand,MSP,MA,66,2026-04-30,lead,ACME-L00447
Chelsea,Mosley,chelsea.mosley@cranegroup.example.com,Crane Group,Operations Manager,Referral,,,,MSP,TX,75,2026-04-30,lead,ACME-L00448
Angela,Salinas,angela.salinas@reedmiller.example.com,Reed-Miller,CFO,Google Ads,google,cpc,,MSP,MA,94,2026-04-30,opportunity,ACME-L00449
Tina,Sandoval,tina.sandoval@carrplc.example.com,Carr PLC,CFO,Outbound,,,,MSP,NY,63,2026-04-30,lead,ACME-L00450
Rhonda,Garcia,rhonda.garcia@lopezmoore.example.com,Lopez-Moore,Owner,Google Ads,google,cpc,,MSP,NY,67,2026-04-30,lead,ACME-L00451
Krystal,Smith,krystal.smith@hughesandsons.example.com,Hughes and Sons,COO,Google Ads,google,cpc,msp_q2_search_nonbrand,MSP,IL,67,2026-04-30,lead,ACME-L00452
Michael,Jackson,michael.jackson@boyerhortonandgreen.example.com,Boyer Horton and Green,CFO,Meta Ads,facebook,paid_social,msp_q2_leadgen,MSP,NJ,,2026-04-30,salesqualifiedlead,ACME-L00453
Louis,Good,louis.good@morenocabreraandjackson.example.com,Moreno Cabrera and Jackson,Operations Manager,Google Ads,google,cpc,msp_q2_search_nonbrand,MSP,TX,67,2026-04-30,lead,ACME-L00454
Mitchell,Vasquez,mitchell.vasquez@perezcoleman.example.com,Perez-Coleman,COO,Referral,,,,MSP,CA,100,2026-04-30,lead,ACME-L00455
Donald,Elliott,donald.elliott@bellevansandwilkerson.example.com,Bell Evans and Wilkerson,Owner,Meta Ads,facebook,paid_social,msp_q2_leadgen,MSP,NY,,2026-05-01,lead,ACME-L00456
Luis,Schroeder,luis.schroeder@huangthompson.example.com,Huang-Thompson,Operations Manager,Google Ads,google,cpc,msp_q2_search_brand,MSP,NY,67,2026-05-01,lead,ACME-L00457
Marissa,Jackson,marissa.jackson@martinschmidt.example.com,Martin-Schmidt,IT Manager,Meta Ads,facebook,paid_social,msp_q2_leadgen,MSP,NY,61,2026-05-01,lead,ACME-L00458
Jennifer,Goodman,jennifer.goodman@mclaughlinmartinandwalke.example.com,Mclaughlin Martin and Walker,Office Manager,Call Tracking,callrail,phone,gbp_listing,MSP,NJ,97,2026-05-01,lead,ACME-L00459
Jean,Cox,jean.cox@hughesgroup.example.com,Hughes Group,Operations Manager,Outbound,,,,MSP,FL,63,2026-05-01,lead,ACME-L00460
Devon,French,devon.french@coxsharp.example.com,Cox-Sharp,IT Manager,Referral,,,,MSP,NJ,73,2026-05-01,lead,ACME-L00461
Mario,Stevens,mario.stevens@harrisonplc.example.com,Harrison PLC,CFO,Referral,,,,MSP,TX,100,2026-05-01,lead,ACME-L00462
Pamela,Gonzales,pamela.gonzales@perrywells.example.com,Perry-Wells,CFO,Outbound,,,,MSP,NY,36,2026-05-01,salesqualifiedlead,ACME-L00463
Andrew,Sherman,andrew.sherman@bakerhernandez.example.com,Baker-Hernandez,CFO,Google Ads,google,cpc,msp_q2_search_nonbrand,MSP,MA,67,2026-05-01,lead,ACME-L00464
Jay,Johnson,jay.johnson@valenzuelamiller.example.com,Valenzuela-Miller,IT Manager,Outbound,,,,MSP,NY,90,2026-05-01,lead,ACME-L00465
Crystal,Acosta,crystal.acosta@walterfranklin.example.com,Walter-Franklin,Operations Manager,Google Ads,google,cpc,msp_q2_search_nonbrand,MSP,CA,67,2026-05-01,lead,ACME-L00466
George,Randall,george.randall@clarkmanningandmiller.example.com,Clark Manning and Miller,IT Manager,Google Ads,google,cpc,msp_q2_search_brand,MSP,IL,94,2026-05-01,lead,ACME-L00467
Toni,Sawyer,toni.sawyer@dunnvaughn.example.com,Dunn-Vaughn,Office Manager,Outbound,,,,MSP,NY,63,2026-05-01,lead,ACME-L00468
Christopher,Alvarado,christopher.alvarado@moodyhall.example.com,Moody-Hall,IT Manager,Google Ads,google,cpc,msp_q2_search_brand,MSP,NY,51,2026-05-01,lead,ACME-L00469
Blake,Serrano,blake.serrano@greeninc.example.com,Green Inc,IT Manager,Meta Ads,facebook,paid_social,msp_q2_leadgen,MSP,Unassigned,31,2026-05-01,lead,ACME-L00470
Brian,Pena,brian.pena@parkspaceandstokes.example.com,Parks Pace and Stokes,CFO,Google Ads,google,cpc,msp_q2_search_brand,MSP,FL,94,2026-05-01,lead,ACME-L00471
Amanda,Wilson,amanda.wilson@hernandezllc.example.com,Hernandez LLC,COO,Google Ads,google,cpc,msp_q2_search_brand,MSP,TX,37,2026-05-01,lead,ACME-L00472
Brian,Young,brian.young@brooksplc.example.com,Brooks PLC,CFO,Meta Ads,facebook,paid_social,msp_q2_leadgen,MSP,NJ,61,2026-05-02,lead,ACME-L00473
David,Owens,david.owens@johnsonplc.example.com,Johnson PLC,Office Manager,Referral,,,,MSP,MA,87,2026-05-02,lead,ACME-L00474
Natalie,Mccall,natalie.mccall@wongdixon.example.com,Wong-Dixon,COO,Google Ads,google,cpc,msp_q2_search_nonbrand,MSP,NY,94,2026-05-02,lead,ACME-L00475
William,Russell,william.russell@joneswilliams.example.com,Jones-Williams,IT Director,Google Ads,google,cpc,msp_q2_search_brand,MSP,IL,64,2026-05-02,lead,ACME-L00476
Linda,Palmer,linda.palmer@kimjones.example.com,Kim-Jones,Operations Manager,Call Tracking,callrail,phone,local_services,MSP,NJ,51,2026-05-02,lead,ACME-L00477
Gregory,Kelly,gregory.kelly@torreswilliams.example.com,Torres-Williams,Office Manager,Call Tracking,callrail,phone,local_services,MSP,IL,70,2026-05-02,lead,ACME-L00478
Warren,Macdonald,warren.macdonald@barberplc.example.com,Barber PLC,Owner,Call Tracking,callrail,phone,gbp_listing,MSP,CA,70,2026-05-02,lead,ACME-L00479
Mary,Miller,mary.miller@castrojohnsonandyates.example.com,Castro Johnson and Yates,,Google Ads,google,cpc,msp_q2_search_brand,MSP,NJ,94,2026-05-03,lead,ACME-L00480
Kevin,Farmer,kevin.farmer@davisllc.example.com,Davis LLC,Practice Manager,Google Ads,google,cpc,msp_q2_search_brand,MSP,NY,94,2026-05-03,lead,ACME-L00481
Rachael,Reid,rachael.reid@keithlara.example.com,Keith-Lara,Office Manager,Referral,,,,MSP,CA,54,2026-05-03,lead,ACME-L00482
Ryan,Lewis,ryan.lewis@smithberryandyoung.example.com,Smith Berry and Young,CFO,Google Ads,google,cpc,msp_q2_search_nonbrand,MSP,IL,67,2026-05-03,lead,ACME-L00483
Jonathan,Lee,jonathan.lee@rodriguezschaeferandleon.example.com,Rodriguez Schaefer and Leonard,IT Director,Outbound,,,,MSP,NY,,2026-05-03,lead,ACME-L00484
Jason,Larsen,jason.larsen@grahamsmithandmahoney.example.com,Graham Smith and Mahoney,Office Manager,Meta Ads,facebook,paid_social,msp_q2_leadgen,MSP,NJ,88,2026-05-03,salesqualifiedlead,ACME-L00485
Erika,Hernandez,erika.hernandez@hernandezplc.example.com,Hernandez PLC,CFO,Meta Ads,facebook,paid_social,msp_q2_leadgen,MSP,TX,61,2026-05-03,lead,ACME-L00486
Jacob,Ryan,jacob.ryan@holmesinc.example.com,Holmes Inc,COO,Meta Ads,facebook,paid_social,msp_q2_leadgen,MSP,NY,58,2026-05-03,lead,ACME-L00487
Patrick,Hernandez,patrick.hernandez@adamshendersonandfernand.example.com,Adams Henderson and Fernandez,Office Manager,Meta Ads,facebook,paid_social,msp_q2_leadgen,MSP,Unassigned,41,2026-05-03,lead,ACME-L00488
William,Lewis,william.lewis@brownperezandjohnson.example.com,Brown Perez and Johnson,Practice Manager,Referral,,,,MSP,NY,73,2026-05-04,salesqualifiedlead,ACME-L00489
Julia,Murphy,julia.murphy@jacksonmuellerandgreer.example.com,Jackson Mueller and Greer,IT Manager,Outbound,,,,MSP,NY,90,2026-05-04,lead,ACME-L00490
Susan,Davis,susan.davis@mitchellmyersandpeterson.example.com,Mitchell Myers and Peterson,,Outbound,,,,MSP,FL,90,2026-05-04,lead,ACME-L00491
Danielle,Walker,danielle.walker@murphyandsons.example.com,Murphy and Sons,CFO,Google Ads,google,cpc,msp_q2_search_nonbrand,MSP,NJ,88,2026-05-04,lead,ACME-L00492
Kimberly,Andrade,kimberly.andrade@powellstout.example.com,Powell-Stout,Office Manager,Call Tracking,callrail,phone,local_services,MSP,CA,70,2026-05-04,lead,ACME-L00493
Timothy,Crawford,timothy.crawford@daughertyosbornandmoody.example.com,Daugherty Osborn and Moody,Office Manager,Google Ads,google,cpc,msp_q2_search_nonbrand,MSP,NJ,88,2026-05-04,lead,ACME-L00494
Kristin,Peters,kristin.peters@andersongonzalezandgardn.example.com,Anderson Gonzalez and Gardner,Office Manager,Referral,,,,MSP,MA,73,2026-05-04,lead,ACME-L00495
Jonathan,Brown,jonathan.brown@butlermendoza.example.com,Butler-Mendoza,Practice Manager,Google Ads,google,cpc,msp_q2_search_nonbrand,MSP,NJ,94,2026-05-04,lead,ACME-L00496
Scott,Moody,scott.moody@smithhinton.example.com,Smith-Hinton,Office Manager,Meta Ads,facebook,paid_social,msp_q2_leadgen,MSP,CA,61,2026-05-04,lead,ACME-L00497
Christine,Foster,christine.foster@herringturner.example.com,Herring-Turner,Office Manager,Referral,,,,MSP,Unassigned,80,2026-05-04,lead,ACME-L00498
Dustin,Gardner,dustin.gardner@jenkinsevans.example.com,Jenkins-Evans,COO,Google Ads,google,cpc,msp_q2_search_nonbrand,MSP,CA,67,2026-05-04,customer,ACME-L00499
Benjamin,Davis,benjamin.davis@colonwaltersandharmon.example.com,Colon Walters and Harmon,Practice Manager,Referral,,,,MSP,NJ,57,2026-05-04,lead,ACME-L00500
Jennifer,Murphy,jennifer.murphy@huertabrownandmendez.example.com,Huerta Brown and Mendez,Office Manager,Google Ads,google,cpc,msp_q2_search_brand,MSP,NJ,94,2026-05-04,opportunity,ACME-L00501
Michelle,Murray,michelle.murray@thompsonhaysandhumphrey.example.com,Thompson Hays and Humphrey,Practice Manager,Google Ads,google,cpc,,MSP,FL,94,2026-05-04,lead,ACME-L00502
Mary,Hernandez,mary.hernandez@hillkirkandkramer.example.com,Hill Kirk and Kramer,,Google Ads,google,cpc,msp_q2_search_brand,MSP,NY,88,2026-05-04,lead,ACME-L00503
Karen,Miller,karen.miller@hendricksltd.example.com,Hendricks Ltd,COO,Google Ads,google,cpc,msp_q2_search_brand,MSP,FL,67,2026-05-04,lead,ACME-L00504
Anna,Hampton,anna.hampton@myersjacksonandchoi.example.com,Myers Jackson and Choi,IT Manager,Google Ads,google,cpc,msp_q2_search_nonbrand,MSP,TX,94,2026-05-04,lead,ACME-L00505
Harold,French,harold.french@wrightnewton.example.com,Wright-Newton,Operations Manager,Meta Ads,facebook,paid_social,msp_q2_leadgen,MSP,NY,61,2026-05-04,lead,ACME-L00506
Samuel,Wilson,samuel.wilson@youngjohnson.example.com,Young-Johnson,COO,Google Ads,google,cpc,msp_q2_search_brand,MSP,NY,94,2026-05-04,lead,ACME-L00507
David,Walker,david.walker@alvaradowang.example.com,Alvarado-Wang,IT Manager,Referral,,,,MSP,FL,100,2026-05-04,lead,ACME-L00508
Fernando,Martin,fernando.martin@johnsonreyes.example.com,Johnson-Reyes,IT Director,Google Ads,google,cpc,,MSP,CA,67,2026-05-04,salesqualifiedlead,ACME-L00509
Christopher,Silva,christopher.silva@reyesltd.example.com,Reyes Ltd,,Call Tracking,callrail,phone,gbp_listing,MSP,MA,93,2026-05-04,lead,ACME-L00510
Tina,Blackwell,tina.blackwell@torresguzmanandward.example.com,Torres Guzman and Ward,IT Director,Google Ads,google,cpc,msp_q2_search_nonbrand,MSP,TX,64,2026-05-04,lead,ACME-L00511
Charles,Bailey,charles.bailey@hernandezllc.example.com,Hernandez LLC,IT Manager,Meta Ads,facebook,paid_social,msp_q2_leadgen,MSP,TX,31,2026-05-04,lead,ACME-L00512
Zachary,Smith,zachary.smith@crossthompson.example.com,Cross-Thompson,CFO,Call Tracking,callrail,phone,local_services,MSP,TX,97,2026-05-04,lead,ACME-L00513
Sydney,Wang,sydney.wang@longinc.example.com,Long Inc,Operations Manager,Referral,,,,MSP,NY,61,2026-05-04,lead,ACME-L00514
Caleb,Martinez,caleb.martinez@colemanrogers.example.com,Coleman-Rogers,IT Manager,Referral,,,,MSP,IL,73,2026-05-04,salesqualifiedlead,ACME-L00515
Jeff,Sanchez,jeff.sanchez@millerplc.example.com,Miller PLC,IT Manager,Meta Ads,facebook,paid_social,msp_q2_leadgen,MSP,NJ,,2026-05-05,lead,ACME-L00516
Daniel,Schwartz,daniel.schwartz@millerinc.example.com,Miller Inc,IT Director,Meta Ads,facebook,paid_social,msp_q2_leadgen,MSP,CA,61,2026-05-05,lead,ACME-L00517
Sarah,Fowler,sarah.fowler@roweinc.example.com,Rowe Inc,Office Manager,Google Ads,google,cpc,msp_q2_search_brand,MSP,NY,67,2026-05-05,lead,ACME-L00518
Jamie,Nunez,jamie.nunez@garrettromeroandrhodes.example.com,Garrett Romero and Rhodes,COO,Call Tracking,callrail,phone,local_services,MSP,NY,97,2026-05-05,lead,ACME-L00519
Abigail,Maldonado,abigail.maldonado@martinltd.example.com,Martin Ltd,Owner,Meta Ads,facebook,paid_social,msp_q2_leadgen,MSP,NJ,88,2026-05-05,lead,ACME-L00520
Rodney,Ryan,rodney.ryan@howardllc.example.com,Howard LLC,Operations Manager,Referral,,,,MSP,TX,73,2026-05-05,lead,ACME-L00521
Bobby,Scott,bobby.scott@sanchezcarroll.example.com,Sanchez-Carroll,Owner,Google Ads,google,cpc,msp_q2_search_nonbrand,MSP,TX,67,2026-05-05,lead,ACME-L00522
Emily,Richards,emily.richards@sanchezgroup.example.com,Sanchez Group,Operations Manager,Referral,,,,MSP,TX,61,2026-05-05,salesqualifiedlead,ACME-L00523
James,Higgins,james.higgins@trujilloblake.example.com,Trujillo-Blake,Office Manager,Referral,,,,MSP,TX,73,2026-05-05,lead,ACME-L00524
Eric,Bruce,eric.bruce@frazierlongandalvarez.example.com,Frazier Long and Alvarez,COO,Google Ads,google,cpc,msp_q2_search_brand,MSP,MA,94,2026-05-05,lead,ACME-L00525
Patricia,Jones,patricia.jones@morrisltd.example.com,Morris Ltd,Practice Manager,Call Tracking,callrail,phone,gbp_listing,MSP,Unassigned,97,2026-05-05,lead,ACME-L00526
Kevin,Ortiz,kevin.ortiz@thompsongarcia.example.com,Thompson-Garcia,Office Manager,Outbound,,,,MSP,NJ,60,2026-05-05,lead,ACME-L00527
Karen,Christensen,karen.christensen@rioskennedyanddean.example.com,Rios Kennedy and Dean,Office Manager,Outbound,,,,MSP,NJ,76,2026-05-05,lead,ACME-L00528
Rebekah,Miller,rebekah.miller@zimmermangroup.example.com,Zimmerman Group,Owner,Google Ads,google,cpc,msp_q2_search_brand,MSP,IL,94,2026-05-05,lead,ACME-L00529
Nicholas,Alvarado,nicholas.alvarado@lanegomez.example.com,Lane-Gomez,COO,Meta Ads,facebook,paid_social,msp_q2_leadgen,MSP,NJ,88,2026-05-06,lead,ACME-L00530
Derrick,Benton,derrick.benton@bradyjohnsonandnguyen.example.com,Brady Johnson and Nguyen,Office Manager,Referral,,,,MSP,Unassigned,,2026-05-06,opportunity,ACME-L00531
Adrian,Mcgee,adrian.mcgee@gardnercarterandsanders.example.com,Gardner Carter and Sanders,IT Director,Google Ads,google,cpc,,MSP,NJ,77,2026-05-06,opportunity,ACME-L00532
Tabitha,Williams,tabitha.williams@millerlonganddavis.example.com,Miller Long and Davis,IT Manager,Meta Ads,facebook,paid_social,msp_q2_leadgen,MSP,CA,61,2026-05-06,lead,ACME-L00533
Mark,Shaw,mark.shaw@beltranandersonandparris.example.com,Beltran Anderson and Parrish,Office Manager,Google Ads,google,cpc,msp_q2_search_brand,MSP,CA,94,2026-05-06,lead,ACME-L00534
Christine,Carter,christine.carter@gomezgroup.example.com,Gomez Group,Operations Manager,Google Ads,google,cpc,msp_q2_search_nonbrand,MSP,FL,94,2026-05-06,lead,ACME-L00535
Jason,Miller,jason.miller@dixonllc.example.com,Dixon LLC,CFO,Referral,,,,MSP,CA,100,2026-05-06,salesqualifiedlead,ACME-L00536
Mary,Flores,mary.flores@griffithweeks.example.com,Griffith-Weeks,COO,Meta Ads,facebook,paid_social,msp_q2_leadgen,MSP,FL,61,2026-05-06,lead,ACME-L00537
Gabrielle,Riley,gabrielle.riley@jordanmcbrideandsantos.example.com,Jordan Mcbride and Santos,IT Director,Outbound,,,,MSP,NY,63,2026-05-06,lead,ACME-L00538
Clifford,Koch,clifford.koch@markscastilloandhernande.example.com,Marks Castillo and Hernandez,IT Director,Call Tracking,callrail,phone,gbp_listing,MSP,CA,70,2026-05-06,lead,ACME-L00539
Kathryn,Griffin,kathryn.griffin@robinsonellis.example.com,Robinson-Ellis,IT Director,Google Ads,google,cpc,msp_q2_search_brand,MSP,TX,37,2026-05-06,lead,ACME-L00540
Justin,Johnson,justin.johnson@atkinsonallenandmartinez.example.com,Atkinson Allen and Martinez,Owner,Google Ads,google,cpc,msp_q2_search_brand,MSP,FL,67,2026-05-06,lead,ACME-L00541
Natalie,Murray,natalie.murray@hernandezltd.example.com,Hernandez Ltd,Operations Manager,Google Ads,google,cpc,,MSP,NJ,75,2026-05-06,lead,ACME-L00542
Holly,Smith,holly.smith@douglascurtis.example.com,Douglas-Curtis,IT Director,Outbound,,,,MSP,NJ,63,2026-05-06,lead,ACME-L00543
Laurie,Brown,laurie.brown@horngroup.example.com,Horn Group,COO,Google Ads,google,cpc,msp_q2_search_nonbrand,MSP,CA,88,2026-05-06,lead,ACME-L00544
Michael,Christensen,michael.christensen@ayersfoxandroberts.example.com,Ayers Fox and Roberts,Practice Manager,Referral,,,,MSP,NY,73,2026-05-06,lead,ACME-L00545
Christopher,Thompson,christopher.thompson@bradleycollinsandprice.example.com,Bradley Collins and Price,Practice Manager,Outbound,,,,MSP,CA,,2026-05-06,lead,ACME-L00546
Kevin,Edwards,kevin.edwards@cantrellcombs.example.com,Cantrell-Combs,IT Director,Google Ads,google,cpc,msp_q2_search_nonbrand,MSP,CA,37,2026-05-06,salesqualifiedlead,ACME-L00547
Michael,Flores,michael.flores@powellmaldonado.example.com,Powell-Maldonado,IT Manager,Meta Ads,facebook,paid_social,msp_q2_leadgen,MSP,NY,61,2026-05-06,lead,ACME-L00548
Daniel,Jones,daniel.jones@moranmorenoandrowe.example.com,Moran Moreno and Rowe,Operations Manager,Referral,,,,MSP,Unassigned,53,2026-05-06,salesqualifiedlead,ACME-L00549
Darrell,Schmitt,darrell.schmitt@woodwardschmidtandbautis.example.com,Woodward Schmidt and Bautista,IT Manager,Outbound,,,,MSP,TX,63,2026-05-06,salesqualifiedlead,ACME-L00550
Janice,Aguilar,janice.aguilar@bennettevansandalvarado.example.com,Bennett Evans and Alvarado,Owner,Meta Ads,facebook,paid_social,msp_q2_leadgen,MSP,NJ,61,2026-05-06,lead,ACME-L00551
Brittany,White,brittany.white@cochrangroup.example.com,Cochran Group,CFO,Call Tracking,callrail,phone,local_services,MSP,NJ,70,2026-05-06,customer,ACME-L00552
Billy,Martin,billy.martin@grossmarquezandwilliams.example.com,Gross Marquez and Williams,Owner,Outbound,,,,MSP,NY,90,2026-05-07,lead,ACME-L00553
Chelsea,Phillips,chelsea.phillips@sharpllc.example.com,Sharp LLC,Practice Manager,Google Ads,google,cpc,,MSP,NY,67,2026-05-07,lead,ACME-L00554
Calvin,Gibson,calvin.gibson@wongmartin.example.com,Wong-Martin,IT Director,Referral,,,,MSP,MA,100,2026-05-07,opportunity,ACME-L00555
Richard,Hansen,richard.hansen@kerrinc.example.com,Kerr Inc,,Meta Ads,facebook,paid_social,,MSP,NJ,61,2026-05-07,lead,ACME-L00556
Michael,Guerrero,michael.guerrero@hansonwallaceandrosario.example.com,Hanson Wallace and Rosario,IT Director,Meta Ads,facebook,paid_social,msp_q2_leadgen,MSP,MA,88,2026-05-07,lead,ACME-L00557
Darren,Cameron,darren.cameron@petersenltd.example.com,Petersen Ltd,COO,Google Ads,google,cpc,msp_q2_search_nonbrand,MSP,FL,37,2026-05-07,lead,ACME-L00558
Terrence,Gibson,terrence.gibson@gilbertlucas.example.com,Gilbert-Lucas,Operations Manager,Google Ads,google,cpc,msp_q2_search_nonbrand,MSP,CA,67,2026-05-07,lead,ACME-L00559
Lisa,Newman,lisa.newman@carrillobradleyandbuck.example.com,Carrillo Bradley and Buck,COO,Google Ads,google,cpc,msp_q2_search_nonbrand,MSP,NY,57,2026-05-07,lead,ACME-L00560
Heather,Ruiz,heather.ruiz@lovegroup.example.com,Love Group,Operations Manager,Google Ads,google,cpc,msp_q2_search_nonbrand,MSP,FL,67,2026-05-07,lead,ACME-L00561
Suzanne,Harvey,suzanne.harvey@kerrgrimesandmccann.example.com,Kerr Grimes and Mccann,CFO,Outbound,,,,MSP,NY,53,2026-05-07,opportunity,ACME-L00562
Heather,Cole,heather.cole@fostershea.example.com,Foster-Shea,Operations Manager,Google Ads,google,cpc,msp_q2_search_brand,MSP,CA,94,2026-05-07,customer,ACME-L00563
Matthew,Moore,matthew.moore@johnsonbeck.example.com,Johnson-Beck,IT Director,Outbound,,,,MSP,TX,63,2026-05-07,lead,ACME-L00564
Michelle,Bowen,michelle.bowen@harrissmith.example.com,Harris-Smith,Office Manager,Referral,,,,MSP,TX,63,2026-05-07,lead,ACME-L00565
Sydney,Peterson,sydney.peterson@maldonadollc.example.com,Maldonado LLC,Operations Manager,Referral,,,,MSP,NJ,100,2026-05-07,customer,ACME-L00566
Dustin,Hardin,dustin.hardin@fergusonandsons.example.com,Ferguson and Sons,COO,Outbound,,,,MSP,NY,63,2026-05-07,lead,ACME-L00567
Emma,Mcmahon,emma.mcmahon@perezgroup.example.com,Perez Group,IT Manager,Meta Ads,facebook,paid_social,msp_q2_leadgen,MSP,MA,88,2026-05-07,salesqualifiedlead,ACME-L00568
Aaron,Lawson,aaron.lawson@brooksmartinandclayton.example.com,Brooks Martin and Clayton,IT Manager,Call Tracking,callrail,phone,local_services,MSP,TX,70,2026-05-07,lead,ACME-L00569
Michael,Mckinney,michael.mckinney@foleymaxwellandrice.example.com,Foley Maxwell and Rice,Practice Manager,Outbound,,,,MSP,NY,90,2026-05-07,salesqualifiedlead,ACME-L00570
Cristian,Davis,cristian.davis@duncaninc.example.com,Duncan Inc,Owner,Google Ads,google,cpc,msp_q2_search_nonbrand,MSP,IL,67,2026-05-07,lead,ACME-L00571
William,Hinton,william.hinton@portersosa.example.com,Porter-Sosa,COO,Google Ads,google,cpc,msp_q2_search_brand,MSP,Unassigned,94,2026-05-08,lead,ACME-L00572
April,Carter,april.carter@colemanplc.example.com,Coleman PLC,Operations Manager,Referral,,,,MSP,MA,73,2026-05-08,lead,ACME-L00573
Martha,Simpson,martha.simpson@wardorrandnguyen.example.com,Ward Orr and Nguyen,Office Manager,Outbound,,,,MSP,TX,90,2026-05-08,lead,ACME-L00574
Courtney,Flores,courtney.flores@taylorrussellandwilliams.example.com,Taylor Russell and Williams,Office Manager,Meta Ads,facebook,paid_social,msp_q2_leadgen,MSP,NY,61,2026-05-08,salesqualifiedlead,ACME-L00575
Colin,Thomas,colin.thomas@maloneltd.example.com,Malone Ltd,COO,Outbound,,,,MSP,NY,63,2026-05-08,salesqualifiedlead,ACME-L00576
Sean,Carroll,sean.carroll@mccartymartin.example.com,Mccarty-Martin,,Outbound,,,,MSP,Unassigned,43,2026-05-08,lead,ACME-L00577
Bradley,Park,bradley.park@burnsandsons.example.com,Burns and Sons,,Google Ads,google,cpc,msp_q2_search_nonbrand,MSP,TX,67,2026-05-08,lead,ACME-L00578
John,Garcia,john.garcia@ortizltd.example.com,Ortiz Ltd,CFO,Google Ads,google,cpc,,MSP,TX,67,2026-05-08,lead,ACME-L00579
Alicia,Kelly,alicia.kelly@watsonltd.example.com,Watson Ltd,IT Director,Google Ads,google,cpc,msp_q2_search_brand,MSP,NY,67,2026-05-08,opportunity,ACME-L00580
Sharon,Palmer,sharon.palmer@martincruzandbowman.example.com,Martin Cruz and Bowman,Owner,Google Ads,google,cpc,msp_q2_search_nonbrand,MSP,TX,37,2026-05-08,lead,ACME-L00581
Jennifer,Thomas,jennifer.thomas@pearsonrandolphanddougla.example.com,Pearson Randolph and Douglas,,Google Ads,google,cpc,msp_q2_search_nonbrand,MSP,CA,64,2026-05-08,salesqualifiedlead,ACME-L00582
Amy,Gomez,amy.gomez@salazarinc.example.com,Salazar Inc,Operations Manager,Meta Ads,facebook,paid_social,msp_q2_leadgen,MSP,IL,61,2026-05-08,lead,ACME-L00583
Madison,Gonzalez,madison.gonzalez@elliottinc.example.com,Elliott Inc,Practice Manager,Outbound,,,,MSP,TX,90,2026-05-08,opportunity,ACME-L00584
Carol,Bird,carol.bird@pagebrownandsanchez.example.com,Page Brown and Sanchez,Owner,Google Ads,google,cpc,msp_q2_search_nonbrand,MSP,CA,67,2026-05-08,lead,ACME-L00585
Jade,Smith,jade.smith@simonllc.example.com,Simon LLC,IT Director,Call Tracking,callrail,phone,gbp_listing,MSP,MA,70,2026-05-08,lead,ACME-L00586
Joseph,Galvan,joseph.galvan@browninc.example.com,Brown Inc,IT Director,Meta Ads,facebook,paid_social,msp_q2_leadgen,MSP,NY,55,2026-05-08,lead,ACME-L00587
Amanda,Mccarthy,amanda.mccarthy@hoffmansalazarandconner.example.com,Hoffman Salazar and Conner,Operations Manager,Google Ads,google,cpc,msp_q2_search_nonbrand,MSP,NY,67,2026-05-08,lead,ACME-L00588
James,Cobb,james.cobb@blakelong.example.com,Blake-Long,Owner,Google Ads,google,cpc,msp_q2_search_brand,MSP,CA,64,2026-05-08,lead,ACME-L00589
Regina,Jenkins,regina.jenkins@rodriguezperez.example.com,Rodriguez-Perez,CFO,Referral,,,,MSP,Unassigned,53,2026-05-08,lead,ACME-L00590
James,Duncan,james.duncan@petersonjamesandsmith.example.com,Peterson James and Smith,Office Manager,Google Ads,google,cpc,msp_q2_search_brand,MSP,MA,94,2026-05-08,lead,ACME-L00591
Debra,Ryan,debra.ryan@martinschmidt.example.com,Martin-Schmidt,Practice Manager,Call Tracking,callrail,phone,local_services,MSP,NY,70,2026-05-08,lead,ACME-L00592
Jeremy,Lopez,jeremy.lopez@casecortezandhughes.example.com,Case Cortez and Hughes,Office Manager,Google Ads,google,cpc,msp_q2_search_nonbrand,MSP,IL,67,2026-05-08,lead,ACME-L00593
Hunter,Wilson,hunter.wilson@bellfuller.example.com,Bell-Fuller,IT Director,Google Ads,google,cpc,msp_q2_search_brand,MSP,Unassigned,78,2026-05-09,lead,ACME-L00594
Thomas,Rios,thomas.rios@kingplc.example.com,King PLC,,Referral,,,,MSP,CA,73,2026-05-09,lead,ACME-L00595
Rebecca,Bennett,rebecca.bennett@elliottgroup.example.com,Elliott Group,IT Director,Referral,,,,MSP,NY,73,2026-05-09,opportunity,ACME-L00596
Scott,Wilson,scott.wilson@browninggroup.example.com,Browning Group,Office Manager,Call Tracking,callrail,phone,local_services,MSP,NY,69,2026-05-09,lead,ACME-L00597
Lisa,Ellis,lisa.ellis@lopezplc.example.com,Lopez PLC,Operations Manager,Google Ads,google,cpc,msp_q2_search_brand,MSP,MA,94,2026-05-09,lead,ACME-L00598
Monique,Schroeder,monique.schroeder@hermaninc.example.com,Herman Inc,Operations Manager,Google Ads,google,cpc,msp_q2_search_nonbrand,MSP,MA,67,2026-05-10,lead,ACME-L00599
Bradley,Jackson,bradley.jackson@robinsonshannonandlawren.example.com,Robinson Shannon and Lawrence,Operations Manager,Meta Ads,facebook,paid_social,msp_q2_leadgen,MSP,NY,61,2026-05-10,lead,ACME-L00600
Henry,Nielsen,henry.nielsen@olsengroup.example.com,Olsen Group,CFO,Google Ads,google,cpc,msp_q2_search_brand,MSP,TX,67,2026-05-10,customer,ACME-L00601
Mindy,Johnson,mindy.johnson@morrisjohnsonandmorris.example.com,Morris Johnson and Morris,IT Manager,Outbound,,,,MSP,IL,90,2026-05-10,opportunity,ACME-L00602
Raven,Schneider,raven.schneider@burtonplc.example.com,Burton PLC,IT Manager,Outbound,,,,MSP,CA,90,2026-05-10,opportunity,ACME-L00603
Timothy,Copeland,timothy.copeland@collinsbakerandwilliams.example.com,Collins Baker and Williams,IT Manager,Google Ads,google,cpc,msp_q2_search_brand,MSP,NJ,91,2026-05-10,opportunity,ACME-L00604
James,Harris,james.harris@bishopsullivanandluna.example.com,Bishop Sullivan and Luna,CFO,Outbound,,,,MSP,TX,63,2026-05-10,opportunity,ACME-L00605
Gregory,Valentine,gregory.valentine@shortgroup.example.com,Short Group,Owner,Meta Ads,facebook,paid_social,msp_q2_leadgen,MSP,CA,61,2026-05-11,lead,ACME-L00606
Brian,Shaw,brian.shaw@weberinc.example.com,Weber Inc,CFO,Referral,,,,MSP,CA,100,2026-05-11,customer,ACME-L00607
Nathan,Carpenter,nathan.carpenter@thomasplc.example.com,Thomas PLC,COO,Google Ads,google,cpc,msp_q2_search_brand,MSP,NY,67,2026-05-11,lead,ACME-L00608
Amy,James,amy.james@hollandruizandpeterson.example.com,Holland Ruiz and Peterson,Office Manager,Google Ads,google,cpc,msp_q2_search_brand,MSP,MA,94,2026-05-11,salesqualifiedlead,ACME-L00609
Richard,Washington,richard.washington@petersvasquez.example.com,Peters-Vasquez,,Referral,,,,MSP,IL,73,2026-05-11,lead,ACME-L00610
Alyssa,Graves,alyssa.graves@browningsantiago.example.com,Browning-Santiago,CFO,Google Ads,google,cpc,msp_q2_search_brand,MSP,TX,67,2026-05-11,lead,ACME-L00611
Erica,Proctor,erica.proctor@lewiswalkeranddavis.example.com,Lewis Walker and Davis,IT Director,Google Ads,google,cpc,msp_q2_search_brand,MSP,NY,67,2026-05-11,lead,ACME-L00612
Jimmy,Conner,jimmy.conner@pettyjohnson.example.com,Petty-Johnson,IT Manager,Meta Ads,facebook,paid_social,msp_q2_leadgen,MSP,FL,88,2026-05-11,lead,ACME-L00613
John,James,john.james@blackwellbeckerandparker.example.com,Blackwell Becker and Parker,IT Manager,Google Ads,google,cpc,msp_q2_search_brand,MSP,MA,67,2026-05-11,lead,ACME-L00614
Jason,Carr,jason.carr@brownhicksandwebb.example.com,Brown Hicks and Webb,COO,Meta Ads,facebook,paid_social,msp_q2_leadgen,MSP,NY,60,2026-05-11,lead,ACME-L00615
Angela,Underwood,angela.underwood@jonesinc.example.com,Jones Inc,Office Manager,Google Ads,google,cpc,msp_q2_search_nonbrand,MSP,TX,94,2026-05-11,lead,ACME-L00616
Gina,Page,gina.page@youngvasquezandodonnell.example.com,Young Vasquez and Odonnell,IT Manager,Google Ads,google,cpc,msp_q2_search_nonbrand,MSP,Unassigned,84,2026-05-11,lead,ACME-L00617
Christina,Jackson,christina.jackson@wilsonmezaandbishop.example.com,Wilson Meza and Bishop,IT Manager,Meta Ads,facebook,paid_social,msp_q2_leadgen,MSP,TX,61,2026-05-11,lead,ACME-L00618
Emily,Bell,emily.bell@smithromanandmcintyre.example.com,Smith Roman and Mcintyre,CFO,Google Ads,google,cpc,msp_q2_search_nonbrand,MSP,MA,61,2026-05-11,lead,ACME-L00619
Tracy,Gibbs,tracy.gibbs@rodriguezinc.example.com,Rodriguez Inc,IT Director,Meta Ads,facebook,paid_social,msp_q2_leadgen,MSP,MA,61,2026-05-11,lead,ACME-L00620
Douglas,Wang,douglas.wang@smithandsons.example.com,Smith and Sons,Owner,Google Ads,google,cpc,msp_q2_search_nonbrand,MSP,MA,67,2026-05-11,opportunity,ACME-L00621
Catherine,Scott,catherine.scott@bookerjordan.example.com,Booker-Jordan,IT Director,Outbound,,,,MSP,NY,63,2026-05-11,lead,ACME-L00622
John,Walker,john.walker@gonzalesplc.example.com,Gonzales PLC,CFO,Referral,,,,MSP,NY,73,2026-05-11,lead,ACME-L00623
Gary,Richards,gary.richards@jacksongroup.example.com,Jackson Group,Owner,Google Ads,google,cpc,msp_q2_search_brand,MSP,NJ,56,2026-05-11,lead,ACME-L00624
Zachary,Ward,zachary.ward@perezrubio.example.com,Perez-Rubio,CFO,Call Tracking,callrail,phone,local_services,MSP,TX,,2026-05-11,lead,ACME-L00625
Pamela,Powers,pamela.powers@taylorinc.example.com,Taylor Inc,CFO,Meta Ads,facebook,paid_social,msp_q2_leadgen,MSP,NY,53,2026-05-11,lead,ACME-L00626
Michael,Herring,michael.herring@gilbertwalkerandrose.example.com,Gilbert Walker and Rose,Owner,Call Tracking,callrail,phone,local_services,MSP,FL,70,2026-05-12,lead,ACME-L00627
Alexander,Green,alexander.green@lewismitchellandknox.example.com,Lewis Mitchell and Knox,COO,Call Tracking,callrail,phone,local_services,MSP,CA,70,2026-05-12,lead,ACME-L00628
Nicole,Horne,nicole.horne@bellplc.example.com,Bell PLC,IT Director,Google Ads,google,cpc,msp_q2_search_brand,MSP,FL,67,2026-05-12,lead,ACME-L00629
Frank,Ramos,frank.ramos@thomasandsons.example.com,Thomas and Sons,COO,Outbound,,,,MSP,MA,90,2026-05-12,lead,ACME-L00630
Taylor,Zuniga,taylor.zuniga@adamsgroup.example.com,Adams Group,CFO,Call Tracking,callrail,phone,local_services,MSP,NJ,60,2026-05-12,lead,ACME-L00631
Sara,Carter,sara.carter@moralesinc.example.com,Morales Inc,COO,Meta Ads,facebook,paid_social,,MSP,NY,31,2026-05-12,lead,ACME-L00632
Kimberly,Welch,kimberly.welch@velazquezstone.example.com,Velazquez-Stone,Owner,Google Ads,google,cpc,msp_q2_search_brand,MSP,IL,94,2026-05-12,lead,ACME-L00633
Jessica,Santiago,jessica.santiago@hoodltd.example.com,Hood Ltd,,Referral,,,,MSP,CA,73,2026-05-12,salesqualifiedlead,ACME-L00634
Alexander,Scott,alexander.scott@skinnerbrockandfitzgeral.example.com,Skinner Brock and Fitzgerald,COO,Google Ads,google,cpc,,MSP,CA,67,2026-05-12,salesqualifiedlead,ACME-L00635
Kevin,Bates,kevin.bates@alvaradomills.example.com,Alvarado-Mills,CFO,Meta Ads,facebook,paid_social,msp_q2_leadgen,MSP,Unassigned,45,2026-05-12,lead,ACME-L00636
James,Miles,james.miles@huangllc.example.com,Huang LLC,Practice Manager,Referral,,,,MSP,CA,100,2026-05-12,lead,ACME-L00637
Timothy,Anderson,timothy.anderson@riveraandersenandjones.example.com,Rivera Andersen and Jones,COO,Google Ads,google,cpc,msp_q2_search_nonbrand,MSP,NY,67,2026-05-12,lead,ACME-L00638
Kyle,Stewart,kyle.stewart@moranbenjaminandbauer.example.com,Moran Benjamin and Bauer,Practice Manager,Google Ads,google,cpc,msp_q2_search_nonbrand,MSP,NY,82,2026-05-12,lead,ACME-L00639
Michael,May,michael.may@leerobinsonandcruz.example.com,Lee Robinson and Cruz,Practice Manager,Meta Ads,facebook,paid_social,msp_q2_leadgen,MSP,CA,88,2026-05-12,lead,ACME-L00640
Robert,Horton,robert.horton@palmerinc.example.com,Palmer Inc,Practice Manager,Outbound,,,,MSP,IL,76,2026-05-12,lead,ACME-L00641
Mary,Joseph,mary.joseph@davismorrisonandclayton.example.com,Davis Morrison and Clayton,IT Director,Google Ads,google,cpc,msp_q2_search_nonbrand,MSP,NJ,37,2026-05-12,lead,ACME-L00642
Mark,Maddox,mark.maddox@blanchardprestonandowens.example.com,Blanchard Preston and Owens,CFO,Meta Ads,facebook,paid_social,msp_q2_leadgen,MSP,NY,88,2026-05-12,lead,ACME-L00643
Samantha,Murphy,samantha.murphy@stephensllc.example.com,Stephens LLC,Practice Manager,Meta Ads,facebook,paid_social,msp_q2_leadgen,MSP,FL,88,2026-05-12,lead,ACME-L00644
Kevin,Perkins,kevin.perkins@portermoore.example.com,Porter-Moore,CFO,Meta Ads,facebook,paid_social,msp_q2_leadgen,MSP,FL,86,2026-05-12,lead,ACME-L00645
Kelly,Nguyen,kelly.nguyen@torreshamptonandstewart.example.com,Torres Hampton and Stewart,COO,Meta Ads,facebook,paid_social,msp_q2_leadgen,MSP,TX,61,2026-05-12,lead,ACME-L00646
Daniel,Burnett,daniel.burnett@burnssmith.example.com,Burns-Smith,Practice Manager,Google Ads,google,cpc,msp_q2_search_nonbrand,MSP,NJ,94,2026-05-12,opportunity,ACME-L00647
Peter,Blevins,peter.blevins@hilldavisandrodriguez.example.com,Hill Davis and Rodriguez,Operations Manager,Outbound,,,,MSP,Unassigned,63,2026-05-12,lead,ACME-L00648
Taylor,Pineda,taylor.pineda@acostarivera.example.com,Acosta-Rivera,Owner,Call Tracking,callrail,phone,gbp_listing,MSP,MA,,2026-05-12,lead,ACME-L00649
Jason,Richards,jason.richards@taylorinc.example.com,Taylor Inc,,Call Tracking,callrail,phone,local_services,MSP,NY,62,2026-05-12,opportunity,ACME-L00650
Anne,Perez,anne.perez@sotodavid.example.com,Soto-David,Operations Manager,Outbound,,,,MSP,MA,90,2026-05-12,lead,ACME-L00651
Brenda,Owen,brenda.owen@sanchezbarrett.example.com,Sanchez-Barrett,CFO,Google Ads,google,cpc,msp_q2_search_brand,MSP,NJ,67,2026-05-13,opportunity,ACME-L00652
Christopher,Nielsen,christopher.nielsen@garciagroup.example.com,Garcia Group,IT Manager,Meta Ads,facebook,paid_social,msp_q2_leadgen,MSP,CA,58,2026-05-13,lead,ACME-L00653
Lisa,Barajas,lisa.barajas@gordonshannon.example.com,Gordon-Shannon,Office Manager,Outbound,,,,MSP,MA,90,2026-05-13,salesqualifiedlead,ACME-L00654
Karen,Hill,karen.hill@harrisonhansenandlambert.example.com,Harrison Hansen and Lambert,IT Director,Outbound,,,,MSP,Unassigned,63,2026-05-13,lead,ACME-L00655
Spencer,Burgess,spencer.burgess@lambcummings.example.com,Lamb-Cummings,Practice Manager,Referral,,,,MSP,IL,73,2026-05-13,lead,ACME-L00656
Brian,Smith,brian.smith@allisonflemingandkeller.example.com,Allison Fleming and Keller,Operations Manager,Google Ads,google,cpc,msp_q2_search_nonbrand,MSP,TX,50,2026-05-13,lead,ACME-L00657
Joshua,Johnson,joshua.johnson@baldwinllc.example.com,Baldwin LLC,IT Director,Call Tracking,callrail,phone,gbp_listing,MSP,MA,97,2026-05-13,salesqualifiedlead,ACME-L00658
James,Fitzgerald,james.fitzgerald@leepowellandcampbell.example.com,Lee Powell and Campbell,Office Manager,Call Tracking,callrail,phone,local_services,MSP,TX,83,2026-05-13,salesqualifiedlead,ACME-L00659
Alicia,Allen,alicia.allen@rodriguezacevedo.example.com,Rodriguez-Acevedo,IT Manager,Google Ads,google,cpc,msp_q2_search_brand,MSP,NJ,67,2026-05-13,lead,ACME-L00660
Amanda,Hutchinson,amanda.hutchinson@petersontaylorandlopez.example.com,Peterson Taylor and Lopez,Owner,Referral,,,,MSP,NY,87,2026-05-13,lead,ACME-L00661
Carol,Brown,carol.brown@wilsongroup.example.com,Wilson Group,Office Manager,Referral,,,,MSP,NJ,100,2026-05-13,salesqualifiedlead,ACME-L00662
William,Clark,william.clark@ricellc.example.com,Rice LLC,IT Manager,Google Ads,google,cpc,msp_q2_search_brand,MSP,CA,67,2026-05-13,lead,ACME-L00663
Catherine,Williams,catherine.williams@goldenplc.example.com,Golden PLC,Owner,Meta Ads,facebook,paid_social,,MSP,IL,61,2026-05-13,lead,ACME-L00664
Stephanie,Thompson,stephanie.thompson@brownsmith.example.com,Brown-Smith,COO,Referral,,,,MSP,Unassigned,53,2026-05-13,salesqualifiedlead,ACME-L00665
Kimberly,Ward,kimberly.ward@matthewsgroup.example.com,Matthews Group,COO,Referral,,,,MSP,FL,100,2026-05-13,lead,ACME-L00666
Michael,Jenkins,michael.jenkins@stuartandsons.example.com,Stuart and Sons,Operations Manager,Referral,,,,MSP,CA,100,2026-05-13,opportunity,ACME-L00667
Oscar,Williams,oscar.williams@shermanandsons.example.com,Sherman and Sons,Operations Manager,Call Tracking,callrail,phone,local_services,MSP,NY,97,2026-05-13,lead,ACME-L00668
Bryan,Esparza,bryan.esparza@nelsonllc.example.com,Nelson LLC,Owner,Google Ads,google,cpc,msp_q2_search_brand,MSP,TX,39,2026-05-13,lead,ACME-L00669
Marilyn,Meyers,marilyn.meyers@parrishwilliamsandjames.example.com,Parrish Williams and James,Owner,Google Ads,google,cpc,msp_q2_search_nonbrand,MSP,CA,94,2026-05-13,lead,ACME-L00670
Brian,Rodriguez,brian.rodriguez@gillespiemonroeandking.example.com,Gillespie Monroe and King,Operations Manager,Google Ads,google,cpc,msp_q2_search_nonbrand,MSP,NY,94,2026-05-14,lead,ACME-L00671
Daisy,Cooper,daisy.cooper@haasporter.example.com,Haas-Porter,Office Manager,Referral,,,,MSP,NJ,73,2026-05-14,lead,ACME-L00672
Michele,Peters,michele.peters@bakeredwardsandscott.example.com,Baker Edwards and Scott,Owner,Google Ads,google,cpc,msp_q2_search_nonbrand,MSP,NJ,67,2026-05-14,lead,ACME-L00673
Amanda,Johnson,amanda.johnson@francostokes.example.com,Franco-Stokes,Operations Manager,Meta Ads,facebook,paid_social,msp_q2_leadgen,MSP,CA,,2026-05-14,lead,ACME-L00674
Jamie,Patterson,jamie.patterson@ericksonltd.example.com,Erickson Ltd,,Referral,,,,MSP,TX,73,2026-05-14,lead,ACME-L00675
Kenneth,Alvarez,kenneth.alvarez@sullivansotoandcarpenter.example.com,Sullivan Soto and Carpenter,Owner,Google Ads,google,cpc,msp_q2_search_brand,MSP,IL,67,2026-05-14,lead,ACME-L00676
Elizabeth,Valenzuela,elizabeth.valenzuela@savageschmidtandboyd.example.com,Savage Schmidt and Boyd,Operations Manager,Google Ads,google,cpc,,MSP,NY,67,2026-05-14,lead,ACME-L00677
David,Mclean,david.mclean@wilsonpoole.example.com,Wilson-Poole,Operations Manager,Meta Ads,facebook,paid_social,msp_q2_leadgen,MSP,IL,45,2026-05-14,lead,ACME-L00678
Matthew,Hancock,matthew.hancock@rossporter.example.com,Ross-Porter,CFO,Google Ads,google,cpc,msp_q2_search_brand,MSP,NJ,94,2026-05-14,lead,ACME-L00679
Monica,Fisher,monica.fisher@robertsandsons.example.com,Roberts and Sons,Operations Manager,Referral,,,,MSP,NY,70,2026-05-14,customer,ACME-L00680
Terri,Smith,terri.smith@trujilloandsons.example.com,Trujillo and Sons,,Google Ads,google,cpc,msp_q2_search_brand,MSP,MA,,2026-05-14,lead,ACME-L00681
Wanda,Evans,wanda.evans@whiteshields.example.com,White-Shields,,Referral,,,,MSP,MA,70,2026-05-14,lead,ACME-L00682
Jacqueline,Ramos,jacqueline.ramos@riddleandsons.example.com,Riddle and Sons,Owner,Google Ads,google,cpc,msp_q2_search_brand,MSP,NJ,,2026-05-14,lead,ACME-L00683
Julie,Taylor,julie.taylor@martinsheppardandchamber.example.com,Martin Sheppard and Chambers,Office Manager,Google Ads,google,cpc,msp_q2_search_nonbrand,MSP,TX,82,2026-05-14,lead,ACME-L00684
Ashley,Walker,ashley.walker@tylerking.example.com,Tyler-King,Practice Manager,Google Ads,google,cpc,msp_q2_search_nonbrand,MSP,MA,94,2026-05-14,lead,ACME-L00685
Roger,Pugh,roger.pugh@sotowilson.example.com,Soto-Wilson,Office Manager,Meta Ads,facebook,paid_social,msp_q2_leadgen,MSP,CA,53,2026-05-14,lead,ACME-L00686
Jose,Hamilton,jose.hamilton@burtonwalkerandking.example.com,Burton Walker and King,Practice Manager,Google Ads,google,cpc,msp_q2_search_brand,MSP,TX,93,2026-05-14,lead,ACME-L00687
Tamara,Schneider,tamara.schneider@davidsonplc.example.com,Davidson PLC,CFO,Meta Ads,facebook,paid_social,msp_q2_leadgen,MSP,NY,61,2026-05-14,lead,ACME-L00688
Christopher,Hanson,christopher.hanson@bakerllc.example.com,Baker LLC,Practice Manager,Outbound,,,,MSP,CA,90,2026-05-14,lead,ACME-L00689
David,Petersen,david.petersen@powelljones.example.com,Powell-Jones,COO,Outbound,,,,MSP,IL,63,2026-05-14,lead,ACME-L00690
Yvonne,Jones,yvonne.jones@baileylawrenceandduncan.example.com,Bailey Lawrence and Duncan,Practice Manager,Referral,,,,MSP,NY,73,2026-05-14,lead,ACME-L00691
Wendy,Brock,wendy.brock@perezdillon.example.com,Perez-Dillon,Practice Manager,Referral,,,,MSP,FL,85,2026-05-14,lead,ACME-L00692
Patricia,Gonzalez,patricia.gonzalez@leonllc.example.com,Leon LLC,Operations Manager,Google Ads,google,cpc,msp_q2_search_brand,MSP,NY,79,2026-05-14,lead,ACME-L00693
James,Flores,james.flores@lopezparkerandacevedo.example.com,Lopez Parker and Acevedo,Practice Manager,Meta Ads,facebook,paid_social,msp_q2_leadgen,MSP,NJ,55,2026-05-14,lead,ACME-L00694
Oscar,Franco,oscar.franco@kingrios.example.com,King-Rios,Operations Manager,Google Ads,google,cpc,msp_q2_search_nonbrand,MSP,NY,67,2026-05-14,lead,ACME-L00695
Jon,Perry,jon.perry@wadetaylorandmullins.example.com,Wade Taylor and Mullins,COO,Call Tracking,callrail,phone,gbp_listing,MSP,MA,48,2026-05-14,lead,ACME-L00696
Derrick,Mann,derrick.mann@fieldsandsons.example.com,Fields and Sons,Office Manager,Google Ads,google,cpc,msp_q2_search_nonbrand,MSP,Unassigned,44,2026-05-15,lead,ACME-L00697
Sara,Parks,sara.parks@carrilloharris.example.com,Carrillo-Harris,IT Manager,Google Ads,google,cpc,msp_q2_search_nonbrand,MSP,NY,94,2026-05-15,salesqualifiedlead,ACME-L00698
Tracy,Bowers,tracy.bowers@brewergroup.example.com,Brewer Group,Operations Manager,Meta Ads,facebook,paid_social,msp_q2_leadgen,MSP,TX,61,2026-05-15,lead,ACME-L00699
Jennifer,Kane,jennifer.kane@floresplc.example.com,Flores PLC,Office Manager,Referral,,,,MSP,TX,100,2026-05-15,customer,ACME-L00700
Todd,Miller,todd.miller@coxgroup.example.com,Cox Group,COO,Outbound,,,,MSP,FL,63,2026-05-15,lead,ACME-L00701
Scott,Green,scott.green@wardallen.example.com,Ward-Allen,Operations Manager,Referral,,,,MSP,MA,73,2026-05-15,lead,ACME-L00702
Monica,Jackson,monica.jackson@hartltd.example.com,Hart Ltd,Practice Manager,Google Ads,google,cpc,msp_q2_search_brand,MSP,TX,,2026-05-15,lead,ACME-L00703
Anthony,Kelley,anthony.kelley@carterplc.example.com,Carter PLC,Owner,Google Ads,google,cpc,msp_q2_search_brand,MSP,IL,94,2026-05-15,lead,ACME-L00704
Angela,Williams,angela.williams@gonzalezcalhoun.example.com,Gonzalez-Calhoun,,Call Tracking,callrail,phone,gbp_listing,MSP,NY,67,2026-05-15,lead,ACME-L00705
James,Ramirez,james.ramirez@douglaspineda.example.com,Douglas-Pineda,Office Manager,Call Tracking,callrail,phone,local_services,MSP,MA,70,2026-05-15,customer,ACME-L00706
Amber,Horton,amber.horton@spencerandsons.example.com,Spencer and Sons,COO,Outbound,,,,MSP,NY,,2026-05-15,lead,ACME-L00707
Juan,Mccormick,juan.mccormick@welchgarcia.example.com,Welch-Garcia,Office Manager,Google Ads,google,cpc,msp_q2_search_brand,MSP,FL,67,2026-05-15,lead,ACME-L00708
Regina,Cole,regina.cole@adamsharris.example.com,Adams-Harris,IT Manager,Google Ads,google,cpc,msp_q2_search_brand,MSP,FL,67,2026-05-15,salesqualifiedlead,ACME-L00709
Lacey,Clark,lacey.clark@beckerinc.example.com,Becker Inc,IT Manager,Referral,,,,MSP,FL,70,2026-05-15,lead,ACME-L00710
Priscilla,Hudson,priscilla.hudson@riversleeandjones.example.com,Rivers Lee and Jones,IT Manager,Meta Ads,facebook,paid_social,msp_q2_leadgen,MSP,FL,88,2026-05-15,lead,ACME-L00711
Kelly,Hall,kelly.hall@mooregroup.example.com,Moore Group,CFO,Meta Ads,facebook,paid_social,msp_q2_leadgen,MSP,NJ,53,2026-05-15,lead,ACME-L00712
Donna,Peterson,donna.peterson@johnsonsandovalandphelps.example.com,Johnson Sandoval and Phelps,CFO,Google Ads,google,cpc,msp_q2_search_nonbrand,MSP,IL,94,2026-05-15,customer,ACME-L00713
Kristin,Preston,kristin.preston@martinhuntandrodriguez.example.com,Martin Hunt and Rodriguez,IT Manager,Call Tracking,callrail,phone,gbp_listing,MSP,NJ,70,2026-05-15,salesqualifiedlead,ACME-L00714
Christie,Smith,christie.smith@moraltd.example.com,Mora Ltd,IT Director,Outbound,,,,MSP,NY,63,2026-05-15,lead,ACME-L00715
Ellen,Fletcher,ellen.fletcher@santoslopez.example.com,Santos-Lopez,Office Manager,Outbound,,,,MSP,NY,63,2026-05-16,lead,ACME-L00716
Matthew,Hoover,matthew.hoover@allenltd.example.com,Allen Ltd,IT Director,Google Ads,google,cpc,msp_q2_search_brand,MSP,NY,94,2026-05-16,lead,ACME-L00717
Jeremy,Stewart,jeremy.stewart@lamllc.example.com,Lam LLC,Practice Manager,Google Ads,google,cpc,msp_q2_search_nonbrand,MSP,NJ,63,2026-05-16,lead,ACME-L00718
Steven,Morgan,steven.morgan@roachandersonandbrown.example.com,Roach Anderson and Brown,COO,Meta Ads,facebook,paid_social,msp_q2_leadgen,MSP,NJ,88,2026-05-16,lead,ACME-L00719
Ivan,Cook,ivan.cook@bensongonzalezandhernand.example.com,Benson Gonzalez and Hernandez,COO,Google Ads,google,cpc,msp_q2_search_nonbrand,MSP,NJ,93,2026-05-16,lead,ACME-L00720
Rodney,Sparks,rodney.sparks@trevinoharris.example.com,Trevino-Harris,IT Manager,Google Ads,google,cpc,msp_q2_search_brand,MSP,FL,67,2026-05-17,lead,ACME-L00721
Albert,Hall,albert.hall@taylormullins.example.com,Taylor-Mullins,Owner,Google Ads,google,cpc,msp_q2_search_nonbrand,MSP,FL,94,2026-05-17,lead,ACME-L00722
Susan,Gay,susan.gay@carrollrice.example.com,Carroll-Rice,IT Director,Google Ads,google,cpc,msp_q2_search_nonbrand,MSP,FL,94,2026-05-17,lead,ACME-L00723
Michael,Lopez,michael.lopez@millerandsons.example.com,Miller and Sons,CFO,Call Tracking,callrail,phone,local_services,MSP,TX,97,2026-05-18,lead,ACME-L00724
Susan,Simpson,susan.simpson@torresmorrison.example.com,Torres-Morrison,Owner,Outbound,,,,MSP,NY,63,2026-05-18,lead,ACME-L00725
Tina,Burton,tina.burton@thompsonlawrence.example.com,Thompson-Lawrence,IT Director,Google Ads,google,cpc,msp_q2_search_nonbrand,MSP,NJ,60,2026-05-18,lead,ACME-L00726
Erika,West,erika.west@dyerjohnsonandlopez.example.com,Dyer Johnson and Lopez,,Google Ads,google,cpc,msp_q2_search_nonbrand,MSP,NY,37,2026-05-18,lead,ACME-L00727
Linda,Potter,linda.potter@lopezplc.example.com,Lopez PLC,IT Manager,Meta Ads,facebook,paid_social,msp_q2_leadgen,MSP,MA,88,2026-05-18,lead,ACME-L00728
Jennifer,Townsend,jennifer.townsend@floreswoods.example.com,Flores-Woods,Operations Manager,Call Tracking,callrail,phone,local_services,MSP,TX,70,2026-05-18,lead,ACME-L00729
Martha,Dixon,martha.dixon@watsonjohnsonandbishop.example.com,Watson Johnson and Bishop,COO,Google Ads,google,cpc,msp_q2_search_nonbrand,MSP,NY,67,2026-05-18,lead,ACME-L00730
Tina,Gibbs,tina.gibbs@suarezjimenez.example.com,Suarez-Jimenez,Practice Manager,Google Ads,google,cpc,msp_q2_search_nonbrand,MSP,IL,67,2026-05-18,lead,ACME-L00731
Scott,Jones,scott.jones@richardsfieldsandmann.example.com,Richards Fields and Mann,Owner,Google Ads,google,cpc,msp_q2_search_nonbrand,MSP,TX,94,2026-05-18,lead,ACME-L00732
Martha,Mccarthy,martha.mccarthy@perryltd.example.com,Perry Ltd,COO,Outbound,,,,MSP,NY,63,2026-05-18,lead,ACME-L00733
Richard,Werner,richard.werner@hernandezfuller.example.com,Hernandez-Fuller,Office Manager,Outbound,,,,MSP,NY,63,2026-05-18,lead,ACME-L00734
Steven,Murray,steven.murray@rodriguezplc.example.com,Rodriguez PLC,Practice Manager,Google Ads,google,cpc,msp_q2_search_brand,MSP,CA,67,2026-05-18,lead,ACME-L00735
Brian,Fleming,brian.fleming@scottshortandhaynes.example.com,Scott Short and Haynes,Practice Manager,Meta Ads,facebook,paid_social,msp_q2_leadgen,MSP,TX,61,2026-05-18,salesqualifiedlead,ACME-L00736
Natalie,Martinez,natalie.martinez@smithewingandstewart.example.com,Smith Ewing and Stewart,IT Manager,Referral,,,,MSP,FL,73,2026-05-18,lead,ACME-L00737
Cory,Dunn,cory.dunn@williamsmunoz.example.com,Williams-Munoz,COO,Referral,,,,MSP,TX,100,2026-05-18,lead,ACME-L00738
Bonnie,Tanner,bonnie.tanner@murilloandsons.example.com,Murillo and Sons,Practice Manager,Call Tracking,callrail,phone,local_services,MSP,MA,97,2026-05-18,customer,ACME-L00739
Bailey,Hale,bailey.hale@smithtaylorandlarson.example.com,Smith Taylor and Larson,Office Manager,Call Tracking,callrail,phone,local_services,MSP,Unassigned,50,2026-05-18,opportunity,ACME-L00740
Lisa,Morgan,lisa.morgan@leemullenandrodriguez.example.com,Lee Mullen and Rodriguez,IT Director,Outbound,,,,MSP,NY,63,2026-05-18,lead,ACME-L00741
James,Collins,james.collins@vazquezmendezandwinters.example.com,Vazquez Mendez and Winters,,Meta Ads,facebook,paid_social,,MSP,CA,61,2026-05-18,lead,ACME-L00742
Christopher,Delgado,christopher.delgado@petersensullivan.example.com,Petersen-Sullivan,IT Director,Outbound,,,,MSP,NJ,90,2026-05-18,lead,ACME-L00743
Ricky,Jones,ricky.jones@palmerchapmanandmiller.example.com,Palmer Chapman and Miller,CFO,Google Ads,google,cpc,msp_q2_search_brand,MSP,TX,,2026-05-18,lead,ACME-L00744
Steven,Curry,steven.curry@shahharrison.example.com,Shah-Harrison,Operations Manager,Google Ads,google,cpc,msp_q2_search_nonbrand,MSP,FL,94,2026-05-18,lead,ACME-L00745
Lisa,Skinner,lisa.skinner@kimoconnorandcruz.example.com,Kim Oconnor and Cruz,Owner,Outbound,,,,MSP,NJ,52,2026-05-19,lead,ACME-L00746
Tony,Webb,tony.webb@johnsonandsons.example.com,Johnson and Sons,Operations Manager,Google Ads,google,cpc,msp_q2_search_nonbrand,MSP,MA,94,2026-05-19,lead,ACME-L00747
Marc,Williams,marc.williams@diazhughesandeaton.example.com,Diaz Hughes and Eaton,CFO,Referral,,,,MSP,CA,57,2026-05-19,lead,ACME-L00748
Leroy,Hernandez,leroy.hernandez@walshosborne.example.com,Walsh-Osborne,COO,Google Ads,google,cpc,msp_q2_search_brand,MSP,FL,67,2026-05-19,lead,ACME-L00749
Heather,Blair,heather.blair@franklinllc.example.com,Franklin LLC,Office Manager,Outbound,,,,MSP,IL,63,2026-05-19,customer,ACME-L00750
Joan,Leach,joan.leach@watersgreenandobrien.example.com,Waters Green and Obrien,Office Manager,Google Ads,google,cpc,msp_q2_search_nonbrand,MSP,TX,94,2026-05-19,lead,ACME-L00751
Adam,Knight,adam.knight@marshandsons.example.com,Marsh and Sons,,Referral,,,,MSP,NJ,70,2026-05-19,lead,ACME-L00752
Monique,Martinez,monique.martinez@franklinlewis.example.com,Franklin-Lewis,COO,Meta Ads,facebook,paid_social,msp_q2_leadgen,MSP,IL,53,2026-05-19,lead,ACME-L00753
Julia,Ayala,julia.ayala@smithwatersandtyler.example.com,Smith Waters and Tyler,CFO,Outbound,,,,MSP,NJ,63,2026-05-19,lead,ACME-L00754
Amanda,Jones,amanda.jones@harrisplc.example.com,Harris PLC,,Google Ads,google,cpc,msp_q2_search_brand,MSP,TX,64,2026-05-19,lead,ACME-L00755
Daniel,Gomez,daniel.gomez@hernandezrojasandmason.example.com,Hernandez Rojas and Mason,Office Manager,Meta Ads,facebook,paid_social,msp_q2_leadgen,MSP,MA,88,2026-05-19,lead,ACME-L00756
Timothy,White,timothy.white@wilsongroup.example.com,Wilson Group,COO,Google Ads,google,cpc,msp_q2_search_brand,MSP,NJ,94,2026-05-20,opportunity,ACME-L00757
Christopher,Taylor,christopher.taylor@harperfernandez.example.com,Harper-Fernandez,IT Director,Meta Ads,facebook,paid_social,msp_q2_leadgen,MSP,MA,,2026-05-20,lead,ACME-L00758
Matthew,Weber,matthew.weber@prattltd.example.com,Pratt Ltd,COO,Google Ads,google,cpc,msp_q2_search_brand,MSP,TX,67,2026-05-20,lead,ACME-L00759
David,Montgomery,david.montgomery@cruzplc.example.com,Cruz PLC,Office Manager,Outbound,,,,MSP,NY,35,2026-05-20,salesqualifiedlead,ACME-L00760
Nancy,Cruz,nancy.cruz@jamesrobertsandholland.example.com,James Roberts and Holland,IT Manager,Referral,,,,MSP,MA,100,2026-05-20,lead,ACME-L00761
Kelly,Page,kelly.page@hillgroup.example.com,Hill Group,IT Director,Outbound,,,,MSP,Unassigned,43,2026-05-20,opportunity,ACME-L00762
Taylor,Ewing,taylor.ewing@johnsonplc.example.com,Johnson PLC,CFO,Meta Ads,facebook,paid_social,msp_q2_leadgen,MSP,MA,75,2026-05-20,lead,ACME-L00763
Teresa,Miller,teresa.miller@johnsonli.example.com,Johnson-Li,IT Manager,Meta Ads,facebook,paid_social,msp_q2_leadgen,MSP,IL,51,2026-05-20,lead,ACME-L00764
Heather,Long,heather.long@bradymiller.example.com,Brady-Miller,Operations Manager,Referral,,,,MSP,TX,73,2026-05-20,lead,ACME-L00765
Chloe,Parsons,chloe.parsons@hoganmiller.example.com,Hogan-Miller,IT Director,Google Ads,google,cpc,msp_q2_search_brand,MSP,CA,63,2026-05-20,lead,ACME-L00766
Sean,Morgan,sean.morgan@powersinc.example.com,Powers Inc,Owner,Meta Ads,facebook,paid_social,msp_q2_leadgen,MSP,MA,88,2026-05-20,lead,ACME-L00767
Kendra,Cooper,kendra.cooper@ballardgroup.example.com,Ballard Group,COO,Meta Ads,facebook,paid_social,msp_q2_leadgen,MSP,NY,88,2026-05-20,lead,ACME-L00768
George,Hernandez,george.hernandez@ewingltd.example.com,Ewing Ltd,CFO,Google Ads,google,cpc,msp_q2_search_brand,MSP,FL,37,2026-05-20,lead,ACME-L00769
Phillip,Johnson,phillip.johnson@frenchplc.example.com,French PLC,,Referral,,,,MSP,TX,100,2026-05-20,lead,ACME-L00770
Ryan,Cohen,ryan.cohen@moranscott.example.com,Moran-Scott,Operations Manager,Google Ads,google,cpc,msp_q2_search_nonbrand,MSP,MA,94,2026-05-20,lead,ACME-L00771
Stuart,Cooper,stuart.cooper@spencerhughes.example.com,Spencer-Hughes,IT Manager,Google Ads,google,cpc,msp_q2_search_nonbrand,MSP,TX,67,2026-05-20,lead,ACME-L00772
Christopher,Davis,christopher.davis@smithinc.example.com,Smith Inc,Office Manager,Referral,,,,MSP,CA,,2026-05-20,lead,ACME-L00773
Johnny,Turner,johnny.turner@benderalexanderandmccart.example.com,Bender Alexander and Mccarthy,Office Manager,Google Ads,google,cpc,msp_q2_search_nonbrand,MSP,FL,87,2026-05-20,opportunity,ACME-L00774
Dana,Gonzalez,dana.gonzalez@odonnellwalton.example.com,Odonnell-Walton,CFO,Google Ads,google,cpc,msp_q2_search_brand,MSP,NY,67,2026-05-20,lead,ACME-L00775
Alexandra,Morrow,alexandra.morrow@rodriguezgarciaandjackso.example.com,Rodriguez Garcia and Jackson,COO,Google Ads,google,cpc,msp_q2_search_brand,MSP,MA,39,2026-05-20,salesqualifiedlead,ACME-L00776
Susan,Cox,susan.cox@pricellc.example.com,Price LLC,IT Manager,Outbound,,,,MSP,NJ,63,2026-05-21,lead,ACME-L00777
Samuel,Warren,samuel.warren@scottbaker.example.com,Scott-Baker,Practice Manager,Meta Ads,facebook,paid_social,msp_q2_leadgen,MSP,NJ,88,2026-05-21,lead,ACME-L00778
Jill,Williams,jill.williams@williamscaseyandyork.example.com,Williams Casey and York,Practice Manager,Call Tracking,callrail,phone,gbp_listing,MSP,TX,70,2026-05-21,opportunity,ACME-L00779
Rodney,Patel,rodney.patel@allengreen.example.com,Allen-Green,Office Manager,Google Ads,google,cpc,msp_q2_search_brand,MSP,NY,67,2026-05-21,lead,ACME-L00780
William,Roberson,william.roberson@taylorgordon.example.com,Taylor-Gordon,Owner,Google Ads,google,cpc,msp_q2_search_nonbrand,MSP,IL,76,2026-05-21,lead,ACME-L00781
Erik,Gomez,erik.gomez@huffballard.example.com,Huff-Ballard,IT Director,Outbound,,,,MSP,CA,84,2026-05-21,salesqualifiedlead,ACME-L00782
Leroy,Nolan,leroy.nolan@galvanandsons.example.com,Galvan and Sons,Owner,Referral,,,,MSP,NJ,100,2026-05-21,salesqualifiedlead,ACME-L00783
Amy,Rodriguez,amy.rodriguez@whiteandsons.example.com,White and Sons,Practice Manager,Google Ads,google,cpc,msp_q2_search_brand,MSP,NY,80,2026-05-21,lead,ACME-L00784
Alexis,Nichols,alexis.nichols@goldenchapmanandgonzalez.example.com,Golden Chapman and Gonzalez,Owner,Google Ads,google,cpc,msp_q2_search_nonbrand,MSP,Unassigned,74,2026-05-21,lead,ACME-L00785
Amy,Hughes,amy.hughes@obrienalvarez.example.com,Obrien-Alvarez,Operations Manager,Meta Ads,facebook,paid_social,msp_q2_leadgen,MSP,IL,61,2026-05-21,lead,ACME-L00786
Jenny,Edwards,jenny.edwards@nicholschan.example.com,Nichols-Chan,COO,Google Ads,google,cpc,msp_q2_search_nonbrand,MSP,MA,94,2026-05-21,lead,ACME-L00787
Amanda,Garcia,amanda.garcia@wuinc.example.com,Wu Inc,Operations Manager,Google Ads,google,cpc,msp_q2_search_brand,MSP,IL,94,2026-05-21,lead,ACME-L00788
Courtney,Ayala,courtney.ayala@alvaradofoster.example.com,Alvarado-Foster,COO,Google Ads,google,cpc,msp_q2_search_brand,MSP,TX,67,2026-05-21,lead,ACME-L00789
Andres,Lowe,andres.lowe@shepherdltd.example.com,Shepherd Ltd,COO,Meta Ads,facebook,paid_social,msp_q2_leadgen,MSP,NY,88,2026-05-21,lead,ACME-L00790
Laura,Young,laura.young@armstronggarciaandconner.example.com,Armstrong Garcia and Conner,Office Manager,Outbound,,,,MSP,MA,82,2026-05-21,lead,ACME-L00791
Tyler,Valenzuela,tyler.valenzuela@grayfox.example.com,Gray-Fox,IT Manager,Google Ads,google,cpc,msp_q2_search_brand,MSP,TX,94,2026-05-21,lead,ACME-L00792
Matthew,Brown,matthew.brown@sullivanshelton.example.com,Sullivan-Shelton,Operations Manager,Outbound,,,,MSP,CA,63,2026-05-21,lead,ACME-L00793
Melissa,Charles,melissa.charles@millerandsons.example.com,Miller and Sons,,Google Ads,google,cpc,msp_q2_search_brand,MSP,TX,94,2026-05-21,lead,ACME-L00794
Steven,Mack,steven.mack@morganhansen.example.com,Morgan-Hansen,COO,Outbound,,,,MSP,NY,63,2026-05-21,lead,ACME-L00795
Stephanie,Stevens,stephanie.stevens@williamsmiles.example.com,Williams-Miles,IT Manager,Google Ads,google,cpc,,MSP,CA,64,2026-05-21,salesqualifiedlead,ACME-L00796
Matthew,Smith,matthew.smith@smithriley.example.com,Smith-Riley,Practice Manager,Call Tracking,callrail,phone,local_services,MSP,FL,97,2026-05-21,salesqualifiedlead,ACME-L00797
Kathryn,Rios,kathryn.rios@wallsrodriguez.example.com,Walls-Rodriguez,IT Director,Google Ads,google,cpc,msp_q2_search_brand,MSP,NY,67,2026-05-21,lead,ACME-L00798
Larry,Jones,larry.jones@hendersonphillipsandsmit.example.com,Henderson Phillips and Smith,IT Manager,Outbound,,,,MSP,CA,60,2026-05-21,lead,ACME-L00799
Jacob,Spencer,jacob.spencer@rodriguezowen.example.com,Rodriguez-Owen,IT Director,Google Ads,google,cpc,,MSP,NJ,67,2026-05-21,lead,ACME-L00800
Scott,Lee,scott.lee@daviswilliams.example.com,Davis-Williams,IT Director,Referral,,,,MSP,Unassigned,53,2026-05-21,lead,ACME-L00801
Joanna,Greer,joanna.greer@conradholt.example.com,Conrad-Holt,Practice Manager,Call Tracking,callrail,phone,local_services,MSP,FL,69,2026-05-21,opportunity,ACME-L00802
Tina,Elliott,tina.elliott@millerlove.example.com,Miller-Love,Office Manager,Google Ads,google,cpc,msp_q2_search_brand,MSP,TX,37,2026-05-21,lead,ACME-L00803
Kevin,Jackson,kevin.jackson@griffincarroll.example.com,Griffin-Carroll,IT Manager,Google Ads,google,cpc,msp_q2_search_nonbrand,MSP,Unassigned,94,2026-05-21,lead,ACME-L00804
Bailey,Hall,bailey.hall@glennhernandezandjarvis.example.com,Glenn Hernandez and Jarvis,,Meta Ads,facebook,paid_social,msp_q2_leadgen,MSP,TX,88,2026-05-21,lead,ACME-L00805
Rebecca,Reyes,rebecca.reyes@smithandsons.example.com,Smith and Sons,Office Manager,Referral,,,,MSP,MA,73,2026-05-21,lead,ACME-L00806
Courtney,Bennett,courtney.bennett@medinaallenandrobinson.example.com,Medina Allen and Robinson,CFO,Outbound,,,,MSP,NJ,63,2026-05-21,lead,ACME-L00807
Donna,Dean,donna.dean@richardsonplc.example.com,Richardson PLC,Operations Manager,Referral,,,,MSP,NY,73,2026-05-22,lead,ACME-L00808
Amy,Blake,amy.blake@hillllc.example.com,Hill LLC,IT Manager,Google Ads,google,cpc,msp_q2_search_brand,MSP,NJ,94,2026-05-22,salesqualifiedlead,ACME-L00809
Jennifer,Hill,jennifer.hill@garzallc.example.com,Garza LLC,CFO,Google Ads,google,cpc,msp_q2_search_nonbrand,MSP,NY,94,2026-05-22,lead,ACME-L00810
Amy,Morales,amy.morales@davismaddox.example.com,Davis-Maddox,IT Director,Google Ads,google,cpc,msp_q2_search_brand,MSP,NY,57,2026-05-22,lead,ACME-L00811
Joseph,Walton,joseph.walton@roybooth.example.com,Roy-Booth,IT Manager,Meta Ads,facebook,paid_social,msp_q2_leadgen,MSP,IL,88,2026-05-22,lead,ACME-L00812
Lindsey,Rush,lindsey.rush@ryannorris.example.com,Ryan-Norris,Owner,Outbound,,,,MSP,NJ,63,2026-05-22,salesqualifiedlead,ACME-L00813
Christine,Lee,christine.lee@costabeard.example.com,Costa-Beard,Practice Manager,Referral,,,,MSP,TX,100,2026-05-22,salesqualifiedlead,ACME-L00814
Sarah,Johnson,sarah.johnson@mitchellgroup.example.com,Mitchell Group,CFO,Google Ads,google,cpc,msp_q2_search_brand,MSP,CA,59,2026-05-22,lead,ACME-L00815
Charles,Velasquez,charles.velasquez@burkeinc.example.com,Burke Inc,COO,Google Ads,google,cpc,msp_q2_search_nonbrand,MSP,CA,42,2026-05-22,opportunity,ACME-L00816
Robert,Fletcher,robert.fletcher@johnsonthompson.example.com,Johnson-Thompson,Office Manager,Google Ads,google,cpc,msp_q2_search_brand,MSP,MA,67,2026-05-22,lead,ACME-L00817
Nicholas,Williams,nicholas.williams@normanknappandlove.example.com,Norman Knapp and Love,IT Manager,Google Ads,google,cpc,msp_q2_search_brand,MSP,NY,67,2026-05-22,lead,ACME-L00818
Austin,Taylor,austin.taylor@kochinc.example.com,Koch Inc,COO,Outbound,,,,MSP,MA,90,2026-05-22,lead,ACME-L00819
Sandra,Andrews,sandra.andrews@lewiscruzandterrell.example.com,Lewis Cruz and Terrell,Office Manager,Meta Ads,facebook,paid_social,msp_q2_leadgen,MSP,NY,61,2026-05-22,lead,ACME-L00820
Tara,Castaneda,tara.castaneda@bernardjones.example.com,Bernard-Jones,,Outbound,,,,MSP,MA,90,2026-05-22,opportunity,ACME-L00821
David,Taylor,david.taylor@hamiltonltd.example.com,Hamilton Ltd,Office Manager,Google Ads,google,cpc,msp_q2_search_nonbrand,MSP,TX,37,2026-05-22,salesqualifiedlead,ACME-L00822
Marissa,Pham,marissa.pham@gilesconwayandmcgee.example.com,Giles Conway and Mcgee,CFO,Google Ads,google,cpc,,MSP,Unassigned,94,2026-05-22,lead,ACME-L00823
Joseph,Brooks,joseph.brooks@johnsonplc.example.com,Johnson PLC,Office Manager,Meta Ads,facebook,paid_social,msp_q2_leadgen,MSP,MA,75,2026-05-22,lead,ACME-L00824
Lindsay,Williams,lindsay.williams@browngriffinandpeters.example.com,Brown Griffin and Peters,Owner,Google Ads,google,cpc,msp_q2_search_nonbrand,MSP,NJ,90,2026-05-22,lead,ACME-L00825
Cameron,Gutierrez,cameron.gutierrez@lewisltd.example.com,Lewis Ltd,IT Director,Google Ads,google,cpc,,MSP,NJ,94,2026-05-22,salesqualifiedlead,ACME-L00826
James,Zimmerman,james.zimmerman@daviswillis.example.com,Davis-Willis,Operations Manager,Call Tracking,callrail,phone,gbp_listing,MSP,NY,97,2026-05-23,lead,ACME-L00827
Shirley,Alexander,shirley.alexander@garciaandsons.example.com,Garcia and Sons,Office Manager,Google Ads,google,cpc,msp_q2_search_nonbrand,MSP,CA,94,2026-05-23,lead,ACME-L00828
Marc,Fuller,marc.fuller@salazarbyrd.example.com,Salazar-Byrd,Operations Manager,Referral,,,,MSP,NY,73,2026-05-23,salesqualifiedlead,ACME-L00829
Gregg,Torres,gregg.torres@lewisltd.example.com,Lewis Ltd,COO,Referral,,,,MSP,Unassigned,100,2026-05-23,lead,ACME-L00830
William,Hernandez,william.hernandez@wilsonbennettandcollins.example.com,Wilson Bennett and Collins,CFO,Meta Ads,facebook,paid_social,msp_q2_leadgen,MSP,IL,61,2026-05-23,lead,ACME-L00831
Kristen,Anderson,kristen.anderson@mcdonaldshah.example.com,Mcdonald-Shah,Operations Manager,Google Ads,google,cpc,msp_q2_search_nonbrand,MSP,NJ,94,2026-05-23,salesqualifiedlead,ACME-L00832
Maria,Perez,maria.perez@collierjohnson.example.com,Collier-Johnson,IT Director,Google Ads,google,cpc,msp_q2_search_brand,MSP,NY,94,2026-05-23,lead,ACME-L00833
Meagan,Clarke,meagan.clarke@hamptongroup.example.com,Hampton Group,IT Director,Google Ads,google,cpc,msp_q2_search_brand,MSP,CA,67,2026-05-23,lead,ACME-L00834
Zachary,Stevens,zachary.stevens@simsltd.example.com,Sims Ltd,,Outbound,,,,MSP,MA,86,2026-05-24,salesqualifiedlead,ACME-L00835
Lisa,York,lisa.york@lovefoster.example.com,Love-Foster,Owner,Referral,,,,MSP,NY,73,2026-05-24,lead,ACME-L00836
Kyle,Scott,kyle.scott@roblesmannandball.example.com,Robles Mann and Ball,IT Manager,Meta Ads,facebook,paid_social,msp_q2_leadgen,MSP,MA,61,2026-05-24,lead,ACME-L00837
Cody,Mueller,cody.mueller@blackgroup.example.com,Black Group,IT Director,Google Ads,google,cpc,msp_q2_search_nonbrand,MSP,TX,64,2026-05-24,lead,ACME-L00838
Todd,Sparks,todd.sparks@parkerhutchinson.example.com,Parker-Hutchinson,Office Manager,Google Ads,google,cpc,msp_q2_search_brand,MSP,NJ,67,2026-05-24,lead,ACME-L00839
George,Bell,george.bell@douglasinc.example.com,Douglas Inc,Practice Manager,Google Ads,google,cpc,msp_q2_search_brand,MSP,MA,94,2026-05-24,lead,ACME-L00840
Jacob,Little,jacob.little@francophillips.example.com,Franco-Phillips,IT Director,Google Ads,google,cpc,msp_q2_search_brand,MSP,MA,94,2026-05-24,lead,ACME-L00841
Robert,Smith,robert.smith@hillwright.example.com,Hill-Wright,IT Manager,Outbound,,,,MSP,TX,90,2026-05-25,lead,ACME-L00842
Joseph,Proctor,joseph.proctor@collinsgroup.example.com,Collins Group,,Meta Ads,facebook,paid_social,msp_q2_leadgen,MSP,CA,58,2026-05-25,salesqualifiedlead,ACME-L00843
Katherine,Day,katherine.day@gomezllc.example.com,Gomez LLC,Office Manager,Google Ads,google,cpc,msp_q2_search_brand,MSP,MA,94,2026-05-25,lead,ACME-L00844
Daryl,Green,daryl.green@ellisplc.example.com,Ellis PLC,Operations Manager,Google Ads,google,cpc,msp_q2_search_brand,MSP,CA,94,2026-05-25,opportunity,ACME-L00845
Tammy,Mckee,tammy.mckee@williamsinc.example.com,Williams Inc,IT Manager,Referral,,,,MSP,NJ,100,2026-05-25,lead,ACME-L00846
Charles,Oliver,charles.oliver@mcbrideinc.example.com,Mcbride Inc,CFO,Google Ads,google,cpc,msp_q2_search_brand,MSP,NJ,94,2026-05-25,lead,ACME-L00847
John,Matthews,john.matthews@christensenabbott.example.com,Christensen-Abbott,IT Manager,Referral,,,,MSP,TX,73,2026-05-25,customer,ACME-L00848
Michael,Nunez,michael.nunez@diazharrisandjackson.example.com,Diaz Harris and Jackson,IT Director,Outbound,,,,MSP,CA,56,2026-05-25,lead,ACME-L00849
Nathan,Erickson,nathan.erickson@mcculloughandsons.example.com,Mccullough and Sons,Office Manager,Referral,,,,MSP,NY,73,2026-05-25,lead,ACME-L00850
Brian,Davenport,brian.davenport@coxcherry.example.com,Cox-Cherry,IT Director,Google Ads,google,cpc,msp_q2_search_brand,MSP,NY,94,2026-05-25,lead,ACME-L00851
Stephanie,Morrow,stephanie.morrow@smithjones.example.com,Smith-Jones,IT Manager,Google Ads,google,cpc,msp_q2_search_nonbrand,MSP,NJ,94,2026-05-25,lead,ACME-L00852
Tina,Myers,tina.myers@skinnerhernandezandlloyd.example.com,Skinner Hernandez and Lloyd,CFO,Google Ads,google,cpc,msp_q2_search_brand,MSP,IL,67,2026-05-25,lead,ACME-L00853
Cassidy,Hicks,cassidy.hicks@josephingram.example.com,Joseph-Ingram,,Meta Ads,facebook,paid_social,msp_q2_leadgen,MSP,IL,61,2026-05-25,lead,ACME-L00854
Crystal,Peterson,crystal.peterson@rodriguezwalker.example.com,Rodriguez-Walker,IT Director,Outbound,,,,MSP,IL,90,2026-05-25,lead,ACME-L00855
Katie,Guerra,katie.guerra@estradageorgeandmurray.example.com,Estrada George and Murray,Owner,Referral,,,,MSP,IL,100,2026-05-25,opportunity,ACME-L00856
Tammy,Joseph,tammy.joseph@kruegerllc.example.com,Krueger LLC,CFO,Google Ads,google,cpc,msp_q2_search_brand,MSP,MA,67,2026-05-25,salesqualifiedlead,ACME-L00857
Richard,Miller,richard.miller@bentleyjenkins.example.com,Bentley-Jenkins,Practice Manager,Google Ads,google,cpc,msp_q2_search_nonbrand,MSP,FL,82,2026-05-25,lead,ACME-L00858
Carla,Chavez,carla.chavez@floresplc.example.com,Flores PLC,Office Manager,Meta Ads,facebook,paid_social,msp_q2_leadgen,MSP,TX,88,2026-05-25,lead,ACME-L00859
Thomas,Hunt,thomas.hunt@vaughanhall.example.com,Vaughan-Hall,IT Director,Google Ads,google,cpc,msp_q2_search_brand,MSP,IL,64,2026-05-25,lead,ACME-L00860
Brian,Page,brian.page@campbellltd.example.com,Campbell Ltd,IT Manager,Google Ads,google,cpc,msp_q2_search_brand,MSP,MA,94,2026-05-25,lead,ACME-L00861
Heather,Anderson,heather.anderson@webbthorntonandsmith.example.com,Webb Thornton and Smith,CFO,Outbound,,,,MSP,IL,63,2026-05-25,lead,ACME-L00862
Elizabeth,Brennan,elizabeth.brennan@woodmartin.example.com,Wood-Martin,Office Manager,Google Ads,google,cpc,msp_q2_search_nonbrand,MSP,NY,94,2026-05-25,customer,ACME-L00863
Jose,Randall,jose.randall@beckbradshawandcannon.example.com,Beck Bradshaw and Cannon,Practice Manager,Referral,,,,MSP,NY,73,2026-05-25,lead,ACME-L00864
Greg,Lester,greg.lester@smithandsons.example.com,Smith and Sons,Office Manager,Referral,,,,MSP,MA,73,2026-05-26,salesqualifiedlead,ACME-L00865
Kyle,Barber,kyle.barber@thomasltd.example.com,Thomas Ltd,IT Manager,Referral,,,,MSP,NY,57,2026-05-26,salesqualifiedlead,ACME-L00866
Manuel,Thompson,manuel.thompson@cherryplc.example.com,Cherry PLC,Owner,Meta Ads,facebook,paid_social,msp_q2_leadgen,MSP,CA,61,2026-05-26,lead,ACME-L00867
Ronald,Torres,ronald.torres@alvaradostrong.example.com,Alvarado-Strong,Practice Manager,Google Ads,google,cpc,msp_q2_search_nonbrand,MSP,MA,67,2026-05-26,lead,ACME-L00868
Alexandra,Everett,alexandra.everett@maddenchavezandramirez.example.com,Madden Chavez and Ramirez,Practice Manager,Referral,,,,MSP,TX,73,2026-05-26,opportunity,ACME-L00869
Mary,Chapman,mary.chapman@russocaldwell.example.com,Russo-Caldwell,Office Manager,Google Ads,google,cpc,,MSP,NY,55,2026-05-26,lead,ACME-L00870
Jennifer,Newton,jennifer.newton@martinthompson.example.com,Martin-Thompson,IT Director,Google Ads,google,cpc,msp_q2_search_nonbrand,MSP,MA,75,2026-05-26,customer,ACME-L00871
James,Ramirez,james.ramirez@prestondurham.example.com,Preston-Durham,IT Director,Referral,,,,MSP,NJ,73,2026-05-26,lead,ACME-L00872
Victor,Jacobs,victor.jacobs@yangmedinaandyoung.example.com,Yang Medina and Young,,Referral,,,,MSP,NY,100,2026-05-26,lead,ACME-L00873
Veronica,Nichols,veronica.nichols@carlsonalexander.example.com,Carlson-Alexander,IT Director,Google Ads,google,cpc,msp_q2_search_nonbrand,MSP,IL,67,2026-05-26,opportunity,ACME-L00874
Michael,Pierce,michael.pierce@hicksreid.example.com,Hicks-Reid,Owner,Google Ads,google,cpc,msp_q2_search_nonbrand,MSP,TX,67,2026-05-26,opportunity,ACME-L00875
Denise,Atkins,denise.atkins@ballhensleyandjackson.example.com,Ball Hensley and Jackson,CFO,Google Ads,google,cpc,msp_q2_search_brand,MSP,NY,94,2026-05-26,lead,ACME-L00876
Reginald,Gonzalez,reginald.gonzalez@adamsbushandrobinson.example.com,Adams Bush and Robinson,Owner,Outbound,,,,MSP,Unassigned,70,2026-05-26,lead,ACME-L00877
Janet,Kim,janet.kim@raykelly.example.com,Ray-Kelly,COO,Call Tracking,callrail,phone,local_services,MSP,CA,70,2026-05-26,lead,ACME-L00878
Brian,Dominguez,brian.dominguez@jenningsmoore.example.com,Jennings-Moore,IT Manager,Google Ads,google,cpc,msp_q2_search_nonbrand,MSP,CA,37,2026-05-26,lead,ACME-L00879
Randy,Gallagher,randy.gallagher@smithrobinson.example.com,Smith-Robinson,CFO,Google Ads,google,cpc,,MSP,NY,67,2026-05-26,lead,ACME-L00880
Dawn,Jenkins,dawn.jenkins@villarrealllc.example.com,Villarreal LLC,IT Manager,Call Tracking,callrail,phone,gbp_listing,MSP,MA,70,2026-05-26,lead,ACME-L00881
Shelly,Rivera,shelly.rivera@wardltd.example.com,Ward Ltd,COO,Google Ads,google,cpc,msp_q2_search_brand,MSP,Unassigned,74,2026-05-26,lead,ACME-L00882
Kimberly,Parker,kimberly.parker@scottdawsonandhines.example.com,Scott Dawson and Hines,COO,Referral,,,,MSP,NY,100,2026-05-26,opportunity,ACME-L00883
Teresa,Smith,teresa.smith@lucasdunnandstewart.example.com,Lucas Dunn and Stewart,Office Manager,Outbound,,,,MSP,IL,90,2026-05-27,lead,ACME-L00884
Kathy,Johnson,kathy.johnson@davischristianandfitzger.example.com,Davis Christian and Fitzgerald,IT Director,Referral,,,,MSP,NY,100,2026-05-27,customer,ACME-L00885
Debra,Mata,debra.mata@williamsdiazandjenkins.example.com,Williams Diaz and Jenkins,Owner,Referral,,,,MSP,NY,100,2026-05-27,lead,ACME-L00886
Eric,Hopkins,eric.hopkins@jonesinc.example.com,Jones Inc,,Call Tracking,callrail,phone,gbp_listing,MSP,TX,,2026-05-27,lead,ACME-L00887
Matthew,Savage,matthew.savage@fostercox.example.com,Foster-Cox,,Outbound,,,,MSP,MA,63,2026-05-27,lead,ACME-L00888
Brent,Robinson,brent.robinson@morsecookeandpowell.example.com,Morse Cooke and Powell,CFO,Google Ads,google,cpc,msp_q2_search_brand,MSP,FL,94,2026-05-27,lead,ACME-L00889
Mary,Phillips,mary.phillips@castroltd.example.com,Castro Ltd,IT Manager,Google Ads,google,cpc,msp_q2_search_brand,MSP,NY,94,2026-05-27,lead,ACME-L00890
James,Williams,james.williams@gatesscott.example.com,Gates-Scott,IT Director,Google Ads,google,cpc,msp_q2_search_nonbrand,MSP,FL,73,2026-05-27,lead,ACME-L00891
Todd,Macdonald,todd.macdonald@campbellrivera.example.com,Campbell-Rivera,IT Manager,Google Ads,google,cpc,msp_q2_search_nonbrand,MSP,NJ,67,2026-05-27,lead,ACME-L00892
Laura,Kirby,laura.kirby@marksdanielsandbartlett.example.com,Marks Daniels and Bartlett,Owner,Meta Ads,facebook,paid_social,msp_q2_leadgen,MSP,CA,55,2026-05-27,lead,ACME-L00893
Peter,Smith,peter.smith@gatesandsons.example.com,Gates and Sons,Practice Manager,Referral,,,,MSP,NJ,73,2026-05-27,lead,ACME-L00894
Aaron,Walker,aaron.walker@wallerfox.example.com,Waller-Fox,IT Manager,Call Tracking,callrail,phone,local_services,MSP,NY,70,2026-05-27,lead,ACME-L00895
Javier,Flowers,javier.flowers@vasquezbraunandhowell.example.com,Vasquez Braun and Howell,Operations Manager,Google Ads,google,cpc,msp_q2_search_nonbrand,MSP,FL,94,2026-05-27,lead,ACME-L00896
Hannah,Butler,hannah.butler@webbbrown.example.com,Webb-Brown,Owner,Referral,,,,MSP,TX,73,2026-05-27,salesqualifiedlead,ACME-L00897
Steven,Morales,steven.morales@langinc.example.com,Lang Inc,Operations Manager,Google Ads,google,cpc,msp_q2_search_brand,MSP,NY,67,2026-05-27,lead,ACME-L00898
Luke,Richardson,luke.richardson@hollandllc.example.com,Holland LLC,CFO,Google Ads,google,cpc,msp_q2_search_brand,MSP,TX,94,2026-05-28,lead,ACME-L00899
Anna,Bailey,anna.bailey@martinphillipsandramos.example.com,Martin Phillips and Ramos,IT Director,Meta Ads,facebook,paid_social,msp_q2_leadgen,MSP,NJ,88,2026-05-28,lead,ACME-L00900
Anthony,Frazier,anthony.frazier@zunigaandsons.example.com,Zuniga and Sons,Operations Manager,Meta Ads,facebook,paid_social,msp_q2_leadgen,MSP,TX,55,2026-05-28,lead,ACME-L00901
Anthony,Stewart,anthony.stewart@rossbentleyandmarks.example.com,Ross Bentley and Marks,Office Manager,Outbound,,,,MSP,TX,33,2026-05-28,lead,ACME-L00902
Elizabeth,Sanders,elizabeth.sanders@sandersperryandmay.example.com,Sanders Perry and May,Owner,Meta Ads,facebook,paid_social,msp_q2_leadgen,MSP,IL,61,2026-05-28,opportunity,ACME-L00903
Rebecca,Riley,rebecca.riley@saundershubbard.example.com,Saunders-Hubbard,COO,Meta Ads,facebook,paid_social,msp_q2_leadgen,MSP,MA,39,2026-05-28,lead,ACME-L00904
James,Middleton,james.middleton@hopkinschurchandjones.example.com,Hopkins Church and Jones,IT Manager,Referral,,,,MSP,FL,70,2026-05-28,lead,ACME-L00905
Michael,Schroeder,michael.schroeder@whitecarpenterandarcher.example.com,White Carpenter and Archer,Operations Manager,Google Ads,google,cpc,msp_q2_search_brand,MSP,CA,88,2026-05-28,lead,ACME-L00906
John,Brown,john.brown@campbellshawandgarcia.example.com,Campbell Shaw and Garcia,CFO,Google Ads,google,cpc,msp_q2_search_brand,MSP,IL,94,2026-05-28,lead,ACME-L00907
Dana,Stephens,dana.stephens@greenpayneandmontes.example.com,Green Payne and Montes,IT Director,Outbound,,,,MSP,TX,63,2026-05-28,lead,ACME-L00908
Shawn,Pacheco,shawn.pacheco@garciaandsons.example.com,Garcia and Sons,Practice Manager,Meta Ads,facebook,paid_social,msp_q2_leadgen,MSP,CA,88,2026-05-28,lead,ACME-L00909
Lisa,Ross,lisa.ross@perezandsons.example.com,Perez and Sons,,Meta Ads,facebook,paid_social,msp_q2_leadgen,MSP,TX,61,2026-05-28,lead,ACME-L00910
Erica,James,erica.james@banksballard.example.com,Banks-Ballard,Practice Manager,Outbound,,,,MSP,CA,90,2026-05-29,lead,ACME-L00911
Michelle,Miller,michelle.miller@carpenterbrownandharris.example.com,Carpenter Brown and Harris,Practice Manager,Referral,,,,MSP,FL,100,2026-05-29,lead,ACME-L00912
David,Walker,david.walker@hammondcarrillo.example.com,Hammond-Carrillo,IT Director,Outbound,,,,MSP,CA,63,2026-05-29,lead,ACME-L00913
Angel,Martin,angel.martin@ayersgroup.example.com,Ayers Group,IT Director,Referral,,,,MSP,IL,73,2026-05-29,salesqualifiedlead,ACME-L00914
Tracey,Navarro,tracey.navarro@doylelowe.example.com,Doyle-Lowe,,Meta Ads,facebook,paid_social,msp_q2_leadgen,MSP,TX,61,2026-05-29,lead,ACME-L00915
Zachary,Martinez,zachary.martinez@wardltd.example.com,Ward Ltd,IT Manager,Meta Ads,facebook,paid_social,msp_q2_leadgen,MSP,Unassigned,68,2026-05-29,lead,ACME-L00916
Susan,Hernandez,susan.hernandez@allenmartinez.example.com,Allen-Martinez,COO,Meta Ads,facebook,paid_social,msp_q2_leadgen,MSP,NY,61,2026-05-29,salesqualifiedlead,ACME-L00917
Cory,Bennett,cory.bennett@bakersmith.example.com,Baker-Smith,CFO,Google Ads,google,cpc,msp_q2_search_nonbrand,MSP,NJ,67,2026-05-29,lead,ACME-L00918
Blake,Chavez,blake.chavez@craneadamsandnguyen.example.com,Crane Adams and Nguyen,IT Manager,Google Ads,google,cpc,msp_q2_search_brand,MSP,MA,67,2026-05-29,lead,ACME-L00919
Tiffany,Mack,tiffany.mack@snyderplc.example.com,Snyder PLC,Practice Manager,Google Ads,google,cpc,msp_q2_search_nonbrand,MSP,NY,94,2026-05-29,lead,ACME-L00920
Michael,Clark,michael.clark@vaughninc.example.com,Vaughn Inc,Operations Manager,Referral,,,,MSP,TX,100,2026-05-29,lead,ACME-L00921
Kristin,King,kristin.king@andrewsinc.example.com,Andrews Inc,Owner,Outbound,,,,MSP,MA,,2026-05-29,lead,ACME-L00922
Douglas,Rodriguez,douglas.rodriguez@jonessmithandward.example.com,Jones Smith and Ward,Owner,Outbound,,,,MSP,NJ,90,2026-05-29,salesqualifiedlead,ACME-L00923
Angela,Hoover,angela.hoover@schmidthall.example.com,Schmidt-Hall,CFO,Google Ads,google,cpc,msp_q2_search_brand,MSP,NY,55,2026-05-29,salesqualifiedlead,ACME-L00924
Lynn,Anderson,lynn.anderson@nortonalvarez.example.com,Norton-Alvarez,Owner,Google Ads,google,cpc,msp_q2_search_brand,MSP,MA,61,2026-05-29,lead,ACME-L00925
Caleb,Daugherty,caleb.daugherty@moodyboothandkelly.example.com,Moody Booth and Kelly,Office Manager,Meta Ads,facebook,paid_social,msp_q2_leadgen,MSP,NY,55,2026-05-29,lead,ACME-L00926
Derrick,Grimes,derrick.grimes@fisherrichardsonanddougl.example.com,Fisher Richardson and Douglas,IT Manager,Google Ads,google,cpc,msp_q2_search_brand,MSP,NJ,,2026-05-29,lead,ACME-L00927
Barbara,Williams,barbara.williams@thomasmatthews.example.com,Thomas-Matthews,,Google Ads,google,cpc,msp_q2_search_brand,MSP,TX,67,2026-05-29,lead,ACME-L00928
Alex,Gay,alex.gay@jacksonjones.example.com,Jackson-Jones,Office Manager,Google Ads,google,cpc,msp_q2_search_nonbrand,MSP,CA,75,2026-05-29,lead,ACME-L00929
Michael,Cole,michael.cole@garciamckeeandaguilar.example.com,Garcia Mckee and Aguilar,IT Director,Meta Ads,facebook,paid_social,msp_q2_leadgen,MSP,Unassigned,61,2026-05-29,lead,ACME-L00930
Dillon,Johnson,dillon.johnson@delgadokingandsanchez.example.com,Delgado King and Sanchez,Operations Manager,Google Ads,google,cpc,msp_q2_search_nonbrand,MSP,FL,67,2026-05-29,lead,ACME-L00931
James,Martinez,james.martinez@campbellplc.example.com,Campbell PLC,Office Manager,Google Ads,google,cpc,msp_q2_search_nonbrand,MSP,CA,67,2026-05-29,lead,ACME-L00932
Annette,Stewart,annette.stewart@medinagrantandburton.example.com,Medina Grant and Burton,CFO,Google Ads,google,cpc,msp_q2_search_brand,MSP,FL,47,2026-05-29,lead,ACME-L00933
Jane,Ford,jane.ford@vazquezprinceandjohnson.example.com,Vazquez Prince and Johnson,Office Manager,Call Tracking,callrail,phone,gbp_listing,MSP,CA,97,2026-05-30,lead,ACME-L00934
Connor,Jackson,connor.jackson@hernandezfitzgerald.example.com,Hernandez-Fitzgerald,COO,Outbound,,,,MSP,NJ,51,2026-05-31,lead,ACME-L00935
Peter,Miller,peter.miller@thomasjonesandjones.example.com,Thomas Jones and Jones,IT Director,Google Ads,google,cpc,msp_q2_search_nonbrand,MSP,NY,94,2026-05-31,lead,ACME-L00936
Tammy,Cooper,tammy.cooper@johnsongeorge.example.com,Johnson-George,Operations Manager,Call Tracking,callrail,phone,local_services,MSP,CA,70,2026-05-31,lead,ACME-L00937
Tammy,Gonzalez,tammy.gonzalez@maywaltersandbush.example.com,May Walters and Bush,,Referral,,,,MSP,NY,100,2026-05-31,opportunity,ACME-L00938
Rebecca,Rodriguez,rebecca.rodriguez@stevensnguyen.example.com,Stevens-Nguyen,Operations Manager,Meta Ads,facebook,paid_social,msp_q2_leadgen,MSP,FL,88,2026-05-31,lead,ACME-L00939
Emily,Stephenson,emily.stephenson@cookpadilla.example.com,Cook-Padilla,,Outbound,,,,MSP,MA,63,2026-05-31,lead,ACME-L00940
Deanna,Burton,deanna.burton@smithgillespie.example.com,Smith-Gillespie,IT Manager,Google Ads,google,cpc,msp_q2_search_nonbrand,MSP,Unassigned,74,2026-05-31,lead,ACME-L00941
Lauren,Garcia,lauren.garcia@wilkinsonkelleyandhughes.example.com,Wilkinson Kelley and Hughes,COO,Google Ads,google,cpc,msp_q2_search_nonbrand,MSP,FL,94,2026-06-01,customer,ACME-L00942
Willie,Taylor,willie.taylor@allenplc.example.com,Allen PLC,Operations Manager,Call Tracking,callrail,phone,gbp_listing,MSP,NJ,70,2026-06-01,salesqualifiedlead,ACME-L00943
Sarah,Thomas,sarah.thomas@hamiltonreid.example.com,Hamilton-Reid,IT Director,Outbound,,,,MSP,TX,63,2026-06-01,lead,ACME-L00944
Alicia,Thomas,alicia.thomas@morenomendozaandhancock.example.com,Moreno Mendoza and Hancock,Practice Manager,Google Ads,google,cpc,msp_q2_search_brand,MSP,MA,78,2026-06-01,lead,ACME-L00945
Lindsay,Fernandez,lindsay.fernandez@moragregory.example.com,Mora-Gregory,Practice Manager,Call Tracking,callrail,phone,local_services,MSP,NY,67,2026-06-01,lead,ACME-L00946
Marc,Lucas,marc.lucas@jamesandsons.example.com,James and Sons,Owner,Google Ads,google,cpc,msp_q2_search_nonbrand,MSP,IL,94,2026-06-01,lead,ACME-L00947
Mitchell,Hughes,mitchell.hughes@lynchhartmanandgreen.example.com,Lynch Hartman and Green,Owner,Meta Ads,facebook,paid_social,msp_q2_leadgen,MSP,MA,61,2026-06-01,lead,ACME-L00948
Megan,Hayden,megan.hayden@laraandsons.example.com,Lara and Sons,,Call Tracking,callrail,phone,local_services,MSP,MA,70,2026-06-01,lead,ACME-L00949
Kirk,Garcia,kirk.garcia@osborneinc.example.com,Osborne Inc,Operations Manager,Google Ads,google,cpc,msp_q2_search_nonbrand,MSP,NJ,67,2026-06-01,lead,ACME-L00950
Heather,Pierce,heather.pierce@smithdawsonandpacheco.example.com,Smith Dawson and Pacheco,IT Director,Meta Ads,facebook,paid_social,msp_q2_leadgen,MSP,NY,61,2026-06-01,lead,ACME-L00951
Fred,Powell,fred.powell@floresanderson.example.com,Flores-Anderson,Operations Manager,Google Ads,google,cpc,,MSP,TX,67,2026-06-01,lead,ACME-L00952
Joshua,Herrera,joshua.herrera@gutierrezinc.example.com,Gutierrez Inc,Practice Manager,Referral,,,,MSP,NY,100,2026-06-01,salesqualifiedlead,ACME-L00953
Franklin,Soto,franklin.soto@galvanwright.example.com,Galvan-Wright,COO,Google Ads,google,cpc,msp_q2_search_brand,MSP,MA,,2026-06-01,lead,ACME-L00954
Stephanie,Dixon,stephanie.dixon@campbellltd.example.com,Campbell Ltd,Office Manager,Referral,,,,MSP,MA,100,2026-06-01,salesqualifiedlead,ACME-L00955
James,Vargas,james.vargas@duffyruiz.example.com,Duffy-Ruiz,Office Manager,Call Tracking,callrail,phone,gbp_listing,MSP,FL,97,2026-06-01,lead,ACME-L00956
William,Joseph,william.joseph@robinsonjordanandgutierr.example.com,Robinson Jordan and Gutierrez,Operations Manager,Google Ads,google,cpc,msp_q2_search_brand,MSP,CA,94,2026-06-01,lead,ACME-L00957
Traci,Carrillo,traci.carrillo@thompsonllc.example.com,Thompson LLC,COO,Google Ads,google,cpc,msp_q2_search_nonbrand,MSP,NJ,94,2026-06-01,lead,ACME-L00958
Christopher,Rivera,christopher.rivera@gonzalezllc.example.com,Gonzalez LLC,Practice Manager,Google Ads,google,cpc,msp_q2_search_nonbrand,MSP,TX,94,2026-06-01,salesqualifiedlead,ACME-L00959
Elizabeth,Aguilar,elizabeth.aguilar@johnsonltd.example.com,Johnson Ltd,Practice Manager,Outbound,,,,MSP,MA,40,2026-06-01,lead,ACME-L00960
Tim,Kane,tim.kane@whitedavis.example.com,White-Davis,Operations Manager,Referral,,,,MSP,NJ,73,2026-06-01,lead,ACME-L00961
Erica,Peterson,erica.peterson@gibbslawrence.example.com,Gibbs-Lawrence,Office Manager,Referral,,,,MSP,NJ,100,2026-06-02,opportunity,ACME-L00962
Kimberly,Harris,kimberly.harris@evansbrownandscott.example.com,Evans Brown and Scott,IT Manager,Meta Ads,facebook,paid_social,msp_q2_leadgen,MSP,TX,88,2026-06-02,lead,ACME-L00963
Autumn,Smith,autumn.smith@huffmanbyrdandroberts.example.com,Huffman Byrd and Roberts,COO,Call Tracking,callrail,phone,gbp_listing,MSP,NJ,69,2026-06-02,lead,ACME-L00964
Mary,Stevenson,mary.stevenson@florescooper.example.com,Flores-Cooper,CFO,Google Ads,google,cpc,msp_q2_search_brand,MSP,Unassigned,74,2026-06-02,lead,ACME-L00965
Peter,Coleman,peter.coleman@kempgroup.example.com,Kemp Group,Operations Manager,Referral,,,,MSP,NY,73,2026-06-02,lead,ACME-L00966
Deanna,Benson,deanna.benson@weaverinc.example.com,Weaver Inc,IT Director,Referral,,,,MSP,NY,73,2026-06-02,salesqualifiedlead,ACME-L00967
Lindsay,Pollard,lindsay.pollard@jacksonreedandgarcia.example.com,Jackson Reed and Garcia,IT Manager,Google Ads,google,cpc,msp_q2_search_brand,MSP,MA,94,2026-06-02,lead,ACME-L00968
Kenneth,Porter,kenneth.porter@davisrodriguez.example.com,Davis-Rodriguez,CFO,Meta Ads,facebook,paid_social,msp_q2_leadgen,MSP,MA,88,2026-06-02,customer,ACME-L00969
Sheri,Mclaughlin,sheri.mclaughlin@munozbrownandrichardson.example.com,Munoz Brown and Richardson,,Google Ads,google,cpc,msp_q2_search_brand,MSP,IL,,2026-06-02,lead,ACME-L00970
Stacy,Robinson,stacy.robinson@harrisellison.example.com,Harris-Ellison,IT Director,Google Ads,google,cpc,msp_q2_search_brand,MSP,NJ,92,2026-06-02,salesqualifiedlead,ACME-L00971
Jennifer,Petty,jennifer.petty@hoodreese.example.com,Hood-Reese,,Referral,,,,MSP,CA,73,2026-06-02,lead,ACME-L00972
Michael,Mccullough,michael.mccullough@barberarnold.example.com,Barber-Arnold,Office Manager,Referral,,,,MSP,NJ,100,2026-06-02,lead,ACME-L00973
Tammy,Hunter,tammy.hunter@weisscamacho.example.com,Weiss-Camacho,Owner,Google Ads,google,cpc,msp_q2_search_brand,MSP,CA,94,2026-06-02,lead,ACME-L00974
Valerie,Jimenez,valerie.jimenez@terryhunter.example.com,Terry-Hunter,Office Manager,Call Tracking,callrail,phone,local_services,MSP,CA,97,2026-06-02,lead,ACME-L00975
Jessica,Novak,jessica.novak@johnsonstevensandtran.example.com,Johnson Stevens and Tran,,Google Ads,google,cpc,msp_q2_search_brand,MSP,MA,67,2026-06-02,salesqualifiedlead,ACME-L00976
Ryan,Romero,ryan.romero@whiteinc.example.com,White Inc,IT Director,Referral,,,,MSP,IL,73,2026-06-02,lead,ACME-L00977
Matthew,Berry,matthew.berry@crossmartinezandperez.example.com,Cross Martinez and Perez,CFO,Call Tracking,callrail,phone,local_services,MSP,NJ,97,2026-06-02,salesqualifiedlead,ACME-L00978
Philip,Edwards,philip.edwards@jenkinsvelazquez.example.com,Jenkins-Velazquez,COO,Call Tracking,callrail,phone,gbp_listing,MSP,NY,70,2026-06-02,salesqualifiedlead,ACME-L00979
Jeremy,Weber,jeremy.weber@alvaradogroup.example.com,Alvarado Group,IT Manager,Google Ads,google,cpc,msp_q2_search_nonbrand,MSP,CA,67,2026-06-03,lead,ACME-L00980
Olivia,Martinez,olivia.martinez@watsoninc.example.com,Watson Inc,Owner,Outbound,,,,MSP,CA,90,2026-06-03,lead,ACME-L00981
Tyler,Kennedy,tyler.kennedy@fleminglowe.example.com,Fleming-Lowe,,Google Ads,google,cpc,msp_q2_search_brand,MSP,FL,94,2026-06-03,lead,ACME-L00982
Brittany,Bradford,brittany.bradford@millertorres.example.com,Miller-Torres,,Call Tracking,callrail,phone,local_services,MSP,FL,70,2026-06-03,customer,ACME-L00983
Ashley,Medina,ashley.medina@wallaceltd.example.com,Wallace Ltd,Owner,Outbound,,,,MSP,NY,47,2026-06-03,lead,ACME-L00984
Jonathan,Rice,jonathan.rice@johnsonplc.example.com,Johnson PLC,,Referral,,,,MSP,MA,87,2026-06-03,opportunity,ACME-L00985
James,Roach,james.roach@patelhuffman.example.com,Patel-Huffman,IT Manager,Meta Ads,facebook,paid_social,msp_q2_leadgen,MSP,NJ,88,2026-06-03,lead,ACME-L00986
Tracy,Gonzalez,tracy.gonzalez@smithhenry.example.com,Smith-Henry,IT Director,Google Ads,google,cpc,msp_q2_search_brand,MSP,MA,67,2026-06-03,lead,ACME-L00987
Dwayne,Gutierrez,dwayne.gutierrez@sextonlee.example.com,Sexton-Lee,COO,Google Ads,google,cpc,msp_q2_search_nonbrand,MSP,NY,,2026-06-03,lead,ACME-L00988
Joseph,Snyder,joseph.snyder@wallssmith.example.com,Walls-Smith,IT Manager,Google Ads,google,cpc,msp_q2_search_brand,MSP,NY,92,2026-06-03,opportunity,ACME-L00989
Martin,Ross,martin.ross@barrerainc.example.com,Barrera Inc,Operations Manager,Referral,,,,MSP,MA,43,2026-06-03,lead,ACME-L00990
Jessica,Olson,jessica.olson@lopezcook.example.com,Lopez-Cook,IT Director,Meta Ads,facebook,paid_social,msp_q2_leadgen,MSP,IL,60,2026-06-03,lead,ACME-L00991
Jodi,Clark,jodi.clark@williamstaylorandcooley.example.com,Williams Taylor and Cooley,Operations Manager,Google Ads,google,cpc,msp_q2_search_brand,MSP,NJ,93,2026-06-03,opportunity,ACME-L00992
John,Johnson,john.johnson@chavezplc.example.com,Chavez PLC,CFO,Referral,,,,MSP,FL,73,2026-06-03,lead,ACME-L00993
James,Hansen,james.hansen@duranrogersandhernandez.example.com,Duran Rogers and Hernandez,Practice Manager,Referral,,,,MSP,IL,97,2026-06-03,lead,ACME-L00994
Ashley,Lewis,ashley.lewis@garciainc.example.com,Garcia Inc,Office Manager,Google Ads,google,cpc,msp_q2_search_nonbrand,MSP,CA,94,2026-06-03,salesqualifiedlead,ACME-L00995
Monica,Hampton,monica.hampton@rivasroberts.example.com,Rivas-Roberts,Owner,Outbound,,,,MSP,MA,63,2026-06-03,customer,ACME-L00996
Charles,Miles,charles.miles@porterandsons.example.com,Porter and Sons,,Call Tracking,callrail,phone,gbp_listing,MSP,TX,97,2026-06-03,opportunity,ACME-L00997
Amy,Bennett,amy.bennett@greenoliverandjones.example.com,Green Oliver and Jones,Office Manager,Google Ads,google,cpc,msp_q2_search_nonbrand,MSP,CA,94,2026-06-03,salesqualifiedlead,ACME-L00998
Joshua,Rodriguez,joshua.rodriguez@longcampos.example.com,Long-Campos,COO,Google Ads,google,cpc,msp_q2_search_brand,MSP,NJ,67,2026-06-03,lead,ACME-L00999
William,Harper,william.harper@lutzfuentes.example.com,Lutz-Fuentes,IT Manager,Referral,,,,MSP,NY,73,2026-06-03,opportunity,ACME-L01000
Allison,Obrien,allison.obrien@woodkramer.example.com,Wood-Kramer,,Call Tracking,callrail,phone,local_services,MSP,FL,64,2026-06-03,salesqualifiedlead,ACME-L01001
Dawn,Cowan,dawn.cowan@wilsonltd.example.com,Wilson Ltd,Practice Manager,Google Ads,google,cpc,msp_q2_search_brand,MSP,MA,67,2026-06-04,lead,ACME-L01002
Mark,Murphy,mark.murphy@douglaspatel.example.com,Douglas-Patel,Office Manager,Referral,,,,MSP,TX,100,2026-06-04,lead,ACME-L01003
Madison,Ballard,madison.ballard@williamsplc.example.com,Williams PLC,Practice Manager,Meta Ads,facebook,paid_social,msp_q2_leadgen,MSP,NY,85,2026-06-04,lead,ACME-L01004
Brian,Tyler,brian.tyler@smithfloresandwalter.example.com,Smith Flores and Walter,IT Director,Meta Ads,facebook,paid_social,msp_q2_leadgen,MSP,TX,61,2026-06-04,salesqualifiedlead,ACME-L01005
Lisa,Turner,lisa.turner@cruzprattandruiz.example.com,Cruz Pratt and Ruiz,IT Manager,Google Ads,google,cpc,msp_q2_search_brand,MSP,CA,67,2026-06-04,salesqualifiedlead,ACME-L01006
Stacy,Hanna,stacy.hanna@hudsonrobertsonandlopez.example.com,Hudson Robertson and Lopez,IT Manager,Outbound,,,,MSP,NJ,63,2026-06-04,lead,ACME-L01007
Anthony,Wood,anthony.wood@tannerleach.example.com,Tanner-Leach,IT Director,Meta Ads,facebook,paid_social,msp_q2_leadgen,MSP,NY,61,2026-06-04,lead,ACME-L01008
Nathan,Miller,nathan.miller@barnescarpenterandmartin.example.com,Barnes Carpenter and Martin,Owner,Outbound,,,,MSP,TX,41,2026-06-04,lead,ACME-L01009
Gregory,Townsend,gregory.townsend@campbellriveraandlane.example.com,Campbell Rivera and Lane,Office Manager,Google Ads,google,cpc,msp_q2_search_nonbrand,MSP,Unassigned,47,2026-06-04,customer,ACME-L01010
Todd,Garcia,todd.garcia@gonzalesplc.example.com,Gonzales PLC,Owner,Outbound,,,,MSP,NY,63,2026-06-04,lead,ACME-L01011
Robert,Caldwell,robert.caldwell@robertsonsmithandyates.example.com,Robertson Smith and Yates,Office Manager,Google Ads,google,cpc,msp_q2_search_brand,MSP,Unassigned,74,2026-06-04,lead,ACME-L01012
Kelly,Parker,kelly.parker@stewartplc.example.com,Stewart PLC,Office Manager,Call Tracking,callrail,phone,local_services,MSP,NJ,86,2026-06-04,lead,ACME-L01013
Nathan,Stanton,nathan.stanton@wardmyersandsimmons.example.com,Ward Myers and Simmons,Office Manager,Outbound,,,,MSP,NY,33,2026-06-04,lead,ACME-L01014
Joseph,Lewis,joseph.lewis@parkersmithandyoder.example.com,Parker Smith and Yoder,Practice Manager,Google Ads,google,cpc,msp_q2_search_nonbrand,MSP,NY,67,2026-06-04,lead,ACME-L01015
Michelle,Miller,michelle.miller@carneyplc.example.com,Carney PLC,COO,Google Ads,google,cpc,msp_q2_search_brand,MSP,NJ,94,2026-06-04,lead,ACME-L01016
Elizabeth,Ward,elizabeth.ward@danielsltd.example.com,Daniels Ltd,COO,Google Ads,google,cpc,msp_q2_search_nonbrand,MSP,MA,46,2026-06-04,salesqualifiedlead,ACME-L01017
Grace,Munoz,grace.munoz@colemanplc.example.com,Coleman PLC,IT Director,Outbound,,,,MSP,MA,63,2026-06-04,lead,ACME-L01018
Matthew,Davis,matthew.davis@travisgroup.example.com,Travis Group,IT Manager,Google Ads,google,cpc,,MSP,NY,67,2026-06-04,lead,ACME-L01019
Kendra,Schultz,kendra.schultz@villanuevaandsons.example.com,Villanueva and Sons,CFO,Meta Ads,facebook,paid_social,msp_q2_leadgen,MSP,NJ,61,2026-06-04,lead,ACME-L01020
Dale,Brooks,dale.brooks@riggszuniga.example.com,Riggs-Zuniga,,Referral,,,,MSP,NY,100,2026-06-05,lead,ACME-L01021
Melissa,Barry,melissa.barry@johnsonwoodsandmiller.example.com,Johnson Woods and Miller,Operations Manager,Meta Ads,facebook,paid_social,msp_q2_leadgen,MSP,NJ,88,2026-06-05,opportunity,ACME-L01022
Roger,Hernandez,roger.hernandez@macdonaldgroup.example.com,Macdonald Group,Owner,Call Tracking,callrail,phone,local_services,MSP,IL,66,2026-06-05,lead,ACME-L01023
Roger,Lewis,roger.lewis@melendezdonaldson.example.com,Melendez-Donaldson,Owner,Outbound,,,,MSP,CA,55,2026-06-05,opportunity,ACME-L01024
Tracie,Espinoza,tracie.espinoza@wilsonwheeler.example.com,Wilson-Wheeler,Owner,Outbound,,,,MSP,FL,65,2026-06-05,opportunity,ACME-L01025
Jacqueline,Townsend,jacqueline.townsend@shepherdshaw.example.com,Shepherd-Shaw,IT Manager,Outbound,,,,MSP,NJ,63,2026-06-05,lead,ACME-L01026
John,Walker,john.walker@rodriguezllc.example.com,Rodriguez LLC,Operations Manager,Outbound,,,,MSP,NJ,63,2026-06-05,lead,ACME-L01027
Justin,Marshall,justin.marshall@russoltd.example.com,Russo Ltd,Operations Manager,Google Ads,google,cpc,,MSP,NJ,,2026-06-05,lead,ACME-L01028
Mark,Morris,mark.morris@herringhuberandsmith.example.com,Herring Huber and Smith,IT Manager,Meta Ads,facebook,paid_social,msp_q2_leadgen,MSP,NJ,88,2026-06-05,lead,ACME-L01029
Nichole,Martin,nichole.martin@rodriguezbailey.example.com,Rodriguez-Bailey,CFO,Outbound,,,,MSP,NY,63,2026-06-05,lead,ACME-L01030
Emily,Walker,emily.walker@rogersadams.example.com,Rogers-Adams,IT Manager,Outbound,,,,MSP,FL,90,2026-06-05,lead,ACME-L01031
Gail,Hayes,gail.hayes@coxandsons.example.com,Cox and Sons,CFO,Meta Ads,facebook,paid_social,msp_q2_leadgen,MSP,Unassigned,68,2026-06-05,lead,ACME-L01032
Christopher,Stevens,christopher.stevens@blackjefferson.example.com,Black-Jefferson,CFO,Google Ads,google,cpc,msp_q2_search_nonbrand,MSP,NY,78,2026-06-05,opportunity,ACME-L01033
Michael,Harrington,michael.harrington@joneshansenandthompson.example.com,Jones Hansen and Thompson,Practice Manager,Outbound,,,,MSP,Unassigned,43,2026-06-05,lead,ACME-L01034
Tracey,Adams,tracey.adams@powellacostaandwatson.example.com,Powell Acosta and Watson,IT Director,Call Tracking,callrail,phone,gbp_listing,MSP,NJ,70,2026-06-06,salesqualifiedlead,ACME-L01035
Kevin,Gardner,kevin.gardner@mitchellllc.example.com,Mitchell LLC,Office Manager,Meta Ads,facebook,paid_social,msp_q2_leadgen,MSP,NJ,88,2026-06-06,lead,ACME-L01036
Amanda,Lyons,amanda.lyons@kramerkleinandmueller.example.com,Kramer Klein and Mueller,CFO,Referral,,,,MSP,TX,73,2026-06-06,opportunity,ACME-L01037
Douglas,Lyons,douglas.lyons@arnoldsalazarandatkins.example.com,Arnold Salazar and Atkins,COO,Google Ads,google,cpc,msp_q2_search_brand,MSP,IL,67,2026-06-06,lead,ACME-L01038
Christina,Drake,christina.drake@merrittinc.example.com,Merritt Inc,IT Manager,Outbound,,,,MSP,NJ,74,2026-06-06,lead,ACME-L01039
Wendy,Perez,wendy.perez@russellgriffith.example.com,Russell-Griffith,Owner,Outbound,,,,MSP,FL,63,2026-06-06,lead,ACME-L01040
Karen,Harper,karen.harper@cruzdavisandsalas.example.com,Cruz Davis and Salas,Office Manager,Meta Ads,facebook,paid_social,msp_q2_leadgen,MSP,MA,61,2026-06-06,lead,ACME-L01041
Andrew,Marks,andrew.marks@allenltd.example.com,Allen Ltd,Owner,Meta Ads,facebook,paid_social,msp_q2_leadgen,MSP,NY,88,2026-06-07,lead,ACME-L01042
Maria,Ayers,maria.ayers@bennettdrake.example.com,Bennett-Drake,Owner,Google Ads,google,cpc,,MSP,CA,94,2026-06-07,lead,ACME-L01043
Sean,Webb,sean.webb@nguyenortiz.example.com,Nguyen-Ortiz,CFO,Google Ads,google,cpc,msp_q2_search_brand,MSP,CA,78,2026-06-07,lead,ACME-L01044
Daniel,Anthony,daniel.anthony@gomezbaileyandharper.example.com,Gomez Bailey and Harper,Practice Manager,Google Ads,google,cpc,msp_q2_search_brand,MSP,TX,,2026-06-07,lead,ACME-L01045
Tiffany,Day,tiffany.day@garciagonzalezandshaffer.example.com,Garcia Gonzalez and Shaffer,CFO,Referral,,,,MSP,NY,73,2026-06-07,lead,ACME-L01046
Jonathan,Olsen,jonathan.olsen@branchgroup.example.com,Branch Group,Owner,Google Ads,google,cpc,msp_q2_search_nonbrand,MSP,TX,67,2026-06-07,lead,ACME-L01047
Debra,Evans,debra.evans@noblerossandthompson.example.com,Noble Ross and Thompson,Office Manager,Meta Ads,facebook,paid_social,msp_q2_leadgen,MSP,TX,88,2026-06-07,lead,ACME-L01048
Jorge,Martin,jorge.martin@newmanplc.example.com,Newman PLC,IT Manager,Google Ads,google,cpc,,MSP,FL,67,2026-06-07,lead,ACME-L01049
Melinda,Allen,melinda.allen@garciaerickson.example.com,Garcia-Erickson,COO,Meta Ads,facebook,paid_social,msp_q2_leadgen,MSP,NY,40,2026-06-08,lead,ACME-L01050
Carolyn,Rogers,carolyn.rogers@hayesinc.example.com,Hayes Inc,CFO,Google Ads,google,cpc,msp_q2_search_brand,MSP,IL,75,2026-06-08,lead,ACME-L01051
Timothy,Benitez,timothy.benitez@cochranadamsandparsons.example.com,Cochran Adams and Parsons,Operations Manager,Referral,,,,MSP,Unassigned,73,2026-06-08,lead,ACME-L01052
Phyllis,Young,phyllis.young@colemanllc.example.com,Coleman LLC,IT Director,Google Ads,google,cpc,msp_q2_search_brand,MSP,NY,94,2026-06-08,lead,ACME-L01053
Kyle,Wilson,kyle.wilson@priceperez.example.com,Price-Perez,COO,Outbound,,,,MSP,NY,55,2026-06-08,lead,ACME-L01054
Blake,Hill,blake.hill@haaslopezanddawson.example.com,Haas Lopez and Dawson,IT Director,Meta Ads,facebook,paid_social,msp_q2_leadgen,MSP,MA,86,2026-06-08,lead,ACME-L01055
Jamie,Romero,jamie.romero@smithtran.example.com,Smith-Tran,Owner,Call Tracking,callrail,phone,gbp_listing,MSP,TX,70,2026-06-08,lead,ACME-L01056
Joseph,Gilmore,joseph.gilmore@garciainc.example.com,Garcia Inc,COO,Call Tracking,callrail,phone,local_services,MSP,CA,97,2026-06-08,lead,ACME-L01057
Peter,Luna,peter.luna@barnescalhounandfrench.example.com,Barnes Calhoun and French,IT Manager,Outbound,,,,MSP,TX,63,2026-06-08,lead,ACME-L01058
Miguel,White,miguel.white@johnsonramsey.example.com,Johnson-Ramsey,Operations Manager,Outbound,,,,MSP,NJ,63,2026-06-08,lead,ACME-L01059
Elizabeth,Cameron,elizabeth.cameron@zavalacross.example.com,Zavala-Cross,COO,Meta Ads,facebook,paid_social,msp_q2_leadgen,MSP,FL,61,2026-06-08,lead,ACME-L01060
Brian,Yates,brian.yates@danielsplc.example.com,Daniels PLC,COO,Meta Ads,facebook,paid_social,msp_q2_leadgen,MSP,CA,88,2026-06-08,lead,ACME-L01061
Ashley,Stokes,ashley.stokes@hahncuevasandsimmons.example.com,Hahn Cuevas and Simmons,Practice Manager,Call Tracking,callrail,phone,local_services,MSP,NY,70,2026-06-08,lead,ACME-L01062
Robert,Kim,robert.kim@kelleypeterson.example.com,Kelley-Peterson,Owner,Google Ads,google,cpc,msp_q2_search_nonbrand,MSP,TX,67,2026-06-08,lead,ACME-L01063
Sue,Miller,sue.miller@colemanmccannandarroyo.example.com,Coleman Mccann and Arroyo,IT Manager,Meta Ads,facebook,paid_social,msp_q2_leadgen,MSP,CA,88,2026-06-08,lead,ACME-L01064
Jillian,Lopez,jillian.lopez@kennedycortez.example.com,Kennedy-Cortez,COO,Google Ads,google,cpc,msp_q2_search_brand,MSP,CA,67,2026-06-08,lead,ACME-L01065
Beverly,Contreras,beverly.contreras@gayltd.example.com,Gay Ltd,IT Manager,Meta Ads,facebook,paid_social,msp_q2_leadgen,MSP,FL,61,2026-06-08,lead,ACME-L01066
Daniel,Cummings,daniel.cummings@dennisgroup.example.com,Dennis Group,IT Director,Meta Ads,facebook,paid_social,msp_q2_leadgen,MSP,CA,61,2026-06-08,lead,ACME-L01067
Kimberly,Small,kimberly.small@brownllc.example.com,Brown LLC,IT Manager,Call Tracking,callrail,phone,local_services,MSP,CA,67,2026-06-08,lead,ACME-L01068
Crystal,Wheeler,crystal.wheeler@hornllc.example.com,Horn LLC,CFO,Google Ads,google,cpc,msp_q2_search_nonbrand,MSP,NY,67,2026-06-08,lead,ACME-L01069
Danielle,Bright,danielle.bright@byrdthomasandstevens.example.com,Byrd Thomas and Stevens,Operations Manager,Meta Ads,facebook,paid_social,msp_q2_leadgen,MSP,CA,72,2026-06-08,lead,ACME-L01070
Jacob,Hutchinson,jacob.hutchinson@wilsonkimandwallace.example.com,Wilson Kim and Wallace,CFO,Referral,,,,MSP,MA,73,2026-06-08,customer,ACME-L01071
Jon,Johnson,jon.johnson@nicholskrueger.example.com,Nichols-Krueger,,Google Ads,google,cpc,msp_q2_search_nonbrand,MSP,NY,67,2026-06-09,lead,ACME-L01072
Taylor,Higgins,taylor.higgins@lewisplc.example.com,Lewis PLC,IT Manager,Google Ads,google,cpc,msp_q2_search_brand,MSP,CA,67,2026-06-09,lead,ACME-L01073
Jesse,Taylor,jesse.taylor@gordonmiller.example.com,Gordon-Miller,CFO,Call Tracking,callrail,phone,gbp_listing,MSP,TX,70,2026-06-09,lead,ACME-L01074
Leslie,Aguirre,leslie.aguirre@watkinswilkinson.example.com,Watkins-Wilkinson,Owner,Google Ads,google,cpc,msp_q2_search_nonbrand,MSP,NY,94,2026-06-09,lead,ACME-L01075
Michael,Werner,michael.werner@chambersmontes.example.com,Chambers-Montes,CFO,Meta Ads,facebook,paid_social,msp_q2_leadgen,MSP,FL,36,2026-06-09,lead,ACME-L01076
Heather,Vasquez,heather.vasquez@randalldennisandwilliams.example.com,Randall Dennis and Williams,Office Manager,Referral,,,,MSP,NJ,73,2026-06-09,lead,ACME-L01077
Adam,Woodard,adam.woodard@taylorfrost.example.com,Taylor-Frost,COO,Google Ads,google,cpc,msp_q2_search_brand,MSP,CA,94,2026-06-09,lead,ACME-L01078
Leslie,Clark,leslie.clark@gardnerpriceandcarrillo.example.com,Gardner Price and Carrillo,Office Manager,Google Ads,google,cpc,msp_q2_search_brand,MSP,NJ,56,2026-06-09,lead,ACME-L01079
Kelly,Campbell,kelly.campbell@mcdowellinc.example.com,Mcdowell Inc,Practice Manager,Meta Ads,facebook,paid_social,msp_q2_leadgen,MSP,NY,61,2026-06-09,lead,ACME-L01080
Lisa,Wells,lisa.wells@carterpeck.example.com,Carter-Peck,Operations Manager,Call Tracking,callrail,phone,gbp_listing,MSP,CA,97,2026-06-09,lead,ACME-L01081
William,Hernandez,william.hernandez@mooreandsons.example.com,Moore and Sons,COO,Call Tracking,callrail,phone,local_services,MSP,IL,70,2026-06-09,salesqualifiedlead,ACME-L01082
Matthew,Morris,matthew.morris@murrayburnett.example.com,Murray-Burnett,Office Manager,Referral,,,,MSP,TX,61,2026-06-09,lead,ACME-L01083
Allen,Williams,allen.williams@johnsonphillips.example.com,Johnson-Phillips,Office Manager,Meta Ads,facebook,paid_social,msp_q2_leadgen,MSP,NJ,31,2026-06-09,lead,ACME-L01084
Andrea,Beltran,andrea.beltran@meadowsrodriguezandthoma.example.com,Meadows Rodriguez and Thomas,COO,Meta Ads,facebook,paid_social,,MSP,NJ,61,2026-06-09,lead,ACME-L01085
Kim,Curry,kim.curry@pughwilsonandallison.example.com,Pugh Wilson and Allison,CFO,Call Tracking,callrail,phone,gbp_listing,MSP,FL,97,2026-06-09,lead,ACME-L01086
Jane,Norman,jane.norman@hillcarrillo.example.com,Hill-Carrillo,Owner,Google Ads,google,cpc,,MSP,NJ,64,2026-06-09,lead,ACME-L01087
Andrea,Arnold,andrea.arnold@turnerandsons.example.com,Turner and Sons,CFO,Google Ads,google,cpc,msp_q2_search_nonbrand,MSP,MA,67,2026-06-09,lead,ACME-L01088
Jeffrey,Ramirez,jeffrey.ramirez@dixonchapman.example.com,Dixon-Chapman,Practice Manager,Google Ads,google,cpc,msp_q2_search_nonbrand,MSP,IL,67,2026-06-09,salesqualifiedlead,ACME-L01089
Jennifer,Bridges,jennifer.bridges@hilljuarezandmontgomery.example.com,Hill Juarez and Montgomery,IT Director,Outbound,,,,MSP,NJ,63,2026-06-09,lead,ACME-L01090
Leslie,Wagner,leslie.wagner@millerlee.example.com,Miller-Lee,Practice Manager,Meta Ads,facebook,paid_social,msp_q2_leadgen,MSP,NY,31,2026-06-09,lead,ACME-L01091
Lisa,Duke,lisa.duke@bellhodgesandberry.example.com,Bell Hodges and Berry,Office Manager,Google Ads,google,cpc,msp_q2_search_nonbrand,MSP,CA,94,2026-06-09,lead,ACME-L01092
Michael,Walker,michael.walker@hoovermccormick.example.com,Hoover-Mccormick,IT Manager,Google Ads,google,cpc,msp_q2_search_nonbrand,MSP,NJ,67,2026-06-09,lead,ACME-L01093
Kathy,Nichols,kathy.nichols@linmccall.example.com,Lin-Mccall,Owner,Google Ads,google,cpc,msp_q2_search_nonbrand,MSP,FL,64,2026-06-09,lead,ACME-L01094
Valerie,Johnson,valerie.johnson@frenchreynoldsandwalker.example.com,French Reynolds and Walker,Operations Manager,Meta Ads,facebook,paid_social,msp_q2_leadgen,MSP,NY,88,2026-06-09,lead,ACME-L01095
Michelle,Mckenzie,michelle.mckenzie@perezsmith.example.com,Perez-Smith,IT Director,Meta Ads,facebook,paid_social,msp_q2_leadgen,MSP,CA,88,2026-06-09,lead,ACME-L01096
Dennis,Wright,dennis.wright@whitemcintyreandryan.example.com,White Mcintyre and Ryan,Practice Manager,Referral,,,,MSP,TX,100,2026-06-09,salesqualifiedlead,ACME-L01097
Autumn,Pena,autumn.pena@salazarllc.example.com,Salazar LLC,Office Manager,Referral,,,,MSP,TX,73,2026-06-09,salesqualifiedlead,ACME-L01098
Sara,Hart,sara.hart@beckerkingandgarcia.example.com,Becker King and Garcia,IT Director,Google Ads,google,cpc,msp_q2_search_nonbrand,MSP,NJ,61,2026-06-10,lead,ACME-L01099
Destiny,Mckenzie,destiny.mckenzie@fischerltd.example.com,Fischer Ltd,IT Manager,Call Tracking,callrail,phone,gbp_listing,MSP,NY,70,2026-06-10,salesqualifiedlead,ACME-L01100
Courtney,Brown,courtney.brown@fisherplc.example.com,Fisher PLC,CFO,Google Ads,google,cpc,msp_q2_search_nonbrand,MSP,CA,67,2026-06-10,lead,ACME-L01101
Robert,Cunningham,robert.cunningham@guerrerokingandmoon.example.com,Guerrero King and Moon,IT Manager,Referral,,,,MSP,CA,73,2026-06-10,lead,ACME-L01102
Kayla,Moore,kayla.moore@hallltd.example.com,Hall Ltd,Owner,Meta Ads,facebook,paid_social,msp_q2_leadgen,MSP,TX,88,2026-06-10,lead,ACME-L01103
Amanda,Roberts,amanda.roberts@gonzalezinc.example.com,Gonzalez Inc,Office Manager,Google Ads,google,cpc,msp_q2_search_nonbrand,MSP,IL,67,2026-06-10,salesqualifiedlead,ACME-L01104
William,Morris,william.morris@fosterbrewer.example.com,Foster-Brewer,IT Manager,Meta Ads,facebook,paid_social,msp_q2_leadgen,MSP,IL,,2026-06-10,lead,ACME-L01105
Mary,Bell,mary.bell@andersonltd.example.com,Anderson Ltd,IT Director,Google Ads,google,cpc,msp_q2_search_nonbrand,MSP,NY,94,2026-06-10,lead,ACME-L01106
Joseph,Ross,joseph.ross@moorefernandez.example.com,Moore-Fernandez,,Meta Ads,facebook,paid_social,msp_q2_leadgen,MSP,NJ,61,2026-06-10,lead,ACME-L01107
Brent,Haynes,brent.haynes@weberinc.example.com,Weber Inc,COO,Referral,,,,MSP,CA,100,2026-06-10,customer,ACME-L01108
Emily,Carr,emily.carr@clarkplc.example.com,Clark PLC,COO,Google Ads,google,cpc,msp_q2_search_nonbrand,MSP,CA,94,2026-06-10,lead,ACME-L01109
Briana,Calderon,briana.calderon@berryrodriguez.example.com,Berry-Rodriguez,IT Director,Outbound,,,,MSP,NY,63,2026-06-10,lead,ACME-L01110
Elizabeth,Sutton,elizabeth.sutton@mullinsandsons.example.com,Mullins and Sons,CFO,Google Ads,google,cpc,msp_q2_search_nonbrand,MSP,TX,67,2026-06-10,lead,ACME-L01111
Marc,Johnson,marc.johnson@willisandrews.example.com,Willis-Andrews,CFO,Google Ads,google,cpc,msp_q2_search_nonbrand,MSP,NY,67,2026-06-10,lead,ACME-L01112
Barbara,Goodwin,barbara.goodwin@millergrimes.example.com,Miller-Grimes,IT Manager,Outbound,,,,MSP,NJ,63,2026-06-10,lead,ACME-L01113
Christopher,Mckenzie,christopher.mckenzie@johnsonmontgomeryandhall.example.com,Johnson Montgomery and Hall,IT Manager,Meta Ads,facebook,paid_social,msp_q2_leadgen,MSP,TX,31,2026-06-10,lead,ACME-L01114
Amy,Wilkerson,amy.wilkerson@deanwhiteheadandlogan.example.com,Dean Whitehead and Logan,Office Manager,Outbound,,,,MSP,NJ,90,2026-06-10,lead,ACME-L01115
Zachary,Roberts,zachary.roberts@kellerparker.example.com,Keller-Parker,Owner,Google Ads,google,cpc,msp_q2_search_nonbrand,MSP,IL,67,2026-06-11,lead,ACME-L01116
Victoria,Clark,victoria.clark@martinjacobsonandlee.example.com,Martin Jacobson and Lee,COO,Meta Ads,facebook,paid_social,msp_q2_leadgen,MSP,CA,88,2026-06-11,opportunity,ACME-L01117
Jennifer,Kim,jennifer.kim@grahammcdonaldanddavenpo.example.com,Graham Mcdonald and Davenport,Practice Manager,Call Tracking,callrail,phone,gbp_listing,MSP,MA,70,2026-06-11,lead,ACME-L01118
Karen,Williams,karen.williams@stewartcohenandjenkins.example.com,Stewart Cohen and Jenkins,COO,Google Ads,google,cpc,msp_q2_search_brand,MSP,FL,67,2026-06-11,lead,ACME-L01119
Scott,Medina,scott.medina@jimenezllc.example.com,Jimenez LLC,IT Director,Google Ads,google,cpc,msp_q2_search_brand,MSP,Unassigned,74,2026-06-11,lead,ACME-L01120
Justin,Soto,justin.soto@harrismartinez.example.com,Harris-Martinez,,Outbound,,,,MSP,NY,90,2026-06-11,salesqualifiedlead,ACME-L01121
Yvonne,Simon,yvonne.simon@riveracruz.example.com,Rivera-Cruz,Practice Manager,Google Ads,google,cpc,msp_q2_search_nonbrand,MSP,NJ,94,2026-06-11,lead,ACME-L01122
Brandon,Buchanan,brandon.buchanan@dixonhernandez.example.com,Dixon-Hernandez,COO,Meta Ads,facebook,paid_social,msp_q2_leadgen,MSP,NY,61,2026-06-11,lead,ACME-L01123
Christina,Watson,christina.watson@jacobswhite.example.com,Jacobs-White,CFO,Google Ads,google,cpc,msp_q2_search_brand,MSP,TX,94,2026-06-11,salesqualifiedlead,ACME-L01124
David,White,david.white@littlellc.example.com,Little LLC,IT Manager,Meta Ads,facebook,paid_social,msp_q2_leadgen,MSP,Unassigned,41,2026-06-11,lead,ACME-L01125
Angelica,Bowers,angelica.bowers@beckerllc.example.com,Becker LLC,Practice Manager,Google Ads,google,cpc,msp_q2_search_brand,MSP,FL,67,2026-06-11,opportunity,ACME-L01126
Michael,Morrison,michael.morrison@pricelynch.example.com,Price-Lynch,Owner,Google Ads,google,cpc,msp_q2_search_nonbrand,MSP,CA,79,2026-06-11,lead,ACME-L01127
Daniel,Roberts,daniel.roberts@dixongroup.example.com,Dixon Group,IT Director,Outbound,,,,MSP,MA,55,2026-06-11,lead,ACME-L01128
Paula,Wilson,paula.wilson@fieldssingh.example.com,Fields-Singh,Office Manager,Call Tracking,callrail,phone,gbp_listing,MSP,MA,70,2026-06-11,lead,ACME-L01129
Kimberly,Tran,kimberly.tran@sandersllc.example.com,Sanders LLC,Operations Manager,Outbound,,,,MSP,NY,63,2026-06-11,customer,ACME-L01130
Brianna,Anderson,brianna.anderson@romerobushandsmith.example.com,Romero Bush and Smith,Practice Manager,Google Ads,google,cpc,msp_q2_search_brand,MSP,NY,94,2026-06-11,lead,ACME-L01131
Christina,Lopez,christina.lopez@williamsowens.example.com,Williams-Owens,Operations Manager,Outbound,,,,MSP,NY,,2026-06-12,lead,ACME-L01132
Kyle,Reid,kyle.reid@kellygraham.example.com,Kelly-Graham,Office Manager,Referral,,,,MSP,NJ,,2026-06-12,lead,ACME-L01133
Molly,Fritz,molly.fritz@ramirezmoraandwhitehead.example.com,Ramirez Mora and Whitehead,COO,Google Ads,google,cpc,msp_q2_search_brand,MSP,FL,64,2026-06-12,lead,ACME-L01134
David,Kennedy,david.kennedy@baldwinsmithandbennett.example.com,Baldwin Smith and Bennett,,Google Ads,google,cpc,msp_q2_search_brand,MSP,NY,67,2026-06-12,lead,ACME-L01135
Jessica,Lopez,jessica.lopez@turnermurphy.example.com,Turner-Murphy,Office Manager,Call Tracking,callrail,phone,gbp_listing,MSP,IL,70,2026-06-12,lead,ACME-L01136
Debra,Mitchell,debra.mitchell@dunngroup.example.com,Dunn Group,Owner,Call Tracking,callrail,phone,local_services,MSP,IL,97,2026-06-12,lead,ACME-L01137
Debra,Joseph,debra.joseph@greeneguerreroandrivera.example.com,Greene Guerrero and Rivera,IT Director,Google Ads,google,cpc,msp_q2_search_nonbrand,MSP,TX,67,2026-06-12,lead,ACME-L01138
Victoria,Johnson,victoria.johnson@huberleonardandcruz.example.com,Huber Leonard and Cruz,CFO,Google Ads,google,cpc,msp_q2_search_brand,MSP,MA,94,2026-06-12,lead,ACME-L01139
Morgan,Harris,morgan.harris@pearsonllc.example.com,Pearson LLC,COO,Outbound,,,,MSP,FL,63,2026-06-12,lead,ACME-L01140
Corey,White,corey.white@shieldssmith.example.com,Shields-Smith,IT Director,Referral,,,,MSP,MA,59,2026-06-12,lead,ACME-L01141
Dawn,Gibson,dawn.gibson@wolfgutierrez.example.com,Wolf-Gutierrez,IT Director,Call Tracking,callrail,phone,gbp_listing,MSP,NJ,81,2026-06-12,lead,ACME-L01142
Michelle,Armstrong,michelle.armstrong@vazquezmyersandhernandez.example.com,Vazquez Myers and Hernandez,Office Manager,Google Ads,google,cpc,msp_q2_search_nonbrand,MSP,NY,67,2026-06-12,opportunity,ACME-L01143
Carla,Williams,carla.williams@andersonjohnsonandjordan.example.com,Anderson Johnson and Jordan,CFO,Referral,,,,MSP,TX,94,2026-06-12,salesqualifiedlead,ACME-L01144
Miguel,Marquez,miguel.marquez@ellisonbailey.example.com,Ellison-Bailey,IT Manager,Meta Ads,facebook,paid_social,msp_q2_leadgen,MSP,NY,61,2026-06-12,lead,ACME-L01145
John,Scott,john.scott@whiteporterandbarr.example.com,White Porter and Barr,CFO,Meta Ads,facebook,paid_social,msp_q2_leadgen,MSP,CA,31,2026-06-12,lead,ACME-L01146
Angela,Sullivan,angela.sullivan@martinsutton.example.com,Martin-Sutton,Practice Manager,Meta Ads,facebook,paid_social,msp_q2_leadgen,MSP,NY,66,2026-06-12,lead,ACME-L01147
Kristy,Ellis,kristy.ellis@griffinsullivanandhall.example.com,Griffin Sullivan and Hall,Owner,Outbound,,,,MSP,TX,90,2026-06-12,lead,ACME-L01148
Carrie,Strong,carrie.strong@scottblackandthompson.example.com,Scott Black and Thompson,Operations Manager,Meta Ads,facebook,paid_social,msp_q2_leadgen,MSP,TX,,2026-06-13,lead,ACME-L01149
John,Garcia,john.garcia@blairllc.example.com,Blair LLC,IT Director,Referral,,,,MSP,Unassigned,100,2026-06-13,lead,ACME-L01150
Michaela,Green,michaela.green@bellgroup.example.com,Bell Group,CFO,Outbound,,,,MSP,MA,90,2026-06-13,lead,ACME-L01151
Amanda,White,amanda.white@coxgarciaandrosales.example.com,Cox Garcia and Rosales,Office Manager,Google Ads,google,cpc,msp_q2_search_brand,MSP,FL,67,2026-06-13,opportunity,ACME-L01152
Mary,Shepherd,mary.shepherd@mullenwilliams.example.com,Mullen-Williams,IT Manager,Call Tracking,callrail,phone,gbp_listing,MSP,CA,,2026-06-13,lead,ACME-L01153
Margaret,Anderson,margaret.anderson@cookclarkandpollard.example.com,Cook Clark and Pollard,CFO,Meta Ads,facebook,paid_social,msp_q2_leadgen,MSP,FL,88,2026-06-13,lead,ACME-L01154
Nicholas,Johnson,nicholas.johnson@gatessanchezandmatthews.example.com,Gates Sanchez and Matthews,CFO,Meta Ads,facebook,paid_social,msp_q2_leadgen,MSP,MA,88,2026-06-13,salesqualifiedlead,ACME-L01155
Rachel,Martin,rachel.martin@cooleyltd.example.com,Cooley Ltd,Practice Manager,Call Tracking,callrail,phone,local_services,MSP,IL,97,2026-06-13,lead,ACME-L01156
Julie,Nelson,julie.nelson@greerzavalaandrodriguez.example.com,Greer Zavala and Rodriguez,Office Manager,Google Ads,google,cpc,msp_q2_search_brand,MSP,NY,94,2026-06-13,lead,ACME-L01157
Nicholas,Clay,nicholas.clay@briggsbrown.example.com,Briggs-Brown,COO,Call Tracking,callrail,phone,local_services,MSP,CA,70,2026-06-14,lead,ACME-L01158
Miguel,Lindsey,miguel.lindsey@alvarezedwards.example.com,Alvarez-Edwards,Practice Manager,Google Ads,google,cpc,msp_q2_search_nonbrand,MSP,NY,67,2026-06-14,lead,ACME-L01159
Colleen,Faulkner,colleen.faulkner@mccoyplc.example.com,Mccoy PLC,Owner,Referral,,,,MSP,IL,78,2026-06-14,salesqualifiedlead,ACME-L01160
Gabriel,Patton,gabriel.patton@langltd.example.com,Lang Ltd,CFO,Meta Ads,facebook,paid_social,msp_q2_leadgen,MSP,CA,61,2026-06-14,lead,ACME-L01161
Nicole,Houston,nicole.houston@leesmith.example.com,Lee-Smith,Office Manager,Outbound,,,,MSP,CA,63,2026-06-14,lead,ACME-L01162
Kyle,Rush,kyle.rush@dennisandsons.example.com,Dennis and Sons,Practice Manager,Meta Ads,facebook,paid_social,msp_q2_leadgen,MSP,FL,61,2026-06-14,lead,ACME-L01163
Sarah,Matthews,sarah.matthews@mccarthygroup.example.com,Mccarthy Group,Owner,Google Ads,google,cpc,msp_q2_search_brand,MSP,TX,94,2026-06-14,lead,ACME-L01164
Daniel,Terry,daniel.terry@wilsonltd.example.com,Wilson Ltd,CFO,Meta Ads,facebook,paid_social,,MSP,MA,61,2026-06-14,lead,ACME-L01165
William,Stanley,william.stanley@krauseplc.example.com,Krause PLC,CFO,Google Ads,google,cpc,msp_q2_search_nonbrand,MSP,NY,94,2026-06-14,lead,ACME-L01166
Rachael,Johnson,rachael.johnson@salinasllc.example.com,Salinas LLC,Operations Manager,Google Ads,google,cpc,msp_q2_search_brand,MSP,NY,67,2026-06-14,lead,ACME-L01167
Steven,Morales,steven.morales@jonesfigueroaandgonzalez.example.com,Jones Figueroa and Gonzalez,IT Director,Referral,,,,MSP,NY,100,2026-06-15,lead,ACME-L01168
Dennis,Torres,dennis.torres@brownriveraandmoore.example.com,Brown Rivera and Moore,Practice Manager,Google Ads,google,cpc,msp_q2_search_brand,MSP,CA,67,2026-06-15,lead,ACME-L01169
Tina,Molina,tina.molina@willisjordanandallen.example.com,Willis Jordan and Allen,Practice Manager,Google Ads,google,cpc,,MSP,NY,94,2026-06-15,lead,ACME-L01170
Samantha,Walker,samantha.walker@whitesmith.example.com,White-Smith,Owner,Referral,,,,MSP,MA,73,2026-06-15,lead,ACME-L01171
Courtney,Benson,courtney.benson@owenllc.example.com,Owen LLC,CFO,Google Ads,google,cpc,msp_q2_search_nonbrand,MSP,NY,55,2026-06-15,lead,ACME-L01172
John,Duncan,john.duncan@clarkvalentineandvaldez.example.com,Clark Valentine and Valdez,Operations Manager,Google Ads,google,cpc,msp_q2_search_nonbrand,MSP,NY,94,2026-06-15,lead,ACME-L01173
Eric,Wiggins,eric.wiggins@barberhancockandwalsh.example.com,Barber Hancock and Walsh,Operations Manager,Outbound,,,,MSP,MA,63,2026-06-15,lead,ACME-L01174
Christopher,Jones,christopher.jones@raymondramos.example.com,Raymond-Ramos,Office Manager,Google Ads,google,cpc,msp_q2_search_brand,MSP,CA,67,2026-06-15,lead,ACME-L01175
Debbie,Bates,debbie.bates@mccarthyvelazquez.example.com,Mccarthy-Velazquez,IT Director,Meta Ads,facebook,paid_social,,MSP,TX,61,2026-06-15,lead,ACME-L01176
Heidi,Burch,heidi.burch@castanedagroup.example.com,Castaneda Group,Owner,Google Ads,google,cpc,msp_q2_search_brand,MSP,NJ,67,2026-06-15,lead,ACME-L01177
Theresa,Mitchell,theresa.mitchell@estradahoffman.example.com,Estrada-Hoffman,,Referral,,,,MSP,CA,100,2026-06-15,lead,ACME-L01178
John,Gaines,john.gaines@wellsandsons.example.com,Wells and Sons,COO,Outbound,,,,MSP,FL,90,2026-06-15,lead,ACME-L01179
Patricia,Cantu,patricia.cantu@lambwadeandwells.example.com,Lamb Wade and Wells,Operations Manager,Outbound,,,,MSP,NJ,90,2026-06-15,lead,ACME-L01180
Tara,Schneider,tara.schneider@hartmangrimesandchapman.example.com,Hartman Grimes and Chapman,COO,Outbound,,,,MSP,IL,60,2026-06-15,salesqualifiedlead,ACME-L01181
Sean,Ryan,sean.ryan@penaholland.example.com,Pena-Holland,COO,Google Ads,google,cpc,,MSP,NY,64,2026-06-15,lead,ACME-L01182
Richard,Dodson,richard.dodson@bryantboyer.example.com,Bryant-Boyer,Operations Manager,Google Ads,google,cpc,msp_q2_search_brand,MSP,NJ,64,2026-06-15,salesqualifiedlead,ACME-L01183
Ann,Jackson,ann.jackson@westllc.example.com,West LLC,,Meta Ads,facebook,paid_social,msp_q2_leadgen,MSP,MA,61,2026-06-15,lead,ACME-L01184
Paul,Hernandez,paul.hernandez@newmangroup.example.com,Newman Group,COO,Call Tracking,callrail,phone,gbp_listing,MSP,CA,70,2026-06-15,lead,ACME-L01185
Susan,Walker,susan.walker@hendersonandersenanddave.example.com,Henderson Andersen and Davenport,COO,Google Ads,google,cpc,msp_q2_search_nonbrand,MSP,CA,62,2026-06-15,lead,ACME-L01186
Micheal,Johnson,micheal.johnson@pachecomillerandcole.example.com,Pacheco Miller and Cole,Operations Manager,Google Ads,google,cpc,msp_q2_search_nonbrand,MSP,CA,67,2026-06-15,lead,ACME-L01187
Melinda,Turner,melinda.turner@walkerabbottandmurphy.example.com,Walker Abbott and Murphy,Office Manager,Meta Ads,facebook,paid_social,msp_q2_leadgen,MSP,IL,58,2026-06-15,lead,ACME-L01188
Shannon,Young,shannon.young@harmongroup.example.com,Harmon Group,COO,Outbound,,,,MSP,MA,,2026-06-15,opportunity,ACME-L01189
David,Patrick,david.patrick@solistaylorandkelley.example.com,Solis Taylor and Kelley,,Referral,,,,MSP,IL,73,2026-06-15,lead,ACME-L01190
Stephen,Potter,stephen.potter@williamshumphreyandcasta.example.com,Williams Humphrey and Castaneda,Owner,Google Ads,google,cpc,msp_q2_search_brand,MSP,IL,80,2026-06-15,lead,ACME-L01191
Victoria,Herman,victoria.herman@lewisllc.example.com,Lewis LLC,,Google Ads,google,cpc,msp_q2_search_nonbrand,MSP,NJ,94,2026-06-15,salesqualifiedlead,ACME-L01192
Bridget,Martin,bridget.martin@richardsonspencerandgill.example.com,Richardson Spencer and Gill,COO,Google Ads,google,cpc,msp_q2_search_brand,MSP,IL,94,2026-06-15,lead,ACME-L01193
Briana,Wallace,briana.wallace@odonnellandsons.example.com,Odonnell and Sons,CFO,Outbound,,,,MSP,FL,90,2026-06-15,lead,ACME-L01194
Jessica,Caldwell,jessica.caldwell@duranfieldsandramos.example.com,Duran Fields and Ramos,CFO,Google Ads,google,cpc,msp_q2_search_nonbrand,MSP,IL,94,2026-06-16,lead,ACME-L01195
George,Reynolds,george.reynolds@maxwellgriffinandparks.example.com,Maxwell Griffin and Parks,CFO,Outbound,,,,MSP,NY,57,2026-06-16,salesqualifiedlead,ACME-L01196
Christopher,Contreras,christopher.contreras@cantuinc.example.com,Cantu Inc,COO,Google Ads,google,cpc,msp_q2_search_nonbrand,MSP,FL,88,2026-06-16,lead,ACME-L01197
Jerry,Cameron,jerry.cameron@petersgroup.example.com,Peters Group,Practice Manager,Referral,,,,MSP,Unassigned,45,2026-06-16,lead,ACME-L01198
Theresa,Riddle,theresa.riddle@alvarezwilliams.example.com,Alvarez-Williams,IT Manager,Google Ads,google,cpc,msp_q2_search_nonbrand,MSP,NJ,66,2026-06-16,lead,ACME-L01199
Linda,Fleming,linda.fleming@garciagroup.example.com,Garcia Group,Practice Manager,Meta Ads,facebook,paid_social,msp_q2_leadgen,MSP,CA,58,2026-06-16,lead,ACME-L01200
Timothy,Carpenter,timothy.carpenter@jamesbatesandcook.example.com,James Bates and Cook,CFO,Google Ads,google,cpc,msp_q2_search_nonbrand,MSP,MA,67,2026-06-16,lead,ACME-L01201
Ricky,Harper,ricky.harper@harmondavisandblackburn.example.com,Harmon Davis and Blackburn,IT Director,Google Ads,google,cpc,msp_q2_search_nonbrand,MSP,NY,63,2026-06-16,lead,ACME-L01202
Hannah,Smith,hannah.smith@thomasthompsonandreyes.example.com,Thomas Thompson and Reyes,Owner,Meta Ads,facebook,paid_social,msp_q2_leadgen,MSP,NY,61,2026-06-16,lead,ACME-L01203
Alison,Freeman,alison.freeman@singletonwilliamsandmart.example.com,Singleton Williams and Martinez,IT Manager,Referral,,,,MSP,TX,73,2026-06-16,lead,ACME-L01204
Samantha,Moody,samantha.moody@schroederramseyandcooper.example.com,Schroeder Ramsey and Cooper,CFO,Google Ads,google,cpc,msp_q2_search_nonbrand,MSP,IL,75,2026-06-16,lead,ACME-L01205
Lisa,Walls,lisa.walls@houseplc.example.com,House PLC,Operations Manager,Meta Ads,facebook,paid_social,msp_q2_leadgen,MSP,IL,57,2026-06-16,lead,ACME-L01206
Dana,Yang,dana.yang@bennettmartinez.example.com,Bennett-Martinez,COO,Google Ads,google,cpc,msp_q2_search_brand,MSP,FL,94,2026-06-16,lead,ACME-L01207
Jay,Ayers,jay.ayers@hooverhoover.example.com,Hoover-Hoover,Operations Manager,Meta Ads,facebook,paid_social,msp_q2_leadgen,MSP,Unassigned,88,2026-06-16,lead,ACME-L01208
Summer,Brewer,summer.brewer@carterlarsenandlynch.example.com,Carter Larsen and Lynch,IT Director,Meta Ads,facebook,paid_social,msp_q2_leadgen,MSP,CA,74,2026-06-17,lead,ACME-L01209
Jacqueline,Stanley,jacqueline.stanley@chavezallenandmcdonald.example.com,Chavez Allen and Mcdonald,Operations Manager,Referral,,,,MSP,TX,,2026-06-17,salesqualifiedlead,ACME-L01210
Benjamin,Wise,benjamin.wise@piercecamposandburns.example.com,Pierce Campos and Burns,IT Director,Google Ads,google,cpc,msp_q2_search_nonbrand,MSP,NY,84,2026-06-17,lead,ACME-L01211
Gregory,Mason,gregory.mason@kingplc.example.com,King PLC,Office Manager,Outbound,,,,MSP,CA,63,2026-06-17,lead,ACME-L01212
Allison,Thompson,allison.thompson@washingtonplc.example.com,Washington PLC,Operations Manager,Google Ads,google,cpc,msp_q2_search_nonbrand,MSP,CA,67,2026-06-17,lead,ACME-L01213
Kevin,Ritter,kevin.ritter@gibsonallison.example.com,Gibson-Allison,COO,Google Ads,google,cpc,msp_q2_search_nonbrand,MSP,TX,67,2026-06-17,opportunity,ACME-L01214
Samantha,Cooper,samantha.cooper@hubbardgregory.example.com,Hubbard-Gregory,COO,Google Ads,google,cpc,msp_q2_search_brand,MSP,MA,67,2026-06-17,lead,ACME-L01215
Paula,Williams,paula.williams@woodllc.example.com,Wood LLC,Office Manager,Meta Ads,facebook,paid_social,msp_q2_leadgen,MSP,NY,58,2026-06-17,lead,ACME-L01216
Hayden,Anderson,hayden.anderson@spencegroup.example.com,Spence Group,Owner,Meta Ads,facebook,paid_social,msp_q2_leadgen,MSP,CA,80,2026-06-17,lead,ACME-L01217
Deborah,Moore,deborah.moore@martinezabbott.example.com,Martinez-Abbott,Owner,Meta Ads,facebook,paid_social,msp_q2_leadgen,MSP,CA,,2026-06-17,lead,ACME-L01218
Mary,Allen,mary.allen@riddleowens.example.com,Riddle-Owens,Operations Manager,Google Ads,google,cpc,msp_q2_search_nonbrand,MSP,NJ,67,2026-06-17,lead,ACME-L01219
Lawrence,Brandt,lawrence.brandt@alexanderwillis.example.com,Alexander-Willis,IT Director,Call Tracking,callrail,phone,local_services,MSP,CA,70,2026-06-17,lead,ACME-L01220
Paula,Tran,paula.tran@blackphillipsandray.example.com,Black Phillips and Ray,IT Manager,Meta Ads,facebook,paid_social,msp_q2_leadgen,MSP,NJ,88,2026-06-17,lead,ACME-L01221
Kevin,Holder,kevin.holder@martinplc.example.com,Martin PLC,CFO,Meta Ads,facebook,paid_social,msp_q2_leadgen,MSP,TX,88,2026-06-17,lead,ACME-L01222
Samantha,Garcia,samantha.garcia@danielsllc.example.com,Daniels LLC,CFO,Google Ads,google,cpc,msp_q2_search_nonbrand,MSP,MA,67,2026-06-17,lead,ACME-L01223
Shawn,Baldwin,shawn.baldwin@whiteochoa.example.com,White-Ochoa,Practice Manager,Google Ads,google,cpc,msp_q2_search_brand,MSP,NJ,91,2026-06-17,lead,ACME-L01224
Beth,Hernandez,beth.hernandez@cookmeyerandacevedo.example.com,Cook Meyer and Acevedo,Operations Manager,Meta Ads,facebook,paid_social,msp_q2_leadgen,MSP,Unassigned,61,2026-06-17,lead,ACME-L01225
Tina,Taylor,tina.taylor@richardsoninc.example.com,Richardson Inc,IT Manager,Google Ads,google,cpc,msp_q2_search_nonbrand,MSP,Unassigned,94,2026-06-17,lead,ACME-L01226
Yolanda,Gonzalez,yolanda.gonzalez@moralesandsons.example.com,Morales and Sons,Office Manager,Meta Ads,facebook,paid_social,msp_q2_leadgen,MSP,NY,61,2026-06-18,lead,ACME-L01227
Edward,Rodriguez,edward.rodriguez@stephensmartin.example.com,Stephens-Martin,Operations Manager,Meta Ads,facebook,paid_social,msp_q2_leadgen,MSP,MA,88,2026-06-18,lead,ACME-L01228
Steven,Malone,steven.malone@stricklandgriffin.example.com,Strickland-Griffin,Owner,Google Ads,google,cpc,msp_q2_search_nonbrand,MSP,MA,94,2026-06-18,lead,ACME-L01229
Lauren,Young,lauren.young@lozanoandsons.example.com,Lozano and Sons,CFO,Google Ads,google,cpc,msp_q2_search_nonbrand,MSP,NJ,94,2026-06-18,lead,ACME-L01230
Michael,Gibbs,michael.gibbs@wrightcarterandramirez.example.com,Wright Carter and Ramirez,Owner,Meta Ads,facebook,paid_social,msp_q2_leadgen,MSP,MA,61,2026-06-18,lead,ACME-L01231
Jason,Cisneros,jason.cisneros@clarkwilliams.example.com,Clark-Williams,Office Manager,Meta Ads,facebook,paid_social,msp_q2_leadgen,MSP,NY,39,2026-06-18,lead,ACME-L01232
Stacey,Smith,stacey.smith@tuckerllc.example.com,Tucker LLC,Office Manager,Meta Ads,facebook,paid_social,msp_q2_leadgen,MSP,NY,88,2026-06-18,opportunity,ACME-L01233
Thomas,Hicks,thomas.hicks@williamsltd.example.com,Williams Ltd,Owner,Meta Ads,facebook,paid_social,msp_q2_leadgen,MSP,NY,61,2026-06-18,lead,ACME-L01234
Emily,Davis,emily.davis@merritthaynesandjackson.example.com,Merritt Haynes and Jackson,COO,Meta Ads,facebook,paid_social,msp_q2_leadgen,MSP,Unassigned,60,2026-06-18,lead,ACME-L01235
Jeffrey,Miller,jeffrey.miller@johnsonplc.example.com,Johnson PLC,Practice Manager,Google Ads,google,cpc,msp_q2_search_brand,MSP,MA,81,2026-06-18,lead,ACME-L01236
Jennifer,Patel,jennifer.patel@steelerobertsonandbell.example.com,Steele Robertson and Bell,Owner,Meta Ads,facebook,paid_social,msp_q2_leadgen,MSP,CA,42,2026-06-18,salesqualifiedlead,ACME-L01237
Roger,Dixon,roger.dixon@wheelerlewisandhuff.example.com,Wheeler Lewis and Huff,IT Manager,Meta Ads,facebook,paid_social,msp_q2_leadgen,MSP,IL,88,2026-06-18,lead,ACME-L01238
Alyssa,Gonzalez,alyssa.gonzalez@reyesdelgadoandcastillo.example.com,Reyes Delgado and Castillo,IT Director,Meta Ads,facebook,paid_social,msp_q2_leadgen,MSP,NY,88,2026-06-18,lead,ACME-L01239
Mark,Obrien,mark.obrien@riverablackburnandlynn.example.com,Rivera Blackburn and Lynn,IT Director,Google Ads,google,cpc,msp_q2_search_nonbrand,MSP,CA,94,2026-06-18,lead,ACME-L01240
Joseph,Dixon,joseph.dixon@hicksrodriguez.example.com,Hicks-Rodriguez,,Meta Ads,facebook,paid_social,msp_q2_leadgen,MSP,FL,82,2026-06-18,lead,ACME-L01241
Monica,Williams,monica.williams@brownplc.example.com,Brown PLC,CFO,Outbound,,,,MSP,MA,63,2026-06-18,lead,ACME-L01242
Carrie,Murphy,carrie.murphy@woodcarr.example.com,Wood-Carr,Operations Manager,Referral,,,,MSP,IL,78,2026-06-18,lead,ACME-L01243
Travis,Poole,travis.poole@garrisonzhang.example.com,Garrison-Zhang,COO,Call Tracking,callrail,phone,gbp_listing,MSP,NJ,97,2026-06-19,salesqualifiedlead,ACME-L01244
Caitlin,Rowe,caitlin.rowe@thomasltd.example.com,Thomas Ltd,Operations Manager,Meta Ads,facebook,paid_social,msp_q2_leadgen,MSP,NY,45,2026-06-19,lead,ACME-L01245
Eric,Gonzales,eric.gonzales@fordmooreandlewis.example.com,Ford Moore and Lewis,Owner,Referral,,,,MSP,NJ,99,2026-06-19,lead,ACME-L01246
Elizabeth,Hamilton,elizabeth.hamilton@morandixonandjackson.example.com,Moran Dixon and Jackson,,Google Ads,google,cpc,msp_q2_search_nonbrand,MSP,IL,94,2026-06-19,lead,ACME-L01247
Austin,Garza,austin.garza@penaplc.example.com,Pena PLC,COO,Google Ads,google,cpc,msp_q2_search_brand,MSP,NY,67,2026-06-19,salesqualifiedlead,ACME-L01248
Randall,Malone,randall.malone@hardyandsons.example.com,Hardy and Sons,COO,Call Tracking,callrail,phone,local_services,MSP,IL,97,2026-06-19,lead,ACME-L01249
Christina,Rivera,christina.rivera@phillipsplc.example.com,Phillips PLC,Operations Manager,Referral,,,,MSP,NJ,100,2026-06-19,lead,ACME-L01250
Johnny,Miller,johnny.miller@harrisllc.example.com,Harris LLC,CFO,Call Tracking,callrail,phone,local_services,MSP,Unassigned,67,2026-06-19,lead,ACME-L01251
Lauren,Sullivan,lauren.sullivan@gonzalesfarmerandgarcia.example.com,Gonzales Farmer and Garcia,CFO,Google Ads,google,cpc,msp_q2_search_nonbrand,MSP,NJ,67,2026-06-19,lead,ACME-L01252
Randy,Kelley,randy.kelley@martininc.example.com,Martin Inc,Practice Manager,Referral,,,,MSP,TX,90,2026-06-19,lead,ACME-L01253
David,Robinson,david.robinson@davisdeanandcallahan.example.com,Davis Dean and Callahan,COO,Referral,,,,MSP,IL,73,2026-06-19,lead,ACME-L01254
Ashley,Morris,ashley.morris@harrisoninc.example.com,Harrison Inc,COO,Google Ads,google,cpc,msp_q2_search_brand,MSP,CA,37,2026-06-19,lead,ACME-L01255
Cynthia,Olson,cynthia.olson@bakerllc.example.com,Baker LLC,Owner,Meta Ads,facebook,paid_social,msp_q2_leadgen,MSP,CA,88,2026-06-19,lead,ACME-L01256
Allison,Ellis,allison.ellis@youngltd.example.com,Young Ltd,COO,Referral,,,,MSP,MA,73,2026-06-19,lead,ACME-L01257
Robert,Gordon,robert.gordon@andersondominguezandsmit.example.com,Anderson Dominguez and Smith,COO,Referral,,,,MSP,NJ,73,2026-06-19,lead,ACME-L01258
Jennifer,Curry,jennifer.curry@cherryltd.example.com,Cherry Ltd,COO,Google Ads,google,cpc,msp_q2_search_brand,MSP,NY,78,2026-06-19,lead,ACME-L01259
Logan,Thomas,logan.thomas@flynnibarra.example.com,Flynn-Ibarra,IT Manager,Google Ads,google,cpc,msp_q2_search_nonbrand,MSP,FL,67,2026-06-19,lead,ACME-L01260
Kyle,Harris,kyle.harris@davisandsons.example.com,Davis and Sons,IT Manager,Meta Ads,facebook,paid_social,msp_q2_leadgen,MSP,NJ,88,2026-06-19,lead,ACME-L01261
Brandon,Roberts,brandon.roberts@grosstorresandorr.example.com,Gross Torres and Orr,Owner,Google Ads,google,cpc,msp_q2_search_nonbrand,MSP,FL,67,2026-06-20,lead,ACME-L01262
Debra,Mcdaniel,debra.mcdaniel@lopezltd.example.com,Lopez Ltd,Owner,Google Ads,google,cpc,msp_q2_search_brand,MSP,NJ,94,2026-06-20,lead,ACME-L01263
Patrick,Graham,patrick.graham@evanscoffey.example.com,Evans-Coffey,IT Manager,Meta Ads,facebook,paid_social,msp_q2_leadgen,MSP,TX,61,2026-06-20,lead,ACME-L01264
Tyler,Reynolds,tyler.reynolds@garciabarrett.example.com,Garcia-Barrett,Owner,Outbound,,,,MSP,NJ,62,2026-06-20,lead,ACME-L01265
Randy,Harris,randy.harris@garrettwilson.example.com,Garrett-Wilson,CFO,Meta Ads,facebook,paid_social,msp_q2_leadgen,MSP,NJ,88,2026-06-20,lead,ACME-L01266
Jeffrey,Hernandez,jeffrey.hernandez@wilsonmortonanddavis.example.com,Wilson Morton and Davis,,Google Ads,google,cpc,msp_q2_search_brand,MSP,NY,66,2026-06-20,lead,ACME-L01267
Aaron,Davis,aaron.davis@murraylewis.example.com,Murray-Lewis,IT Director,Call Tracking,callrail,phone,gbp_listing,MSP,NJ,97,2026-06-20,lead,ACME-L01268
Paige,Lloyd,paige.lloyd@youngpetersenandross.example.com,Young Petersen and Ross,Owner,Google Ads,google,cpc,msp_q2_search_brand,MSP,CA,45,2026-06-20,lead,ACME-L01269
Cesar,Miller,cesar.miller@butlerrichard.example.com,Butler-Richard,Owner,Google Ads,google,cpc,msp_q2_search_brand,MSP,NY,94,2026-06-20,lead,ACME-L01270
Brittany,Daniels,brittany.daniels@allenltd.example.com,Allen Ltd,COO,Meta Ads,facebook,paid_social,msp_q2_leadgen,MSP,NY,88,2026-06-20,lead,ACME-L01271
Steven,Bird,steven.bird@lawrenceinc.example.com,Lawrence Inc,Office Manager,Google Ads,google,cpc,msp_q2_search_nonbrand,MSP,NY,94,2026-06-21,lead,ACME-L01272
Tyler,Perez,tyler.perez@davisplc.example.com,Davis PLC,IT Director,Meta Ads,facebook,paid_social,msp_q2_leadgen,MSP,IL,88,2026-06-21,lead,ACME-L01273
Jennifer,Schmidt,jennifer.schmidt@garciaedwardsandbrown.example.com,Garcia Edwards and Brown,CFO,Meta Ads,facebook,paid_social,msp_q2_leadgen,MSP,TX,61,2026-06-21,lead,ACME-L01274
Michael,Hill,michael.hill@hensleywolfandpeters.example.com,Hensley Wolf and Peters,CFO,Referral,,,,MSP,CA,73,2026-06-21,opportunity,ACME-L01275
Joseph,Quinn,joseph.quinn@robinsongroup.example.com,Robinson Group,,Outbound,,,,MSP,NY,90,2026-06-21,lead,ACME-L01276
Tina,Adams,tina.adams@herrerahernandez.example.com,Herrera-Hernandez,IT Manager,Google Ads,google,cpc,msp_q2_search_nonbrand,MSP,NY,67,2026-06-21,lead,ACME-L01277
Brandon,Davis,brandon.davis@nealgroup.example.com,Neal Group,IT Director,Referral,,,,MSP,CA,84,2026-06-21,lead,ACME-L01278
Ronald,Lopez,ronald.lopez@mooreduran.example.com,Moore-Duran,IT Manager,Meta Ads,facebook,paid_social,msp_q2_leadgen,MSP,NJ,88,2026-06-21,lead,ACME-L01279
Matthew,Mendez,matthew.mendez@clarkrichandhoward.example.com,Clark Rich and Howard,Owner,Google Ads,google,cpc,msp_q2_search_nonbrand,MSP,NY,37,2026-06-22,opportunity,ACME-L01280
Sierra,Schultz,sierra.schultz@rayzamora.example.com,Ray-Zamora,IT Director,Outbound,,,,MSP,Unassigned,90,2026-06-22,lead,ACME-L01281
Carl,Allen,carl.allen@brownriveraandfuller.example.com,Brown Rivera and Fuller,IT Director,Google Ads,google,cpc,msp_q2_search_brand,MSP,MA,67,2026-06-22,lead,ACME-L01282
Becky,Peck,becky.peck@bakercastroandward.example.com,Baker Castro and Ward,IT Director,Call Tracking,callrail,phone,local_services,MSP,TX,97,2026-06-22,lead,ACME-L01283
Kevin,Daniel,kevin.daniel@terryblairandblake.example.com,Terry Blair and Blake,IT Director,Outbound,,,,MSP,MA,63,2026-06-22,lead,ACME-L01284
Erin,Weber,erin.weber@watsonjuarezandcook.example.com,Watson Juarez and Cook,Owner,Call Tracking,callrail,phone,gbp_listing,MSP,IL,97,2026-06-22,lead,ACME-L01285
Jason,Goodwin,jason.goodwin@brookspoole.example.com,Brooks-Poole,IT Manager,Google Ads,google,cpc,msp_q2_search_nonbrand,MSP,NY,94,2026-06-22,lead,ACME-L01286
Elizabeth,Hall,elizabeth.hall@brooksbrown.example.com,Brooks-Brown,Practice Manager,Outbound,,,,MSP,NY,90,2026-06-22,lead,ACME-L01287
Deborah,Daniels,deborah.daniels@bauergroup.example.com,Bauer Group,Operations Manager,Google Ads,google,cpc,msp_q2_search_nonbrand,MSP,CA,67,2026-06-22,lead,ACME-L01288
Deborah,Williams,deborah.williams@watsongamble.example.com,Watson-Gamble,Operations Manager,Outbound,,,,MSP,NY,63,2026-06-22,lead,ACME-L01289
Jim,Maxwell,jim.maxwell@nguyenhillandbishop.example.com,Nguyen Hill and Bishop,IT Manager,Google Ads,google,cpc,msp_q2_search_brand,MSP,NJ,67,2026-06-22,lead,ACME-L01290
Shane,Lewis,shane.lewis@barnesestradaanddavis.example.com,Barnes Estrada and Davis,COO,Referral,,,,MSP,NJ,73,2026-06-22,lead,ACME-L01291
Samantha,Bowman,samantha.bowman@woodsbrandtandtaylor.example.com,Woods Brandt and Taylor,COO,Meta Ads,facebook,paid_social,msp_q2_leadgen,MSP,Unassigned,61,2026-06-22,lead,ACME-L01292
Alexander,Vance,alexander.vance@cochranfuller.example.com,Cochran-Fuller,Owner,Google Ads,google,cpc,msp_q2_search_nonbrand,MSP,FL,67,2026-06-22,lead,ACME-L01293
Kristine,Tyler,kristine.tyler@lopezmercerandball.example.com,Lopez Mercer and Ball,CFO,Outbound,,,,MSP,MA,63,2026-06-22,lead,ACME-L01294
Timothy,Noble,timothy.noble@stricklandhurleyanddomin.example.com,Strickland Hurley and Dominguez,,Meta Ads,facebook,paid_social,msp_q2_leadgen,MSP,NJ,61,2026-06-22,lead,ACME-L01295
Jamie,Davis,jamie.davis@jonesdennisandthompson.example.com,Jones Dennis and Thompson,COO,Meta Ads,facebook,paid_social,msp_q2_leadgen,MSP,TX,88,2026-06-22,opportunity,ACME-L01296
Christian,Nguyen,christian.nguyen@nguyenpattersonandmartin.example.com,Nguyen Patterson and Martinez,Owner,Google Ads,google,cpc,msp_q2_search_brand,MSP,NJ,67,2026-06-22,lead,ACME-L01297
James,Cooper,james.cooper@rivaslopezandthompson.example.com,Rivas Lopez and Thompson,COO,Meta Ads,facebook,paid_social,msp_q2_leadgen,MSP,NY,,2026-06-22,lead,ACME-L01298
Jacob,Mccarthy,jacob.mccarthy@levineanderson.example.com,Levine-Anderson,Operations Manager,Meta Ads,facebook,paid_social,msp_q2_leadgen,MSP,MA,31,2026-06-23,lead,ACME-L01299
Kaitlin,Rhodes,kaitlin.rhodes@montgomeryplc.example.com,Montgomery PLC,Office Manager,Google Ads,google,cpc,msp_q2_search_nonbrand,MSP,CA,67,2026-06-23,lead,ACME-L01300
Sara,Hopkins,sara.hopkins@coxllc.example.com,Cox LLC,Owner,Referral,,,,MSP,NY,73,2026-06-23,salesqualifiedlead,ACME-L01301
Leslie,Benjamin,leslie.benjamin@willisplc.example.com,Willis PLC,Office Manager,Outbound,,,,MSP,FL,63,2026-06-23,customer,ACME-L01302
Brandon,Meyer,brandon.meyer@tylermitchellandwilliams.example.com,Tyler Mitchell and Williams,Practice Manager,Google Ads,google,cpc,msp_q2_search_brand,MSP,CA,94,2026-06-23,lead,ACME-L01303
Chase,Butler,chase.butler@jamesltd.example.com,James Ltd,CFO,Google Ads,google,cpc,msp_q2_search_brand,MSP,MA,69,2026-06-23,lead,ACME-L01304
Matthew,Sanders,matthew.sanders@harrisonfrederick.example.com,Harrison-Frederick,CFO,Outbound,,,,MSP,CA,90,2026-06-23,lead,ACME-L01305
Connor,Golden,connor.golden@armstrongwilsonandscott.example.com,Armstrong Wilson and Scott,Office Manager,Referral,,,,MSP,TX,100,2026-06-23,lead,ACME-L01306
Dylan,Davis,dylan.davis@wilsonpotter.example.com,Wilson-Potter,COO,Google Ads,google,cpc,msp_q2_search_nonbrand,MSP,NY,94,2026-06-23,lead,ACME-L01307
Jenna,Gibson,jenna.gibson@maldonadodanielandatkins.example.com,Maldonado Daniel and Atkins,Owner,Call Tracking,callrail,phone,local_services,MSP,IL,97,2026-06-23,lead,ACME-L01308
Joshua,Young,joshua.young@browntorresandcox.example.com,Brown Torres and Cox,Operations Manager,Meta Ads,facebook,paid_social,msp_q2_leadgen,MSP,NJ,88,2026-06-23,lead,ACME-L01309
Joshua,Zavala,joshua.zavala@gutierrezplc.example.com,Gutierrez PLC,IT Director,Call Tracking,callrail,phone,local_services,MSP,CA,70,2026-06-23,lead,ACME-L01310
Adam,Copeland,adam.copeland@johnstonschmittandlamb.example.com,Johnston Schmitt and Lamb,CFO,Referral,,,,MSP,NY,100,2026-06-23,lead,ACME-L01311
Albert,Mendoza,albert.mendoza@thorntonarnoldandpierce.example.com,Thornton Arnold and Pierce,COO,Google Ads,google,cpc,msp_q2_search_brand,MSP,Unassigned,17,2026-06-23,lead,ACME-L01312
Gregory,Davis,gregory.davis@kirkltd.example.com,Kirk Ltd,Practice Manager,Outbound,,,,MSP,CA,33,2026-06-23,lead,ACME-L01313
Linda,Perez,linda.perez@warrensantiagoandlevy.example.com,Warren Santiago and Levy,Practice Manager,Google Ads,google,cpc,msp_q2_search_brand,MSP,NY,67,2026-06-23,lead,ACME-L01314
Jeffrey,Clark,jeffrey.clark@watsonporterandarmstrong.example.com,Watson Porter and Armstrong,Office Manager,Referral,,,,MSP,MA,100,2026-06-23,lead,ACME-L01315
Darren,Scott,darren.scott@connernguyenandhurley.example.com,Conner Nguyen and Hurley,Practice Manager,Google Ads,google,cpc,msp_q2_search_nonbrand,MSP,NY,67,2026-06-23,lead,ACME-L01316
Lori,Miller,lori.miller@harveyberry.example.com,Harvey-Berry,IT Manager,Google Ads,google,cpc,msp_q2_search_nonbrand,MSP,NY,67,2026-06-24,lead,ACME-L01317
David,Johnson,david.johnson@johnsonbrown.example.com,Johnson-Brown,Practice Manager,Outbound,,,,MSP,MA,90,2026-06-24,lead,ACME-L01318
Ashley,Hill,ashley.hill@cohenallison.example.com,Cohen-Allison,IT Manager,Meta Ads,facebook,paid_social,msp_q2_leadgen,MSP,IL,88,2026-06-24,lead,ACME-L01319
Ashley,Davis,ashley.davis@mooreplc.example.com,Moore PLC,Practice Manager,Outbound,,,,MSP,NY,90,2026-06-24,lead,ACME-L01320
Courtney,Byrd,courtney.byrd@francissmithandparks.example.com,Francis Smith and Parks,Office Manager,Meta Ads,facebook,paid_social,msp_q2_leadgen,MSP,Unassigned,60,2026-06-24,lead,ACME-L01321
Eric,Diaz,eric.diaz@farrellpollard.example.com,Farrell-Pollard,,Google Ads,google,cpc,msp_q2_search_nonbrand,MSP,CA,67,2026-06-24,lead,ACME-L01322
Matthew,Mccoy,matthew.mccoy@willisandsons.example.com,Willis and Sons,Owner,Call Tracking,callrail,phone,gbp_listing,MSP,IL,70,2026-06-24,lead,ACME-L01323
William,Mason,william.mason@finleyrichardson.example.com,Finley-Richardson,IT Manager,Google Ads,google,cpc,msp_q2_search_brand,MSP,MA,67,2026-06-24,lead,ACME-L01324
Tanya,Edwards,tanya.edwards@williamssimmons.example.com,Williams-Simmons,IT Manager,Google Ads,google,cpc,msp_q2_search_nonbrand,MSP,MA,94,2026-06-24,lead,ACME-L01325
Amber,Tucker,amber.tucker@huynhcarpenterandmoreno.example.com,Huynh Carpenter and Moreno,Practice Manager,Meta Ads,facebook,paid_social,msp_q2_leadgen,MSP,NJ,60,2026-06-24,lead,ACME-L01326
Ashley,Solomon,ashley.solomon@hernandezinc.example.com,Hernandez Inc,Owner,Referral,,,,MSP,MA,73,2026-06-24,salesqualifiedlead,ACME-L01327
Laura,Zimmerman,laura.zimmerman@weberltd.example.com,Weber Ltd,Practice Manager,Meta Ads,facebook,paid_social,msp_q2_leadgen,MSP,NY,88,2026-06-24,lead,ACME-L01328
Kevin,Jones,kevin.jones@ellisonltd.example.com,Ellison Ltd,Owner,Outbound,,,,MSP,CA,90,2026-06-24,lead,ACME-L01329
Gregory,Green,gregory.green@millerltd.example.com,Miller Ltd,CFO,Outbound,,,,MSP,MA,90,2026-06-24,lead,ACME-L01330
Lori,Smith,lori.smith@wileyscott.example.com,Wiley-Scott,COO,Google Ads,google,cpc,msp_q2_search_nonbrand,MSP,NJ,67,2026-06-24,lead,ACME-L01331
Luis,Martinez,luis.martinez@basspowersandpaul.example.com,Bass Powers and Paul,CFO,Meta Ads,facebook,paid_social,msp_q2_leadgen,MSP,IL,82,2026-06-24,lead,ACME-L01332
Joshua,Brown,joshua.brown@petersongroup.example.com,Peterson Group,CFO,Meta Ads,facebook,paid_social,msp_q2_leadgen,MSP,NY,88,2026-06-24,lead,ACME-L01333
Michael,Thomas,michael.thomas@morajonesandhorton.example.com,Mora Jones and Horton,COO,Google Ads,google,cpc,msp_q2_search_nonbrand,MSP,IL,,2026-06-24,lead,ACME-L01334
Andrew,Villanueva,andrew.villanueva@morgangroup.example.com,Morgan Group,COO,Google Ads,google,cpc,msp_q2_search_brand,MSP,NY,94,2026-06-24,lead,ACME-L01335
Andrea,Guzman,andrea.guzman@kingrivas.example.com,King-Rivas,Owner,Google Ads,google,cpc,msp_q2_search_brand,MSP,NY,67,2026-06-24,lead,ACME-L01336
Jonathan,Green,jonathan.green@knightgroup.example.com,Knight Group,CFO,Google Ads,google,cpc,msp_q2_search_brand,MSP,Unassigned,47,2026-06-25,lead,ACME-L01337
Jennifer,Webster,jennifer.webster@williamsinc.example.com,Williams Inc,COO,Outbound,,,,MSP,NJ,90,2026-06-25,salesqualifiedlead,ACME-L01338
Joshua,Day,joshua.day@willisevans.example.com,Willis-Evans,Owner,Meta Ads,facebook,paid_social,msp_q2_leadgen,MSP,Unassigned,38,2026-06-25,lead,ACME-L01339
Lindsay,Schwartz,lindsay.schwartz@taylorchambersanddavidso.example.com,Taylor Chambers and Davidson,COO,Call Tracking,callrail,phone,local_services,MSP,FL,85,2026-06-25,opportunity,ACME-L01340
Melanie,Phillips,melanie.phillips@cooperortiz.example.com,Cooper-Ortiz,Office Manager,Meta Ads,facebook,paid_social,msp_q2_leadgen,MSP,NY,61,2026-06-25,lead,ACME-L01341
Monica,Ramos,monica.ramos@hillwilson.example.com,Hill-Wilson,COO,Google Ads,google,cpc,msp_q2_search_brand,MSP,NY,92,2026-06-25,lead,ACME-L01342
Kenneth,Spencer,kenneth.spencer@moramoralesandreynolds.example.com,Mora Morales and Reynolds,Office Manager,Google Ads,google,cpc,msp_q2_search_nonbrand,MSP,CA,94,2026-06-25,lead,ACME-L01343
Hannah,Johnson,hannah.johnson@underwoodmartin.example.com,Underwood-Martin,Office Manager,Call Tracking,callrail,phone,local_services,MSP,IL,97,2026-06-25,lead,ACME-L01344
Amy,Stephens,amy.stephens@alvarezbushandsavage.example.com,Alvarez Bush and Savage,COO,Meta Ads,facebook,paid_social,msp_q2_leadgen,MSP,NY,61,2026-06-25,lead,ACME-L01345
Troy,Sherman,troy.sherman@wongdouglasandchapman.example.com,Wong Douglas and Chapman,Operations Manager,Meta Ads,facebook,paid_social,,MSP,TX,88,2026-06-25,lead,ACME-L01346
Derek,Snyder,derek.snyder@suttonstaffordandanderso.example.com,Sutton Stafford and Anderson,CFO,Meta Ads,facebook,paid_social,msp_q2_leadgen,MSP,TX,61,2026-06-25,lead,ACME-L01347
Antonio,Peck,antonio.peck@millerplc.example.com,Miller PLC,COO,Meta Ads,facebook,paid_social,msp_q2_leadgen,MSP,Unassigned,88,2026-06-25,lead,ACME-L01348
Rodney,Parker,rodney.parker@morganinc.example.com,Morgan Inc,Office Manager,Outbound,,,,MSP,NY,63,2026-06-25,lead,ACME-L01349
Joe,Caldwell,joe.caldwell@browningkerr.example.com,Browning-Kerr,Operations Manager,Call Tracking,callrail,phone,local_services,MSP,CA,67,2026-06-25,salesqualifiedlead,ACME-L01350
Gregory,Russell,gregory.russell@mackrivasandalvarez.example.com,Mack Rivas and Alvarez,IT Manager,Google Ads,google,cpc,,MSP,TX,67,2026-06-25,opportunity,ACME-L01351
Debra,Koch,debra.koch@yodermartinandsmith.example.com,Yoder Martin and Smith,COO,Outbound,,,,MSP,CA,63,2026-06-25,lead,ACME-L01352
Jillian,Brown,jillian.brown@leonltd.example.com,Leon Ltd,Practice Manager,Google Ads,google,cpc,msp_q2_search_nonbrand,MSP,NY,94,2026-06-25,lead,ACME-L01353
Kelly,Haynes,kelly.haynes@suttongriffinandswanson.example.com,Sutton Griffin and Swanson,Office Manager,Referral,,,,MSP,NJ,100,2026-06-25,salesqualifiedlead,ACME-L01354
Andrew,Johnson,andrew.johnson@pattersonltd.example.com,Patterson Ltd,COO,Meta Ads,facebook,paid_social,msp_q2_leadgen,MSP,CA,61,2026-06-25,lead,ACME-L01355
Carla,Daniel,carla.daniel@mitchellgroup.example.com,Mitchell Group,CFO,Meta Ads,facebook,paid_social,msp_q2_leadgen,MSP,CA,,2026-06-25,lead,ACME-L01356
Jacob,Casey,jacob.casey@mcneilhatfieldandmyers.example.com,Mcneil Hatfield and Myers,Practice Manager,Meta Ads,facebook,paid_social,msp_q2_leadgen,MSP,TX,88,2026-06-25,lead,ACME-L01357
Lisa,Knight,lisa.knight@greeneweeks.example.com,Greene-Weeks,CFO,Outbound,,,,MSP,MA,90,2026-06-25,lead,ACME-L01358
Jessica,Martinez,jessica.martinez@patelcollinsandharris.example.com,Patel Collins and Harris,CFO,Google Ads,google,cpc,msp_q2_search_nonbrand,MSP,CA,39,2026-06-25,lead,ACME-L01359
Lindsey,Clarke,lindsey.clarke@wilsonlopez.example.com,Wilson-Lopez,Owner,Referral,,,,MSP,FL,100,2026-06-25,lead,ACME-L01360
David,Jennings,david.jennings@jonesgroup.example.com,Jones Group,IT Director,Google Ads,google,cpc,msp_q2_search_brand,MSP,TX,55,2026-06-25,lead,ACME-L01361
Elizabeth,Russo,elizabeth.russo@martinezgroup.example.com,Martinez Group,IT Director,Referral,,,,MSP,NY,73,2026-06-26,lead,ACME-L01362
Michael,Mcdonald,michael.mcdonald@mckenzieandsons.example.com,Mckenzie and Sons,Practice Manager,Google Ads,google,cpc,msp_q2_search_nonbrand,MSP,CA,90,2026-06-26,customer,ACME-L01363
Benjamin,Cunningham,benjamin.cunningham@thompsonwilson.example.com,Thompson-Wilson,Owner,Google Ads,google,cpc,msp_q2_search_nonbrand,MSP,NJ,94,2026-06-26,salesqualifiedlead,ACME-L01364
Frank,Brown,frank.brown@snyderpierce.example.com,Snyder-Pierce,IT Director,Google Ads,google,cpc,msp_q2_search_brand,MSP,NY,54,2026-06-26,lead,ACME-L01365
Michael,Barnes,michael.barnes@westhaasandgutierrez.example.com,West Haas and Gutierrez,Office Manager,Referral,,,,MSP,CA,73,2026-06-26,lead,ACME-L01366
Mikayla,Gonzales,mikayla.gonzales@woodardgroup.example.com,Woodard Group,CFO,Meta Ads,facebook,paid_social,msp_q2_leadgen,MSP,IL,61,2026-06-26,opportunity,ACME-L01367
Melissa,Rivera,melissa.rivera@campbellweeks.example.com,Campbell-Weeks,IT Director,Google Ads,google,cpc,msp_q2_search_brand,MSP,CA,67,2026-06-26,lead,ACME-L01368
Rachel,Friedman,rachel.friedman@johnsonshawandroach.example.com,Johnson Shaw and Roach,Practice Manager,Meta Ads,facebook,paid_social,msp_q2_leadgen,MSP,MA,88,2026-06-26,salesqualifiedlead,ACME-L01369
Christopher,Wilson,christopher.wilson@torresdean.example.com,Torres-Dean,,Call Tracking,callrail,phone,local_services,MSP,CA,97,2026-06-26,lead,ACME-L01370
Cassidy,Gray,cassidy.gray@goodwinsmithandsavage.example.com,Goodwin Smith and Savage,IT Manager,Meta Ads,facebook,paid_social,msp_q2_leadgen,MSP,NJ,76,2026-06-26,lead,ACME-L01371
Megan,Luna,megan.luna@davissalazar.example.com,Davis-Salazar,COO,Google Ads,google,cpc,msp_q2_search_nonbrand,MSP,FL,67,2026-06-26,lead,ACME-L01372
Andrew,Castillo,andrew.castillo@joneschavez.example.com,Jones-Chavez,IT Manager,Meta Ads,facebook,paid_social,msp_q2_leadgen,MSP,NJ,61,2026-06-26,lead,ACME-L01373
Gregory,Wilson,gregory.wilson@morabarker.example.com,Mora-Barker,IT Manager,Meta Ads,facebook,paid_social,msp_q2_leadgen,MSP,TX,61,2026-06-26,lead,ACME-L01374
Madison,Gardner,madison.gardner@smithinc.example.com,Smith Inc,COO,Meta Ads,facebook,paid_social,msp_q2_leadgen,MSP,CA,61,2026-06-26,lead,ACME-L01375
Eric,Rose,eric.rose@bennettandsons.example.com,Bennett and Sons,Owner,Meta Ads,facebook,paid_social,,MSP,MA,61,2026-06-26,lead,ACME-L01376
James,Beltran,james.beltran@rodriguezhillandturner.example.com,Rodriguez Hill and Turner,IT Manager,Google Ads,google,cpc,msp_q2_search_brand,MSP,NY,94,2026-06-26,salesqualifiedlead,ACME-L01377
Sheila,Humphrey,sheila.humphrey@blakeadkins.example.com,Blake-Adkins,Owner,Meta Ads,facebook,paid_social,msp_q2_leadgen,MSP,TX,61,2026-06-26,lead,ACME-L01378
Elizabeth,Clarke,elizabeth.clarke@smithmillerandaustin.example.com,Smith Miller and Austin,Owner,Referral,,,,MSP,Unassigned,100,2026-06-26,lead,ACME-L01379
Gregory,Carey,gregory.carey@chandleradamsandsingleto.example.com,Chandler Adams and Singleton,Owner,Google Ads,google,cpc,msp_q2_search_nonbrand,MSP,TX,67,2026-06-26,lead,ACME-L01380
Lisa,Brown,lisa.brown@welchandsons.example.com,Welch and Sons,CFO,Referral,,,,MSP,NY,73,2026-06-26,lead,ACME-L01381
Zachary,Taylor,zachary.taylor@tranplc.example.com,Tran PLC,IT Manager,Google Ads,google,cpc,msp_q2_search_nonbrand,MSP,IL,67,2026-06-26,lead,ACME-L01382
Johnny,Burnett,johnny.burnett@vazquezandsons.example.com,Vazquez and Sons,IT Director,Meta Ads,facebook,paid_social,msp_q2_leadgen,MSP,NY,61,2026-06-26,lead,ACME-L01383
Alan,Green,alan.green@nolanjordan.example.com,Nolan-Jordan,IT Manager,Outbound,,,,MSP,IL,56,2026-06-26,salesqualifiedlead,ACME-L01384
Richard,Walter,richard.walter@thompsonwaters.example.com,Thompson-Waters,Owner,Meta Ads,facebook,paid_social,msp_q2_leadgen,MSP,TX,61,2026-06-27,lead,ACME-L01385
William,Johnson,william.johnson@williamsmason.example.com,Williams-Mason,Practice Manager,Meta Ads,facebook,paid_social,msp_q2_leadgen,MSP,TX,37,2026-06-27,lead,ACME-L01386
Brian,Brown,brian.brown@oneillllc.example.com,Oneill LLC,IT Director,Google Ads,google,cpc,msp_q2_search_brand,MSP,CA,59,2026-06-27,salesqualifiedlead,ACME-L01387
Jennifer,Cain,jennifer.cain@blakeanderson.example.com,Blake-Anderson,,Referral,,,,MSP,NY,72,2026-06-27,lead,ACME-L01388
Nathan,Browning,nathan.browning@morrisonanderson.example.com,Morrison-Anderson,IT Director,Meta Ads,facebook,paid_social,msp_q2_leadgen,MSP,CA,,2026-06-27,lead,ACME-L01389
Daniel,Gonzalez,daniel.gonzalez@bensonjacksonandford.example.com,Benson Jackson and Ford,Practice Manager,Outbound,,,,MSP,CA,63,2026-06-27,lead,ACME-L01390
Arthur,Haynes,arthur.haynes@garciaschaeferandeaton.example.com,Garcia Schaefer and Eaton,Owner,Google Ads,google,cpc,msp_q2_search_nonbrand,MSP,CA,94,2026-06-27,lead,ACME-L01391
Angela,Smith,angela.smith@morrisonarellano.example.com,Morrison-Arellano,CFO,Outbound,,,,MSP,MA,63,2026-06-28,lead,ACME-L01392
Tracy,Thompson,tracy.thompson@kochnashandcabrera.example.com,Koch Nash and Cabrera,Owner,Call Tracking,callrail,phone,local_services,MSP,FL,54,2026-06-28,lead,ACME-L01393
Stephanie,Perez,stephanie.perez@jonesgriffinandsmith.example.com,Jones Griffin and Smith,COO,Google Ads,google,cpc,msp_q2_search_nonbrand,MSP,IL,67,2026-06-28,lead,ACME-L01394
Allison,Spencer,allison.spencer@brandtwilliamsandpatrick.example.com,Brandt Williams and Patrick,Office Manager,Call Tracking,callrail,phone,gbp_listing,MSP,Unassigned,67,2026-06-28,salesqualifiedlead,ACME-L01395
Carlos,Williams,carlos.williams@meyerhall.example.com,Meyer-Hall,IT Director,Google Ads,google,cpc,msp_q2_search_brand,MSP,TX,94,2026-06-28,lead,ACME-L01396
Richard,Carey,richard.carey@adamsjacksonandgallegos.example.com,Adams Jackson and Gallegos,IT Manager,Meta Ads,facebook,paid_social,msp_q2_leadgen,MSP,IL,88,2026-06-28,lead,ACME-L01397
Victor,Diaz,victor.diaz@millermiddleton.example.com,Miller-Middleton,Operations Manager,Referral,,,,MSP,CA,48,2026-06-28,salesqualifiedlead,ACME-L01398
Dennis,Webb,dennis.webb@hicksedwardsandpierce.example.com,Hicks Edwards and Pierce,IT Director,Google Ads,google,cpc,msp_q2_search_nonbrand,MSP,CA,80,2026-06-28,lead,ACME-L01399
Lisa,Thomas,lisa.thomas@riverarobbins.example.com,Rivera-Robbins,Office Manager,Google Ads,google,cpc,,MSP,TX,67,2026-06-29,lead,ACME-L01400
Mia,Burns,mia.burns@bakercarrandmoore.example.com,Baker Carr and Moore,COO,Outbound,,,,MSP,NY,63,2026-06-29,salesqualifiedlead,ACME-L01401
Jessica,Rogers,jessica.rogers@powellllc.example.com,Powell LLC,Owner,Referral,,,,MSP,Unassigned,53,2026-06-29,lead,ACME-L01402
Ryan,Jones,ryan.jones@smithpage.example.com,Smith-Page,COO,Outbound,,,,MSP,MA,63,2026-06-29,salesqualifiedlead,ACME-L01403
Paula,Bailey,paula.bailey@simpsoncox.example.com,Simpson-Cox,Operations Manager,Call Tracking,callrail,phone,gbp_listing,MSP,CA,94,2026-06-29,lead,ACME-L01404
Kristi,Alvarado,kristi.alvarado@davisplc.example.com,Davis PLC,IT Manager,Referral,,,,MSP,IL,100,2026-06-29,lead,ACME-L01405
Desiree,Wilson,desiree.wilson@wolfeplc.example.com,Wolfe PLC,IT Director,Referral,,,,MSP,CA,73,2026-06-29,lead,ACME-L01406
Laura,Harrison,laura.harrison@scottwolfe.example.com,Scott-Wolfe,,Referral,,,,MSP,NJ,73,2026-06-29,salesqualifiedlead,ACME-L01407
Yolanda,White,yolanda.white@johnsonanderson.example.com,Johnson-Anderson,CFO,Google Ads,google,cpc,msp_q2_search_nonbrand,MSP,NJ,67,2026-06-29,lead,ACME-L01408
Jenna,Willis,jenna.willis@leecarterandmckinney.example.com,Lee Carter and Mckinney,Office Manager,Google Ads,google,cpc,msp_q2_search_brand,MSP,NY,67,2026-06-29,lead,ACME-L01409
Alexis,Brown,alexis.brown@gutierrezstephens.example.com,Gutierrez-Stephens,Owner,Outbound,,,,MSP,FL,90,2026-06-29,lead,ACME-L01410
Jennifer,Foster,jennifer.foster@alexanderllc.example.com,Alexander LLC,IT Manager,Call Tracking,callrail,phone,gbp_listing,MSP,NJ,40,2026-06-29,lead,ACME-L01411
Amber,Yang,amber.yang@brownmcneil.example.com,Brown-Mcneil,IT Director,Outbound,,,,MSP,NY,63,2026-06-29,lead,ACME-L01412
Andrew,Garcia,andrew.garcia@powellandsons.example.com,Powell and Sons,IT Director,Outbound,,,,MSP,MA,90,2026-06-29,lead,ACME-L01413
Misty,Patton,misty.patton@smithltd.example.com,Smith Ltd,Owner,Google Ads,google,cpc,msp_q2_search_nonbrand,MSP,NJ,67,2026-06-29,lead,ACME-L01414
Elizabeth,Hill,elizabeth.hill@williamsjohns.example.com,Williams-Johns,CFO,Call Tracking,callrail,phone,local_services,MSP,FL,70,2026-06-29,opportunity,ACME-L01415
Theodore,Anderson,theodore.anderson@chencameron.example.com,Chen-Cameron,,Google Ads,google,cpc,msp_q2_search_nonbrand,MSP,CA,94,2026-06-29,lead,ACME-L01416
Nicholas,Smith,nicholas.smith@smithhensley.example.com,Smith-Hensley,Owner,Outbound,,,,MSP,CA,,2026-06-29,lead,ACME-L01417
Hailey,Flores,hailey.flores@frenchnicholsonandewing.example.com,French Nicholson and Ewing,IT Manager,Google Ads,google,cpc,msp_q2_search_nonbrand,MSP,FL,94,2026-06-29,lead,ACME-L01418
Andrew,Alexander,andrew.alexander@douglasbarrett.example.com,Douglas-Barrett,Practice Manager,Google Ads,google,cpc,msp_q2_search_brand,MSP,CA,63,2026-06-29,lead,ACME-L01419
Kayla,Vargas,kayla.vargas@butlergroup.example.com,Butler Group,Operations Manager,Call Tracking,callrail,phone,gbp_listing,MSP,MA,97,2026-06-29,lead,ACME-L01420
Olivia,Lynn,olivia.lynn@wrightplc.example.com,Wright PLC,CFO,Meta Ads,facebook,paid_social,msp_q2_leadgen,MSP,TX,88,2026-06-29,lead,ACME-L01421
Terrence,Fitzpatrick,terrence.fitzpatrick@melendezgroup.example.com,Melendez Group,Operations Manager,Google Ads,google,cpc,msp_q2_search_brand,MSP,IL,67,2026-06-30,lead,ACME-L01422
John,Stevens,john.stevens@walterfisherandadams.example.com,Walter Fisher and Adams,Office Manager,Google Ads,google,cpc,,MSP,CA,67,2026-06-30,lead,ACME-L01423
Shawn,Vincent,shawn.vincent@berrywelchandjackson.example.com,Berry Welch and Jackson,Practice Manager,Outbound,,,,MSP,NY,63,2026-06-30,lead,ACME-L01424
Heather,Carter,heather.carter@nguyeninc.example.com,Nguyen Inc,IT Manager,Call Tracking,callrail,phone,local_services,MSP,TX,,2026-06-30,lead,ACME-L01425
Vanessa,Escobar,vanessa.escobar@smithandsons.example.com,Smith and Sons,IT Director,Google Ads,google,cpc,msp_q2_search_nonbrand,MSP,MA,67,2026-06-30,salesqualifiedlead,ACME-L01426
Danielle,Marquez,danielle.marquez@mooremoore.example.com,Moore-Moore,Practice Manager,Referral,,,,MSP,TX,100,2026-06-30,customer,ACME-L01427
Matthew,Hernandez,matthew.hernandez@steelewatson.example.com,Steele-Watson,Operations Manager,Google Ads,google,cpc,msp_q2_search_brand,MSP,Unassigned,67,2026-06-30,opportunity,ACME-L01428
Cynthia,Steele,cynthia.steele@penalowe.example.com,Pena-Lowe,IT Director,Call Tracking,callrail,phone,gbp_listing,MSP,IL,58,2026-06-30,lead,ACME-L01429
Lori,Olson,lori.olson@moraleserickson.example.com,Morales-Erickson,Owner,Google Ads,google,cpc,msp_q2_search_brand,MSP,NJ,67,2026-06-30,lead,ACME-L01430
John,Levine,john.levine@colemanltd.example.com,Coleman Ltd,Office Manager,Google Ads,google,cpc,msp_q2_search_nonbrand,MSP,MA,67,2026-06-30,lead,ACME-L01431
Michael,Edwards,michael.edwards@forbesandsons.example.com,Forbes and Sons,Office Manager,Google Ads,google,cpc,msp_q2_search_nonbrand,MSP,Unassigned,47,2026-06-30,lead,ACME-L01432
Thomas,Hughes,thomas.hughes@allendavis.example.com,Allen-Davis,Owner,Google Ads,google,cpc,msp_q2_search_nonbrand,MSP,Unassigned,47,2026-06-30,lead,ACME-L01433
Robert,Webster,robert.webster@kramerltd.example.com,Kramer Ltd,Practice Manager,Google Ads,google,cpc,msp_q2_search_nonbrand,MSP,MA,37,2026-06-30,opportunity,ACME-L01434
Kimberly,Anderson,kimberly.anderson@stewartthomasandguzman.example.com,Stewart Thomas and Guzman,Operations Manager,Referral,,,,MSP,FL,92,2026-06-30,lead,ACME-L01435
Amanda,Cruz,amanda.cruz@chaneyplc.example.com,Chaney PLC,Owner,Outbound,,,,MSP,NJ,90,2026-06-30,lead,ACME-L01436
Linda,Thomas,linda.thomas@clarkltd.example.com,Clark Ltd,Operations Manager,Google Ads,google,cpc,msp_q2_search_brand,MSP,NY,57,2026-06-30,lead,ACME-L01437
Bill,Crawford,bill.crawford@hamiltonandsons.example.com,Hamilton and Sons,Office Manager,Google Ads,google,cpc,msp_q2_search_brand,MSP,NY,94,2026-06-30,lead,ACME-L01438
Linda,Weiss,linda.weiss@mendezthomas.example.com,Mendez-Thomas,IT Director,Meta Ads,facebook,paid_social,msp_q2_leadgen,MSP,FL,74,2026-06-30,lead,ACME-L01439
Jessica,Barrett,jessica.barrett@clarkreed.example.com,Clark-Reed,IT Manager,Call Tracking,callrail,phone,local_services,MSP,TX,70,2026-06-30,lead,ACME-L01440
Evan,Willis,evan.willis@bowenandsons.example.com,Bowen and Sons,Office Manager,Meta Ads,facebook,paid_social,msp_q2_leadgen,MSP,NY,72,2026-06-30,salesqualifiedlead,ACME-L01441
Monica,Hatfield,monica.hatfield@georgewilsonandgreene.example.com,George Wilson and Greene,Office Manager,Google Ads,google,cpc,,MSP,FL,94,2026-06-30,lead,ACME-L01442
Lawrence,Martinez,lawrence.martinez@lewissmithandmurphy.example.com,Lewis Smith and Murphy,,Meta Ads,facebook,paid_social,msp_q2_leadgen,MSP,FL,61,2026-06-30,lead,ACME-L01443
Cynthia,Kline,cynthia.kline@finleycollins.example.com,Finley-Collins,IT Manager,Meta Ads,facebook,paid_social,msp_q2_leadgen,MSP,NY,,2026-06-30,lead,ACME-L01444
Heidi,Fleming,heidi.fleming@cowanchandler.example.com,Cowan-Chandler,IT Manager,Call Tracking,callrail,phone,local_services,MSP,FL,97,2026-06-30,lead,ACME-L01445
Stacy,Douglas,stacy.douglas@conleymarshallandanderso.example.com,Conley Marshall and Anderson,,Outbound,,,,MSP,NY,63,2026-07-01,lead,ACME-L01446
Damon,Howard,damon.howard@cordovahillandrobertson.example.com,Cordova Hill and Robertson,CFO,Meta Ads,facebook,paid_social,msp_q3_retargeting,MSP,NY,61,2026-07-01,lead,ACME-L01447
Shane,Dominguez,shane.dominguez@johnsonhernandez.example.com,Johnson-Hernandez,Owner,Google Ads,google,cpc,msp_q3_pmax,MSP,TX,67,2026-07-01,lead,ACME-L01448
Trevor,Harris,trevor.harris@perkinscontreras.example.com,Perkins-Contreras,Office Manager,Referral,,,,MSP,FL,100,2026-07-01,lead,ACME-L01449
Joel,Chapman,joel.chapman@brownllc.example.com,Brown LLC,,Meta Ads,facebook,paid_social,,MSP,CA,58,2026-07-01,lead,ACME-L01450
Andrea,Baker,andrea.baker@clarkcarlsonandnewton.example.com,Clark Carlson and Newton,COO,Outbound,,,,MSP,NY,33,2026-07-01,lead,ACME-L01451
Kristina,Anthony,kristina.anthony@jenkinsplc.example.com,Jenkins PLC,Operations Manager,Outbound,,,,MSP,NJ,60,2026-07-01,salesqualifiedlead,ACME-L01452
Wyatt,Cox,wyatt.cox@lawsongroup.example.com,Lawson Group,COO,Meta Ads,facebook,paid_social,,MSP,CA,88,2026-07-01,lead,ACME-L01453
Caitlin,Campbell,caitlin.campbell@jonesfrench.example.com,Jones-French,COO,Meta Ads,facebook,paid_social,msp_q3_cyber_guide,MSP,Unassigned,68,2026-07-01,lead,ACME-L01454
Abigail,Saunders,abigail.saunders@brightcrawfordandmiles.example.com,Bright Crawford and Miles,,Google Ads,google,cpc,msp_q3_pmax,MSP,Unassigned,17,2026-07-01,lead,ACME-L01455
Elizabeth,Butler,elizabeth.butler@christensenplc.example.com,Christensen PLC,,Meta Ads,facebook,paid_social,msp_q3_cyber_guide,MSP,NY,61,2026-07-01,lead,ACME-L01456
Suzanne,Moses,suzanne.moses@wilsoninc.example.com,Wilson Inc,Office Manager,Google Ads,google,cpc,msp_q3_pmax,MSP,TX,67,2026-07-01,lead,ACME-L01457
Monique,Morris,monique.morris@jenkinshendrix.example.com,Jenkins-Hendrix,COO,Outbound,,,,MSP,CA,63,2026-07-01,lead,ACME-L01458
Louis,Rose,louis.rose@molinaltd.example.com,Molina Ltd,Operations Manager,Outbound,,,,MSP,NY,63,2026-07-01,lead,ACME-L01459
Derrick,Turner,derrick.turner@kellyllc.example.com,Kelly LLC,Owner,Outbound,,,,MSP,Unassigned,90,2026-07-01,lead,ACME-L01460
Donald,Martin,donald.martin@stephensonllc.example.com,Stephenson LLC,IT Director,Meta Ads,facebook,paid_social,msp_q3_retargeting,MSP,Unassigned,61,2026-07-01,lead,ACME-L01461
Robert,Erickson,robert.erickson@fergusoncampbellandcaldw.example.com,Ferguson Campbell and Caldwell,CFO,Google Ads,google,cpc,msp_q3_search,MSP,NY,94,2026-07-01,lead,ACME-L01462
Natalie,Williams,natalie.williams@stonejackson.example.com,Stone-Jackson,,Call Tracking,callrail,phone,gbp_listing,MSP,Unassigned,50,2026-07-01,opportunity,ACME-L01463
David,Thomas,david.thomas@snyderbrown.example.com,Snyder-Brown,IT Director,Google Ads,google,cpc,msp_q3_pmax,MSP,FL,94,2026-07-01,lead,ACME-L01464
David,Moreno,david.moreno@frenchgallagher.example.com,French-Gallagher,IT Manager,Google Ads,google,cpc,msp_q3_pmax,MSP,NJ,39,2026-07-01,lead,ACME-L01465
Patricia,Martinez,patricia.martinez@wallgroup.example.com,Wall Group,CFO,Referral,,,,MSP,TX,73,2026-07-02,lead,ACME-L01466
Debra,Evans,debra.evans@williamsbrockandbridges.example.com,Williams Brock and Bridges,Operations Manager,Referral,,,,MSP,MA,73,2026-07-02,lead,ACME-L01467
Kristie,Perkins,kristie.perkins@robinsonthomasandgarcia.example.com,Robinson Thomas and Garcia,CFO,Google Ads,google,cpc,msp_q3_pmax,MSP,NY,67,2026-07-02,lead,ACME-L01468
Jennifer,Guzman,jennifer.guzman@campbellwilliamsandwilli.example.com,Campbell Williams and Williams,Operations Manager,Outbound,,,,MSP,CA,90,2026-07-02,lead,ACME-L01469
Chad,Wilson,chad.wilson@flowersrivera.example.com,Flowers-Rivera,IT Director,Call Tracking,callrail,phone,local_services,MSP,NY,,2026-07-02,lead,ACME-L01470
Timothy,Thomas,timothy.thomas@rodriguezllc.example.com,Rodriguez LLC,IT Manager,Call Tracking,callrail,phone,local_services,MSP,NJ,70,2026-07-02,lead,ACME-L01471
Stephanie,Taylor,stephanie.taylor@deanmiddleton.example.com,Dean-Middleton,CFO,Call Tracking,callrail,phone,gbp_listing,MSP,NJ,70,2026-07-02,lead,ACME-L01472
Kelly,Harrison,kelly.harrison@millerltd.example.com,Miller Ltd,CFO,Google Ads,google,cpc,msp_q3_search,MSP,MA,,2026-07-02,lead,ACME-L01473
Mark,Johnson,mark.johnson@jenkinswrightandjennings.example.com,Jenkins Wright and Jennings,CFO,Google Ads,google,cpc,msp_q3_pmax,MSP,TX,55,2026-07-02,lead,ACME-L01474
Adam,Summers,adam.summers@henryplc.example.com,Henry PLC,CFO,Call Tracking,callrail,phone,local_services,MSP,CA,70,2026-07-02,lead,ACME-L01475
Evan,Goodwin,evan.goodwin@johnsoninc.example.com,Johnson Inc,IT Director,Meta Ads,facebook,paid_social,msp_q3_cyber_guide,MSP,NY,58,2026-07-02,lead,ACME-L01476
Michael,Price,michael.price@laneandsons.example.com,Lane and Sons,Owner,Meta Ads,facebook,paid_social,msp_q3_cyber_guide,MSP,NJ,61,2026-07-02,lead,ACME-L01477
Michele,Turner,michele.turner@robinsonllc.example.com,Robinson LLC,COO,Google Ads,google,cpc,msp_q3_pmax,MSP,FL,82,2026-07-02,lead,ACME-L01478
Michael,Gilbert,michael.gilbert@walkersilva.example.com,Walker-Silva,IT Manager,Meta Ads,facebook,paid_social,msp_q3_cyber_guide,MSP,MA,88,2026-07-02,lead,ACME-L01479
Eddie,Perez,eddie.perez@wattsltd.example.com,Watts Ltd,Office Manager,Google Ads,google,cpc,msp_q3_pmax,MSP,NJ,67,2026-07-02,lead,ACME-L01480
Michael,Nguyen,michael.nguyen@sancheznguyenandperry.example.com,Sanchez Nguyen and Perry,COO,Google Ads,google,cpc,msp_q3_pmax,MSP,NY,,2026-07-02,lead,ACME-L01481
Karen,Smith,karen.smith@taylorturner.example.com,Taylor-Turner,Owner,Referral,,,,MSP,IL,100,2026-07-02,customer,ACME-L01482
Rachel,Bryant,rachel.bryant@santosinc.example.com,Santos Inc,,Google Ads,google,cpc,msp_q3_search,MSP,CA,67,2026-07-02,lead,ACME-L01483
Daniel,Davis,daniel.davis@goldenfields.example.com,Golden-Fields,CFO,Meta Ads,facebook,paid_social,msp_q3_cyber_guide,MSP,IL,88,2026-07-02,lead,ACME-L01484
Shaun,Stark,shaun.stark@garnergroup.example.com,Garner Group,Office Manager,Google Ads,google,cpc,msp_q3_pmax,MSP,NJ,67,2026-07-02,lead,ACME-L01485
Samantha,Patel,samantha.patel@edwardsadams.example.com,Edwards-Adams,CFO,Referral,,,,MSP,CA,43,2026-07-03,lead,ACME-L01486
Kristi,Frank,kristi.frank@robertsllc.example.com,Roberts LLC,CFO,Referral,,,,MSP,TX,73,2026-07-03,lead,ACME-L01487
Jennifer,Vargas,jennifer.vargas@moodygonzalez.example.com,Moody-Gonzalez,Practice Manager,Call Tracking,callrail,phone,local_services,MSP,Unassigned,77,2026-07-03,lead,ACME-L01488
Michael,Cobb,michael.cobb@currywiseandlewis.example.com,Curry Wise and Lewis,IT Manager,Referral,,,,MSP,TX,73,2026-07-03,lead,ACME-L01489
Sandra,Hernandez,sandra.hernandez@romanroberts.example.com,Roman-Roberts,CFO,Google Ads,google,cpc,msp_q3_search,MSP,IL,64,2026-07-03,salesqualifiedlead,ACME-L01490
Mark,Mullins,mark.mullins@alexandershepardandfrank.example.com,Alexander Shepard and Franklin,Operations Manager,Referral,,,,MSP,CA,100,2026-07-03,lead,ACME-L01491
Patricia,Malone,patricia.malone@castanedastanton.example.com,Castaneda-Stanton,Operations Manager,Call Tracking,callrail,phone,local_services,MSP,FL,97,2026-07-03,lead,ACME-L01492
Michael,Bray,michael.bray@nortongroup.example.com,Norton Group,IT Manager,Google Ads,google,cpc,msp_q3_pmax,MSP,NJ,84,2026-07-03,lead,ACME-L01493
Pamela,Payne,pamela.payne@patelltd.example.com,Patel Ltd,Practice Manager,Google Ads,google,cpc,msp_q3_search,MSP,TX,94,2026-07-03,lead,ACME-L01494
Rebecca,Young,rebecca.young@whitestanleyandpeterson.example.com,White Stanley and Peterson,IT Director,Google Ads,google,cpc,msp_q3_pmax,MSP,NJ,66,2026-07-03,lead,ACME-L01495
Jordan,Lawrence,jordan.lawrence@curryjonesanddixon.example.com,Curry Jones and Dixon,IT Director,Google Ads,google,cpc,,MSP,NJ,55,2026-07-03,lead,ACME-L01496
Ralph,Adams,ralph.adams@olivergroup.example.com,Oliver Group,Owner,Referral,,,,MSP,TX,100,2026-07-03,salesqualifiedlead,ACME-L01497
Scott,Booker,scott.booker@berryestradaandsmith.example.com,Berry Estrada and Smith,IT Director,Google Ads,google,cpc,msp_q3_pmax,MSP,IL,67,2026-07-03,lead,ACME-L01498
Troy,Smith,troy.smith@bruceandsons.example.com,Bruce and Sons,COO,Google Ads,google,cpc,msp_q3_pmax,MSP,NY,94,2026-07-03,salesqualifiedlead,ACME-L01499
Daniel,Guerrero,daniel.guerrero@hansenconley.example.com,Hansen-Conley,CFO,Outbound,,,,MSP,TX,63,2026-07-03,lead,ACME-L01500
Patrick,Avila,patrick.avila@calhounparks.example.com,Calhoun-Parks,Practice Manager,Meta Ads,facebook,paid_social,msp_q3_cyber_guide,MSP,MA,61,2026-07-03,lead,ACME-L01501
Melinda,Galloway,melinda.galloway@smithltd.example.com,Smith Ltd,,Meta Ads,facebook,paid_social,msp_q3_cyber_guide,MSP,NJ,,2026-07-03,salesqualifiedlead,ACME-L01502
Cory,Bell,cory.bell@smithinc.example.com,Smith Inc,IT Director,Google Ads,google,cpc,msp_q3_search,MSP,CA,67,2026-07-03,lead,ACME-L01503
Brianna,Zamora,brianna.zamora@bryantmedina.example.com,Bryant-Medina,Operations Manager,Call Tracking,callrail,phone,local_services,MSP,NY,97,2026-07-03,salesqualifiedlead,ACME-L01504
Heather,Rodriguez,heather.rodriguez@clarkjones.example.com,Clark-Jones,CFO,Google Ads,google,cpc,msp_q3_pmax,MSP,NY,94,2026-07-03,opportunity,ACME-L01505
Elizabeth,Haley,elizabeth.haley@reynoldsinc.example.com,Reynolds Inc,CFO,Google Ads,google,cpc,msp_q3_pmax,MSP,CA,67,2026-07-04,lead,ACME-L01506
Nicholas,Wagner,nicholas.wagner@parkerbutlerandburns.example.com,Parker Butler and Burns,IT Manager,Google Ads,google,cpc,msp_q3_pmax,MSP,MA,67,2026-07-04,lead,ACME-L01507
Marcus,Flores,marcus.flores@nelsonplc.example.com,Nelson PLC,Office Manager,Google Ads,google,cpc,msp_q3_pmax,MSP,CA,57,2026-07-04,lead,ACME-L01508
Cynthia,Cantu,cynthia.cantu@mayllc.example.com,May LLC,CFO,Meta Ads,facebook,paid_social,msp_q3_retargeting,MSP,Unassigned,53,2026-07-05,lead,ACME-L01509
John,Taylor,john.taylor@wigginsmartin.example.com,Wiggins-Martin,,Meta Ads,facebook,paid_social,msp_q3_retargeting,MSP,NY,58,2026-07-05,salesqualifiedlead,ACME-L01510
Heather,Smith,heather.smith@williamsbowman.example.com,Williams-Bowman,Practice Manager,Google Ads,google,cpc,msp_q3_search,MSP,CA,67,2026-07-05,salesqualifiedlead,ACME-L01511
Timothy,Olsen,timothy.olsen@diazfuentes.example.com,Diaz-Fuentes,COO,Google Ads,google,cpc,msp_q3_search,MSP,MA,78,2026-07-05,lead,ACME-L01512
Dustin,Tran,dustin.tran@singletontorres.example.com,Singleton-Torres,IT Director,Referral,,,,MSP,IL,73,2026-07-05,lead,ACME-L01513
Kerry,Lynch,kerry.lynch@khanmasonandjohnson.example.com,Khan Mason and Johnson,IT Manager,Google Ads,google,cpc,msp_q3_search,MSP,NY,39,2026-07-05,lead,ACME-L01514
Corey,Terry,corey.terry@hannameyer.example.com,Hanna-Meyer,Practice Manager,Meta Ads,facebook,paid_social,msp_q3_retargeting,MSP,Unassigned,68,2026-07-05,lead,ACME-L01515
Christopher,Martinez,christopher.martinez@westandsons.example.com,West and Sons,CFO,Meta Ads,facebook,paid_social,msp_q3_cyber_guide,MSP,MA,31,2026-07-06,lead,ACME-L01516
Heather,White,heather.white@mcknightllc.example.com,Mcknight LLC,Practice Manager,Meta Ads,facebook,paid_social,msp_q3_cyber_guide,MSP,NJ,88,2026-07-06,lead,ACME-L01517
Randy,Warren,randy.warren@millerplc.example.com,Miller PLC,Operations Manager,Google Ads,google,cpc,msp_q3_pmax,MSP,NJ,94,2026-07-06,salesqualifiedlead,ACME-L01518
Trevor,Delacruz,trevor.delacruz@camposmillerandjones.example.com,Campos Miller and Jones,Office Manager,Google Ads,google,cpc,msp_q3_search,MSP,TX,67,2026-07-06,lead,ACME-L01519
Charlotte,Buchanan,charlotte.buchanan@wellsfreemanandtucker.example.com,Wells Freeman and Tucker,Owner,Meta Ads,facebook,paid_social,msp_q3_retargeting,MSP,NY,88,2026-07-06,lead,ACME-L01520
Miguel,Christian,miguel.christian@millermcdowell.example.com,Miller-Mcdowell,Office Manager,Google Ads,google,cpc,msp_q3_pmax,MSP,NY,64,2026-07-06,lead,ACME-L01521
Jane,Norman,jane.norman@brownpalmer.example.com,Brown-Palmer,Office Manager,Google Ads,google,cpc,msp_q3_pmax,MSP,IL,67,2026-07-06,lead,ACME-L01522
Mario,Gray,mario.gray@jacksonedwards.example.com,Jackson-Edwards,Practice Manager,Outbound,,,,MSP,Unassigned,43,2026-07-06,opportunity,ACME-L01523
Troy,Lambert,troy.lambert@mccoyrodriguezandstone.example.com,Mccoy Rodriguez and Stone,IT Director,Google Ads,google,cpc,msp_q3_search,MSP,NJ,67,2026-07-06,lead,ACME-L01524
Robert,Mann,robert.mann@clarkthomasandrobinson.example.com,Clark Thomas and Robinson,CFO,Meta Ads,facebook,paid_social,msp_q3_cyber_guide,MSP,TX,46,2026-07-06,lead,ACME-L01525
Richard,Wilson,richard.wilson@ramirezgonzalez.example.com,Ramirez-Gonzalez,IT Manager,Referral,,,,MSP,NJ,73,2026-07-06,customer,ACME-L01526
Stacey,Harrison,stacey.harrison@newtonkelley.example.com,Newton-Kelley,CFO,Meta Ads,facebook,paid_social,msp_q3_cyber_guide,MSP,CA,61,2026-07-06,lead,ACME-L01527
Christopher,Meyers,christopher.meyers@bergercampbellandsharp.example.com,Berger Campbell and Sharp,Operations Manager,Google Ads,google,cpc,msp_q3_search,MSP,NJ,67,2026-07-06,lead,ACME-L01528
Steven,Chase,steven.chase@westplc.example.com,West PLC,Operations Manager,Google Ads,google,cpc,msp_q3_pmax,MSP,TX,94,2026-07-06,lead,ACME-L01529
Carol,Murphy,carol.murphy@normanstewart.example.com,Norman-Stewart,COO,Meta Ads,facebook,paid_social,msp_q3_retargeting,MSP,Unassigned,41,2026-07-06,lead,ACME-L01530
Brianna,Ali,brianna.ali@whiteltd.example.com,White Ltd,COO,Google Ads,google,cpc,msp_q3_search,MSP,FL,67,2026-07-06,lead,ACME-L01531
Beverly,Harper,beverly.harper@mullinsandersonanddavies.example.com,Mullins Anderson and Davies,,Referral,,,,MSP,IL,72,2026-07-06,salesqualifiedlead,ACME-L01532
William,Silva,william.silva@harrellballandclark.example.com,Harrell Ball and Clark,,Outbound,,,,MSP,NY,55,2026-07-06,lead,ACME-L01533
Shannon,Mayer,shannon.mayer@pollardharris.example.com,Pollard-Harris,CFO,Meta Ads,facebook,paid_social,msp_q3_cyber_guide,MSP,NJ,88,2026-07-06,salesqualifiedlead,ACME-L01534
Kevin,Morales,kevin.morales@georgefitzpatrickandkey.example.com,George Fitzpatrick and Key,IT Director,Call Tracking,callrail,phone,local_services,MSP,NJ,97,2026-07-06,opportunity,ACME-L01535
Krista,Marquez,krista.marquez@ewingplc.example.com,Ewing PLC,IT Director,Outbound,,,,MSP,MA,90,2026-07-06,lead,ACME-L01536
Henry,Jones,henry.jones@watsonkeyandwilliams.example.com,Watson Key and Williams,,Call Tracking,callrail,phone,local_services,MSP,TX,70,2026-07-06,opportunity,ACME-L01537
Richard,Burns,richard.burns@cookhale.example.com,Cook-Hale,Owner,Meta Ads,facebook,paid_social,msp_q3_cyber_guide,MSP,NJ,61,2026-07-06,lead,ACME-L01538
Vicki,Smith,vicki.smith@collinskaiser.example.com,Collins-Kaiser,CFO,Google Ads,google,cpc,msp_q3_search,MSP,NJ,94,2026-07-06,lead,ACME-L01539
Alyssa,Ortega,alyssa.ortega@robertsongraham.example.com,Robertson-Graham,Office Manager,Google Ads,google,cpc,msp_q3_pmax,MSP,IL,78,2026-07-06,lead,ACME-L01540
Samantha,Harrison,samantha.harrison@armstrongglassandspencer.example.com,Armstrong Glass and Spencer,Operations Manager,Outbound,,,,MSP,NY,63,2026-07-06,lead,ACME-L01541
Michael,Olsen,michael.olsen@wilsoninc.example.com,Wilson Inc,,Referral,,,,MSP,TX,73,2026-07-06,lead,ACME-L01542
Trevor,Marquez,trevor.marquez@rochaortega.example.com,Rocha-Ortega,Operations Manager,Outbound,,,,MSP,NY,39,2026-07-06,lead,ACME-L01543
Christopher,Morales,christopher.morales@greerltd.example.com,Greer Ltd,Operations Manager,Meta Ads,facebook,paid_social,msp_q3_retargeting,MSP,NY,88,2026-07-06,salesqualifiedlead,ACME-L01544
Eric,Wolf,eric.wolf@hoffmanrodgers.example.com,Hoffman-Rodgers,Office Manager,Google Ads,google,cpc,msp_q3_search,MSP,TX,67,2026-07-06,lead,ACME-L01545
Lisa,Garrison,lisa.garrison@wrightltd.example.com,Wright Ltd,Owner,Google Ads,google,cpc,msp_q3_search,MSP,CA,67,2026-07-07,lead,ACME-L01546
Ashley,Shelton,ashley.shelton@martincolemanandedwards.example.com,Martin Coleman and Edwards,Owner,Meta Ads,facebook,paid_social,msp_q3_retargeting,MSP,NY,88,2026-07-07,lead,ACME-L01547
Jennifer,Meadows,jennifer.meadows@webbvanceandthomas.example.com,Webb Vance and Thomas,CFO,Meta Ads,facebook,paid_social,msp_q3_cyber_guide,MSP,MA,88,2026-07-07,lead,ACME-L01548
Steven,Montgomery,steven.montgomery@freemanmartin.example.com,Freeman-Martin,,Call Tracking,callrail,phone,local_services,MSP,CA,67,2026-07-07,lead,ACME-L01549
Toni,Harrison,toni.harrison@collinshardy.example.com,Collins-Hardy,Operations Manager,Google Ads,google,cpc,msp_q3_pmax,MSP,FL,,2026-07-07,lead,ACME-L01550
William,Chen,william.chen@wardllc.example.com,Ward LLC,COO,Meta Ads,facebook,paid_social,msp_q3_retargeting,MSP,CA,88,2026-07-07,lead,ACME-L01551
Ashley,Campos,ashley.campos@trevinoorozco.example.com,Trevino-Orozco,IT Manager,Meta Ads,facebook,paid_social,msp_q3_cyber_guide,MSP,IL,88,2026-07-07,salesqualifiedlead,ACME-L01552
Lisa,Kim,lisa.kim@montgomerygoodman.example.com,Montgomery-Goodman,COO,Google Ads,google,cpc,msp_q3_pmax,MSP,MA,53,2026-07-07,salesqualifiedlead,ACME-L01553
Michael,Gross,michael.gross@frostclarkeandjohnson.example.com,Frost Clarke and Johnson,Practice Manager,Referral,,,,MSP,NY,73,2026-07-07,lead,ACME-L01554
Melinda,Ramsey,melinda.ramsey@moorewrightandjones.example.com,Moore Wright and Jones,,Call Tracking,callrail,phone,gbp_listing,MSP,TX,67,2026-07-07,salesqualifiedlead,ACME-L01555
Dennis,Lamb,dennis.lamb@romeropetersandshepard.example.com,Romero Peters and Shepard,Practice Manager,Call Tracking,callrail,phone,gbp_listing,MSP,NY,97,2026-07-07,lead,ACME-L01556
Stephanie,Powell,stephanie.powell@lopezllc.example.com,Lopez LLC,,Google Ads,google,cpc,msp_q3_search,MSP,FL,94,2026-07-07,lead,ACME-L01557
Lauren,Garcia,lauren.garcia@nguyenbauerandgardner.example.com,Nguyen Bauer and Gardner,IT Manager,Google Ads,google,cpc,msp_q3_pmax,MSP,TX,94,2026-07-07,lead,ACME-L01558
Kenneth,Hess,kenneth.hess@moorejoyceandvaldez.example.com,Moore Joyce and Valdez,Operations Manager,Google Ads,google,cpc,msp_q3_pmax,MSP,NJ,64,2026-07-07,salesqualifiedlead,ACME-L01559
Amanda,Jimenez,amanda.jimenez@hernandezboothandgreen.example.com,Hernandez Booth and Green,Operations Manager,Referral,,,,MSP,NY,100,2026-07-07,salesqualifiedlead,ACME-L01560
Rebecca,Gardner,rebecca.gardner@cooperltd.example.com,Cooper Ltd,CFO,Google Ads,google,cpc,msp_q3_search,MSP,TX,67,2026-07-07,customer,ACME-L01561
Michelle,Cortez,michelle.cortez@bestbond.example.com,Best-Bond,CFO,Outbound,,,,MSP,NY,90,2026-07-07,lead,ACME-L01562
Kristin,Carpenter,kristin.carpenter@barberinc.example.com,Barber Inc,CFO,Google Ads,google,cpc,msp_q3_pmax,MSP,MA,94,2026-07-07,salesqualifiedlead,ACME-L01563
Alison,Webster,alison.webster@watsonbishop.example.com,Watson-Bishop,IT Manager,Meta Ads,facebook,paid_social,msp_q3_retargeting,MSP,NJ,61,2026-07-07,lead,ACME-L01564
Mary,Guzman,mary.guzman@reyesplc.example.com,Reyes PLC,IT Director,Meta Ads,facebook,paid_social,msp_q3_retargeting,MSP,NJ,88,2026-07-08,salesqualifiedlead,ACME-L01565
Erin,Wilson,erin.wilson@barnesinc.example.com,Barnes Inc,COO,Meta Ads,facebook,paid_social,msp_q3_retargeting,MSP,IL,88,2026-07-08,lead,ACME-L01566
James,Stevens,james.stevens@longbryant.example.com,Long-Bryant,IT Director,Google Ads,google,cpc,msp_q3_pmax,MSP,NY,62,2026-07-08,lead,ACME-L01567
Jeremy,Robinson,jeremy.robinson@brownlawson.example.com,Brown-Lawson,COO,Referral,,,,MSP,NJ,100,2026-07-08,salesqualifiedlead,ACME-L01568
Jeffrey,Rivera,jeffrey.rivera@burchllc.example.com,Burch LLC,Office Manager,Meta Ads,facebook,paid_social,msp_q3_cyber_guide,MSP,NY,88,2026-07-08,lead,ACME-L01569
Mark,Stafford,mark.stafford@hallturner.example.com,Hall-Turner,CFO,Call Tracking,callrail,phone,gbp_listing,MSP,CA,97,2026-07-08,salesqualifiedlead,ACME-L01570
Rebecca,Jones,rebecca.jones@smithmonroeandhancock.example.com,Smith Monroe and Hancock,Owner,Google Ads,google,cpc,msp_q3_pmax,MSP,MA,94,2026-07-08,opportunity,ACME-L01571
James,Kirk,james.kirk@davisfoster.example.com,Davis-Foster,CFO,Outbound,,,,MSP,NY,60,2026-07-08,lead,ACME-L01572
Amanda,Mason,amanda.mason@grossllc.example.com,Gross LLC,CFO,Outbound,,,,MSP,NY,63,2026-07-08,lead,ACME-L01573
Jennifer,Blevins,jennifer.blevins@aguilardavisandanderson.example.com,Aguilar Davis and Anderson,COO,Meta Ads,facebook,paid_social,msp_q3_cyber_guide,MSP,MA,61,2026-07-08,lead,ACME-L01574
Laura,Willis,laura.willis@millermartinez.example.com,Miller-Martinez,Practice Manager,Meta Ads,facebook,paid_social,msp_q3_cyber_guide,MSP,TX,88,2026-07-08,lead,ACME-L01575
Matthew,Thomas,matthew.thomas@fordpatrick.example.com,Ford-Patrick,COO,Google Ads,google,cpc,msp_q3_search,MSP,CA,67,2026-07-08,lead,ACME-L01576
Blake,Riley,blake.riley@rhodesgroup.example.com,Rhodes Group,COO,Outbound,,,,MSP,IL,63,2026-07-08,lead,ACME-L01577
Wendy,Taylor,wendy.taylor@nelsonllc.example.com,Nelson LLC,Owner,Referral,,,,MSP,TX,45,2026-07-08,lead,ACME-L01578
Caleb,Harris,caleb.harris@benjaminclark.example.com,Benjamin-Clark,IT Director,Google Ads,google,cpc,,MSP,NY,67,2026-07-08,lead,ACME-L01579
Chris,Scott,chris.scott@bellinc.example.com,Bell Inc,COO,Google Ads,google,cpc,msp_q3_pmax,MSP,NY,67,2026-07-08,lead,ACME-L01580
Robert,Morgan,robert.morgan@cookfischer.example.com,Cook-Fischer,COO,Call Tracking,callrail,phone,gbp_listing,MSP,MA,97,2026-07-08,salesqualifiedlead,ACME-L01581
John,Meyer,john.meyer@andrewsmorris.example.com,Andrews-Morris,Office Manager,Google Ads,google,cpc,msp_q3_pmax,MSP,CA,67,2026-07-08,lead,ACME-L01582
Rose,Hardy,rose.hardy@valenzuelamiller.example.com,Valenzuela-Miller,COO,Call Tracking,callrail,phone,local_services,MSP,NY,97,2026-07-08,lead,ACME-L01583
Angela,Finley,angela.finley@bushsmithandbrown.example.com,Bush Smith and Brown,Operations Manager,Meta Ads,facebook,paid_social,msp_q3_cyber_guide,MSP,IL,61,2026-07-08,lead,ACME-L01584
Stephanie,Walker,stephanie.walker@millerwilliams.example.com,Miller-Williams,IT Manager,Referral,,,,MSP,NY,100,2026-07-09,salesqualifiedlead,ACME-L01585
Dana,Schmitt,dana.schmitt@williamsbaker.example.com,Williams-Baker,CFO,Meta Ads,facebook,paid_social,msp_q3_cyber_guide,MSP,IL,88,2026-07-09,lead,ACME-L01586
Erica,Gutierrez,erica.gutierrez@farrellmiller.example.com,Farrell-Miller,Office Manager,Google Ads,google,cpc,msp_q3_pmax,MSP,IL,67,2026-07-09,opportunity,ACME-L01587
Brandon,Douglas,brandon.douglas@nolanltd.example.com,Nolan Ltd,Office Manager,Google Ads,google,cpc,msp_q3_pmax,MSP,MA,67,2026-07-09,lead,ACME-L01588
George,Wallace,george.wallace@andersonwalker.example.com,Anderson-Walker,Operations Manager,Meta Ads,facebook,paid_social,msp_q3_retargeting,MSP,IL,88,2026-07-09,customer,ACME-L01589
Heather,Wells,heather.wells@larallc.example.com,Lara LLC,Office Manager,Outbound,,,,MSP,NJ,90,2026-07-09,opportunity,ACME-L01590
Steve,Hartman,steve.hartman@buchananltd.example.com,Buchanan Ltd,COO,Meta Ads,facebook,paid_social,msp_q3_retargeting,MSP,CA,61,2026-07-09,lead,ACME-L01591
Mary,Young,mary.young@mayplc.example.com,May PLC,CFO,Referral,,,,MSP,NY,100,2026-07-09,lead,ACME-L01592
Michael,Ortega,michael.ortega@myersdalton.example.com,Myers-Dalton,Office Manager,Google Ads,google,cpc,msp_q3_pmax,MSP,FL,93,2026-07-09,opportunity,ACME-L01593
Mike,Peters,mike.peters@scottgroup.example.com,Scott Group,Operations Manager,Google Ads,google,cpc,msp_q3_search,MSP,CA,67,2026-07-09,lead,ACME-L01594
Leah,Gibson,leah.gibson@shortsheltonandfranco.example.com,Short Shelton and Franco,Operations Manager,Referral,,,,MSP,TX,100,2026-07-09,salesqualifiedlead,ACME-L01595
Kathryn,Greene,kathryn.greene@shannonbryan.example.com,Shannon-Bryan,Operations Manager,Google Ads,google,cpc,msp_q3_pmax,MSP,TX,,2026-07-09,lead,ACME-L01596
Zachary,Williams,zachary.williams@frostinc.example.com,Frost Inc,IT Director,Meta Ads,facebook,paid_social,msp_q3_cyber_guide,MSP,NJ,72,2026-07-09,lead,ACME-L01597
Tyler,Garcia,tyler.garcia@sosagalvanandsullivan.example.com,Sosa Galvan and Sullivan,Operations Manager,Referral,,,,MSP,MA,73,2026-07-09,lead,ACME-L01598
Jessica,Shannon,jessica.shannon@perrybellandford.example.com,Perry Bell and Ford,IT Director,Outbound,,,,MSP,MA,90,2026-07-09,lead,ACME-L01599
Glenn,Vaughn,glenn.vaughn@robinsonmiles.example.com,Robinson-Miles,IT Manager,Meta Ads,facebook,paid_social,msp_q3_cyber_guide,MSP,IL,88,2026-07-09,lead,ACME-L01600
Carol,Merritt,carol.merritt@robertsdavis.example.com,Roberts-Davis,IT Manager,Call Tracking,callrail,phone,gbp_listing,MSP,NY,97,2026-07-09,salesqualifiedlead,ACME-L01601
Stacey,Moran,stacey.moran@mckenziegibbs.example.com,Mckenzie-Gibbs,COO,Meta Ads,facebook,paid_social,msp_q3_retargeting,MSP,CA,61,2026-07-09,opportunity,ACME-L01602
Jennifer,Cook,jennifer.cook@moorerobinsonandmartinez.example.com,Moore Robinson and Martinez,Practice Manager,Google Ads,google,cpc,,MSP,NY,67,2026-07-09,salesqualifiedlead,ACME-L01603
Brandy,Smith,brandy.smith@kingwagnerandstephens.example.com,King Wagner and Stephens,Owner,Meta Ads,facebook,paid_social,msp_q3_retargeting,MSP,NJ,74,2026-07-09,lead,ACME-L01604
Edward,Meyer,edward.meyer@curtissandoval.example.com,Curtis-Sandoval,CFO,Call Tracking,callrail,phone,gbp_listing,MSP,NJ,70,2026-07-10,lead,ACME-L01605
Nichole,Jones,nichole.jones@jenningsburnsandgardner.example.com,Jennings Burns and Gardner,IT Manager,Google Ads,google,cpc,msp_q3_search,MSP,MA,78,2026-07-10,lead,ACME-L01606
Lisa,Brown,lisa.brown@millerltd.example.com,Miller Ltd,Practice Manager,Google Ads,google,cpc,msp_q3_search,MSP,MA,94,2026-07-10,salesqualifiedlead,ACME-L01607
Kari,Gardner,kari.gardner@vargasmeadowsandreid.example.com,Vargas Meadows and Reid,Office Manager,Google Ads,google,cpc,msp_q3_search,MSP,NY,82,2026-07-10,lead,ACME-L01608
Lauren,Baker,lauren.baker@fritzduarte.example.com,Fritz-Duarte,Owner,Outbound,,,,MSP,CA,63,2026-07-10,lead,ACME-L01609
Richard,Meyer,richard.meyer@grahambarnes.example.com,Graham-Barnes,Operations Manager,Google Ads,google,cpc,msp_q3_pmax,MSP,NY,64,2026-07-10,lead,ACME-L01610
Benjamin,Reynolds,benjamin.reynolds@smithjones.example.com,Smith-Jones,Operations Manager,Call Tracking,callrail,phone,local_services,MSP,NJ,97,2026-07-10,lead,ACME-L01611
Amy,Kelly,amy.kelly@rodriguezkingandhogan.example.com,Rodriguez King and Hogan,Operations Manager,Meta Ads,facebook,paid_social,msp_q3_retargeting,MSP,TX,88,2026-07-10,lead,ACME-L01612
Julie,Burnett,julie.burnett@vargasmillerandmaddox.example.com,Vargas Miller and Maddox,Operations Manager,Google Ads,google,cpc,msp_q3_pmax,MSP,NY,67,2026-07-10,salesqualifiedlead,ACME-L01613
Matthew,Brown,matthew.brown@pagehall.example.com,Page-Hall,Owner,Call Tracking,callrail,phone,gbp_listing,MSP,IL,70,2026-07-10,lead,ACME-L01614
Jack,Garcia,jack.garcia@nguyengroup.example.com,Nguyen Group,,Google Ads,google,cpc,msp_q3_search,MSP,NJ,67,2026-07-10,lead,ACME-L01615
Wanda,Byrd,wanda.byrd@richardsrice.example.com,Richards-Rice,CFO,Call Tracking,callrail,phone,gbp_listing,MSP,CA,97,2026-07-10,lead,ACME-L01616
Nancy,Williams,nancy.williams@arnoldhughesandfletcher.example.com,Arnold Hughes and Fletcher,Office Manager,Google Ads,google,cpc,msp_q3_pmax,MSP,TX,82,2026-07-10,salesqualifiedlead,ACME-L01617
John,Brooks,john.brooks@brownplc.example.com,Brown PLC,COO,Meta Ads,facebook,paid_social,msp_q3_cyber_guide,MSP,MA,61,2026-07-10,lead,ACME-L01618
Julie,Baker,julie.baker@owengriffith.example.com,Owen-Griffith,COO,Google Ads,google,cpc,msp_q3_search,MSP,FL,67,2026-07-10,lead,ACME-L01619
Theresa,Stewart,theresa.stewart@taylorandsons.example.com,Taylor and Sons,IT Director,Meta Ads,facebook,paid_social,msp_q3_retargeting,MSP,NJ,61,2026-07-10,lead,ACME-L01620
Danny,Anderson,danny.anderson@barrdavis.example.com,Barr-Davis,IT Manager,Google Ads,google,cpc,msp_q3_pmax,MSP,Unassigned,47,2026-07-11,lead,ACME-L01621
Lisa,Schmitt,lisa.schmitt@oliverdiazandmurphy.example.com,Oliver Diaz and Murphy,,Google Ads,google,cpc,msp_q3_pmax,MSP,IL,67,2026-07-11,lead,ACME-L01622
Andrew,Wise,andrew.wise@mitchellllc.example.com,Mitchell LLC,CFO,Meta Ads,facebook,paid_social,msp_q3_retargeting,MSP,NJ,88,2026-07-11,lead,ACME-L01623
Matthew,Pineda,matthew.pineda@prattinc.example.com,Pratt Inc,Operations Manager,Referral,,,,MSP,CA,100,2026-07-11,lead,ACME-L01624
Reginald,Brown,reginald.brown@fowlerinc.example.com,Fowler Inc,Practice Manager,Google Ads,google,cpc,msp_q3_pmax,MSP,MA,94,2026-07-11,salesqualifiedlead,ACME-L01625
Dennis,Vincent,dennis.vincent@browncontrerasandfernand.example.com,Brown Contreras and Fernandez,Practice Manager,Referral,,,,MSP,TX,100,2026-07-11,lead,ACME-L01626
Angel,Anderson,angel.anderson@blackburnmassey.example.com,Blackburn-Massey,Practice Manager,Google Ads,google,cpc,msp_q3_pmax,MSP,FL,52,2026-07-11,lead,ACME-L01627
Dawn,Gonzalez,dawn.gonzalez@benderlee.example.com,Bender-Lee,Office Manager,Google Ads,google,cpc,,MSP,NJ,94,2026-07-12,lead,ACME-L01628
Jennifer,Gonzalez,jennifer.gonzalez@doylejames.example.com,Doyle-James,IT Director,Outbound,,,,MSP,CA,33,2026-07-13,lead,ACME-L01629
Karen,Fisher,karen.fisher@sharphiggins.example.com,Sharp-Higgins,CFO,Meta Ads,facebook,paid_social,msp_q3_cyber_guide,MSP,TX,78,2026-07-13,lead,ACME-L01630
Michael,Smith,michael.smith@walshrichardsandfloyd.example.com,Walsh Richards and Floyd,Practice Manager,Call Tracking,callrail,phone,local_services,MSP,NJ,70,2026-07-13,lead,ACME-L01631
Jacob,White,jacob.white@fernandezgroup.example.com,Fernandez Group,Operations Manager,Referral,,,,MSP,MA,73,2026-07-13,lead,ACME-L01632
Kenneth,Gray,kenneth.gray@evanswilliamsonandbaker.example.com,Evans Williamson and Baker,Operations Manager,Google Ads,google,cpc,msp_q3_search,MSP,TX,67,2026-07-13,lead,ACME-L01633
Darren,Elliott,darren.elliott@jacksonllc.example.com,Jackson LLC,Operations Manager,Meta Ads,facebook,paid_social,msp_q3_cyber_guide,MSP,Unassigned,61,2026-07-13,lead,ACME-L01634
Drew,Fleming,drew.fleming@davenportgroup.example.com,Davenport Group,Operations Manager,Outbound,,,,MSP,TX,63,2026-07-13,lead,ACME-L01635
Barbara,Clark,barbara.clark@sheasmith.example.com,Shea-Smith,Office Manager,Meta Ads,facebook,paid_social,,MSP,CA,58,2026-07-13,lead,ACME-L01636
Edward,Stanley,edward.stanley@martinllc.example.com,Martin LLC,IT Director,Meta Ads,facebook,paid_social,msp_q3_retargeting,MSP,NJ,88,2026-07-13,lead,ACME-L01637
David,Nguyen,david.nguyen@fosterandsons.example.com,Foster and Sons,Office Manager,Meta Ads,facebook,paid_social,msp_q3_cyber_guide,MSP,MA,58,2026-07-13,lead,ACME-L01638
Thomas,Fitzpatrick,thomas.fitzpatrick@stephenssinghandallison.example.com,Stephens Singh and Allison,IT Manager,Outbound,,,,MSP,CA,89,2026-07-13,lead,ACME-L01639
Brooke,Holmes,brooke.holmes@turnergroup.example.com,Turner Group,Practice Manager,Google Ads,google,cpc,msp_q3_pmax,MSP,IL,,2026-07-13,lead,ACME-L01640
Margaret,Anderson,margaret.anderson@tranbrownandlong.example.com,Tran Brown and Long,Office Manager,Outbound,,,,MSP,CA,90,2026-07-13,lead,ACME-L01641
Aaron,Quinn,aaron.quinn@nortonmorris.example.com,Norton-Morris,Operations Manager,Google Ads,google,cpc,,MSP,IL,94,2026-07-13,opportunity,ACME-L01642
Christopher,Padilla,christopher.padilla@mayervasquez.example.com,Mayer-Vasquez,Practice Manager,Google Ads,google,cpc,msp_q3_pmax,MSP,NY,94,2026-07-13,salesqualifiedlead,ACME-L01643
Edward,Maxwell,edward.maxwell@cordovallc.example.com,Cordova LLC,IT Manager,Google Ads,google,cpc,msp_q3_search,MSP,IL,94,2026-07-13,salesqualifiedlead,ACME-L01644
Stephen,Garrett,stephen.garrett@hillmorganandmontgomery.example.com,Hill Morgan and Montgomery,Operations Manager,Meta Ads,facebook,paid_social,msp_q3_cyber_guide,MSP,FL,61,2026-07-14,lead,ACME-L01645
Kelly,Coleman,kelly.coleman@cobbnichols.example.com,Cobb-Nichols,Operations Manager,Outbound,,,,MSP,TX,49,2026-07-14,lead,ACME-L01646
Michelle,Harris,michelle.harris@mcmillankimandpearson.example.com,Mcmillan Kim and Pearson,Owner,Meta Ads,facebook,paid_social,msp_q3_cyber_guide,MSP,Unassigned,88,2026-07-14,lead,ACME-L01647
Diane,Hall,diane.hall@parkerllc.example.com,Parker LLC,CFO,Meta Ads,facebook,paid_social,msp_q3_retargeting,MSP,NY,61,2026-07-14,lead,ACME-L01648
Pamela,Anderson,pamela.anderson@williamscoleandanderson.example.com,Williams Cole and Anderson,CFO,Google Ads,google,cpc,msp_q3_search,MSP,FL,94,2026-07-14,lead,ACME-L01649
Jacob,Crawford,jacob.crawford@ellisriddleandstuart.example.com,Ellis Riddle and Stuart,COO,Google Ads,google,cpc,msp_q3_pmax,MSP,MA,67,2026-07-14,lead,ACME-L01650
Paul,Mooney,paul.mooney@washingtonrossandsanford.example.com,Washington Ross and Sanford,Operations Manager,Meta Ads,facebook,paid_social,msp_q3_retargeting,MSP,NY,88,2026-07-14,lead,ACME-L01651
Jonathan,Palmer,jonathan.palmer@williamsgarcia.example.com,Williams-Garcia,Operations Manager,Referral,,,,MSP,FL,73,2026-07-14,lead,ACME-L01652
Denise,Mason,denise.mason@haynescarlson.example.com,Haynes-Carlson,Owner,Google Ads,google,cpc,msp_q3_search,MSP,MA,94,2026-07-14,salesqualifiedlead,ACME-L01653
Charles,Allen,charles.allen@davishoffmanandsnyder.example.com,Davis Hoffman and Snyder,Practice Manager,Google Ads,google,cpc,msp_q3_pmax,MSP,NJ,67,2026-07-14,lead,ACME-L01654
Daniel,Webb,daniel.webb@harrisonpatelandparker.example.com,Harrison Patel and Parker,Owner,Meta Ads,facebook,paid_social,msp_q3_retargeting,MSP,NJ,88,2026-07-14,lead,ACME-L01655
Jeffrey,Levy,jeffrey.levy@wagnerpriceandwhitaker.example.com,Wagner Price and Whitaker,IT Manager,Outbound,,,,MSP,NY,86,2026-07-14,lead,ACME-L01656
Brandy,Stone,brandy.stone@sheppardgroup.example.com,Sheppard Group,,Google Ads,google,cpc,msp_q3_search,MSP,NY,78,2026-07-14,lead,ACME-L01657
Mark,Flores,mark.flores@normanltd.example.com,Norman Ltd,CFO,Meta Ads,facebook,paid_social,msp_q3_retargeting,MSP,TX,,2026-07-14,lead,ACME-L01658
Jessica,Robbins,jessica.robbins@tannercunninghamandjuare.example.com,Tanner Cunningham and Juarez,COO,Google Ads,google,cpc,msp_q3_pmax,MSP,IL,67,2026-07-14,lead,ACME-L01659
Martha,Moore,martha.moore@pearsonwilliamsandjones.example.com,Pearson Williams and Jones,IT Manager,Outbound,,,,MSP,IL,33,2026-07-14,lead,ACME-L01660
Ruth,Miller,ruth.miller@taylorandsons.example.com,Taylor and Sons,IT Manager,Referral,,,,MSP,NJ,73,2026-07-14,lead,ACME-L01661
Sandra,Cummings,sandra.cummings@sandersltd.example.com,Sanders Ltd,COO,Google Ads,google,cpc,msp_q3_search,MSP,NJ,67,2026-07-14,lead,ACME-L01662
Sara,Johnson,sara.johnson@mooreryan.example.com,Moore-Ryan,,Google Ads,google,cpc,msp_q3_search,MSP,NJ,48,2026-07-14,lead,ACME-L01663
John,Moss,john.moss@robinsonmartinez.example.com,Robinson-Martinez,Practice Manager,Meta Ads,facebook,paid_social,msp_q3_cyber_guide,MSP,IL,87,2026-07-14,lead,ACME-L01664
Willie,Acosta,willie.acosta@lopezrogers.example.com,Lopez-Rogers,Owner,Meta Ads,facebook,paid_social,msp_q3_cyber_guide,MSP,CA,88,2026-07-14,lead,ACME-L01665
Peter,Harrison,peter.harrison@cisnerosclarkandlopez.example.com,Cisneros Clark and Lopez,IT Director,Meta Ads,facebook,paid_social,msp_q3_retargeting,MSP,IL,55,2026-07-14,opportunity,ACME-L01666
Cynthia,Bridges,cynthia.bridges@dayallen.example.com,Day-Allen,COO,Meta Ads,facebook,paid_social,msp_q3_retargeting,MSP,NJ,54,2026-07-14,lead,ACME-L01667
Brandon,Barnett,brandon.barnett@cummingsanderson.example.com,Cummings-Anderson,COO,Google Ads,google,cpc,msp_q3_pmax,MSP,NJ,94,2026-07-14,lead,ACME-L01668
Mike,Fox,mike.fox@maldonadoberger.example.com,Maldonado-Berger,COO,Meta Ads,facebook,paid_social,msp_q3_retargeting,MSP,TX,88,2026-07-14,lead,ACME-L01669
Laura,Smith,laura.smith@newtonsnyder.example.com,Newton-Snyder,IT Director,Google Ads,google,cpc,msp_q3_search,MSP,CA,67,2026-07-14,salesqualifiedlead,ACME-L01670
Laurie,Hodges,laurie.hodges@armstrongsaundersandwrig.example.com,Armstrong Saunders and Wright,IT Manager,Referral,,,,MSP,MA,73,2026-07-14,lead,ACME-L01671
Javier,Carroll,javier.carroll@arellanoandsons.example.com,Arellano and Sons,Owner,Google Ads,google,cpc,,MSP,Unassigned,47,2026-07-14,lead,ACME-L01672
Kristen,Miller,kristen.miller@whitejamesandfitzgerald.example.com,White James and Fitzgerald,Practice Manager,Outbound,,,,MSP,NY,76,2026-07-14,lead,ACME-L01673
Samantha,Fitzgerald,samantha.fitzgerald@gonzalesmooneyandellison.example.com,Gonzales Mooney and Ellison,IT Manager,Google Ads,google,cpc,msp_q3_pmax,MSP,TX,67,2026-07-15,salesqualifiedlead,ACME-L01674
Angelica,Sloan,angelica.sloan@brownltd.example.com,Brown Ltd,IT Manager,Referral,,,,MSP,Unassigned,100,2026-07-15,lead,ACME-L01675
Catherine,White,catherine.white@garnergilbertandblankens.example.com,Garner Gilbert and Blankenship,Owner,Google Ads,google,cpc,msp_q3_search,MSP,Unassigned,,2026-07-15,opportunity,ACME-L01676
Helen,Harris,helen.harris@martinezgreer.example.com,Martinez-Greer,CFO,Referral,,,,MSP,MA,73,2026-07-15,salesqualifiedlead,ACME-L01677
John,Johnson,john.johnson@richardcollins.example.com,Richard-Collins,IT Director,Meta Ads,facebook,paid_social,msp_q3_cyber_guide,MSP,IL,61,2026-07-15,lead,ACME-L01678
Christopher,Jones,christopher.jones@richperezandwilliams.example.com,Rich Perez and Williams,Practice Manager,Google Ads,google,cpc,msp_q3_pmax,MSP,MA,94,2026-07-15,salesqualifiedlead,ACME-L01679
Christine,Graham,christine.graham@russogilbert.example.com,Russo-Gilbert,CFO,Outbound,,,,MSP,MA,63,2026-07-15,lead,ACME-L01680
Shane,Kent,shane.kent@peterswilson.example.com,Peters-Wilson,Owner,Google Ads,google,cpc,msp_q3_pmax,MSP,TX,94,2026-07-15,lead,ACME-L01681
Samantha,Lewis,samantha.lewis@hollc.example.com,Ho LLC,Operations Manager,Referral,,,,MSP,MA,100,2026-07-15,lead,ACME-L01682
Kevin,Conway,kevin.conway@fernandezgroup.example.com,Fernandez Group,Owner,Call Tracking,callrail,phone,gbp_listing,MSP,Unassigned,70,2026-07-15,salesqualifiedlead,ACME-L01683
Kevin,Giles,kevin.giles@atkinsinc.example.com,Atkins Inc,COO,Google Ads,google,cpc,msp_q3_pmax,MSP,CA,59,2026-07-15,lead,ACME-L01684
Rebecca,Valdez,rebecca.valdez@bellwilliamsandforbes.example.com,Bell Williams and Forbes,Office Manager,Google Ads,google,cpc,msp_q3_pmax,MSP,CA,94,2026-07-15,lead,ACME-L01685
Anita,Davidson,anita.davidson@hollowayandsons.example.com,Holloway and Sons,Office Manager,Google Ads,google,cpc,msp_q3_pmax,MSP,IL,67,2026-07-15,lead,ACME-L01686
Jacob,Walters,jacob.walters@warrenriley.example.com,Warren-Riley,COO,Outbound,,,,MSP,MA,90,2026-07-15,lead,ACME-L01687
Allison,Case,allison.case@turnerllc.example.com,Turner LLC,Practice Manager,Meta Ads,facebook,paid_social,msp_q3_retargeting,MSP,IL,88,2026-07-15,lead,ACME-L01688
Michael,Rogers,michael.rogers@hartnichols.example.com,Hart-Nichols,Owner,Meta Ads,facebook,paid_social,msp_q3_retargeting,MSP,CA,88,2026-07-16,lead,ACME-L01689
Thomas,Summers,thomas.summers@sandovalhendrixandowen.example.com,Sandoval Hendrix and Owen,CFO,Meta Ads,facebook,paid_social,msp_q3_cyber_guide,MSP,CA,58,2026-07-16,lead,ACME-L01690
Paul,Li,paul.li@patelandsons.example.com,Patel and Sons,Operations Manager,Google Ads,google,cpc,msp_q3_search,MSP,Unassigned,57,2026-07-16,salesqualifiedlead,ACME-L01691
Wesley,Cross,wesley.cross@pearsonmooreandgood.example.com,Pearson Moore and Good,IT Manager,Meta Ads,facebook,paid_social,msp_q3_cyber_guide,MSP,NY,88,2026-07-16,lead,ACME-L01692
Willie,Miller,willie.miller@lewissheltonandwalker.example.com,Lewis Shelton and Walker,Office Manager,Meta Ads,facebook,paid_social,msp_q3_cyber_guide,MSP,IL,61,2026-07-16,lead,ACME-L01693
Jasmine,Fleming,jasmine.fleming@coxltd.example.com,Cox Ltd,Operations Manager,Outbound,,,,MSP,CA,63,2026-07-16,lead,ACME-L01694
Justin,Rodriguez,justin.rodriguez@wilsonmorris.example.com,Wilson-Morris,Practice Manager,Outbound,,,,MSP,NJ,60,2026-07-16,lead,ACME-L01695
Lacey,Burch,lacey.burch@floresgroup.example.com,Flores Group,CFO,Outbound,,,,MSP,TX,63,2026-07-16,lead,ACME-L01696
Janet,Barber,janet.barber@frederickllc.example.com,Frederick LLC,Operations Manager,Google Ads,google,cpc,msp_q3_search,MSP,CA,67,2026-07-16,lead,ACME-L01697
Lindsay,Castillo,lindsay.castillo@clinewhiteandcurry.example.com,Cline White and Curry,Operations Manager,Google Ads,google,cpc,msp_q3_search,MSP,CA,67,2026-07-16,lead,ACME-L01698
Joanna,Vasquez,joanna.vasquez@wagnerllc.example.com,Wagner LLC,Practice Manager,Google Ads,google,cpc,msp_q3_pmax,MSP,NY,,2026-07-16,salesqualifiedlead,ACME-L01699
Angela,Fisher,angela.fisher@kennedyshepardandmyers.example.com,Kennedy Shepard and Myers,IT Manager,Referral,,,,MSP,Unassigned,100,2026-07-16,customer,ACME-L01700
Debra,Wilson,debra.wilson@weeksinc.example.com,Weeks Inc,COO,Meta Ads,facebook,paid_social,msp_q3_retargeting,MSP,CA,88,2026-07-16,lead,ACME-L01701
Ethan,Phillips,ethan.phillips@parkerryan.example.com,Parker-Ryan,CFO,Meta Ads,facebook,paid_social,msp_q3_retargeting,MSP,Unassigned,41,2026-07-16,lead,ACME-L01702
Taylor,Williams,taylor.williams@millersimmonsandandrews.example.com,Miller Simmons and Andrews,IT Director,Google Ads,google,cpc,msp_q3_search,MSP,MA,94,2026-07-16,lead,ACME-L01703
Barbara,Williams,barbara.williams@harmonbondandwalton.example.com,Harmon Bond and Walton,Operations Manager,Google Ads,google,cpc,msp_q3_pmax,MSP,MA,94,2026-07-16,lead,ACME-L01704
Terri,Houston,terri.houston@johnsongroup.example.com,Johnson Group,IT Director,Google Ads,google,cpc,msp_q3_search,MSP,NJ,94,2026-07-16,opportunity,ACME-L01705
Brian,Ryan,brian.ryan@myersmillsandpatton.example.com,Myers Mills and Patton,Office Manager,Google Ads,google,cpc,msp_q3_search,MSP,NY,64,2026-07-16,lead,ACME-L01706
Sarah,Blake,sarah.blake@brownmoore.example.com,Brown-Moore,Office Manager,Meta Ads,facebook,paid_social,msp_q3_cyber_guide,MSP,NJ,61,2026-07-16,lead,ACME-L01707
Martha,Klein,martha.klein@hayesmatthewsandmoore.example.com,Hayes Matthews and Moore,Owner,Meta Ads,facebook,paid_social,msp_q3_retargeting,MSP,NY,88,2026-07-16,lead,ACME-L01708
Linda,Griffin,linda.griffin@wonginc.example.com,Wong Inc,COO,Google Ads,google,cpc,msp_q3_pmax,MSP,NJ,91,2026-07-16,lead,ACME-L01709
Amanda,Pittman,amanda.pittman@riosromero.example.com,Rios-Romero,Operations Manager,Call Tracking,callrail,phone,gbp_listing,MSP,NJ,,2026-07-16,opportunity,ACME-L01710
Albert,Clark,albert.clark@rochamckayandanderson.example.com,Rocha Mckay and Anderson,IT Manager,Google Ads,google,cpc,msp_q3_search,MSP,TX,67,2026-07-16,lead,ACME-L01711
Jose,Baker,jose.baker@jonesandsons.example.com,Jones and Sons,Operations Manager,Call Tracking,callrail,phone,gbp_listing,MSP,NY,97,2026-07-16,lead,ACME-L01712
Debbie,Rivas,debbie.rivas@huangwarren.example.com,Huang-Warren,IT Manager,Call Tracking,callrail,phone,local_services,MSP,NY,70,2026-07-16,lead,ACME-L01713
Taylor,Fitzgerald,taylor.fitzgerald@kerrjordan.example.com,Kerr-Jordan,Office Manager,Google Ads,google,cpc,msp_q3_search,MSP,NY,37,2026-07-16,lead,ACME-L01714
Elizabeth,Davis,elizabeth.davis@martinezshah.example.com,Martinez-Shah,Owner,Referral,,,,MSP,FL,73,2026-07-16,lead,ACME-L01715
Brittany,Sosa,brittany.sosa@bradshawgroup.example.com,Bradshaw Group,Office Manager,Call Tracking,callrail,phone,gbp_listing,MSP,NY,70,2026-07-17,salesqualifiedlead,ACME-L01716
Patricia,Armstrong,patricia.armstrong@hebertbrown.example.com,Hebert-Brown,Owner,Google Ads,google,cpc,msp_q3_pmax,MSP,TX,67,2026-07-17,lead,ACME-L01717
Erin,Petersen,erin.petersen@mendozasilvaandclark.example.com,Mendoza Silva and Clark,Operations Manager,Referral,,,,MSP,CA,100,2026-07-17,lead,ACME-L01718
Kimberly,James,kimberly.james@nolanltd.example.com,Nolan Ltd,IT Manager,Google Ads,google,cpc,msp_q3_pmax,MSP,MA,67,2026-07-17,lead,ACME-L01719
Darrell,Vega,darrell.vega@griffinplc.example.com,Griffin PLC,Owner,Meta Ads,facebook,paid_social,msp_q3_cyber_guide,MSP,NY,88,2026-07-17,lead,ACME-L01720
Brianna,Ortega,brianna.ortega@dunnandsons.example.com,Dunn and Sons,CFO,Call Tracking,callrail,phone,gbp_listing,MSP,NJ,70,2026-07-17,lead,ACME-L01721
Eric,Glass,eric.glass@williamscurtisandbautist.example.com,Williams Curtis and Bautista,Office Manager,Google Ads,google,cpc,msp_q3_pmax,MSP,NY,64,2026-07-17,lead,ACME-L01722
Sara,Banks,sara.banks@wardstoneandcurtis.example.com,Ward Stone and Curtis,Office Manager,Google Ads,google,cpc,msp_q3_search,MSP,MA,94,2026-07-17,lead,ACME-L01723
Shannon,Peterson,shannon.peterson@hansenllc.example.com,Hansen LLC,CFO,Outbound,,,,MSP,IL,88,2026-07-17,lead,ACME-L01724
Elizabeth,Lopez,elizabeth.lopez@hardinnguyen.example.com,Hardin-Nguyen,Practice Manager,Call Tracking,callrail,phone,local_services,MSP,NY,70,2026-07-17,lead,ACME-L01725
Jonathan,Kim,jonathan.kim@mannmunoz.example.com,Mann-Munoz,CFO,Meta Ads,facebook,paid_social,msp_q3_cyber_guide,MSP,FL,88,2026-07-17,lead,ACME-L01726
Deborah,Pena,deborah.pena@nguyensmithandosborne.example.com,Nguyen Smith and Osborne,Operations Manager,Google Ads,google,cpc,msp_q3_search,MSP,NY,94,2026-07-17,lead,ACME-L01727
Craig,Hogan,craig.hogan@halljames.example.com,Hall-James,Practice Manager,Call Tracking,callrail,phone,gbp_listing,MSP,NJ,97,2026-07-17,opportunity,ACME-L01728
Michaela,Smith,michaela.smith@andersonbishopandweber.example.com,Anderson Bishop and Weber,IT Manager,Referral,,,,MSP,MA,100,2026-07-17,salesqualifiedlead,ACME-L01729
Daniel,Deleon,daniel.deleon@andersonwallace.example.com,Anderson-Wallace,Owner,Referral,,,,MSP,TX,73,2026-07-17,lead,ACME-L01730
Brandy,Jones,brandy.jones@pattersonowenandclark.example.com,Patterson Owen and Clark,Operations Manager,Google Ads,google,cpc,msp_q3_pmax,MSP,NY,94,2026-07-17,lead,ACME-L01731
Jeffrey,Barrett,jeffrey.barrett@sparksmartinezandrodrigu.example.com,Sparks Martinez and Rodriguez,Office Manager,Google Ads,google,cpc,msp_q3_pmax,MSP,IL,94,2026-07-17,lead,ACME-L01732
Scott,Barnes,scott.barnes@yuchambers.example.com,Yu-Chambers,CFO,Meta Ads,facebook,paid_social,msp_q3_retargeting,MSP,NY,61,2026-07-17,lead,ACME-L01733
Julie,Huff,julie.huff@martinezromeroandwells.example.com,Martinez Romero and Wells,Operations Manager,Google Ads,google,cpc,msp_q3_pmax,MSP,IL,64,2026-07-17,lead,ACME-L01734
James,Hood,james.hood@santosmurphyandgeorge.example.com,Santos Murphy and George,,Outbound,,,,MSP,NJ,63,2026-07-17,salesqualifiedlead,ACME-L01735
Anne,Farmer,anne.farmer@archerburkeandpittman.example.com,Archer Burke and Pittman,CFO,Meta Ads,facebook,paid_social,msp_q3_cyber_guide,MSP,NY,61,2026-07-17,lead,ACME-L01736
Sandra,Hawkins,sandra.hawkins@roysmithandsloan.example.com,Roy Smith and Sloan,Owner,Google Ads,google,cpc,msp_q3_pmax,MSP,TX,37,2026-07-17,lead,ACME-L01737
Stephen,Smith,stephen.smith@brownsteinandhuber.example.com,Brown Stein and Huber,Office Manager,Google Ads,google,cpc,msp_q3_pmax,MSP,MA,94,2026-07-17,lead,ACME-L01738
Nicholas,Barker,nicholas.barker@martinezdoyleandcordova.example.com,Martinez Doyle and Cordova,CFO,Call Tracking,callrail,phone,local_services,MSP,TX,40,2026-07-18,lead,ACME-L01739
Susan,Farmer,susan.farmer@fernandezinc.example.com,Fernandez Inc,IT Manager,Meta Ads,facebook,paid_social,msp_q3_retargeting,MSP,NJ,39,2026-07-18,lead,ACME-L01740
Jasmin,Ward,jasmin.ward@walkerwebb.example.com,Walker-Webb,CFO,Meta Ads,facebook,paid_social,msp_q3_cyber_guide,MSP,CA,88,2026-07-18,customer,ACME-L01741
Joseph,Bonilla,joseph.bonilla@barrettjones.example.com,Barrett-Jones,Operations Manager,Meta Ads,facebook,paid_social,msp_q3_retargeting,MSP,NY,53,2026-07-18,opportunity,ACME-L01742
Jeremy,Nguyen,jeremy.nguyen@thompsonandsons.example.com,Thompson and Sons,CFO,Google Ads,google,cpc,msp_q3_pmax,MSP,MA,94,2026-07-18,lead,ACME-L01743
Bobby,Garcia,bobby.garcia@lindseyrogers.example.com,Lindsey-Rogers,IT Manager,Outbound,,,,MSP,NY,90,2026-07-19,lead,ACME-L01744
Mary,Gray,mary.gray@mejialtd.example.com,Mejia Ltd,Practice Manager,Google Ads,google,cpc,msp_q3_pmax,MSP,TX,94,2026-07-19,lead,ACME-L01745
Stephanie,Collins,stephanie.collins@hughesdaughertyandgreen.example.com,Hughes Daugherty and Green,Office Manager,Referral,,,,MSP,TX,51,2026-07-19,lead,ACME-L01746
Stephen,Brown,stephen.brown@russellwheeler.example.com,Russell-Wheeler,IT Manager,Meta Ads,facebook,paid_social,msp_q3_cyber_guide,MSP,MA,88,2026-07-19,lead,ACME-L01747
Bryan,Erickson,bryan.erickson@hillmooreandstevens.example.com,Hill Moore and Stevens,IT Manager,Google Ads,google,cpc,msp_q3_search,MSP,NY,94,2026-07-19,lead,ACME-L01748
Angela,Smith,angela.smith@beardmossandadams.example.com,Beard Moss and Adams,CFO,Meta Ads,facebook,paid_social,msp_q3_cyber_guide,MSP,NY,88,2026-07-19,lead,ACME-L01749
Denise,Kelley,denise.kelley@thomaslevy.example.com,Thomas-Levy,,Outbound,,,,MSP,Unassigned,59,2026-07-19,salesqualifiedlead,ACME-L01750
Lindsay,Baker,lindsay.baker@smithriceandjones.example.com,Smith Rice and Jones,IT Director,Referral,,,,MSP,MA,73,2026-07-19,lead,ACME-L01751
Derrick,Hale,derrick.hale@romeroinc.example.com,Romero Inc,IT Director,Outbound,,,,MSP,IL,63,2026-07-20,lead,ACME-L01752
Daniel,Hall,daniel.hall@richardsmanning.example.com,Richards-Manning,IT Manager,Google Ads,google,cpc,msp_q3_search,MSP,NJ,94,2026-07-20,lead,ACME-L01753
Robert,Adams,robert.adams@burnsgroup.example.com,Burns Group,IT Director,Outbound,,,,MSP,TX,90,2026-07-20,salesqualifiedlead,ACME-L01754
Donald,Thomas,donald.thomas@ramirezfoxandmendoza.example.com,Ramirez Fox and Mendoza,Practice Manager,Google Ads,google,cpc,msp_q3_search,MSP,MA,67,2026-07-20,opportunity,ACME-L01755
Mary,Howell,mary.howell@carterreynolds.example.com,Carter-Reynolds,CFO,Google Ads,google,cpc,msp_q3_pmax,MSP,CA,67,2026-07-20,lead,ACME-L01756
Jack,Weaver,jack.weaver@chavezmcneilandsmith.example.com,Chavez Mcneil and Smith,Owner,Outbound,,,,MSP,NY,51,2026-07-20,lead,ACME-L01757
Peggy,Hart,peggy.hart@davisllc.example.com,Davis LLC,Owner,Meta Ads,facebook,paid_social,msp_q3_retargeting,MSP,NY,88,2026-07-20,lead,ACME-L01758
Shawn,Stewart,shawn.stewart@browningltd.example.com,Browning Ltd,COO,Google Ads,google,cpc,msp_q3_search,MSP,TX,37,2026-07-20,lead,ACME-L01759
Ian,Miller,ian.miller@abbottinc.example.com,Abbott Inc,IT Director,Meta Ads,facebook,paid_social,msp_q3_retargeting,MSP,MA,88,2026-07-20,lead,ACME-L01760
Robyn,Vaughan,robyn.vaughan@snyderllc.example.com,Snyder LLC,Owner,Meta Ads,facebook,paid_social,msp_q3_cyber_guide,MSP,NJ,61,2026-07-20,salesqualifiedlead,ACME-L01761
Alice,Vincent,alice.vincent@leachinc.example.com,Leach Inc,COO,Referral,,,,MSP,IL,73,2026-07-20,lead,ACME-L01762
Tara,Clements,tara.clements@mitchelldoyle.example.com,Mitchell-Doyle,IT Manager,Meta Ads,facebook,paid_social,msp_q3_cyber_guide,MSP,TX,88,2026-07-20,lead,ACME-L01763
Brett,Stewart,brett.stewart@coopermitchellandarias.example.com,Cooper Mitchell and Arias,Owner,Meta Ads,facebook,paid_social,msp_q3_cyber_guide,MSP,CA,61,2026-07-20,lead,ACME-L01764
Jeffrey,Anderson,jeffrey.anderson@wilkinsondavisandmacias.example.com,Wilkinson Davis and Macias,Operations Manager,Outbound,,,,MSP,NY,90,2026-07-20,lead,ACME-L01765
Jennifer,Castaneda,jennifer.castaneda@whitegroup.example.com,White Group,IT Director,Google Ads,google,cpc,msp_q3_pmax,MSP,TX,37,2026-07-20,lead,ACME-L01766
Chad,Hayes,chad.hayes@carpenterandsons.example.com,Carpenter and Sons,Owner,Meta Ads,facebook,paid_social,msp_q3_cyber_guide,MSP,TX,88,2026-07-20,lead,ACME-L01767
Ricky,Bullock,ricky.bullock@millersullivanandwilliam.example.com,Miller Sullivan and Williams,IT Manager,Meta Ads,facebook,paid_social,msp_q3_retargeting,MSP,MA,88,2026-07-20,lead,ACME-L01768
Molly,Rich,molly.rich@marquezrandolph.example.com,Marquez-Randolph,Operations Manager,Referral,,,,MSP,NJ,,2026-07-20,lead,ACME-L01769
Caitlin,Briggs,caitlin.briggs@murphyandsons.example.com,Murphy and Sons,CFO,Referral,,,,MSP,NJ,94,2026-07-21,opportunity,ACME-L01770
James,Gardner,james.gardner@woodskentandevans.example.com,Woods Kent and Evans,Owner,Referral,,,,MSP,NY,73,2026-07-21,lead,ACME-L01771
Ashley,Wilcox,ashley.wilcox@nguyenllc.example.com,Nguyen LLC,,Google Ads,google,cpc,msp_q3_pmax,MSP,MA,67,2026-07-21,lead,ACME-L01772
Lisa,Moreno,lisa.moreno@fullerplc.example.com,Fuller PLC,Owner,Google Ads,google,cpc,msp_q3_pmax,MSP,NJ,82,2026-07-21,lead,ACME-L01773
Michael,Bean,michael.bean@foxplc.example.com,Fox PLC,Operations Manager,Google Ads,google,cpc,msp_q3_search,MSP,NJ,67,2026-07-21,lead,ACME-L01774
Michael,Horn,michael.horn@webbblakeandgiles.example.com,Webb Blake and Giles,Practice Manager,Google Ads,google,cpc,msp_q3_pmax,MSP,NY,94,2026-07-21,lead,ACME-L01775
Bryan,Murphy,bryan.murphy@mcknightbrown.example.com,Mcknight-Brown,Operations Manager,Meta Ads,facebook,paid_social,msp_q3_cyber_guide,MSP,NJ,88,2026-07-21,lead,ACME-L01776
Sharon,Kennedy,sharon.kennedy@fisherltd.example.com,Fisher Ltd,COO,Google Ads,google,cpc,msp_q3_search,MSP,NJ,67,2026-07-21,lead,ACME-L01777
Jorge,Fisher,jorge.fisher@williamssantosandthomas.example.com,Williams Santos and Thomas,COO,Meta Ads,facebook,paid_social,msp_q3_cyber_guide,MSP,TX,82,2026-07-21,lead,ACME-L01778
Manuel,Kennedy,manuel.kennedy@littlewhiteandperkins.example.com,Little White and Perkins,IT Manager,Google Ads,google,cpc,msp_q3_search,MSP,Unassigned,88,2026-07-21,salesqualifiedlead,ACME-L01779
Joseph,Williams,joseph.williams@fisherplc.example.com,Fisher PLC,,Referral,,,,MSP,CA,73,2026-07-21,salesqualifiedlead,ACME-L01780
Sandra,Mahoney,sandra.mahoney@dorseybrown.example.com,Dorsey-Brown,Operations Manager,Referral,,,,MSP,NY,73,2026-07-21,lead,ACME-L01781
Andre,Anderson,andre.anderson@sandersgroup.example.com,Sanders Group,COO,Referral,,,,MSP,NY,100,2026-07-21,lead,ACME-L01782
Tommy,Young,tommy.young@ballardpatterson.example.com,Ballard-Patterson,Practice Manager,Meta Ads,facebook,paid_social,msp_q3_retargeting,MSP,TX,88,2026-07-21,lead,ACME-L01783
Kathy,Dixon,kathy.dixon@johnsonirwin.example.com,Johnson-Irwin,Owner,Call Tracking,callrail,phone,local_services,MSP,NY,97,2026-07-22,salesqualifiedlead,ACME-L01784
Jennifer,Little,jennifer.little@huertahammondandryan.example.com,Huerta Hammond and Ryan,Practice Manager,Meta Ads,facebook,paid_social,msp_q3_cyber_guide,MSP,NJ,58,2026-07-22,lead,ACME-L01785
Michelle,Crawford,michelle.crawford@bennetttaylor.example.com,Bennett-Taylor,,Google Ads,google,cpc,msp_q3_pmax,MSP,IL,94,2026-07-22,lead,ACME-L01786
Steven,James,steven.james@richardsongroup.example.com,Richardson Group,COO,Google Ads,google,cpc,msp_q3_pmax,MSP,NY,78,2026-07-22,lead,ACME-L01787
Steve,Hill,steve.hill@nguyenbatesandmckinney.example.com,Nguyen Bates and Mckinney,COO,Meta Ads,facebook,paid_social,msp_q3_cyber_guide,MSP,TX,88,2026-07-22,lead,ACME-L01788
Christopher,Rodriguez,christopher.rodriguez@frederickcruz.example.com,Frederick-Cruz,Operations Manager,Meta Ads,facebook,paid_social,msp_q3_retargeting,MSP,NJ,66,2026-07-22,lead,ACME-L01789
Michael,Bernard,michael.bernard@haasplc.example.com,Haas PLC,Office Manager,Google Ads,google,cpc,msp_q3_search,MSP,NY,94,2026-07-22,salesqualifiedlead,ACME-L01790
Ryan,Thompson,ryan.thompson@ritterltd.example.com,Ritter Ltd,IT Director,Outbound,,,,MSP,IL,51,2026-07-22,salesqualifiedlead,ACME-L01791
Andrew,Ortega,andrew.ortega@mcclainnguyen.example.com,Mcclain-Nguyen,IT Manager,Google Ads,google,cpc,,MSP,CA,94,2026-07-22,salesqualifiedlead,ACME-L01792
Adam,Gonzalez,adam.gonzalez@mirandathompsonandwood.example.com,Miranda Thompson and Wood,Owner,Google Ads,google,cpc,,MSP,TX,67,2026-07-22,lead,ACME-L01793
Cindy,Hicks,cindy.hicks@gomezgonzalez.example.com,Gomez-Gonzalez,Owner,Google Ads,google,cpc,msp_q3_search,MSP,Unassigned,74,2026-07-22,lead,ACME-L01794
Christina,Russell,christina.russell@smithschmitt.example.com,Smith-Schmitt,COO,Outbound,,,,MSP,FL,60,2026-07-22,lead,ACME-L01795
Susan,Bennett,susan.bennett@mooresoto.example.com,Moore-Soto,Owner,Outbound,,,,MSP,TX,90,2026-07-22,lead,ACME-L01796
Jennifer,Dalton,jennifer.dalton@wilkersontorres.example.com,Wilkerson-Torres,Practice Manager,Referral,,,,MSP,TX,73,2026-07-22,opportunity,ACME-L01797
Timothy,Bailey,timothy.bailey@hendersonphillips.example.com,Henderson-Phillips,Owner,Google Ads,google,cpc,msp_q3_pmax,MSP,TX,94,2026-07-22,lead,ACME-L01798
Roy,Garner,roy.garner@muellerltd.example.com,Mueller Ltd,COO,Outbound,,,,MSP,NY,63,2026-07-22,lead,ACME-L01799
Julia,Campbell,julia.campbell@hamiltoninc.example.com,Hamilton Inc,IT Manager,Meta Ads,facebook,paid_social,msp_q3_retargeting,MSP,TX,88,2026-07-22,lead,ACME-L01800
Kelly,Farrell,kelly.farrell@charlesmitchellandrodrig.example.com,Charles Mitchell and Rodriguez,Office Manager,Referral,,,,MSP,CA,73,2026-07-22,lead,ACME-L01801
Sarah,Lopez,sarah.lopez@johnsonandsons.example.com,Johnson and Sons,COO,Referral,,,,MSP,MA,100,2026-07-22,lead,ACME-L01802
Michaela,Williams,michaela.williams@rubioburns.example.com,Rubio-Burns,Office Manager,Outbound,,,,MSP,CA,90,2026-07-22,lead,ACME-L01803
Daniel,Hudson,daniel.hudson@lynchdelgadoandreed.example.com,Lynch Delgado and Reed,IT Director,Meta Ads,facebook,paid_social,msp_q3_cyber_guide,MSP,NY,88,2026-07-22,lead,ACME-L01804
Jessica,Gilbert,jessica.gilbert@martinezwilliamsandlove.example.com,Martinez Williams and Love,COO,Meta Ads,facebook,paid_social,msp_q3_retargeting,MSP,MA,88,2026-07-22,lead,ACME-L01805
Linda,Gonzales,linda.gonzales@chaseperezandshields.example.com,Chase Perez and Shields,Owner,Google Ads,google,cpc,msp_q3_search,MSP,NY,94,2026-07-22,lead,ACME-L01806
Michael,Wilcox,michael.wilcox@leereed.example.com,Lee-Reed,CFO,Google Ads,google,cpc,msp_q3_search,MSP,IL,94,2026-07-23,lead,ACME-L01807
Adam,Robertson,adam.robertson@briggsadamsandmiller.example.com,Briggs Adams and Miller,IT Manager,Call Tracking,callrail,phone,gbp_listing,MSP,NY,83,2026-07-23,lead,ACME-L01808
Barbara,Ramirez,barbara.ramirez@rossplc.example.com,Ross PLC,Practice Manager,Google Ads,google,cpc,msp_q3_pmax,MSP,IL,,2026-07-23,lead,ACME-L01809
Gina,Dunn,gina.dunn@cameronarnoldandcarpente.example.com,Cameron Arnold and Carpenter,Office Manager,Outbound,,,,MSP,IL,57,2026-07-23,lead,ACME-L01810
Kathleen,Daniels,kathleen.daniels@rodriguezschwartzandmcfa.example.com,Rodriguez Schwartz and Mcfarland,COO,Meta Ads,facebook,paid_social,msp_q3_cyber_guide,MSP,TX,71,2026-07-23,lead,ACME-L01811
Joshua,Jones,joshua.jones@mathisltd.example.com,Mathis Ltd,Office Manager,Google Ads,google,cpc,msp_q3_pmax,MSP,TX,67,2026-07-23,lead,ACME-L01812
Robert,Cowan,robert.cowan@edwardsgroup.example.com,Edwards Group,Office Manager,Google Ads,google,cpc,msp_q3_search,MSP,Unassigned,94,2026-07-23,lead,ACME-L01813
Janice,Stewart,janice.stewart@johnsondaltonandarmstron.example.com,Johnson Dalton and Armstrong,Office Manager,Outbound,,,,MSP,NY,90,2026-07-23,lead,ACME-L01814
Benjamin,Owens,benjamin.owens@warnermooreandswanson.example.com,Warner Moore and Swanson,CFO,Outbound,,,,MSP,IL,90,2026-07-23,lead,ACME-L01815
Wendy,Martin,wendy.martin@webbbrownandmiller.example.com,Webb Brown and Miller,Owner,Google Ads,google,cpc,msp_q3_pmax,MSP,NY,67,2026-07-23,lead,ACME-L01816
Robin,Brown,robin.brown@yangsinghanddean.example.com,Yang Singh and Dean,,Meta Ads,facebook,paid_social,msp_q3_cyber_guide,MSP,NY,61,2026-07-23,lead,ACME-L01817
Jessica,Decker,jessica.decker@cruzarcherandmyers.example.com,Cruz Archer and Myers,Operations Manager,Meta Ads,facebook,paid_social,msp_q3_retargeting,MSP,FL,88,2026-07-23,salesqualifiedlead,ACME-L01818
Patricia,Cunningham,patricia.cunningham@bridgesjacksonandlowery.example.com,Bridges Jackson and Lowery,CFO,Meta Ads,facebook,paid_social,msp_q3_retargeting,MSP,NY,61,2026-07-23,lead,ACME-L01819
Ashley,Barker,ashley.barker@phammoore.example.com,Pham-Moore,Operations Manager,Meta Ads,facebook,paid_social,msp_q3_retargeting,MSP,FL,75,2026-07-23,lead,ACME-L01820
Rachel,Cox,rachel.cox@vasquezandsons.example.com,Vasquez and Sons,COO,Referral,,,,MSP,NJ,98,2026-07-23,salesqualifiedlead,ACME-L01821
Patrick,Harper,patrick.harper@kerrthompsonandwise.example.com,Kerr Thompson and Wise,COO,Call Tracking,callrail,phone,local_services,MSP,TX,97,2026-07-23,lead,ACME-L01822
Timothy,Mcdonald,timothy.mcdonald@royhernandez.example.com,Roy-Hernandez,CFO,Google Ads,google,cpc,msp_q3_search,MSP,TX,94,2026-07-23,lead,ACME-L01823
Margaret,Harvey,margaret.harvey@johnsonandsons.example.com,Johnson and Sons,,Google Ads,google,cpc,msp_q3_pmax,MSP,MA,94,2026-07-23,lead,ACME-L01824
Savannah,Fisher,savannah.fisher@mejiaandsons.example.com,Mejia and Sons,Owner,Google Ads,google,cpc,msp_q3_search,MSP,NJ,37,2026-07-23,salesqualifiedlead,ACME-L01825
Cynthia,Doyle,cynthia.doyle@millergroup.example.com,Miller Group,Owner,Meta Ads,facebook,paid_social,msp_q3_retargeting,MSP,FL,88,2026-07-23,lead,ACME-L01826
Annette,Castro,annette.castro@brookscross.example.com,Brooks-Cross,Office Manager,Referral,,,,MSP,NY,100,2026-07-24,lead,ACME-L01827
Stephanie,Simpson,stephanie.simpson@holmesryan.example.com,Holmes-Ryan,IT Manager,Google Ads,google,cpc,msp_q3_search,MSP,NY,67,2026-07-24,lead,ACME-L01828
Jennifer,Monroe,jennifer.monroe@moralesgroup.example.com,Morales Group,Practice Manager,Google Ads,google,cpc,msp_q3_pmax,MSP,TX,94,2026-07-24,lead,ACME-L01829
Krystal,Grant,krystal.grant@owensbrennanandschmitt.example.com,Owens Brennan and Schmitt,Operations Manager,Meta Ads,facebook,paid_social,msp_q3_retargeting,MSP,MA,88,2026-07-24,salesqualifiedlead,ACME-L01830
Carol,Diaz,carol.diaz@kleininc.example.com,Klein Inc,Owner,Google Ads,google,cpc,msp_q3_search,MSP,NY,94,2026-07-24,salesqualifiedlead,ACME-L01831
Stephen,Johnson,stephen.johnson@whitneymatthews.example.com,Whitney-Matthews,IT Director,Referral,,,,MSP,TX,100,2026-07-24,lead,ACME-L01832
Emily,Chambers,emily.chambers@mccarthyinc.example.com,Mccarthy Inc,IT Manager,Google Ads,google,cpc,msp_q3_search,MSP,CA,67,2026-07-24,lead,ACME-L01833
Bruce,Howard,bruce.howard@ericksonhuntandyoung.example.com,Erickson Hunt and Young,COO,Google Ads,google,cpc,msp_q3_pmax,MSP,TX,64,2026-07-24,lead,ACME-L01834
Travis,Phillips,travis.phillips@edwardsgomez.example.com,Edwards-Gomez,Owner,Google Ads,google,cpc,msp_q3_pmax,MSP,CA,79,2026-07-24,lead,ACME-L01835
Alexandra,Perez,alexandra.perez@wrightllc.example.com,Wright LLC,Office Manager,Google Ads,google,cpc,msp_q3_search,MSP,NY,94,2026-07-24,lead,ACME-L01836
Gregory,Williams,gregory.williams@wilsonandsons.example.com,Wilson and Sons,Practice Manager,Google Ads,google,cpc,msp_q3_pmax,MSP,MA,55,2026-07-24,lead,ACME-L01837
Nicole,Adams,nicole.adams@mendozahoodanddavis.example.com,Mendoza Hood and Davis,CFO,Meta Ads,facebook,paid_social,msp_q3_cyber_guide,MSP,CA,88,2026-07-24,opportunity,ACME-L01838
Darrell,Robertson,darrell.robertson@lutzandsons.example.com,Lutz and Sons,Operations Manager,Meta Ads,facebook,paid_social,msp_q3_cyber_guide,MSP,NJ,74,2026-07-24,lead,ACME-L01839
Gregory,Summers,gregory.summers@woodardplc.example.com,Woodard PLC,Practice Manager,Call Tracking,callrail,phone,gbp_listing,MSP,IL,70,2026-07-24,lead,ACME-L01840
Jason,Smith,jason.smith@evansdawson.example.com,Evans-Dawson,IT Manager,Google Ads,google,cpc,msp_q3_pmax,MSP,NY,94,2026-07-24,salesqualifiedlead,ACME-L01841
Crystal,Johnson,crystal.johnson@hurleywrightandjones.example.com,Hurley Wright and Jones,Owner,Call Tracking,callrail,phone,local_services,MSP,TX,97,2026-07-24,lead,ACME-L01842
Dana,Ryan,dana.ryan@campbellnolan.example.com,Campbell-Nolan,COO,Referral,,,,MSP,IL,100,2026-07-24,lead,ACME-L01843
Sean,Jackson,sean.jackson@romeropeters.example.com,Romero-Peters,Practice Manager,Google Ads,google,cpc,msp_q3_search,MSP,FL,94,2026-07-24,lead,ACME-L01844
Patricia,Harris,patricia.harris@clinevasquezandsmith.example.com,Cline Vasquez and Smith,Operations Manager,Google Ads,google,cpc,msp_q3_search,MSP,NJ,94,2026-07-24,lead,ACME-L01845
Amy,Howard,amy.howard@taylordixonandhooper.example.com,Taylor Dixon and Hooper,Practice Manager,Referral,,,,MSP,IL,70,2026-07-25,lead,ACME-L01846
Debbie,Price,debbie.price@chasejonesandtapia.example.com,Chase Jones and Tapia,COO,Google Ads,google,cpc,msp_q3_pmax,MSP,CA,37,2026-07-25,lead,ACME-L01847
Sara,Richmond,sara.richmond@carpenterbenitezandschro.example.com,Carpenter Benitez and Schroeder,COO,Google Ads,google,cpc,msp_q3_pmax,MSP,NY,67,2026-07-25,lead,ACME-L01848
Megan,Smith,megan.smith@howellturner.example.com,Howell-Turner,CFO,Google Ads,google,cpc,msp_q3_search,MSP,NY,94,2026-07-25,salesqualifiedlead,ACME-L01849
Mary,Turner,mary.turner@rioscrawfordandsanders.example.com,Rios Crawford and Sanders,,Outbound,,,,MSP,NJ,61,2026-07-25,lead,ACME-L01850
Brandi,Jones,brandi.jones@johnsonrosarioandferguso.example.com,Johnson Rosario and Ferguson,Operations Manager,Meta Ads,facebook,paid_social,msp_q3_cyber_guide,MSP,NJ,61,2026-07-25,lead,ACME-L01851
Adam,Howard,adam.howard@westbowmanandlopez.example.com,West Bowman and Lopez,Office Manager,Meta Ads,facebook,paid_social,msp_q3_cyber_guide,MSP,CA,88,2026-07-26,lead,ACME-L01852
Tammy,Suarez,tammy.suarez@garnerltd.example.com,Garner Ltd,,Call Tracking,callrail,phone,gbp_listing,MSP,TX,70,2026-07-26,lead,ACME-L01853
Ethan,Myers,ethan.myers@howardwright.example.com,Howard-Wright,Operations Manager,Meta Ads,facebook,paid_social,msp_q3_retargeting,MSP,NJ,88,2026-07-27,lead,ACME-L01854
Dana,Meyers,dana.meyers@bentleyadams.example.com,Bentley-Adams,,Google Ads,google,cpc,msp_q3_search,MSP,IL,93,2026-07-27,salesqualifiedlead,ACME-L01855
Margaret,Ellison,margaret.ellison@fischerbush.example.com,Fischer-Bush,CFO,Referral,,,,MSP,NY,73,2026-07-27,lead,ACME-L01856
Laura,Ruiz,laura.ruiz@cooleymichael.example.com,Cooley-Michael,,Google Ads,google,cpc,msp_q3_pmax,MSP,NY,67,2026-07-27,lead,ACME-L01857
Kyle,Hickman,kyle.hickman@hallbradleyandhayden.example.com,Hall Bradley and Hayden,Practice Manager,Meta Ads,facebook,paid_social,msp_q3_cyber_guide,MSP,NY,63,2026-07-27,lead,ACME-L01858
Stephen,Myers,stephen.myers@blackandsons.example.com,Black and Sons,IT Director,Referral,,,,MSP,NY,67,2026-07-27,lead,ACME-L01859
Maria,Black,maria.black@daviskirby.example.com,Davis-Kirby,IT Director,Meta Ads,facebook,paid_social,msp_q3_cyber_guide,MSP,MA,88,2026-07-27,lead,ACME-L01860
Sydney,Dickson,sydney.dickson@leeltd.example.com,Lee Ltd,Practice Manager,Outbound,,,,MSP,TX,35,2026-07-27,lead,ACME-L01861
Allison,King,allison.king@marshallsmith.example.com,Marshall-Smith,COO,Outbound,,,,MSP,NY,90,2026-07-27,lead,ACME-L01862
Karen,Clark,karen.clark@warrenltd.example.com,Warren Ltd,,Meta Ads,facebook,paid_social,msp_q3_cyber_guide,MSP,NY,61,2026-07-28,opportunity,ACME-L01863
John,Pham,john.pham@jonesllc.example.com,Jones LLC,Operations Manager,Google Ads,google,cpc,msp_q3_search,MSP,TX,48,2026-07-28,lead,ACME-L01864
Hannah,Martin,hannah.martin@hillandsons.example.com,Hill and Sons,Owner,Referral,,,,MSP,TX,100,2026-07-28,lead,ACME-L01865
Victoria,Rodriguez,victoria.rodriguez@matthewsbowen.example.com,Matthews-Bowen,Office Manager,Referral,,,,MSP,NY,100,2026-07-28,salesqualifiedlead,ACME-L01866
Natalie,Griffith,natalie.griffith@leeplc.example.com,Lee PLC,Practice Manager,Meta Ads,facebook,paid_social,msp_q3_retargeting,MSP,NJ,88,2026-07-28,lead,ACME-L01867
John,Robertson,john.robertson@arnoldjohnsonandlong.example.com,Arnold Johnson and Long,Office Manager,Meta Ads,facebook,paid_social,msp_q3_retargeting,MSP,NY,61,2026-07-28,lead,ACME-L01868
Meagan,Johnson,meagan.johnson@maddoxjonesandjacobs.example.com,Maddox Jones and Jacobs,Office Manager,Outbound,,,,MSP,MA,90,2026-07-28,salesqualifiedlead,ACME-L01869
Michael,Harvey,michael.harvey@gutierrezchoi.example.com,Gutierrez-Choi,IT Director,Referral,,,,MSP,FL,73,2026-07-28,lead,ACME-L01870
Anna,Hurst,anna.hurst@coxhutchinson.example.com,Cox-Hutchinson,Office Manager,Google Ads,google,cpc,msp_q3_pmax,MSP,CA,45,2026-07-28,lead,ACME-L01871
Kyle,Frederick,kyle.frederick@mooreinc.example.com,Moore Inc,Practice Manager,Google Ads,google,cpc,msp_q3_search,MSP,TX,53,2026-07-28,salesqualifiedlead,ACME-L01872
Nathan,Meza,nathan.meza@campbellcarterandlane.example.com,Campbell Carter and Lane,Practice Manager,Outbound,,,,MSP,NJ,63,2026-07-28,lead,ACME-L01873
Dustin,Wade,dustin.wade@williamsdavisandlucas.example.com,Williams Davis and Lucas,Operations Manager,Meta Ads,facebook,paid_social,msp_q3_retargeting,MSP,MA,88,2026-07-28,salesqualifiedlead,ACME-L01874
Scott,Bailey,scott.bailey@maciasgroup.example.com,Macias Group,IT Manager,Outbound,,,,MSP,NY,63,2026-07-28,lead,ACME-L01875
Sharon,Potts,sharon.potts@morenollc.example.com,Moreno LLC,Operations Manager,Google Ads,google,cpc,msp_q3_pmax,MSP,NJ,67,2026-07-28,salesqualifiedlead,ACME-L01876
Ashley,Rosario,ashley.rosario@carrillorodriguezandbear.example.com,Carrillo Rodriguez and Beard,Owner,Google Ads,google,cpc,msp_q3_pmax,MSP,NJ,69,2026-07-28,salesqualifiedlead,ACME-L01877
Kerri,Wilson,kerri.wilson@woodscampbellandlane.example.com,Woods Campbell and Lane,Practice Manager,Google Ads,google,cpc,msp_q3_search,MSP,NJ,67,2026-07-28,lead,ACME-L01878
Alexander,Weber,alexander.weber@evansinc.example.com,Evans Inc,IT Manager,Google Ads,google,cpc,msp_q3_search,MSP,MA,67,2026-07-28,lead,ACME-L01879
Alison,Kelly,alison.kelly@schmidthughesandsmith.example.com,Schmidt Hughes and Smith,Practice Manager,Outbound,,,,MSP,NY,90,2026-07-28,lead,ACME-L01880
Robert,Wise,robert.wise@barkerplc.example.com,Barker PLC,COO,Google Ads,google,cpc,msp_q3_pmax,MSP,FL,67,2026-07-28,lead,ACME-L01881
Olivia,Chan,olivia.chan@vazquezhowellandbrown.example.com,Vazquez Howell and Brown,Operations Manager,Meta Ads,facebook,paid_social,msp_q3_cyber_guide,MSP,NY,47,2026-07-28,lead,ACME-L01882
David,Campos,david.campos@joyceltd.example.com,Joyce Ltd,Practice Manager,Referral,,,,MSP,IL,100,2026-07-28,salesqualifiedlead,ACME-L01883
Jessica,Thomas,jessica.thomas@frenchplc.example.com,French PLC,Owner,Meta Ads,facebook,paid_social,,MSP,TX,88,2026-07-28,lead,ACME-L01884
Anthony,Hodge,anthony.hodge@rogersgroup.example.com,Rogers Group,COO,Meta Ads,facebook,paid_social,msp_q3_cyber_guide,MSP,MA,61,2026-07-28,lead,ACME-L01885
Ashley,Harrington,ashley.harrington@hansonyoung.example.com,Hanson-Young,Owner,Outbound,,,,MSP,NJ,63,2026-07-28,lead,ACME-L01886
Susan,Fischer,susan.fischer@smithcraigandandrews.example.com,Smith Craig and Andrews,Owner,Meta Ads,facebook,paid_social,msp_q3_cyber_guide,MSP,NY,61,2026-07-28,lead,ACME-L01887
Justin,Ballard,justin.ballard@burnsandsons.example.com,Burns and Sons,Owner,Call Tracking,callrail,phone,local_services,MSP,TX,70,2026-07-29,lead,ACME-L01888
Jeffrey,Nelson,jeffrey.nelson@hillandsons.example.com,Hill and Sons,IT Director,Meta Ads,facebook,paid_social,msp_q3_retargeting,MSP,TX,88,2026-07-29,lead,ACME-L01889
Tyler,Mason,tyler.mason@shieldshortonandwilliams.example.com,Shields Horton and Williams,IT Director,Outbound,,,,MSP,NY,90,2026-07-29,lead,ACME-L01890
Erik,Taylor,erik.taylor@mitchellinc.example.com,Mitchell Inc,Operations Manager,Referral,,,,MSP,NY,43,2026-07-29,lead,ACME-L01891
Melissa,Carroll,melissa.carroll@andersoncollins.example.com,Anderson-Collins,Office Manager,Referral,,,,MSP,FL,73,2026-07-29,opportunity,ACME-L01892
Karen,Foster,karen.foster@jamestownsend.example.com,James-Townsend,Practice Manager,Meta Ads,facebook,paid_social,msp_q3_cyber_guide,MSP,NY,61,2026-07-29,lead,ACME-L01893
Michelle,Keith,michelle.keith@scottplc.example.com,Scott PLC,CFO,Google Ads,google,cpc,,MSP,MA,66,2026-07-29,opportunity,ACME-L01894
Nathan,Bowman,nathan.bowman@chavezinc.example.com,Chavez Inc,IT Director,Google Ads,google,cpc,msp_q3_pmax,MSP,MA,94,2026-07-29,salesqualifiedlead,ACME-L01895
John,Jacobs,john.jacobs@johnsoninc.example.com,Johnson Inc,,Referral,,,,MSP,NY,70,2026-07-29,salesqualifiedlead,ACME-L01896
Melanie,Garcia,melanie.garcia@millerltd.example.com,Miller Ltd,Practice Manager,Meta Ads,facebook,paid_social,msp_q3_cyber_guide,MSP,MA,88,2026-07-29,lead,ACME-L01897
Ellen,Ross,ellen.ross@berrymoss.example.com,Berry-Moss,Operations Manager,Referral,,,,MSP,NJ,73,2026-07-29,lead,ACME-L01898
Daniel,Williamson,daniel.williamson@williamsgroup.example.com,Williams Group,Practice Manager,Google Ads,google,cpc,msp_q3_pmax,MSP,MA,67,2026-07-29,lead,ACME-L01899
Leah,Hall,leah.hall@harrislopezandtorres.example.com,Harris Lopez and Torres,,Outbound,,,,MSP,NJ,63,2026-07-29,lead,ACME-L01900
Shannon,Scott,shannon.scott@jonesprice.example.com,Jones-Price,,Google Ads,google,cpc,msp_q3_search,MSP,NY,94,2026-07-29,lead,ACME-L01901
Jo,Berry,jo.berry@parkerllc.example.com,Parker LLC,Owner,Referral,,,,MSP,NY,73,2026-07-29,lead,ACME-L01902
Samantha,Nixon,samantha.nixon@leefosterandlandry.example.com,Lee Foster and Landry,CFO,Google Ads,google,cpc,msp_q3_pmax,MSP,TX,67,2026-07-29,salesqualifiedlead,ACME-L01903
Stacey,Long,stacey.long@belljohnsonandbrown.example.com,Bell Johnson and Brown,Owner,Google Ads,google,cpc,msp_q3_search,MSP,NY,67,2026-07-29,lead,ACME-L01904
Glenda,Martin,glenda.martin@gonzalezmolina.example.com,Gonzalez-Molina,,Referral,,,,MSP,NJ,100,2026-07-29,salesqualifiedlead,ACME-L01905
Shelly,Sosa,shelly.sosa@frederickharrisandorr.example.com,Frederick Harris and Orr,Office Manager,Google Ads,google,cpc,msp_q3_pmax,MSP,NY,,2026-07-29,salesqualifiedlead,ACME-L01906
Brandon,Warner,brandon.warner@kanellc.example.com,Kane LLC,,Google Ads,google,cpc,msp_q3_search,MSP,NY,66,2026-07-29,lead,ACME-L01907
Valerie,Nguyen,valerie.nguyen@garciaplc.example.com,Garcia PLC,,Call Tracking,callrail,phone,gbp_listing,MSP,NJ,40,2026-07-29,salesqualifiedlead,ACME-L01908
Rhonda,Hamilton,rhonda.hamilton@wolfanthonyandtaylor.example.com,Wolf Anthony and Taylor,Office Manager,Call Tracking,callrail,phone,gbp_listing,MSP,NJ,70,2026-07-29,lead,ACME-L01909
Raymond,Guerra,raymond.guerra@cordovamooreandsmith.example.com,Cordova Moore and Smith,CFO,Google Ads,google,cpc,msp_q3_search,MSP,IL,94,2026-07-30,lead,ACME-L01910
Sandra,Reed,sandra.reed@mcconnellsnyderandlutz.example.com,Mcconnell Snyder and Lutz,CFO,Outbound,,,,MSP,CA,63,2026-07-30,lead,ACME-L01911
Nancy,Carter,nancy.carter@bergandrews.example.com,Berg-Andrews,Owner,Google Ads,google,cpc,msp_q3_search,MSP,MA,67,2026-07-30,opportunity,ACME-L01912
Julia,Gonzalez,julia.gonzalez@jonesolson.example.com,Jones-Olson,Practice Manager,Google Ads,google,cpc,msp_q3_search,MSP,TX,40,2026-07-30,lead,ACME-L01913
Edward,Morales,edward.morales@underwoodinc.example.com,Underwood Inc,IT Director,Meta Ads,facebook,paid_social,msp_q3_cyber_guide,MSP,NJ,61,2026-07-30,lead,ACME-L01914
Michael,Miller,michael.miller@terryandsons.example.com,Terry and Sons,IT Manager,Google Ads,google,cpc,msp_q3_pmax,MSP,NY,67,2026-07-30,lead,ACME-L01915
Janet,Smith,janet.smith@calhounandsons.example.com,Calhoun and Sons,CFO,Referral,,,,MSP,FL,88,2026-07-30,lead,ACME-L01916
Brian,Nelson,brian.nelson@schwartzburton.example.com,Schwartz-Burton,Office Manager,Google Ads,google,cpc,msp_q3_pmax,MSP,NY,67,2026-07-30,lead,ACME-L01917
Tyler,Smith,tyler.smith@perrypoole.example.com,Perry-Poole,Operations Manager,Meta Ads,facebook,paid_social,msp_q3_cyber_guide,MSP,CA,45,2026-07-30,lead,ACME-L01918
Carl,Wright,carl.wright@goodriddleandtorres.example.com,Good Riddle and Torres,CFO,Meta Ads,facebook,paid_social,msp_q3_cyber_guide,MSP,MA,61,2026-07-30,lead,ACME-L01919
Jenny,Gutierrez,jenny.gutierrez@reedsmithandmiller.example.com,Reed Smith and Miller,CFO,Google Ads,google,cpc,msp_q3_search,MSP,NY,67,2026-07-30,lead,ACME-L01920
Tracy,Lewis,tracy.lewis@hubersanchez.example.com,Huber-Sanchez,Office Manager,Google Ads,google,cpc,msp_q3_search,MSP,MA,94,2026-07-30,customer,ACME-L01921
Bryan,Lambert,bryan.lambert@jonesthomas.example.com,Jones-Thomas,IT Manager,Call Tracking,callrail,phone,local_services,MSP,TX,97,2026-07-30,salesqualifiedlead,ACME-L01922
Jeffery,Vargas,jeffery.vargas@tannerdouglasandmiller.example.com,Tanner Douglas and Miller,IT Director,Google Ads,google,cpc,msp_q3_pmax,MSP,TX,94,2026-07-31,lead,ACME-L01923
Edwin,Woods,edwin.woods@morenoltd.example.com,Moreno Ltd,CFO,Google Ads,google,cpc,msp_q3_search,MSP,NY,94,2026-07-31,lead,ACME-L01924
Latoya,Gill,latoya.gill@linmartinez.example.com,Lin-Martinez,,Google Ads,google,cpc,msp_q3_search,MSP,CA,94,2026-07-31,salesqualifiedlead,ACME-L01925
Jose,Moss,jose.moss@moralesllc.example.com,Morales LLC,Owner,Google Ads,google,cpc,msp_q3_search,MSP,TX,66,2026-07-31,lead,ACME-L01926
Ryan,Moore,ryan.moore@buchananthomasandkramer.example.com,Buchanan Thomas and Kramer,CFO,Call Tracking,callrail,phone,gbp_listing,MSP,NJ,48,2026-07-31,salesqualifiedlead,ACME-L01927
Benjamin,Esparza,benjamin.esparza@lopezandsons.example.com,Lopez and Sons,CFO,Referral,,,,MSP,MA,100,2026-07-31,customer,ACME-L01928
Terri,Robinson,terri.robinson@russowilsonandwright.example.com,Russo Wilson and Wright,IT Manager,Meta Ads,facebook,paid_social,msp_q3_retargeting,MSP,MA,88,2026-07-31,salesqualifiedlead,ACME-L01929
Rachel,Wright,rachel.wright@websterllc.example.com,Webster LLC,IT Manager,Google Ads,google,cpc,msp_q3_search,MSP,NJ,67,2026-07-31,lead,ACME-L01930
Robert,Hunter,robert.hunter@poolewhiteandgonzalez.example.com,Poole White and Gonzalez,COO,Meta Ads,facebook,paid_social,msp_q3_retargeting,MSP,FL,88,2026-07-31,salesqualifiedlead,ACME-L01931
William,Allison,william.allison@sweeneygraham.example.com,Sweeney-Graham,Operations Manager,Google Ads,google,cpc,msp_q3_search,MSP,FL,67,2026-07-31,customer,ACME-L01932
Raymond,Torres,raymond.torres@sandersthompsonandlang.example.com,Sanders Thompson and Lang,Office Manager,Outbound,,,,MSP,NY,90,2026-07-31,lead,ACME-L01933
Linda,Anderson,linda.anderson@durhamcastro.example.com,Durham-Castro,,Meta Ads,facebook,paid_social,msp_q3_cyber_guide,MSP,TX,61,2026-07-31,lead,ACME-L01934
Sarah,Garcia,sarah.garcia@daltonmillerandwiggins.example.com,Dalton Miller and Wiggins,,Google Ads,google,cpc,msp_q3_search,MSP,MA,80,2026-07-31,lead,ACME-L01935
Kristin,Diaz,kristin.diaz@collinswood.example.com,Collins-Wood,Operations Manager,Google Ads,google,cpc,msp_q3_search,MSP,CA,94,2026-07-31,lead,ACME-L01936
Tanya,King,tanya.king@whitebradley.example.com,White-Bradley,Owner,Referral,,,,MSP,CA,100,2026-07-31,lead,ACME-L01937
Lauren,Parrish,lauren.parrish@johnsonplc.example.com,Johnson PLC,,Referral,,,,MSP,MA,87,2026-07-31,lead,ACME-L01938
Kenneth,Rodriguez,kenneth.rodriguez@williamsboyerandsingh.example.com,Williams Boyer and Singh,CFO,Referral,,,,MSP,FL,73,2026-07-31,lead,ACME-L01939
Melissa,Daniels,melissa.daniels@huynhbuck.example.com,Huynh-Buck,Office Manager,Referral,,,,MSP,MA,73,2026-08-01,salesqualifiedlead,ACME-L01940
Audrey,Montgomery,audrey.montgomery@saundersllc.example.com,Saunders LLC,IT Director,Google Ads,google,cpc,msp_q3_pmax,MSP,IL,67,2026-08-01,lead,ACME-L01941
Sara,Peterson,sara.peterson@austinwest.example.com,Austin-West,Operations Manager,Meta Ads,facebook,paid_social,msp_q3_retargeting,MSP,TX,,2026-08-01,lead,ACME-L01942
Martha,Collins,martha.collins@grimesandsons.example.com,Grimes and Sons,CFO,Meta Ads,facebook,paid_social,msp_q3_cyber_guide,MSP,NJ,84,2026-08-01,lead,ACME-L01943
Ryan,Martin,ryan.martin@garzacareyandpierce.example.com,Garza Carey and Pierce,CFO,Outbound,,,,MSP,TX,,2026-08-01,lead,ACME-L01944
Jenna,Mcgrath,jenna.mcgrath@whitakerplc.example.com,Whitaker PLC,Office Manager,Call Tracking,callrail,phone,gbp_listing,MSP,NJ,70,2026-08-01,lead,ACME-L01945
Amanda,Pierce,amanda.pierce@masonplc.example.com,Mason PLC,COO,Google Ads,google,cpc,msp_q3_pmax,MSP,NJ,56,2026-08-01,lead,ACME-L01946
Patrick,Stevens,patrick.stevens@turnerbutler.example.com,Turner-Butler,Office Manager,Google Ads,google,cpc,msp_q3_pmax,MSP,NY,75,2026-08-01,salesqualifiedlead,ACME-L01947
Daniel,Rogers,daniel.rogers@riosinc.example.com,Rios Inc,Office Manager,Google Ads,google,cpc,msp_q3_search,MSP,MA,67,2026-08-01,lead,ACME-L01948
Lisa,Pearson,lisa.pearson@smithmcdonaldandhill.example.com,Smith Mcdonald and Hill,Owner,Google Ads,google,cpc,msp_q3_search,MSP,NJ,67,2026-08-02,lead,ACME-L01949
Hayley,Meadows,hayley.meadows@martincooper.example.com,Martin-Cooper,Office Manager,Google Ads,google,cpc,msp_q3_search,MSP,NJ,67,2026-08-02,lead,ACME-L01950
Morgan,Ramirez,morgan.ramirez@scottltd.example.com,Scott Ltd,CFO,Google Ads,google,cpc,msp_q3_search,MSP,FL,61,2026-08-02,lead,ACME-L01951
Ronald,Carson,ronald.carson@chenmunoz.example.com,Chen-Munoz,Owner,Meta Ads,facebook,paid_social,msp_q3_cyber_guide,MSP,NJ,88,2026-08-02,lead,ACME-L01952
Becky,Blair,becky.blair@colesnow.example.com,Cole-Snow,IT Manager,Google Ads,google,cpc,,MSP,IL,67,2026-08-02,salesqualifiedlead,ACME-L01953
Brittany,Warren,brittany.warren@figueroasalinasanddaniel.example.com,Figueroa Salinas and Daniels,Operations Manager,Referral,,,,MSP,CA,100,2026-08-02,opportunity,ACME-L01954
Michael,Curtis,michael.curtis@popeyoungandware.example.com,Pope Young and Ware,IT Manager,Google Ads,google,cpc,msp_q3_search,MSP,MA,94,2026-08-02,lead,ACME-L01955
Tina,Miller,tina.miller@wellsmorris.example.com,Wells-Morris,Office Manager,Call Tracking,callrail,phone,local_services,MSP,CA,70,2026-08-02,lead,ACME-L01956
Lisa,Weaver,lisa.weaver@andrewsplc.example.com,Andrews PLC,Owner,Meta Ads,facebook,paid_social,msp_q3_cyber_guide,MSP,CA,61,2026-08-02,lead,ACME-L01957
Marcus,Harper,marcus.harper@blackgroup.example.com,Black Group,COO,Referral,,,,MSP,TX,70,2026-08-02,lead,ACME-L01958
Charles,Williams,charles.williams@hendersonwoodandblack.example.com,Henderson Wood and Black,IT Director,Google Ads,google,cpc,msp_q3_search,MSP,IL,67,2026-08-02,lead,ACME-L01959
Lori,Dennis,lori.dennis@wilsonrodriguez.example.com,Wilson-Rodriguez,COO,Google Ads,google,cpc,msp_q3_pmax,MSP,TX,94,2026-08-02,lead,ACME-L01960
David,Holloway,david.holloway@hallmartinezandduncan.example.com,Hall Martinez and Duncan,IT Director,Meta Ads,facebook,paid_social,msp_q3_retargeting,MSP,MA,61,2026-08-03,salesqualifiedlead,ACME-L01961
Brian,Robinson,brian.robinson@rossjones.example.com,Ross-Jones,CFO,Outbound,,,,MSP,CA,63,2026-08-03,lead,ACME-L01962
Shari,Rodriguez,shari.rodriguez@garciaacostaandlewis.example.com,Garcia Acosta and Lewis,COO,Google Ads,google,cpc,msp_q3_pmax,MSP,Unassigned,94,2026-08-03,opportunity,ACME-L01963
William,Powell,william.powell@crossbarry.example.com,Cross-Barry,Operations Manager,Google Ads,google,cpc,msp_q3_pmax,MSP,TX,67,2026-08-03,lead,ACME-L01964
Michael,Burns,michael.burns@mccormickortiz.example.com,Mccormick-Ortiz,Owner,Google Ads,google,cpc,msp_q3_pmax,MSP,CA,88,2026-08-03,lead,ACME-L01965
Kristin,Robbins,kristin.robbins@mullinsgrayandwhite.example.com,Mullins Gray and White,IT Manager,Referral,,,,MSP,NJ,51,2026-08-03,salesqualifiedlead,ACME-L01966
Heather,Marshall,heather.marshall@jensenduke.example.com,Jensen-Duke,Owner,Meta Ads,facebook,paid_social,msp_q3_retargeting,MSP,NY,,2026-08-03,lead,ACME-L01967
Veronica,Rodriguez,veronica.rodriguez@bowmaninc.example.com,Bowman Inc,Operations Manager,Google Ads,google,cpc,msp_q3_pmax,MSP,Unassigned,67,2026-08-03,opportunity,ACME-L01968
Ashley,Gonzales,ashley.gonzales@wagnercastroandtorres.example.com,Wagner Castro and Torres,Operations Manager,Referral,,,,MSP,NY,100,2026-08-03,lead,ACME-L01969
Christopher,Martinez,christopher.martinez@mcdonaldclarkandwilson.example.com,Mcdonald Clark and Wilson,,Outbound,,,,MSP,CA,60,2026-08-03,lead,ACME-L01970
Laura,Lyons,laura.lyons@cookcordova.example.com,Cook-Cordova,IT Manager,Google Ads,google,cpc,msp_q3_pmax,MSP,TX,67,2026-08-03,lead,ACME-L01971
Ashley,Page,ashley.page@obrienandsons.example.com,Obrien and Sons,CFO,Referral,,,,MSP,IL,100,2026-08-03,lead,ACME-L01972
Billy,Perry,billy.perry@jonesinc.example.com,Jones Inc,COO,Call Tracking,callrail,phone,gbp_listing,MSP,TX,97,2026-08-04,lead,ACME-L01973
William,Vega,william.vega@mirandaanderson.example.com,Miranda-Anderson,IT Manager,Outbound,,,,MSP,TX,63,2026-08-04,lead,ACME-L01974
Abigail,Hines,abigail.hines@cruzgroup.example.com,Cruz Group,IT Manager,Referral,,,,MSP,FL,45,2026-08-04,lead,ACME-L01975
John,Norris,john.norris@reeseinc.example.com,Reese Inc,COO,Outbound,,,,MSP,FL,63,2026-08-04,lead,ACME-L01976
William,Brown,william.brown@shortllc.example.com,Short LLC,IT Manager,Google Ads,google,cpc,msp_q3_search,MSP,Unassigned,67,2026-08-04,salesqualifiedlead,ACME-L01977
Jon,Jacobs,jon.jacobs@nelsonnguyen.example.com,Nelson-Nguyen,Operations Manager,Meta Ads,facebook,paid_social,msp_q3_retargeting,MSP,CA,61,2026-08-04,salesqualifiedlead,ACME-L01978
Sarah,Allen,sarah.allen@swansonltd.example.com,Swanson Ltd,COO,Meta Ads,facebook,paid_social,msp_q3_retargeting,MSP,MA,61,2026-08-04,lead,ACME-L01979
Lisa,Hamilton,lisa.hamilton@clarkandsons.example.com,Clark and Sons,IT Manager,Call Tracking,callrail,phone,gbp_listing,MSP,Unassigned,70,2026-08-04,lead,ACME-L01980
Jessica,Johnston,jessica.johnston@josephtaylor.example.com,Joseph-Taylor,Office Manager,Meta Ads,facebook,paid_social,msp_q3_cyber_guide,MSP,NJ,88,2026-08-04,lead,ACME-L01981
Charles,Rocha,charles.rocha@perezllc.example.com,Perez LLC,IT Manager,Google Ads,google,cpc,msp_q3_pmax,MSP,MA,94,2026-08-04,lead,ACME-L01982
Joseph,Davis,joseph.davis@johnsongroup.example.com,Johnson Group,Practice Manager,Google Ads,google,cpc,msp_q3_search,MSP,NJ,94,2026-08-04,salesqualifiedlead,ACME-L01983
Robert,Moreno,robert.moreno@pattersonstewartandlopez.example.com,Patterson Stewart and Lopez,Owner,Meta Ads,facebook,paid_social,msp_q3_cyber_guide,MSP,FL,61,2026-08-04,lead,ACME-L01984
Alexandra,Torres,alexandra.torres@gonzaleznielsen.example.com,Gonzalez-Nielsen,Operations Manager,Outbound,,,,MSP,MA,63,2026-08-04,lead,ACME-L01985
Samantha,Le,samantha.le@alvaradoandsons.example.com,Alvarado and Sons,Operations Manager,Google Ads,google,cpc,msp_q3_search,MSP,NJ,37,2026-08-04,lead,ACME-L01986
Jessica,Morgan,jessica.morgan@garciawillisanddavis.example.com,Garcia Willis and Davis,Practice Manager,Referral,,,,MSP,NJ,48,2026-08-04,opportunity,ACME-L01987
Leah,Camacho,leah.camacho@roachinc.example.com,Roach Inc,IT Director,Outbound,,,,MSP,NJ,63,2026-08-04,lead,ACME-L01988
Nathan,Butler,nathan.butler@campbellevans.example.com,Campbell-Evans,IT Manager,Meta Ads,facebook,paid_social,msp_q3_cyber_guide,MSP,MA,61,2026-08-04,salesqualifiedlead,ACME-L01989
John,Wilkinson,john.wilkinson@williamstorres.example.com,Williams-Torres,CFO,Referral,,,,MSP,TX,100,2026-08-04,salesqualifiedlead,ACME-L01990
Michael,Wheeler,michael.wheeler@mccarthyjohnson.example.com,Mccarthy-Johnson,Owner,Google Ads,google,cpc,msp_q3_search,MSP,NY,94,2026-08-04,salesqualifiedlead,ACME-L01991
Pamela,Turner,pamela.turner@jordanllc.example.com,Jordan LLC,CFO,Google Ads,google,cpc,,MSP,Unassigned,47,2026-08-04,lead,ACME-L01992
Ashley,Mitchell,ashley.mitchell@mitchellholt.example.com,Mitchell-Holt,Owner,Outbound,,,,MSP,TX,90,2026-08-04,lead,ACME-L01993
Brandon,Gibson,brandon.gibson@freemanwatsonandmorgan.example.com,Freeman Watson and Morgan,Office Manager,Outbound,,,,MSP,CA,60,2026-08-04,lead,ACME-L01994
Teresa,Morris,teresa.morris@hickmanromeroandhoward.example.com,Hickman Romero and Howard,Office Manager,Google Ads,google,cpc,msp_q3_pmax,MSP,NY,78,2026-08-04,lead,ACME-L01995
Douglas,Wright,douglas.wright@gutierrezandsons.example.com,Gutierrez and Sons,IT Manager,Referral,,,,MSP,TX,100,2026-08-04,salesqualifiedlead,ACME-L01996
Cassandra,Garcia,cassandra.garcia@campbellgroup.example.com,Campbell Group,Operations Manager,Referral,,,,MSP,MA,78,2026-08-05,lead,ACME-L01997
Christopher,Porter,christopher.porter@sawyerandsons.example.com,Sawyer and Sons,COO,Referral,,,,MSP,NJ,100,2026-08-05,salesqualifiedlead,ACME-L01998
Stacey,Hall,stacey.hall@coxhowardandmedina.example.com,Cox Howard and Medina,Owner,Meta Ads,facebook,paid_social,msp_q3_cyber_guide,MSP,CA,61,2026-08-05,lead,ACME-L01999
Renee,Maldonado,renee.maldonado@marshalllinandfarmer.example.com,Marshall Lin and Farmer,Practice Manager,Meta Ads,facebook,paid_social,msp_q3_cyber_guide,MSP,NY,61,2026-08-05,lead,ACME-L02000
Richard,Cortez,richard.cortez@sanchezplc.example.com,Sanchez PLC,Owner,Google Ads,google,cpc,msp_q3_pmax,MSP,TX,,2026-08-05,lead,ACME-L02001
Heather,Cruz,heather.cruz@bartonsheltonandlarsen.example.com,Barton Shelton and Larsen,CFO,Google Ads,google,cpc,msp_q3_search,MSP,MA,94,2026-08-05,lead,ACME-L02002
William,Jenkins,william.jenkins@morrowwhite.example.com,Morrow-White,,Meta Ads,facebook,paid_social,msp_q3_retargeting,MSP,IL,88,2026-08-05,lead,ACME-L02003
Carol,Webster,carol.webster@gonzalezjohns.example.com,Gonzalez-Johns,IT Manager,Call Tracking,callrail,phone,local_services,MSP,MA,70,2026-08-05,lead,ACME-L02004
Sandra,Carr,sandra.carr@chenwilliams.example.com,Chen-Williams,Office Manager,Outbound,,,,MSP,MA,63,2026-08-05,lead,ACME-L02005
Jose,Jackson,jose.jackson@fishersmithandallen.example.com,Fisher Smith and Allen,Operations Manager,Google Ads,google,cpc,msp_q3_search,MSP,NY,67,2026-08-05,salesqualifiedlead,ACME-L02006
Matthew,Morton,matthew.morton@brownlarsonandle.example.com,Brown Larson and Le,Operations Manager,Google Ads,google,cpc,msp_q3_pmax,MSP,NY,94,2026-08-05,lead,ACME-L02007
Suzanne,Cook,suzanne.cook@crawfordgroup.example.com,Crawford Group,IT Director,Google Ads,google,cpc,msp_q3_search,MSP,CA,67,2026-08-05,lead,ACME-L02008
Kathryn,Butler,kathryn.butler@schultzandsons.example.com,Schultz and Sons,IT Director,Referral,,,,MSP,Unassigned,45,2026-08-05,lead,ACME-L02009
Robert,Hicks,robert.hicks@navarrobeckerandanderson.example.com,Navarro Becker and Anderson,Operations Manager,Meta Ads,facebook,paid_social,msp_q3_retargeting,MSP,CA,88,2026-08-05,lead,ACME-L02010
Crystal,Taylor,crystal.taylor@joneswalkerandmartinez.example.com,Jones Walker and Martinez,IT Director,Google Ads,google,cpc,msp_q3_search,MSP,NY,94,2026-08-05,salesqualifiedlead,ACME-L02011
Edward,Porter,edward.porter@murraystevensandsmith.example.com,Murray Stevens and Smith,Operations Manager,Google Ads,google,cpc,,MSP,MA,94,2026-08-06,lead,ACME-L02012
Dawn,Frye,dawn.frye@woodbeard.example.com,Wood-Beard,COO,Meta Ads,facebook,paid_social,msp_q3_retargeting,MSP,NY,61,2026-08-06,lead,ACME-L02013
Robert,Pham,robert.pham@comptonplc.example.com,Compton PLC,Office Manager,Google Ads,google,cpc,msp_q3_search,MSP,TX,67,2026-08-06,lead,ACME-L02014
Melanie,Sanchez,melanie.sanchez@jacksoncontrerasanddudle.example.com,Jackson Contreras and Dudley,IT Director,Meta Ads,facebook,paid_social,msp_q3_retargeting,MSP,CA,88,2026-08-06,lead,ACME-L02015
Michael,Donaldson,michael.donaldson@bridgessimpsonandhunt.example.com,Bridges Simpson and Hunt,,Meta Ads,facebook,paid_social,msp_q3_retargeting,MSP,IL,59,2026-08-06,lead,ACME-L02016
Joseph,Young,joseph.young@marquezinc.example.com,Marquez Inc,COO,Google Ads,google,cpc,msp_q3_search,MSP,Unassigned,46,2026-08-06,salesqualifiedlead,ACME-L02017
Madison,Davis,madison.davis@penawilliams.example.com,Pena-Williams,COO,Google Ads,google,cpc,,MSP,IL,,2026-08-06,lead,ACME-L02018
Ruth,Kemp,ruth.kemp@rogersdavid.example.com,Rogers-David,IT Manager,Meta Ads,facebook,paid_social,msp_q3_cyber_guide,MSP,NJ,88,2026-08-06,lead,ACME-L02019
Rebekah,Mathews,rebekah.mathews@fishermarks.example.com,Fisher-Marks,Operations Manager,Google Ads,google,cpc,msp_q3_search,MSP,TX,94,2026-08-06,lead,ACME-L02020
Heather,Gonzales,heather.gonzales@ramosnorris.example.com,Ramos-Norris,IT Director,Referral,,,,MSP,TX,43,2026-08-06,lead,ACME-L02021
Jacob,Brown,jacob.brown@masonltd.example.com,Mason Ltd,Office Manager,Google Ads,google,cpc,msp_q3_pmax,MSP,NY,,2026-08-06,opportunity,ACME-L02022
Brittany,Thomas,brittany.thomas@acostarichardson.example.com,Acosta-Richardson,,Google Ads,google,cpc,msp_q3_search,MSP,FL,,2026-08-06,lead,ACME-L02023
Kristin,Wang,kristin.wang@garcialtd.example.com,Garcia Ltd,Office Manager,Referral,,,,MSP,NY,47,2026-08-06,lead,ACME-L02024
Joel,Miller,joel.miller@larsonschmidtandmartin.example.com,Larson Schmidt and Martin,Operations Manager,Google Ads,google,cpc,msp_q3_search,MSP,NJ,67,2026-08-06,lead,ACME-L02025
Michelle,Boyer,michelle.boyer@johnsonaguirre.example.com,Johnson-Aguirre,COO,Meta Ads,facebook,paid_social,msp_q3_cyber_guide,MSP,NY,61,2026-08-06,lead,ACME-L02026
Maria,May,maria.may@huynhcombsandrivera.example.com,Huynh Combs and Rivera,IT Manager,Referral,,,,MSP,TX,,2026-08-06,lead,ACME-L02027
Devon,Clark,devon.clark@riddlesmithandmay.example.com,Riddle Smith and May,Operations Manager,Outbound,,,,MSP,CA,90,2026-08-06,opportunity,ACME-L02028
George,Graham,george.graham@munozgroup.example.com,Munoz Group,Practice Manager,Meta Ads,facebook,paid_social,msp_q3_cyber_guide,MSP,NY,78,2026-08-06,lead,ACME-L02029
Danny,Norman,danny.norman@baileygarrettandturner.example.com,Bailey Garrett and Turner,Operations Manager,Call Tracking,callrail,phone,local_services,MSP,NY,,2026-08-06,lead,ACME-L02030
Matthew,Mcfarland,matthew.mcfarland@webbshaw.example.com,Webb-Shaw,Owner,Referral,,,,MSP,NJ,100,2026-08-06,salesqualifiedlead,ACME-L02031
James,Golden,james.golden@cardenaslandryandpeterso.example.com,Cardenas Landry and Peterson,Office Manager,Google Ads,google,cpc,msp_q3_pmax,MSP,FL,94,2026-08-07,lead,ACME-L02032
Connie,Stevens,connie.stevens@hamiltonmorgan.example.com,Hamilton-Morgan,Practice Manager,Outbound,,,,MSP,CA,90,2026-08-07,salesqualifiedlead,ACME-L02033
Christopher,Smith,christopher.smith@reevesplc.example.com,Reeves PLC,Operations Manager,Outbound,,,,MSP,NY,90,2026-08-07,lead,ACME-L02034
Allison,Reed,allison.reed@estradawestandduncan.example.com,Estrada West and Duncan,COO,Meta Ads,facebook,paid_social,msp_q3_cyber_guide,MSP,IL,88,2026-08-07,lead,ACME-L02035
Brian,Hernandez,brian.hernandez@waregroup.example.com,Ware Group,IT Director,Meta Ads,facebook,paid_social,msp_q3_cyber_guide,MSP,FL,61,2026-08-07,lead,ACME-L02036
Debbie,Johnson,debbie.johnson@farmergroup.example.com,Farmer Group,Practice Manager,Google Ads,google,cpc,msp_q3_search,MSP,FL,94,2026-08-07,opportunity,ACME-L02037
Thomas,Hernandez,thomas.hernandez@alexanderjones.example.com,Alexander-Jones,Office Manager,Meta Ads,facebook,paid_social,msp_q3_cyber_guide,MSP,NJ,88,2026-08-07,opportunity,ACME-L02038
Selena,Noble,selena.noble@hallllc.example.com,Hall LLC,Office Manager,Meta Ads,facebook,paid_social,msp_q3_retargeting,MSP,IL,31,2026-08-07,lead,ACME-L02039
Bill,Becker,bill.becker@riosbenjaminandbest.example.com,Rios Benjamin and Best,Practice Manager,Meta Ads,facebook,paid_social,msp_q3_retargeting,MSP,NJ,88,2026-08-07,lead,ACME-L02040
Jacob,Webb,jacob.webb@poolealexander.example.com,Poole-Alexander,Operations Manager,Meta Ads,facebook,paid_social,msp_q3_retargeting,MSP,MA,61,2026-08-07,lead,ACME-L02041
Laurie,Munoz,laurie.munoz@figueroalopez.example.com,Figueroa-Lopez,Operations Manager,Meta Ads,facebook,paid_social,msp_q3_retargeting,MSP,FL,88,2026-08-07,lead,ACME-L02042
Joanna,Roberts,joanna.roberts@smithllc.example.com,Smith LLC,CFO,Referral,,,,MSP,NY,100,2026-08-07,lead,ACME-L02043
David,Robertson,david.robertson@espinozaperez.example.com,Espinoza-Perez,IT Manager,Meta Ads,facebook,paid_social,msp_q3_cyber_guide,MSP,TX,82,2026-08-07,lead,ACME-L02044
Emily,Sullivan,emily.sullivan@rosarioandsons.example.com,Rosario and Sons,Office Manager,Referral,,,,MSP,IL,43,2026-08-07,opportunity,ACME-L02045
Karla,Phillips,karla.phillips@lowecarter.example.com,Lowe-Carter,Office Manager,Outbound,,,,MSP,NJ,63,2026-08-07,lead,ACME-L02046
Thomas,Phillips,thomas.phillips@hartwilson.example.com,Hart-Wilson,IT Manager,Google Ads,google,cpc,msp_q3_search,MSP,TX,59,2026-08-07,lead,ACME-L02047
Brittany,Garrett,brittany.garrett@lovegroup.example.com,Love Group,IT Manager,Google Ads,google,cpc,msp_q3_pmax,MSP,FL,67,2026-08-07,salesqualifiedlead,ACME-L02048
Timothy,Vasquez,timothy.vasquez@ricerichardsandwade.example.com,Rice Richards and Wade,IT Manager,Google Ads,google,cpc,msp_q3_search,MSP,MA,94,2026-08-07,lead,ACME-L02049
Christopher,Parrish,christopher.parrish@thompsonthorntonandbrown.example.com,Thompson Thornton and Brown,Operations Manager,Google Ads,google,cpc,msp_q3_search,MSP,NJ,94,2026-08-07,lead,ACME-L02050
Melissa,Jenkins,melissa.jenkins@hartllc.example.com,Hart LLC,Operations Manager,Referral,,,,MSP,NY,73,2026-08-07,lead,ACME-L02051
Richard,Brock,richard.brock@bennettplc.example.com,Bennett PLC,CFO,Outbound,,,,MSP,NY,90,2026-08-07,lead,ACME-L02052
Andrew,King,andrew.king@brownmathis.example.com,Brown-Mathis,COO,Outbound,,,,MSP,TX,63,2026-08-07,lead,ACME-L02053
Jennifer,Lee,jennifer.lee@gordongroup.example.com,Gordon Group,Office Manager,Meta Ads,facebook,paid_social,msp_q3_cyber_guide,MSP,NJ,60,2026-08-08,lead,ACME-L02054
Jennifer,Mcdonald,jennifer.mcdonald@camposwilliams.example.com,Campos-Williams,CFO,Referral,,,,MSP,MA,100,2026-08-08,salesqualifiedlead,ACME-L02055
Jeffrey,Simmons,jeffrey.simmons@parrishmiller.example.com,Parrish-Miller,COO,Google Ads,google,cpc,msp_q3_pmax,MSP,FL,55,2026-08-08,lead,ACME-L02056
Anthony,Alexander,anthony.alexander@everettbuckleyandmoore.example.com,Everett Buckley and Moore,IT Manager,Outbound,,,,MSP,NJ,63,2026-08-08,lead,ACME-L02057
Jeffrey,Alvarado,jeffrey.alvarado@ramossutton.example.com,Ramos-Sutton,Practice Manager,Outbound,,,,MSP,TX,63,2026-08-08,lead,ACME-L02058
Katherine,Gonzalez,katherine.gonzalez@vancegroup.example.com,Vance Group,Office Manager,Referral,,,,MSP,NY,73,2026-08-08,salesqualifiedlead,ACME-L02059
Michael,Phillips,michael.phillips@smithllc.example.com,Smith LLC,Practice Manager,Outbound,,,,MSP,NY,90,2026-08-08,lead,ACME-L02060
James,Morgan,james.morgan@mendozagroup.example.com,Mendoza Group,IT Manager,Google Ads,google,cpc,msp_q3_search,MSP,CA,,2026-08-09,lead,ACME-L02061
Elizabeth,Johnson,elizabeth.johnson@tannerlambandcruz.example.com,Tanner Lamb and Cruz,Operations Manager,Google Ads,google,cpc,msp_q3_search,MSP,MA,70,2026-08-09,lead,ACME-L02062
Janet,Meadows,janet.meadows@browninc.example.com,Brown Inc,CFO,Google Ads,google,cpc,msp_q3_pmax,MSP,NY,,2026-08-09,lead,ACME-L02063
Robin,Fuentes,robin.fuentes@johnsonmoore.example.com,Johnson-Moore,IT Director,Google Ads,google,cpc,msp_q3_search,MSP,CA,67,2026-08-09,opportunity,ACME-L02064
Jerry,Williams,jerry.williams@summersmeyersandmelendez.example.com,Summers Meyers and Melendez,Practice Manager,Referral,,,,MSP,FL,100,2026-08-09,lead,ACME-L02065
Amanda,Gray,amanda.gray@lewisrandolphandadams.example.com,Lewis Randolph and Adams,Office Manager,Google Ads,google,cpc,,MSP,TX,,2026-08-10,lead,ACME-L02066
Kimberly,Schmitt,kimberly.schmitt@woodsgilbert.example.com,Woods-Gilbert,COO,Referral,,,,MSP,FL,100,2026-08-10,opportunity,ACME-L02067
Erin,Cooper,erin.cooper@rosscastilloandpatterson.example.com,Ross Castillo and Patterson,COO,Call Tracking,callrail,phone,local_services,MSP,FL,69,2026-08-10,lead,ACME-L02068
Christina,Suarez,christina.suarez@bryantduncanandholland.example.com,Bryant Duncan and Holland,IT Manager,Meta Ads,facebook,paid_social,msp_q3_cyber_guide,MSP,NJ,61,2026-08-10,lead,ACME-L02069
Nicholas,Chambers,nicholas.chambers@taylorcarlson.example.com,Taylor-Carlson,Owner,Google Ads,google,cpc,msp_q3_pmax,MSP,FL,67,2026-08-10,lead,ACME-L02070
Chad,Banks,chad.banks@robinsonandsons.example.com,Robinson and Sons,Operations Manager,Meta Ads,facebook,paid_social,,MSP,TX,88,2026-08-10,lead,ACME-L02071
Jacqueline,Guerra,jacqueline.guerra@johnsonltd.example.com,Johnson Ltd,Office Manager,Google Ads,google,cpc,msp_q3_search,MSP,MA,44,2026-08-10,lead,ACME-L02072
Ashley,Leon,ashley.leon@gonzalezhunterandstark.example.com,Gonzalez Hunter and Stark,COO,Outbound,,,,MSP,TX,63,2026-08-10,lead,ACME-L02073
Brian,Fritz,brian.fritz@christiandanielsandmoody.example.com,Christian Daniels and Moody,CFO,Meta Ads,facebook,paid_social,msp_q3_cyber_guide,MSP,CA,61,2026-08-10,lead,ACME-L02074
Jean,Wood,jean.wood@williamshamiltonandhall.example.com,Williams Hamilton and Hall,Operations Manager,Outbound,,,,MSP,IL,44,2026-08-10,lead,ACME-L02075
Catherine,Cohen,catherine.cohen@collinsinc.example.com,Collins Inc,IT Manager,Outbound,,,,MSP,CA,81,2026-08-10,lead,ACME-L02076
Nathan,Padilla,nathan.padilla@hortonmiller.example.com,Horton-Miller,Practice Manager,Google Ads,google,cpc,msp_q3_search,MSP,IL,94,2026-08-10,salesqualifiedlead,ACME-L02077
Robert,Silva,robert.silva@rodriguezmcintosh.example.com,Rodriguez-Mcintosh,IT Manager,Call Tracking,callrail,phone,local_services,MSP,MA,47,2026-08-10,lead,ACME-L02078
Donna,Johnson,donna.johnson@davisrossandsanchez.example.com,Davis Ross and Sanchez,CFO,Google Ads,google,cpc,msp_q3_pmax,MSP,NJ,67,2026-08-10,salesqualifiedlead,ACME-L02079
Emily,Murray,emily.murray@morganjohnsandwalker.example.com,Morgan Johns and Walker,IT Director,Meta Ads,facebook,paid_social,msp_q3_retargeting,MSP,TX,,2026-08-10,lead,ACME-L02080
Elizabeth,Foster,elizabeth.foster@holtmiller.example.com,Holt-Miller,IT Director,Meta Ads,facebook,paid_social,msp_q3_retargeting,MSP,NJ,88,2026-08-10,opportunity,ACME-L02081
Randy,Jennings,randy.jennings@mcintyremcdonald.example.com,Mcintyre-Mcdonald,Owner,Outbound,,,,MSP,MA,90,2026-08-10,lead,ACME-L02082
Kaitlin,Stevens,kaitlin.stevens@everettinc.example.com,Everett Inc,Practice Manager,Meta Ads,facebook,paid_social,msp_q3_retargeting,MSP,NJ,61,2026-08-10,lead,ACME-L02083
Richard,Stanton,richard.stanton@traviscruz.example.com,Travis-Cruz,IT Director,Google Ads,google,cpc,msp_q3_pmax,MSP,TX,67,2026-08-10,lead,ACME-L02084
Samantha,Reynolds,samantha.reynolds@sloanplc.example.com,Sloan PLC,IT Manager,Outbound,,,,MSP,TX,90,2026-08-10,lead,ACME-L02085
Amy,Vega,amy.vega@fostersalinas.example.com,Foster-Salinas,,Meta Ads,facebook,paid_social,msp_q3_retargeting,MSP,NJ,79,2026-08-10,lead,ACME-L02086
Erica,George,erica.george@bullockltd.example.com,Bullock Ltd,COO,Google Ads,google,cpc,msp_q3_pmax,MSP,FL,67,2026-08-10,salesqualifiedlead,ACME-L02087
Christopher,Lara,christopher.lara@coopernguyen.example.com,Cooper-Nguyen,IT Manager,Meta Ads,facebook,paid_social,msp_q3_retargeting,MSP,TX,88,2026-08-10,lead,ACME-L02088
Michele,Daniels,michele.daniels@adkinsandsons.example.com,Adkins and Sons,COO,Meta Ads,facebook,paid_social,msp_q3_retargeting,MSP,NY,88,2026-08-10,lead,ACME-L02089
Alexandra,Sanchez,alexandra.sanchez@rowejohnsonandlarsen.example.com,Rowe Johnson and Larsen,COO,Google Ads,google,cpc,msp_q3_pmax,MSP,CA,67,2026-08-10,lead,ACME-L02090
Richard,Peters,richard.peters@lynchllc.example.com,Lynch LLC,Office Manager,Outbound,,,,MSP,IL,63,2026-08-10,lead,ACME-L02091
Samuel,Sparks,samuel.sparks@smithltd.example.com,Smith Ltd,IT Manager,Referral,,,,MSP,NJ,73,2026-08-10,lead,ACME-L02092
Sheryl,Taylor,sheryl.taylor@smithjones.example.com,Smith-Jones,COO,Referral,,,,MSP,NJ,100,2026-08-11,lead,ACME-L02093
Curtis,Elliott,curtis.elliott@browninc.example.com,Brown Inc,IT Director,Referral,,,,MSP,NY,67,2026-08-11,lead,ACME-L02094
Beverly,Atkins,beverly.atkins@thomasbakerandpage.example.com,Thomas Baker and Page,Practice Manager,Google Ads,google,cpc,msp_q3_pmax,MSP,MA,64,2026-08-11,lead,ACME-L02095
Meredith,Blair,meredith.blair@leemason.example.com,Lee-Mason,CFO,Google Ads,google,cpc,msp_q3_search,MSP,NJ,78,2026-08-11,lead,ACME-L02096
Kimberly,Castillo,kimberly.castillo@wallaceltd.example.com,Wallace Ltd,Operations Manager,Google Ads,google,cpc,,MSP,NY,51,2026-08-11,lead,ACME-L02097
Nicholas,Powell,nicholas.powell@greenbuckandrobinson.example.com,Green Buck and Robinson,CFO,Outbound,,,,MSP,NY,63,2026-08-11,salesqualifiedlead,ACME-L02098
Gregory,Smith,gregory.smith@rogersltd.example.com,Rogers Ltd,,Call Tracking,callrail,phone,gbp_listing,MSP,TX,97,2026-08-11,lead,ACME-L02099
Timothy,White,timothy.white@millerpadillaandtaylor.example.com,Miller Padilla and Taylor,Practice Manager,Outbound,,,,MSP,FL,90,2026-08-11,lead,ACME-L02100
Mark,Smith,mark.smith@stewartgroup.example.com,Stewart Group,COO,Meta Ads,facebook,paid_social,msp_q3_retargeting,MSP,IL,58,2026-08-11,lead,ACME-L02101
Martha,Knapp,martha.knapp@mitchellinc.example.com,Mitchell Inc,IT Director,Google Ads,google,cpc,msp_q3_pmax,MSP,NY,37,2026-08-11,lead,ACME-L02102
Kendra,Graham,kendra.graham@johnsongroup.example.com,Johnson Group,COO,Google Ads,google,cpc,msp_q3_pmax,MSP,NJ,94,2026-08-11,lead,ACME-L02103
Donald,Wilson,donald.wilson@langpatton.example.com,Lang-Patton,CFO,Google Ads,google,cpc,,MSP,NJ,94,2026-08-11,lead,ACME-L02104
Alexandra,Bruce,alexandra.bruce@ramirezmurphy.example.com,Ramirez-Murphy,COO,Referral,,,,MSP,NY,43,2026-08-11,lead,ACME-L02105
Sarah,Wright,sarah.wright@fosterllc.example.com,Foster LLC,IT Manager,Google Ads,google,cpc,msp_q3_search,MSP,NJ,67,2026-08-11,lead,ACME-L02106
Christine,Harvey,christine.harvey@youngsimmons.example.com,Young-Simmons,IT Director,Outbound,,,,MSP,IL,63,2026-08-11,lead,ACME-L02107
Lindsay,Hill,lindsay.hill@collierltd.example.com,Collier Ltd,Operations Manager,Call Tracking,callrail,phone,local_services,MSP,FL,70,2026-08-11,lead,ACME-L02108
Christopher,Thomas,christopher.thomas@guzmangroup.example.com,Guzman Group,IT Director,Referral,,,,MSP,FL,100,2026-08-11,salesqualifiedlead,ACME-L02109
Vanessa,Contreras,vanessa.contreras@johnsonbuchanan.example.com,Johnson-Buchanan,CFO,Google Ads,google,cpc,msp_q3_pmax,MSP,TX,94,2026-08-12,lead,ACME-L02110
Austin,Goodman,austin.goodman@parkerplc.example.com,Parker PLC,IT Director,Meta Ads,facebook,paid_social,msp_q3_retargeting,MSP,Unassigned,11,2026-08-12,lead,ACME-L02111
Matthew,Williams,matthew.williams@cabreramacdonald.example.com,Cabrera-Macdonald,Operations Manager,Google Ads,google,cpc,msp_q3_pmax,MSP,MA,94,2026-08-12,lead,ACME-L02112
Nicholas,Lewis,nicholas.lewis@simmonsltd.example.com,Simmons Ltd,CFO,Outbound,,,,MSP,CA,63,2026-08-12,salesqualifiedlead,ACME-L02113
Amy,Nelson,amy.nelson@richardsonfrazierandthom.example.com,Richardson Frazier and Thompson,Office Manager,Outbound,,,,MSP,IL,90,2026-08-12,lead,ACME-L02114
John,Conner,john.conner@rosscooper.example.com,Ross-Cooper,COO,Meta Ads,facebook,paid_social,msp_q3_retargeting,MSP,NJ,61,2026-08-12,lead,ACME-L02115
Michael,Carter,michael.carter@williamsschwartz.example.com,Williams-Schwartz,Office Manager,Meta Ads,facebook,paid_social,msp_q3_cyber_guide,MSP,FL,61,2026-08-12,lead,ACME-L02116
Alexander,Keith,alexander.keith@hernandezmcgeeandatkinso.example.com,Hernandez Mcgee and Atkinson,Owner,Meta Ads,facebook,paid_social,msp_q3_cyber_guide,MSP,TX,58,2026-08-12,lead,ACME-L02117
Bonnie,Butler,bonnie.butler@whiteandsons.example.com,White and Sons,Operations Manager,Google Ads,google,cpc,msp_q3_pmax,MSP,NY,80,2026-08-12,lead,ACME-L02118
Karen,Stewart,karen.stewart@moralesbrownandlong.example.com,Morales Brown and Long,Practice Manager,Google Ads,google,cpc,msp_q3_search,MSP,Unassigned,94,2026-08-12,lead,ACME-L02119
Martin,Riley,martin.riley@mitchellrobertson.example.com,Mitchell-Robertson,Owner,Call Tracking,callrail,phone,gbp_listing,MSP,NY,,2026-08-12,salesqualifiedlead,ACME-L02120
Brian,Little,brian.little@johnsonherreraandcole.example.com,Johnson Herrera and Cole,Owner,Referral,,,,MSP,NJ,70,2026-08-12,lead,ACME-L02121
Krystal,Jones,krystal.jones@mathisandsons.example.com,Mathis and Sons,COO,Referral,,,,MSP,IL,61,2026-08-12,lead,ACME-L02122
Rhonda,Anderson,rhonda.anderson@riveragreen.example.com,Rivera-Green,COO,Outbound,,,,MSP,TX,90,2026-08-12,lead,ACME-L02123
Gregory,Ramirez,gregory.ramirez@parkergroup.example.com,Parker Group,COO,Meta Ads,facebook,paid_social,msp_q3_cyber_guide,MSP,MA,88,2026-08-12,lead,ACME-L02124
Eric,Mendoza,eric.mendoza@johnsonalexander.example.com,Johnson-Alexander,Office Manager,Outbound,,,,MSP,CA,60,2026-08-12,salesqualifiedlead,ACME-L02125
Ashley,Hansen,ashley.hansen@mcconnellbenitez.example.com,Mcconnell-Benitez,Owner,Call Tracking,callrail,phone,gbp_listing,MSP,NJ,64,2026-08-12,lead,ACME-L02126
Helen,Stephens,helen.stephens@smithltd.example.com,Smith Ltd,IT Manager,Referral,,,,MSP,NJ,73,2026-08-12,lead,ACME-L02127
Christopher,Hill,christopher.hill@lucasduranandlong.example.com,Lucas Duran and Long,COO,Meta Ads,facebook,paid_social,msp_q3_retargeting,MSP,TX,82,2026-08-12,lead,ACME-L02128
Herbert,Gilmore,herbert.gilmore@pattersonhernandezandatk.example.com,Patterson Hernandez and Atkinson,IT Manager,Google Ads,google,cpc,msp_q3_search,MSP,NY,67,2026-08-12,lead,ACME-L02129
Robert,Shields,robert.shields@smithlopezandorozco.example.com,Smith Lopez and Orozco,COO,Outbound,,,,MSP,FL,90,2026-08-12,lead,ACME-L02130
Maria,Anderson,maria.anderson@dennisgarcia.example.com,Dennis-Garcia,IT Manager,Outbound,,,,MSP,CA,90,2026-08-12,lead,ACME-L02131
Glenn,Beck,glenn.beck@turnerreyesandfarley.example.com,Turner Reyes and Farley,IT Manager,Outbound,,,,MSP,FL,90,2026-08-12,lead,ACME-L02132
Bryan,Gray,bryan.gray@obrienelliottandbrennan.example.com,Obrien Elliott and Brennan,Operations Manager,Google Ads,google,cpc,msp_q3_search,MSP,NJ,64,2026-08-13,opportunity,ACME-L02133
Mary,Lawrence,mary.lawrence@wagnermillerandmason.example.com,Wagner Miller and Mason,COO,Google Ads,google,cpc,,MSP,NY,67,2026-08-13,lead,ACME-L02134
Angela,Wright,angela.wright@olseninc.example.com,Olsen Inc,Owner,Outbound,,,,MSP,FL,90,2026-08-13,lead,ACME-L02135
Malik,Delgado,malik.delgado@nicholsonplc.example.com,Nicholson PLC,Operations Manager,Referral,,,,MSP,NJ,67,2026-08-13,lead,ACME-L02136
Lance,Martin,lance.martin@kellyltd.example.com,Kelly Ltd,IT Director,Outbound,,,,MSP,NY,63,2026-08-13,lead,ACME-L02137
Julie,Holmes,julie.holmes@hatfieldatkinsandtaylor.example.com,Hatfield Atkins and Taylor,Operations Manager,Call Tracking,callrail,phone,gbp_listing,MSP,NY,97,2026-08-13,lead,ACME-L02138
Danielle,Mercer,danielle.mercer@manningllc.example.com,Manning LLC,IT Director,Google Ads,google,cpc,msp_q3_search,MSP,IL,94,2026-08-13,salesqualifiedlead,ACME-L02139
Matthew,Wang,matthew.wang@gutierrezplc.example.com,Gutierrez PLC,Office Manager,Google Ads,google,cpc,msp_q3_search,MSP,CA,67,2026-08-13,lead,ACME-L02140
John,Smith,john.smith@hallturnerandhammond.example.com,Hall Turner and Hammond,Practice Manager,Referral,,,,MSP,MA,73,2026-08-13,lead,ACME-L02141
Henry,Ramos,henry.ramos@vasquezschmidt.example.com,Vasquez-Schmidt,Practice Manager,Referral,,,,MSP,MA,73,2026-08-13,lead,ACME-L02142
Tammy,Smith,tammy.smith@kingholt.example.com,King-Holt,CFO,Call Tracking,callrail,phone,gbp_listing,MSP,IL,97,2026-08-13,salesqualifiedlead,ACME-L02143
Alyssa,Ross,alyssa.ross@sanfordltd.example.com,Sanford Ltd,Office Manager,Call Tracking,callrail,phone,gbp_listing,MSP,MA,70,2026-08-13,lead,ACME-L02144
Jaime,Sanchez,jaime.sanchez@parksalexanderandjenkins.example.com,Parks Alexander and Jenkins,Operations Manager,Meta Ads,facebook,paid_social,msp_q3_retargeting,MSP,FL,88,2026-08-13,lead,ACME-L02145
Janice,Miller,janice.miller@harrisplc.example.com,Harris PLC,CFO,Outbound,,,,MSP,TX,60,2026-08-13,lead,ACME-L02146
Victoria,Sheppard,victoria.sheppard@johnstonplc.example.com,Johnston PLC,CFO,Google Ads,google,cpc,msp_q3_pmax,MSP,NJ,67,2026-08-13,salesqualifiedlead,ACME-L02147
Nicole,Kelley,nicole.kelley@schaeferlowery.example.com,Schaefer-Lowery,Operations Manager,Google Ads,google,cpc,msp_q3_search,MSP,IL,69,2026-08-13,salesqualifiedlead,ACME-L02148
Cynthia,Taylor,cynthia.taylor@trevinoltd.example.com,Trevino Ltd,Practice Manager,Referral,,,,MSP,NJ,73,2026-08-13,opportunity,ACME-L02149
Luke,Ellis,luke.ellis@browncarlson.example.com,Brown-Carlson,IT Manager,Google Ads,google,cpc,msp_q3_search,MSP,NY,67,2026-08-13,lead,ACME-L02150
Mary,Moore,mary.moore@huynhdavisandramos.example.com,Huynh Davis and Ramos,Practice Manager,Meta Ads,facebook,paid_social,msp_q3_cyber_guide,MSP,CA,61,2026-08-13,lead,ACME-L02151
Darrell,Salas,darrell.salas@frankliningram.example.com,Franklin-Ingram,Operations Manager,Referral,,,,MSP,CA,100,2026-08-13,lead,ACME-L02152
Nicholas,Harris,nicholas.harris@mckeevazquezandhughes.example.com,Mckee Vazquez and Hughes,IT Manager,Google Ads,google,cpc,msp_q3_pmax,MSP,NY,67,2026-08-13,lead,ACME-L02153
Danielle,Johnson,danielle.johnson@clarkbest.example.com,Clark-Best,,Meta Ads,facebook,paid_social,msp_q3_retargeting,MSP,MA,88,2026-08-13,lead,ACME-L02154
Chelsea,Mitchell,chelsea.mitchell@lawrencemortonandgarza.example.com,Lawrence Morton and Garza,COO,Google Ads,google,cpc,msp_q3_pmax,MSP,NJ,94,2026-08-14,opportunity,ACME-L02155
Amy,Wood,amy.wood@rossltd.example.com,Ross Ltd,Operations Manager,Referral,,,,MSP,NY,81,2026-08-14,opportunity,ACME-L02156
Emily,Hodge,emily.hodge@mossmack.example.com,Moss-Mack,COO,Meta Ads,facebook,paid_social,msp_q3_cyber_guide,MSP,CA,61,2026-08-14,lead,ACME-L02157
John,Hall,john.hall@andersonhamilton.example.com,Anderson-Hamilton,CFO,Google Ads,google,cpc,msp_q3_search,MSP,MA,94,2026-08-14,lead,ACME-L02158
Barbara,Rose,barbara.rose@olsongroup.example.com,Olson Group,Office Manager,Google Ads,google,cpc,msp_q3_pmax,MSP,FL,67,2026-08-14,lead,ACME-L02159
Henry,Zavala,henry.zavala@hayesbarrettandneal.example.com,Hayes Barrett and Neal,COO,Google Ads,google,cpc,msp_q3_pmax,MSP,CA,94,2026-08-14,lead,ACME-L02160
Mary,Lee,mary.lee@adamskline.example.com,Adams-Kline,Operations Manager,Google Ads,google,cpc,msp_q3_pmax,MSP,NJ,94,2026-08-14,opportunity,ACME-L02161
Jason,Oconnor,jason.oconnor@kelleyweeksandbarnett.example.com,Kelley Weeks and Barnett,IT Manager,Google Ads,google,cpc,msp_q3_pmax,MSP,CA,67,2026-08-14,lead,ACME-L02162
Janet,Jones,janet.jones@warrencastillo.example.com,Warren-Castillo,COO,Google Ads,google,cpc,msp_q3_search,MSP,TX,51,2026-08-14,lead,ACME-L02163
Tina,Whitehead,tina.whitehead@hillandsons.example.com,Hill and Sons,Operations Manager,Google Ads,google,cpc,msp_q3_search,MSP,TX,94,2026-08-14,salesqualifiedlead,ACME-L02164
Kevin,Scott,kevin.scott@turnerinc.example.com,Turner Inc,CFO,Meta Ads,facebook,paid_social,msp_q3_retargeting,MSP,TX,31,2026-08-14,lead,ACME-L02165
Dennis,Doyle,dennis.doyle@fergusonstrong.example.com,Ferguson-Strong,CFO,Meta Ads,facebook,paid_social,msp_q3_retargeting,MSP,CA,88,2026-08-14,lead,ACME-L02166
Wanda,Romero,wanda.romero@hollanddunlapandmcbride.example.com,Holland Dunlap and Mcbride,IT Director,Call Tracking,callrail,phone,gbp_listing,MSP,MA,97,2026-08-14,salesqualifiedlead,ACME-L02167
Meghan,Hartman,meghan.hartman@westmahoney.example.com,West-Mahoney,Owner,Call Tracking,callrail,phone,gbp_listing,MSP,NJ,97,2026-08-14,lead,ACME-L02168
Ronald,Martinez,ronald.martinez@smithinc.example.com,Smith Inc,COO,Outbound,,,,MSP,CA,63,2026-08-14,lead,ACME-L02169
Maria,Young,maria.young@clarkgroup.example.com,Clark Group,Owner,Call Tracking,callrail,phone,gbp_listing,MSP,NJ,70,2026-08-14,lead,ACME-L02170
Emily,Cook,emily.cook@knightgaines.example.com,Knight-Gaines,,Google Ads,google,cpc,msp_q3_pmax,MSP,CA,94,2026-08-14,lead,ACME-L02171
Jeremy,Petersen,jeremy.petersen@gravesltd.example.com,Graves Ltd,Practice Manager,Referral,,,,MSP,NY,100,2026-08-14,lead,ACME-L02172
William,Reid,william.reid@jordanandsons.example.com,Jordan and Sons,Office Manager,Call Tracking,callrail,phone,local_services,MSP,TX,70,2026-08-14,lead,ACME-L02173
Linda,Monroe,linda.monroe@carterinc.example.com,Carter Inc,Practice Manager,Call Tracking,callrail,phone,gbp_listing,MSP,CA,51,2026-08-14,lead,ACME-L02174
Logan,Ryan,logan.ryan@knightandsons.example.com,Knight and Sons,,Google Ads,google,cpc,msp_q3_pmax,MSP,FL,67,2026-08-14,lead,ACME-L02175
Christopher,Whitehead,christopher.whitehead@parkergroup.example.com,Parker Group,Owner,Meta Ads,facebook,paid_social,msp_q3_retargeting,MSP,MA,88,2026-08-14,lead,ACME-L02176
Logan,Campos,logan.campos@brennangroup.example.com,Brennan Group,IT Director,Google Ads,google,cpc,msp_q3_search,MSP,CA,67,2026-08-15,lead,ACME-L02177
Anthony,Thompson,anthony.thompson@flowersltd.example.com,Flowers Ltd,Practice Manager,Referral,,,,MSP,MA,73,2026-08-15,lead,ACME-L02178
Devon,Carter,devon.carter@acevedollc.example.com,Acevedo LLC,Owner,Google Ads,google,cpc,msp_q3_pmax,MSP,TX,94,2026-08-15,lead,ACME-L02179
James,Jones,james.jones@lewissparksandsmith.example.com,Lewis Sparks and Smith,,Google Ads,google,cpc,msp_q3_pmax,MSP,NY,67,2026-08-15,opportunity,ACME-L02180
Emily,Lara,emily.lara@clarkplc.example.com,Clark PLC,Practice Manager,Google Ads,google,cpc,msp_q3_pmax,MSP,CA,94,2026-08-15,customer,ACME-L02181
Paula,Brewer,paula.brewer@mcknightgroup.example.com,Mcknight Group,Practice Manager,Google Ads,google,cpc,msp_q3_search,MSP,NY,44,2026-08-15,salesqualifiedlead,ACME-L02182
William,Dudley,william.dudley@bellroberts.example.com,Bell-Roberts,COO,Outbound,,,,MSP,NY,90,2026-08-15,lead,ACME-L02183
Richard,Kelley,richard.kelley@foxdunn.example.com,Fox-Dunn,COO,Google Ads,google,cpc,msp_q3_pmax,MSP,TX,67,2026-08-16,customer,ACME-L02184
Michele,Forbes,michele.forbes@robinsonplc.example.com,Robinson PLC,Operations Manager,Google Ads,google,cpc,msp_q3_search,MSP,MA,94,2026-08-16,lead,ACME-L02185
Allison,Pittman,allison.pittman@vazquezmurray.example.com,Vazquez-Murray,IT Manager,Referral,,,,MSP,CA,73,2026-08-16,salesqualifiedlead,ACME-L02186
John,Lawrence,john.lawrence@nelsonford.example.com,Nelson-Ford,Practice Manager,Meta Ads,facebook,paid_social,msp_q3_retargeting,MSP,NY,61,2026-08-16,lead,ACME-L02187
David,Nolan,david.nolan@haynesgroup.example.com,Haynes Group,IT Director,Outbound,,,,MSP,MA,80,2026-08-16,lead,ACME-L02188
Shannon,Stephens,shannon.stephens@vegallc.example.com,Vega LLC,COO,Google Ads,google,cpc,msp_q3_pmax,MSP,NJ,94,2026-08-16,lead,ACME-L02189
Laura,White,laura.white@mcneilwilliamsandpark.example.com,Mcneil Williams and Park,Practice Manager,Google Ads,google,cpc,msp_q3_search,MSP,CA,94,2026-08-16,customer,ACME-L02190
Joshua,Prince,joshua.prince@garzanorton.example.com,Garza-Norton,Operations Manager,Meta Ads,facebook,paid_social,msp_q3_cyber_guide,MSP,TX,88,2026-08-16,lead,ACME-L02191
Randy,Foster,randy.foster@medinabell.example.com,Medina-Bell,Office Manager,Meta Ads,facebook,paid_social,,MSP,CA,76,2026-08-16,lead,ACME-L02192
Jared,Rivera,jared.rivera@moorethomas.example.com,Moore-Thomas,Operations Manager,Google Ads,google,cpc,msp_q3_search,MSP,CA,67,2026-08-17,lead,ACME-L02193
Wayne,Ellis,wayne.ellis@greenebradfordandwalker.example.com,Greene Bradford and Walker,CFO,Meta Ads,facebook,paid_social,msp_q3_retargeting,MSP,CA,61,2026-08-17,lead,ACME-L02194
Richard,Walker,richard.walker@leeolsen.example.com,Lee-Olsen,IT Director,Referral,,,,MSP,Unassigned,100,2026-08-17,lead,ACME-L02195
Maureen,Campos,maureen.campos@riversandsons.example.com,Rivers and Sons,IT Manager,Referral,,,,MSP,IL,73,2026-08-17,lead,ACME-L02196
Elizabeth,Brown,elizabeth.brown@harrisonjacksonandcampos.example.com,Harrison Jackson and Campos,IT Manager,Meta Ads,facebook,paid_social,msp_q3_retargeting,MSP,MA,,2026-08-17,lead,ACME-L02197
Tiffany,Allen,tiffany.allen@marquezmiller.example.com,Marquez-Miller,,Google Ads,google,cpc,msp_q3_pmax,MSP,NJ,67,2026-08-17,lead,ACME-L02198
Patricia,Kennedy,patricia.kennedy@gonzalezplc.example.com,Gonzalez PLC,Practice Manager,Meta Ads,facebook,paid_social,msp_q3_cyber_guide,MSP,CA,61,2026-08-17,lead,ACME-L02199
Sean,Woods,sean.woods@smithanderson.example.com,Smith-Anderson,IT Manager,Google Ads,google,cpc,msp_q3_search,MSP,IL,66,2026-08-17,lead,ACME-L02200
Scott,Charles,scott.charles@whiteroachandfischer.example.com,White Roach and Fischer,Operations Manager,Google Ads,google,cpc,msp_q3_search,MSP,CA,67,2026-08-17,lead,ACME-L02201
Nicole,Ford,nicole.ford@hernandezlopez.example.com,Hernandez-Lopez,Office Manager,Google Ads,google,cpc,msp_q3_search,MSP,IL,67,2026-08-17,lead,ACME-L02202
Curtis,Roberts,curtis.roberts@osbornltd.example.com,Osborn Ltd,Office Manager,Google Ads,google,cpc,msp_q3_search,MSP,TX,67,2026-08-17,lead,ACME-L02203
Shawn,Elliott,shawn.elliott@mcneilsmith.example.com,Mcneil-Smith,IT Director,Referral,,,,MSP,NJ,73,2026-08-17,lead,ACME-L02204
Nicole,Brady,nicole.brady@andrewsandsons.example.com,Andrews and Sons,Office Manager,Meta Ads,facebook,paid_social,msp_q3_cyber_guide,MSP,NJ,61,2026-08-17,lead,ACME-L02205
Emily,Cruz,emily.cruz@crossfrazier.example.com,Cross-Frazier,CFO,Outbound,,,,MSP,Unassigned,43,2026-08-17,lead,ACME-L02206
Jasmine,Walker,jasmine.walker@roymcintosh.example.com,Roy-Mcintosh,COO,Google Ads,google,cpc,msp_q3_search,MSP,IL,94,2026-08-17,lead,ACME-L02207
Michael,Davis,michael.davis@hallltd.example.com,Hall Ltd,Owner,Meta Ads,facebook,paid_social,msp_q3_retargeting,MSP,TX,88,2026-08-17,lead,ACME-L02208
Stephanie,Reid,stephanie.reid@smithvaldez.example.com,Smith-Valdez,COO,Outbound,,,,MSP,CA,63,2026-08-17,lead,ACME-L02209
Elizabeth,Osborne,elizabeth.osborne@frazierinc.example.com,Frazier Inc,Office Manager,Meta Ads,facebook,paid_social,msp_q3_retargeting,MSP,NY,70,2026-08-18,lead,ACME-L02210
Todd,Daniels,todd.daniels@rogersandsons.example.com,Rogers and Sons,COO,Referral,,,,MSP,TX,100,2026-08-18,opportunity,ACME-L02211
Michael,Hebert,michael.hebert@medinacochranandduncan.example.com,Medina Cochran and Duncan,Operations Manager,Google Ads,google,cpc,msp_q3_pmax,MSP,NJ,67,2026-08-18,lead,ACME-L02212
William,Curry,william.curry@willismunozanddavis.example.com,Willis Munoz and Davis,COO,Google Ads,google,cpc,msp_q3_pmax,MSP,CA,67,2026-08-18,salesqualifiedlead,ACME-L02213
Lisa,Frederick,lisa.frederick@robersoncompton.example.com,Roberson-Compton,Owner,Meta Ads,facebook,paid_social,msp_q3_retargeting,MSP,CA,66,2026-08-18,opportunity,ACME-L02214
Jared,Mcgee,jared.mcgee@millerltd.example.com,Miller Ltd,Owner,Outbound,,,,MSP,MA,90,2026-08-18,lead,ACME-L02215
Kaylee,Berry,kaylee.berry@lowerylewisandmyers.example.com,Lowery Lewis and Myers,Office Manager,Outbound,,,,MSP,NY,90,2026-08-18,salesqualifiedlead,ACME-L02216
Matthew,Le,matthew.le@fullergroup.example.com,Fuller Group,,Google Ads,google,cpc,msp_q3_search,MSP,MA,64,2026-08-18,opportunity,ACME-L02217
Robert,Sandoval,robert.sandoval@allenllc.example.com,Allen LLC,Office Manager,Google Ads,google,cpc,msp_q3_pmax,MSP,NY,91,2026-08-18,lead,ACME-L02218
Steven,Diaz,steven.diaz@schwartzlutzandcook.example.com,Schwartz Lutz and Cook,Operations Manager,Google Ads,google,cpc,msp_q3_search,MSP,MA,67,2026-08-18,lead,ACME-L02219
Earl,Mcpherson,earl.mcpherson@fishergroup.example.com,Fisher Group,IT Manager,Google Ads,google,cpc,msp_q3_pmax,MSP,NJ,67,2026-08-18,lead,ACME-L02220
Jeffrey,Walker,jeffrey.walker@galvanltd.example.com,Galvan Ltd,Practice Manager,Google Ads,google,cpc,msp_q3_pmax,MSP,NY,67,2026-08-18,lead,ACME-L02221
John,Fletcher,john.fletcher@deanzimmermanandgray.example.com,Dean Zimmerman and Gray,IT Manager,Meta Ads,facebook,paid_social,msp_q3_cyber_guide,MSP,TX,88,2026-08-18,lead,ACME-L02222
Zachary,Curry,zachary.curry@priceatkinsonandcraig.example.com,Price Atkinson and Craig,Operations Manager,Google Ads,google,cpc,,MSP,MA,94,2026-08-18,lead,ACME-L02223
Johnathan,Webb,johnathan.webb@foxsampsonanddavis.example.com,Fox Sampson and Davis,Office Manager,Referral,,,,MSP,NY,73,2026-08-18,salesqualifiedlead,ACME-L02224
Rebecca,Johnson,rebecca.johnson@wilsonjoseph.example.com,Wilson-Joseph,Owner,Google Ads,google,cpc,msp_q3_search,MSP,NY,94,2026-08-18,lead,ACME-L02225
Isabel,Neal,isabel.neal@gonzalesleeandrodriguez.example.com,Gonzales Lee and Rodriguez,Practice Manager,Call Tracking,callrail,phone,local_services,MSP,FL,97,2026-08-19,lead,ACME-L02226
Allison,Quinn,allison.quinn@smithlittleanddavis.example.com,Smith Little and Davis,Office Manager,Outbound,,,,MSP,MA,47,2026-08-19,salesqualifiedlead,ACME-L02227
David,Maynard,david.maynard@holmeswolf.example.com,Holmes-Wolf,Practice Manager,Google Ads,google,cpc,msp_q3_search,MSP,IL,37,2026-08-19,lead,ACME-L02228
April,Myers,april.myers@rosegonzalezandfarmer.example.com,Rose Gonzalez and Farmer,Office Manager,Referral,,,,MSP,CA,100,2026-08-19,lead,ACME-L02229
Terri,Flores,terri.flores@frazierpatton.example.com,Frazier-Patton,Office Manager,Meta Ads,facebook,paid_social,msp_q3_cyber_guide,MSP,FL,88,2026-08-19,lead,ACME-L02230
Juan,Mccoy,juan.mccoy@ayalahallandsmith.example.com,Ayala Hall and Smith,Practice Manager,Google Ads,google,cpc,msp_q3_pmax,MSP,NY,66,2026-08-19,lead,ACME-L02231
Raymond,Travis,raymond.travis@hannaandsons.example.com,Hanna and Sons,Operations Manager,Meta Ads,facebook,paid_social,msp_q3_cyber_guide,MSP,IL,61,2026-08-19,lead,ACME-L02232
Donald,Jenkins,donald.jenkins@woodweaver.example.com,Wood-Weaver,Operations Manager,Google Ads,google,cpc,msp_q3_pmax,MSP,MA,67,2026-08-19,lead,ACME-L02233
Heidi,Price,heidi.price@acostaberry.example.com,Acosta-Berry,CFO,Google Ads,google,cpc,msp_q3_pmax,MSP,MA,67,2026-08-19,opportunity,ACME-L02234
Billy,Melton,billy.melton@bradleyplc.example.com,Bradley PLC,IT Director,Outbound,,,,MSP,IL,63,2026-08-19,salesqualifiedlead,ACME-L02235
Thomas,Berry,thomas.berry@burnsltd.example.com,Burns Ltd,IT Director,Call Tracking,callrail,phone,gbp_listing,MSP,MA,40,2026-08-19,lead,ACME-L02236
Andre,Stevens,andre.stevens@wilsonburgessandwong.example.com,Wilson Burgess and Wong,IT Manager,Google Ads,google,cpc,msp_q3_search,MSP,TX,67,2026-08-19,lead,ACME-L02237
Ashley,Williams,ashley.williams@hunterabbottandmurillo.example.com,Hunter Abbott and Murillo,IT Director,Meta Ads,facebook,paid_social,msp_q3_retargeting,MSP,MA,61,2026-08-19,lead,ACME-L02238
Brandon,Sweeney,brandon.sweeney@whitethompsonandrocha.example.com,White Thompson and Rocha,IT Director,Google Ads,google,cpc,msp_q3_search,MSP,IL,94,2026-08-19,lead,ACME-L02239
Robert,Buchanan,robert.buchanan@richardsonstephens.example.com,Richardson-Stephens,Office Manager,Referral,,,,MSP,MA,100,2026-08-19,salesqualifiedlead,ACME-L02240
Crystal,Gordon,crystal.gordon@warrenltd.example.com,Warren Ltd,,Google Ads,google,cpc,msp_q3_pmax,MSP,NY,67,2026-08-19,lead,ACME-L02241
William,Branch,william.branch@gonzalezmasonandharris.example.com,Gonzalez Mason and Harris,Office Manager,Referral,,,,MSP,CA,70,2026-08-19,lead,ACME-L02242
Rebecca,Jordan,rebecca.jordan@odonnellburnsandguerrero.example.com,Odonnell Burns and Guerrero,Practice Manager,Google Ads,google,cpc,msp_q3_search,MSP,MA,67,2026-08-19,lead,ACME-L02243
Jessica,Allen,jessica.allen@marshallcunningham.example.com,Marshall-Cunningham,CFO,Google Ads,google,cpc,msp_q3_pmax,MSP,CA,67,2026-08-19,lead,ACME-L02244
Nancy,Stephens,nancy.stephens@bennettmartinandanderson.example.com,Bennett Martin and Anderson,CFO,Referral,,,,MSP,TX,,2026-08-19,salesqualifiedlead,ACME-L02245
Laura,Church,laura.church@taylorandsons.example.com,Taylor and Sons,Practice Manager,Google Ads,google,cpc,msp_q3_search,MSP,NJ,,2026-08-19,lead,ACME-L02246
Samuel,Ramos,samuel.ramos@scottltd.example.com,Scott Ltd,CFO,Google Ads,google,cpc,msp_q3_search,MSP,Unassigned,61,2026-08-19,lead,ACME-L02247
Erin,Howard,erin.howard@reynoldsyang.example.com,Reynolds-Yang,IT Director,Referral,,,,MSP,CA,43,2026-08-19,lead,ACME-L02248
Samuel,Jordan,samuel.jordan@alvaradomayo.example.com,Alvarado-Mayo,CFO,Google Ads,google,cpc,msp_q3_pmax,MSP,TX,,2026-08-19,customer,ACME-L02249
Melissa,Torres,melissa.torres@wadehughes.example.com,Wade-Hughes,COO,Google Ads,google,cpc,msp_q3_search,MSP,MA,94,2026-08-19,lead,ACME-L02250
Renee,Berger,renee.berger@quinnschmidtandewing.example.com,Quinn Schmidt and Ewing,Owner,Meta Ads,facebook,paid_social,msp_q3_cyber_guide,MSP,NJ,61,2026-08-19,lead,ACME-L02251
Dustin,Martinez,dustin.martinez@cookclay.example.com,Cook-Clay,Office Manager,Referral,,,,MSP,TX,100,2026-08-19,lead,ACME-L02252
Gabriela,Leon,gabriela.leon@bestltd.example.com,Best Ltd,Operations Manager,Meta Ads,facebook,paid_social,msp_q3_cyber_guide,MSP,CA,88,2026-08-19,lead,ACME-L02253
Tyler,Smith,tyler.smith@loveaguirreandhall.example.com,Love Aguirre and Hall,Owner,Meta Ads,facebook,paid_social,msp_q3_cyber_guide,MSP,NY,61,2026-08-20,lead,ACME-L02254
Elizabeth,West,elizabeth.west@hughesorranddiaz.example.com,Hughes Orr and Diaz,Owner,Google Ads,google,cpc,msp_q3_search,MSP,FL,64,2026-08-20,lead,ACME-L02255
Rachel,Pacheco,rachel.pacheco@parkerjohnson.example.com,Parker-Johnson,Office Manager,Meta Ads,facebook,paid_social,msp_q3_retargeting,MSP,Unassigned,88,2026-08-20,opportunity,ACME-L02256
Laura,Cook,laura.cook@bonillaleeanddiaz.example.com,Bonilla Lee and Diaz,COO,Google Ads,google,cpc,msp_q3_pmax,MSP,IL,94,2026-08-20,lead,ACME-L02257
Marie,Bowman,marie.bowman@montgomerytaylor.example.com,Montgomery-Taylor,IT Manager,Call Tracking,callrail,phone,local_services,MSP,NY,97,2026-08-20,salesqualifiedlead,ACME-L02258
Ashley,Nelson,ashley.nelson@sanchezllc.example.com,Sanchez LLC,CFO,Google Ads,google,cpc,msp_q3_search,MSP,MA,63,2026-08-20,lead,ACME-L02259
Andrew,Salazar,andrew.salazar@youngoconnor.example.com,Young-Oconnor,CFO,Meta Ads,facebook,paid_social,msp_q3_retargeting,MSP,CA,88,2026-08-20,lead,ACME-L02260
Kayla,Harris,kayla.harris@barrsanchez.example.com,Barr-Sanchez,Operations Manager,Outbound,,,,MSP,CA,90,2026-08-20,lead,ACME-L02261
Sean,Baker,sean.baker@spencerlopez.example.com,Spencer-Lopez,Owner,Google Ads,google,cpc,msp_q3_pmax,MSP,CA,67,2026-08-20,lead,ACME-L02262
Nicholas,Taylor,nicholas.taylor@huntgibsonandcalhoun.example.com,Hunt Gibson and Calhoun,Practice Manager,Referral,,,,MSP,FL,100,2026-08-20,opportunity,ACME-L02263
Caroline,Taylor,caroline.taylor@clarkmanningandkramer.example.com,Clark Manning and Kramer,Office Manager,Meta Ads,facebook,paid_social,msp_q3_cyber_guide,MSP,NJ,72,2026-08-20,lead,ACME-L02264
Mariah,Wheeler,mariah.wheeler@williamssmall.example.com,Williams-Small,Owner,Google Ads,google,cpc,msp_q3_search,MSP,NY,88,2026-08-20,lead,ACME-L02265
Michele,Burnett,michele.burnett@thomasking.example.com,Thomas-King,IT Director,Meta Ads,facebook,paid_social,msp_q3_retargeting,MSP,TX,88,2026-08-20,lead,ACME-L02266
Stephanie,Dunn,stephanie.dunn@jonesdouglas.example.com,Jones-Douglas,Owner,Referral,,,,MSP,NY,100,2026-08-20,lead,ACME-L02267
Jacob,Lewis,jacob.lewis@millshuntandbell.example.com,Mills Hunt and Bell,COO,Google Ads,google,cpc,msp_q3_search,MSP,FL,67,2026-08-20,lead,ACME-L02268
Brian,Johnston,brian.johnston@snydersmith.example.com,Snyder-Smith,IT Director,Outbound,,,,MSP,TX,65,2026-08-20,lead,ACME-L02269
Ian,Barnes,ian.barnes@austininc.example.com,Austin Inc,COO,Google Ads,google,cpc,msp_q3_search,MSP,FL,94,2026-08-20,lead,ACME-L02270
Michael,Ryan,michael.ryan@taylorcherryandrocha.example.com,Taylor Cherry and Rocha,COO,Outbound,,,,MSP,IL,90,2026-08-20,lead,ACME-L02271
Joshua,Paul,joshua.paul@riceinc.example.com,Rice Inc,Operations Manager,Outbound,,,,MSP,NJ,90,2026-08-20,opportunity,ACME-L02272
Jill,Schneider,jill.schneider@ramirezlloyd.example.com,Ramirez-Lloyd,Owner,Meta Ads,facebook,paid_social,,MSP,NY,61,2026-08-20,lead,ACME-L02273
Jennifer,Esparza,jennifer.esparza@hammondmurray.example.com,Hammond-Murray,Practice Manager,Call Tracking,callrail,phone,local_services,MSP,NY,97,2026-08-21,lead,ACME-L02274
Ian,Golden,ian.golden@hansendiaz.example.com,Hansen-Diaz,Operations Manager,Meta Ads,facebook,paid_social,msp_q3_retargeting,MSP,NJ,88,2026-08-21,lead,ACME-L02275
Daniel,Simpson,daniel.simpson@riverajacksonandsandoval.example.com,Rivera Jackson and Sandoval,Practice Manager,Call Tracking,callrail,phone,local_services,MSP,MA,54,2026-08-21,lead,ACME-L02276
Michael,Gray,michael.gray@clarkmartinez.example.com,Clark-Martinez,COO,Google Ads,google,cpc,msp_q3_pmax,MSP,NY,67,2026-08-21,lead,ACME-L02277
Lauren,Rodriguez,lauren.rodriguez@shahvalentineandjohnson.example.com,Shah Valentine and Johnson,IT Manager,Google Ads,google,cpc,msp_q3_pmax,MSP,CA,94,2026-08-21,salesqualifiedlead,ACME-L02278
Helen,Morgan,helen.morgan@cunninghamgomezandduncan.example.com,Cunningham Gomez and Duncan,Practice Manager,Google Ads,google,cpc,msp_q3_search,MSP,NY,67,2026-08-21,lead,ACME-L02279
Wendy,Case,wendy.case@georgeandsons.example.com,George and Sons,CFO,Google Ads,google,cpc,msp_q3_search,MSP,TX,67,2026-08-21,salesqualifiedlead,ACME-L02280
Joel,Day,joel.day@weaverpham.example.com,Weaver-Pham,IT Director,Outbound,,,,MSP,FL,90,2026-08-21,lead,ACME-L02281
Luke,Davis,luke.davis@masonpowell.example.com,Mason-Powell,,Outbound,,,,MSP,NJ,63,2026-08-21,lead,ACME-L02282
Christopher,Combs,christopher.combs@harriscohenandcordova.example.com,Harris Cohen and Cordova,Office Manager,Google Ads,google,cpc,,MSP,Unassigned,74,2026-08-21,lead,ACME-L02283
Christopher,Sanders,christopher.sanders@smithgarciaandvelez.example.com,Smith Garcia and Velez,IT Manager,Meta Ads,facebook,paid_social,msp_q3_cyber_guide,MSP,FL,61,2026-08-21,lead,ACME-L02284
Carol,Brown,carol.brown@perezandsons.example.com,Perez and Sons,IT Manager,Google Ads,google,cpc,msp_q3_search,MSP,TX,67,2026-08-21,lead,ACME-L02285
Stephen,Soto,stephen.soto@bradfordwilsonandnewton.example.com,Bradford Wilson and Newton,Operations Manager,Meta Ads,facebook,paid_social,msp_q3_cyber_guide,MSP,TX,,2026-08-21,lead,ACME-L02286
Joseph,Burns,joseph.burns@williamsonllc.example.com,Williamson LLC,Operations Manager,Meta Ads,facebook,paid_social,msp_q3_retargeting,MSP,NJ,88,2026-08-21,lead,ACME-L02287
Nathan,Watkins,nathan.watkins@petersonnelson.example.com,Peterson-Nelson,IT Manager,Call Tracking,callrail,phone,gbp_listing,MSP,NY,70,2026-08-21,lead,ACME-L02288
Brandon,Mendoza,brandon.mendoza@lewisllc.example.com,Lewis LLC,COO,Referral,,,,MSP,NJ,100,2026-08-21,salesqualifiedlead,ACME-L02289
Jacob,Russo,jacob.russo@turnernelson.example.com,Turner-Nelson,COO,Outbound,,,,MSP,NY,63,2026-08-22,lead,ACME-L02290
Stephanie,Rodgers,stephanie.rodgers@littleandsons.example.com,Little and Sons,IT Manager,Referral,,,,MSP,NY,100,2026-08-22,salesqualifiedlead,ACME-L02291
Lisa,Rios,lisa.rios@paynerandolph.example.com,Payne-Randolph,Owner,Referral,,,,MSP,NY,75,2026-08-22,opportunity,ACME-L02292
Morgan,Ortega,morgan.ortega@cantuhigginsandtrevino.example.com,Cantu Higgins and Trevino,Practice Manager,Google Ads,google,cpc,msp_q3_pmax,MSP,NY,94,2026-08-22,lead,ACME-L02293
Amy,Thomas,amy.thomas@booneltd.example.com,Boone Ltd,CFO,Outbound,,,,MSP,TX,63,2026-08-22,lead,ACME-L02294
Ruben,Adkins,ruben.adkins@kellygordonandyoung.example.com,Kelly Gordon and Young,Office Manager,Google Ads,google,cpc,,MSP,MA,53,2026-08-22,lead,ACME-L02295
Jeffrey,Schmidt,jeffrey.schmidt@andersonandsons.example.com,Anderson and Sons,Owner,Google Ads,google,cpc,msp_q3_search,MSP,MA,94,2026-08-22,salesqualifiedlead,ACME-L02296
David,Duncan,david.duncan@brennanfisher.example.com,Brennan-Fisher,Owner,Referral,,,,MSP,MA,73,2026-08-22,salesqualifiedlead,ACME-L02297
Sarah,Austin,sarah.austin@coxhallandhunt.example.com,Cox Hall and Hunt,IT Manager,Google Ads,google,cpc,msp_q3_pmax,MSP,MA,94,2026-08-22,lead,ACME-L02298
Savannah,Armstrong,savannah.armstrong@harrisgroup.example.com,Harris Group,IT Director,Google Ads,google,cpc,msp_q3_pmax,MSP,CA,60,2026-08-22,salesqualifiedlead,ACME-L02299
Robert,Morgan,robert.morgan@torressmithandjones.example.com,Torres Smith and Jones,Practice Manager,Outbound,,,,MSP,MA,90,2026-08-23,lead,ACME-L02300
Andrea,Perez,andrea.perez@hessjamesandreeves.example.com,Hess James and Reeves,IT Director,Meta Ads,facebook,paid_social,msp_q3_cyber_guide,MSP,FL,88,2026-08-23,lead,ACME-L02301
Catherine,Merritt,catherine.merritt@franklingomez.example.com,Franklin-Gomez,Office Manager,Google Ads,google,cpc,msp_q3_pmax,MSP,IL,94,2026-08-23,lead,ACME-L02302
Ronald,Fernandez,ronald.fernandez@watsonsmith.example.com,Watson-Smith,IT Manager,Google Ads,google,cpc,msp_q3_search,MSP,NY,94,2026-08-23,salesqualifiedlead,ACME-L02303
Tina,Martinez,tina.martinez@juareztate.example.com,Juarez-Tate,Owner,Outbound,,,,MSP,Unassigned,43,2026-08-23,lead,ACME-L02304
Sarah,Maxwell,sarah.maxwell@baxtercasey.example.com,Baxter-Casey,Office Manager,Meta Ads,facebook,paid_social,msp_q3_retargeting,MSP,NY,45,2026-08-23,lead,ACME-L02305
Carla,Conway,carla.conway@jonesnguyenandmejia.example.com,Jones Nguyen and Mejia,Office Manager,Outbound,,,,MSP,TX,90,2026-08-23,lead,ACME-L02306
Teresa,Stewart,teresa.stewart@millerscott.example.com,Miller-Scott,IT Director,Call Tracking,callrail,phone,gbp_listing,MSP,FL,70,2026-08-23,lead,ACME-L02307
Damon,Clay,damon.clay@pittsandsons.example.com,Pitts and Sons,IT Manager,Referral,,,,MSP,NJ,100,2026-08-23,lead,ACME-L02308
Ana,Baker,ana.baker@fraziermartinez.example.com,Frazier-Martinez,COO,Call Tracking,callrail,phone,local_services,MSP,CA,97,2026-08-23,lead,ACME-L02309
Shannon,Williams,shannon.williams@wilkinsongibsonandcarter.example.com,Wilkinson Gibson and Carter,COO,Outbound,,,,MSP,NJ,63,2026-08-23,lead,ACME-L02310
Michael,Cooke,michael.cooke@thomasgreen.example.com,Thomas-Green,IT Director,Referral,,,,MSP,NY,100,2026-08-23,lead,ACME-L02311
James,Duncan,james.duncan@rodriguezwhiteandbaker.example.com,Rodriguez White and Baker,IT Director,Google Ads,google,cpc,msp_q3_search,MSP,FL,94,2026-08-23,lead,ACME-L02312
Kristen,Lopez,kristen.lopez@milesltd.example.com,Miles Ltd,Operations Manager,Call Tracking,callrail,phone,gbp_listing,MSP,MA,97,2026-08-23,salesqualifiedlead,ACME-L02313
Kathleen,Kim,kathleen.kim@lopezandsons.example.com,Lopez and Sons,Office Manager,Google Ads,google,cpc,msp_q3_pmax,MSP,MA,94,2026-08-23,lead,ACME-L02314
Veronica,Conrad,veronica.conrad@foxbarrera.example.com,Fox-Barrera,IT Director,Outbound,,,,MSP,TX,90,2026-08-23,opportunity,ACME-L02315
Jared,Perez,jared.perez@stephensltd.example.com,Stephens Ltd,CFO,Google Ads,google,cpc,msp_q3_pmax,MSP,CA,69,2026-08-23,lead,ACME-L02316
Sarah,Arias,sarah.arias@gregorygonzales.example.com,Gregory-Gonzales,Office Manager,Meta Ads,facebook,paid_social,msp_q3_cyber_guide,MSP,NY,61,2026-08-24,lead,ACME-L02317
Aaron,Huang,aaron.huang@alexanderjohnsonandgarci.example.com,Alexander Johnson and Garcia,Practice Manager,Google Ads,google,cpc,msp_q3_search,MSP,NY,67,2026-08-24,lead,ACME-L02318
Daniel,Thomas,daniel.thomas@pagesmith.example.com,Page-Smith,IT Director,Meta Ads,facebook,paid_social,,MSP,TX,88,2026-08-24,lead,ACME-L02319
Kirsten,Sullivan,kirsten.sullivan@guzmancooperandwade.example.com,Guzman Cooper and Wade,,Referral,,,,MSP,TX,73,2026-08-24,opportunity,ACME-L02320
Gary,Little,gary.little@harmoncook.example.com,Harmon-Cook,IT Manager,Meta Ads,facebook,paid_social,msp_q3_retargeting,MSP,Unassigned,68,2026-08-24,lead,ACME-L02321
Shelby,Smith,shelby.smith@gillsmithandhenderson.example.com,Gill Smith and Henderson,COO,Google Ads,google,cpc,msp_q3_search,MSP,TX,67,2026-08-24,lead,ACME-L02322
Jack,Walker,jack.walker@schmidtllc.example.com,Schmidt LLC,Office Manager,Outbound,,,,MSP,NY,53,2026-08-24,lead,ACME-L02323
James,Dixon,james.dixon@mcknightandsons.example.com,Mcknight and Sons,IT Director,Google Ads,google,cpc,msp_q3_pmax,MSP,Unassigned,94,2026-08-24,lead,ACME-L02324
Anna,Rodriguez,anna.rodriguez@johnsonpittmananddouglas.example.com,Johnson Pittman and Douglas,Office Manager,Google Ads,google,cpc,msp_q3_search,MSP,CA,69,2026-08-24,lead,ACME-L02325
Jennifer,Higgins,jennifer.higgins@hermandowns.example.com,Herman-Downs,,Outbound,,,,MSP,CA,,2026-08-24,lead,ACME-L02326
Heather,Johnson,heather.johnson@hopkinsrobertsonandwalla.example.com,Hopkins Robertson and Wallace,,Google Ads,google,cpc,msp_q3_pmax,MSP,NY,67,2026-08-24,lead,ACME-L02327
Justin,Hamilton,justin.hamilton@popepugh.example.com,Pope-Pugh,CFO,Referral,,,,MSP,NJ,53,2026-08-24,salesqualifiedlead,ACME-L02328
Angela,Martin,angela.martin@smithkellyandjones.example.com,Smith Kelly and Jones,IT Director,Google Ads,google,cpc,msp_q3_search,MSP,CA,67,2026-08-24,lead,ACME-L02329
Steven,Carr,steven.carr@stephenscaldwellandhuber.example.com,Stephens Caldwell and Huber,Owner,Meta Ads,facebook,paid_social,msp_q3_cyber_guide,MSP,NJ,88,2026-08-24,lead,ACME-L02330
Lindsay,Perez,lindsay.perez@robinsoninc.example.com,Robinson Inc,CFO,Outbound,,,,MSP,NJ,,2026-08-24,lead,ACME-L02331
Johnny,Wright,johnny.wright@mathiscross.example.com,Mathis-Cross,COO,Google Ads,google,cpc,,MSP,NY,67,2026-08-24,salesqualifiedlead,ACME-L02332
Michael,Vaughn,michael.vaughn@roblescampbell.example.com,Robles-Campbell,Office Manager,Google Ads,google,cpc,msp_q3_search,MSP,NY,,2026-08-24,salesqualifiedlead,ACME-L02333
Sabrina,Bell,sabrina.bell@wrightramsey.example.com,Wright-Ramsey,CFO,Google Ads,google,cpc,msp_q3_pmax,MSP,FL,94,2026-08-24,lead,ACME-L02334
Kim,Spencer,kim.spencer@wellsinc.example.com,Wells Inc,COO,Referral,,,,MSP,IL,73,2026-08-25,salesqualifiedlead,ACME-L02335
Jacob,Adams,jacob.adams@steeleevans.example.com,Steele-Evans,COO,Google Ads,google,cpc,msp_q3_search,MSP,IL,94,2026-08-25,lead,ACME-L02336
James,Jackson,james.jackson@rayandsons.example.com,Ray and Sons,IT Director,Call Tracking,callrail,phone,gbp_listing,MSP,FL,97,2026-08-25,salesqualifiedlead,ACME-L02337
Mary,Montgomery,mary.montgomery@harveygroup.example.com,Harvey Group,IT Manager,Google Ads,google,cpc,msp_q3_search,MSP,NY,94,2026-08-25,lead,ACME-L02338
Brett,Davis,brett.davis@barnesjackson.example.com,Barnes-Jackson,Owner,Meta Ads,facebook,paid_social,msp_q3_cyber_guide,MSP,TX,61,2026-08-25,lead,ACME-L02339
Christopher,Williams,christopher.williams@millerlewis.example.com,Miller-Lewis,CFO,Meta Ads,facebook,paid_social,msp_q3_retargeting,MSP,NY,88,2026-08-25,lead,ACME-L02340
Kelly,Hart,kelly.hart@hoffmanplc.example.com,Hoffman PLC,IT Manager,Google Ads,google,cpc,msp_q3_search,MSP,CA,,2026-08-25,lead,ACME-L02341
Sarah,Hunter,sarah.hunter@simmonsmartinez.example.com,Simmons-Martinez,IT Manager,Google Ads,google,cpc,msp_q3_search,MSP,CA,67,2026-08-25,lead,ACME-L02342
Derek,White,derek.white@garciaplc.example.com,Garcia PLC,CFO,Outbound,,,,MSP,NJ,33,2026-08-25,lead,ACME-L02343
Brianna,White,brianna.white@mcdonaldthompson.example.com,Mcdonald-Thompson,,Google Ads,google,cpc,msp_q3_search,MSP,TX,94,2026-08-25,salesqualifiedlead,ACME-L02344
William,Reese,william.reese@brighthoover.example.com,Bright-Hoover,IT Director,Call Tracking,callrail,phone,gbp_listing,MSP,NJ,70,2026-08-25,salesqualifiedlead,ACME-L02345
Eric,Hansen,eric.hansen@reedandsons.example.com,Reed and Sons,Owner,Meta Ads,facebook,paid_social,msp_q3_retargeting,MSP,TX,48,2026-08-25,lead,ACME-L02346
Barbara,Larson,barbara.larson@thorntonandsons.example.com,Thornton and Sons,COO,Google Ads,google,cpc,msp_q3_pmax,MSP,NY,67,2026-08-25,lead,ACME-L02347
Ashley,Carlson,ashley.carlson@coxchaseandpatel.example.com,Cox Chase and Patel,Owner,Meta Ads,facebook,paid_social,msp_q3_retargeting,MSP,TX,88,2026-08-25,lead,ACME-L02348
Sandra,Daniels,sandra.daniels@hughesandsons.example.com,Hughes and Sons,CFO,Google Ads,google,cpc,msp_q3_search,MSP,IL,67,2026-08-25,salesqualifiedlead,ACME-L02349
Jason,Parker,jason.parker@wilsonrubioanddaniels.example.com,Wilson Rubio and Daniels,Operations Manager,Google Ads,google,cpc,msp_q3_search,MSP,NJ,67,2026-08-25,lead,ACME-L02350
Thomas,Cantrell,thomas.cantrell@hendersonanderson.example.com,Henderson-Anderson,COO,Google Ads,google,cpc,msp_q3_pmax,MSP,IL,67,2026-08-25,lead,ACME-L02351
Matthew,Velez,matthew.velez@huffllc.example.com,Huff LLC,Owner,Referral,,,,MSP,NY,100,2026-08-25,customer,ACME-L02352
Rick,Mcintyre,rick.mcintyre@rhodesjamesandlopez.example.com,Rhodes James and Lopez,COO,Referral,,,,MSP,MA,73,2026-08-25,lead,ACME-L02353
Sydney,Wallace,sydney.wallace@craigjensen.example.com,Craig-Jensen,Owner,Referral,,,,MSP,TX,73,2026-08-26,salesqualifiedlead,ACME-L02354
Andrew,Butler,andrew.butler@taylorsuarez.example.com,Taylor-Suarez,COO,Referral,,,,MSP,IL,56,2026-08-26,lead,ACME-L02355
Nicholas,Harris,nicholas.harris@hicksmartin.example.com,Hicks-Martin,Owner,Call Tracking,callrail,phone,gbp_listing,MSP,NY,56,2026-08-26,lead,ACME-L02356
Nicole,Wolfe,nicole.wolfe@alvaradollc.example.com,Alvarado LLC,CFO,Google Ads,google,cpc,msp_q3_pmax,MSP,FL,94,2026-08-26,lead,ACME-L02357
Robert,Cooper,robert.cooper@jonesguerraandmorris.example.com,Jones Guerra and Morris,CFO,Call Tracking,callrail,phone,gbp_listing,MSP,TX,91,2026-08-26,lead,ACME-L02358
Samantha,Mann,samantha.mann@thomasplc.example.com,Thomas PLC,COO,Google Ads,google,cpc,msp_q3_pmax,MSP,NY,67,2026-08-26,opportunity,ACME-L02359
Andrea,Harvey,andrea.harvey@colellc.example.com,Cole LLC,Owner,Call Tracking,callrail,phone,local_services,MSP,MA,70,2026-08-26,salesqualifiedlead,ACME-L02360
Tyler,Hart,tyler.hart@obrienandsons.example.com,Obrien and Sons,Owner,Meta Ads,facebook,paid_social,msp_q3_retargeting,MSP,IL,88,2026-08-26,lead,ACME-L02361
Eric,Vasquez,eric.vasquez@kempdukeandkim.example.com,Kemp Duke and Kim,Operations Manager,Google Ads,google,cpc,msp_q3_pmax,MSP,NJ,82,2026-08-26,lead,ACME-L02362
Shannon,Pittman,shannon.pittman@sheaevansandwebb.example.com,Shea Evans and Webb,Operations Manager,Google Ads,google,cpc,msp_q3_pmax,MSP,MA,67,2026-08-26,lead,ACME-L02363
Adam,Adams,adam.adams@perezllc.example.com,Perez LLC,Practice Manager,Google Ads,google,cpc,msp_q3_pmax,MSP,MA,94,2026-08-26,opportunity,ACME-L02364
Krystal,Hoffman,krystal.hoffman@thompsonmartinez.example.com,Thompson-Martinez,Operations Manager,Google Ads,google,cpc,msp_q3_search,MSP,TX,67,2026-08-26,opportunity,ACME-L02365
Christine,Sullivan,christine.sullivan@nelsonandsons.example.com,Nelson and Sons,IT Director,Call Tracking,callrail,phone,gbp_listing,MSP,MA,81,2026-08-26,lead,ACME-L02366
Ellen,Watkins,ellen.watkins@kingplc.example.com,King PLC,COO,Outbound,,,,MSP,CA,63,2026-08-26,lead,ACME-L02367
Tamara,Ryan,tamara.ryan@smithplc.example.com,Smith PLC,Practice Manager,Meta Ads,facebook,paid_social,msp_q3_retargeting,MSP,NJ,61,2026-08-26,salesqualifiedlead,ACME-L02368
Michael,Matthews,michael.matthews@mathewsmartinez.example.com,Mathews-Martinez,IT Manager,Meta Ads,facebook,paid_social,msp_q3_retargeting,MSP,Unassigned,46,2026-08-26,lead,ACME-L02369
Meredith,Brooks,meredith.brooks@browninc.example.com,Brown Inc,Owner,Google Ads,google,cpc,msp_q3_search,MSP,NY,61,2026-08-26,lead,ACME-L02370
Christine,Jones,christine.jones@hernandezjacksonandhill.example.com,Hernandez Jackson and Hill,IT Manager,Outbound,,,,MSP,MA,63,2026-08-26,lead,ACME-L02371
Angela,Guerrero,angela.guerrero@huffmangarciaandharrell.example.com,Huffman Garcia and Harrell,Owner,Google Ads,google,cpc,msp_q3_search,MSP,NY,94,2026-08-26,lead,ACME-L02372
Cody,Bray,cody.bray@thompsonsanchez.example.com,Thompson-Sanchez,COO,Google Ads,google,cpc,msp_q3_search,MSP,TX,94,2026-08-26,lead,ACME-L02373
Jeremy,Cain,jeremy.cain@jacobsllc.example.com,Jacobs LLC,IT Manager,Call Tracking,callrail,phone,local_services,MSP,FL,97,2026-08-26,salesqualifiedlead,ACME-L02374
Rebecca,Hill,rebecca.hill@bellfriedman.example.com,Bell-Friedman,Office Manager,Meta Ads,facebook,paid_social,msp_q3_cyber_guide,MSP,NY,41,2026-08-26,lead,ACME-L02375
Stacy,Reyes,stacy.reyes@hallinc.example.com,Hall Inc,IT Director,Meta Ads,facebook,paid_social,msp_q3_cyber_guide,MSP,NY,58,2026-08-26,opportunity,ACME-L02376
Julie,Ballard,julie.ballard@leeburnettandharris.example.com,Lee Burnett and Harris,Practice Manager,Google Ads,google,cpc,msp_q3_pmax,MSP,NJ,94,2026-08-27,lead,ACME-L02377
Joseph,Morris,joseph.morris@goodwingregoryandsilva.example.com,Goodwin Gregory and Silva,Owner,Call Tracking,callrail,phone,gbp_listing,MSP,MA,70,2026-08-27,lead,ACME-L02378
Tracy,Foster,tracy.foster@gallaghergroup.example.com,Gallagher Group,IT Director,Outbound,,,,MSP,MA,90,2026-08-27,lead,ACME-L02379
David,Anderson,david.anderson@hunterinc.example.com,Hunter Inc,Practice Manager,Meta Ads,facebook,paid_social,msp_q3_cyber_guide,MSP,CA,55,2026-08-27,lead,ACME-L02380
Julie,Adams,julie.adams@williamsjackson.example.com,Williams-Jackson,Office Manager,Google Ads,google,cpc,,MSP,TX,67,2026-08-27,lead,ACME-L02381
Julie,Clark,julie.clark@allenpeterson.example.com,Allen-Peterson,IT Director,Google Ads,google,cpc,msp_q3_pmax,MSP,MA,94,2026-08-27,lead,ACME-L02382
Lisa,Davis,lisa.davis@boydbrewer.example.com,Boyd-Brewer,Owner,Outbound,,,,MSP,MA,90,2026-08-27,opportunity,ACME-L02383
Dustin,Craig,dustin.craig@fryandsons.example.com,Fry and Sons,,Google Ads,google,cpc,msp_q3_search,MSP,NY,67,2026-08-27,lead,ACME-L02384
Ryan,Smith,ryan.smith@ramirezplc.example.com,Ramirez PLC,COO,Google Ads,google,cpc,msp_q3_pmax,MSP,NY,67,2026-08-27,lead,ACME-L02385
Daniel,Reed,daniel.reed@sanchezjones.example.com,Sanchez-Jones,CFO,Meta Ads,facebook,paid_social,msp_q3_cyber_guide,MSP,NJ,61,2026-08-27,lead,ACME-L02386
Luis,Perez,luis.perez@careyltd.example.com,Carey Ltd,IT Director,Google Ads,google,cpc,msp_q3_pmax,MSP,MA,,2026-08-27,lead,ACME-L02387
Joshua,Avila,joshua.avila@martinezperkins.example.com,Martinez-Perkins,Operations Manager,Outbound,,,,MSP,NJ,89,2026-08-27,lead,ACME-L02388
Tina,Todd,tina.todd@parkerandsons.example.com,Parker and Sons,Practice Manager,Outbound,,,,MSP,IL,90,2026-08-27,lead,ACME-L02389
Jacqueline,Fox,jacqueline.fox@millerltd.example.com,Miller Ltd,Operations Manager,Google Ads,google,cpc,msp_q3_search,MSP,MA,94,2026-08-27,lead,ACME-L02390
Richard,Webb,richard.webb@downspowell.example.com,Downs-Powell,Operations Manager,Google Ads,google,cpc,msp_q3_search,MSP,NY,67,2026-08-27,lead,ACME-L02391
Ronald,Foster,ronald.foster@sloanllc.example.com,Sloan LLC,COO,Call Tracking,callrail,phone,gbp_listing,MSP,NJ,62,2026-08-28,salesqualifiedlead,ACME-L02392
Alexis,Avery,alexis.avery@carterthomas.example.com,Carter-Thomas,IT Director,Outbound,,,,MSP,CA,86,2026-08-28,lead,ACME-L02393
Rachel,Cooper,rachel.cooper@diazgroup.example.com,Diaz Group,,Call Tracking,callrail,phone,gbp_listing,MSP,TX,,2026-08-28,lead,ACME-L02394
Mark,Green,mark.green@bridgesclarkeandgill.example.com,Bridges Clarke and Gill,Office Manager,Google Ads,google,cpc,msp_q3_pmax,MSP,TX,67,2026-08-28,lead,ACME-L02395
Preston,Mccall,preston.mccall@sullivanplc.example.com,Sullivan PLC,IT Director,Referral,,,,MSP,CA,73,2026-08-28,lead,ACME-L02396
Gregory,Jackson,gregory.jackson@richardandsons.example.com,Richard and Sons,Owner,Call Tracking,callrail,phone,local_services,MSP,NY,40,2026-08-28,lead,ACME-L02397
Michelle,Estrada,michelle.estrada@gomezandsons.example.com,Gomez and Sons,Operations Manager,Call Tracking,callrail,phone,gbp_listing,MSP,NJ,97,2026-08-28,lead,ACME-L02398
Jose,Moreno,jose.moreno@rodriguezbutlerandchase.example.com,Rodriguez Butler and Chase,Owner,Meta Ads,facebook,paid_social,msp_q3_cyber_guide,MSP,NJ,88,2026-08-28,lead,ACME-L02399
Patricia,Morales,patricia.morales@millervelasquezandrichar.example.com,Miller Velasquez and Richardson,CFO,Meta Ads,facebook,paid_social,msp_q3_cyber_guide,MSP,FL,,2026-08-28,lead,ACME-L02400
Samuel,Jacobson,samuel.jacobson@gonzalezhughesandmeza.example.com,Gonzalez Hughes and Meza,IT Director,Meta Ads,facebook,paid_social,msp_q3_cyber_guide,MSP,TX,55,2026-08-28,lead,ACME-L02401
Nicholas,Thomas,nicholas.thomas@garzathomas.example.com,Garza-Thomas,Office Manager,Outbound,,,,MSP,NY,63,2026-08-28,lead,ACME-L02402
Michael,Young,michael.young@gregoryortiz.example.com,Gregory-Ortiz,IT Director,Meta Ads,facebook,paid_social,msp_q3_cyber_guide,MSP,NY,61,2026-08-28,lead,ACME-L02403
Melanie,Hughes,melanie.hughes@davisplc.example.com,Davis PLC,Office Manager,Meta Ads,facebook,paid_social,msp_q3_retargeting,MSP,IL,88,2026-08-28,lead,ACME-L02404
Kyle,Rogers,kyle.rogers@baileyplc.example.com,Bailey PLC,Operations Manager,Google Ads,google,cpc,msp_q3_search,MSP,TX,67,2026-08-28,lead,ACME-L02405
Anita,Ibarra,anita.ibarra@byrdparrish.example.com,Byrd-Parrish,Owner,Google Ads,google,cpc,,MSP,MA,90,2026-08-28,lead,ACME-L02406
Maria,Sanchez,maria.sanchez@bushplc.example.com,Bush PLC,Operations Manager,Referral,,,,MSP,NY,73,2026-08-28,lead,ACME-L02407
Kimberly,Wood,kimberly.wood@kaufmanltd.example.com,Kaufman Ltd,IT Manager,Google Ads,google,cpc,msp_q3_pmax,MSP,CA,67,2026-08-28,lead,ACME-L02408
Alexis,Kennedy,alexis.kennedy@harrisonplc.example.com,Harrison PLC,Operations Manager,Outbound,,,,MSP,TX,90,2026-08-28,lead,ACME-L02409
Leah,Hudson,leah.hudson@greenkemp.example.com,Green-Kemp,CFO,Call Tracking,callrail,phone,gbp_listing,MSP,NJ,79,2026-08-28,lead,ACME-L02410
John,Valenzuela,john.valenzuela@pughpachecoandrose.example.com,Pugh Pacheco and Rose,Operations Manager,Call Tracking,callrail,phone,local_services,MSP,MA,97,2026-08-28,lead,ACME-L02411
David,Huang,david.huang@baileychambers.example.com,Bailey-Chambers,COO,Meta Ads,facebook,paid_social,msp_q3_retargeting,MSP,MA,61,2026-08-28,lead,ACME-L02412
Katherine,Walton,katherine.walton@sanchezcunninghamandchav.example.com,Sanchez Cunningham and Chavez,CFO,Outbound,,,,MSP,CA,90,2026-08-29,lead,ACME-L02413
Oscar,Hayes,oscar.hayes@riceplc.example.com,Rice PLC,Office Manager,Google Ads,google,cpc,msp_q3_search,MSP,NJ,94,2026-08-29,lead,ACME-L02414
Cynthia,Rocha,cynthia.rocha@caldwelljohnsonandayers.example.com,Caldwell Johnson and Ayers,IT Director,Referral,,,,MSP,CA,73,2026-08-29,lead,ACME-L02415
Brandon,Velez,brandon.velez@tuckerschaefer.example.com,Tucker-Schaefer,IT Director,Referral,,,,MSP,CA,100,2026-08-29,customer,ACME-L02416
Valerie,James,valerie.james@weaverinc.example.com,Weaver Inc,Office Manager,Outbound,,,,MSP,NY,63,2026-08-29,salesqualifiedlead,ACME-L02417
Christopher,Richards,christopher.richards@smithinc.example.com,Smith Inc,Owner,Google Ads,google,cpc,msp_q3_pmax,MSP,CA,67,2026-08-30,lead,ACME-L02418
Peter,Davis,peter.davis@johnsonmalone.example.com,Johnson-Malone,CFO,Google Ads,google,cpc,msp_q3_search,MSP,IL,88,2026-08-30,opportunity,ACME-L02419
Carol,Cole,carol.cole@floresryan.example.com,Flores-Ryan,Owner,Call Tracking,callrail,phone,local_services,MSP,FL,70,2026-08-30,lead,ACME-L02420
Teresa,Griffith,teresa.griffith@bartlettltd.example.com,Bartlett Ltd,COO,Google Ads,google,cpc,msp_q3_pmax,MSP,NY,67,2026-08-30,lead,ACME-L02421
Sharon,Alexander,sharon.alexander@riversramirez.example.com,Rivers-Ramirez,Operations Manager,Referral,,,,MSP,NY,73,2026-08-30,lead,ACME-L02422
Evelyn,King,evelyn.king@campbellchavez.example.com,Campbell-Chavez,,Outbound,,,,MSP,Unassigned,43,2026-08-30,lead,ACME-L02423
Christine,Owens,christine.owens@batesandsons.example.com,Bates and Sons,Owner,Meta Ads,facebook,paid_social,msp_q3_cyber_guide,MSP,IL,88,2026-08-30,lead,ACME-L02424
James,Haynes,james.haynes@scottturner.example.com,Scott-Turner,Operations Manager,Google Ads,google,cpc,msp_q3_pmax,MSP,IL,67,2026-08-30,lead,ACME-L02425
Melvin,Brock,melvin.brock@thomasmooreandwright.example.com,Thomas Moore and Wright,IT Director,Google Ads,google,cpc,msp_q3_pmax,MSP,CA,94,2026-08-30,lead,ACME-L02426
Katherine,Hawkins,katherine.hawkins@robertsonwhiteandfreeman.example.com,Robertson White and Freeman,IT Director,Meta Ads,facebook,paid_social,msp_q3_cyber_guide,MSP,MA,61,2026-08-30,lead,ACME-L02427
Cody,Spencer,cody.spencer@bakerandsons.example.com,Baker and Sons,Operations Manager,Google Ads,google,cpc,msp_q3_search,MSP,MA,94,2026-08-30,lead,ACME-L02428
Sara,Holder,sara.holder@sheppardbrowningandhamil.example.com,Sheppard Browning and Hamilton,IT Manager,Google Ads,google,cpc,msp_q3_pmax,MSP,TX,37,2026-08-31,lead,ACME-L02429
Katelyn,Bolton,katelyn.bolton@mercadohaynesandking.example.com,Mercado Haynes and King,CFO,Google Ads,google,cpc,msp_q3_pmax,MSP,NJ,94,2026-08-31,opportunity,ACME-L02430
George,Contreras,george.contreras@jamesmarshallandroberts.example.com,James Marshall and Roberts,IT Manager,Referral,,,,MSP,TX,59,2026-08-31,salesqualifiedlead,ACME-L02431
Kenneth,Brewer,kenneth.brewer@spencerllc.example.com,Spencer LLC,Practice Manager,Google Ads,google,cpc,msp_q3_pmax,MSP,CA,37,2026-08-31,lead,ACME-L02432
Thomas,Leonard,thomas.leonard@brownandsons.example.com,Brown and Sons,Owner,Meta Ads,facebook,paid_social,msp_q3_cyber_guide,MSP,NY,,2026-08-31,salesqualifiedlead,ACME-L02433
Alyssa,Osborn,alyssa.osborn@lewisbrandtandholt.example.com,Lewis Brandt and Holt,CFO,Referral,,,,MSP,IL,100,2026-08-31,salesqualifiedlead,ACME-L02434
Sue,Wright,sue.wright@mcdanielhoandharrington.example.com,Mcdaniel Ho and Harrington,Owner,Google Ads,google,cpc,msp_q3_search,MSP,NY,67,2026-08-31,lead,ACME-L02435
Renee,Williams,renee.williams@dunncookandhaas.example.com,Dunn Cook and Haas,IT Director,Google Ads,google,cpc,msp_q3_pmax,MSP,NJ,58,2026-08-31,salesqualifiedlead,ACME-L02436
Keith,Gibson,keith.gibson@jordangroup.example.com,Jordan Group,Operations Manager,Google Ads,google,cpc,msp_q3_pmax,MSP,NJ,67,2026-08-31,lead,ACME-L02437
Eileen,Evans,eileen.evans@hernandezplc.example.com,Hernandez PLC,Practice Manager,Google Ads,google,cpc,msp_q3_pmax,MSP,TX,67,2026-08-31,lead,ACME-L02438
Natasha,Brown,natasha.brown@patrickgroup.example.com,Patrick Group,,Google Ads,google,cpc,msp_q3_pmax,MSP,CA,67,2026-08-31,lead,ACME-L02439
Margaret,Moss,margaret.moss@romerochavez.example.com,Romero-Chavez,IT Director,Meta Ads,facebook,paid_social,msp_q3_retargeting,MSP,TX,88,2026-08-31,lead,ACME-L02440
Marc,Evans,marc.evans@kempmccoyandguzman.example.com,Kemp Mccoy and Guzman,,Outbound,,,,MSP,MA,90,2026-08-31,lead,ACME-L02441
Johnny,Brown,johnny.brown@butlerltd.example.com,Butler Ltd,Practice Manager,Call Tracking,callrail,phone,local_services,MSP,NJ,97,2026-08-31,lead,ACME-L02442
Steven,Moon,steven.moon@nealwhite.example.com,Neal-White,Operations Manager,Google Ads,google,cpc,msp_q3_search,MSP,Unassigned,47,2026-08-31,salesqualifiedlead,ACME-L02443
Steven,Mitchell,steven.mitchell@pearsonaguilar.example.com,Pearson-Aguilar,Practice Manager,Outbound,,,,MSP,NJ,63,2026-08-31,lead,ACME-L02444
Kelly,Johnson,kelly.johnson@livingstonallenandshaw.example.com,Livingston Allen and Shaw,Practice Manager,Meta Ads,facebook,paid_social,msp_q3_cyber_guide,MSP,NY,88,2026-08-31,lead,ACME-L02445
Haley,Brown,haley.brown@hartriveraandlee.example.com,Hart Rivera and Lee,Office Manager,Meta Ads,facebook,paid_social,msp_q3_retargeting,MSP,TX,88,2026-09-01,lead,ACME-L02446
Denise,Smith,denise.smith@andrewswilcox.example.com,Andrews-Wilcox,Operations Manager,Google Ads,google,cpc,msp_q3_pmax,MSP,NY,67,2026-09-01,lead,ACME-L02447
Logan,Johnston,logan.johnston@flynnchandler.example.com,Flynn-Chandler,Office Manager,Meta Ads,facebook,paid_social,msp_q3_cyber_guide,MSP,NY,88,2026-09-01,lead,ACME-L02448
Jason,Mccullough,jason.mccullough@wilsonhobbsandgarcia.example.com,Wilson Hobbs and Garcia,Owner,Call Tracking,callrail,phone,local_services,MSP,NY,97,2026-09-01,lead,ACME-L02449
Lawrence,Clark,lawrence.clark@johnsonarmstrong.example.com,Johnson-Armstrong,CFO,Referral,,,,MSP,CA,100,2026-09-01,lead,ACME-L02450
Alexander,Wilson,alexander.wilson@danielaguilar.example.com,Daniel-Aguilar,Owner,Outbound,,,,MSP,TX,90,2026-09-01,lead,ACME-L02451
Victoria,Gibson,victoria.gibson@carlsonjamesandbrown.example.com,Carlson James and Brown,Practice Manager,Google Ads,google,cpc,msp_q3_pmax,MSP,MA,67,2026-09-01,lead,ACME-L02452
Audrey,Tucker,audrey.tucker@mccartyspencerandkelly.example.com,Mccarty Spencer and Kelly,IT Director,Meta Ads,facebook,paid_social,msp_q3_cyber_guide,MSP,TX,88,2026-09-01,lead,ACME-L02453
Nichole,Russell,nichole.russell@hillsmithandbrowning.example.com,Hill Smith and Browning,,Outbound,,,,MSP,FL,63,2026-09-01,lead,ACME-L02454
James,Rice,james.rice@brownhouston.example.com,Brown-Houston,Owner,Google Ads,google,cpc,msp_q3_pmax,MSP,FL,94,2026-09-01,opportunity,ACME-L02455
Stephanie,Moran,stephanie.moran@fowlerwilliamsanddavis.example.com,Fowler Williams and Davis,IT Manager,Referral,,,,MSP,TX,73,2026-09-01,lead,ACME-L02456
Steven,Bennett,steven.bennett@ballcalderon.example.com,Ball-Calderon,Practice Manager,Google Ads,google,cpc,msp_q3_search,MSP,CA,94,2026-09-01,lead,ACME-L02457
Mason,Salinas,mason.salinas@schmidtinc.example.com,Schmidt Inc,Practice Manager,Google Ads,google,cpc,msp_q3_search,MSP,NJ,67,2026-09-01,lead,ACME-L02458
Jessica,Mccormick,jessica.mccormick@warreninc.example.com,Warren Inc,IT Manager,Google Ads,google,cpc,msp_q3_pmax,MSP,CA,94,2026-09-01,lead,ACME-L02459
Elizabeth,Vega,elizabeth.vega@wardllc.example.com,Ward LLC,IT Manager,Meta Ads,facebook,paid_social,msp_q3_cyber_guide,MSP,CA,88,2026-09-01,lead,ACME-L02460
Mallory,Trujillo,mallory.trujillo@davisandsons.example.com,Davis and Sons,COO,Call Tracking,callrail,phone,local_services,MSP,NJ,97,2026-09-01,lead,ACME-L02461
Heather,Wallace,heather.wallace@jamesbowenandsmith.example.com,James Bowen and Smith,COO,Call Tracking,callrail,phone,local_services,MSP,CA,97,2026-09-01,lead,ACME-L02462
Nathan,Hoover,nathan.hoover@berrywagner.example.com,Berry-Wagner,CFO,Referral,,,,MSP,NY,73,2026-09-01,opportunity,ACME-L02463
Theresa,King,theresa.king@johnsoncox.example.com,Johnson-Cox,IT Manager,Google Ads,google,cpc,msp_q3_pmax,MSP,NJ,67,2026-09-01,lead,ACME-L02464
Dustin,Graves,dustin.graves@tuckermiller.example.com,Tucker-Miller,,Google Ads,google,cpc,msp_q3_pmax,MSP,NY,67,2026-09-01,lead,ACME-L02465
Taylor,Willis,taylor.willis@penabell.example.com,Pena-Bell,Operations Manager,Google Ads,google,cpc,msp_q3_search,MSP,CA,67,2026-09-02,lead,ACME-L02466
Heather,Brady,heather.brady@williamsinc.example.com,Williams Inc,,Call Tracking,callrail,phone,gbp_listing,MSP,NJ,97,2026-09-02,lead,ACME-L02467
Katrina,Burton,katrina.burton@perryrichardson.example.com,Perry-Richardson,Practice Manager,Meta Ads,facebook,paid_social,msp_q3_cyber_guide,MSP,IL,88,2026-09-02,lead,ACME-L02468
Danielle,Blackburn,danielle.blackburn@brownllc.example.com,Brown LLC,Owner,Google Ads,google,cpc,msp_q3_pmax,MSP,CA,64,2026-09-02,salesqualifiedlead,ACME-L02469
Alicia,Foster,alicia.foster@martinjordananddavis.example.com,Martin Jordan and Davis,IT Director,Meta Ads,facebook,paid_social,msp_q3_retargeting,MSP,CA,61,2026-09-02,lead,ACME-L02470
Connor,Chase,connor.chase@cruzinc.example.com,Cruz Inc,Operations Manager,Meta Ads,facebook,paid_social,msp_q3_retargeting,MSP,MA,88,2026-09-02,lead,ACME-L02471
Jessica,Cook,jessica.cook@bullockbrownandmartin.example.com,Bullock Brown and Martin,CFO,Google Ads,google,cpc,msp_q3_search,MSP,MA,67,2026-09-02,opportunity,ACME-L02472
Antonio,Hale,antonio.hale@millermayer.example.com,Miller-Mayer,Owner,Google Ads,google,cpc,msp_q3_pmax,MSP,NJ,94,2026-09-02,salesqualifiedlead,ACME-L02473
Melissa,Booth,melissa.booth@barrerasmith.example.com,Barrera-Smith,COO,Outbound,,,,MSP,NJ,90,2026-09-02,lead,ACME-L02474
Amanda,Taylor,amanda.taylor@lynchllc.example.com,Lynch LLC,,Referral,,,,MSP,IL,73,2026-09-02,lead,ACME-L02475
Adam,Stuart,adam.stuart@duncanmoore.example.com,Duncan-Moore,CFO,Outbound,,,,MSP,CA,63,2026-09-02,lead,ACME-L02476
Lisa,Torres,lisa.torres@martinandsons.example.com,Martin and Sons,CFO,Call Tracking,callrail,phone,gbp_listing,MSP,TX,70,2026-09-02,salesqualifiedlead,ACME-L02477
Miranda,Clark,miranda.clark@davisjohnston.example.com,Davis-Johnston,Owner,Google Ads,google,cpc,msp_q3_pmax,MSP,IL,67,2026-09-02,lead,ACME-L02478
Bryan,Simmons,bryan.simmons@jimenezporter.example.com,Jimenez-Porter,Operations Manager,Google Ads,google,cpc,msp_q3_pmax,MSP,MA,94,2026-09-02,salesqualifiedlead,ACME-L02479
James,Morales,james.morales@scottespinozaandnelson.example.com,Scott Espinoza and Nelson,Owner,Google Ads,google,cpc,msp_q3_search,MSP,TX,84,2026-09-02,opportunity,ACME-L02480
Jean,Perry,jean.perry@walterswolfe.example.com,Walters-Wolfe,Office Manager,Outbound,,,,MSP,CA,87,2026-09-02,lead,ACME-L02481
James,Hicks,james.hicks@navarrollc.example.com,Navarro LLC,COO,Google Ads,google,cpc,msp_q3_search,MSP,NJ,93,2026-09-02,lead,ACME-L02482
Christina,Robinson,christina.robinson@wrightllc.example.com,Wright LLC,COO,Google Ads,google,cpc,msp_q3_pmax,MSP,NY,94,2026-09-02,salesqualifiedlead,ACME-L02483
Desiree,Solomon,desiree.solomon@smithcrawford.example.com,Smith-Crawford,Office Manager,Google Ads,google,cpc,msp_q3_search,MSP,CA,67,2026-09-02,lead,ACME-L02484
David,Mason,david.mason@cruzllc.example.com,Cruz LLC,Operations Manager,Meta Ads,facebook,paid_social,msp_q3_cyber_guide,MSP,NY,61,2026-09-02,lead,ACME-L02485
Dennis,Flores,dennis.flores@williamsgroup.example.com,Williams Group,Operations Manager,Call Tracking,callrail,phone,local_services,MSP,MA,70,2026-09-02,salesqualifiedlead,ACME-L02486
Veronica,Henson,veronica.henson@kochcastro.example.com,Koch-Castro,Office Manager,Referral,,,,MSP,CA,100,2026-09-02,salesqualifiedlead,ACME-L02487
Melissa,Fowler,melissa.fowler@camachoholland.example.com,Camacho-Holland,Practice Manager,Google Ads,google,cpc,msp_q3_pmax,MSP,IL,67,2026-09-03,lead,ACME-L02488
Christopher,Davis,christopher.davis@phillipsandsons.example.com,Phillips and Sons,COO,Meta Ads,facebook,paid_social,msp_q3_cyber_guide,MSP,NY,88,2026-09-03,lead,ACME-L02489
Chelsea,Lopez,chelsea.lopez@townsendmontesandmorriso.example.com,Townsend Montes and Morrison,IT Director,Google Ads,google,cpc,msp_q3_pmax,MSP,NY,67,2026-09-03,lead,ACME-L02490
Amber,Nelson,amber.nelson@thomasromanandmoore.example.com,Thomas Roman and Moore,CFO,Call Tracking,callrail,phone,gbp_listing,MSP,CA,70,2026-09-03,lead,ACME-L02491
Andrew,Gardner,andrew.gardner@duransmithandpalmer.example.com,Duran Smith and Palmer,Office Manager,Referral,,,,MSP,NY,73,2026-09-03,salesqualifiedlead,ACME-L02492
Haley,Middleton,haley.middleton@bestjohnson.example.com,Best-Johnson,CFO,Google Ads,google,cpc,,MSP,NJ,66,2026-09-03,lead,ACME-L02493
Michael,Collins,michael.collins@martinezltd.example.com,Martinez Ltd,Practice Manager,Meta Ads,facebook,paid_social,msp_q3_retargeting,MSP,FL,61,2026-09-03,lead,ACME-L02494
Steven,Tran,steven.tran@chaneyltd.example.com,Chaney Ltd,IT Director,Referral,,,,MSP,NY,73,2026-09-03,salesqualifiedlead,ACME-L02495
William,Medina,william.medina@jonesgroup.example.com,Jones Group,IT Manager,Meta Ads,facebook,paid_social,msp_q3_retargeting,MSP,TX,,2026-09-03,lead,ACME-L02496
Christopher,Harmon,christopher.harmon@toddfloydandacosta.example.com,Todd Floyd and Acosta,Owner,Outbound,,,,MSP,NY,82,2026-09-03,lead,ACME-L02497
David,Flynn,david.flynn@fergusonlewisandsmith.example.com,Ferguson Lewis and Smith,Office Manager,Google Ads,google,cpc,,MSP,NY,94,2026-09-03,lead,ACME-L02498
Mike,Jones,mike.jones@walterskingandfriedman.example.com,Walters King and Friedman,,Meta Ads,facebook,paid_social,msp_q3_cyber_guide,MSP,NY,74,2026-09-03,lead,ACME-L02499
Jessica,Colon,jessica.colon@martinezplc.example.com,Martinez PLC,Operations Manager,Meta Ads,facebook,paid_social,msp_q3_cyber_guide,MSP,NY,88,2026-09-03,lead,ACME-L02500
Christie,Munoz,christie.munoz@mayinc.example.com,May Inc,Office Manager,Meta Ads,facebook,paid_social,msp_q3_retargeting,MSP,NY,88,2026-09-03,lead,ACME-L02501
Lance,Glenn,lance.glenn@hendersonwelchandlawrenc.example.com,Henderson Welch and Lawrence,CFO,Google Ads,google,cpc,msp_q3_search,MSP,MA,94,2026-09-03,lead,ACME-L02502
Jeremy,Stanton,jeremy.stanton@martinezhughes.example.com,Martinez-Hughes,Office Manager,Google Ads,google,cpc,msp_q3_pmax,MSP,NJ,39,2026-09-03,lead,ACME-L02503
Ashley,White,ashley.white@ramosllc.example.com,Ramos LLC,Practice Manager,Meta Ads,facebook,paid_social,msp_q3_retargeting,MSP,MA,61,2026-09-03,lead,ACME-L02504
Mary,Simmons,mary.simmons@mooremccallandroberts.example.com,Moore Mccall and Roberts,Owner,Meta Ads,facebook,paid_social,msp_q3_cyber_guide,MSP,CA,88,2026-09-03,lead,ACME-L02505
Patricia,Oliver,patricia.oliver@atkinsoneverett.example.com,Atkinson-Everett,Owner,Meta Ads,facebook,paid_social,msp_q3_retargeting,MSP,Unassigned,41,2026-09-04,lead,ACME-L02506
Sherry,Delacruz,sherry.delacruz@armstrongmooreandyoung.example.com,Armstrong Moore and Young,COO,Google Ads,google,cpc,msp_q3_search,MSP,NY,67,2026-09-04,lead,ACME-L02507
Jennifer,Brown,jennifer.brown@chenandsons.example.com,Chen and Sons,IT Director,Meta Ads,facebook,paid_social,msp_q3_cyber_guide,MSP,MA,76,2026-09-04,lead,ACME-L02508
Heather,Lawson,heather.lawson@francisjohnson.example.com,Francis-Johnson,Owner,Meta Ads,facebook,paid_social,msp_q3_retargeting,MSP,TX,61,2026-09-04,lead,ACME-L02509
Erin,Hamilton,erin.hamilton@marshalleverett.example.com,Marshall-Everett,,Referral,,,,MSP,FL,100,2026-09-04,lead,ACME-L02510
Tammy,Sloan,tammy.sloan@adamsallenandwalton.example.com,Adams Allen and Walton,IT Director,Outbound,,,,MSP,TX,90,2026-09-04,lead,ACME-L02511
Christopher,Mendez,christopher.mendez@morrisfigueroa.example.com,Morris-Figueroa,Practice Manager,Referral,,,,MSP,TX,73,2026-09-04,lead,ACME-L02512
Christopher,Kramer,christopher.kramer@reedcarlsonandryan.example.com,Reed Carlson and Ryan,CFO,Google Ads,google,cpc,msp_q3_search,MSP,IL,67,2026-09-04,salesqualifiedlead,ACME-L02513
Carla,Page,carla.page@dominguezllc.example.com,Dominguez LLC,CFO,Referral,,,,MSP,NY,73,2026-09-04,lead,ACME-L02514
Heidi,Wong,heidi.wong@leemitchellandgrant.example.com,Lee Mitchell and Grant,COO,Google Ads,google,cpc,,MSP,Unassigned,67,2026-09-04,lead,ACME-L02515
Kristin,Taylor,kristin.taylor@jacksongravesandjames.example.com,Jackson Graves and James,Office Manager,Google Ads,google,cpc,msp_q3_search,MSP,MA,63,2026-09-04,lead,ACME-L02516
Brooke,Lewis,brooke.lewis@kellygroup.example.com,Kelly Group,Operations Manager,Referral,,,,MSP,Unassigned,53,2026-09-04,salesqualifiedlead,ACME-L02517
Brian,Jackson,brian.jackson@rodriguezbarkerandcarter.example.com,Rodriguez Barker and Carter,IT Manager,Google Ads,google,cpc,msp_q3_search,MSP,MA,94,2026-09-04,lead,ACME-L02518
Jennifer,Johnson,jennifer.johnson@carpenterharvey.example.com,Carpenter-Harvey,CFO,Outbound,,,,MSP,NY,90,2026-09-04,lead,ACME-L02519
Nicholas,Peck,nicholas.peck@chaveztorresandruiz.example.com,Chavez Torres and Ruiz,Office Manager,Referral,,,,MSP,MA,61,2026-09-04,salesqualifiedlead,ACME-L02520
Michelle,Herring,michelle.herring@fullermartin.example.com,Fuller-Martin,COO,Google Ads,google,cpc,msp_q3_pmax,MSP,FL,94,2026-09-04,lead,ACME-L02521
James,Crawford,james.crawford@henryinc.example.com,Henry Inc,IT Director,Google Ads,google,cpc,msp_q3_pmax,MSP,MA,94,2026-09-04,lead,ACME-L02522
Traci,Flores,traci.flores@stewartmurray.example.com,Stewart-Murray,IT Manager,Referral,,,,MSP,MA,75,2026-09-04,lead,ACME-L02523
Kimberly,Osborne,kimberly.osborne@sellersltd.example.com,Sellers Ltd,Office Manager,Meta Ads,facebook,paid_social,msp_q3_cyber_guide,MSP,NJ,61,2026-09-04,lead,ACME-L02524
Adrienne,Wallace,adrienne.wallace@wilsonllc.example.com,Wilson LLC,Owner,Google Ads,google,cpc,msp_q3_search,MSP,Unassigned,67,2026-09-04,lead,ACME-L02525
Shirley,Douglas,shirley.douglas@rogershamiltonandsmith.example.com,Rogers Hamilton and Smith,Office Manager,Meta Ads,facebook,paid_social,msp_q3_retargeting,MSP,CA,88,2026-09-04,lead,ACME-L02526
Joanne,Velez,joanne.velez@mcclurewolf.example.com,Mcclure-Wolf,,Referral,,,,MSP,MA,73,2026-09-04,salesqualifiedlead,ACME-L02527
Karen,Jones,karen.jones@arellanobrooksandlong.example.com,Arellano Brooks and Long,COO,Outbound,,,,MSP,CA,63,2026-09-04,lead,ACME-L02528
Dylan,Warren,dylan.warren@aguilarltd.example.com,Aguilar Ltd,Operations Manager,Google Ads,google,cpc,msp_q3_search,MSP,NY,40,2026-09-05,lead,ACME-L02529
Lisa,Daniel,lisa.daniel@jordanespinozaandarmstro.example.com,Jordan Espinoza and Armstrong,COO,Call Tracking,callrail,phone,local_services,MSP,NY,70,2026-09-05,lead,ACME-L02530
Misty,Murray,misty.murray@mercadoferguson.example.com,Mercado-Ferguson,CFO,Meta Ads,facebook,paid_social,msp_q3_cyber_guide,MSP,NY,88,2026-09-05,lead,ACME-L02531
Paul,Crawford,paul.crawford@rodriguezandsons.example.com,Rodriguez and Sons,Office Manager,Google Ads,google,cpc,msp_q3_search,MSP,NY,64,2026-09-05,lead,ACME-L02532
Keith,Cantu,keith.cantu@alexanderdougherty.example.com,Alexander-Dougherty,Owner,Referral,,,,MSP,NJ,73,2026-09-05,lead,ACME-L02533
Kevin,Johnson,kevin.johnson@quinnriveraandmcknight.example.com,Quinn Rivera and Mcknight,IT Director,Referral,,,,MSP,NJ,73,2026-09-05,salesqualifiedlead,ACME-L02534
Ryan,Hawkins,ryan.hawkins@jacobsstanleyandmurphy.example.com,Jacobs Stanley and Murphy,COO,Referral,,,,MSP,NY,73,2026-09-05,lead,ACME-L02535
Cindy,Pugh,cindy.pugh@garciallc.example.com,Garcia LLC,Operations Manager,Google Ads,google,cpc,msp_q3_pmax,MSP,CA,67,2026-09-06,lead,ACME-L02536
Anita,Obrien,anita.obrien@masseylee.example.com,Massey-Lee,IT Director,Call Tracking,callrail,phone,local_services,MSP,MA,70,2026-09-06,salesqualifiedlead,ACME-L02537
Sarah,Bishop,sarah.bishop@morrisltd.example.com,Morris Ltd,IT Manager,Meta Ads,facebook,paid_social,msp_q3_cyber_guide,MSP,MA,88,2026-09-06,lead,ACME-L02538
Anthony,Macdonald,anthony.macdonald@smithacostaanddaniels.example.com,Smith Acosta and Daniels,Office Manager,Outbound,,,,MSP,CA,63,2026-09-06,lead,ACME-L02539
Karen,Marshall,karen.marshall@mercergroup.example.com,Mercer Group,CFO,Google Ads,google,cpc,msp_q3_search,MSP,TX,78,2026-09-06,lead,ACME-L02540
Natalie,Collins,natalie.collins@clarkpaulandjackson.example.com,Clark Paul and Jackson,Operations Manager,Google Ads,google,cpc,msp_q3_search,MSP,IL,94,2026-09-06,lead,ACME-L02541
Kenneth,Powell,kenneth.powell@lellc.example.com,Le LLC,COO,Google Ads,google,cpc,msp_q3_pmax,MSP,CA,94,2026-09-06,lead,ACME-L02542
Angela,Bailey,angela.bailey@ramosbarajas.example.com,Ramos-Barajas,IT Manager,Meta Ads,facebook,paid_social,msp_q3_retargeting,MSP,NY,88,2026-09-07,lead,ACME-L02543
Andrea,Mckinney,andrea.mckinney@morenomassey.example.com,Moreno-Massey,Owner,Google Ads,google,cpc,msp_q3_search,MSP,CA,94,2026-09-07,lead,ACME-L02544
Marissa,Payne,marissa.payne@wattsblake.example.com,Watts-Blake,Practice Manager,Google Ads,google,cpc,,MSP,MA,,2026-09-07,lead,ACME-L02545
Natalie,Murphy,natalie.murphy@thompsonjones.example.com,Thompson-Jones,Practice Manager,Meta Ads,facebook,paid_social,msp_q3_retargeting,MSP,NY,88,2026-09-07,lead,ACME-L02546
Lisa,Powers,lisa.powers@guerreroallenandbyrd.example.com,Guerrero Allen and Byrd,Practice Manager,Meta Ads,facebook,paid_social,msp_q3_cyber_guide,MSP,TX,88,2026-09-07,lead,ACME-L02547
Laura,Parker,laura.parker@smithgroup.example.com,Smith Group,Office Manager,Outbound,,,,MSP,CA,63,2026-09-07,lead,ACME-L02548
Joe,Johnson,joe.johnson@greengreerandjohnson.example.com,Green Greer and Johnson,IT Manager,Google Ads,google,cpc,msp_q3_pmax,MSP,CA,67,2026-09-07,lead,ACME-L02549
Cindy,Cherry,cindy.cherry@andrewspeterson.example.com,Andrews-Peterson,IT Director,Referral,,,,MSP,TX,70,2026-09-07,opportunity,ACME-L02550
Christina,Garcia,christina.garcia@morrischaney.example.com,Morris-Chaney,Practice Manager,Google Ads,google,cpc,msp_q3_search,MSP,CA,53,2026-09-07,lead,ACME-L02551
Scott,Hinton,scott.hinton@keynguyenandhopkins.example.com,Key Nguyen and Hopkins,IT Manager,Google Ads,google,cpc,msp_q3_search,MSP,TX,94,2026-09-07,lead,ACME-L02552
Carla,King,carla.king@hillevans.example.com,Hill-Evans,CFO,Google Ads,google,cpc,msp_q3_pmax,MSP,NY,60,2026-09-07,opportunity,ACME-L02553
Michelle,Garcia,michelle.garcia@wyattltd.example.com,Wyatt Ltd,Operations Manager,Meta Ads,facebook,paid_social,msp_q3_cyber_guide,MSP,IL,61,2026-09-07,lead,ACME-L02554
Micheal,Macias,micheal.macias@thomasbrooks.example.com,Thomas-Brooks,Office Manager,Google Ads,google,cpc,msp_q3_pmax,MSP,NY,67,2026-09-07,lead,ACME-L02555
Alexandra,Andrews,alexandra.andrews@howeandsons.example.com,Howe and Sons,Operations Manager,Google Ads,google,cpc,msp_q3_search,MSP,IL,67,2026-09-07,lead,ACME-L02556
Chad,Winters,chad.winters@chambersgroup.example.com,Chambers Group,CFO,Meta Ads,facebook,paid_social,msp_q3_cyber_guide,MSP,MA,,2026-09-07,opportunity,ACME-L02557
Brittany,White,brittany.white@boylenormanandwilliams.example.com,Boyle Norman and Williams,IT Manager,Google Ads,google,cpc,msp_q3_pmax,MSP,NY,67,2026-09-07,lead,ACME-L02558
James,Flores,james.flores@millerfullerandortiz.example.com,Miller Fuller and Ortiz,COO,Referral,,,,MSP,CA,100,2026-09-07,lead,ACME-L02559
Jaime,Diaz,jaime.diaz@vincentltd.example.com,Vincent Ltd,Practice Manager,Google Ads,google,cpc,msp_q3_search,MSP,NY,94,2026-09-07,lead,ACME-L02560
Hannah,Taylor,hannah.taylor@rangelinc.example.com,Rangel Inc,Owner,Google Ads,google,cpc,msp_q3_pmax,MSP,CA,67,2026-09-07,lead,ACME-L02561
Bianca,Lee,bianca.lee@turneranderson.example.com,Turner-Anderson,,Google Ads,google,cpc,msp_q3_pmax,MSP,IL,67,2026-09-07,lead,ACME-L02562
Michael,Bryant,michael.bryant@weaverevans.example.com,Weaver-Evans,COO,Referral,,,,MSP,NJ,73,2026-09-07,lead,ACME-L02563
Dana,Anderson,dana.anderson@hernandezharris.example.com,Hernandez-Harris,Operations Manager,Outbound,,,,MSP,NY,90,2026-09-08,lead,ACME-L02564
Lisa,Lang,lisa.lang@holmeswilliams.example.com,Holmes-Williams,Practice Manager,Google Ads,google,cpc,msp_q3_search,MSP,IL,67,2026-09-08,lead,ACME-L02565
James,Watkins,james.watkins@tuckercrawfordandhorton.example.com,Tucker Crawford and Horton,Practice Manager,Google Ads,google,cpc,msp_q3_pmax,MSP,IL,94,2026-09-08,salesqualifiedlead,ACME-L02566
Marc,Flores,marc.flores@irwinfosterandcardenas.example.com,Irwin Foster and Cardenas,Practice Manager,Meta Ads,facebook,paid_social,msp_q3_cyber_guide,MSP,MA,61,2026-09-08,lead,ACME-L02567
Jennifer,Berry,jennifer.berry@kingmartinandrice.example.com,King Martin and Rice,IT Manager,Meta Ads,facebook,paid_social,msp_q3_retargeting,MSP,MA,88,2026-09-08,lead,ACME-L02568
Marc,Howe,marc.howe@castillollc.example.com,Castillo LLC,IT Manager,Outbound,,,,MSP,CA,90,2026-09-08,lead,ACME-L02569
Jesse,Pitts,jesse.pitts@morrisfloresandbrown.example.com,Morris Flores and Brown,Practice Manager,Referral,,,,MSP,CA,,2026-09-08,lead,ACME-L02570
Crystal,Spencer,crystal.spencer@riverasalinas.example.com,Rivera-Salinas,Operations Manager,Meta Ads,facebook,paid_social,msp_q3_cyber_guide,MSP,Unassigned,88,2026-09-08,lead,ACME-L02571
Ronald,Adams,ronald.adams@charlesstevens.example.com,Charles-Stevens,Practice Manager,Call Tracking,callrail,phone,local_services,MSP,MA,70,2026-09-08,lead,ACME-L02572
Jeffery,Serrano,jeffery.serrano@richardsonandsons.example.com,Richardson and Sons,Office Manager,Google Ads,google,cpc,msp_q3_pmax,MSP,TX,94,2026-09-08,salesqualifiedlead,ACME-L02573
Nancy,Allen,nancy.allen@mitchellandsons.example.com,Mitchell and Sons,IT Director,Referral,,,,MSP,NJ,100,2026-09-08,lead,ACME-L02574
Victoria,Henderson,victoria.henderson@floresbryant.example.com,Flores-Bryant,IT Manager,Outbound,,,,MSP,NY,63,2026-09-08,lead,ACME-L02575
Ryan,Smith,ryan.smith@murphyllc.example.com,Murphy LLC,COO,Google Ads,google,cpc,msp_q3_search,MSP,NY,94,2026-09-08,lead,ACME-L02576
Elizabeth,Hughes,elizabeth.hughes@hermanjensen.example.com,Herman-Jensen,CFO,Meta Ads,facebook,paid_social,msp_q3_retargeting,MSP,NY,,2026-09-08,lead,ACME-L02577
Marissa,Nixon,marissa.nixon@rayplc.example.com,Ray PLC,Owner,Google Ads,google,cpc,msp_q3_pmax,MSP,NY,67,2026-09-08,lead,ACME-L02578
Erin,Duke,erin.duke@callahanbrownandwarren.example.com,Callahan Brown and Warren,Practice Manager,Google Ads,google,cpc,msp_q3_pmax,MSP,CA,67,2026-09-08,opportunity,ACME-L02579
Ryan,Ball,ryan.ball@garciashawandlopez.example.com,Garcia Shaw and Lopez,IT Manager,Outbound,,,,MSP,CA,63,2026-09-08,salesqualifiedlead,ACME-L02580
Keith,Brooks,keith.brooks@molinagroup.example.com,Molina Group,Practice Manager,Meta Ads,facebook,paid_social,msp_q3_retargeting,MSP,NY,47,2026-09-08,lead,ACME-L02581
Nancy,Malone,nancy.malone@brownwilkinson.example.com,Brown-Wilkinson,,Google Ads,google,cpc,msp_q3_search,MSP,NY,67,2026-09-08,lead,ACME-L02582
Charles,Leonard,charles.leonard@kramerthompsonandschwart.example.com,Kramer Thompson and Schwartz,CFO,Meta Ads,facebook,paid_social,msp_q3_cyber_guide,MSP,MA,88,2026-09-08,lead,ACME-L02583
Brandon,Fox,brandon.fox@mosswelchandbrown.example.com,Moss Welch and Brown,COO,Referral,,,,MSP,Unassigned,37,2026-09-08,lead,ACME-L02584
Michael,Boyd,michael.boyd@alvaradorossandsmith.example.com,Alvarado Ross and Smith,Operations Manager,Google Ads,google,cpc,msp_q3_search,MSP,NJ,94,2026-09-08,lead,ACME-L02585
Brian,Gutierrez,brian.gutierrez@rodriguezltd.example.com,Rodriguez Ltd,Owner,Call Tracking,callrail,phone,local_services,MSP,NY,97,2026-09-08,lead,ACME-L02586
Arthur,Collins,arthur.collins@schultzsmith.example.com,Schultz-Smith,Office Manager,Outbound,,,,MSP,FL,38,2026-09-08,lead,ACME-L02587
Lee,Thomas,lee.thomas@finleyjohnsonandsmith.example.com,Finley Johnson and Smith,,Google Ads,google,cpc,msp_q3_pmax,MSP,NJ,67,2026-09-08,lead,ACME-L02588
Betty,Flowers,betty.flowers@gonzalezandsons.example.com,Gonzalez and Sons,IT Director,Outbound,,,,MSP,NY,90,2026-09-08,lead,ACME-L02589
Kelly,Ryan,kelly.ryan@simmonsclarkandrush.example.com,Simmons Clark and Rush,Practice Manager,Referral,,,,MSP,TX,73,2026-09-09,lead,ACME-L02590
Angela,Burns,angela.burns@fuentesltd.example.com,Fuentes Ltd,Practice Manager,Referral,,,,MSP,CA,,2026-09-09,lead,ACME-L02591
Sonya,Rodriguez,sonya.rodriguez@evanshenson.example.com,Evans-Henson,IT Director,Google Ads,google,cpc,msp_q3_search,MSP,NY,94,2026-09-09,lead,ACME-L02592
Jeffery,Kramer,jeffery.kramer@nelsonlopez.example.com,Nelson-Lopez,Office Manager,Google Ads,google,cpc,msp_q3_pmax,MSP,NY,67,2026-09-09,lead,ACME-L02593
Miranda,Navarro,miranda.navarro@curtiswilson.example.com,Curtis-Wilson,IT Director,Outbound,,,,MSP,NJ,90,2026-09-09,lead,ACME-L02594
Tanya,Fuller,tanya.fuller@martinroberts.example.com,Martin-Roberts,Practice Manager,Google Ads,google,cpc,msp_q3_search,MSP,NJ,84,2026-09-09,lead,ACME-L02595
Peter,Weaver,peter.weaver@mcdonaldfletcherandsmith.example.com,Mcdonald Fletcher and Smith,IT Director,Outbound,,,,MSP,NJ,63,2026-09-09,lead,ACME-L02596
Danielle,Waters,danielle.waters@danielsyoungandmayer.example.com,Daniels Young and Mayer,Practice Manager,Google Ads,google,cpc,msp_q3_pmax,MSP,TX,94,2026-09-09,lead,ACME-L02597
Alexis,George,alexis.george@baileyinc.example.com,Bailey Inc,Operations Manager,Call Tracking,callrail,phone,local_services,MSP,NY,70,2026-09-09,salesqualifiedlead,ACME-L02598
Laura,Walker,laura.walker@millergreenandwilkins.example.com,Miller Green and Wilkins,Owner,Google Ads,google,cpc,msp_q3_search,MSP,MA,94,2026-09-09,opportunity,ACME-L02599
Nicholas,Richardson,nicholas.richardson@rileysawyerandcharles.example.com,Riley Sawyer and Charles,Owner,Call Tracking,callrail,phone,gbp_listing,MSP,NY,97,2026-09-09,salesqualifiedlead,ACME-L02600
Christian,Serrano,christian.serrano@stanleysmithandporter.example.com,Stanley Smith and Porter,CFO,Meta Ads,facebook,paid_social,msp_q3_retargeting,MSP,CA,61,2026-09-09,lead,ACME-L02601
Renee,David,renee.david@evansbartlett.example.com,Evans-Bartlett,Operations Manager,Meta Ads,facebook,paid_social,msp_q3_retargeting,MSP,NJ,58,2026-09-09,lead,ACME-L02602
Nicholas,Weber,nicholas.weber@blackwellfisher.example.com,Blackwell-Fisher,IT Manager,Google Ads,google,cpc,msp_q3_pmax,MSP,CA,94,2026-09-09,lead,ACME-L02603
Raymond,Crane,raymond.crane@burnsnelson.example.com,Burns-Nelson,IT Director,Meta Ads,facebook,paid_social,msp_q3_cyber_guide,MSP,FL,39,2026-09-09,lead,ACME-L02604
Richard,Morgan,richard.morgan@murphyclarkandduncan.example.com,Murphy Clark and Duncan,IT Manager,Google Ads,google,cpc,msp_q3_search,MSP,MA,94,2026-09-09,lead,ACME-L02605
James,Tran,james.tran@roachandsons.example.com,Roach and Sons,Office Manager,Outbound,,,,MSP,CA,63,2026-09-09,salesqualifiedlead,ACME-L02606
Jose,Morales,jose.morales@banksplc.example.com,Banks PLC,IT Manager,Google Ads,google,cpc,msp_q3_pmax,MSP,TX,94,2026-09-09,lead,ACME-L02607
Alice,Davis,alice.davis@suttonltd.example.com,Sutton Ltd,IT Director,Call Tracking,callrail,phone,gbp_listing,MSP,NY,40,2026-09-09,lead,ACME-L02608
Molly,Ryan,molly.ryan@smithperezandcross.example.com,Smith Perez and Cross,Owner,Google Ads,google,cpc,msp_q3_pmax,MSP,NY,61,2026-09-09,lead,ACME-L02609
Isaac,Strickland,isaac.strickland@perezhatfieldandhunt.example.com,Perez Hatfield and Hunt,IT Director,Google Ads,google,cpc,msp_q3_pmax,MSP,CA,94,2026-09-09,lead,ACME-L02610
Allison,Williams,allison.williams@pattersonharrisonandcoll.example.com,Patterson Harrison and Collins,Practice Manager,Google Ads,google,cpc,msp_q3_pmax,MSP,TX,64,2026-09-09,lead,ACME-L02611
Kimberly,Carter,kimberly.carter@davissanchez.example.com,Davis-Sanchez,Owner,Outbound,,,,MSP,CA,63,2026-09-09,lead,ACME-L02612
Melissa,Greene,melissa.greene@reidperezandrobinson.example.com,Reid Perez and Robinson,Practice Manager,Referral,,,,MSP,NY,73,2026-09-09,salesqualifiedlead,ACME-L02613
Cristina,Mendoza,cristina.mendoza@riceperez.example.com,Rice-Perez,,Call Tracking,callrail,phone,gbp_listing,MSP,MA,97,2026-09-10,lead,ACME-L02614
Joseph,Thompson,joseph.thompson@mendozalove.example.com,Mendoza-Love,Office Manager,Outbound,,,,MSP,NY,63,2026-09-10,lead,ACME-L02615
Kelsey,Perez,kelsey.perez@bairdrobertsonandchapman.example.com,Baird Robertson and Chapman,,Google Ads,google,cpc,msp_q3_search,MSP,IL,67,2026-09-10,lead,ACME-L02616
Ellen,Evans,ellen.evans@vaughanvega.example.com,Vaughan-Vega,Owner,Referral,,,,MSP,Unassigned,73,2026-09-10,salesqualifiedlead,ACME-L02617
Patricia,Jensen,patricia.jensen@colegroup.example.com,Cole Group,Operations Manager,Google Ads,google,cpc,msp_q3_search,MSP,NY,81,2026-09-10,lead,ACME-L02618
Kelli,Johnson,kelli.johnson@livingstonbenton.example.com,Livingston-Benton,Operations Manager,Google Ads,google,cpc,msp_q3_pmax,MSP,TX,94,2026-09-10,lead,ACME-L02619
Alexandra,Anderson,alexandra.anderson@caldwellhernandez.example.com,Caldwell-Hernandez,Operations Manager,Google Ads,google,cpc,msp_q3_pmax,MSP,IL,37,2026-09-10,lead,ACME-L02620
Kerri,Johnson,kerri.johnson@dukejonesandwilson.example.com,Duke Jones and Wilson,COO,Outbound,,,,MSP,TX,,2026-09-10,lead,ACME-L02621
Michael,Kim,michael.kim@curryyoung.example.com,Curry-Young,Owner,Referral,,,,MSP,FL,73,2026-09-10,salesqualifiedlead,ACME-L02622
Garrett,Bullock,garrett.bullock@riddleplc.example.com,Riddle PLC,,Outbound,,,,MSP,CA,47,2026-09-10,salesqualifiedlead,ACME-L02623
Edward,Oneal,edward.oneal@bartonlambertandwilliams.example.com,Barton Lambert and Williams,,Google Ads,google,cpc,msp_q3_pmax,MSP,NJ,67,2026-09-10,lead,ACME-L02624
Oscar,Casey,oscar.casey@wellsturner.example.com,Wells-Turner,IT Director,Meta Ads,facebook,paid_social,msp_q3_retargeting,MSP,TX,88,2026-09-10,opportunity,ACME-L02625
Jacob,Carter,jacob.carter@harveyinc.example.com,Harvey Inc,Operations Manager,Google Ads,google,cpc,msp_q3_pmax,MSP,NY,37,2026-09-10,lead,ACME-L02626
Matthew,Hernandez,matthew.hernandez@carrplc.example.com,Carr PLC,CFO,Outbound,,,,MSP,NY,63,2026-09-10,lead,ACME-L02627
Allen,Patrick,allen.patrick@reeseinc.example.com,Reese Inc,Office Manager,Google Ads,google,cpc,,MSP,FL,67,2026-09-10,lead,ACME-L02628
Robert,Morgan,robert.morgan@hickskerrandmullins.example.com,Hicks Kerr and Mullins,IT Manager,Outbound,,,,MSP,FL,90,2026-09-10,lead,ACME-L02629
Robert,Schneider,robert.schneider@alvaradosilva.example.com,Alvarado-Silva,Office Manager,Referral,,,,MSP,TX,73,2026-09-10,lead,ACME-L02630
Theresa,White,theresa.white@rossclark.example.com,Ross-Clark,IT Manager,Google Ads,google,cpc,msp_q3_search,MSP,FL,67,2026-09-10,lead,ACME-L02631
Luke,Brown,luke.brown@greengroup.example.com,Green Group,CFO,Google Ads,google,cpc,msp_q3_search,MSP,NJ,67,2026-09-10,lead,ACME-L02632
Kristen,Payne,kristen.payne@rowlandltd.example.com,Rowland Ltd,,Meta Ads,facebook,paid_social,msp_q3_retargeting,MSP,NJ,88,2026-09-11,lead,ACME-L02633
Amanda,King,amanda.king@frankmurray.example.com,Frank-Murray,IT Manager,Call Tracking,callrail,phone,gbp_listing,MSP,CA,70,2026-09-11,lead,ACME-L02634
Sherry,Harper,sherry.harper@juarezlevy.example.com,Juarez-Levy,COO,Google Ads,google,cpc,msp_q3_search,MSP,TX,67,2026-09-11,lead,ACME-L02635
Melody,Santos,melody.santos@greerolsonandblake.example.com,Greer Olson and Blake,Office Manager,Call Tracking,callrail,phone,local_services,MSP,IL,97,2026-09-11,lead,ACME-L02636
Don,Parker,don.parker@russellbrown.example.com,Russell-Brown,Owner,Call Tracking,callrail,phone,local_services,MSP,IL,70,2026-09-11,salesqualifiedlead,ACME-L02637
Tammy,Rogers,tammy.rogers@hullhernandezandward.example.com,Hull Hernandez and Ward,COO,Google Ads,google,cpc,msp_q3_pmax,MSP,FL,67,2026-09-11,lead,ACME-L02638
Yesenia,Martinez,yesenia.martinez@whiteriosandwu.example.com,White Rios and Wu,Operations Manager,Meta Ads,facebook,paid_social,msp_q3_retargeting,MSP,NJ,88,2026-09-11,lead,ACME-L02639
Tammy,Smith,tammy.smith@parkroman.example.com,Park-Roman,IT Manager,Meta Ads,facebook,paid_social,msp_q3_cyber_guide,MSP,TX,88,2026-09-11,lead,ACME-L02640
William,Arnold,william.arnold@lynchthomas.example.com,Lynch-Thomas,CFO,Call Tracking,callrail,phone,gbp_listing,MSP,MA,70,2026-09-11,lead,ACME-L02641
John,Odom,john.odom@crossdanielsandcallahan.example.com,Cross Daniels and Callahan,Office Manager,Meta Ads,facebook,paid_social,msp_q3_cyber_guide,MSP,FL,61,2026-09-11,lead,ACME-L02642
Frederick,Miller,frederick.miller@averyinc.example.com,Avery Inc,Office Manager,Google Ads,google,cpc,msp_q3_search,MSP,MA,67,2026-09-11,lead,ACME-L02643
Erik,Scott,erik.scott@walkermurphyandyoung.example.com,Walker Murphy and Young,Operations Manager,Google Ads,google,cpc,msp_q3_pmax,MSP,MA,55,2026-09-11,lead,ACME-L02644
Luis,Mills,luis.mills@johnsonandsons.example.com,Johnson and Sons,IT Director,Google Ads,google,cpc,msp_q3_search,MSP,MA,94,2026-09-11,lead,ACME-L02645
Joseph,Ford,joseph.ford@jimenezplc.example.com,Jimenez PLC,IT Manager,Google Ads,google,cpc,msp_q3_search,MSP,FL,67,2026-09-11,salesqualifiedlead,ACME-L02646
Karen,Wright,karen.wright@fosterandrade.example.com,Foster-Andrade,CFO,Google Ads,google,cpc,msp_q3_search,MSP,MA,60,2026-09-11,lead,ACME-L02647
James,Jones,james.jones@smithinc.example.com,Smith Inc,COO,Referral,,,,MSP,CA,73,2026-09-11,salesqualifiedlead,ACME-L02648
Laura,Mills,laura.mills@robertsongarza.example.com,Robertson-Garza,Practice Manager,Referral,,,,MSP,CA,100,2026-09-11,salesqualifiedlead,ACME-L02649
Carrie,Gregory,carrie.gregory@mendozaltd.example.com,Mendoza Ltd,Office Manager,Outbound,,,,MSP,NY,65,2026-09-11,lead,ACME-L02650
Brandy,Coleman,brandy.coleman@mcintyreallen.example.com,Mcintyre-Allen,Owner,Google Ads,google,cpc,msp_q3_search,MSP,Unassigned,47,2026-09-11,salesqualifiedlead,ACME-L02651
James,White,james.white@wrightltd.example.com,Wright Ltd,IT Manager,Google Ads,google,cpc,msp_q3_pmax,MSP,CA,67,2026-09-11,salesqualifiedlead,ACME-L02652
Alexander,Moore,alexander.moore@coleinc.example.com,Cole Inc,Owner,Meta Ads,facebook,paid_social,msp_q3_retargeting,MSP,Unassigned,68,2026-09-11,lead,ACME-L02653
Lance,Fox,lance.fox@spencesharp.example.com,Spence-Sharp,Practice Manager,Referral,,,,MSP,FL,54,2026-09-11,opportunity,ACME-L02654
Juan,Ramos,juan.ramos@mercadoplc.example.com,Mercado PLC,Owner,Google Ads,google,cpc,msp_q3_search,MSP,CA,94,2026-09-11,opportunity,ACME-L02655
Michael,Adams,michael.adams@hernandezedwardsandharri.example.com,Hernandez Edwards and Harrison,Owner,Google Ads,google,cpc,msp_q3_pmax,MSP,IL,67,2026-09-11,opportunity,ACME-L02656
Alexis,Johnson,alexis.johnson@gallagherhollowayandsnyd.example.com,Gallagher Holloway and Snyder,IT Director,Meta Ads,facebook,paid_social,msp_q3_retargeting,MSP,MA,79,2026-09-12,lead,ACME-L02657
Paul,Chan,paul.chan@hernandezclarke.example.com,Hernandez-Clarke,Owner,Google Ads,google,cpc,msp_q3_search,MSP,CA,67,2026-09-12,salesqualifiedlead,ACME-L02658
Brandon,Martinez,brandon.martinez@mcdanielgroup.example.com,Mcdaniel Group,Office Manager,Google Ads,google,cpc,msp_q3_pmax,MSP,NJ,94,2026-09-12,opportunity,ACME-L02659
Kathryn,Saunders,kathryn.saunders@jonesgarciaandrobinson.example.com,Jones Garcia and Robinson,Practice Manager,Call Tracking,callrail,phone,local_services,MSP,NY,75,2026-09-13,opportunity,ACME-L02660
Louis,Pearson,louis.pearson@thomasmoore.example.com,Thomas-Moore,CFO,Google Ads,google,cpc,msp_q3_search,MSP,TX,94,2026-09-13,salesqualifiedlead,ACME-L02661
Kari,Gomez,kari.gomez@ramosguerra.example.com,Ramos-Guerra,IT Manager,Google Ads,google,cpc,msp_q3_search,MSP,TX,67,2026-09-13,lead,ACME-L02662
Autumn,Parker,autumn.parker@lloydgroup.example.com,Lloyd Group,Owner,Meta Ads,facebook,paid_social,msp_q3_cyber_guide,MSP,NY,88,2026-09-13,salesqualifiedlead,ACME-L02663
Sharon,Smith,sharon.smith@sullivanplc.example.com,Sullivan PLC,CFO,Referral,,,,MSP,CA,73,2026-09-13,salesqualifiedlead,ACME-L02664
Jeffrey,Giles,jeffrey.giles@thompsonhernandez.example.com,Thompson-Hernandez,Operations Manager,Referral,,,,MSP,MA,100,2026-09-13,lead,ACME-L02665
Michael,Maxwell,michael.maxwell@robertsnelson.example.com,Roberts-Nelson,IT Director,Meta Ads,facebook,paid_social,msp_q3_retargeting,MSP,NJ,88,2026-09-13,lead,ACME-L02666
Russell,Green,russell.green@boydyoungandsalinas.example.com,Boyd Young and Salinas,CFO,Referral,,,,MSP,NY,,2026-09-14,lead,ACME-L02667
Donald,Rogers,donald.rogers@payneplc.example.com,Payne PLC,CFO,Google Ads,google,cpc,msp_q3_pmax,MSP,MA,67,2026-09-14,lead,ACME-L02668
Lisa,Stevenson,lisa.stevenson@richardsonplc.example.com,Richardson PLC,,Google Ads,google,cpc,msp_q3_pmax,MSP,NY,67,2026-09-14,lead,ACME-L02669
Todd,Marshall,todd.marshall@owensgroup.example.com,Owens Group,IT Manager,Outbound,,,,MSP,MA,63,2026-09-14,lead,ACME-L02670
Nathan,Farrell,nathan.farrell@perrywilliams.example.com,Perry-Williams,Owner,Referral,,,,MSP,NJ,100,2026-09-14,opportunity,ACME-L02671
Jessica,Klein,jessica.klein@osbornltd.example.com,Osborn Ltd,IT Director,Google Ads,google,cpc,msp_q3_pmax,MSP,TX,67,2026-09-14,lead,ACME-L02672
Stephen,Garcia,stephen.garcia@lambertwongandgiles.example.com,Lambert Wong and Giles,IT Manager,Google Ads,google,cpc,msp_q3_search,MSP,NY,72,2026-09-14,lead,ACME-L02673
John,Middleton,john.middleton@crawfordhawkins.example.com,Crawford-Hawkins,Owner,Meta Ads,facebook,paid_social,msp_q3_cyber_guide,MSP,NY,88,2026-09-14,salesqualifiedlead,ACME-L02674
Christine,Simmons,christine.simmons@alvaradosparksandcoffey.example.com,Alvarado Sparks and Coffey,IT Director,Google Ads,google,cpc,msp_q3_pmax,MSP,NJ,67,2026-09-14,lead,ACME-L02675
Julie,Smith,julie.smith@molinasparksandwilliams.example.com,Molina Sparks and Williams,COO,Google Ads,google,cpc,msp_q3_pmax,MSP,TX,94,2026-09-14,lead,ACME-L02676
Mary,Andrews,mary.andrews@harrisjones.example.com,Harris-Jones,Operations Manager,Outbound,,,,MSP,TX,63,2026-09-14,lead,ACME-L02677
Lisa,Johnson,lisa.johnson@gonzalezwhitneyandrobins.example.com,Gonzalez Whitney and Robinson,Owner,Call Tracking,callrail,phone,gbp_listing,MSP,IL,70,2026-09-14,lead,ACME-L02678
Melanie,Brown,melanie.brown@huynhcochranandgraham.example.com,Huynh Cochran and Graham,COO,Google Ads,google,cpc,msp_q3_pmax,MSP,CA,94,2026-09-14,salesqualifiedlead,ACME-L02679
Jacob,Johnson,jacob.johnson@gutierrezltd.example.com,Gutierrez Ltd,Operations Manager,Outbound,,,,MSP,IL,63,2026-09-14,lead,ACME-L02680
Michele,Malone,michele.malone@christianmiller.example.com,Christian-Miller,,Google Ads,google,cpc,msp_q3_pmax,MSP,NJ,67,2026-09-14,lead,ACME-L02681
Robin,Stewart,robin.stewart@camposgroup.example.com,Campos Group,Practice Manager,Google Ads,google,cpc,msp_q3_pmax,MSP,NY,94,2026-09-14,lead,ACME-L02682
Eduardo,Robinson,eduardo.robinson@cooperltd.example.com,Cooper Ltd,Operations Manager,Referral,,,,MSP,TX,73,2026-09-14,salesqualifiedlead,ACME-L02683
Jane,Barnes,jane.barnes@parkowensandbaker.example.com,Park Owens and Baker,COO,Meta Ads,facebook,paid_social,msp_q3_cyber_guide,MSP,FL,61,2026-09-14,lead,ACME-L02684
Christine,Fischer,christine.fischer@andersonbrooks.example.com,Anderson-Brooks,IT Manager,Outbound,,,,MSP,NY,63,2026-09-14,lead,ACME-L02685
Tammy,Hamilton,tammy.hamilton@gilesgroup.example.com,Giles Group,IT Manager,Meta Ads,facebook,paid_social,msp_q3_retargeting,MSP,NY,88,2026-09-14,lead,ACME-L02686
Heather,Taylor,heather.taylor@taylorllc.example.com,Taylor LLC,,Referral,,,,MSP,TX,100,2026-09-14,salesqualifiedlead,ACME-L02687
David,Lee,david.lee@fullerllc.example.com,Fuller LLC,COO,Meta Ads,facebook,paid_social,msp_q3_cyber_guide,MSP,MA,,2026-09-14,lead,ACME-L02688
Joseph,Scott,joseph.scott@waltersjones.example.com,Walters-Jones,Owner,Meta Ads,facebook,paid_social,msp_q3_cyber_guide,MSP,MA,33,2026-09-14,lead,ACME-L02689
Jennifer,Anderson,jennifer.anderson@hickmanwestandbranch.example.com,Hickman West and Branch,Office Manager,Referral,,,,MSP,NJ,73,2026-09-14,lead,ACME-L02690
Jesse,Burns,jesse.burns@vasquezalexanderandrowla.example.com,Vasquez Alexander and Rowland,IT Manager,Google Ads,google,cpc,msp_q3_search,MSP,CA,67,2026-09-14,lead,ACME-L02691
Anna,Dawson,anna.dawson@martinandsons.example.com,Martin and Sons,Office Manager,Google Ads,google,cpc,msp_q3_search,MSP,TX,67,2026-09-14,opportunity,ACME-L02692
Alexis,Bartlett,alexis.bartlett@luceroltd.example.com,Lucero Ltd,CFO,Meta Ads,facebook,paid_social,msp_q3_retargeting,MSP,CA,88,2026-09-15,lead,ACME-L02693
Victoria,Alexander,victoria.alexander@porterbauerandzuniga.example.com,Porter Bauer and Zuniga,,Google Ads,google,cpc,msp_q3_search,MSP,NJ,94,2026-09-15,lead,ACME-L02694
Tonya,Reese,tonya.reese@jonesshaffer.example.com,Jones-Shaffer,IT Manager,Google Ads,google,cpc,msp_q3_pmax,MSP,Unassigned,94,2026-09-15,lead,ACME-L02695
Daniel,Mcneil,daniel.mcneil@lawrenceandsons.example.com,Lawrence and Sons,CFO,Google Ads,google,cpc,msp_q3_pmax,MSP,CA,94,2026-09-15,lead,ACME-L02696
Brian,King,brian.king@birdinc.example.com,Bird Inc,COO,Meta Ads,facebook,paid_social,msp_q3_cyber_guide,MSP,IL,88,2026-09-15,lead,ACME-L02697
Richard,Harrison,richard.harrison@meltonrodriguezandchen.example.com,Melton Rodriguez and Chen,CFO,Google Ads,google,cpc,msp_q3_pmax,MSP,Unassigned,47,2026-09-15,lead,ACME-L02698
Janet,Reeves,janet.reeves@carterllc.example.com,Carter LLC,Operations Manager,Outbound,,,,MSP,NY,63,2026-09-15,lead,ACME-L02699
Jason,Mitchell,jason.mitchell@gamblecrawford.example.com,Gamble-Crawford,Office Manager,Google Ads,google,cpc,msp_q3_pmax,MSP,NJ,67,2026-09-15,lead,ACME-L02700
Ronald,Conley,ronald.conley@williamsonschneider.example.com,Williamson-Schneider,Practice Manager,Google Ads,google,cpc,msp_q3_pmax,MSP,TX,67,2026-09-15,lead,ACME-L02701
Jimmy,Fletcher,jimmy.fletcher@smithhendersonandwilliam.example.com,Smith Henderson and Williams,IT Director,Call Tracking,callrail,phone,gbp_listing,MSP,MA,69,2026-09-15,lead,ACME-L02702
Thomas,Mosley,thomas.mosley@bowmanoliverandanderson.example.com,Bowman Oliver and Anderson,Operations Manager,Referral,,,,MSP,MA,100,2026-09-15,lead,ACME-L02703
Matthew,Guerrero,matthew.guerrero@richardsonmorgan.example.com,Richardson-Morgan,Owner,Google Ads,google,cpc,msp_q3_search,MSP,Unassigned,47,2026-09-15,salesqualifiedlead,ACME-L02704
Colleen,Mitchell,colleen.mitchell@grossinc.example.com,Gross Inc,IT Manager,Meta Ads,facebook,paid_social,msp_q3_cyber_guide,MSP,Unassigned,,2026-09-15,lead,ACME-L02705
Patricia,Butler,patricia.butler@crossmyers.example.com,Cross-Myers,Practice Manager,Meta Ads,facebook,paid_social,msp_q3_cyber_guide,MSP,CA,61,2026-09-15,lead,ACME-L02706
Alexis,Ball,alexis.ball@longcordovaandrobertson.example.com,Long Cordova and Robertson,IT Director,Call Tracking,callrail,phone,gbp_listing,MSP,FL,70,2026-09-15,lead,ACME-L02707
Steven,Owens,steven.owens@davisllc.example.com,Davis LLC,Owner,Google Ads,google,cpc,msp_q3_search,MSP,NY,94,2026-09-15,salesqualifiedlead,ACME-L02708
Emily,Stokes,emily.stokes@mooresimpson.example.com,Moore-Simpson,COO,Google Ads,google,cpc,msp_q3_search,MSP,NY,67,2026-09-15,salesqualifiedlead,ACME-L02709
Shannon,Gonzalez,shannon.gonzalez@parksgroup.example.com,Parks Group,IT Manager,Meta Ads,facebook,paid_social,msp_q3_cyber_guide,MSP,TX,61,2026-09-15,lead,ACME-L02710
Ethan,Palmer,ethan.palmer@rayllc.example.com,Ray LLC,Owner,Google Ads,google,cpc,msp_q3_search,MSP,MA,94,2026-09-16,salesqualifiedlead,ACME-L02711
Donna,Maldonado,donna.maldonado@estradaalexander.example.com,Estrada-Alexander,Office Manager,Outbound,,,,MSP,TX,63,2026-09-16,lead,ACME-L02712
Catherine,Johnson,catherine.johnson@alexanderjenkinsandjames.example.com,Alexander Jenkins and James,IT Director,Outbound,,,,MSP,NJ,71,2026-09-16,salesqualifiedlead,ACME-L02713
Edwin,Howard,edwin.howard@reyescarlson.example.com,Reyes-Carlson,Operations Manager,Google Ads,google,cpc,msp_q3_pmax,MSP,NY,94,2026-09-16,lead,ACME-L02714
William,Hays,william.hays@jonesltd.example.com,Jones Ltd,IT Manager,Referral,,,,MSP,NJ,100,2026-09-16,salesqualifiedlead,ACME-L02715
Sharon,Scott,sharon.scott@austingroup.example.com,Austin Group,Owner,Outbound,,,,MSP,TX,60,2026-09-16,lead,ACME-L02716
Stephanie,Silva,stephanie.silva@burkeharrisandmathews.example.com,Burke Harris and Mathews,Office Manager,Referral,,,,MSP,NY,100,2026-09-16,salesqualifiedlead,ACME-L02717
Kevin,Torres,kevin.torres@cruzmooreandvilla.example.com,Cruz Moore and Villa,COO,Google Ads,google,cpc,msp_q3_pmax,MSP,NJ,94,2026-09-16,lead,ACME-L02718
Jaime,Cooke,jaime.cooke@hensleyllc.example.com,Hensley LLC,Office Manager,Referral,,,,MSP,Unassigned,73,2026-09-16,salesqualifiedlead,ACME-L02719
Willie,Patterson,willie.patterson@nicholscarlsonandriggs.example.com,Nichols Carlson and Riggs,Office Manager,Meta Ads,facebook,paid_social,msp_q3_cyber_guide,MSP,NY,31,2026-09-16,lead,ACME-L02720
John,Santana,john.santana@taylorcameron.example.com,Taylor-Cameron,COO,Google Ads,google,cpc,msp_q3_pmax,MSP,NY,67,2026-09-16,opportunity,ACME-L02721
Christina,Cruz,christina.cruz@hallplc.example.com,Hall PLC,Practice Manager,Outbound,,,,MSP,NY,90,2026-09-16,lead,ACME-L02722
Gabriel,Marsh,gabriel.marsh@wallaceltd.example.com,Wallace Ltd,IT Director,Outbound,,,,MSP,NY,47,2026-09-16,lead,ACME-L02723
Joyce,Carroll,joyce.carroll@hebertarroyoandcooley.example.com,Hebert Arroyo and Cooley,Owner,Meta Ads,facebook,paid_social,msp_q3_cyber_guide,MSP,NJ,61,2026-09-16,lead,ACME-L02724
Nicole,Glover,nicole.glover@lynchthomas.example.com,Lynch-Thomas,COO,Outbound,,,,MSP,MA,63,2026-09-16,lead,ACME-L02725
Robert,Smith,robert.smith@millerllc.example.com,Miller LLC,IT Director,Outbound,,,,MSP,Unassigned,33,2026-09-17,lead,ACME-L02726
Christopher,Parker,christopher.parker@simpsonltd.example.com,Simpson Ltd,Practice Manager,Outbound,,,,MSP,NY,90,2026-09-17,lead,ACME-L02727
Maria,Webb,maria.webb@caldwellmartinez.example.com,Caldwell-Martinez,Owner,Google Ads,google,cpc,msp_q3_search,MSP,MA,67,2026-09-17,lead,ACME-L02728
Thomas,Hebert,thomas.hebert@millerinc.example.com,Miller Inc,IT Manager,Google Ads,google,cpc,msp_q3_search,MSP,CA,67,2026-09-17,lead,ACME-L02729
Christopher,Yoder,christopher.yoder@nicholsplc.example.com,Nichols PLC,IT Director,Google Ads,google,cpc,msp_q3_search,MSP,FL,61,2026-09-17,lead,ACME-L02730
Jose,Fry,jose.fry@campbellmartinezandhorto.example.com,Campbell Martinez and Horton,Owner,Google Ads,google,cpc,msp_q3_pmax,MSP,MA,67,2026-09-17,lead,ACME-L02731
Dominique,Lee,dominique.lee@schwartzramosandlopez.example.com,Schwartz Ramos and Lopez,COO,Outbound,,,,MSP,IL,63,2026-09-17,lead,ACME-L02732
Teresa,Phillips,teresa.phillips@blacksweeneyandcampbell.example.com,Black Sweeney and Campbell,Operations Manager,Google Ads,google,cpc,msp_q3_search,MSP,MA,94,2026-09-17,lead,ACME-L02733
Christopher,Hall,christopher.hall@burnettstrickland.example.com,Burnett-Strickland,Owner,Referral,,,,MSP,TX,100,2026-09-17,lead,ACME-L02734
Nancy,Anderson,nancy.anderson@thorntongalvanandfrye.example.com,Thornton Galvan and Frye,IT Director,Call Tracking,callrail,phone,local_services,MSP,NJ,70,2026-09-17,salesqualifiedlead,ACME-L02735
Emily,Allen,emily.allen@jonesinc.example.com,Jones Inc,CFO,Meta Ads,facebook,paid_social,msp_q3_cyber_guide,MSP,TX,88,2026-09-17,lead,ACME-L02736
Laura,Nguyen,laura.nguyen@shawplc.example.com,Shaw PLC,,Google Ads,google,cpc,msp_q3_pmax,MSP,IL,,2026-09-17,salesqualifiedlead,ACME-L02737
Leah,Turner,leah.turner@hobbsgroup.example.com,Hobbs Group,IT Director,Call Tracking,callrail,phone,gbp_listing,MSP,NY,70,2026-09-17,lead,ACME-L02738
Deanna,Hardy,deanna.hardy@walshgreenanddunn.example.com,Walsh Green and Dunn,Office Manager,Meta Ads,facebook,paid_social,msp_q3_retargeting,MSP,FL,61,2026-09-17,lead,ACME-L02739
Brenda,Jensen,brenda.jensen@floydchavezandmann.example.com,Floyd Chavez and Mann,IT Manager,Google Ads,google,cpc,,MSP,FL,67,2026-09-17,salesqualifiedlead,ACME-L02740
Lori,Brown,lori.brown@silvacruz.example.com,Silva-Cruz,Office Manager,Referral,,,,MSP,NJ,100,2026-09-17,salesqualifiedlead,ACME-L02741
Pamela,Morrison,pamela.morrison@parsonscaldwellandgardne.example.com,Parsons Caldwell and Gardner,Office Manager,Call Tracking,callrail,phone,local_services,MSP,Unassigned,77,2026-09-17,lead,ACME-L02742
Charles,Brown,charles.brown@boyleinc.example.com,Boyle Inc,CFO,Google Ads,google,cpc,msp_q3_search,MSP,MA,94,2026-09-17,lead,ACME-L02743
Tammy,Proctor,tammy.proctor@wilsongroup.example.com,Wilson Group,Owner,Outbound,,,,MSP,NJ,90,2026-09-17,lead,ACME-L02744
Virginia,Schwartz,virginia.schwartz@hoffmanherman.example.com,Hoffman-Herman,Operations Manager,Google Ads,google,cpc,,MSP,CA,64,2026-09-17,lead,ACME-L02745
Sarah,Gates,sarah.gates@jenningsjonesandmeyer.example.com,Jennings Jones and Meyer,COO,Meta Ads,facebook,paid_social,msp_q3_cyber_guide,MSP,Unassigned,45,2026-09-17,lead,ACME-L02746
Micheal,Klein,micheal.klein@wuinc.example.com,Wu Inc,IT Director,Meta Ads,facebook,paid_social,msp_q3_retargeting,MSP,IL,,2026-09-17,lead,ACME-L02747
Amy,Fisher,amy.fisher@lucascookandharrison.example.com,Lucas Cook and Harrison,COO,Google Ads,google,cpc,msp_q3_pmax,MSP,NJ,80,2026-09-17,lead,ACME-L02748
Michael,Heath,michael.heath@griffinandsons.example.com,Griffin and Sons,Owner,Google Ads,google,cpc,msp_q3_pmax,MSP,TX,94,2026-09-17,lead,ACME-L02749
Charles,Green,charles.green@robinsonltd.example.com,Robinson Ltd,Owner,Google Ads,google,cpc,msp_q3_pmax,MSP,MA,94,2026-09-17,lead,ACME-L02750
Jamie,Murray,jamie.murray@harrisbensonandwalters.example.com,Harris Benson and Walters,Operations Manager,Outbound,,,,MSP,CA,90,2026-09-17,lead,ACME-L02751
Jason,Adams,jason.adams@jacksongroup.example.com,Jackson Group,Operations Manager,Google Ads,google,cpc,msp_q3_pmax,MSP,NJ,56,2026-09-18,salesqualifiedlead,ACME-L02752
Jo,Berger,jo.berger@scottsolis.example.com,Scott-Solis,Office Manager,Google Ads,google,cpc,,MSP,IL,67,2026-09-18,lead,ACME-L02753
Jose,Ortiz,jose.ortiz@reynoldsandsons.example.com,Reynolds and Sons,Owner,Outbound,,,,MSP,FL,90,2026-09-18,lead,ACME-L02754
Todd,Thompson,todd.thompson@bennettwrightandgentry.example.com,Bennett Wright and Gentry,Owner,Google Ads,google,cpc,msp_q3_pmax,MSP,NY,67,2026-09-18,lead,ACME-L02755
Mike,Moore,mike.moore@millergroup.example.com,Miller Group,Owner,Google Ads,google,cpc,msp_q3_search,MSP,FL,94,2026-09-18,lead,ACME-L02756
Jodi,Bush,jodi.bush@romanltd.example.com,Roman Ltd,Office Manager,Google Ads,google,cpc,msp_q3_search,MSP,CA,68,2026-09-18,lead,ACME-L02757
Ronald,Fernandez,ronald.fernandez@roycrossandbraun.example.com,Roy Cross and Braun,COO,Google Ads,google,cpc,msp_q3_search,MSP,NY,94,2026-09-18,lead,ACME-L02758
Matthew,Evans,matthew.evans@bowmaninc.example.com,Bowman Inc,,Google Ads,google,cpc,msp_q3_pmax,MSP,NY,67,2026-09-18,salesqualifiedlead,ACME-L02759
Robert,Norton,robert.norton@johnsoncruzandschaefer.example.com,Johnson Cruz and Schaefer,Practice Manager,Call Tracking,callrail,phone,gbp_listing,MSP,MA,97,2026-09-18,lead,ACME-L02760
David,Sullivan,david.sullivan@tuckerdillon.example.com,Tucker-Dillon,IT Manager,Referral,,,,MSP,FL,73,2026-09-18,lead,ACME-L02761
Allison,Carter,allison.carter@perezgroup.example.com,Perez Group,IT Director,Referral,,,,MSP,MA,100,2026-09-18,lead,ACME-L02762
Brittany,Walker,brittany.walker@woodsadams.example.com,Woods-Adams,Office Manager,Google Ads,google,cpc,msp_q3_search,MSP,FL,94,2026-09-18,lead,ACME-L02763
Robert,Mccoy,robert.mccoy@williamsmillerandanderso.example.com,Williams Miller and Anderson,Practice Manager,Referral,,,,MSP,CA,100,2026-09-18,lead,ACME-L02764
Brittany,Young,brittany.young@onealhallandmccarthy.example.com,Oneal Hall and Mccarthy,CFO,Outbound,,,,MSP,Unassigned,63,2026-09-18,salesqualifiedlead,ACME-L02765
Kimberly,Figueroa,kimberly.figueroa@smithfarmerandjennings.example.com,Smith Farmer and Jennings,COO,Meta Ads,facebook,paid_social,msp_q3_cyber_guide,MSP,MA,61,2026-09-18,lead,ACME-L02766
James,Duncan,james.duncan@jenkinsplc.example.com,Jenkins PLC,COO,Call Tracking,callrail,phone,gbp_listing,MSP,NJ,67,2026-09-18,salesqualifiedlead,ACME-L02767
Jean,Black,jean.black@coxpitts.example.com,Cox-Pitts,IT Manager,Meta Ads,facebook,paid_social,msp_q3_cyber_guide,MSP,NY,61,2026-09-18,lead,ACME-L02768
Bethany,Marshall,bethany.marshall@johnsonlarson.example.com,Johnson-Larson,Practice Manager,Google Ads,google,cpc,msp_q3_pmax,MSP,MA,48,2026-09-18,lead,ACME-L02769
Benjamin,Bush,benjamin.bush@palmercurry.example.com,Palmer-Curry,Practice Manager,Referral,,,,MSP,NY,100,2026-09-18,lead,ACME-L02770
James,Mckenzie,james.mckenzie@nicholsltd.example.com,Nichols Ltd,Practice Manager,Google Ads,google,cpc,msp_q3_search,MSP,NY,67,2026-09-18,lead,ACME-L02771
Kathy,Ibarra,kathy.ibarra@jonesllc.example.com,Jones LLC,CFO,Google Ads,google,cpc,msp_q3_search,MSP,TX,,2026-09-18,opportunity,ACME-L02772
John,Hicks,john.hicks@hammondgroup.example.com,Hammond Group,Office Manager,Meta Ads,facebook,paid_social,msp_q3_cyber_guide,MSP,TX,88,2026-09-18,lead,ACME-L02773
Alexander,Carter,alexander.carter@burkehale.example.com,Burke-Hale,COO,Call Tracking,callrail,phone,gbp_listing,MSP,CA,94,2026-09-18,salesqualifiedlead,ACME-L02774
Paige,Smith,paige.smith@bushmejiaandgreen.example.com,Bush Mejia and Green,CFO,Google Ads,google,cpc,msp_q3_pmax,MSP,TX,94,2026-09-18,salesqualifiedlead,ACME-L02775
Julia,Moore,julia.moore@thompsonrichardsonandgut.example.com,Thompson Richardson and Gutierrez,CFO,Google Ads,google,cpc,msp_q3_search,MSP,NY,67,2026-09-18,lead,ACME-L02776
Nathan,Miller,nathan.miller@bennettltd.example.com,Bennett Ltd,Owner,Call Tracking,callrail,phone,gbp_listing,MSP,NY,70,2026-09-18,lead,ACME-L02777
Maria,Reeves,maria.reeves@evansllc.example.com,Evans LLC,Office Manager,Outbound,,,,MSP,MA,90,2026-09-18,lead,ACME-L02778
Karen,Shaw,karen.shaw@holmesjordan.example.com,Holmes-Jordan,Owner,Google Ads,google,cpc,msp_q3_pmax,MSP,IL,67,2026-09-18,lead,ACME-L02779
David,Campbell,david.campbell@garciafox.example.com,Garcia-Fox,IT Director,Google Ads,google,cpc,msp_q3_search,MSP,NJ,94,2026-09-18,lead,ACME-L02780
Dana,Haynes,dana.haynes@yatesweberandcurry.example.com,Yates Weber and Curry,CFO,Meta Ads,facebook,paid_social,msp_q3_retargeting,MSP,NJ,61,2026-09-18,lead,ACME-L02781
Stephanie,Bullock,stephanie.bullock@flemingltd.example.com,Fleming Ltd,IT Director,Meta Ads,facebook,paid_social,msp_q3_cyber_guide,MSP,TX,61,2026-09-18,lead,ACME-L02782
Belinda,Williams,belinda.williams@butlerandsons.example.com,Butler and Sons,Owner,Meta Ads,facebook,paid_social,,MSP,Unassigned,11,2026-09-18,lead,ACME-L02783
Christy,Garcia,christy.garcia@millerltd.example.com,Miller Ltd,Office Manager,Referral,,,,MSP,MA,100,2026-09-18,salesqualifiedlead,ACME-L02784
Laura,Cruz,laura.cruz@bennettplc.example.com,Bennett PLC,Owner,Outbound,,,,MSP,NY,90,2026-09-18,lead,ACME-L02785
Brian,Anderson,brian.anderson@rodriguezaguilar.example.com,Rodriguez-Aguilar,CFO,Meta Ads,facebook,paid_social,msp_q3_cyber_guide,MSP,NY,61,2026-09-18,lead,ACME-L02786
David,Schneider,david.schneider@paynehaynes.example.com,Payne-Haynes,COO,Outbound,,,,MSP,NY,90,2026-09-19,lead,ACME-L02787
Gail,Hogan,gail.hogan@jamessoto.example.com,James-Soto,Office Manager,Outbound,,,,MSP,Unassigned,43,2026-09-19,lead,ACME-L02788
Wendy,Walton,wendy.walton@johnsonwilliamsandbradfo.example.com,Johnson Williams and Bradford,Practice Manager,Meta Ads,facebook,paid_social,msp_q3_retargeting,MSP,TX,88,2026-09-19,lead,ACME-L02789
Alison,Garcia,alison.garcia@blakeboothandsilva.example.com,Blake Booth and Silva,IT Manager,Referral,,,,MSP,NJ,100,2026-09-19,salesqualifiedlead,ACME-L02790
Michael,Huang,michael.huang@masongroup.example.com,Mason Group,IT Director,Google Ads,google,cpc,msp_q3_search,MSP,NY,67,2026-09-19,salesqualifiedlead,ACME-L02791
Philip,Armstrong,philip.armstrong@jenkinsmccarthy.example.com,Jenkins-Mccarthy,COO,Outbound,,,,MSP,NY,90,2026-09-19,salesqualifiedlead,ACME-L02792
Megan,Montgomery,megan.montgomery@cruzmartinez.example.com,Cruz-Martinez,Owner,Referral,,,,MSP,NY,73,2026-09-19,opportunity,ACME-L02793
Jennifer,Moore,jennifer.moore@hunterpowell.example.com,Hunter-Powell,IT Director,Google Ads,google,cpc,msp_q3_search,MSP,NY,67,2026-09-20,opportunity,ACME-L02794
Jaclyn,Lopez,jaclyn.lopez@scottrandolphandwilliams.example.com,Scott Randolph and Williams,,Outbound,,,,MSP,TX,41,2026-09-20,lead,ACME-L02795
Shari,Faulkner,shari.faulkner@perezgroup.example.com,Perez Group,IT Manager,Outbound,,,,MSP,MA,90,2026-09-20,lead,ACME-L02796
Travis,Sims,travis.sims@watsonhensonandfox.example.com,Watson Henson and Fox,IT Manager,Referral,,,,MSP,NY,,2026-09-20,lead,ACME-L02797
Joseph,Ashley,joseph.ashley@bowmanhaney.example.com,Bowman-Haney,Office Manager,Call Tracking,callrail,phone,gbp_listing,MSP,MA,97,2026-09-20,lead,ACME-L02798
Brian,Campos,brian.campos@lopezdavis.example.com,Lopez-Davis,Owner,Google Ads,google,cpc,msp_q3_search,MSP,NJ,67,2026-09-20,lead,ACME-L02799
Matthew,Mcknight,matthew.mcknight@johnsonltd.example.com,Johnson Ltd,IT Director,Meta Ads,facebook,paid_social,msp_q3_cyber_guide,MSP,MA,38,2026-09-21,lead,ACME-L02800
Stanley,Roach,stanley.roach@danielsharperandhorn.example.com,Daniels Harper and Horn,COO,Call Tracking,callrail,phone,gbp_listing,MSP,NJ,77,2026-09-21,salesqualifiedlead,ACME-L02801
Roy,Carter,roy.carter@mcgrathbarnettandnichols.example.com,Mcgrath Barnett and Nichols,Owner,Outbound,,,,MSP,MA,90,2026-09-21,lead,ACME-L02802
Sonya,Navarro,sonya.navarro@cruzsawyer.example.com,Cruz-Sawyer,IT Manager,Outbound,,,,MSP,NJ,63,2026-09-21,lead,ACME-L02803
Jason,Thomas,jason.thomas@vaughnandsons.example.com,Vaughn and Sons,,Google Ads,google,cpc,msp_q3_search,MSP,TX,94,2026-09-21,salesqualifiedlead,ACME-L02804
Allen,Smith,allen.smith@currythomasandbrown.example.com,Curry Thomas and Brown,Operations Manager,Google Ads,google,cpc,msp_q3_search,MSP,NY,94,2026-09-21,salesqualifiedlead,ACME-L02805
Kayla,Hunt,kayla.hunt@lunarodriguezandbrown.example.com,Luna Rodriguez and Brown,Operations Manager,Outbound,,,,MSP,CA,63,2026-09-21,lead,ACME-L02806
Laura,Butler,laura.butler@ellissmith.example.com,Ellis-Smith,Office Manager,Google Ads,google,cpc,msp_q3_pmax,MSP,FL,94,2026-09-21,lead,ACME-L02807
Francisco,Carrillo,francisco.carrillo@spencewrightandwallace.example.com,Spence Wright and Wallace,Owner,Meta Ads,facebook,paid_social,msp_q3_cyber_guide,MSP,TX,,2026-09-21,lead,ACME-L02808
Emma,Nguyen,emma.nguyen@taylorplc.example.com,Taylor PLC,Practice Manager,Meta Ads,facebook,paid_social,msp_q3_retargeting,MSP,CA,88,2026-09-21,lead,ACME-L02809
Janet,Lopez,janet.lopez@smithmorris.example.com,Smith-Morris,Operations Manager,Google Ads,google,cpc,msp_q3_pmax,MSP,NJ,51,2026-09-21,lead,ACME-L02810
Jason,Richard,jason.richard@wardhintonandfletcher.example.com,Ward Hinton and Fletcher,Operations Manager,Referral,,,,MSP,TX,73,2026-09-21,lead,ACME-L02811
Andrew,Wheeler,andrew.wheeler@wallacejohnson.example.com,Wallace-Johnson,IT Manager,Outbound,,,,MSP,CA,90,2026-09-21,lead,ACME-L02812
Joseph,Jenkins,joseph.jenkins@diazdixon.example.com,Diaz-Dixon,Operations Manager,Google Ads,google,cpc,,MSP,CA,94,2026-09-21,lead,ACME-L02813
Barry,Goodman,barry.goodman@pattersonmatthews.example.com,Patterson-Matthews,Operations Manager,Google Ads,google,cpc,msp_q3_search,MSP,MA,94,2026-09-21,lead,ACME-L02814
Elizabeth,Kim,elizabeth.kim@howardhunt.example.com,Howard-Hunt,IT Manager,Google Ads,google,cpc,msp_q3_search,MSP,Unassigned,,2026-09-21,lead,ACME-L02815
Alex,Gardner,alex.gardner@nguyenpacheco.example.com,Nguyen-Pacheco,Practice Manager,Referral,,,,MSP,TX,100,2026-09-21,salesqualifiedlead,ACME-L02816
Adam,Harris,adam.harris@smithclaytonandramsey.example.com,Smith Clayton and Ramsey,Practice Manager,Meta Ads,facebook,paid_social,msp_q3_cyber_guide,MSP,NY,,2026-09-21,salesqualifiedlead,ACME-L02817
Cynthia,Chavez,cynthia.chavez@sanchezcooperandlewis.example.com,Sanchez Cooper and Lewis,,Call Tracking,callrail,phone,gbp_listing,MSP,TX,,2026-09-21,lead,ACME-L02818
Gwendolyn,Oliver,gwendolyn.oliver@youngmorales.example.com,Young-Morales,IT Director,Google Ads,google,cpc,,MSP,NJ,94,2026-09-21,lead,ACME-L02819
Stephen,White,stephen.white@davisrosalesandodonnell.example.com,Davis Rosales and Odonnell,Owner,Meta Ads,facebook,paid_social,msp_q3_cyber_guide,MSP,NY,61,2026-09-21,salesqualifiedlead,ACME-L02820
Julia,Martin,julia.martin@patelbrownandmartin.example.com,Patel Brown and Martin,CFO,Referral,,,,MSP,NJ,88,2026-09-21,salesqualifiedlead,ACME-L02821
Greg,Lawson,greg.lawson@morrisandsons.example.com,Morris and Sons,Practice Manager,Referral,,,,MSP,NY,73,2026-09-21,lead,ACME-L02822
Christopher,Barnes,christopher.barnes@jacksonchristensenandboo.example.com,Jackson Christensen and Booth,Office Manager,Meta Ads,facebook,paid_social,msp_q3_cyber_guide,MSP,IL,61,2026-09-21,lead,ACME-L02823
Charles,Sanchez,charles.sanchez@brooksgardner.example.com,Brooks-Gardner,Office Manager,Call Tracking,callrail,phone,local_services,MSP,TX,97,2026-09-21,lead,ACME-L02824
George,Brewer,george.brewer@murphypattersonandwarren.example.com,Murphy Patterson and Warren,,Google Ads,google,cpc,msp_q3_search,MSP,TX,67,2026-09-21,lead,ACME-L02825
Vanessa,Wright,vanessa.wright@ortizsmithandyoung.example.com,Ortiz Smith and Young,Office Manager,Meta Ads,facebook,paid_social,msp_q3_retargeting,MSP,NY,88,2026-09-21,lead,ACME-L02826
James,Avila,james.avila@petersplc.example.com,Peters PLC,Office Manager,Referral,,,,MSP,CA,73,2026-09-21,salesqualifiedlead,ACME-L02827
Mckenzie,Moore,mckenzie.moore@abbottharrisandgibson.example.com,Abbott Harris and Gibson,Practice Manager,Referral,,,,MSP,CA,100,2026-09-21,salesqualifiedlead,ACME-L02828
Timothy,Johnson,timothy.johnson@allenrosalesandbrooks.example.com,Allen Rosales and Brooks,Operations Manager,Google Ads,google,cpc,msp_q3_pmax,MSP,Unassigned,74,2026-09-22,lead,ACME-L02829
Samantha,Warren,samantha.warren@martinsharpandgolden.example.com,Martin Sharp and Golden,COO,Google Ads,google,cpc,msp_q3_search,MSP,NY,94,2026-09-22,lead,ACME-L02830
Kyle,Stone,kyle.stone@orozcosullivanandbautist.example.com,Orozco Sullivan and Bautista,Office Manager,Meta Ads,facebook,paid_social,msp_q3_retargeting,MSP,CA,31,2026-09-22,lead,ACME-L02831
Robert,Shea,robert.shea@wilsonjackson.example.com,Wilson-Jackson,IT Director,Referral,,,,MSP,TX,100,2026-09-22,lead,ACME-L02832
Michael,Harper,michael.harper@sandovalgroup.example.com,Sandoval Group,Operations Manager,Google Ads,google,cpc,msp_q3_pmax,MSP,NJ,94,2026-09-22,salesqualifiedlead,ACME-L02833
Deborah,Wright,deborah.wright@medinagroup.example.com,Medina Group,Practice Manager,Google Ads,google,cpc,msp_q3_pmax,MSP,CA,94,2026-09-22,salesqualifiedlead,ACME-L02834
Barbara,Reid,barbara.reid@garcialtd.example.com,Garcia Ltd,Owner,Meta Ads,facebook,paid_social,msp_q3_cyber_guide,MSP,NY,35,2026-09-22,lead,ACME-L02835
Heather,Johnson,heather.johnson@barrltd.example.com,Barr Ltd,Practice Manager,Meta Ads,facebook,paid_social,msp_q3_cyber_guide,MSP,NY,88,2026-09-22,lead,ACME-L02836
Michael,Pierce,michael.pierce@sotoray.example.com,Soto-Ray,COO,Meta Ads,facebook,paid_social,msp_q3_retargeting,MSP,TX,88,2026-09-22,lead,ACME-L02837
Donald,Hill,donald.hill@penningtonandsons.example.com,Pennington and Sons,IT Manager,Meta Ads,facebook,paid_social,msp_q3_retargeting,MSP,MA,61,2026-09-22,lead,ACME-L02838
Mark,Thompson,mark.thompson@wilsonltd.example.com,Wilson Ltd,COO,Meta Ads,facebook,paid_social,msp_q3_retargeting,MSP,MA,61,2026-09-22,lead,ACME-L02839
Carolyn,Johnson,carolyn.johnson@maxwellmurrayandsmith.example.com,Maxwell Murray and Smith,CFO,Meta Ads,facebook,paid_social,msp_q3_cyber_guide,MSP,TX,88,2026-09-22,lead,ACME-L02840
Gary,Romero,gary.romero@williamsllc.example.com,Williams LLC,Operations Manager,Google Ads,google,cpc,msp_q3_pmax,MSP,IL,94,2026-09-22,lead,ACME-L02841
Dylan,Hebert,dylan.hebert@hendersongroup.example.com,Henderson Group,CFO,Google Ads,google,cpc,msp_q3_pmax,MSP,NY,94,2026-09-22,lead,ACME-L02842
Kimberly,Meyer,kimberly.meyer@burnsmillerandacosta.example.com,Burns Miller and Acosta,Owner,Meta Ads,facebook,paid_social,msp_q3_cyber_guide,MSP,IL,88,2026-09-23,lead,ACME-L02843
Amanda,Hernandez,amanda.hernandez@carpenteredwardsanddunn.example.com,Carpenter Edwards and Dunn,,Outbound,,,,MSP,NY,82,2026-09-23,lead,ACME-L02844
James,Bridges,james.bridges@mendezpearsonandlee.example.com,Mendez Pearson and Lee,COO,Call Tracking,callrail,phone,local_services,MSP,CA,97,2026-09-23,salesqualifiedlead,ACME-L02845
Tonya,Davis,tonya.davis@sullivanchurch.example.com,Sullivan-Church,Office Manager,Meta Ads,facebook,paid_social,msp_q3_retargeting,MSP,MA,,2026-09-23,lead,ACME-L02846
Erica,Morales,erica.morales@savagefreemanandwilliams.example.com,Savage Freeman and Williams,COO,Google Ads,google,cpc,msp_q3_search,MSP,MA,94,2026-09-23,salesqualifiedlead,ACME-L02847
Tina,Thompson,tina.thompson@pittmaninc.example.com,Pittman Inc,CFO,Outbound,,,,MSP,Unassigned,30,2026-09-23,salesqualifiedlead,ACME-L02848
Hunter,Richardson,hunter.richardson@rodriguezplc.example.com,Rodriguez PLC,Practice Manager,Outbound,,,,MSP,CA,63,2026-09-23,salesqualifiedlead,ACME-L02849
Chelsea,Jensen,chelsea.jensen@ayersswanson.example.com,Ayers-Swanson,Owner,Google Ads,google,cpc,msp_q3_pmax,MSP,FL,66,2026-09-23,lead,ACME-L02850
Bobby,Duran,bobby.duran@browngroup.example.com,Brown Group,Practice Manager,Google Ads,google,cpc,msp_q3_pmax,MSP,CA,83,2026-09-23,salesqualifiedlead,ACME-L02851
Emily,Davis,emily.davis@reyesplc.example.com,Reyes PLC,Office Manager,Meta Ads,facebook,paid_social,msp_q3_retargeting,MSP,NJ,88,2026-09-23,lead,ACME-L02852
Brittany,Ellison,brittany.ellison@millermathews.example.com,Miller-Mathews,CFO,Google Ads,google,cpc,msp_q3_search,MSP,TX,64,2026-09-23,lead,ACME-L02853
Ronald,Boone,ronald.boone@wilsonhammond.example.com,Wilson-Hammond,Practice Manager,Call Tracking,callrail,phone,local_services,MSP,MA,94,2026-09-23,lead,ACME-L02854
Gregory,Wolfe,gregory.wolfe@wrightmcintosh.example.com,Wright-Mcintosh,COO,Google Ads,google,cpc,msp_q3_pmax,MSP,FL,67,2026-09-23,lead,ACME-L02855
Kent,Best,kent.best@smithroman.example.com,Smith-Roman,CFO,Call Tracking,callrail,phone,local_services,MSP,NY,70,2026-09-23,lead,ACME-L02856
Billy,Harris,billy.harris@burnettgroup.example.com,Burnett Group,Operations Manager,Meta Ads,facebook,paid_social,msp_q3_retargeting,MSP,Unassigned,41,2026-09-23,lead,ACME-L02857
Angel,Scott,angel.scott@blackescobarandlogan.example.com,Black Escobar and Logan,IT Manager,Google Ads,google,cpc,msp_q3_search,MSP,TX,,2026-09-23,lead,ACME-L02858
William,Hansen,william.hansen@colliersextonandfisher.example.com,Collier Sexton and Fisher,Practice Manager,Google Ads,google,cpc,msp_q3_search,MSP,NY,67,2026-09-23,lead,ACME-L02859
Thomas,Greer,thomas.greer@mooregroup.example.com,Moore Group,COO,Google Ads,google,cpc,msp_q3_search,MSP,NJ,59,2026-09-23,lead,ACME-L02860
Daniel,Green,daniel.green@palmerhallandrogers.example.com,Palmer Hall and Rogers,Operations Manager,Google Ads,google,cpc,,MSP,FL,67,2026-09-23,lead,ACME-L02861
Michael,Brown,michael.brown@hernandezhuntandbartlett.example.com,Hernandez Hunt and Bartlett,IT Director,Call Tracking,callrail,phone,gbp_listing,MSP,MA,70,2026-09-23,lead,ACME-L02862
Dawn,Martin,dawn.martin@bradleygreene.example.com,Bradley-Greene,,Meta Ads,facebook,paid_social,msp_q3_retargeting,MSP,MA,88,2026-09-24,lead,ACME-L02863
James,Adams,james.adams@warrenbarry.example.com,Warren-Barry,,Meta Ads,facebook,paid_social,,MSP,FL,61,2026-09-24,lead,ACME-L02864
Willie,Ibarra,willie.ibarra@brownfisherandsandoval.example.com,Brown Fisher and Sandoval,IT Manager,Meta Ads,facebook,paid_social,msp_q3_cyber_guide,MSP,CA,61,2026-09-24,lead,ACME-L02865
Krystal,Willis,krystal.willis@gomezltd.example.com,Gomez Ltd,IT Manager,Meta Ads,facebook,paid_social,msp_q3_retargeting,MSP,MA,72,2026-09-24,lead,ACME-L02866
Susan,Williams,susan.williams@andersonandsons.example.com,Anderson and Sons,CFO,Meta Ads,facebook,paid_social,msp_q3_retargeting,MSP,MA,88,2026-09-24,lead,ACME-L02867
Jordan,Alvarez,jordan.alvarez@estradajohnsonandibarra.example.com,Estrada Johnson and Ibarra,IT Manager,Google Ads,google,cpc,msp_q3_search,MSP,NJ,94,2026-09-24,lead,ACME-L02868
David,Koch,david.koch@fletcherjosephanddelgado.example.com,Fletcher Joseph and Delgado,COO,Referral,,,,MSP,NY,100,2026-09-24,lead,ACME-L02869
Linda,Smith,linda.smith@caldwellshaw.example.com,Caldwell-Shaw,CFO,Outbound,,,,MSP,MA,60,2026-09-24,lead,ACME-L02870
Rachael,Reed,rachael.reed@huntplc.example.com,Hunt PLC,Operations Manager,Google Ads,google,cpc,msp_q3_search,MSP,TX,93,2026-09-24,lead,ACME-L02871
Samantha,Young,samantha.young@walkerhamilton.example.com,Walker-Hamilton,CFO,Meta Ads,facebook,paid_social,msp_q3_retargeting,MSP,MA,61,2026-09-24,lead,ACME-L02872
Brenda,Powell,brenda.powell@klineinc.example.com,Kline Inc,,Meta Ads,facebook,paid_social,msp_q3_cyber_guide,MSP,NY,88,2026-09-24,lead,ACME-L02873
John,Jones,john.jones@warnerandsons.example.com,Warner and Sons,Operations Manager,Google Ads,google,cpc,msp_q3_pmax,MSP,NJ,42,2026-09-24,lead,ACME-L02874
Kristen,Miller,kristen.miller@gonzalezplc.example.com,Gonzalez PLC,IT Director,Google Ads,google,cpc,msp_q3_search,MSP,Unassigned,67,2026-09-24,lead,ACME-L02875
Anna,Herrera,anna.herrera@cabrerawagnerandsosa.example.com,Cabrera Wagner and Sosa,IT Manager,Google Ads,google,cpc,msp_q3_pmax,MSP,TX,67,2026-09-24,lead,ACME-L02876
Benjamin,Martinez,benjamin.martinez@goldeninc.example.com,Golden Inc,IT Director,Outbound,,,,MSP,TX,63,2026-09-24,lead,ACME-L02877
Christina,Kelly,christina.kelly@barryholland.example.com,Barry-Holland,Office Manager,Google Ads,google,cpc,msp_q3_search,MSP,NJ,67,2026-09-24,lead,ACME-L02878
Jordan,Henson,jordan.henson@hawkinsjensenandadams.example.com,Hawkins Jensen and Adams,Operations Manager,Google Ads,google,cpc,msp_q3_search,MSP,NY,37,2026-09-24,lead,ACME-L02879
Kimberly,Dodson,kimberly.dodson@fosterpena.example.com,Foster-Pena,Practice Manager,Outbound,,,,MSP,IL,65,2026-09-24,lead,ACME-L02880
Erica,Jones,erica.jones@johnsonllc.example.com,Johnson LLC,,Meta Ads,facebook,paid_social,msp_q3_retargeting,MSP,NY,88,2026-09-24,salesqualifiedlead,ACME-L02881
Keith,Johnson,keith.johnson@williamshernandez.example.com,Williams-Hernandez,CFO,Call Tracking,callrail,phone,local_services,MSP,TX,97,2026-09-24,lead,ACME-L02882
Cameron,Stevens,cameron.stevens@whitecraig.example.com,White-Craig,,Meta Ads,facebook,paid_social,msp_q3_cyber_guide,MSP,NY,61,2026-09-24,lead,ACME-L02883
Diamond,Allen,diamond.allen@hartmandaniels.example.com,Hartman-Daniels,Practice Manager,Google Ads,google,cpc,msp_q3_search,MSP,NJ,67,2026-09-24,lead,ACME-L02884
Billy,Perry,billy.perry@murrayjackson.example.com,Murray-Jackson,IT Manager,Meta Ads,facebook,paid_social,msp_q3_retargeting,MSP,NY,61,2026-09-24,lead,ACME-L02885
Jennifer,Kline,jennifer.kline@haynesscott.example.com,Haynes-Scott,,Call Tracking,callrail,phone,gbp_listing,MSP,CA,70,2026-09-24,lead,ACME-L02886
Cody,Warner,cody.warner@kiddandsons.example.com,Kidd and Sons,Owner,Referral,,,,MSP,NJ,93,2026-09-24,lead,ACME-L02887
Christopher,Bell,christopher.bell@lawrencegroup.example.com,Lawrence Group,IT Manager,Meta Ads,facebook,paid_social,msp_q3_retargeting,MSP,NY,88,2026-09-24,lead,ACME-L02888
Timothy,Bell,timothy.bell@delgadoltd.example.com,Delgado Ltd,Operations Manager,Outbound,,,,MSP,NJ,90,2026-09-24,lead,ACME-L02889
Russell,Dixon,russell.dixon@turnerevans.example.com,Turner-Evans,Operations Manager,Meta Ads,facebook,paid_social,msp_q3_cyber_guide,MSP,NJ,61,2026-09-24,lead,ACME-L02890
Leah,Benitez,leah.benitez@nielseninc.example.com,Nielsen Inc,Office Manager,Outbound,,,,MSP,TX,90,2026-09-24,lead,ACME-L02891
Shirley,Tate,shirley.tate@thompsoninc.example.com,Thompson Inc,Practice Manager,Outbound,,,,MSP,NY,63,2026-09-24,lead,ACME-L02892
Gregory,Jenkins,gregory.jenkins@parkschase.example.com,Parks-Chase,,Referral,,,,MSP,Unassigned,73,2026-09-24,salesqualifiedlead,ACME-L02893
Stephanie,Velasquez,stephanie.velasquez@martinezgarrettandboone.example.com,Martinez Garrett and Boone,IT Director,Call Tracking,callrail,phone,gbp_listing,MSP,Unassigned,95,2026-09-25,lead,ACME-L02894
Christopher,Ross,christopher.ross@choiandsons.example.com,Choi and Sons,IT Director,Call Tracking,callrail,phone,local_services,MSP,NJ,97,2026-09-25,lead,ACME-L02895
Susan,Martin,susan.martin@lowerymills.example.com,Lowery-Mills,Owner,Call Tracking,callrail,phone,gbp_listing,MSP,NJ,97,2026-09-25,lead,ACME-L02896
Trevor,Hernandez,trevor.hernandez@carterclark.example.com,Carter-Clark,Owner,Referral,,,,MSP,NY,73,2026-09-25,salesqualifiedlead,ACME-L02897
Donald,Hunter,donald.hunter@woodstokes.example.com,Wood-Stokes,CFO,Meta Ads,facebook,paid_social,msp_q3_cyber_guide,MSP,CA,88,2026-09-25,lead,ACME-L02898
Ryan,Burton,ryan.burton@reeveslloyd.example.com,Reeves-Lloyd,IT Director,Call Tracking,callrail,phone,gbp_listing,MSP,NY,91,2026-09-25,salesqualifiedlead,ACME-L02899
Nathan,Osborne,nathan.osborne@marshallplc.example.com,Marshall PLC,Operations Manager,Referral,,,,MSP,TX,,2026-09-25,lead,ACME-L02900
Tiffany,Ross,tiffany.ross@sawyergroup.example.com,Sawyer Group,CFO,Meta Ads,facebook,paid_social,msp_q3_cyber_guide,MSP,TX,88,2026-09-25,lead,ACME-L02901
Andrew,Tanner,andrew.tanner@colemandunnandwise.example.com,Coleman Dunn and Wise,Owner,Outbound,,,,MSP,NJ,90,2026-09-25,lead,ACME-L02902
Phillip,Compton,phillip.compton@thomasgrant.example.com,Thomas-Grant,Office Manager,Meta Ads,facebook,paid_social,msp_q3_retargeting,MSP,NJ,61,2026-09-25,lead,ACME-L02903
Mary,Washington,mary.washington@hallbush.example.com,Hall-Bush,IT Director,Call Tracking,callrail,phone,local_services,MSP,FL,97,2026-09-25,salesqualifiedlead,ACME-L02904
Amy,Hernandez,amy.hernandez@jonesinc.example.com,Jones Inc,IT Manager,Meta Ads,facebook,paid_social,msp_q3_cyber_guide,MSP,TX,88,2026-09-26,lead,ACME-L02905
Grace,Clark,grace.clark@hesterspenceandjames.example.com,Hester Spence and James,Operations Manager,Meta Ads,facebook,paid_social,msp_q3_retargeting,MSP,IL,,2026-09-26,lead,ACME-L02906
Michael,Garner,michael.garner@daviesparkerandstanton.example.com,Davies Parker and Stanton,,Outbound,,,,MSP,IL,63,2026-09-26,lead,ACME-L02907
Brittany,Smith,brittany.smith@mooreandsons.example.com,Moore and Sons,Owner,Call Tracking,callrail,phone,local_services,MSP,IL,70,2026-09-26,lead,ACME-L02908
Dustin,Stephens,dustin.stephens@martinayalaandbernard.example.com,Martin Ayala and Bernard,Practice Manager,Google Ads,google,cpc,msp_q3_search,MSP,FL,67,2026-09-26,lead,ACME-L02909
Jeffrey,Park,jeffrey.park@martinezmerritt.example.com,Martinez-Merritt,Office Manager,Meta Ads,facebook,paid_social,msp_q3_retargeting,MSP,NY,88,2026-09-26,lead,ACME-L02910
Nathaniel,Schwartz,nathaniel.schwartz@bauergomezandsmith.example.com,Bauer Gomez and Smith,Office Manager,Referral,,,,MSP,NJ,73,2026-09-26,salesqualifiedlead,ACME-L02911
Bethany,Rodriguez,bethany.rodriguez@edwardsjacksonandgutierr.example.com,Edwards Jackson and Gutierrez,Office Manager,Outbound,,,,MSP,NY,90,2026-09-26,lead,ACME-L02912
Alexander,Brown,alexander.brown@ibarrawilliamsandlester.example.com,Ibarra Williams and Lester,Office Manager,Call Tracking,callrail,phone,local_services,MSP,IL,97,2026-09-26,lead,ACME-L02913
Bruce,Cox,bruce.cox@kellerbyrd.example.com,Keller-Byrd,Owner,Call Tracking,callrail,phone,local_services,MSP,FL,97,2026-09-27,salesqualifiedlead,ACME-L02914
Kim,Taylor,kim.taylor@smithstone.example.com,Smith-Stone,Office Manager,Meta Ads,facebook,paid_social,msp_q3_retargeting,MSP,NY,58,2026-09-27,salesqualifiedlead,ACME-L02915
Kevin,Porter,kevin.porter@foleywilliamsandallen.example.com,Foley Williams and Allen,Owner,Call Tracking,callrail,phone,gbp_listing,MSP,IL,70,2026-09-27,lead,ACME-L02916
Jose,Howard,jose.howard@waltersbowersanddickerso.example.com,Walters Bowers and Dickerson,Practice Manager,Google Ads,google,cpc,msp_q3_search,MSP,IL,37,2026-09-27,lead,ACME-L02917
George,Owens,george.owens@hicksberger.example.com,Hicks-Berger,CFO,Google Ads,google,cpc,msp_q3_pmax,MSP,NJ,67,2026-09-27,lead,ACME-L02918
Heather,White,heather.white@barnescaseyandmartinez.example.com,Barnes Casey and Martinez,CFO,Meta Ads,facebook,paid_social,msp_q3_cyber_guide,MSP,NJ,84,2026-09-27,lead,ACME-L02919
Joann,Matthews,joann.matthews@murphyrubio.example.com,Murphy-Rubio,COO,Outbound,,,,MSP,IL,63,2026-09-27,lead,ACME-L02920
Angela,Pennington,angela.pennington@joneswang.example.com,Jones-Wang,CFO,Outbound,,,,MSP,NY,63,2026-09-27,lead,ACME-L02921
Mary,Barnett,mary.barnett@roseblair.example.com,Rose-Blair,IT Manager,Referral,,,,MSP,CA,100,2026-09-27,salesqualifiedlead,ACME-L02922
Juan,Harris,juan.harris@wilsonandrews.example.com,Wilson-Andrews,,Call Tracking,callrail,phone,gbp_listing,MSP,Unassigned,68,2026-09-27,lead,ACME-L02923
Jason,Schmidt,jason.schmidt@douglaschandlerandlee.example.com,Douglas Chandler and Lee,COO,Meta Ads,facebook,paid_social,msp_q3_retargeting,MSP,NY,61,2026-09-27,lead,ACME-L02924
Faith,Owens,faith.owens@whitesims.example.com,White-Sims,IT Director,Referral,,,,MSP,NY,100,2026-09-27,salesqualifiedlead,ACME-L02925
Christopher,Morris,christopher.morris@jacobssmith.example.com,Jacobs-Smith,COO,Google Ads,google,cpc,msp_q3_search,MSP,MA,94,2026-09-27,lead,ACME-L02926
Angelica,Estrada,angelica.estrada@beaninc.example.com,Bean Inc,IT Manager,Google Ads,google,cpc,msp_q3_pmax,MSP,MA,67,2026-09-28,lead,ACME-L02927
Sherri,Flores,sherri.flores@transantos.example.com,Tran-Santos,COO,Outbound,,,,MSP,NY,63,2026-09-28,lead,ACME-L02928
Deborah,Wilson,deborah.wilson@burgessmiller.example.com,Burgess-Miller,IT Director,Meta Ads,facebook,paid_social,msp_q3_retargeting,MSP,FL,88,2026-09-28,lead,ACME-L02929
Tanner,Swanson,tanner.swanson@cochranllc.example.com,Cochran LLC,IT Manager,Outbound,,,,MSP,FL,33,2026-09-28,lead,ACME-L02930
Jessica,Johnson,jessica.johnson@leondavisandhughes.example.com,Leon Davis and Hughes,COO,Google Ads,google,cpc,msp_q3_search,MSP,NY,82,2026-09-28,lead,ACME-L02931
Ashley,Reed,ashley.reed@potterllc.example.com,Potter LLC,CFO,Call Tracking,callrail,phone,local_services,MSP,TX,70,2026-09-28,salesqualifiedlead,ACME-L02932
Andrew,Cameron,andrew.cameron@moraleswilsonandhall.example.com,Morales Wilson and Hall,COO,Meta Ads,facebook,paid_social,msp_q3_retargeting,MSP,MA,61,2026-09-28,lead,ACME-L02933
Sarah,Ross,sarah.ross@brucegroup.example.com,Bruce Group,CFO,Call Tracking,callrail,phone,local_services,MSP,CA,70,2026-09-28,lead,ACME-L02934
Gary,King,gary.king@jamesltd.example.com,James Ltd,COO,Outbound,,,,MSP,MA,65,2026-09-28,salesqualifiedlead,ACME-L02935
Joanne,Hamilton,joanne.hamilton@brucediaz.example.com,Bruce-Diaz,,Outbound,,,,MSP,IL,90,2026-09-28,lead,ACME-L02936
Samuel,Fowler,samuel.fowler@bassgroup.example.com,Bass Group,Owner,Meta Ads,facebook,paid_social,msp_q3_retargeting,MSP,MA,88,2026-09-28,lead,ACME-L02937
Amanda,Bryant,amanda.bryant@williamsinc.example.com,Williams Inc,CFO,Referral,,,,MSP,NJ,100,2026-09-28,lead,ACME-L02938
Kathleen,Williams,kathleen.williams@stephensgravesandhancock.example.com,Stephens Graves and Hancock,IT Director,Google Ads,google,cpc,msp_q3_search,MSP,CA,94,2026-09-28,lead,ACME-L02939
Thomas,Simmons,thomas.simmons@pattersoninc.example.com,Patterson Inc,Owner,Referral,,,,MSP,NJ,73,2026-09-28,lead,ACME-L02940
April,Malone,april.malone@mercadoortizandbarnes.example.com,Mercado Ortiz and Barnes,IT Director,Google Ads,google,cpc,msp_q3_pmax,MSP,Unassigned,94,2026-09-28,lead,ACME-L02941
Emily,Mcclain,emily.mcclain@langltd.example.com,Lang Ltd,CFO,Referral,,,,MSP,CA,73,2026-09-28,lead,ACME-L02942
Tracy,Clarke,tracy.clarke@youngbensonandadams.example.com,Young Benson and Adams,,Google Ads,google,cpc,msp_q3_search,MSP,CA,94,2026-09-28,lead,ACME-L02943
Rodney,Mueller,rodney.mueller@gibbshorton.example.com,Gibbs-Horton,IT Director,Meta Ads,facebook,paid_social,msp_q3_retargeting,MSP,NY,80,2026-09-28,lead,ACME-L02944
Monica,Johnson,monica.johnson@vasquezhowardandcuevas.example.com,Vasquez Howard and Cuevas,CFO,Outbound,,,,MSP,NY,90,2026-09-28,lead,ACME-L02945
Erika,Johnson,erika.johnson@rodriguezgroup.example.com,Rodriguez Group,Practice Manager,Google Ads,google,cpc,msp_q3_search,MSP,NY,94,2026-09-28,lead,ACME-L02946
Bradley,Thomas,bradley.thomas@floreslambertandball.example.com,Flores Lambert and Ball,Practice Manager,Meta Ads,facebook,paid_social,msp_q3_cyber_guide,MSP,NY,58,2026-09-28,lead,ACME-L02947
Micheal,Brooks,micheal.brooks@robinsonblackwellandmart.example.com,Robinson Blackwell and Martinez,Practice Manager,Google Ads,google,cpc,msp_q3_search,MSP,NJ,64,2026-09-28,lead,ACME-L02948
Anthony,Johnson,anthony.johnson@dunnholloway.example.com,Dunn-Holloway,Office Manager,Google Ads,google,cpc,msp_q3_search,MSP,MA,94,2026-09-28,lead,ACME-L02949
Isabella,Miller,isabella.miller@gregorysaundersandcole.example.com,Gregory Saunders and Cole,Practice Manager,Google Ads,google,cpc,msp_q3_search,MSP,IL,94,2026-09-28,lead,ACME-L02950
Kathryn,Gentry,kathryn.gentry@castroryan.example.com,Castro-Ryan,Office Manager,Google Ads,google,cpc,msp_q3_pmax,MSP,MA,94,2026-09-28,lead,ACME-L02951
Jonathan,Warner,jonathan.warner@lloydltd.example.com,Lloyd Ltd,,Referral,,,,MSP,TX,73,2026-09-28,lead,ACME-L02952
Dustin,Potts,dustin.potts@eatonlopezandreed.example.com,Eaton Lopez and Reed,CFO,Google Ads,google,cpc,msp_q3_pmax,MSP,TX,67,2026-09-28,lead,ACME-L02953
Victoria,Brown,victoria.brown@johnsonmartin.example.com,Johnson-Martin,Operations Manager,Google Ads,google,cpc,msp_q3_search,MSP,NJ,53,2026-09-28,lead,ACME-L02954
Kelly,Marshall,kelly.marshall@pageplc.example.com,Page PLC,Office Manager,Google Ads,google,cpc,msp_q3_search,MSP,MA,94,2026-09-28,lead,ACME-L02955
Whitney,Davis,whitney.davis@parsonsfuentes.example.com,Parsons-Fuentes,CFO,Google Ads,google,cpc,msp_q3_pmax,MSP,CA,67,2026-09-29,lead,ACME-L02956
Keith,Carroll,keith.carroll@russellsmith.example.com,Russell-Smith,Operations Manager,Referral,,,,MSP,NJ,73,2026-09-29,lead,ACME-L02957
Scott,Jones,scott.jones@jenningsandsons.example.com,Jennings and Sons,IT Manager,Meta Ads,facebook,paid_social,msp_q3_retargeting,MSP,MA,88,2026-09-29,lead,ACME-L02958
Timothy,Nichols,timothy.nichols@wardhernandez.example.com,Ward-Hernandez,Operations Manager,Call Tracking,callrail,phone,local_services,MSP,NY,93,2026-09-29,lead,ACME-L02959
Lisa,Brown,lisa.brown@cabreracantu.example.com,Cabrera-Cantu,COO,Google Ads,google,cpc,msp_q3_pmax,MSP,CA,94,2026-09-29,salesqualifiedlead,ACME-L02960
Evan,Wright,evan.wright@wilsongroup.example.com,Wilson Group,COO,Google Ads,google,cpc,msp_q3_search,MSP,NJ,94,2026-09-29,lead,ACME-L02961
Jose,Hart,jose.hart@penningtonmccoy.example.com,Pennington-Mccoy,Practice Manager,Google Ads,google,cpc,msp_q3_pmax,MSP,MA,67,2026-09-29,lead,ACME-L02962
Natalie,Hanson,natalie.hanson@martinezvasquezandburch.example.com,Martinez Vasquez and Burch,Practice Manager,Outbound,,,,MSP,NJ,63,2026-09-29,lead,ACME-L02963
Rachael,Pace,rachael.pace@mooremorganandparker.example.com,Moore Morgan and Parker,Operations Manager,Referral,,,,MSP,NY,100,2026-09-29,salesqualifiedlead,ACME-L02964
Kenneth,Brown,kenneth.brown@grossgroup.example.com,Gross Group,Practice Manager,Call Tracking,callrail,phone,local_services,MSP,NY,97,2026-09-29,lead,ACME-L02965
Brian,Evans,brian.evans@wilsonmatthewsandtucker.example.com,Wilson Matthews and Tucker,Owner,Meta Ads,facebook,paid_social,msp_q3_retargeting,MSP,IL,88,2026-09-29,lead,ACME-L02966
Patricia,Reyes,patricia.reyes@hallltd.example.com,Hall Ltd,Office Manager,Outbound,,,,MSP,TX,90,2026-09-29,lead,ACME-L02967
Alison,Case,alison.case@taylorltd.example.com,Taylor Ltd,Operations Manager,Referral,,,,MSP,NY,73,2026-09-29,lead,ACME-L02968
Donald,Anderson,donald.anderson@baileyavery.example.com,Bailey-Avery,Practice Manager,Outbound,,,,MSP,Unassigned,40,2026-09-29,lead,ACME-L02969
Brenda,Strickland,brenda.strickland@stoneyoung.example.com,Stone-Young,Practice Manager,Meta Ads,facebook,paid_social,msp_q3_cyber_guide,MSP,Unassigned,69,2026-09-29,lead,ACME-L02970
Justin,Maldonado,justin.maldonado@lewisandsons.example.com,Lewis and Sons,Operations Manager,Meta Ads,facebook,paid_social,,MSP,CA,60,2026-09-29,lead,ACME-L02971
Shawn,Holt,shawn.holt@andersonmcclureandburns.example.com,Anderson Mcclure and Burns,Practice Manager,Google Ads,google,cpc,msp_q3_search,MSP,Unassigned,66,2026-09-29,lead,ACME-L02972
Darrell,Greer,darrell.greer@johnsonbell.example.com,Johnson-Bell,Office Manager,Google Ads,google,cpc,msp_q3_search,MSP,IL,74,2026-09-29,lead,ACME-L02973
Timothy,Lynch,timothy.lynch@hoovergroup.example.com,Hoover Group,IT Director,Referral,,,,MSP,NY,57,2026-09-29,lead,ACME-L02974
Jason,Atkinson,jason.atkinson@wolfeplc.example.com,Wolfe PLC,COO,Meta Ads,facebook,paid_social,msp_q3_cyber_guide,MSP,CA,61,2026-09-29,lead,ACME-L02975
Carol,Anderson,carol.anderson@terrygrahamandalexander.example.com,Terry Graham and Alexander,CFO,Referral,,,,MSP,IL,100,2026-09-29,lead,ACME-L02976
Richard,Owen,richard.owen@kaneplc.example.com,Kane PLC,Operations Manager,Google Ads,google,cpc,msp_q3_search,MSP,MA,67,2026-09-29,lead,ACME-L02977
Sonya,Nolan,sonya.nolan@mcdanielllc.example.com,Mcdaniel LLC,CFO,Google Ads,google,cpc,,MSP,TX,67,2026-09-29,lead,ACME-L02978
Jeffrey,Richardson,jeffrey.richardson@poncegroup.example.com,Ponce Group,IT Director,Google Ads,google,cpc,msp_q3_pmax,MSP,IL,94,2026-09-30,lead,ACME-L02979
James,Mitchell,james.mitchell@clarkcollins.example.com,Clark-Collins,Operations Manager,Referral,,,,MSP,TX,100,2026-09-30,lead,ACME-L02980
Tina,Kemp,tina.kemp@douglasweber.example.com,Douglas-Weber,Practice Manager,Referral,,,,MSP,CA,73,2026-09-30,lead,ACME-L02981
Kenneth,Matthews,kenneth.matthews@wigginsfreeman.example.com,Wiggins-Freeman,Office Manager,Google Ads,google,cpc,msp_q3_search,MSP,NY,94,2026-09-30,lead,ACME-L02982
Michael,Pineda,michael.pineda@rossltd.example.com,Ross Ltd,Office Manager,Meta Ads,facebook,paid_social,msp_q3_retargeting,MSP,NY,69,2026-09-30,lead,ACME-L02983
Bryan,Collins,bryan.collins@acevedoinc.example.com,Acevedo Inc,COO,Referral,,,,MSP,NJ,100,2026-09-30,lead,ACME-L02984
Reginald,Palmer,reginald.palmer@maddoxweaver.example.com,Maddox-Weaver,Owner,Meta Ads,facebook,paid_social,msp_q3_cyber_guide,MSP,NY,61,2026-09-30,lead,ACME-L02985
Curtis,Barnes,curtis.barnes@masonandsons.example.com,Mason and Sons,IT Manager,Google Ads,google,cpc,msp_q3_pmax,MSP,MA,67,2026-09-30,lead,ACME-L02986
Erik,Jones,erik.jones@jimenezcampbell.example.com,Jimenez-Campbell,IT Director,Meta Ads,facebook,paid_social,msp_q3_retargeting,MSP,TX,61,2026-09-30,lead,ACME-L02987
John,Scott,john.scott@fullerdavis.example.com,Fuller-Davis,COO,Call Tracking,callrail,phone,local_services,MSP,FL,97,2026-09-30,lead,ACME-L02988
Theresa,Hunter,theresa.hunter@armstrongandsons.example.com,Armstrong and Sons,Owner,Outbound,,,,MSP,NY,33,2026-09-30,lead,ACME-L02989
Joseph,Hayes,joseph.hayes@kleinplc.example.com,Klein PLC,COO,Referral,,,,MSP,NY,100,2026-09-30,lead,ACME-L02990
Rebecca,Ramirez,rebecca.ramirez@griffingroup.example.com,Griffin Group,Practice Manager,Google Ads,google,cpc,msp_q3_pmax,MSP,CA,51,2026-09-30,lead,ACME-L02991
Kevin,Nunez,kevin.nunez@kimllc.example.com,Kim LLC,Office Manager,Outbound,,,,MSP,Unassigned,43,2026-09-30,lead,ACME-L02992
Jessica,Williams,jessica.williams@robinsonanderson.example.com,Robinson-Anderson,Operations Manager,Google Ads,google,cpc,msp_q3_search,MSP,NJ,67,2026-09-30,lead,ACME-L02993
Whitney,Morgan,whitney.morgan@lindseylawrenceandrose.example.com,Lindsey Lawrence and Rose,IT Manager,Outbound,,,,MSP,TX,63,2026-09-30,lead,ACME-L02994
Laura,Ortiz,laura.ortiz@murphyplc.example.com,Murphy PLC,Operations Manager,Call Tracking,callrail,phone,local_services,MSP,FL,70,2026-09-30,lead,ACME-L02995
Timothy,Smith,timothy.smith@leeandsons.example.com,Lee and Sons,Office Manager,Google Ads,google,cpc,msp_q3_pmax,MSP,MA,,2026-09-30,lead,ACME-L02996
Rachel,Rivera,rachel.rivera@hoffmangalvan.example.com,Hoffman-Galvan,IT Manager,Google Ads,google,cpc,msp_q3_search,MSP,CA,67,2026-09-30,lead,ACME-L02997
Carlos,Schmidt,carlos.schmidt@clarkgroup.example.com,Clark Group,Office Manager,Referral,,,,MSP,NJ,73,2026-09-30,lead,ACME-L02998
Sierra,Sexton,sierra.sexton@torreshogan.example.com,Torres-Hogan,CFO,Google Ads,google,cpc,msp_q3_pmax,MSP,NY,94,2026-09-30,lead,ACME-L02999
Richard,Perkins,richard.perkins@rossllc.example.com,Ross LLC,CFO,Google Ads,google,cpc,msp_q3_search,MSP,NJ,66,2026-09-30,lead,ACME-L03000
Blake,Walker,blake.walker@kleinmiller.example.com,Klein-Miller,Operations Manager,Google Ads,google,cpc,msp_q3_search,MSP,MA,67,2026-09-30,lead,ACME-L03001
James,Delacruz,james.delacruz@meyerltd.example.com,Meyer Ltd,Owner,Google Ads,google,cpc,msp_q3_pmax,MSP,NY,67,2026-09-30,lead,ACME-L03002
Scott,Benton,scott.benton@ayalaacostaandmeyer.example.com,Ayala Acosta and Meyer,COO,Google Ads,google,cpc,msp_q3_search,MSP,MA,67,2026-09-30,lead,ACME-L03003
Janice,Smith,janice.smith@allisonrogersanddoyle.example.com,Allison Rogers and Doyle,Practice Manager,Google Ads,google,cpc,,MSP,FL,94,2026-09-30,lead,ACME-L03004
Nicole,Murphy,nicole.murphy@curtisbates.example.com,Curtis-Bates,IT Manager,Outbound,,,,MSP,TX,72,2026-09-30,lead,ACME-L03005
Krista,Ponce,krista.ponce@alvarezllc.example.com,Alvarez LLC,IT Manager,Referral,,,,MSP,NY,100,2026-09-30,lead,ACME-L03006
