Email,Activity date,Call outcome,Call title,Activity ID (source)
nicole.daniel@lewishallandgonzalez.example.com,2026-04-01 13:48:51,No answer,Sales call,ACME-A000007
mark.walker@patelplc.example.com,2026-04-01 15:30:07,No answer,Sales call,ACME-A000009
zachary.holmes@ayalaryanandmurillo.example.com,2026-04-01 16:24:50,No answer,Sales call,ACME-A000010
diana.wright@clarkinc.example.com,2026-04-01 16:50:47,No answer,Sales call,ACME-A000012
cynthia.garrett@lewisltd.example.com,2026-04-01 19:18:10,Connected,Sales call,ACME-A000014
katherine.hernandez@huntandsons.example.com,2026-04-01 19:44:29,No answer,Sales call,ACME-A000015
daniel.jones@stephensmartinandsimmons.example.com,2026-04-01 20:26:41,Connected,Sales call,ACME-A000016
aaron.christensen@stewartlarsen.example.com,2026-04-01 20:51:03,Left voicemail,Sales call,ACME-A000017
billy.carter@pittmanllc.example.com,2026-04-02 11:59:03,Connected,Sales call,ACME-A000021
james.small@wilsonpriceanddawson.example.com,2026-04-02 12:08:33,Left voicemail,Sales call,ACME-A000022
emily.nelson@robertsplc.example.com,2026-04-02 13:25:04,No answer,Sales call,ACME-A000023
billy.carter@pittmanllc.example.com,2026-04-02 13:44:16,No answer,Sales call,ACME-A000024
stacey.mccoy@serranoinc.example.com,2026-04-02 13:48:26,No answer,Sales call,ACME-A000025
sean.smith@johnstonsellers.example.com,2026-04-02 16:19:33,Left voicemail,Sales call,ACME-A000028
alejandro.schwartz@aguilarandsons.example.com,2026-04-02 16:51:39,Left voicemail,Sales call,ACME-A000029
ronald.lozano@masseybenjaminandharris.example.com,2026-04-02 17:18:41,Left voicemail,Sales call,ACME-A000030
tracy.villegas@osborneprice.example.com,2026-04-02 21:20:27,Left voicemail,Sales call,ACME-A000033
shannon.goodwin@mahoneygroup.example.com,2026-04-02 21:28:45,Connected,Sales call,ACME-A000034
kimberly.chavez@martinphamandwoods.example.com,2026-04-02 21:43:00,Connected,Sales call,ACME-A000035
kristen.hall@bankschanandharrison.example.com,2026-04-02 21:53:16,Connected,Sales call,ACME-A000036
james.small@wilsonpriceanddawson.example.com,2026-04-03 00:39:02,Connected,Sales call,ACME-A000037
caleb.george@ellisvalentineandbrownin.example.com,2026-04-03 00:56:16,Left voicemail,Sales call,ACME-A000038
charles.mason@jacksonandsons.example.com,2026-04-03 09:57:45,Connected,Sales call,ACME-A000043
robert.martinez@johnsonltd.example.com,2026-04-03 11:22:24,Connected,Sales call,ACME-A000044
cynthia.lamb@frankgiles.example.com,2026-04-03 14:50:31,Connected,Sales call,ACME-A000048
tyler.robles@petersonbell.example.com,2026-04-03 15:47:53,No answer,Sales call,ACME-A000051
kelly.allen@johnsonandsons.example.com,2026-04-03 15:48:53,No answer,Sales call,ACME-A000052
courtney.schmidt@whitellc.example.com,2026-04-03 15:48:56,Left voicemail,Sales call,ACME-A000053
carl.roy@millerchase.example.com,2026-04-03 16:18:54,Left voicemail,Sales call,ACME-A000055
christina.hernandez@jonesandsons.example.com,2026-04-03 16:36:44,No answer,Sales call,ACME-A000056
kelly.allen@johnsonandsons.example.com,2026-04-03 19:54:56,Connected,Sales call,ACME-A000059
carrie.johnson@bensonharper.example.com,2026-04-03 20:32:47,No answer,Sales call,ACME-A000060
robert.spencer@townsendclarkandgraham.example.com,2026-04-03 22:02:11,Connected,Sales call,ACME-A000061
ronald.lozano@masseybenjaminandharris.example.com,2026-04-03 22:53:06,No answer,Sales call,ACME-A000063
emily.nelson@robertsplc.example.com,2026-04-04 13:31:32,No answer,Sales call,ACME-A000069
deanna.stephenson@turnermurrayandhaley.example.com,2026-04-04 15:19:37,No answer,Sales call,ACME-A000070
thomas.anderson@millerwaltonandchen.example.com,2026-04-04 17:22:27,Left voicemail,Sales call,ACME-A000071
kimberly.chavez@martinphamandwoods.example.com,2026-04-04 22:02:41,No answer,Sales call,ACME-A000072
james.small@wilsonpriceanddawson.example.com,2026-04-04 23:30:05,No answer,Sales call,ACME-A000073
jennifer.huffman@buchananplc.example.com,2026-04-05 02:23:02,Connected,Sales call,ACME-A000074
lauren.bonilla@mccormickcook.example.com,2026-04-05 05:19:49,No answer,Sales call,ACME-A000075
susan.jones@brooksbarnes.example.com,2026-04-05 06:16:56,Left voicemail,Sales call,ACME-A000076
nicole.daniel@lewishallandgonzalez.example.com,2026-04-05 07:30:40,Left voicemail,Sales call,ACME-A000077
shannon.goodwin@mahoneygroup.example.com,2026-04-05 11:15:32,No answer,Sales call,ACME-A000079
brian.barber@robertskemp.example.com,2026-04-05 11:36:15,Connected,Sales call,ACME-A000081
gabriel.callahan@millercollinsandblair.example.com,2026-04-05 14:50:23,Left voicemail,Sales call,ACME-A000083
jeffrey.perez@friedmandiaz.example.com,2026-04-05 16:45:12,Connected,Sales call,ACME-A000084
james.pope@oliverinc.example.com,2026-04-05 20:02:21,Left voicemail,Sales call,ACME-A000085
gary.collins@walkerandsons.example.com,2026-04-06 02:52:35,No answer,Sales call,ACME-A000089
thomas.lamb@davisfoxandreese.example.com,2026-04-06 03:08:27,Connected,Sales call,ACME-A000090
andrew.taylor@hamiltonwagner.example.com,2026-04-06 03:34:03,Connected,Sales call,ACME-A000091
timothy.todd@stokesdavis.example.com,2026-04-06 07:10:42,No answer,Sales call,ACME-A000093
carrie.johnson@bensonharper.example.com,2026-04-06 08:40:43,Connected,Sales call,ACME-A000094
michael.martin@adamslopezanddecker.example.com,2026-04-06 11:11:03,No answer,Sales call,ACME-A000095
sarah.jones@murraymartin.example.com,2026-04-06 13:04:19,Left voicemail,Sales call,ACME-A000096
andrea.jackson@boothwashingtonandbarr.example.com,2026-04-06 14:18:58,Left voicemail,Sales call,ACME-A000098
james.delgado@huynhllc.example.com,2026-04-06 14:50:33,Connected,Sales call,ACME-A000101
brittany.alexander@rhodesllc.example.com,2026-04-06 15:35:05,No answer,Sales call,ACME-A000103
barbara.ward@bakermooney.example.com,2026-04-06 18:27:14,No answer,Sales call,ACME-A000106
charles.caldwell@jonesallen.example.com,2026-04-06 19:07:04,Connected,Sales call,ACME-A000107
daniel.lopez@alvaradosmith.example.com,2026-04-06 20:03:15,No answer,Sales call,ACME-A000108
travis.stewart@cookjackson.example.com,2026-04-06 20:17:45,No answer,Sales call,ACME-A000109
lance.allen@salazarharrison.example.com,2026-04-06 20:52:16,Left voicemail,Sales call,ACME-A000110
billy.carter@pittmanllc.example.com,2026-04-07 01:00:41,Left voicemail,Sales call,ACME-A000112
makayla.martin@hughesstrongandoliver.example.com,2026-04-07 02:39:28,No answer,Sales call,ACME-A000114
carolyn.gray@melendezleeandprice.example.com,2026-04-07 10:11:31,No answer,Sales call,ACME-A000120
emily.nelson@robertsplc.example.com,2026-04-07 11:05:05,No answer,Sales call,ACME-A000121
andrea.ball@gentryshepard.example.com,2026-04-07 12:10:49,Connected,Sales call,ACME-A000124
brandon.doyle@wardlucasandsmith.example.com,2026-04-07 16:58:49,Connected,Sales call,ACME-A000128
kelly.allen@johnsonandsons.example.com,2026-04-07 17:00:40,No answer,Sales call,ACME-A000129
daniel.lopez@alvaradosmith.example.com,2026-04-07 17:40:40,Connected,Sales call,ACME-A000130
michael.snow@walkerhughesanddunn.example.com,2026-04-07 18:26:48,Left voicemail,Sales call,ACME-A000131
kelly.allen@johnsonandsons.example.com,2026-04-07 19:58:26,Connected,Sales call,ACME-A000133
sarah.gonzales@millergarza.example.com,2026-04-07 22:15:51,No answer,Sales call,ACME-A000138
lisa.thomas@leemayandle.example.com,2026-04-07 22:42:57,Left voicemail,Sales call,ACME-A000139
sara.cruz@osborneinc.example.com,2026-04-08 00:51:15,No answer,Sales call,ACME-A000143
mario.austin@bishopking.example.com,2026-04-08 06:31:08,Connected,Sales call,ACME-A000145
deanna.stephenson@turnermurrayandhaley.example.com,2026-04-08 09:29:48,Connected,Sales call,ACME-A000150
andrew.montgomery@griffingonzales.example.com,2026-04-08 11:04:23,No answer,Sales call,ACME-A000151
kevin.harding@kimgallagherandgarcia.example.com,2026-04-08 12:02:35,Left voicemail,Sales call,ACME-A000152
zoe.johnson@morganwilliams.example.com,2026-04-08 12:49:53,Connected,Sales call,ACME-A000154
judy.jackson@moorecameronandbates.example.com,2026-04-08 15:50:32,Connected,Sales call,ACME-A000158
jesse.richards@johnsontorres.example.com,2026-04-08 16:10:28,Connected,Sales call,ACME-A000159
adriana.schaefer@baileyandsons.example.com,2026-04-08 16:27:24,Connected,Sales call,ACME-A000160
jodi.perez@shaffergroup.example.com,2026-04-08 16:43:36,Connected,Sales call,ACME-A000161
alisha.lopez@taylorsmithandcollier.example.com,2026-04-08 18:06:35,Left voicemail,Sales call,ACME-A000164
alison.robinson@figueroacase.example.com,2026-04-08 18:47:46,No answer,Sales call,ACME-A000166
stacy.clark@boydjenkins.example.com,2026-04-08 19:16:05,No answer,Sales call,ACME-A000167
luke.washington@lindseyhowardandpena.example.com,2026-04-08 21:21:37,No answer,Sales call,ACME-A000169
sara.willis@brownfosteranderickson.example.com,2026-04-08 21:29:44,No answer,Sales call,ACME-A000170
james.diaz@wellswatsonandcalhoun.example.com,2026-04-08 23:30:50,Connected,Sales call,ACME-A000172
timothy.frank@brownflemingandschmidt.example.com,2026-04-08 23:58:48,Left voicemail,Sales call,ACME-A000173
stacy.clark@boydjenkins.example.com,2026-04-08 23:59:35,No answer,Sales call,ACME-A000174
brandon.doyle@wardlucasandsmith.example.com,2026-04-09 01:39:57,No answer,Sales call,ACME-A000176
thomas.beck@larsenllc.example.com,2026-04-09 09:06:43,Connected,Sales call,ACME-A000184
barry.pennington@lovelee.example.com,2026-04-09 11:28:11,Connected,Sales call,ACME-A000190
matthew.osborne@hensleyllc.example.com,2026-04-09 11:37:12,No answer,Sales call,ACME-A000191
zachary.phillips@elliswarnerandcruz.example.com,2026-04-09 13:23:50,No answer,Sales call,ACME-A000193
monique.frank@andersonhernandezanddixo.example.com,2026-04-09 14:22:35,No answer,Sales call,ACME-A000194
elizabeth.fuller@harrisplc.example.com,2026-04-09 15:51:09,Connected,Sales call,ACME-A000195
david.king@gillespiebrewerandtorres.example.com,2026-04-09 16:57:42,Connected,Sales call,ACME-A000199
andrea.ball@gentryshepard.example.com,2026-04-09 19:07:51,No answer,Sales call,ACME-A000203
cynthia.lamb@frankgiles.example.com,2026-04-09 19:33:27,No answer,Sales call,ACME-A000204
kenneth.hill@nortonltd.example.com,2026-04-09 19:51:27,Connected,Sales call,ACME-A000205
taylor.phillips@fowlercardenasandcabrera.example.com,2026-04-09 20:15:44,Left voicemail,Sales call,ACME-A000207
stacy.luna@lynchstewart.example.com,2026-04-09 20:38:47,Left voicemail,Sales call,ACME-A000208
david.king@gillespiebrewerandtorres.example.com,2026-04-09 20:54:18,Connected,Sales call,ACME-A000209
danielle.watson@cabrerawhiteandperkins.example.com,2026-04-09 22:15:26,No answer,Sales call,ACME-A000212
brian.jacobson@wilsonirwin.example.com,2026-04-09 23:00:02,Left voicemail,Sales call,ACME-A000213
timothy.todd@stokesdavis.example.com,2026-04-09 23:04:56,Connected,Sales call,ACME-A000215
sheri.green@davidlyonsandmcdowell.example.com,2026-04-10 03:01:49,No answer,Sales call,ACME-A000219
margaret.pace@berryfrancisandmartin.example.com,2026-04-10 03:53:25,Connected,Sales call,ACME-A000222
makayla.martin@hughesstrongandoliver.example.com,2026-04-10 07:25:16,Left voicemail,Sales call,ACME-A000224
justin.walls@garciadavenport.example.com,2026-04-10 11:06:12,Left voicemail,Sales call,ACME-A000227
brian.jacobson@wilsonirwin.example.com,2026-04-10 11:27:04,Left voicemail,Sales call,ACME-A000228
joanne.cherry@cooperevans.example.com,2026-04-10 11:54:06,No answer,Sales call,ACME-A000229
james.greene@jensenltd.example.com,2026-04-10 14:28:42,Connected,Sales call,ACME-A000231
monica.lambert@millergroup.example.com,2026-04-10 15:12:35,No answer,Sales call,ACME-A000232
phillip.moore@diazjimenezandwalter.example.com,2026-04-10 15:32:02,No answer,Sales call,ACME-A000233
amber.duncan@robertsandsons.example.com,2026-04-10 15:32:57,Connected,Sales call,ACME-A000234
monique.johnson@finleyallison.example.com,2026-04-10 17:47:33,Connected,Sales call,ACME-A000236
angela.sullivan@millerbarajasandross.example.com,2026-04-10 20:54:32,Connected,Sales call,ACME-A000239
david.smith@robinsoninc.example.com,2026-04-10 22:16:20,Connected,Sales call,ACME-A000244
david.king@gillespiebrewerandtorres.example.com,2026-04-11 05:01:04,Left voicemail,Sales call,ACME-A000248
alyssa.harmon@gonzalezschwartz.example.com,2026-04-11 05:57:08,No answer,Sales call,ACME-A000249
daniel.lopez@alvaradosmith.example.com,2026-04-11 12:03:58,Connected,Sales call,ACME-A000253
virginia.powell@martingroup.example.com,2026-04-11 12:10:35,No answer,Sales call,ACME-A000254
timothy.sutton@snyderreyes.example.com,2026-04-11 15:53:53,No answer,Sales call,ACME-A000256
annette.crawford@johnsonllc.example.com,2026-04-11 17:07:12,Left voicemail,Sales call,ACME-A000259
emily.fisher@parkerjohnsonandjimenez.example.com,2026-04-11 17:59:41,No answer,Sales call,ACME-A000260
catherine.cox@leebrown.example.com,2026-04-11 19:55:19,Connected,Sales call,ACME-A000263
anna.ortega@smithpittmanandmcdonald.example.com,2026-04-11 19:58:51,Connected,Sales call,ACME-A000264
billy.carter@pittmanllc.example.com,2026-04-11 21:46:34,Left voicemail,Sales call,ACME-A000266
danielle.watson@cabrerawhiteandperkins.example.com,2026-04-11 22:39:29,No answer,Sales call,ACME-A000268
elizabeth.fuller@harrisplc.example.com,2026-04-11 23:16:58,No answer,Sales call,ACME-A000269
robert.long@orozcoharrisandwest.example.com,2026-04-11 23:49:55,No answer,Sales call,ACME-A000270
sonya.sullivan@atkinsonlowe.example.com,2026-04-12 01:17:18,No answer,Sales call,ACME-A000272
monique.frank@andersonhernandezanddixo.example.com,2026-04-12 01:19:26,No answer,Sales call,ACME-A000273
andrew.lloyd@moorekelley.example.com,2026-04-12 03:25:51,Connected,Sales call,ACME-A000275
daniel.jones@stephensmartinandsimmons.example.com,2026-04-12 06:00:26,Connected,Sales call,ACME-A000276
christine.hardin@johnsonltd.example.com,2026-04-12 10:26:44,Left voicemail,Sales call,ACME-A000278
billy.carter@pittmanllc.example.com,2026-04-12 11:09:32,Connected,Sales call,ACME-A000280
jessica.mendez@whitepalmerandcantu.example.com,2026-04-12 11:32:59,Connected,Sales call,ACME-A000281
nicole.schroeder@fisherperezandbowen.example.com,2026-04-12 14:52:56,Connected,Sales call,ACME-A000284
scott.romero@thomasbowman.example.com,2026-04-12 15:34:41,Connected,Sales call,ACME-A000286
anthony.duncan@barneswright.example.com,2026-04-12 17:46:06,Left voicemail,Sales call,ACME-A000288
danielle.riggs@wilkinsking.example.com,2026-04-13 01:29:15,Connected,Sales call,ACME-A000294
colton.griffin@lewisschaeferandramirez.example.com,2026-04-13 01:57:45,No answer,Sales call,ACME-A000295
renee.hammond@williamswolf.example.com,2026-04-13 04:02:11,No answer,Sales call,ACME-A000297
sara.willis@brownfosteranderickson.example.com,2026-04-13 04:43:59,No answer,Sales call,ACME-A000298
robin.mcclain@alexanderandsons.example.com,2026-04-13 05:09:35,No answer,Sales call,ACME-A000299
andrea.ball@gentryshepard.example.com,2026-04-13 05:45:53,Left voicemail,Sales call,ACME-A000300
jessica.mendez@whitepalmerandcantu.example.com,2026-04-13 08:03:30,No answer,Sales call,ACME-A000301
jill.rodriguez@brownhughesandgonzales.example.com,2026-04-13 08:52:56,Connected,Sales call,ACME-A000302
james.smith@myersgroup.example.com,2026-04-13 10:12:37,No answer,Sales call,ACME-A000303
brian.mcdonald@kennedyplc.example.com,2026-04-13 12:06:45,Left voicemail,Sales call,ACME-A000305
alan.galvan@andersoncrawford.example.com,2026-04-13 12:38:24,Left voicemail,Sales call,ACME-A000307
ricardo.holmes@cunninghaminc.example.com,2026-04-13 14:05:54,No answer,Sales call,ACME-A000310
duane.fischer@lucasdukeandbrown.example.com,2026-04-13 15:17:25,Left voicemail,Sales call,ACME-A000312
caitlin.perry@brownjohnson.example.com,2026-04-13 15:45:11,Connected,Sales call,ACME-A000314
james.cannon@brucejonesandsimpson.example.com,2026-04-13 15:52:52,Left voicemail,Sales call,ACME-A000315
kristy.kennedy@vasquezsimonandmayo.example.com,2026-04-13 15:54:06,No answer,Sales call,ACME-A000316
kathleen.levine@millsllc.example.com,2026-04-13 18:24:09,Left voicemail,Sales call,ACME-A000321
christopher.flores@weeksmccarthy.example.com,2026-04-13 20:16:48,No answer,Sales call,ACME-A000324
william.white@davidsonltd.example.com,2026-04-13 21:27:36,No answer,Sales call,ACME-A000327
theresa.williams@mezarayandsanders.example.com,2026-04-13 21:30:04,No answer,Sales call,ACME-A000328
krystal.steele@johnsonross.example.com,2026-04-13 21:59:22,Connected,Sales call,ACME-A000329
thomas.beck@larsenllc.example.com,2026-04-13 22:42:46,No answer,Sales call,ACME-A000330
patricia.burton@williamsltd.example.com,2026-04-13 23:07:01,Connected,Sales call,ACME-A000332
patricia.mcgee@davismcfarland.example.com,2026-04-13 23:09:49,No answer,Sales call,ACME-A000333
robin.mcclain@alexanderandsons.example.com,2026-04-14 00:55:22,No answer,Sales call,ACME-A000336
jennifer.smith@gonzalezflores.example.com,2026-04-14 01:34:16,No answer,Sales call,ACME-A000337
justin.montgomery@lesnyder.example.com,2026-04-14 02:03:17,No answer,Sales call,ACME-A000338
renee.lewis@diazinc.example.com,2026-04-14 02:07:08,Connected,Sales call,ACME-A000339
catherine.cox@leebrown.example.com,2026-04-14 03:37:36,Left voicemail,Sales call,ACME-A000340
nicole.parks@smithinc.example.com,2026-04-14 04:28:51,Connected,Sales call,ACME-A000341
ryan.wiggins@santosroseandpeck.example.com,2026-04-14 05:59:13,Connected,Sales call,ACME-A000342
emily.fisher@parkerjohnsonandjimenez.example.com,2026-04-14 09:08:20,Left voicemail,Sales call,ACME-A000344
brian.jacobson@wilsonirwin.example.com,2026-04-14 12:06:11,Left voicemail,Sales call,ACME-A000348
jerry.santos@youngavila.example.com,2026-04-14 14:41:26,Left voicemail,Sales call,ACME-A000353
ryan.wiggins@santosroseandpeck.example.com,2026-04-14 16:55:54,No answer,Sales call,ACME-A000354
patricia.vaughn@huntrodriguez.example.com,2026-04-14 17:50:28,Connected,Sales call,ACME-A000356
brian.tran@davidllc.example.com,2026-04-14 18:22:48,No answer,Sales call,ACME-A000357
andre.davis@whitewoodardandadams.example.com,2026-04-14 19:28:39,No answer,Sales call,ACME-A000361
barry.pennington@lovelee.example.com,2026-04-14 20:06:13,Connected,Sales call,ACME-A000365
david.reynolds@silvaperezandwhite.example.com,2026-04-14 20:49:19,Left voicemail,Sales call,ACME-A000366
jesus.murray@masongrayandhenson.example.com,2026-04-14 21:06:27,No answer,Sales call,ACME-A000367
peter.savage@andersonwright.example.com,2026-04-14 21:23:12,No answer,Sales call,ACME-A000369
jennifer.smith@williamsprestonandlogan.example.com,2026-04-14 22:17:45,Left voicemail,Sales call,ACME-A000371
amy.waters@thomashesterandrobles.example.com,2026-04-14 22:23:33,Left voicemail,Sales call,ACME-A000372
julie.walker@heberthuangandquinn.example.com,2026-04-14 22:34:02,Left voicemail,Sales call,ACME-A000373
justin.walls@garciadavenport.example.com,2026-04-14 23:58:53,Left voicemail,Sales call,ACME-A000375
elizabeth.fuller@harrisplc.example.com,2026-04-15 00:03:26,No answer,Sales call,ACME-A000377
nichole.jordan@jonesltd.example.com,2026-04-15 01:45:54,Left voicemail,Sales call,ACME-A000379
alisha.lopez@taylorsmithandcollier.example.com,2026-04-15 01:57:04,No answer,Sales call,ACME-A000380
lance.allen@salazarharrison.example.com,2026-04-15 03:36:04,No answer,Sales call,ACME-A000384
maria.gaines@joneskellyandsanchez.example.com,2026-04-15 04:19:29,Connected,Sales call,ACME-A000386
sarah.gonzales@millergarza.example.com,2026-04-15 06:52:28,Connected,Sales call,ACME-A000387
mark.boyd@mooremooreandwright.example.com,2026-04-15 06:54:49,No answer,Sales call,ACME-A000388
robert.spencer@townsendclarkandgraham.example.com,2026-04-15 08:04:55,No answer,Sales call,ACME-A000390
daniel.anderson@cochrangroup.example.com,2026-04-15 10:07:51,Connected,Sales call,ACME-A000391
andrea.ball@gentryshepard.example.com,2026-04-15 10:37:25,Left voicemail,Sales call,ACME-A000393
andrea.ball@gentryshepard.example.com,2026-04-15 11:53:20,No answer,Sales call,ACME-A000394
marvin.malone@piercechavez.example.com,2026-04-15 15:49:44,No answer,Sales call,ACME-A000398
alexander.barnes@brownhillandross.example.com,2026-04-15 15:58:01,No answer,Sales call,ACME-A000399
james.cannon@brucejonesandsimpson.example.com,2026-04-15 16:16:49,No answer,Sales call,ACME-A000400
christine.robinson@bautistarodriguezandcarl.example.com,2026-04-15 19:30:45,Connected,Sales call,ACME-A000404
brian.mcdonald@kennedyplc.example.com,2026-04-15 19:33:06,Connected,Sales call,ACME-A000405
julie.stephenson@butlerwilliams.example.com,2026-04-15 20:52:19,Connected,Sales call,ACME-A000406
maria.gaines@joneskellyandsanchez.example.com,2026-04-15 21:10:25,Connected,Sales call,ACME-A000407
timothy.todd@stokesdavis.example.com,2026-04-15 23:02:15,Left voicemail,Sales call,ACME-A000408
charles.mason@jacksonandsons.example.com,2026-04-15 23:56:21,No answer,Sales call,ACME-A000410
keith.shepherd@leegroup.example.com,2026-04-16 00:15:29,Left voicemail,Sales call,ACME-A000411
willie.thomas@bradleypittsandwoodard.example.com,2026-04-16 01:50:49,No answer,Sales call,ACME-A000414
jodi.perez@shaffergroup.example.com,2026-04-16 03:03:22,Left voicemail,Sales call,ACME-A000416
daniel.baldwin@pottsjonesandmckenzie.example.com,2026-04-16 03:32:43,Left voicemail,Sales call,ACME-A000417
andrea.ball@gentryshepard.example.com,2026-04-16 05:13:13,Connected,Sales call,ACME-A000419
christopher.brown@calhounduncanandgraves.example.com,2026-04-16 05:24:50,Left voicemail,Sales call,ACME-A000420
andrea.jackson@boothwashingtonandbarr.example.com,2026-04-16 08:49:59,No answer,Sales call,ACME-A000423
timothy.miller@kaiserowens.example.com,2026-04-16 09:26:17,Left voicemail,Sales call,ACME-A000424
carolyn.holmes@wheelerlane.example.com,2026-04-16 10:21:13,Connected,Sales call,ACME-A000426
zachary.wilcox@batesbriggs.example.com,2026-04-16 12:12:40,Left voicemail,Sales call,ACME-A000427
joanne.paul@nicholsonholmes.example.com,2026-04-16 12:30:05,Connected,Sales call,ACME-A000428
catherine.madden@warnerwilcoxandrivera.example.com,2026-04-16 12:31:46,Connected,Sales call,ACME-A000429
james.morse@williamsevansandsmith.example.com,2026-04-16 12:55:42,No answer,Sales call,ACME-A000430
timothy.morales@sanderslong.example.com,2026-04-16 13:48:20,Connected,Sales call,ACME-A000432
amy.waters@thomashesterandrobles.example.com,2026-04-16 14:08:25,Left voicemail,Sales call,ACME-A000433
bethany.prince@bartonhall.example.com,2026-04-16 15:26:21,Connected,Sales call,ACME-A000438
robert.patton@fullergarcia.example.com,2026-04-16 18:49:31,No answer,Sales call,ACME-A000444
renee.hammond@williamswolf.example.com,2026-04-16 18:59:59,No answer,Sales call,ACME-A000445
victoria.walker@watsonandsons.example.com,2026-04-16 19:40:43,Connected,Sales call,ACME-A000446
james.bishop@barnetttaylor.example.com,2026-04-16 21:10:18,No answer,Sales call,ACME-A000449
michael.rivera@woodsltd.example.com,2026-04-16 21:51:58,Connected,Sales call,ACME-A000451
lauren.bonilla@mccormickcook.example.com,2026-04-16 23:51:03,Connected,Sales call,ACME-A000454
sonya.sullivan@atkinsonlowe.example.com,2026-04-17 00:30:17,Left voicemail,Sales call,ACME-A000455
anthony.duncan@barneswright.example.com,2026-04-17 02:51:18,No answer,Sales call,ACME-A000456
james.morse@williamsevansandsmith.example.com,2026-04-17 03:25:05,Left voicemail,Sales call,ACME-A000458
robert.long@orozcoharrisandwest.example.com,2026-04-17 05:11:08,No answer,Sales call,ACME-A000459
tina.hood@sullivanllc.example.com,2026-04-17 08:27:19,Left voicemail,Sales call,ACME-A000462
sally.sanders@pagetran.example.com,2026-04-17 11:17:00,Connected,Sales call,ACME-A000467
brandon.doyle@wardlucasandsmith.example.com,2026-04-17 13:32:32,No answer,Sales call,ACME-A000473
tammy.robinson@thomasandrade.example.com,2026-04-17 14:38:52,No answer,Sales call,ACME-A000474
nichole.oconnell@moraleshoffmanandandrews.example.com,2026-04-17 15:11:28,Left voicemail,Sales call,ACME-A000475
darin.schmidt@connerllc.example.com,2026-04-17 16:17:34,Connected,Sales call,ACME-A000476
curtis.wells@stokesvaldezandritter.example.com,2026-04-17 16:39:28,Left voicemail,Sales call,ACME-A000477
daniel.johnson@wrightandsons.example.com,2026-04-17 17:23:48,Connected,Sales call,ACME-A000480
melissa.compton@myersplc.example.com,2026-04-17 17:25:54,Left voicemail,Sales call,ACME-A000481
jerry.santos@youngavila.example.com,2026-04-17 19:04:30,Left voicemail,Sales call,ACME-A000483
thomas.lamb@davisfoxandreese.example.com,2026-04-17 19:26:22,No answer,Sales call,ACME-A000485
daniel.howell@thomasinc.example.com,2026-04-17 21:49:52,Connected,Sales call,ACME-A000486
judy.chavez@mcgeemarshall.example.com,2026-04-17 22:26:25,Connected,Sales call,ACME-A000487
david.olson@garcianguyenandscott.example.com,2026-04-17 22:50:18,Connected,Sales call,ACME-A000489
wesley.harris@jameswells.example.com,2026-04-18 01:11:21,No answer,Sales call,ACME-A000493
travis.stewart@cookjackson.example.com,2026-04-18 08:52:54,Connected,Sales call,ACME-A000499
barbara.ward@bakermooney.example.com,2026-04-18 14:46:01,Connected,Sales call,ACME-A000504
jermaine.ortiz@rhodesplc.example.com,2026-04-18 15:39:29,No answer,Sales call,ACME-A000505
brian.jacobson@wilsonirwin.example.com,2026-04-18 19:04:25,Left voicemail,Sales call,ACME-A000508
kelly.hunt@beasleyfisherandmoore.example.com,2026-04-18 19:23:42,Left voicemail,Sales call,ACME-A000510
christian.miller@ramosrodriguez.example.com,2026-04-18 21:20:03,Left voicemail,Sales call,ACME-A000512
theresa.williams@mezarayandsanders.example.com,2026-04-18 22:43:26,Left voicemail,Sales call,ACME-A000514
victoria.walker@watsonandsons.example.com,2026-04-19 00:28:26,No answer,Sales call,ACME-A000516
james.diaz@wellswatsonandcalhoun.example.com,2026-04-19 00:43:59,Connected,Sales call,ACME-A000517
melissa.compton@myersplc.example.com,2026-04-19 01:49:01,No answer,Sales call,ACME-A000520
dustin.stone@jenkinsinc.example.com,2026-04-19 01:52:51,No answer,Sales call,ACME-A000521
brent.grant@grayinc.example.com,2026-04-19 02:00:55,Connected,Sales call,ACME-A000522
thomas.hardy@smithlloydandjackson.example.com,2026-04-19 02:22:47,Connected,Sales call,ACME-A000523
dustin.stone@jenkinsinc.example.com,2026-04-19 06:40:43,Left voicemail,Sales call,ACME-A000526
timothy.morales@sanderslong.example.com,2026-04-19 08:16:13,Left voicemail,Sales call,ACME-A000527
alan.galvan@andersoncrawford.example.com,2026-04-19 08:36:56,Left voicemail,Sales call,ACME-A000528
mark.gregory@pearsonharrisandsmith.example.com,2026-04-19 08:50:25,Left voicemail,Sales call,ACME-A000529
emily.fisher@parkerjohnsonandjimenez.example.com,2026-04-19 10:15:48,No answer,Sales call,ACME-A000530
andrea.jackson@boothwashingtonandbarr.example.com,2026-04-19 11:13:18,Connected,Sales call,ACME-A000531
robert.sexton@smithgamble.example.com,2026-04-19 14:19:00,No answer,Sales call,ACME-A000534
william.brown@hollandperryandaustin.example.com,2026-04-19 14:24:58,Left voicemail,Sales call,ACME-A000535
willie.thomas@bradleypittsandwoodard.example.com,2026-04-19 14:49:00,Left voicemail,Sales call,ACME-A000536
james.robles@morganfisherandfleming.example.com,2026-04-19 18:17:56,No answer,Sales call,ACME-A000543
brianna.harris@gutierrezllc.example.com,2026-04-19 19:31:42,No answer,Sales call,ACME-A000544
elizabeth.fuller@harrisplc.example.com,2026-04-19 20:38:31,Left voicemail,Sales call,ACME-A000545
ian.campbell@smithplc.example.com,2026-04-19 20:59:00,No answer,Sales call,ACME-A000546
makayla.martin@hughesstrongandoliver.example.com,2026-04-19 21:40:44,Left voicemail,Sales call,ACME-A000547
jeffrey.perez@friedmandiaz.example.com,2026-04-19 23:31:03,Left voicemail,Sales call,ACME-A000555
kimberly.chavez@martinphamandwoods.example.com,2026-04-20 00:43:59,Connected,Sales call,ACME-A000556
taylor.phillips@fowlercardenasandcabrera.example.com,2026-04-20 01:23:58,Connected,Sales call,ACME-A000558
david.reynolds@silvaperezandwhite.example.com,2026-04-20 08:33:30,Connected,Sales call,ACME-A000563
melanie.bryant@stoneinc.example.com,2026-04-20 08:43:07,No answer,Sales call,ACME-A000565
zachary.phillips@elliswarnerandcruz.example.com,2026-04-20 11:06:22,No answer,Sales call,ACME-A000568
wendy.cox@butlerlin.example.com,2026-04-20 13:34:20,No answer,Sales call,ACME-A000572
lori.donaldson@smithstevens.example.com,2026-04-20 13:48:41,No answer,Sales call,ACME-A000573
joseph.small@hallandsons.example.com,2026-04-20 14:22:58,Connected,Sales call,ACME-A000574
phillip.hunter@reynoldssimpsonanddavenp.example.com,2026-04-20 14:54:46,Left voicemail,Sales call,ACME-A000575
william.woodard@jensenreynolds.example.com,2026-04-20 15:03:38,No answer,Sales call,ACME-A000576
christopher.evans@haleandsons.example.com,2026-04-20 15:39:53,Connected,Sales call,ACME-A000577
jeremy.perez@wilkersonweaver.example.com,2026-04-20 15:57:31,Connected,Sales call,ACME-A000578
sheila.schneider@princeandsons.example.com,2026-04-20 18:38:13,No answer,Sales call,ACME-A000582
brenda.bray@burkellc.example.com,2026-04-20 18:44:51,Connected,Sales call,ACME-A000583
sheila.wang@jimenezinc.example.com,2026-04-20 19:02:22,Connected,Sales call,ACME-A000584
joshua.martinez@snydermason.example.com,2026-04-20 19:21:24,Connected,Sales call,ACME-A000586
joshua.white@williamsortiz.example.com,2026-04-21 00:08:24,Left voicemail,Sales call,ACME-A000591
jacob.hayes@laneandsons.example.com,2026-04-21 02:15:30,No answer,Sales call,ACME-A000595
thomas.hardy@smithlloydandjackson.example.com,2026-04-21 02:44:45,No answer,Sales call,ACME-A000596
kristy.kennedy@vasquezsimonandmayo.example.com,2026-04-21 03:09:39,No answer,Sales call,ACME-A000597
catherine.murphy@carsonmejia.example.com,2026-04-21 03:42:49,Connected,Sales call,ACME-A000598
carolyn.holmes@wheelerlane.example.com,2026-04-21 06:48:44,Connected,Sales call,ACME-A000601
thomas.anderson@millerwaltonandchen.example.com,2026-04-21 09:57:29,Left voicemail,Sales call,ACME-A000605
jennifer.gonzalez@boydandsons.example.com,2026-04-21 11:22:49,No answer,Sales call,ACME-A000607
judy.chavez@mcgeemarshall.example.com,2026-04-21 11:40:51,Connected,Sales call,ACME-A000608
christine.robinson@bautistarodriguezandcarl.example.com,2026-04-21 12:52:34,Connected,Sales call,ACME-A000610
katelyn.dickerson@wardgroup.example.com,2026-04-21 13:46:28,Connected,Sales call,ACME-A000612
denise.johnson@freemanplc.example.com,2026-04-21 14:18:32,No answer,Sales call,ACME-A000613
jerry.cook@norrisscott.example.com,2026-04-21 14:52:22,Left voicemail,Sales call,ACME-A000615
eric.henson@lopezandsons.example.com,2026-04-21 15:42:53,Connected,Sales call,ACME-A000617
kenneth.hill@nortonltd.example.com,2026-04-21 15:55:08,No answer,Sales call,ACME-A000618
patrick.willis@lopezplc.example.com,2026-04-21 16:24:04,Left voicemail,Sales call,ACME-A000619
adrienne.barker@garrisonburchandchavez.example.com,2026-04-21 16:34:51,Left voicemail,Sales call,ACME-A000620
francisco.contreras@sandersgroup.example.com,2026-04-21 17:45:36,Connected,Sales call,ACME-A000622
sarah.jones@murraymartin.example.com,2026-04-21 18:22:01,Connected,Sales call,ACME-A000623
robert.sexton@smithgamble.example.com,2026-04-21 18:59:48,No answer,Sales call,ACME-A000624
patricia.burton@williamsltd.example.com,2026-04-21 21:13:50,No answer,Sales call,ACME-A000628
anthony.ramirez@fordmillerandstewart.example.com,2026-04-21 21:15:27,No answer,Sales call,ACME-A000629
austin.perkins@wheelernorrisandjacobs.example.com,2026-04-22 00:33:54,No answer,Sales call,ACME-A000631
connor.hayes@brownleeandwilliams.example.com,2026-04-22 02:59:53,Connected,Sales call,ACME-A000633
ryan.wiggins@santosroseandpeck.example.com,2026-04-22 03:06:59,No answer,Sales call,ACME-A000634
robert.french@chaneyfieldsandwilliams.example.com,2026-04-22 03:31:46,Connected,Sales call,ACME-A000635
jason.davis@morrishunterandharris.example.com,2026-04-22 03:38:58,No answer,Sales call,ACME-A000636
lauren.bonilla@mccormickcook.example.com,2026-04-22 05:28:36,No answer,Sales call,ACME-A000638
patrick.willis@lopezplc.example.com,2026-04-22 08:20:50,Left voicemail,Sales call,ACME-A000642
michelle.oneal@millerplc.example.com,2026-04-22 09:37:16,No answer,Sales call,ACME-A000644
latoya.jackson@clarkgroup.example.com,2026-04-22 10:31:51,Connected,Sales call,ACME-A000646
brett.thomas@mejiaanderson.example.com,2026-04-22 13:15:57,No answer,Sales call,ACME-A000650
brian.nicholson@caincoffey.example.com,2026-04-22 13:39:52,Left voicemail,Sales call,ACME-A000652
danielle.watson@cabrerawhiteandperkins.example.com,2026-04-22 13:41:24,No answer,Sales call,ACME-A000653
andre.davis@whitewoodardandadams.example.com,2026-04-22 14:44:23,Connected,Sales call,ACME-A000657
zachary.phillips@elliswarnerandcruz.example.com,2026-04-22 15:16:10,Connected,Sales call,ACME-A000658
sabrina.arias@mcknighthughes.example.com,2026-04-22 16:06:03,No answer,Sales call,ACME-A000660
krystal.steele@johnsonross.example.com,2026-04-22 20:07:48,Connected,Sales call,ACME-A000662
christian.miller@ramosrodriguez.example.com,2026-04-22 23:11:24,No answer,Sales call,ACME-A000665
margaret.pace@berryfrancisandmartin.example.com,2026-04-22 23:20:53,No answer,Sales call,ACME-A000666
christine.craig@andersongroup.example.com,2026-04-23 04:19:25,Left voicemail,Sales call,ACME-A000669
daniel.bailey@smithyoungandwilliams.example.com,2026-04-23 04:46:48,No answer,Sales call,ACME-A000670
gary.collins@walkerandsons.example.com,2026-04-23 09:41:30,No answer,Sales call,ACME-A000673
tamara.clark@mosesmartinez.example.com,2026-04-23 10:07:38,Connected,Sales call,ACME-A000675
andrea.sims@masseywilsonandgreene.example.com,2026-04-23 11:41:55,Connected,Sales call,ACME-A000677
sandra.edwards@fieldsinc.example.com,2026-04-23 12:25:54,No answer,Sales call,ACME-A000679
lauren.bonilla@mccormickcook.example.com,2026-04-23 12:49:11,Connected,Sales call,ACME-A000680
matthew.osborne@hensleyllc.example.com,2026-04-23 14:07:09,Left voicemail,Sales call,ACME-A000681
teresa.aguilar@williamsplc.example.com,2026-04-23 14:17:15,Connected,Sales call,ACME-A000682
calvin.johnson@mullinswright.example.com,2026-04-23 14:18:35,No answer,Sales call,ACME-A000683
holly.lee@montoyajohnsonanddavis.example.com,2026-04-23 15:13:53,Connected,Sales call,ACME-A000686
erin.woodard@martinmayer.example.com,2026-04-23 15:45:36,No answer,Sales call,ACME-A000687
nicholas.wise@bennettltd.example.com,2026-04-23 16:19:55,No answer,Sales call,ACME-A000688
jerry.cook@norrisscott.example.com,2026-04-23 16:54:31,Left voicemail,Sales call,ACME-A000689
bradley.schmidt@wrightberger.example.com,2026-04-23 17:08:55,No answer,Sales call,ACME-A000690
gary.collins@walkerandsons.example.com,2026-04-23 18:28:09,No answer,Sales call,ACME-A000691
nicole.parks@smithinc.example.com,2026-04-23 19:26:53,Connected,Sales call,ACME-A000692
bruce.singh@nguyenstephensandflowers.example.com,2026-04-23 21:25:21,No answer,Sales call,ACME-A000695
zachary.wilcox@batesbriggs.example.com,2026-04-23 21:48:33,Connected,Sales call,ACME-A000697
kevin.bradley@kingpaul.example.com,2026-04-23 23:16:10,Connected,Sales call,ACME-A000699
mark.boyd@mooremooreandwright.example.com,2026-04-24 02:30:28,Left voicemail,Sales call,ACME-A000701
javier.brown@nguyennelsonandjohns.example.com,2026-04-24 03:09:23,No answer,Sales call,ACME-A000703
john.fox@lopezbrownandking.example.com,2026-04-24 03:55:28,Connected,Sales call,ACME-A000706
jennifer.anderson@riverallc.example.com,2026-04-24 09:42:30,Connected,Sales call,ACME-A000712
james.spence@holderplc.example.com,2026-04-24 12:50:14,No answer,Sales call,ACME-A000715
lisa.camacho@robertsandsons.example.com,2026-04-24 13:14:41,No answer,Sales call,ACME-A000716
julie.green@perkinsandsons.example.com,2026-04-24 14:20:38,Connected,Sales call,ACME-A000717
taylor.phillips@fowlercardenasandcabrera.example.com,2026-04-24 15:09:57,No answer,Sales call,ACME-A000720
lisa.rogers@russellgriffithandbrown.example.com,2026-04-24 15:19:27,No answer,Sales call,ACME-A000721
rachel.matthews@moralessaunders.example.com,2026-04-24 17:30:45,Left voicemail,Sales call,ACME-A000725
monique.kline@holmesguerrero.example.com,2026-04-24 18:30:10,No answer,Sales call,ACME-A000726
edward.horn@sandershaney.example.com,2026-04-24 19:04:27,No answer,Sales call,ACME-A000728
wendy.dennis@johnsoninc.example.com,2026-04-24 19:53:22,Connected,Sales call,ACME-A000729
thomas.hardy@smithlloydandjackson.example.com,2026-04-24 20:15:16,Connected,Sales call,ACME-A000730
jason.davis@morrishunterandharris.example.com,2026-04-24 20:45:20,No answer,Sales call,ACME-A000732
andrew.scott@harrisfloresandcoleman.example.com,2026-04-24 21:54:08,Connected,Sales call,ACME-A000733
michelle.allen@glassandsons.example.com,2026-04-24 23:31:38,Connected,Sales call,ACME-A000735
crystal.warner@adamsmccoy.example.com,2026-04-25 03:06:35,Left voicemail,Sales call,ACME-A000739
anthony.gutierrez@gordonyorkandmontgomery.example.com,2026-04-25 04:48:36,No answer,Sales call,ACME-A000741
brandon.doyle@wardlucasandsmith.example.com,2026-04-25 06:29:02,No answer,Sales call,ACME-A000743
scott.salazar@wolfinc.example.com,2026-04-25 07:05:58,Left voicemail,Sales call,ACME-A000744
anthony.duncan@barneswright.example.com,2026-04-25 12:32:23,Connected,Sales call,ACME-A000751
brian.nicholson@caincoffey.example.com,2026-04-25 12:43:43,Connected,Sales call,ACME-A000753
sally.sanders@pagetran.example.com,2026-04-25 13:02:32,No answer,Sales call,ACME-A000755
leah.graham@evansherrera.example.com,2026-04-25 14:09:36,Left voicemail,Sales call,ACME-A000756
andrea.jackson@boothwashingtonandbarr.example.com,2026-04-25 16:44:08,No answer,Sales call,ACME-A000759
danielle.riggs@wilkinsking.example.com,2026-04-25 17:58:19,No answer,Sales call,ACME-A000762
jenny.hudson@wolfemathewsandkim.example.com,2026-04-25 18:21:17,No answer,Sales call,ACME-A000764
hannah.walter@simsltd.example.com,2026-04-25 18:28:17,No answer,Sales call,ACME-A000765
william.white@davidsonltd.example.com,2026-04-25 18:58:28,Left voicemail,Sales call,ACME-A000767
meghan.jacobson@rodriguezbryanandhaynes.example.com,2026-04-25 20:18:02,Connected,Sales call,ACME-A000770
john.arnold@hamiltoninc.example.com,2026-04-25 20:36:52,No answer,Sales call,ACME-A000771
wesley.harris@jameswells.example.com,2026-04-25 22:45:17,Connected,Sales call,ACME-A000772
harold.nelson@wallacebellanddavis.example.com,2026-04-25 22:52:33,No answer,Sales call,ACME-A000773
jennifer.larson@glassevans.example.com,2026-04-25 23:43:42,Connected,Sales call,ACME-A000775
nichole.jordan@jonesltd.example.com,2026-04-26 05:05:52,Connected,Sales call,ACME-A000777
patrick.willis@lopezplc.example.com,2026-04-26 07:22:22,Connected,Sales call,ACME-A000780
robin.williams@jimenezcaldwellandwu.example.com,2026-04-26 07:27:46,No answer,Sales call,ACME-A000781
james.franklin@pierceeverettandthomas.example.com,2026-04-26 08:05:30,Left voicemail,Sales call,ACME-A000782
douglas.willis@parsonsdavisandmontoya.example.com,2026-04-26 08:40:13,Left voicemail,Sales call,ACME-A000783
judy.chavez@mcgeemarshall.example.com,2026-04-26 09:43:33,Connected,Sales call,ACME-A000784
robert.sexton@smithgamble.example.com,2026-04-26 11:58:27,Left voicemail,Sales call,ACME-A000787
joseph.poole@bradyltd.example.com,2026-04-26 17:01:51,Connected,Sales call,ACME-A000792
anthony.jenkins@foxpayne.example.com,2026-04-26 20:13:31,No answer,Sales call,ACME-A000797
amanda.kennedy@dorseyholdenandskinner.example.com,2026-04-26 20:30:35,Connected,Sales call,ACME-A000798
rebecca.bowers@millerplc.example.com,2026-04-26 20:58:17,Left voicemail,Sales call,ACME-A000799
sarah.gonzales@millergarza.example.com,2026-04-26 21:27:04,No answer,Sales call,ACME-A000800
nicholas.tapia@dixonbrownandgordon.example.com,2026-04-26 23:48:08,Connected,Sales call,ACME-A000801
carolyn.holmes@wheelerlane.example.com,2026-04-27 02:59:20,Connected,Sales call,ACME-A000804
nicole.oconnor@brownlongandvillanueva.example.com,2026-04-27 03:35:34,Connected,Sales call,ACME-A000805
travis.robles@baileyinc.example.com,2026-04-27 06:58:25,Left voicemail,Sales call,ACME-A000811
erin.woodard@martinmayer.example.com,2026-04-27 07:20:56,Left voicemail,Sales call,ACME-A000812
brad.jones@schwartzltd.example.com,2026-04-27 07:46:55,Connected,Sales call,ACME-A000813
calvin.johnson@mullinswright.example.com,2026-04-27 09:02:03,No answer,Sales call,ACME-A000816
joanna.moore@haysltd.example.com,2026-04-27 09:30:17,Connected,Sales call,ACME-A000817
jose.moran@rosariojensen.example.com,2026-04-27 13:10:56,No answer,Sales call,ACME-A000822
makayla.martin@hughesstrongandoliver.example.com,2026-04-27 14:19:43,Left voicemail,Sales call,ACME-A000824
anthony.duncan@barneswright.example.com,2026-04-27 15:09:30,Connected,Sales call,ACME-A000825
sandra.diaz@carrollhayesandmanning.example.com,2026-04-27 15:40:07,Left voicemail,Sales call,ACME-A000826
renee.lewis@diazinc.example.com,2026-04-27 16:49:26,Connected,Sales call,ACME-A000827
james.franklin@pierceeverettandthomas.example.com,2026-04-27 17:40:07,Connected,Sales call,ACME-A000828
juan.mcclure@littleinc.example.com,2026-04-27 20:20:54,Left voicemail,Sales call,ACME-A000837
leah.graham@evansherrera.example.com,2026-04-27 20:46:00,Connected,Sales call,ACME-A000838
francisco.contreras@sandersgroup.example.com,2026-04-27 21:00:06,Left voicemail,Sales call,ACME-A000839
robert.long@orozcoharrisandwest.example.com,2026-04-27 21:09:48,No answer,Sales call,ACME-A000840
cynthia.smith@schmidtllc.example.com,2026-04-27 22:23:25,No answer,Sales call,ACME-A000842
hunter.campos@nelsonbullock.example.com,2026-04-27 22:42:59,Connected,Sales call,ACME-A000843
stephanie.rice@blackandsons.example.com,2026-04-27 22:58:33,Connected,Sales call,ACME-A000845
james.spence@holderplc.example.com,2026-04-27 23:57:42,Left voicemail,Sales call,ACME-A000847
christopher.peterson@taylorlee.example.com,2026-04-28 00:18:20,Connected,Sales call,ACME-A000848
keith.shepherd@leegroup.example.com,2026-04-28 01:38:42,No answer,Sales call,ACME-A000851
alexis.quinn@vanginc.example.com,2026-04-28 02:55:58,Connected,Sales call,ACME-A000853
julia.duffy@smithgreenandyoung.example.com,2026-04-28 05:29:12,No answer,Sales call,ACME-A000858
patrick.willis@lopezplc.example.com,2026-04-28 06:48:28,Connected,Sales call,ACME-A000860
anthony.jenkins@foxpayne.example.com,2026-04-28 07:18:15,Connected,Sales call,ACME-A000861
sarah.gonzales@millergarza.example.com,2026-04-28 07:51:04,No answer,Sales call,ACME-A000862
barbara.mills@hoodltd.example.com,2026-04-28 09:41:22,Connected,Sales call,ACME-A000865
anthony.gill@gloverpatterson.example.com,2026-04-28 09:51:15,Left voicemail,Sales call,ACME-A000866
jonathan.rojas@pollardphillipsandjohnso.example.com,2026-04-28 11:10:33,No answer,Sales call,ACME-A000869
stephanie.pena@vaughnplc.example.com,2026-04-28 11:38:31,No answer,Sales call,ACME-A000871
jessica.juarez@calderonplc.example.com,2026-04-28 11:48:15,No answer,Sales call,ACME-A000872
jacqueline.matthews@figueroagroup.example.com,2026-04-28 12:50:09,No answer,Sales call,ACME-A000873
monica.casey@davislittle.example.com,2026-04-28 14:04:48,Left voicemail,Sales call,ACME-A000875
brandon.lopez@georgeschwartz.example.com,2026-04-28 16:12:44,No answer,Sales call,ACME-A000879
andrea.sims@masseywilsonandgreene.example.com,2026-04-28 16:25:51,Left voicemail,Sales call,ACME-A000880
allen.sparks@loveplc.example.com,2026-04-28 16:29:58,No answer,Sales call,ACME-A000881
caitlin.hunt@murraybowers.example.com,2026-04-28 18:44:03,Connected,Sales call,ACME-A000887
crystal.warner@adamsmccoy.example.com,2026-04-28 19:04:21,No answer,Sales call,ACME-A000889
annette.rodriguez@barrygutierrezandbrown.example.com,2026-04-28 20:35:03,Left voicemail,Sales call,ACME-A000891
lori.donaldson@smithstevens.example.com,2026-04-28 21:08:17,Connected,Sales call,ACME-A000892
jennifer.larson@glassevans.example.com,2026-04-28 21:24:44,Left voicemail,Sales call,ACME-A000893
monique.johnson@finleyallison.example.com,2026-04-28 21:30:21,Left voicemail,Sales call,ACME-A000894
colton.griffin@lewisschaeferandramirez.example.com,2026-04-29 04:37:21,No answer,Sales call,ACME-A000902
joseph.poole@bradyltd.example.com,2026-04-29 04:42:00,Connected,Sales call,ACME-A000903
david.fischer@schaefercastroandconley.example.com,2026-04-29 04:48:01,No answer,Sales call,ACME-A000904
scott.salazar@wolfinc.example.com,2026-04-29 06:04:09,Left voicemail,Sales call,ACME-A000905
christopher.fuller@reevesfoleyandblair.example.com,2026-04-29 06:18:17,Connected,Sales call,ACME-A000906
william.sandoval@diazlang.example.com,2026-04-29 06:54:12,Left voicemail,Sales call,ACME-A000908
jenny.hudson@wolfemathewsandkim.example.com,2026-04-29 07:23:32,No answer,Sales call,ACME-A000909
aaron.martinez@arnoldinc.example.com,2026-04-29 08:56:38,No answer,Sales call,ACME-A000911
james.spence@holderplc.example.com,2026-04-29 10:05:07,No answer,Sales call,ACME-A000912
craig.cruz@martinltd.example.com,2026-04-29 11:31:34,No answer,Sales call,ACME-A000913
richard.roberson@frankllc.example.com,2026-04-29 11:49:50,Left voicemail,Sales call,ACME-A000916
kimberly.vincent@robertslaneandhoward.example.com,2026-04-29 14:06:43,Left voicemail,Sales call,ACME-A000918
stacy.thomas@butlerortega.example.com,2026-04-29 14:32:37,No answer,Sales call,ACME-A000921
benjamin.wilson@peckbrownandbradley.example.com,2026-04-29 14:50:37,Connected,Sales call,ACME-A000922
christine.fuentes@marshallgriffin.example.com,2026-04-29 16:04:52,Left voicemail,Sales call,ACME-A000924
patrick.reese@bradygroup.example.com,2026-04-29 16:09:57,No answer,Sales call,ACME-A000925
jonathan.friedman@youngandsons.example.com,2026-04-29 16:12:38,Connected,Sales call,ACME-A000926
daniel.howard@bradleyllc.example.com,2026-04-29 17:37:31,Connected,Sales call,ACME-A000930
sarah.jones@parksltd.example.com,2026-04-29 18:02:19,Connected,Sales call,ACME-A000931
elizabeth.johnson@mitchellcruz.example.com,2026-04-29 18:37:26,Connected,Sales call,ACME-A000934
susan.mccall@martinezplc.example.com,2026-04-29 19:59:06,Connected,Sales call,ACME-A000936
robert.french@chaneyfieldsandwilliams.example.com,2026-04-29 21:09:45,No answer,Sales call,ACME-A000937
craig.cox@williamssmithandhernande.example.com,2026-04-29 21:23:48,No answer,Sales call,ACME-A000938
justin.owens@robinsonburnsandfletcher.example.com,2026-04-29 21:38:50,Left voicemail,Sales call,ACME-A000939
stephanie.pena@vaughnplc.example.com,2026-04-29 21:41:36,No answer,Sales call,ACME-A000940
curtis.wells@stokesvaldezandritter.example.com,2026-04-30 00:09:23,No answer,Sales call,ACME-A000943
catherine.bailey@mooreinc.example.com,2026-04-30 02:43:35,Left voicemail,Sales call,ACME-A000946
anthony.gill@gloverpatterson.example.com,2026-04-30 04:39:28,Connected,Sales call,ACME-A000947
thomas.anderson@millerwaltonandchen.example.com,2026-04-30 06:17:52,Left voicemail,Sales call,ACME-A000949
michael.wright@owensmclean.example.com,2026-04-30 07:54:10,No answer,Sales call,ACME-A000951
francisco.contreras@sandersgroup.example.com,2026-04-30 09:16:23,Connected,Sales call,ACME-A000953
jonathan.rojas@pollardphillipsandjohnso.example.com,2026-04-30 10:15:55,No answer,Sales call,ACME-A000954
nancy.yates@brownlamanddeleon.example.com,2026-04-30 10:35:57,Left voicemail,Sales call,ACME-A000955
nathaniel.rodriguez@williamsgroup.example.com,2026-04-30 11:27:28,No answer,Sales call,ACME-A000957
amy.waters@thomashesterandrobles.example.com,2026-04-30 11:41:58,No answer,Sales call,ACME-A000960
jenna.griffin@millerdavisandjimenez.example.com,2026-04-30 11:48:44,No answer,Sales call,ACME-A000961
tyrone.ryan@gravesandsons.example.com,2026-04-30 12:08:04,Left voicemail,Sales call,ACME-A000962
sarah.wright@brownholmesandrosario.example.com,2026-04-30 13:45:26,Connected,Sales call,ACME-A000964
meghan.calderon@oliverplc.example.com,2026-04-30 15:47:38,No answer,Sales call,ACME-A000968
eric.boyd@loganandsons.example.com,2026-04-30 16:37:05,No answer,Sales call,ACME-A000972
robert.howard@shieldsramirez.example.com,2026-04-30 17:08:39,Left voicemail,Sales call,ACME-A000973
krystal.smith@hughesandsons.example.com,2026-04-30 19:39:58,No answer,Sales call,ACME-A000976
jonathan.palmer@hoodinc.example.com,2026-04-30 19:43:57,Connected,Sales call,ACME-A000977
michael.jackson@boyerhortonandgreen.example.com,2026-04-30 19:50:12,Connected,Sales call,ACME-A000978
chelsea.mosley@cranegroup.example.com,2026-04-30 21:57:02,Left voicemail,Sales call,ACME-A000982
christopher.brown@calhounduncanandgraves.example.com,2026-05-01 00:49:59,No answer,Sales call,ACME-A000986
louis.good@morenocabreraandjackson.example.com,2026-05-01 01:28:27,Left voicemail,Sales call,ACME-A000987
mitchell.vasquez@perezcoleman.example.com,2026-05-01 01:57:25,No answer,Sales call,ACME-A000988
william.white@davidsonltd.example.com,2026-05-01 02:12:44,Left voicemail,Sales call,ACME-A000990
sarah.young@frenchltd.example.com,2026-05-01 04:27:41,Left voicemail,Sales call,ACME-A000993
tina.sandoval@carrplc.example.com,2026-05-01 05:19:22,Left voicemail,Sales call,ACME-A000995
timothy.caldwell@sullivanallen.example.com,2026-05-01 05:32:08,Left voicemail,Sales call,ACME-A000996
joshua.white@williamsortiz.example.com,2026-05-01 05:55:33,Left voicemail,Sales call,ACME-A000997
jennifer.goodman@mclaughlinmartinandwalke.example.com,2026-05-01 10:28:09,No answer,Sales call,ACME-A001002
anthony.ramirez@fordmillerandstewart.example.com,2026-05-01 11:03:43,No answer,Sales call,ACME-A001003
pamela.gonzales@perrywells.example.com,2026-05-01 12:08:19,No answer,Sales call,ACME-A001006
jenny.hudson@wolfemathewsandkim.example.com,2026-05-01 12:41:20,Connected,Sales call,ACME-A001008
jean.cox@hughesgroup.example.com,2026-05-01 13:03:27,Left voicemail,Sales call,ACME-A001009
justin.owens@robinsonburnsandfletcher.example.com,2026-05-01 14:50:07,No answer,Sales call,ACME-A001013
jay.johnson@valenzuelamiller.example.com,2026-05-01 15:22:40,No answer,Sales call,ACME-A001014
thomas.wilson@mosesguzman.example.com,2026-05-01 16:16:05,No answer,Sales call,ACME-A001016
donald.elliott@bellevansandwilkerson.example.com,2026-05-01 16:21:17,Connected,Sales call,ACME-A001018
deborah.kaiser@simonllc.example.com,2026-05-01 16:58:33,Connected,Sales call,ACME-A001021
angela.salinas@reedmiller.example.com,2026-05-01 17:57:32,Connected,Sales call,ACME-A001022
anthony.gutierrez@gordonyorkandmontgomery.example.com,2026-05-01 19:09:09,No answer,Sales call,ACME-A001025
crystal.acosta@walterfranklin.example.com,2026-05-02 01:49:44,Left voicemail,Sales call,ACME-A001032
kelly.brown@muellerknight.example.com,2026-05-02 03:49:16,No answer,Sales call,ACME-A001036
christopher.alvarado@moodyhall.example.com,2026-05-02 03:56:37,Connected,Sales call,ACME-A001037
william.russell@joneswilliams.example.com,2026-05-02 05:14:15,Connected,Sales call,ACME-A001038
david.owens@johnsonplc.example.com,2026-05-02 06:43:04,Connected,Sales call,ACME-A001040
joshua.martinez@snydermason.example.com,2026-05-02 08:45:29,No answer,Sales call,ACME-A001042
teresa.aguilar@williamsplc.example.com,2026-05-02 10:43:42,Connected,Sales call,ACME-A001045
linda.miller@mackparker.example.com,2026-05-02 10:47:31,No answer,Sales call,ACME-A001046
brian.pena@parkspaceandstokes.example.com,2026-05-02 12:52:11,No answer,Sales call,ACME-A001049
jennifer.smith@williamsprestonandlogan.example.com,2026-05-02 13:54:00,Connected,Sales call,ACME-A001051
holly.lee@montoyajohnsonanddavis.example.com,2026-05-02 17:30:30,Left voicemail,Sales call,ACME-A001052
blake.serrano@greeninc.example.com,2026-05-02 19:48:07,Connected,Sales call,ACME-A001054
aaron.martinez@arnoldinc.example.com,2026-05-02 23:31:36,Left voicemail,Sales call,ACME-A001057
hunter.campos@nelsonbullock.example.com,2026-05-03 01:02:37,Connected,Sales call,ACME-A001059
daniel.anderson@cochrangroup.example.com,2026-05-03 01:37:32,Left voicemail,Sales call,ACME-A001062
mary.miller@castrojohnsonandyates.example.com,2026-05-03 02:53:26,No answer,Sales call,ACME-A001065
kevin.farmer@davisllc.example.com,2026-05-03 04:16:24,Connected,Sales call,ACME-A001067
warren.macdonald@barberplc.example.com,2026-05-03 04:37:24,Connected,Sales call,ACME-A001068
rachael.reid@keithlara.example.com,2026-05-03 06:12:55,Connected,Sales call,ACME-A001070
alexis.quinn@vanginc.example.com,2026-05-03 07:33:47,Left voicemail,Sales call,ACME-A001072
benjamin.wilson@peckbrownandbradley.example.com,2026-05-03 07:49:16,No answer,Sales call,ACME-A001073
lisa.rogers@russellgriffithandbrown.example.com,2026-05-03 09:29:20,Connected,Sales call,ACME-A001075
andrew.sherman@bakerhernandez.example.com,2026-05-03 13:20:12,Left voicemail,Sales call,ACME-A001079
betty.rodriguez@fullerleonard.example.com,2026-05-03 13:54:44,Left voicemail,Sales call,ACME-A001081
kevin.warner@mcclureyoungandlee.example.com,2026-05-03 16:02:37,Left voicemail,Sales call,ACME-A001082
timothy.morales@sanderslong.example.com,2026-05-03 17:13:15,Left voicemail,Sales call,ACME-A001085
jonathan.lee@rodriguezschaeferandleon.example.com,2026-05-03 19:22:48,Connected,Sales call,ACME-A001086
craig.cox@williamssmithandhernande.example.com,2026-05-04 00:05:43,No answer,Sales call,ACME-A001092
bethany.prince@bartonhall.example.com,2026-05-04 00:20:15,Connected,Sales call,ACME-A001093
thomas.anderson@millerwaltonandchen.example.com,2026-05-04 01:09:31,Left voicemail,Sales call,ACME-A001094
jason.larsen@grahamsmithandmahoney.example.com,2026-05-04 01:50:02,Left voicemail,Sales call,ACME-A001096
julia.murphy@jacksonmuellerandgreer.example.com,2026-05-04 07:35:49,Connected,Sales call,ACME-A001103
timothy.crawford@daughertyosbornandmoody.example.com,2026-05-04 07:58:29,No answer,Sales call,ACME-A001104
tammy.robinson@thomasandrade.example.com,2026-05-04 08:00:07,Left voicemail,Sales call,ACME-A001105
kristin.peters@andersongonzalezandgardn.example.com,2026-05-04 09:03:45,Connected,Sales call,ACME-A001106
susan.davis@mitchellmyersandpeterson.example.com,2026-05-04 10:54:01,Connected,Sales call,ACME-A001107
michelle.murray@thompsonhaysandhumphrey.example.com,2026-05-04 11:35:17,Left voicemail,Sales call,ACME-A001110
patrick.hernandez@adamshendersonandfernand.example.com,2026-05-04 12:22:03,No answer,Sales call,ACME-A001112
william.lewis@brownperezandjohnson.example.com,2026-05-04 12:23:03,Connected,Sales call,ACME-A001113
michelle.tucker@smithjohnsonandmooney.example.com,2026-05-04 13:08:13,Connected,Sales call,ACME-A001114
karen.miller@hendricksltd.example.com,2026-05-04 14:59:18,Left voicemail,Sales call,ACME-A001117
harold.french@wrightnewton.example.com,2026-05-04 15:33:19,Connected,Sales call,ACME-A001120
michelle.tucker@smithjohnsonandmooney.example.com,2026-05-04 16:19:25,No answer,Sales call,ACME-A001122
christopher.silva@reyesltd.example.com,2026-05-04 16:29:57,No answer,Sales call,ACME-A001124
david.walker@alvaradowang.example.com,2026-05-04 17:05:59,Connected,Sales call,ACME-A001125
zachary.smith@crossthompson.example.com,2026-05-04 17:19:30,Left voicemail,Sales call,ACME-A001126
christine.foster@herringturner.example.com,2026-05-04 17:21:47,Connected,Sales call,ACME-A001127
benjamin.davis@colonwaltersandharmon.example.com,2026-05-04 17:44:54,No answer,Sales call,ACME-A001129
gregory.kelly@torreswilliams.example.com,2026-05-04 19:49:58,Left voicemail,Sales call,ACME-A001131
mary.hernandez@hillkirkandkramer.example.com,2026-05-04 20:06:18,Connected,Sales call,ACME-A001132
scott.moody@smithhinton.example.com,2026-05-04 20:57:47,No answer,Sales call,ACME-A001133
fernando.martin@johnsonreyes.example.com,2026-05-05 02:15:20,Connected,Sales call,ACME-A001141
erika.hernandez@hernandezplc.example.com,2026-05-05 02:29:49,No answer,Sales call,ACME-A001142
lisa.wang@johnsonjenkins.example.com,2026-05-05 03:20:57,Left voicemail,Sales call,ACME-A001143
jennifer.valenzuela@wilsonhouse.example.com,2026-05-05 03:41:54,No answer,Sales call,ACME-A001144
jonathan.friedman@youngandsons.example.com,2026-05-05 05:03:47,No answer,Sales call,ACME-A001145
jason.larsen@grahamsmithandmahoney.example.com,2026-05-05 05:20:50,No answer,Sales call,ACME-A001146
julia.murphy@jacksonmuellerandgreer.example.com,2026-05-05 05:40:26,Connected,Sales call,ACME-A001147
joseph.poole@bradyltd.example.com,2026-05-05 09:17:49,Left voicemail,Sales call,ACME-A001150
daniel.schwartz@millerinc.example.com,2026-05-05 10:12:00,No answer,Sales call,ACME-A001151
jennifer.murphy@huertabrownandmendez.example.com,2026-05-05 10:22:32,No answer,Sales call,ACME-A001152
jeff.sanchez@millerplc.example.com,2026-05-05 10:28:46,No answer,Sales call,ACME-A001153
karen.carroll@hayneswagnerandbrowning.example.com,2026-05-05 10:30:05,Left voicemail,Sales call,ACME-A001154
rhonda.garcia@lopezmoore.example.com,2026-05-05 10:42:19,Left voicemail,Sales call,ACME-A001156
robin.blackburn@vancejonesandparrish.example.com,2026-05-05 11:33:14,No answer,Sales call,ACME-A001157
rodney.ryan@howardllc.example.com,2026-05-05 12:50:54,Left voicemail,Sales call,ACME-A001160
richard.andrade@hendersoninc.example.com,2026-05-05 14:00:40,No answer,Sales call,ACME-A001161
abigail.maldonado@martinltd.example.com,2026-05-05 15:04:25,No answer,Sales call,ACME-A001164
brian.nicholson@caincoffey.example.com,2026-05-05 15:41:49,No answer,Sales call,ACME-A001165
bobby.scott@sanchezcarroll.example.com,2026-05-05 16:49:32,No answer,Sales call,ACME-A001166
james.higgins@trujilloblake.example.com,2026-05-05 17:52:38,Connected,Sales call,ACME-A001167
eric.bruce@frazierlongandalvarez.example.com,2026-05-05 18:30:36,Left voicemail,Sales call,ACME-A001168
brian.nicholson@caincoffey.example.com,2026-05-05 19:55:20,Connected,Sales call,ACME-A001171
chad.randolph@sanchezbakerandbryant.example.com,2026-05-05 22:00:09,No answer,Sales call,ACME-A001173
dustin.gardner@jenkinsevans.example.com,2026-05-05 22:25:42,Connected,Sales call,ACME-A001174
crystal.roy@poncemartinezandgordon.example.com,2026-05-06 00:13:14,Connected,Sales call,ACME-A001178
emily.richards@sanchezgroup.example.com,2026-05-06 01:52:16,No answer,Sales call,ACME-A001180
rebekah.miller@zimmermangroup.example.com,2026-05-06 02:31:08,Connected,Sales call,ACME-A001182
derrick.benton@bradyjohnsonandnguyen.example.com,2026-05-06 03:59:59,Left voicemail,Sales call,ACME-A001183
jean.cox@hughesgroup.example.com,2026-05-06 08:26:08,Left voicemail,Sales call,ACME-A001190
christopher.brown@calhounduncanandgraves.example.com,2026-05-06 09:14:56,No answer,Sales call,ACME-A001191
christine.carter@gomezgroup.example.com,2026-05-06 09:23:40,No answer,Sales call,ACME-A001192
nicholas.wise@bennettltd.example.com,2026-05-06 10:38:15,Connected,Sales call,ACME-A001194
mary.flores@griffithweeks.example.com,2026-05-06 10:41:49,Left voicemail,Sales call,ACME-A001196
kathryn.griffin@robinsonellis.example.com,2026-05-06 11:46:05,Left voicemail,Sales call,ACME-A001198
christopher.evans@haleandsons.example.com,2026-05-06 12:29:13,Left voicemail,Sales call,ACME-A001199
mark.shaw@beltranandersonandparris.example.com,2026-05-06 13:48:30,Connected,Sales call,ACME-A001202
claire.mccullough@morgangroup.example.com,2026-05-06 14:08:36,No answer,Sales call,ACME-A001204
gabrielle.riley@jordanmcbrideandsantos.example.com,2026-05-06 14:24:53,No answer,Sales call,ACME-A001205
clifford.koch@markscastilloandhernande.example.com,2026-05-06 15:33:33,Left voicemail,Sales call,ACME-A001208
michael.flores@powellmaldonado.example.com,2026-05-06 18:00:23,No answer,Sales call,ACME-A001211
meghan.calderon@oliverplc.example.com,2026-05-06 18:05:19,No answer,Sales call,ACME-A001212
christopher.thompson@bradleycollinsandprice.example.com,2026-05-06 18:19:54,No answer,Sales call,ACME-A001213
kristin.peters@andersongonzalezandgardn.example.com,2026-05-06 19:06:40,Left voicemail,Sales call,ACME-A001214
janice.aguilar@bennettevansandalvarado.example.com,2026-05-06 21:46:17,No answer,Sales call,ACME-A001218
amanda.wilson@hernandezllc.example.com,2026-05-07 02:45:54,No answer,Sales call,ACME-A001222
caitlin.hunt@murraybowers.example.com,2026-05-07 05:10:00,Left voicemail,Sales call,ACME-A001225
daniel.johnson@wrightandsons.example.com,2026-05-07 05:19:14,Connected,Sales call,ACME-A001226
michael.jackson@boyerhortonandgreen.example.com,2026-05-07 08:26:38,Left voicemail,Sales call,ACME-A001229
travis.robles@baileyinc.example.com,2026-05-07 09:10:40,No answer,Sales call,ACME-A001230
ian.campbell@smithplc.example.com,2026-05-07 09:26:21,No answer,Sales call,ACME-A001232
marissa.jackson@martinschmidt.example.com,2026-05-07 09:52:21,No answer,Sales call,ACME-A001235
chelsea.phillips@sharpllc.example.com,2026-05-07 10:32:53,No answer,Sales call,ACME-A001236
tabitha.williams@millerlonganddavis.example.com,2026-05-07 10:56:32,No answer,Sales call,ACME-A001237
calvin.gibson@wongmartin.example.com,2026-05-07 11:38:36,No answer,Sales call,ACME-A001238
katherine.evans@vaughninc.example.com,2026-05-07 12:52:07,No answer,Sales call,ACME-A001240
lisa.newman@carrillobradleyandbuck.example.com,2026-05-07 13:46:46,Left voicemail,Sales call,ACME-A001241
heather.ruiz@lovegroup.example.com,2026-05-07 14:09:46,No answer,Sales call,ACME-A001242
matthew.moore@johnsonbeck.example.com,2026-05-07 15:10:56,Connected,Sales call,ACME-A001244
travis.robles@baileyinc.example.com,2026-05-07 16:16:17,Connected,Sales call,ACME-A001247
terrence.gibson@gilbertlucas.example.com,2026-05-07 18:02:37,Left voicemail,Sales call,ACME-A001252
michelle.bowen@harrissmith.example.com,2026-05-07 18:44:11,Left voicemail,Sales call,ACME-A001255
dustin.hardin@fergusonandsons.example.com,2026-05-07 19:09:16,No answer,Sales call,ACME-A001256
justin.johnson@atkinsonallenandmartinez.example.com,2026-05-07 19:20:38,Left voicemail,Sales call,ACME-A001257
scott.moody@smithhinton.example.com,2026-05-07 20:07:27,No answer,Sales call,ACME-A001261
karen.jimenez@bennettllc.example.com,2026-05-07 20:15:51,Left voicemail,Sales call,ACME-A001262
emma.mcmahon@perezgroup.example.com,2026-05-07 20:29:43,Left voicemail,Sales call,ACME-A001263
tina.blackwell@torresguzmanandward.example.com,2026-05-07 22:48:19,Left voicemail,Sales call,ACME-A001267
stephanie.pena@vaughnplc.example.com,2026-05-07 23:16:39,Connected,Sales call,ACME-A001269
rachel.matthews@moralessaunders.example.com,2026-05-08 00:47:32,Connected,Sales call,ACME-A001272
jason.miller@dixonllc.example.com,2026-05-08 00:51:33,No answer,Sales call,ACME-A001273
cristian.davis@duncaninc.example.com,2026-05-08 01:01:08,Connected,Sales call,ACME-A001274
teresa.aguilar@williamsplc.example.com,2026-05-08 03:19:53,Connected,Sales call,ACME-A001275
terrence.gibson@gilbertlucas.example.com,2026-05-08 04:04:34,No answer,Sales call,ACME-A001276
colin.thomas@maloneltd.example.com,2026-05-08 08:36:29,No answer,Sales call,ACME-A001284
sean.carroll@mccartymartin.example.com,2026-05-08 13:03:19,Connected,Sales call,ACME-A001291
carol.bird@pagebrownandsanchez.example.com,2026-05-08 13:57:45,Left voicemail,Sales call,ACME-A001292
april.carter@colemanplc.example.com,2026-05-08 15:08:55,Connected,Sales call,ACME-A001294
jennifer.thomas@pearsonrandolphanddougla.example.com,2026-05-08 17:39:03,Connected,Sales call,ACME-A001298
william.lewis@brownperezandjohnson.example.com,2026-05-08 17:57:04,Left voicemail,Sales call,ACME-A001299
jennifer.murphy@huertabrownandmendez.example.com,2026-05-08 18:15:10,Connected,Sales call,ACME-A001300
alicia.kelly@watsonltd.example.com,2026-05-08 18:15:16,No answer,Sales call,ACME-A001301
john.garcia@ortizltd.example.com,2026-05-08 19:01:09,Left voicemail,Sales call,ACME-A001302
regina.jenkins@rodriguezperez.example.com,2026-05-08 20:42:10,Connected,Sales call,ACME-A001305
jeremy.lopez@casecortezandhughes.example.com,2026-05-08 21:13:42,No answer,Sales call,ACME-A001307
dustin.gardner@jenkinsevans.example.com,2026-05-08 22:22:03,Connected,Sales call,ACME-A001308
christine.king@hilldanielsandglass.example.com,2026-05-09 00:23:09,No answer,Sales call,ACME-A001312
james.robles@morganfisherandfleming.example.com,2026-05-09 00:35:25,No answer,Sales call,ACME-A001313
brenda.bray@burkellc.example.com,2026-05-09 01:22:36,No answer,Sales call,ACME-A001315
sharon.palmer@martincruzandbowman.example.com,2026-05-09 01:37:28,No answer,Sales call,ACME-A001316
madison.gonzalez@elliottinc.example.com,2026-05-09 01:50:21,Left voicemail,Sales call,ACME-A001317
alicia.kelly@watsonltd.example.com,2026-05-09 02:33:50,No answer,Sales call,ACME-A001319
james.cobb@blakelong.example.com,2026-05-09 03:18:02,No answer,Sales call,ACME-A001322
michael.mckinney@foleymaxwellandrice.example.com,2026-05-09 03:27:22,No answer,Sales call,ACME-A001323
angela.salinas@reedmiller.example.com,2026-05-09 03:32:31,No answer,Sales call,ACME-A001324
bradley.park@burnsandsons.example.com,2026-05-09 04:57:54,No answer,Sales call,ACME-A001327
christina.rubio@ramosandsons.example.com,2026-05-09 05:42:30,Left voicemail,Sales call,ACME-A001330
joseph.poole@bradyltd.example.com,2026-05-09 07:40:05,Connected,Sales call,ACME-A001331
kevin.edwards@cantrellcombs.example.com,2026-05-09 09:30:39,No answer,Sales call,ACME-A001332
debra.ryan@martinschmidt.example.com,2026-05-09 11:47:15,No answer,Sales call,ACME-A001336
susan.mccall@martinezplc.example.com,2026-05-09 19:37:42,No answer,Sales call,ACME-A001346
jenny.hudson@wolfemathewsandkim.example.com,2026-05-09 20:05:33,No answer,Sales call,ACME-A001347
april.carter@colemanplc.example.com,2026-05-09 20:47:12,No answer,Sales call,ACME-A001348
scott.wilson@browninggroup.example.com,2026-05-09 22:05:11,No answer,Sales call,ACME-A001349
brian.nicholson@caincoffey.example.com,2026-05-09 23:17:09,No answer,Sales call,ACME-A001350
jenna.griffin@millerdavisandjimenez.example.com,2026-05-10 01:33:20,Connected,Sales call,ACME-A001355
dana.chung@daymillerandwilliams.example.com,2026-05-10 02:00:39,No answer,Sales call,ACME-A001356
jennifer.murphy@huertabrownandmendez.example.com,2026-05-10 03:31:55,No answer,Sales call,ACME-A001358
jeffrey.perez@friedmandiaz.example.com,2026-05-10 05:32:23,No answer,Sales call,ACME-A001360
adrian.mcgee@gardnercarterandsanders.example.com,2026-05-10 05:54:30,Left voicemail,Sales call,ACME-A001361
joseph.small@hallandsons.example.com,2026-05-10 06:14:25,Connected,Sales call,ACME-A001363
scott.wilson@browninggroup.example.com,2026-05-10 07:48:17,Connected,Sales call,ACME-A001365
misty.fisher@garciaandsons.example.com,2026-05-10 12:33:15,Left voicemail,Sales call,ACME-A001371
bradley.jackson@robinsonshannonandlawren.example.com,2026-05-10 13:18:15,Left voicemail,Sales call,ACME-A001372
robin.blackburn@vancejonesandparrish.example.com,2026-05-10 14:39:30,No answer,Sales call,ACME-A001373
david.fischer@schaefercastroandconley.example.com,2026-05-10 19:32:36,Connected,Sales call,ACME-A001376
suzanne.harvey@kerrgrimesandmccann.example.com,2026-05-10 19:32:44,No answer,Sales call,ACME-A001377
henry.nielsen@olsengroup.example.com,2026-05-10 19:48:19,Connected,Sales call,ACME-A001378
sarah.fowler@roweinc.example.com,2026-05-10 20:22:07,Connected,Sales call,ACME-A001379
erin.jennings@adamsplc.example.com,2026-05-10 20:26:17,Left voicemail,Sales call,ACME-A001380
gregory.kelly@torreswilliams.example.com,2026-05-10 20:51:11,Connected,Sales call,ACME-A001382
darrell.schmitt@woodwardschmidtandbautis.example.com,2026-05-10 20:56:55,No answer,Sales call,ACME-A001383
brian.nicholson@caincoffey.example.com,2026-05-10 22:57:20,Left voicemail,Sales call,ACME-A001385
juan.mcclure@littleinc.example.com,2026-05-10 23:21:20,Connected,Sales call,ACME-A001386
lisa.mays@lanemoore.example.com,2026-05-10 23:46:10,No answer,Sales call,ACME-A001387
raven.schneider@burtonplc.example.com,2026-05-11 00:17:45,Connected,Sales call,ACME-A001389
lisa.mays@lanemoore.example.com,2026-05-11 01:21:52,No answer,Sales call,ACME-A001392
jade.smith@simonllc.example.com,2026-05-11 02:35:22,Left voicemail,Sales call,ACME-A001396
crystal.acosta@walterfranklin.example.com,2026-05-11 03:34:30,Connected,Sales call,ACME-A001398
debra.ryan@martinschmidt.example.com,2026-05-11 04:02:59,Connected,Sales call,ACME-A001399
nathan.carpenter@thomasplc.example.com,2026-05-11 04:26:18,Left voicemail,Sales call,ACME-A001400
brian.shaw@weberinc.example.com,2026-05-11 04:39:02,No answer,Sales call,ACME-A001401
adrian.mcgee@gardnercarterandsanders.example.com,2026-05-11 05:13:10,Connected,Sales call,ACME-A001402
duane.harrell@brownreevesandtran.example.com,2026-05-11 06:25:15,Connected,Sales call,ACME-A001403
harold.french@wrightnewton.example.com,2026-05-11 10:00:57,No answer,Sales call,ACME-A001408
lisa.wang@johnsonjenkins.example.com,2026-05-11 10:05:17,Left voicemail,Sales call,ACME-A001409
sarah.wright@brownholmesandrosario.example.com,2026-05-11 10:37:55,Left voicemail,Sales call,ACME-A001411
heather.cole@fostershea.example.com,2026-05-11 10:58:01,Left voicemail,Sales call,ACME-A001412
richard.washington@petersvasquez.example.com,2026-05-11 11:03:16,No answer,Sales call,ACME-A001413
justin.owens@robinsonburnsandfletcher.example.com,2026-05-11 11:50:20,Left voicemail,Sales call,ACME-A001415
alyssa.graves@browningsantiago.example.com,2026-05-11 12:30:35,Left voicemail,Sales call,ACME-A001416
angela.underwood@jonesinc.example.com,2026-05-11 13:13:45,No answer,Sales call,ACME-A001418
christina.jackson@wilsonmezaandbishop.example.com,2026-05-11 13:50:48,No answer,Sales call,ACME-A001420
emily.bell@smithromanandmcintyre.example.com,2026-05-11 14:33:14,Connected,Sales call,ACME-A001425
jimmy.conner@pettyjohnson.example.com,2026-05-11 15:11:51,Connected,Sales call,ACME-A001427
nicholas.brooks@francisjohnsonandbeck.example.com,2026-05-11 15:46:51,No answer,Sales call,ACME-A001428
douglas.wang@smithandsons.example.com,2026-05-11 17:09:45,Left voicemail,Sales call,ACME-A001430
john.james@blackwellbeckerandparker.example.com,2026-05-11 17:10:11,Connected,Sales call,ACME-A001431
timothy.copeland@collinsbakerandwilliams.example.com,2026-05-11 18:28:04,No answer,Sales call,ACME-A001433
aaron.lawson@brooksmartinandclayton.example.com,2026-05-11 20:08:22,Connected,Sales call,ACME-A001435
catherine.scott@bookerjordan.example.com,2026-05-11 21:23:24,No answer,Sales call,ACME-A001436
caleb.martinez@colemanrogers.example.com,2026-05-11 22:01:59,No answer,Sales call,ACME-A001438
betty.rodriguez@fullerleonard.example.com,2026-05-11 22:28:41,Connected,Sales call,ACME-A001439
pamela.powers@taylorinc.example.com,2026-05-11 23:05:57,Left voicemail,Sales call,ACME-A001441
tracy.gibbs@rodriguezinc.example.com,2026-05-11 23:36:16,Left voicemail,Sales call,ACME-A001442
zachary.ward@perezrubio.example.com,2026-05-11 23:38:56,Connected,Sales call,ACME-A001443
erica.proctor@lewiswalkeranddavis.example.com,2026-05-12 00:13:52,No answer,Sales call,ACME-A001445
mindy.johnson@morrisjohnsonandmorris.example.com,2026-05-12 00:13:56,Connected,Sales call,ACME-A001446
kevin.hood@reyesandsons.example.com,2026-05-12 01:39:00,No answer,Sales call,ACME-A001448
charles.bailey@hernandezllc.example.com,2026-05-12 02:07:25,Connected,Sales call,ACME-A001449
alexander.green@lewismitchellandknox.example.com,2026-05-12 05:41:50,Left voicemail,Sales call,ACME-A001452
nicole.horne@bellplc.example.com,2026-05-12 06:54:27,Left voicemail,Sales call,ACME-A001454
daniel.jones@moranmorenoandrowe.example.com,2026-05-12 07:21:50,Left voicemail,Sales call,ACME-A001455
calvin.johnson@mullinswright.example.com,2026-05-12 08:17:22,Connected,Sales call,ACME-A001456
jacob.smith@bennettkingandsimmons.example.com,2026-05-12 09:08:45,Left voicemail,Sales call,ACME-A001457
frank.ramos@thomasandsons.example.com,2026-05-12 09:57:51,No answer,Sales call,ACME-A001459
timothy.anderson@riveraandersenandjones.example.com,2026-05-12 11:07:57,Left voicemail,Sales call,ACME-A001460
taylor.zuniga@adamsgroup.example.com,2026-05-12 11:51:19,No answer,Sales call,ACME-A001462
robert.horton@palmerinc.example.com,2026-05-12 12:09:27,Left voicemail,Sales call,ACME-A001463
kimberly.andrade@powellstout.example.com,2026-05-12 13:19:16,Connected,Sales call,ACME-A001464
madison.gonzalez@elliottinc.example.com,2026-05-12 13:26:44,Left voicemail,Sales call,ACME-A001465
christine.carter@gomezgroup.example.com,2026-05-12 13:36:45,No answer,Sales call,ACME-A001466
sara.carter@moralesinc.example.com,2026-05-12 13:49:29,Connected,Sales call,ACME-A001467
alexander.scott@skinnerbrockandfitzgeral.example.com,2026-05-12 13:58:22,Left voicemail,Sales call,ACME-A001468
kevin.bates@alvaradomills.example.com,2026-05-12 14:01:28,Connected,Sales call,ACME-A001470
rachel.matthews@moralessaunders.example.com,2026-05-12 14:35:17,Left voicemail,Sales call,ACME-A001472
kelly.nguyen@torreshamptonandstewart.example.com,2026-05-12 15:40:20,Left voicemail,Sales call,ACME-A001476
mark.maddox@blanchardprestonandowens.example.com,2026-05-12 17:21:08,No answer,Sales call,ACME-A001479
sharon.palmer@martincruzandbowman.example.com,2026-05-12 17:48:23,Connected,Sales call,ACME-A001481
mindy.johnson@morrisjohnsonandmorris.example.com,2026-05-12 18:32:04,Left voicemail,Sales call,ACME-A001483
taylor.pineda@acostarivera.example.com,2026-05-12 19:39:51,No answer,Sales call,ACME-A001485
caleb.martinez@colemanrogers.example.com,2026-05-12 20:25:02,No answer,Sales call,ACME-A001486
jason.richards@taylorinc.example.com,2026-05-12 21:48:20,No answer,Sales call,ACME-A001488
daniel.burnett@burnssmith.example.com,2026-05-13 01:05:49,Connected,Sales call,ACME-A001491
catherine.cox@leebrown.example.com,2026-05-13 01:11:41,No answer,Sales call,ACME-A001492
rebecca.bennett@elliottgroup.example.com,2026-05-13 01:44:01,No answer,Sales call,ACME-A001494
james.miles@huangllc.example.com,2026-05-13 02:21:54,No answer,Sales call,ACME-A001495
lisa.barajas@gordonshannon.example.com,2026-05-13 03:55:41,Connected,Sales call,ACME-A001496
amy.gomez@salazarinc.example.com,2026-05-13 04:34:51,No answer,Sales call,ACME-A001497
karen.hill@harrisonhansenandlambert.example.com,2026-05-13 04:46:20,Left voicemail,Sales call,ACME-A001498
sarah.jones@parksltd.example.com,2026-05-13 04:58:29,Left voicemail,Sales call,ACME-A001499
brenda.owen@sanchezbarrett.example.com,2026-05-13 05:30:49,Connected,Sales call,ACME-A001501
kyle.stewart@moranbenjaminandbauer.example.com,2026-05-13 05:32:38,Connected,Sales call,ACME-A001502
kevin.ortiz@thompsongarcia.example.com,2026-05-13 08:14:44,No answer,Sales call,ACME-A001505
caleb.martinez@colemanrogers.example.com,2026-05-13 08:58:28,No answer,Sales call,ACME-A001508
christopher.nielsen@garciagroup.example.com,2026-05-13 10:52:57,No answer,Sales call,ACME-A001514
spencer.burgess@lambcummings.example.com,2026-05-13 11:13:20,Connected,Sales call,ACME-A001515
thomas.anderson@millerwaltonandchen.example.com,2026-05-13 12:16:45,Left voicemail,Sales call,ACME-A001517
brian.smith@allisonflemingandkeller.example.com,2026-05-13 12:35:22,No answer,Sales call,ACME-A001519
alicia.allen@rodriguezacevedo.example.com,2026-05-13 13:29:35,No answer,Sales call,ACME-A001521
raven.schneider@burtonplc.example.com,2026-05-13 14:02:05,No answer,Sales call,ACME-A001523
william.lee@maddoxgroup.example.com,2026-05-13 17:36:29,Left voicemail,Sales call,ACME-A001529
lauren.bonilla@mccormickcook.example.com,2026-05-13 19:25:44,Left voicemail,Sales call,ACME-A001535
stephanie.thompson@brownsmith.example.com,2026-05-13 19:51:04,Connected,Sales call,ACME-A001536
oscar.williams@shermanandsons.example.com,2026-05-13 19:56:35,Left voicemail,Sales call,ACME-A001537
emma.mcmahon@perezgroup.example.com,2026-05-13 21:27:06,No answer,Sales call,ACME-A001538
marilyn.meyers@parrishwilliamsandjames.example.com,2026-05-13 21:56:22,Left voicemail,Sales call,ACME-A001540
jason.miller@dixonllc.example.com,2026-05-13 23:27:04,Left voicemail,Sales call,ACME-A001543
bryan.esparza@nelsonllc.example.com,2026-05-14 00:28:18,Connected,Sales call,ACME-A001545
joshua.johnson@baldwinllc.example.com,2026-05-14 01:18:50,Connected,Sales call,ACME-A001548
amy.gomez@salazarinc.example.com,2026-05-14 01:52:23,No answer,Sales call,ACME-A001549
brian.rodriguez@gillespiemonroeandking.example.com,2026-05-14 02:02:54,Connected,Sales call,ACME-A001550
michele.peters@bakeredwardsandscott.example.com,2026-05-14 05:23:22,No answer,Sales call,ACME-A001552
kevin.farmer@davisllc.example.com,2026-05-14 07:43:24,Left voicemail,Sales call,ACME-A001554
samantha.murphy@stephensllc.example.com,2026-05-14 08:02:46,No answer,Sales call,ACME-A001556
craig.cox@williamssmithandhernande.example.com,2026-05-14 09:17:13,No answer,Sales call,ACME-A001559
daniel.schwartz@millerinc.example.com,2026-05-14 10:43:42,Left voicemail,Sales call,ACME-A001560
michael.mckinney@foleymaxwellandrice.example.com,2026-05-14 11:44:25,Left voicemail,Sales call,ACME-A001561
suzanne.harvey@kerrgrimesandmccann.example.com,2026-05-14 12:27:58,No answer,Sales call,ACME-A001563
james.harris@bishopsullivanandluna.example.com,2026-05-14 12:28:55,Left voicemail,Sales call,ACME-A001564
christopher.thompson@bradleycollinsandprice.example.com,2026-05-14 12:40:21,No answer,Sales call,ACME-A001566
regina.jenkins@rodriguezperez.example.com,2026-05-14 13:34:11,No answer,Sales call,ACME-A001569
david.mclean@wilsonpoole.example.com,2026-05-14 13:45:23,No answer,Sales call,ACME-A001570
kenneth.alvarez@sullivansotoandcarpenter.example.com,2026-05-14 14:40:21,Left voicemail,Sales call,ACME-A001571
jamie.patterson@ericksonltd.example.com,2026-05-14 14:52:18,No answer,Sales call,ACME-A001572
ashley.walker@tylerking.example.com,2026-05-14 15:16:24,Connected,Sales call,ACME-A001573
julie.taylor@martinsheppardandchamber.example.com,2026-05-14 15:24:34,No answer,Sales call,ACME-A001574
stephanie.thompson@brownsmith.example.com,2026-05-14 15:28:25,Connected,Sales call,ACME-A001575
monica.fisher@robertsandsons.example.com,2026-05-14 15:43:38,Left voicemail,Sales call,ACME-A001576
jessica.santiago@hoodltd.example.com,2026-05-14 17:09:31,No answer,Sales call,ACME-A001579
jacqueline.ramos@riddleandsons.example.com,2026-05-14 17:10:49,No answer,Sales call,ACME-A001580
matthew.hancock@rossporter.example.com,2026-05-14 17:11:26,Connected,Sales call,ACME-A001581
jessica.santiago@hoodltd.example.com,2026-05-14 18:14:22,Connected,Sales call,ACME-A001582
david.petersen@powelljones.example.com,2026-05-14 21:00:26,Left voicemail,Sales call,ACME-A001587
wanda.evans@whiteshields.example.com,2026-05-14 21:35:06,No answer,Sales call,ACME-A001589
monique.schroeder@hermaninc.example.com,2026-05-15 01:53:00,No answer,Sales call,ACME-A001594
roger.pugh@sotowilson.example.com,2026-05-15 02:29:48,Left voicemail,Sales call,ACME-A001597
thomas.rios@kingplc.example.com,2026-05-15 03:30:21,No answer,Sales call,ACME-A001599
william.sandoval@diazlang.example.com,2026-05-15 04:19:30,No answer,Sales call,ACME-A001601
sydney.wang@longinc.example.com,2026-05-15 04:53:25,Left voicemail,Sales call,ACME-A001603
patricia.gonzalez@leonllc.example.com,2026-05-15 06:27:38,Connected,Sales call,ACME-A001605
david.owens@johnsonplc.example.com,2026-05-15 08:53:25,No answer,Sales call,ACME-A001609
todd.miller@coxgroup.example.com,2026-05-15 09:54:29,Left voicemail,Sales call,ACME-A001612
jennifer.murphy@huertabrownandmendez.example.com,2026-05-15 11:40:43,No answer,Sales call,ACME-A001613
jennifer.thomas@pearsonrandolphanddougla.example.com,2026-05-15 11:55:44,No answer,Sales call,ACME-A001615
sara.parks@carrilloharris.example.com,2026-05-15 12:17:29,Connected,Sales call,ACME-A001617
jennifer.kane@floresplc.example.com,2026-05-15 12:32:55,Left voicemail,Sales call,ACME-A001618
donald.elliott@bellevansandwilkerson.example.com,2026-05-15 12:35:53,Left voicemail,Sales call,ACME-A001619
roberta.briggs@grahamzavalaandbrock.example.com,2026-05-15 13:46:12,Connected,Sales call,ACME-A001622
dustin.gardner@jenkinsevans.example.com,2026-05-15 14:27:14,Left voicemail,Sales call,ACME-A001623
lisa.mays@lanemoore.example.com,2026-05-15 14:38:18,No answer,Sales call,ACME-A001624
thomas.wilson@mosesguzman.example.com,2026-05-15 14:50:11,Connected,Sales call,ACME-A001625
scott.green@wardallen.example.com,2026-05-15 15:06:20,Connected,Sales call,ACME-A001626
amber.horton@spencerandsons.example.com,2026-05-15 15:23:43,Connected,Sales call,ACME-A001628
john.james@blackwellbeckerandparker.example.com,2026-05-15 15:26:05,No answer,Sales call,ACME-A001629
james.ramirez@douglaspineda.example.com,2026-05-15 15:37:20,Connected,Sales call,ACME-A001630
colin.thomas@maloneltd.example.com,2026-05-15 16:22:50,Connected,Sales call,ACME-A001631
juan.mccormick@welchgarcia.example.com,2026-05-15 18:10:40,Left voicemail,Sales call,ACME-A001632
katherine.evans@vaughninc.example.com,2026-05-15 18:23:10,No answer,Sales call,ACME-A001633
anthony.kelley@carterplc.example.com,2026-05-15 18:36:49,Connected,Sales call,ACME-A001634
lisa.mays@lanemoore.example.com,2026-05-15 18:57:08,No answer,Sales call,ACME-A001635
brad.jones@schwartzltd.example.com,2026-05-15 21:32:31,Connected,Sales call,ACME-A001640
dustin.gardner@jenkinsevans.example.com,2026-05-15 21:39:31,No answer,Sales call,ACME-A001641
brian.rodriguez@gillespiemonroeandking.example.com,2026-05-15 21:57:19,Left voicemail,Sales call,ACME-A001642
amy.james@hollandruizandpeterson.example.com,2026-05-15 21:57:31,No answer,Sales call,ACME-A001643
samantha.murphy@stephensllc.example.com,2026-05-15 22:02:33,No answer,Sales call,ACME-A001644
kristin.preston@martinhuntandrodriguez.example.com,2026-05-15 22:36:13,No answer,Sales call,ACME-A001646
john.james@blackwellbeckerandparker.example.com,2026-05-15 22:37:44,No answer,Sales call,ACME-A001647
monica.jackson@hartltd.example.com,2026-05-15 23:31:29,Connected,Sales call,ACME-A001650
kristin.preston@martinhuntandrodriguez.example.com,2026-05-16 00:47:45,No answer,Sales call,ACME-A001654
brian.shaw@weberinc.example.com,2026-05-16 01:36:06,Connected,Sales call,ACME-A001655
timothy.copeland@collinsbakerandwilliams.example.com,2026-05-16 03:07:26,Connected,Sales call,ACME-A001659
mary.hernandez@hillkirkandkramer.example.com,2026-05-16 04:08:23,No answer,Sales call,ACME-A001661
stephanie.rice@blackandsons.example.com,2026-05-16 04:25:49,Left voicemail,Sales call,ACME-A001662
derrick.benton@bradyjohnsonandnguyen.example.com,2026-05-16 05:08:20,Connected,Sales call,ACME-A001663
eric.boyd@loganandsons.example.com,2026-05-16 05:16:48,Connected,Sales call,ACME-A001664
krystal.smith@hughesandsons.example.com,2026-05-16 05:40:25,Left voicemail,Sales call,ACME-A001665
travis.robles@baileyinc.example.com,2026-05-16 06:26:55,Connected,Sales call,ACME-A001667
sara.parks@carrilloharris.example.com,2026-05-16 07:16:32,No answer,Sales call,ACME-A001669
donna.peterson@johnsonsandovalandphelps.example.com,2026-05-16 10:34:46,No answer,Sales call,ACME-A001676
christie.smith@moraltd.example.com,2026-05-16 11:36:29,Connected,Sales call,ACME-A001677
james.diaz@wellswatsonandcalhoun.example.com,2026-05-16 15:28:44,No answer,Sales call,ACME-A001682
patricia.jones@morrisltd.example.com,2026-05-16 15:45:12,Left voicemail,Sales call,ACME-A001683
john.arnold@hamiltoninc.example.com,2026-05-16 16:47:21,Connected,Sales call,ACME-A001685
zachary.ward@perezrubio.example.com,2026-05-16 16:47:49,No answer,Sales call,ACME-A001686
hunter.wilson@bellfuller.example.com,2026-05-16 16:48:30,Left voicemail,Sales call,ACME-A001687
michael.jenkins@stuartandsons.example.com,2026-05-16 18:10:40,No answer,Sales call,ACME-A001688
steven.morgan@roachandersonandbrown.example.com,2026-05-16 20:41:56,Connected,Sales call,ACME-A001690
nathaniel.rodriguez@williamsgroup.example.com,2026-05-16 23:15:51,No answer,Sales call,ACME-A001693
ivan.cook@bensongonzalezandhernand.example.com,2026-05-16 23:46:18,Connected,Sales call,ACME-A001695
rebecca.bennett@elliottgroup.example.com,2026-05-17 01:57:57,Connected,Sales call,ACME-A001698
ellen.fletcher@santoslopez.example.com,2026-05-17 02:05:56,Left voicemail,Sales call,ACME-A001699
danielle.walker@murphyandsons.example.com,2026-05-17 04:08:41,No answer,Sales call,ACME-A001700
jennifer.larson@glassevans.example.com,2026-05-17 04:13:05,Connected,Sales call,ACME-A001702
erin.jennings@adamsplc.example.com,2026-05-17 05:01:01,No answer,Sales call,ACME-A001703
renee.woods@linsnyderandsmith.example.com,2026-05-17 11:20:12,Connected,Sales call,ACME-A001708
kevin.farmer@davisllc.example.com,2026-05-17 12:20:56,Connected,Sales call,ACME-A001709
tyrone.ryan@gravesandsons.example.com,2026-05-17 14:11:09,Connected,Sales call,ACME-A001711
crystal.acosta@walterfranklin.example.com,2026-05-17 16:19:39,Connected,Sales call,ACME-A001713
michael.jenkins@stuartandsons.example.com,2026-05-17 16:46:44,Left voicemail,Sales call,ACME-A001714
taylor.pineda@acostarivera.example.com,2026-05-17 17:04:28,Connected,Sales call,ACME-A001715
suzanne.harvey@kerrgrimesandmccann.example.com,2026-05-17 18:16:59,No answer,Sales call,ACME-A001717
david.fischer@schaefercastroandconley.example.com,2026-05-17 20:37:26,Left voicemail,Sales call,ACME-A001718
albert.hall@taylormullins.example.com,2026-05-17 21:54:38,No answer,Sales call,ACME-A001721
jade.smith@simonllc.example.com,2026-05-18 00:11:20,No answer,Sales call,ACME-A001723
brian.pena@parkspaceandstokes.example.com,2026-05-18 01:56:40,Connected,Sales call,ACME-A001725
james.harris@bishopsullivanandluna.example.com,2026-05-18 05:37:02,No answer,Sales call,ACME-A001729
james.flores@lopezparkerandacevedo.example.com,2026-05-18 05:51:58,Left voicemail,Sales call,ACME-A001730
andrew.sherman@bakerhernandez.example.com,2026-05-18 07:58:56,Left voicemail,Sales call,ACME-A001734
tina.burton@thompsonlawrence.example.com,2026-05-18 09:10:58,Connected,Sales call,ACME-A001735
joseph.galvan@browninc.example.com,2026-05-18 09:24:25,Connected,Sales call,ACME-A001736
kristin.preston@martinhuntandrodriguez.example.com,2026-05-18 10:20:02,Left voicemail,Sales call,ACME-A001737
jeff.sanchez@millerplc.example.com,2026-05-18 10:21:10,No answer,Sales call,ACME-A001738
brian.shaw@weberinc.example.com,2026-05-18 10:21:46,No answer,Sales call,ACME-A001739
jennifer.townsend@floreswoods.example.com,2026-05-18 12:51:07,No answer,Sales call,ACME-A001741
susan.simpson@torresmorrison.example.com,2026-05-18 13:07:25,No answer,Sales call,ACME-A001742
martha.mccarthy@perryltd.example.com,2026-05-18 16:09:22,Connected,Sales call,ACME-A001745
scott.jones@richardsfieldsandmann.example.com,2026-05-18 16:12:42,No answer,Sales call,ACME-A001746
jacob.smith@bennettkingandsimmons.example.com,2026-05-18 17:22:01,Left voicemail,Sales call,ACME-A001747
david.walker@alvaradowang.example.com,2026-05-18 17:34:59,Left voicemail,Sales call,ACME-A001748
brian.fleming@scottshortandhaynes.example.com,2026-05-18 17:37:31,Connected,Sales call,ACME-A001749
cory.dunn@williamsmunoz.example.com,2026-05-18 18:51:20,No answer,Sales call,ACME-A001751
tina.gibbs@suarezjimenez.example.com,2026-05-18 19:27:22,Left voicemail,Sales call,ACME-A001752
erika.west@dyerjohnsonandlopez.example.com,2026-05-18 19:44:04,No answer,Sales call,ACME-A001753
kristin.preston@martinhuntandrodriguez.example.com,2026-05-18 20:19:56,Connected,Sales call,ACME-A001756
natalie.martinez@smithewingandstewart.example.com,2026-05-18 21:08:29,Connected,Sales call,ACME-A001758
christine.carter@gomezgroup.example.com,2026-05-18 21:41:59,No answer,Sales call,ACME-A001759
pamela.powers@taylorinc.example.com,2026-05-18 22:57:50,Connected,Sales call,ACME-A001764
joseph.poole@bradyltd.example.com,2026-05-18 23:55:18,Left voicemail,Sales call,ACME-A001766
steven.curry@shahharrison.example.com,2026-05-19 00:40:11,Left voicemail,Sales call,ACME-A001769
susan.gay@carrollrice.example.com,2026-05-19 02:45:13,No answer,Sales call,ACME-A001772
james.miles@huangllc.example.com,2026-05-19 03:00:30,Left voicemail,Sales call,ACME-A001773
james.fitzgerald@leepowellandcampbell.example.com,2026-05-19 03:24:43,Connected,Sales call,ACME-A001775
elizabeth.valenzuela@savageschmidtandboyd.example.com,2026-05-19 03:41:32,No answer,Sales call,ACME-A001776
ricky.jones@palmerchapmanandmiller.example.com,2026-05-19 03:56:46,No answer,Sales call,ACME-A001777
brian.fleming@scottshortandhaynes.example.com,2026-05-19 05:19:28,Left voicemail,Sales call,ACME-A001779
james.vasquez@salascooper.example.com,2026-05-19 06:57:06,Left voicemail,Sales call,ACME-A001781
erica.proctor@lewiswalkeranddavis.example.com,2026-05-19 08:30:44,No answer,Sales call,ACME-A001785
jamie.nunez@garrettromeroandrhodes.example.com,2026-05-19 08:53:53,Left voicemail,Sales call,ACME-A001786
martha.dixon@watsonjohnsonandbishop.example.com,2026-05-19 12:44:11,Left voicemail,Sales call,ACME-A001792
renee.woods@linsnyderandsmith.example.com,2026-05-19 13:02:32,Left voicemail,Sales call,ACME-A001793
leroy.hernandez@walshosborne.example.com,2026-05-19 15:01:14,No answer,Sales call,ACME-A001796
adam.knight@marshandsons.example.com,2026-05-19 16:02:51,Connected,Sales call,ACME-A001798
joshua.johnson@baldwinllc.example.com,2026-05-19 16:36:55,Connected,Sales call,ACME-A001799
julia.ayala@smithwatersandtyler.example.com,2026-05-19 16:47:09,No answer,Sales call,ACME-A001801
regina.jenkins@rodriguezperez.example.com,2026-05-19 22:02:21,No answer,Sales call,ACME-A001807
daniel.gomez@hernandezrojasandmason.example.com,2026-05-20 01:12:13,No answer,Sales call,ACME-A001814
timothy.white@wilsongroup.example.com,2026-05-20 03:26:34,Connected,Sales call,ACME-A001816
meghan.calderon@oliverplc.example.com,2026-05-20 07:20:48,Connected,Sales call,ACME-A001820
joan.leach@watersgreenandobrien.example.com,2026-05-20 08:34:00,Connected,Sales call,ACME-A001822
crystal.acosta@walterfranklin.example.com,2026-05-20 10:04:34,Connected,Sales call,ACME-A001824
david.montgomery@cruzplc.example.com,2026-05-20 10:28:07,Left voicemail,Sales call,ACME-A001826
darrell.schmitt@woodwardschmidtandbautis.example.com,2026-05-20 12:25:28,Connected,Sales call,ACME-A001828
teresa.miller@johnsonli.example.com,2026-05-20 13:37:56,Left voicemail,Sales call,ACME-A001830
chloe.parsons@hoganmiller.example.com,2026-05-20 14:26:31,Connected,Sales call,ACME-A001833
heather.long@bradymiller.example.com,2026-05-20 15:49:55,No answer,Sales call,ACME-A001835
steven.murray@rodriguezplc.example.com,2026-05-20 18:15:22,No answer,Sales call,ACME-A001836
stuart.cooper@spencerhughes.example.com,2026-05-20 18:25:26,Connected,Sales call,ACME-A001837
david.montgomery@cruzplc.example.com,2026-05-20 18:55:30,No answer,Sales call,ACME-A001839
kelly.page@hillgroup.example.com,2026-05-20 18:56:43,Connected,Sales call,ACME-A001840
michael.flores@powellmaldonado.example.com,2026-05-20 19:20:46,No answer,Sales call,ACME-A001843
michael.jenkins@stuartandsons.example.com,2026-05-20 19:51:34,No answer,Sales call,ACME-A001844
rebecca.bennett@elliottgroup.example.com,2026-05-20 20:49:02,Left voicemail,Sales call,ACME-A001845
dustin.gardner@jenkinsevans.example.com,2026-05-20 22:14:23,No answer,Sales call,ACME-A001847
amanda.wilson@hernandezllc.example.com,2026-05-20 22:42:49,Connected,Sales call,ACME-A001848
kendra.cooper@ballardgroup.example.com,2026-05-20 23:50:56,No answer,Sales call,ACME-A001851
christopher.davis@smithinc.example.com,2026-05-21 01:00:48,No answer,Sales call,ACME-A001852
fernando.martin@johnsonreyes.example.com,2026-05-21 02:01:29,No answer,Sales call,ACME-A001854
susan.cox@pricellc.example.com,2026-05-21 06:59:07,No answer,Sales call,ACME-A001856
timothy.caldwell@sullivanallen.example.com,2026-05-21 07:56:46,Left voicemail,Sales call,ACME-A001857
donald.elliott@bellevansandwilkerson.example.com,2026-05-21 10:38:09,No answer,Sales call,ACME-A001859
april.carter@colemanplc.example.com,2026-05-21 11:16:17,Left voicemail,Sales call,ACME-A001861
jill.williams@williamscaseyandyork.example.com,2026-05-21 11:31:40,No answer,Sales call,ACME-A001862
michael.jackson@boyerhortonandgreen.example.com,2026-05-21 12:10:02,Connected,Sales call,ACME-A001863
alexis.nichols@goldenchapmanandgonzalez.example.com,2026-05-21 12:11:15,Connected,Sales call,ACME-A001864
george.hernandez@ewingltd.example.com,2026-05-21 12:36:57,No answer,Sales call,ACME-A001866
matthew.brown@sullivanshelton.example.com,2026-05-21 12:44:08,No answer,Sales call,ACME-A001867
samuel.warren@scottbaker.example.com,2026-05-21 13:33:33,No answer,Sales call,ACME-A001870
melissa.charles@millerandsons.example.com,2026-05-21 13:39:53,No answer,Sales call,ACME-A001871
steven.mack@morganhansen.example.com,2026-05-21 13:48:10,Left voicemail,Sales call,ACME-A001872
rodney.patel@allengreen.example.com,2026-05-21 14:48:22,No answer,Sales call,ACME-A001874
william.roberson@taylorgordon.example.com,2026-05-21 15:05:07,Connected,Sales call,ACME-A001876
amy.james@hollandruizandpeterson.example.com,2026-05-21 15:09:59,Left voicemail,Sales call,ACME-A001877
jenny.edwards@nicholschan.example.com,2026-05-21 15:23:37,No answer,Sales call,ACME-A001879
linda.potter@lopezplc.example.com,2026-05-21 16:38:28,No answer,Sales call,ACME-A001881
patricia.miller@stantonphillipsandmcfarl.example.com,2026-05-21 16:59:17,Connected,Sales call,ACME-A001883
kathryn.rios@wallsrodriguez.example.com,2026-05-21 17:04:39,No answer,Sales call,ACME-A001885
nancy.cruz@jamesrobertsandholland.example.com,2026-05-21 17:14:12,Connected,Sales call,ACME-A001886
kevin.jackson@griffincarroll.example.com,2026-05-21 17:30:32,No answer,Sales call,ACME-A001887
tina.elliott@millerlove.example.com,2026-05-21 18:07:57,Left voicemail,Sales call,ACME-A001889
joanna.greer@conradholt.example.com,2026-05-21 19:56:11,Connected,Sales call,ACME-A001893
toni.sawyer@dunnvaughn.example.com,2026-05-21 20:43:35,Left voicemail,Sales call,ACME-A001895
erik.gomez@huffballard.example.com,2026-05-21 21:16:13,Left voicemail,Sales call,ACME-A001896
patricia.miller@stantonphillipsandmcfarl.example.com,2026-05-21 23:15:29,No answer,Sales call,ACME-A001898
emily.richards@sanchezgroup.example.com,2026-05-22 00:07:04,No answer,Sales call,ACME-A001901
stephanie.stevens@williamsmiles.example.com,2026-05-22 00:59:19,No answer,Sales call,ACME-A001903
spencer.burgess@lambcummings.example.com,2026-05-22 01:08:16,Connected,Sales call,ACME-A001904
jennifer.thomas@pearsonrandolphanddougla.example.com,2026-05-22 01:30:14,No answer,Sales call,ACME-A001906
susan.gay@carrollrice.example.com,2026-05-22 02:17:36,No answer,Sales call,ACME-A001909
jeremy.stewart@lamllc.example.com,2026-05-22 02:50:21,Connected,Sales call,ACME-A001910
karen.hill@harrisonhansenandlambert.example.com,2026-05-22 03:02:45,Left voicemail,Sales call,ACME-A001911
jade.smith@simonllc.example.com,2026-05-22 03:29:28,Left voicemail,Sales call,ACME-A001912
amy.hughes@obrienalvarez.example.com,2026-05-22 05:34:34,No answer,Sales call,ACME-A001914
lisa.morgan@leemullenandrodriguez.example.com,2026-05-22 06:12:24,Connected,Sales call,ACME-A001915
steven.murray@rodriguezplc.example.com,2026-05-22 06:30:53,Connected,Sales call,ACME-A001916
courtney.bennett@medinaallenandrobinson.example.com,2026-05-22 09:47:22,Connected,Sales call,ACME-A001922
donna.dean@richardsonplc.example.com,2026-05-22 11:10:29,Connected,Sales call,ACME-A001924
alicia.allen@rodriguezacevedo.example.com,2026-05-22 12:51:03,No answer,Sales call,ACME-A001927
lauren.bonilla@mccormickcook.example.com,2026-05-22 13:35:23,Left voicemail,Sales call,ACME-A001929
samuel.wilson@youngjohnson.example.com,2026-05-22 14:55:48,Connected,Sales call,ACME-A001931
amy.blake@hillllc.example.com,2026-05-22 15:13:04,No answer,Sales call,ACME-A001932
amy.morales@davismaddox.example.com,2026-05-22 15:14:22,Connected,Sales call,ACME-A001933
alexander.scott@skinnerbrockandfitzgeral.example.com,2026-05-22 15:16:36,No answer,Sales call,ACME-A001934
charles.velasquez@burkeinc.example.com,2026-05-22 15:42:49,No answer,Sales call,ACME-A001936
joseph.walton@roybooth.example.com,2026-05-22 15:54:48,Left voicemail,Sales call,ACME-A001937
larry.jones@hendersonphillipsandsmit.example.com,2026-05-22 15:59:30,Left voicemail,Sales call,ACME-A001938
sandra.andrews@lewiscruzandterrell.example.com,2026-05-22 16:45:22,No answer,Sales call,ACME-A001939
linda.potter@lopezplc.example.com,2026-05-22 16:55:11,No answer,Sales call,ACME-A001940
jamie.patterson@ericksonltd.example.com,2026-05-22 17:06:51,Connected,Sales call,ACME-A001942
david.montgomery@cruzplc.example.com,2026-05-22 17:23:05,No answer,Sales call,ACME-A001943
jacob.smith@bennettkingandsimmons.example.com,2026-05-22 18:35:41,No answer,Sales call,ACME-A001946
marissa.pham@gilesconwayandmcgee.example.com,2026-05-22 18:41:19,No answer,Sales call,ACME-A001947
alexander.scott@skinnerbrockandfitzgeral.example.com,2026-05-22 18:52:58,No answer,Sales call,ACME-A001948
debra.ryan@martinschmidt.example.com,2026-05-22 18:56:04,No answer,Sales call,ACME-A001949
william.roberson@taylorgordon.example.com,2026-05-22 19:57:10,No answer,Sales call,ACME-A001952
robert.fletcher@johnsonthompson.example.com,2026-05-22 20:22:19,Connected,Sales call,ACME-A001954
christine.lee@costabeard.example.com,2026-05-22 20:47:21,No answer,Sales call,ACME-A001955
jose.hamilton@burtonwalkerandking.example.com,2026-05-22 21:48:17,Connected,Sales call,ACME-A001958
nancy.cruz@jamesrobertsandholland.example.com,2026-05-22 22:21:54,Connected,Sales call,ACME-A001960
nicholas.williams@normanknappandlove.example.com,2026-05-22 23:09:52,Left voicemail,Sales call,ACME-A001961
tara.castaneda@bernardjones.example.com,2026-05-23 01:47:11,No answer,Sales call,ACME-A001964
joseph.poole@bradyltd.example.com,2026-05-23 02:22:40,Left voicemail,Sales call,ACME-A001967
cameron.gutierrez@lewisltd.example.com,2026-05-23 02:24:49,No answer,Sales call,ACME-A001968
timothy.white@wilsongroup.example.com,2026-05-23 03:19:42,No answer,Sales call,ACME-A001969
daniel.gomez@hernandezrojasandmason.example.com,2026-05-23 03:55:33,Left voicemail,Sales call,ACME-A001970
david.montgomery@cruzplc.example.com,2026-05-23 04:45:21,Connected,Sales call,ACME-A001973
joan.leach@watersgreenandobrien.example.com,2026-05-23 06:51:54,No answer,Sales call,ACME-A001975
marilyn.meyers@parrishwilliamsandjames.example.com,2026-05-23 07:03:55,No answer,Sales call,ACME-A001976
marc.fuller@salazarbyrd.example.com,2026-05-23 11:59:10,Left voicemail,Sales call,ACME-A001981
aaron.lawson@brooksmartinandclayton.example.com,2026-05-23 12:07:29,Left voicemail,Sales call,ACME-A001982
gregg.torres@lewisltd.example.com,2026-05-23 12:15:26,Left voicemail,Sales call,ACME-A001983
william.roberson@taylorgordon.example.com,2026-05-23 12:18:49,No answer,Sales call,ACME-A001984
jennifer.townsend@floreswoods.example.com,2026-05-23 12:39:32,Connected,Sales call,ACME-A001985
kristin.peters@andersongonzalezandgardn.example.com,2026-05-23 15:47:21,Connected,Sales call,ACME-A001989
jeremy.stewart@lamllc.example.com,2026-05-23 15:51:00,Left voicemail,Sales call,ACME-A001990
joshua.johnson@baldwinllc.example.com,2026-05-23 17:01:40,Left voicemail,Sales call,ACME-A001991
natalie.martinez@smithewingandstewart.example.com,2026-05-23 17:47:22,Connected,Sales call,ACME-A001994
steven.curry@shahharrison.example.com,2026-05-23 19:58:50,No answer,Sales call,ACME-A001997
kristen.anderson@mcdonaldshah.example.com,2026-05-23 21:19:06,Connected,Sales call,ACME-A001999
william.hernandez@wilsonbennettandcollins.example.com,2026-05-23 22:33:55,Left voicemail,Sales call,ACME-A002000
charles.bailey@hernandezllc.example.com,2026-05-23 22:48:53,Connected,Sales call,ACME-A002001
renee.woods@linsnyderandsmith.example.com,2026-05-24 00:15:10,Left voicemail,Sales call,ACME-A002002
meagan.clarke@hamptongroup.example.com,2026-05-24 02:16:09,Connected,Sales call,ACME-A002005
tina.gibbs@suarezjimenez.example.com,2026-05-24 02:27:30,Left voicemail,Sales call,ACME-A002006
elizabeth.valenzuela@savageschmidtandboyd.example.com,2026-05-24 03:02:17,Connected,Sales call,ACME-A002008
zachary.stevens@simsltd.example.com,2026-05-24 03:03:40,Connected,Sales call,ACME-A002009
laurie.brown@horngroup.example.com,2026-05-24 04:06:32,No answer,Sales call,ACME-A002011
joseph.brooks@johnsonplc.example.com,2026-05-24 04:43:03,No answer,Sales call,ACME-A002013
bailey.hale@smithtaylorandlarson.example.com,2026-05-24 04:53:55,Connected,Sales call,ACME-A002014
kevin.jackson@griffincarroll.example.com,2026-05-24 05:03:40,Connected,Sales call,ACME-A002015
terrence.gibson@gilbertlucas.example.com,2026-05-24 05:44:10,No answer,Sales call,ACME-A002016
lisa.york@lovefoster.example.com,2026-05-24 05:58:53,Left voicemail,Sales call,ACME-A002017
amanda.jones@harrisplc.example.com,2026-05-24 06:53:35,Connected,Sales call,ACME-A002018
marc.williams@diazhughesandeaton.example.com,2026-05-24 08:03:45,Connected,Sales call,ACME-A002019
taylor.ewing@johnsonplc.example.com,2026-05-24 09:14:00,Connected,Sales call,ACME-A002020
jennifer.murphy@huertabrownandmendez.example.com,2026-05-24 10:33:33,No answer,Sales call,ACME-A002021
douglas.wang@smithandsons.example.com,2026-05-24 11:58:20,No answer,Sales call,ACME-A002023
larry.jones@hendersonphillipsandsmit.example.com,2026-05-24 12:06:13,Connected,Sales call,ACME-A002024
douglas.wang@smithandsons.example.com,2026-05-24 12:21:21,Left voicemail,Sales call,ACME-A002025
todd.sparks@parkerhutchinson.example.com,2026-05-24 12:23:53,No answer,Sales call,ACME-A002026
lacey.clark@beckerinc.example.com,2026-05-24 14:40:00,Left voicemail,Sales call,ACME-A002028
kyle.scott@roblesmannandball.example.com,2026-05-24 15:23:55,Connected,Sales call,ACME-A002030
james.fitzgerald@leepowellandcampbell.example.com,2026-05-24 17:07:09,No answer,Sales call,ACME-A002032
janice.aguilar@bennettevansandalvarado.example.com,2026-05-24 18:22:25,No answer,Sales call,ACME-A002033
susan.simpson@torresmorrison.example.com,2026-05-24 18:25:37,Connected,Sales call,ACME-A002034
matthew.hancock@rossporter.example.com,2026-05-24 18:31:10,No answer,Sales call,ACME-A002035
charles.velasquez@burkeinc.example.com,2026-05-24 19:02:51,No answer,Sales call,ACME-A002036
george.bell@douglasinc.example.com,2026-05-24 21:30:26,Left voicemail,Sales call,ACME-A002037
lisa.newman@carrillobradleyandbuck.example.com,2026-05-25 01:19:18,No answer,Sales call,ACME-A002039
juan.mccormick@welchgarcia.example.com,2026-05-25 01:25:13,Connected,Sales call,ACME-A002040
james.ramirez@douglaspineda.example.com,2026-05-25 02:18:25,No answer,Sales call,ACME-A002042
jacob.little@francophillips.example.com,2026-05-25 03:37:09,No answer,Sales call,ACME-A002046
william.roberson@taylorgordon.example.com,2026-05-25 05:14:33,Connected,Sales call,ACME-A002047
wendy.brock@perezdillon.example.com,2026-05-25 05:40:49,Left voicemail,Sales call,ACME-A002048
lindsey.rush@ryannorris.example.com,2026-05-25 09:21:43,Connected,Sales call,ACME-A002054
adrian.mcgee@gardnercarterandsanders.example.com,2026-05-25 09:56:33,Left voicemail,Sales call,ACME-A002056
angela.salinas@reedmiller.example.com,2026-05-25 10:25:05,No answer,Sales call,ACME-A002057
teresa.miller@johnsonli.example.com,2026-05-25 10:26:00,No answer,Sales call,ACME-A002058
charles.oliver@mcbrideinc.example.com,2026-05-25 12:00:59,No answer,Sales call,ACME-A002063
jennifer.thomas@pearsonrandolphanddougla.example.com,2026-05-25 12:33:32,Connected,Sales call,ACME-A002065
joseph.proctor@collinsgroup.example.com,2026-05-25 12:37:19,No answer,Sales call,ACME-A002066
stephanie.morrow@smithjones.example.com,2026-05-25 13:40:34,No answer,Sales call,ACME-A002069
james.collins@vazquezmendezandwinters.example.com,2026-05-25 13:59:07,Connected,Sales call,ACME-A002070
james.ramirez@douglaspineda.example.com,2026-05-25 15:41:50,No answer,Sales call,ACME-A002073
daryl.green@ellisplc.example.com,2026-05-25 16:10:19,Connected,Sales call,ACME-A002074
nathan.erickson@mcculloughandsons.example.com,2026-05-25 16:34:58,Connected,Sales call,ACME-A002075
tina.myers@skinnerhernandezandlloyd.example.com,2026-05-25 18:29:30,No answer,Sales call,ACME-A002079
katie.guerra@estradageorgeandmurray.example.com,2026-05-25 18:30:18,Connected,Sales call,ACME-A002080
heather.anderson@webbthorntonandsmith.example.com,2026-05-25 18:32:13,No answer,Sales call,ACME-A002081
brian.davenport@coxcherry.example.com,2026-05-25 18:51:39,No answer,Sales call,ACME-A002082
yvonne.jones@baileylawrenceandduncan.example.com,2026-05-25 19:04:05,Connected,Sales call,ACME-A002083
richard.miller@bentleyjenkins.example.com,2026-05-25 19:30:22,Left voicemail,Sales call,ACME-A002084
scott.jones@richardsfieldsandmann.example.com,2026-05-25 19:56:15,No answer,Sales call,ACME-A002087
carla.chavez@floresplc.example.com,2026-05-25 21:38:58,Left voicemail,Sales call,ACME-A002089
richard.washington@petersvasquez.example.com,2026-05-25 21:39:46,Connected,Sales call,ACME-A002090
matthew.moore@johnsonbeck.example.com,2026-05-25 23:25:11,Connected,Sales call,ACME-A002092
jose.randall@beckbradshawandcannon.example.com,2026-05-25 23:49:53,Left voicemail,Sales call,ACME-A002093
james.flores@lopezparkerandacevedo.example.com,2026-05-26 00:42:44,Left voicemail,Sales call,ACME-A002094
john.garcia@ortizltd.example.com,2026-05-26 00:54:54,No answer,Sales call,ACME-A002095
jose.hamilton@burtonwalkerandking.example.com,2026-05-26 01:01:07,Connected,Sales call,ACME-A002096
jason.richards@taylorinc.example.com,2026-05-26 01:36:58,No answer,Sales call,ACME-A002097
greg.lester@smithandsons.example.com,2026-05-26 06:17:46,Left voicemail,Sales call,ACME-A002103
nicole.horne@bellplc.example.com,2026-05-26 08:57:55,Left voicemail,Sales call,ACME-A002107
todd.miller@coxgroup.example.com,2026-05-26 09:18:59,Connected,Sales call,ACME-A002108
elizabeth.brennan@woodmartin.example.com,2026-05-26 09:22:16,Left voicemail,Sales call,ACME-A002109
alexandra.everett@maddenchavezandramirez.example.com,2026-05-26 13:00:10,No answer,Sales call,ACME-A002113
marc.fuller@salazarbyrd.example.com,2026-05-26 13:30:36,No answer,Sales call,ACME-A002114
mary.chapman@russocaldwell.example.com,2026-05-26 14:02:22,Left voicemail,Sales call,ACME-A002115
james.ramirez@prestondurham.example.com,2026-05-26 14:07:56,Connected,Sales call,ACME-A002116
brian.shaw@weberinc.example.com,2026-05-26 15:07:43,Connected,Sales call,ACME-A002117
michael.pierce@hicksreid.example.com,2026-05-26 15:27:04,Connected,Sales call,ACME-A002118
janet.kim@raykelly.example.com,2026-05-26 16:56:08,Left voicemail,Sales call,ACME-A002120
brenda.owen@sanchezbarrett.example.com,2026-05-26 20:42:23,Left voicemail,Sales call,ACME-A002127
stephanie.morrow@smithjones.example.com,2026-05-26 20:48:09,No answer,Sales call,ACME-A002128
lindsey.rush@ryannorris.example.com,2026-05-26 21:40:53,Connected,Sales call,ACME-A002129
randy.gallagher@smithrobinson.example.com,2026-05-27 00:53:19,Connected,Sales call,ACME-A002133
patricia.gonzalez@leonllc.example.com,2026-05-27 03:00:06,Left voicemail,Sales call,ACME-A002136
susan.simpson@torresmorrison.example.com,2026-05-27 03:32:39,No answer,Sales call,ACME-A002138
mark.maddox@blanchardprestonandowens.example.com,2026-05-27 04:38:30,No answer,Sales call,ACME-A002140
amy.blake@hillllc.example.com,2026-05-27 07:35:18,Connected,Sales call,ACME-A002146
reginald.gonzalez@adamsbushandrobinson.example.com,2026-05-27 07:50:40,Left voicemail,Sales call,ACME-A002148
kimberly.parker@scottdawsonandhines.example.com,2026-05-27 10:05:06,No answer,Sales call,ACME-A002149
brian.davenport@coxcherry.example.com,2026-05-27 11:44:49,No answer,Sales call,ACME-A002153
teresa.smith@lucasdunnandstewart.example.com,2026-05-27 12:03:59,Left voicemail,Sales call,ACME-A002155
jill.williams@williamscaseyandyork.example.com,2026-05-27 13:19:48,Left voicemail,Sales call,ACME-A002156
crystal.peterson@rodriguezwalker.example.com,2026-05-27 13:31:25,Connected,Sales call,ACME-A002157
monica.fisher@robertsandsons.example.com,2026-05-27 14:58:24,Connected,Sales call,ACME-A002159
jennifer.newton@martinthompson.example.com,2026-05-27 15:26:39,Left voicemail,Sales call,ACME-A002162
angela.williams@gonzalezcalhoun.example.com,2026-05-27 17:54:00,Connected,Sales call,ACME-A002167
peter.smith@gatesandsons.example.com,2026-05-27 18:37:37,Connected,Sales call,ACME-A002169
david.taylor@hamiltonltd.example.com,2026-05-27 21:11:38,Connected,Sales call,ACME-A002174
rebecca.bennett@elliottgroup.example.com,2026-05-28 00:54:25,Left voicemail,Sales call,ACME-A002175
todd.macdonald@campbellrivera.example.com,2026-05-28 02:10:07,Connected,Sales call,ACME-A002180
alexandra.everett@maddenchavezandramirez.example.com,2026-05-28 03:19:59,Left voicemail,Sales call,ACME-A002182
luke.richardson@hollandllc.example.com,2026-05-28 06:06:18,Connected,Sales call,ACME-A002187
darren.cameron@petersenltd.example.com,2026-05-28 07:10:51,No answer,Sales call,ACME-A002188
laura.kirby@marksdanielsandbartlett.example.com,2026-05-28 08:43:45,No answer,Sales call,ACME-A002189
steven.morales@langinc.example.com,2026-05-28 09:49:06,No answer,Sales call,ACME-A002192
brenda.owen@sanchezbarrett.example.com,2026-05-28 12:38:17,Connected,Sales call,ACME-A002195
anthony.stewart@rossbentleyandmarks.example.com,2026-05-28 13:31:33,Left voicemail,Sales call,ACME-A002197
christie.smith@moraltd.example.com,2026-05-28 14:44:43,Connected,Sales call,ACME-A002198
rebecca.riley@saundershubbard.example.com,2026-05-28 15:13:55,Left voicemail,Sales call,ACME-A002199
matthew.smith@smithriley.example.com,2026-05-28 15:24:47,No answer,Sales call,ACME-A002200
anna.bailey@martinphillipsandramos.example.com,2026-05-28 16:06:23,Connected,Sales call,ACME-A002201
heather.long@bradymiller.example.com,2026-05-28 17:17:43,Left voicemail,Sales call,ACME-A002203
john.brown@campbellshawandgarcia.example.com,2026-05-28 17:18:52,Connected,Sales call,ACME-A002204
nancy.cruz@jamesrobertsandholland.example.com,2026-05-28 17:54:53,Connected,Sales call,ACME-A002206
elizabeth.sanders@sandersperryandmay.example.com,2026-05-28 19:06:38,No answer,Sales call,ACME-A002207
dana.stephens@greenpayneandmontes.example.com,2026-05-28 19:17:06,Left voicemail,Sales call,ACME-A002208
cassidy.hicks@josephingram.example.com,2026-05-28 23:39:40,No answer,Sales call,ACME-A002216
james.middleton@hopkinschurchandjones.example.com,2026-05-29 01:35:47,Connected,Sales call,ACME-A002217
james.williams@gatesscott.example.com,2026-05-29 03:30:15,Left voicemail,Sales call,ACME-A002221
erica.james@banksballard.example.com,2026-05-29 06:58:11,Left voicemail,Sales call,ACME-A002224
michael.herring@gilbertwalkerandrose.example.com,2026-05-29 07:22:22,Left voicemail,Sales call,ACME-A002225
angel.martin@ayersgroup.example.com,2026-05-29 07:24:30,Connected,Sales call,ACME-A002226
martha.dixon@watsonjohnsonandbishop.example.com,2026-05-29 08:23:36,No answer,Sales call,ACME-A002227
matthew.smith@smithriley.example.com,2026-05-29 09:18:57,No answer,Sales call,ACME-A002230
lisa.mays@lanemoore.example.com,2026-05-29 10:13:53,Left voicemail,Sales call,ACME-A002231
tracey.navarro@doylelowe.example.com,2026-05-29 10:44:57,Connected,Sales call,ACME-A002233
erik.gomez@huffballard.example.com,2026-05-29 10:47:52,Left voicemail,Sales call,ACME-A002234
veronica.nichols@carlsonalexander.example.com,2026-05-29 11:50:57,Connected,Sales call,ACME-A002236
cory.bennett@bakersmith.example.com,2026-05-29 13:15:58,Connected,Sales call,ACME-A002238
tiffany.mack@snyderplc.example.com,2026-05-29 14:15:24,Left voicemail,Sales call,ACME-A002239
erika.west@dyerjohnsonandlopez.example.com,2026-05-29 14:50:19,No answer,Sales call,ACME-A002240
douglas.rodriguez@jonessmithandward.example.com,2026-05-29 14:59:17,No answer,Sales call,ACME-A002242
rodney.sparks@trevinoharris.example.com,2026-05-29 16:58:37,No answer,Sales call,ACME-A002243
michael.clark@vaughninc.example.com,2026-05-29 17:08:49,Left voicemail,Sales call,ACME-A002244
christina.jackson@wilsonmezaandbishop.example.com,2026-05-29 18:06:57,Connected,Sales call,ACME-A002246
blake.chavez@craneadamsandnguyen.example.com,2026-05-29 18:11:28,Left voicemail,Sales call,ACME-A002247
dillon.johnson@delgadokingandsanchez.example.com,2026-05-29 18:33:54,Connected,Sales call,ACME-A002249
barbara.williams@thomasmatthews.example.com,2026-05-29 18:37:05,No answer,Sales call,ACME-A002250
derrick.grimes@fisherrichardsonanddougl.example.com,2026-05-29 19:04:15,No answer,Sales call,ACME-A002251
brian.davenport@coxcherry.example.com,2026-05-29 22:55:03,Connected,Sales call,ACME-A002255
david.walker@hammondcarrillo.example.com,2026-05-29 23:23:38,Connected,Sales call,ACME-A002257
james.martinez@campbellplc.example.com,2026-05-29 23:31:18,Left voicemail,Sales call,ACME-A002258
susan.hernandez@allenmartinez.example.com,2026-05-30 00:38:08,Connected,Sales call,ACME-A002261
joan.leach@watersgreenandobrien.example.com,2026-05-30 01:40:12,Connected,Sales call,ACME-A002263
christine.lee@costabeard.example.com,2026-05-30 03:41:01,No answer,Sales call,ACME-A002267
patricia.miller@stantonphillipsandmcfarl.example.com,2026-05-30 05:02:36,Connected,Sales call,ACME-A002268
samantha.murphy@stephensllc.example.com,2026-05-30 06:57:34,Connected,Sales call,ACME-A002270
samantha.murphy@stephensllc.example.com,2026-05-30 08:05:57,Left voicemail,Sales call,ACME-A002272
hannah.butler@webbbrown.example.com,2026-05-30 14:41:45,No answer,Sales call,ACME-A002276
sarah.johnson@mitchellgroup.example.com,2026-05-30 15:25:00,No answer,Sales call,ACME-A002278
jimmy.conner@pettyjohnson.example.com,2026-05-30 16:26:31,No answer,Sales call,ACME-A002279
christopher.hanson@bakerllc.example.com,2026-05-30 18:03:11,Left voicemail,Sales call,ACME-A002282
stephanie.stevens@williamsmiles.example.com,2026-05-30 20:43:53,Left voicemail,Sales call,ACME-A002286
jane.ford@vazquezprinceandjohnson.example.com,2026-05-30 21:25:07,Left voicemail,Sales call,ACME-A002287
joseph.brooks@johnsonplc.example.com,2026-05-30 21:33:36,Left voicemail,Sales call,ACME-A002288
henry.nielsen@olsengroup.example.com,2026-05-30 22:40:42,Connected,Sales call,ACME-A002291
lynn.anderson@nortonalvarez.example.com,2026-05-30 23:00:38,Connected,Sales call,ACME-A002292
christopher.taylor@harperfernandez.example.com,2026-05-30 23:40:00,Left voicemail,Sales call,ACME-A002293
daniel.burnett@burnssmith.example.com,2026-05-31 02:01:05,Left voicemail,Sales call,ACME-A002296
douglas.rodriguez@jonessmithandward.example.com,2026-05-31 02:02:08,No answer,Sales call,ACME-A002297
stephanie.stevens@williamsmiles.example.com,2026-05-31 02:11:58,No answer,Sales call,ACME-A002298
kelly.page@hillgroup.example.com,2026-05-31 03:34:43,Left voicemail,Sales call,ACME-A002299
brenda.owen@sanchezbarrett.example.com,2026-05-31 04:04:21,Left voicemail,Sales call,ACME-A002300
thomas.hunt@vaughanhall.example.com,2026-05-31 04:14:39,Connected,Sales call,ACME-A002301
brittany.white@cochrangroup.example.com,2026-05-31 05:27:15,Connected,Sales call,ACME-A002303
jennifer.kane@floresplc.example.com,2026-05-31 06:03:27,No answer,Sales call,ACME-A002304
peter.miller@thomasjonesandjones.example.com,2026-05-31 09:00:53,Connected,Sales call,ACME-A002308
tammy.cooper@johnsongeorge.example.com,2026-05-31 09:26:41,Connected,Sales call,ACME-A002310
daniel.burnett@burnssmith.example.com,2026-05-31 10:07:34,No answer,Sales call,ACME-A002311
john.brown@campbellshawandgarcia.example.com,2026-05-31 10:26:39,Left voicemail,Sales call,ACME-A002312
james.flores@lopezparkerandacevedo.example.com,2026-05-31 10:31:07,Connected,Sales call,ACME-A002313
kyle.scott@roblesmannandball.example.com,2026-05-31 11:12:52,Left voicemail,Sales call,ACME-A002315
joseph.brooks@johnsonplc.example.com,2026-05-31 11:51:29,Connected,Sales call,ACME-A002318
jennifer.newton@martinthompson.example.com,2026-05-31 14:41:24,No answer,Sales call,ACME-A002322
rebecca.rodriguez@stevensnguyen.example.com,2026-05-31 17:28:22,Connected,Sales call,ACME-A002326
adam.knight@marshandsons.example.com,2026-05-31 17:51:19,Connected,Sales call,ACME-A002327
oscar.franco@kingrios.example.com,2026-05-31 17:53:22,No answer,Sales call,ACME-A002328
douglas.wang@smithandsons.example.com,2026-05-31 19:00:37,No answer,Sales call,ACME-A002331
elizabeth.sanders@sandersperryandmay.example.com,2026-05-31 20:39:51,No answer,Sales call,ACME-A002334
mary.chapman@russocaldwell.example.com,2026-05-31 21:05:18,No answer,Sales call,ACME-A002335
patricia.miller@stantonphillipsandmcfarl.example.com,2026-05-31 21:33:11,Connected,Sales call,ACME-A002338
michael.clark@vaughninc.example.com,2026-05-31 23:38:27,No answer,Sales call,ACME-A002342
deanna.burton@smithgillespie.example.com,2026-05-31 23:50:22,No answer,Sales call,ACME-A002343
laura.kirby@marksdanielsandbartlett.example.com,2026-06-01 00:35:58,No answer,Sales call,ACME-A002344
christopher.davis@smithinc.example.com,2026-06-01 00:40:37,Connected,Sales call,ACME-A002346
jason.richards@taylorinc.example.com,2026-06-01 01:04:24,Connected,Sales call,ACME-A002347
brian.davenport@coxcherry.example.com,2026-06-01 03:10:04,No answer,Sales call,ACME-A002350
marilyn.meyers@parrishwilliamsandjames.example.com,2026-06-01 04:39:42,Left voicemail,Sales call,ACME-A002352
annette.stewart@medinagrantandburton.example.com,2026-06-01 05:15:40,Connected,Sales call,ACME-A002355
deanna.burton@smithgillespie.example.com,2026-06-01 06:57:30,Left voicemail,Sales call,ACME-A002356
sarah.thomas@hamiltonreid.example.com,2026-06-01 07:04:51,Left voicemail,Sales call,ACME-A002357
alicia.thomas@morenomendozaandhancock.example.com,2026-06-01 10:30:35,Left voicemail,Sales call,ACME-A002361
fred.powell@floresanderson.example.com,2026-06-01 12:18:09,No answer,Sales call,ACME-A002364
heather.pierce@smithdawsonandpacheco.example.com,2026-06-01 12:43:21,No answer,Sales call,ACME-A002365
lacey.clark@beckerinc.example.com,2026-06-01 13:48:54,Left voicemail,Sales call,ACME-A002369
franklin.soto@galvanwright.example.com,2026-06-01 15:06:12,Connected,Sales call,ACME-A002371
lindsay.fernandez@moragregory.example.com,2026-06-01 15:34:10,No answer,Sales call,ACME-A002372
kirk.garcia@osborneinc.example.com,2026-06-01 15:49:04,No answer,Sales call,ACME-A002373
martha.dixon@watsonjohnsonandbishop.example.com,2026-06-01 15:51:08,Left voicemail,Sales call,ACME-A002374
cameron.gutierrez@lewisltd.example.com,2026-06-01 17:01:41,No answer,Sales call,ACME-A002376
megan.hayden@laraandsons.example.com,2026-06-01 17:48:17,Left voicemail,Sales call,ACME-A002377
traci.carrillo@thompsonllc.example.com,2026-06-01 19:13:01,No answer,Sales call,ACME-A002381
brittany.white@cochrangroup.example.com,2026-06-01 20:00:13,Left voicemail,Sales call,ACME-A002382
amanda.jones@harrisplc.example.com,2026-06-01 20:31:46,No answer,Sales call,ACME-A002384
christopher.rivera@gonzalezllc.example.com,2026-06-01 20:42:53,No answer,Sales call,ACME-A002385
mitchell.hughes@lynchhartmanandgreen.example.com,2026-06-01 21:03:01,Connected,Sales call,ACME-A002386
monica.jackson@hartltd.example.com,2026-06-01 21:56:07,Connected,Sales call,ACME-A002389
tina.gibbs@suarezjimenez.example.com,2026-06-01 22:23:14,No answer,Sales call,ACME-A002391
william.joseph@robinsonjordanandgutierr.example.com,2026-06-01 22:58:31,No answer,Sales call,ACME-A002392
tim.kane@whitedavis.example.com,2026-06-01 23:08:58,Left voicemail,Sales call,ACME-A002393
amber.horton@spencerandsons.example.com,2026-06-01 23:21:01,Connected,Sales call,ACME-A002394
katherine.day@gomezllc.example.com,2026-06-02 00:30:52,No answer,Sales call,ACME-A002395
elizabeth.aguilar@johnsonltd.example.com,2026-06-02 01:17:24,Left voicemail,Sales call,ACME-A002398
susan.hernandez@allenmartinez.example.com,2026-06-02 01:30:06,No answer,Sales call,ACME-A002399
johnny.turner@benderalexanderandmccart.example.com,2026-06-02 02:40:03,No answer,Sales call,ACME-A002401
reginald.gonzalez@adamsbushandrobinson.example.com,2026-06-02 02:58:07,Connected,Sales call,ACME-A002402
mark.maddox@blanchardprestonandowens.example.com,2026-06-02 04:58:22,No answer,Sales call,ACME-A002406
linda.potter@lopezplc.example.com,2026-06-02 06:25:45,Connected,Sales call,ACME-A002407
alicia.kelly@watsonltd.example.com,2026-06-02 08:21:18,No answer,Sales call,ACME-A002410
erica.peterson@gibbslawrence.example.com,2026-06-02 09:29:27,No answer,Sales call,ACME-A002411
autumn.smith@huffmanbyrdandroberts.example.com,2026-06-02 09:33:50,No answer,Sales call,ACME-A002412
adrian.mcgee@gardnercarterandsanders.example.com,2026-06-02 11:24:18,No answer,Sales call,ACME-A002414
ronald.torres@alvaradostrong.example.com,2026-06-02 12:15:51,No answer,Sales call,ACME-A002416
bonnie.tanner@murilloandsons.example.com,2026-06-02 12:48:23,No answer,Sales call,ACME-A002417
susan.cox@pricellc.example.com,2026-06-02 14:01:07,Connected,Sales call,ACME-A002418
thomas.huang@dunnmiller.example.com,2026-06-02 14:08:38,No answer,Sales call,ACME-A002419
lindsay.pollard@jacksonreedandgarcia.example.com,2026-06-02 14:31:46,Connected,Sales call,ACME-A002420
kenneth.porter@davisrodriguez.example.com,2026-06-02 14:32:04,Connected,Sales call,ACME-A002421
deanna.benson@weaverinc.example.com,2026-06-02 14:35:19,No answer,Sales call,ACME-A002422
sheri.mclaughlin@munozbrownandrichardson.example.com,2026-06-02 14:55:02,Connected,Sales call,ACME-A002423
brian.shaw@weberinc.example.com,2026-06-02 15:55:43,Left voicemail,Sales call,ACME-A002426
james.harris@bishopsullivanandluna.example.com,2026-06-02 16:02:28,Connected,Sales call,ACME-A002427
jennifer.petty@hoodreese.example.com,2026-06-02 16:06:09,Left voicemail,Sales call,ACME-A002428
peter.coleman@kempgroup.example.com,2026-06-02 16:16:54,No answer,Sales call,ACME-A002430
stacy.robinson@harrisellison.example.com,2026-06-02 17:07:02,No answer,Sales call,ACME-A002431
jessica.novak@johnsonstevensandtran.example.com,2026-06-02 17:58:56,Left voicemail,Sales call,ACME-A002432
kimberly.harris@evansbrownandscott.example.com,2026-06-02 19:30:06,No answer,Sales call,ACME-A002434
michael.mccullough@barberarnold.example.com,2026-06-02 21:26:09,Connected,Sales call,ACME-A002436
joseph.poole@bradyltd.example.com,2026-06-02 23:12:06,Left voicemail,Sales call,ACME-A002438
christopher.nielsen@garciagroup.example.com,2026-06-02 23:37:00,No answer,Sales call,ACME-A002439
brian.dominguez@jenningsmoore.example.com,2026-06-03 01:07:43,No answer,Sales call,ACME-A002441
rebecca.reyes@smithandsons.example.com,2026-06-03 01:44:14,Left voicemail,Sales call,ACME-A002442
annette.stewart@medinagrantandburton.example.com,2026-06-03 05:11:13,Left voicemail,Sales call,ACME-A002445
mary.stevenson@florescooper.example.com,2026-06-03 07:10:29,No answer,Sales call,ACME-A002447
ashley.walker@tylerking.example.com,2026-06-03 07:54:55,Connected,Sales call,ACME-A002448
tyler.kennedy@fleminglowe.example.com,2026-06-03 10:34:19,No answer,Sales call,ACME-A002452
matthew.berry@crossmartinezandperez.example.com,2026-06-03 14:01:28,No answer,Sales call,ACME-A002462
leroy.nolan@galvanandsons.example.com,2026-06-03 14:07:41,No answer,Sales call,ACME-A002463
jessica.olson@lopezcook.example.com,2026-06-03 14:27:02,No answer,Sales call,ACME-A002465
joseph.proctor@collinsgroup.example.com,2026-06-03 15:02:59,No answer,Sales call,ACME-A002467
jodi.clark@williamstaylorandcooley.example.com,2026-06-03 15:45:03,No answer,Sales call,ACME-A002468
joan.leach@watersgreenandobrien.example.com,2026-06-03 15:48:45,Left voicemail,Sales call,ACME-A002469
ashley.lewis@garciainc.example.com,2026-06-03 15:49:31,Connected,Sales call,ACME-A002470
james.hansen@duranrogersandhernandez.example.com,2026-06-03 17:13:37,Left voicemail,Sales call,ACME-A002472
philip.edwards@jenkinsvelazquez.example.com,2026-06-03 18:49:48,No answer,Sales call,ACME-A002478
marissa.pham@gilesconwayandmcgee.example.com,2026-06-03 19:18:53,Connected,Sales call,ACME-A002479
gregg.torres@lewisltd.example.com,2026-06-03 21:05:32,Left voicemail,Sales call,ACME-A002482
shawn.pacheco@garciaandsons.example.com,2026-06-03 23:22:11,Connected,Sales call,ACME-A002487
martin.ross@barrerainc.example.com,2026-06-04 00:32:42,Connected,Sales call,ACME-A002490
cameron.gutierrez@lewisltd.example.com,2026-06-04 02:46:06,Connected,Sales call,ACME-A002492
allison.obrien@woodkramer.example.com,2026-06-04 04:34:52,Left voicemail,Sales call,ACME-A002496
tammy.gonzalez@maywaltersandbush.example.com,2026-06-04 04:36:04,No answer,Sales call,ACME-A002497
derrick.mann@fieldsandsons.example.com,2026-06-04 04:58:58,Connected,Sales call,ACME-A002498
wanda.evans@whiteshields.example.com,2026-06-04 05:40:11,Connected,Sales call,ACME-A002499
dawn.cowan@wilsonltd.example.com,2026-06-04 07:13:02,No answer,Sales call,ACME-A002500
amy.bennett@greenoliverandjones.example.com,2026-06-04 08:21:52,No answer,Sales call,ACME-A002502
joshua.rodriguez@longcampos.example.com,2026-06-04 09:38:30,Left voicemail,Sales call,ACME-A002504
monica.hampton@rivasroberts.example.com,2026-06-04 09:42:07,Left voicemail,Sales call,ACME-A002505
christopher.rivera@gonzalezllc.example.com,2026-06-04 10:15:41,Left voicemail,Sales call,ACME-A002507
charles.oliver@mcbrideinc.example.com,2026-06-04 11:55:32,No answer,Sales call,ACME-A002511
madison.ballard@williamsplc.example.com,2026-06-04 11:57:30,Connected,Sales call,ACME-A002512
nathan.miller@barnescarpenterandmartin.example.com,2026-06-04 12:36:50,No answer,Sales call,ACME-A002513
stacy.hanna@hudsonrobertsonandlopez.example.com,2026-06-04 12:48:31,No answer,Sales call,ACME-A002514
kenneth.porter@davisrodriguez.example.com,2026-06-04 13:34:12,Connected,Sales call,ACME-A002516
heather.blair@franklinllc.example.com,2026-06-04 14:39:35,No answer,Sales call,ACME-A002518
joseph.lewis@parkersmithandyoder.example.com,2026-06-04 14:44:09,Connected,Sales call,ACME-A002519
kelly.parker@stewartplc.example.com,2026-06-04 14:54:36,Connected,Sales call,ACME-A002520
anthony.wood@tannerleach.example.com,2026-06-04 15:05:25,Connected,Sales call,ACME-A002521
robert.caldwell@robertsonsmithandyates.example.com,2026-06-04 17:58:14,Left voicemail,Sales call,ACME-A002524
stephanie.dixon@campbellltd.example.com,2026-06-04 18:03:11,Left voicemail,Sales call,ACME-A002525
mark.murphy@douglaspatel.example.com,2026-06-04 18:23:16,No answer,Sales call,ACME-A002526
matthew.berry@crossmartinezandperez.example.com,2026-06-04 18:50:27,No answer,Sales call,ACME-A002527
gregory.townsend@campbellriveraandlane.example.com,2026-06-04 18:56:44,No answer,Sales call,ACME-A002528
grace.munoz@colemanplc.example.com,2026-06-04 18:58:01,No answer,Sales call,ACME-A002529
jason.richards@taylorinc.example.com,2026-06-04 21:58:14,Connected,Sales call,ACME-A002532
monica.fisher@robertsandsons.example.com,2026-06-04 22:39:37,No answer,Sales call,ACME-A002534
kendra.schultz@villanuevaandsons.example.com,2026-06-04 23:09:25,No answer,Sales call,ACME-A002535
jessica.novak@johnsonstevensandtran.example.com,2026-06-04 23:28:15,No answer,Sales call,ACME-A002537
elizabeth.ward@danielsltd.example.com,2026-06-05 00:33:05,No answer,Sales call,ACME-A002540
heather.cole@fostershea.example.com,2026-06-05 03:18:08,No answer,Sales call,ACME-A002542
angel.martin@ayersgroup.example.com,2026-06-05 03:58:46,No answer,Sales call,ACME-A002543
monica.jackson@hartltd.example.com,2026-06-05 04:20:04,Connected,Sales call,ACME-A002544
todd.miller@coxgroup.example.com,2026-06-05 07:06:19,Connected,Sales call,ACME-A002549
elizabeth.ward@danielsltd.example.com,2026-06-05 08:09:50,Connected,Sales call,ACME-A002550
gregg.torres@lewisltd.example.com,2026-06-05 09:39:41,Left voicemail,Sales call,ACME-A002553
michael.clark@vaughninc.example.com,2026-06-05 09:51:15,Left voicemail,Sales call,ACME-A002554
jessica.novak@johnsonstevensandtran.example.com,2026-06-05 11:25:25,Left voicemail,Sales call,ACME-A002556
roger.hernandez@macdonaldgroup.example.com,2026-06-05 11:36:14,No answer,Sales call,ACME-A002557
allison.obrien@woodkramer.example.com,2026-06-05 11:56:14,Connected,Sales call,ACME-A002560
justin.marshall@russoltd.example.com,2026-06-05 12:42:03,Connected,Sales call,ACME-A002562
tracie.espinoza@wilsonwheeler.example.com,2026-06-05 14:30:24,Left voicemail,Sales call,ACME-A002565
john.walker@rodriguezllc.example.com,2026-06-05 14:30:47,Left voicemail,Sales call,ACME-A002566
willie.taylor@allenplc.example.com,2026-06-05 14:31:08,Connected,Sales call,ACME-A002567
susan.hernandez@allenmartinez.example.com,2026-06-05 18:47:18,Left voicemail,Sales call,ACME-A002573
phillip.johnson@frenchplc.example.com,2026-06-05 19:06:28,No answer,Sales call,ACME-A002575
mark.morris@herringhuberandsmith.example.com,2026-06-05 19:45:10,Connected,Sales call,ACME-A002577
gail.hayes@coxandsons.example.com,2026-06-05 20:52:25,Left voicemail,Sales call,ACME-A002579
teresa.miller@johnsonli.example.com,2026-06-05 21:12:34,No answer,Sales call,ACME-A002580
john.matthews@christensenabbott.example.com,2026-06-05 22:34:05,Left voicemail,Sales call,ACME-A002581
michael.harrington@joneshansenandthompson.example.com,2026-06-05 23:23:40,No answer,Sales call,ACME-A002583
jacqueline.townsend@shepherdshaw.example.com,2026-06-05 23:27:01,Left voicemail,Sales call,ACME-A002584
christopher.stevens@blackjefferson.example.com,2026-06-06 01:11:05,Left voicemail,Sales call,ACME-A002586
kathy.johnson@davischristianandfitzger.example.com,2026-06-06 01:31:32,Left voicemail,Sales call,ACME-A002587
dwayne.gutierrez@sextonlee.example.com,2026-06-06 05:59:21,No answer,Sales call,ACME-A002592
william.joseph@robinsonjordanandgutierr.example.com,2026-06-06 06:15:59,No answer,Sales call,ACME-A002593
tracy.gonzalez@smithhenry.example.com,2026-06-06 06:59:30,No answer,Sales call,ACME-A002595
christopher.delgado@petersensullivan.example.com,2026-06-06 07:01:26,No answer,Sales call,ACME-A002596
heather.blair@franklinllc.example.com,2026-06-06 08:08:20,No answer,Sales call,ACME-A002597
james.hansen@duranrogersandhernandez.example.com,2026-06-06 08:48:53,No answer,Sales call,ACME-A002598
stacy.robinson@harrisellison.example.com,2026-06-06 08:49:29,No answer,Sales call,ACME-A002599
shawn.pacheco@garciaandsons.example.com,2026-06-06 09:03:14,Left voicemail,Sales call,ACME-A002600
sydney.peterson@maldonadollc.example.com,2026-06-06 10:10:51,No answer,Sales call,ACME-A002601
tracey.adams@powellacostaandwatson.example.com,2026-06-06 12:18:54,Left voicemail,Sales call,ACME-A002602
tina.gibbs@suarezjimenez.example.com,2026-06-06 12:28:42,Connected,Sales call,ACME-A002603
angela.salinas@reedmiller.example.com,2026-06-06 13:26:21,Connected,Sales call,ACME-A002606
jeremy.weber@alvaradogroup.example.com,2026-06-06 14:45:54,Connected,Sales call,ACME-A002609
mary.chapman@russocaldwell.example.com,2026-06-06 17:07:40,No answer,Sales call,ACME-A002611
kevin.gardner@mitchellllc.example.com,2026-06-06 18:15:12,Left voicemail,Sales call,ACME-A002612
heather.pierce@smithdawsonandpacheco.example.com,2026-06-06 20:34:44,Left voicemail,Sales call,ACME-A002616
angel.martin@ayersgroup.example.com,2026-06-06 21:19:54,Connected,Sales call,ACME-A002617
tara.castaneda@bernardjones.example.com,2026-06-07 03:33:21,Connected,Sales call,ACME-A002619
michael.mccullough@barberarnold.example.com,2026-06-07 03:38:33,No answer,Sales call,ACME-A002620
timothy.copeland@collinsbakerandwilliams.example.com,2026-06-07 04:46:44,No answer,Sales call,ACME-A002621
charles.velasquez@burkeinc.example.com,2026-06-07 06:04:23,Left voicemail,Sales call,ACME-A002624
andrew.marks@allenltd.example.com,2026-06-07 06:47:56,No answer,Sales call,ACME-A002625
wendy.perez@russellgriffith.example.com,2026-06-07 08:13:16,Left voicemail,Sales call,ACME-A002626
tiffany.day@garciagonzalezandshaffer.example.com,2026-06-07 12:10:10,Left voicemail,Sales call,ACME-A002631
amanda.jones@harrisplc.example.com,2026-06-07 12:10:40,No answer,Sales call,ACME-A002632
michelle.miller@carpenterbrownandharris.example.com,2026-06-07 12:29:15,Left voicemail,Sales call,ACME-A002633
valerie.jimenez@terryhunter.example.com,2026-06-07 15:10:57,No answer,Sales call,ACME-A002637
rodney.patel@allengreen.example.com,2026-06-07 15:19:24,No answer,Sales call,ACME-A002638
janet.kim@raykelly.example.com,2026-06-07 15:56:30,Connected,Sales call,ACME-A002641
tiffany.day@garciagonzalezandshaffer.example.com,2026-06-07 17:21:27,No answer,Sales call,ACME-A002642
elizabeth.ward@danielsltd.example.com,2026-06-07 22:00:06,Connected,Sales call,ACME-A002647
tina.gibbs@suarezjimenez.example.com,2026-06-07 22:11:50,No answer,Sales call,ACME-A002648
daniel.anthony@gomezbaileyandharper.example.com,2026-06-07 22:40:09,Connected,Sales call,ACME-A002650
debra.evans@noblerossandthompson.example.com,2026-06-07 22:52:18,No answer,Sales call,ACME-A002651
jorge.martin@newmanplc.example.com,2026-06-08 00:57:46,Connected,Sales call,ACME-A002653
philip.edwards@jenkinsvelazquez.example.com,2026-06-08 02:34:38,Connected,Sales call,ACME-A002655
grace.munoz@colemanplc.example.com,2026-06-08 03:29:48,No answer,Sales call,ACME-A002657
lance.allen@salazarharrison.example.com,2026-06-08 06:05:32,Connected,Sales call,ACME-A002661
kristin.king@andrewsinc.example.com,2026-06-08 06:53:19,Left voicemail,Sales call,ACME-A002662
willie.taylor@allenplc.example.com,2026-06-08 09:59:43,Connected,Sales call,ACME-A002663
brian.tyler@smithfloresandwalter.example.com,2026-06-08 10:34:51,Connected,Sales call,ACME-A002664
joshua.herrera@gutierrezinc.example.com,2026-06-08 11:34:08,Connected,Sales call,ACME-A002668
melinda.allen@garciaerickson.example.com,2026-06-08 11:39:14,Left voicemail,Sales call,ACME-A002669
elizabeth.sanders@sandersperryandmay.example.com,2026-06-08 13:02:59,Connected,Sales call,ACME-A002672
tracey.adams@powellacostaandwatson.example.com,2026-06-08 13:47:05,Connected,Sales call,ACME-A002674
dana.stephens@greenpayneandmontes.example.com,2026-06-08 14:19:51,No answer,Sales call,ACME-A002676
miguel.white@johnsonramsey.example.com,2026-06-08 14:49:32,Connected,Sales call,ACME-A002677
jennifer.petty@hoodreese.example.com,2026-06-08 15:58:26,Left voicemail,Sales call,ACME-A002680
beverly.contreras@gayltd.example.com,2026-06-08 15:59:41,Left voicemail,Sales call,ACME-A002681
sue.miller@colemanmccannandarroyo.example.com,2026-06-08 16:35:00,No answer,Sales call,ACME-A002683
peter.luna@barnescalhounandfrench.example.com,2026-06-08 16:36:11,Left voicemail,Sales call,ACME-A002684
jill.williams@williamscaseyandyork.example.com,2026-06-08 16:45:10,Connected,Sales call,ACME-A002685
lindsay.fernandez@moragregory.example.com,2026-06-08 16:52:39,Connected,Sales call,ACME-A002686
daniel.cummings@dennisgroup.example.com,2026-06-08 17:36:12,Connected,Sales call,ACME-A002690
angela.hoover@schmidthall.example.com,2026-06-08 17:47:09,Connected,Sales call,ACME-A002692
danielle.bright@byrdthomasandstevens.example.com,2026-06-08 18:45:38,No answer,Sales call,ACME-A002693
stacy.hanna@hudsonrobertsonandlopez.example.com,2026-06-08 22:22:15,No answer,Sales call,ACME-A002697
jacob.hutchinson@wilsonkimandwallace.example.com,2026-06-08 23:20:55,Connected,Sales call,ACME-A002698
brian.yates@danielsplc.example.com,2026-06-09 00:01:34,No answer,Sales call,ACME-A002699
todd.macdonald@campbellrivera.example.com,2026-06-09 03:17:50,Connected,Sales call,ACME-A002704
tiffany.day@garciagonzalezandshaffer.example.com,2026-06-09 04:25:58,No answer,Sales call,ACME-A002706
peter.coleman@kempgroup.example.com,2026-06-09 04:55:08,Left voicemail,Sales call,ACME-A002708
erica.peterson@gibbslawrence.example.com,2026-06-09 07:45:47,Connected,Sales call,ACME-A002711
joseph.lewis@parkersmithandyoder.example.com,2026-06-09 08:32:27,Left voicemail,Sales call,ACME-A002714
lauren.garcia@wilkinsonkelleyandhughes.example.com,2026-06-09 10:58:22,Left voicemail,Sales call,ACME-A002718
michael.werner@chambersmontes.example.com,2026-06-09 11:20:47,Connected,Sales call,ACME-A002719
adam.woodard@taylorfrost.example.com,2026-06-09 11:44:12,No answer,Sales call,ACME-A002720
lisa.turner@cruzprattandruiz.example.com,2026-06-09 12:12:53,No answer,Sales call,ACME-A002722
jesse.taylor@gordonmiller.example.com,2026-06-09 12:35:17,Connected,Sales call,ACME-A002724
maria.ayers@bennettdrake.example.com,2026-06-09 12:41:30,No answer,Sales call,ACME-A002725
kelly.campbell@mcdowellinc.example.com,2026-06-09 12:46:07,Connected,Sales call,ACME-A002726
mary.phillips@castroltd.example.com,2026-06-09 12:49:11,Connected,Sales call,ACME-A002727
kirk.garcia@osborneinc.example.com,2026-06-09 13:52:12,No answer,Sales call,ACME-A002728
leslie.aguirre@watkinswilkinson.example.com,2026-06-09 13:58:34,Connected,Sales call,ACME-A002729
james.middleton@hopkinschurchandjones.example.com,2026-06-09 14:50:56,Connected,Sales call,ACME-A002730
william.hernandez@mooreandsons.example.com,2026-06-09 15:19:54,Left voicemail,Sales call,ACME-A002731
kim.curry@pughwilsonandallison.example.com,2026-06-09 15:22:19,No answer,Sales call,ACME-A002732
michael.werner@chambersmontes.example.com,2026-06-09 15:27:28,Connected,Sales call,ACME-A002733
jamie.romero@smithtran.example.com,2026-06-09 15:54:05,Left voicemail,Sales call,ACME-A002734
taylor.higgins@lewisplc.example.com,2026-06-09 16:47:00,No answer,Sales call,ACME-A002737
michael.walker@hoovermccormick.example.com,2026-06-09 16:54:34,Left voicemail,Sales call,ACME-A002739
james.vargas@duffyruiz.example.com,2026-06-09 17:03:37,Connected,Sales call,ACME-A002740
jane.norman@hillcarrillo.example.com,2026-06-09 17:08:32,No answer,Sales call,ACME-A002741
leslie.wagner@millerlee.example.com,2026-06-09 17:11:30,Left voicemail,Sales call,ACME-A002742
robert.kim@kelleypeterson.example.com,2026-06-09 18:07:46,Left voicemail,Sales call,ACME-A002745
andrea.beltran@meadowsrodriguezandthoma.example.com,2026-06-09 18:08:10,No answer,Sales call,ACME-A002746
michelle.mckenzie@perezsmith.example.com,2026-06-09 19:10:43,No answer,Sales call,ACME-A002747
andrea.arnold@turnerandsons.example.com,2026-06-09 19:55:11,Connected,Sales call,ACME-A002748
william.harper@lutzfuentes.example.com,2026-06-09 20:44:55,No answer,Sales call,ACME-A002749
matthew.morris@murrayburnett.example.com,2026-06-09 21:07:04,No answer,Sales call,ACME-A002750
dennis.wright@whitemcintyreandryan.example.com,2026-06-09 22:04:03,No answer,Sales call,ACME-A002752
michelle.mckenzie@perezsmith.example.com,2026-06-09 22:08:16,Connected,Sales call,ACME-A002753
amy.rodriguez@whiteandsons.example.com,2026-06-09 22:24:51,No answer,Sales call,ACME-A002754
jeffrey.ramirez@dixonchapman.example.com,2026-06-09 22:46:57,Left voicemail,Sales call,ACME-A002755
autumn.pena@salazarllc.example.com,2026-06-09 23:12:58,No answer,Sales call,ACME-A002756
kathy.nichols@linmccall.example.com,2026-06-09 23:40:25,Connected,Sales call,ACME-A002758
dana.gonzalez@odonnellwalton.example.com,2026-06-10 00:21:48,No answer,Sales call,ACME-A002759
kimberly.parker@scottdawsonandhines.example.com,2026-06-10 00:38:46,Connected,Sales call,ACME-A002760
christopher.davis@smithinc.example.com,2026-06-10 00:55:59,No answer,Sales call,ACME-A002761
jennifer.bridges@hilljuarezandmontgomery.example.com,2026-06-10 01:09:21,Left voicemail,Sales call,ACME-A002762
william.harper@lutzfuentes.example.com,2026-06-10 02:50:10,No answer,Sales call,ACME-A002765
lisa.duke@bellhodgesandberry.example.com,2026-06-10 04:26:44,No answer,Sales call,ACME-A002767
justin.marshall@russoltd.example.com,2026-06-10 04:50:28,Connected,Sales call,ACME-A002771
destiny.mckenzie@fischerltd.example.com,2026-06-10 07:23:35,Connected,Sales call,ACME-A002774
jeffrey.ramirez@dixonchapman.example.com,2026-06-10 07:35:15,Connected,Sales call,ACME-A002775
alexis.nichols@goldenchapmanandgonzalez.example.com,2026-06-10 08:31:39,Connected,Sales call,ACME-A002776
jon.johnson@nicholskrueger.example.com,2026-06-10 09:52:49,No answer,Sales call,ACME-A002778
lisa.mays@lanemoore.example.com,2026-06-10 10:52:20,No answer,Sales call,ACME-A002779
valerie.johnson@frenchreynoldsandwalker.example.com,2026-06-10 11:58:32,Connected,Sales call,ACME-A002781
kayla.moore@hallltd.example.com,2026-06-10 12:21:57,Connected,Sales call,ACME-A002782
courtney.brown@fisherplc.example.com,2026-06-10 13:18:20,Connected,Sales call,ACME-A002785
mary.bell@andersonltd.example.com,2026-06-10 14:48:00,Connected,Sales call,ACME-A002787
william.morris@fosterbrewer.example.com,2026-06-10 16:15:24,Left voicemail,Sales call,ACME-A002789
jason.richards@taylorinc.example.com,2026-06-10 17:01:53,Connected,Sales call,ACME-A002791
joseph.ross@moorefernandez.example.com,2026-06-10 17:42:13,Connected,Sales call,ACME-A002792
marc.johnson@willisandrews.example.com,2026-06-10 18:50:06,Left voicemail,Sales call,ACME-A002794
carol.brown@wilsongroup.example.com,2026-06-10 20:47:33,No answer,Sales call,ACME-A002796
barbara.goodwin@millergrimes.example.com,2026-06-10 23:11:55,No answer,Sales call,ACME-A002799
amy.wilkerson@deanwhiteheadandlogan.example.com,2026-06-10 23:31:28,No answer,Sales call,ACME-A002801
dawn.cowan@wilsonltd.example.com,2026-06-10 23:54:31,No answer,Sales call,ACME-A002802
zachary.roberts@kellerparker.example.com,2026-06-11 03:21:18,No answer,Sales call,ACME-A002806
tammy.gonzalez@maywaltersandbush.example.com,2026-06-11 04:08:49,Connected,Sales call,ACME-A002807
tracie.espinoza@wilsonwheeler.example.com,2026-06-11 04:46:51,Connected,Sales call,ACME-A002808
allen.williams@johnsonphillips.example.com,2026-06-11 06:42:52,Connected,Sales call,ACME-A002811
tiffany.day@garciagonzalezandshaffer.example.com,2026-06-11 06:54:22,No answer,Sales call,ACME-A002812
karen.williams@stewartcohenandjenkins.example.com,2026-06-11 08:27:36,Left voicemail,Sales call,ACME-A002816
valerie.johnson@frenchreynoldsandwalker.example.com,2026-06-11 09:07:04,Left voicemail,Sales call,ACME-A002817
marc.johnson@willisandrews.example.com,2026-06-11 09:46:51,No answer,Sales call,ACME-A002819
william.harper@lutzfuentes.example.com,2026-06-11 13:33:14,No answer,Sales call,ACME-A002822
tracie.espinoza@wilsonwheeler.example.com,2026-06-11 13:44:01,No answer,Sales call,ACME-A002823
shelly.rivera@wardltd.example.com,2026-06-11 14:38:54,Connected,Sales call,ACME-A002824
janet.kim@raykelly.example.com,2026-06-11 16:33:07,No answer,Sales call,ACME-A002827
yvonne.simon@riveracruz.example.com,2026-06-11 16:56:08,No answer,Sales call,ACME-A002829
angelica.bowers@beckerllc.example.com,2026-06-11 18:13:41,No answer,Sales call,ACME-A002830
brittany.white@cochrangroup.example.com,2026-06-11 19:02:16,Left voicemail,Sales call,ACME-A002834
elizabeth.sanders@sandersperryandmay.example.com,2026-06-11 20:25:27,No answer,Sales call,ACME-A002836
paula.wilson@fieldssingh.example.com,2026-06-11 20:44:57,Connected,Sales call,ACME-A002838
james.middleton@hopkinschurchandjones.example.com,2026-06-11 20:58:53,Connected,Sales call,ACME-A002839
victor.jacobs@yangmedinaandyoung.example.com,2026-06-11 21:38:04,Left voicemail,Sales call,ACME-A002841
aaron.walker@wallerfox.example.com,2026-06-11 22:19:25,Left voicemail,Sales call,ACME-A002842
brianna.anderson@romerobushandsmith.example.com,2026-06-11 22:32:42,Left voicemail,Sales call,ACME-A002843
eric.hopkins@jonesinc.example.com,2026-06-12 02:44:01,Connected,Sales call,ACME-A002850
david.white@littlellc.example.com,2026-06-12 02:44:41,Connected,Sales call,ACME-A002851
philip.edwards@jenkinsvelazquez.example.com,2026-06-12 02:48:46,No answer,Sales call,ACME-A002852
autumn.pena@salazarllc.example.com,2026-06-12 03:25:42,No answer,Sales call,ACME-A002853
erica.peterson@gibbslawrence.example.com,2026-06-12 04:20:27,Connected,Sales call,ACME-A002855
joanna.greer@conradholt.example.com,2026-06-12 04:42:51,No answer,Sales call,ACME-A002856
christopher.stevens@blackjefferson.example.com,2026-06-12 05:54:37,No answer,Sales call,ACME-A002857
ryan.romero@whiteinc.example.com,2026-06-12 07:49:28,No answer,Sales call,ACME-A002859
robert.cunningham@guerrerokingandmoon.example.com,2026-06-12 07:57:58,No answer,Sales call,ACME-A002861
christina.lopez@williamsowens.example.com,2026-06-12 08:54:50,No answer,Sales call,ACME-A002863
molly.fritz@ramirezmoraandwhitehead.example.com,2026-06-12 09:11:49,Connected,Sales call,ACME-A002864
debra.joseph@greeneguerreroandrivera.example.com,2026-06-12 11:27:07,Connected,Sales call,ACME-A002866
luke.richardson@hollandllc.example.com,2026-06-12 12:30:02,Left voicemail,Sales call,ACME-A002870
lauren.garcia@wilkinsonkelleyandhughes.example.com,2026-06-12 13:51:39,No answer,Sales call,ACME-A002873
david.kennedy@baldwinsmithandbennett.example.com,2026-06-12 14:35:43,No answer,Sales call,ACME-A002875
matthew.smith@smithriley.example.com,2026-06-12 15:15:47,Connected,Sales call,ACME-A002876
jane.norman@hillcarrillo.example.com,2026-06-12 15:34:56,Connected,Sales call,ACME-A002877
luke.richardson@hollandllc.example.com,2026-06-12 16:07:58,No answer,Sales call,ACME-A002880
christina.lopez@williamsowens.example.com,2026-06-12 17:39:05,No answer,Sales call,ACME-A002882
carla.williams@andersonjohnsonandjordan.example.com,2026-06-12 17:59:44,No answer,Sales call,ACME-A002883
veronica.nichols@carlsonalexander.example.com,2026-06-12 19:44:49,Connected,Sales call,ACME-A002884
kristy.ellis@griffinsullivanandhall.example.com,2026-06-12 20:56:16,Connected,Sales call,ACME-A002888
miguel.marquez@ellisonbailey.example.com,2026-06-12 20:56:52,Connected,Sales call,ACME-A002889
michelle.armstrong@vazquezmyersandhernandez.example.com,2026-06-12 21:27:42,Left voicemail,Sales call,ACME-A002892
james.ramirez@douglaspineda.example.com,2026-06-13 00:03:50,Connected,Sales call,ACME-A002894
dennis.wright@whitemcintyreandryan.example.com,2026-06-13 01:29:22,Left voicemail,Sales call,ACME-A002897
william.harper@lutzfuentes.example.com,2026-06-13 03:30:04,Connected,Sales call,ACME-A002901
dawn.jenkins@villarrealllc.example.com,2026-06-13 04:36:17,No answer,Sales call,ACME-A002903
tammy.joseph@kruegerllc.example.com,2026-06-13 04:59:29,No answer,Sales call,ACME-A002904
debra.mata@williamsdiazandjenkins.example.com,2026-06-13 05:21:45,No answer,Sales call,ACME-A002905
corey.white@shieldssmith.example.com,2026-06-13 06:14:38,No answer,Sales call,ACME-A002907
phyllis.young@colemanllc.example.com,2026-06-13 06:49:42,Connected,Sales call,ACME-A002909
justin.soto@harrismartinez.example.com,2026-06-13 07:24:41,Connected,Sales call,ACME-A002910
michaela.green@bellgroup.example.com,2026-06-13 08:09:44,Left voicemail,Sales call,ACME-A002911
john.scott@whiteporterandbarr.example.com,2026-06-13 08:35:19,Left voicemail,Sales call,ACME-A002912
stephanie.morrow@smithjones.example.com,2026-06-13 09:40:35,Connected,Sales call,ACME-A002915
michelle.armstrong@vazquezmyersandhernandez.example.com,2026-06-13 10:29:27,Connected,Sales call,ACME-A002917
kathy.nichols@linmccall.example.com,2026-06-13 10:40:39,Connected,Sales call,ACME-A002918
carrie.strong@scottblackandthompson.example.com,2026-06-13 11:52:15,Left voicemail,Sales call,ACME-A002920
john.garcia@blairllc.example.com,2026-06-13 12:48:18,Connected,Sales call,ACME-A002922
amanda.white@coxgarciaandrosales.example.com,2026-06-13 15:20:35,No answer,Sales call,ACME-A002924
brian.dominguez@jenningsmoore.example.com,2026-06-13 15:46:19,Left voicemail,Sales call,ACME-A002925
margaret.anderson@cookclarkandpollard.example.com,2026-06-13 15:58:43,Left voicemail,Sales call,ACME-A002926
mary.shepherd@mullenwilliams.example.com,2026-06-13 16:14:01,No answer,Sales call,ACME-A002927
amanda.roberts@gonzalezinc.example.com,2026-06-13 17:43:43,Left voicemail,Sales call,ACME-A002930
kimberly.small@brownllc.example.com,2026-06-13 18:15:03,No answer,Sales call,ACME-A002931
lindsay.fernandez@moragregory.example.com,2026-06-13 19:30:15,Connected,Sales call,ACME-A002934
jane.ford@vazquezprinceandjohnson.example.com,2026-06-13 20:50:43,Connected,Sales call,ACME-A002936
john.matthews@christensenabbott.example.com,2026-06-13 22:47:56,Left voicemail,Sales call,ACME-A002939
justin.soto@harrismartinez.example.com,2026-06-14 00:03:03,Left voicemail,Sales call,ACME-A002942
julie.nelson@greerzavalaandrodriguez.example.com,2026-06-14 01:27:45,Connected,Sales call,ACME-A002943
stacy.hanna@hudsonrobertsonandlopez.example.com,2026-06-14 06:28:51,No answer,Sales call,ACME-A002948
rachel.martin@cooleyltd.example.com,2026-06-14 06:36:06,No answer,Sales call,ACME-A002949
victoria.clark@martinjacobsonandlee.example.com,2026-06-14 08:55:06,No answer,Sales call,ACME-A002952
nicole.houston@leesmith.example.com,2026-06-14 10:08:24,Connected,Sales call,ACME-A002955
carla.williams@andersonjohnsonandjordan.example.com,2026-06-14 12:43:14,Connected,Sales call,ACME-A002959
karen.williams@stewartcohenandjenkins.example.com,2026-06-14 13:09:28,No answer,Sales call,ACME-A002961
ashley.stokes@hahncuevasandsimmons.example.com,2026-06-14 13:11:02,Left voicemail,Sales call,ACME-A002962
nicholas.johnson@gatessanchezandmatthews.example.com,2026-06-14 13:25:29,Left voicemail,Sales call,ACME-A002964
william.stanley@krauseplc.example.com,2026-06-14 16:43:34,No answer,Sales call,ACME-A002967
michael.werner@chambersmontes.example.com,2026-06-14 17:48:35,No answer,Sales call,ACME-A002968
tracie.espinoza@wilsonwheeler.example.com,2026-06-14 18:12:27,Connected,Sales call,ACME-A002969
jonathan.rice@johnsonplc.example.com,2026-06-14 19:54:27,Left voicemail,Sales call,ACME-A002971
rachael.johnson@salinasllc.example.com,2026-06-14 20:06:57,No answer,Sales call,ACME-A002972
victoria.johnson@huberleonardandcruz.example.com,2026-06-15 01:09:48,No answer,Sales call,ACME-A002978
william.harper@lutzfuentes.example.com,2026-06-15 02:00:24,Left voicemail,Sales call,ACME-A002979
joseph.lewis@parkersmithandyoder.example.com,2026-06-15 03:19:34,No answer,Sales call,ACME-A002981
samantha.walker@whitesmith.example.com,2026-06-15 04:32:18,Connected,Sales call,ACME-A002985
tina.molina@willisjordanandallen.example.com,2026-06-15 05:23:14,No answer,Sales call,ACME-A002986
courtney.benson@owenllc.example.com,2026-06-15 06:16:19,No answer,Sales call,ACME-A002990
steven.morales@jonesfigueroaandgonzalez.example.com,2026-06-15 07:28:23,Connected,Sales call,ACME-A002992
emily.stephenson@cookpadilla.example.com,2026-06-15 08:33:12,No answer,Sales call,ACME-A002993
kyle.reid@kellygraham.example.com,2026-06-15 08:50:50,No answer,Sales call,ACME-A002994
dennis.torres@brownriveraandmoore.example.com,2026-06-15 10:08:05,No answer,Sales call,ACME-A002997
debbie.bates@mccarthyvelazquez.example.com,2026-06-15 11:19:04,No answer,Sales call,ACME-A002998
christopher.jones@raymondramos.example.com,2026-06-15 11:26:06,Left voicemail,Sales call,ACME-A002999
heidi.burch@castanedagroup.example.com,2026-06-15 11:27:43,Connected,Sales call,ACME-A003000
peter.luna@barnescalhounandfrench.example.com,2026-06-15 11:31:16,Left voicemail,Sales call,ACME-A003001
brent.haynes@weberinc.example.com,2026-06-15 11:44:27,No answer,Sales call,ACME-A003002
theresa.mitchell@estradahoffman.example.com,2026-06-15 13:04:17,No answer,Sales call,ACME-A003004
tiffany.day@garciagonzalezandshaffer.example.com,2026-06-15 13:48:59,Connected,Sales call,ACME-A003006
tara.schneider@hartmangrimesandchapman.example.com,2026-06-15 15:54:59,Connected,Sales call,ACME-A003008
patricia.cantu@lambwadeandwells.example.com,2026-06-15 16:30:19,Left voicemail,Sales call,ACME-A003012
susan.walker@hendersonandersenanddave.example.com,2026-06-15 16:33:51,No answer,Sales call,ACME-A003013
micheal.johnson@pachecomillerandcole.example.com,2026-06-15 17:03:17,Connected,Sales call,ACME-A003014
melinda.turner@walkerabbottandmurphy.example.com,2026-06-15 18:11:13,Connected,Sales call,ACME-A003016
heather.pierce@smithdawsonandpacheco.example.com,2026-06-15 19:14:23,No answer,Sales call,ACME-A003017
richard.dodson@bryantboyer.example.com,2026-06-15 19:45:27,No answer,Sales call,ACME-A003018
stephen.potter@williamshumphreyandcasta.example.com,2026-06-15 20:11:57,No answer,Sales call,ACME-A003021
shannon.young@harmongroup.example.com,2026-06-15 20:29:42,No answer,Sales call,ACME-A003022
ann.jackson@westllc.example.com,2026-06-15 21:09:09,Connected,Sales call,ACME-A003023
victoria.herman@lewisllc.example.com,2026-06-15 22:11:47,Connected,Sales call,ACME-A003028
blake.hill@haaslopezanddawson.example.com,2026-06-15 22:22:46,Connected,Sales call,ACME-A003029
yvonne.simon@riveracruz.example.com,2026-06-15 23:37:58,Left voicemail,Sales call,ACME-A003030
roger.hernandez@macdonaldgroup.example.com,2026-06-16 02:10:49,Connected,Sales call,ACME-A003033
kristy.ellis@griffinsullivanandhall.example.com,2026-06-16 02:11:40,No answer,Sales call,ACME-A003034
bridget.martin@richardsonspencerandgill.example.com,2026-06-16 04:22:42,Connected,Sales call,ACME-A003039
jessica.caldwell@duranfieldsandramos.example.com,2026-06-16 05:57:48,No answer,Sales call,ACME-A003042
debra.mitchell@dunngroup.example.com,2026-06-16 06:36:04,Connected,Sales call,ACME-A003043
brent.robinson@morsecookeandpowell.example.com,2026-06-16 07:35:10,No answer,Sales call,ACME-A003045
ronald.torres@alvaradostrong.example.com,2026-06-16 07:47:14,Connected,Sales call,ACME-A003046
deanna.burton@smithgillespie.example.com,2026-06-16 07:59:24,No answer,Sales call,ACME-A003047
heather.cole@fostershea.example.com,2026-06-16 08:40:06,Left voicemail,Sales call,ACME-A003050
lance.allen@salazarharrison.example.com,2026-06-16 10:57:31,Left voicemail,Sales call,ACME-A003052
miguel.lindsey@alvarezedwards.example.com,2026-06-16 14:10:57,Connected,Sales call,ACME-A003056
timothy.carpenter@jamesbatesandcook.example.com,2026-06-16 15:08:58,Left voicemail,Sales call,ACME-A003058
ryan.romero@whiteinc.example.com,2026-06-16 15:17:59,Connected,Sales call,ACME-A003059
linda.fleming@garciagroup.example.com,2026-06-16 15:49:24,Connected,Sales call,ACME-A003060
jill.williams@williamscaseyandyork.example.com,2026-06-16 17:21:01,No answer,Sales call,ACME-A003062
william.harper@lutzfuentes.example.com,2026-06-16 17:37:29,Connected,Sales call,ACME-A003063
todd.macdonald@campbellrivera.example.com,2026-06-16 18:09:22,Connected,Sales call,ACME-A003064
richard.dodson@bryantboyer.example.com,2026-06-16 18:25:16,Connected,Sales call,ACME-A003065
gail.hayes@coxandsons.example.com,2026-06-16 19:18:46,Left voicemail,Sales call,ACME-A003066
olivia.martinez@watsoninc.example.com,2026-06-16 21:11:20,Connected,Sales call,ACME-A003071
brian.tyler@smithfloresandwalter.example.com,2026-06-16 21:29:40,No answer,Sales call,ACME-A003073
steven.morales@langinc.example.com,2026-06-16 22:24:06,No answer,Sales call,ACME-A003074
theresa.riddle@alvarezwilliams.example.com,2026-06-16 22:49:02,Left voicemail,Sales call,ACME-A003076
dana.yang@bennettmartinez.example.com,2026-06-17 00:01:48,No answer,Sales call,ACME-A003078
erica.peterson@gibbslawrence.example.com,2026-06-17 02:09:47,Connected,Sales call,ACME-A003081
jay.ayers@hooverhoover.example.com,2026-06-17 03:57:26,No answer,Sales call,ACME-A003084
tina.molina@willisjordanandallen.example.com,2026-06-17 06:44:58,No answer,Sales call,ACME-A003089
christopher.contreras@cantuinc.example.com,2026-06-17 07:14:50,No answer,Sales call,ACME-A003090
christopher.stevens@blackjefferson.example.com,2026-06-17 07:17:23,Left voicemail,Sales call,ACME-A003091
jacqueline.stanley@chavezallenandmcdonald.example.com,2026-06-17 07:48:30,Left voicemail,Sales call,ACME-A003092
deanna.benson@weaverinc.example.com,2026-06-17 11:53:13,Connected,Sales call,ACME-A003095
kevin.ritter@gibsonallison.example.com,2026-06-17 12:22:59,Connected,Sales call,ACME-A003096
lynn.anderson@nortonalvarez.example.com,2026-06-17 12:31:34,Left voicemail,Sales call,ACME-A003097
hannah.smith@thomasthompsonandreyes.example.com,2026-06-17 12:36:32,Left voicemail,Sales call,ACME-A003098
gregory.mason@kingplc.example.com,2026-06-17 13:01:00,Left voicemail,Sales call,ACME-A003099
hayden.anderson@spencegroup.example.com,2026-06-17 14:27:45,Connected,Sales call,ACME-A003102
samantha.cooper@hubbardgregory.example.com,2026-06-17 14:47:10,No answer,Sales call,ACME-A003103
rachael.johnson@salinasllc.example.com,2026-06-17 15:09:33,No answer,Sales call,ACME-A003106
mary.allen@riddleowens.example.com,2026-06-17 16:27:13,Left voicemail,Sales call,ACME-A003110
deborah.moore@martinezabbott.example.com,2026-06-17 18:24:31,Connected,Sales call,ACME-A003114
tammy.joseph@kruegerllc.example.com,2026-06-17 19:51:14,Connected,Sales call,ACME-A003117
marc.johnson@willisandrews.example.com,2026-06-17 21:21:18,Connected,Sales call,ACME-A003119
monica.hampton@rivasroberts.example.com,2026-06-17 21:46:03,Connected,Sales call,ACME-A003120
charles.miles@porterandsons.example.com,2026-06-17 21:56:14,No answer,Sales call,ACME-A003121
jerry.cameron@petersgroup.example.com,2026-06-17 22:41:14,No answer,Sales call,ACME-A003124
lawrence.brandt@alexanderwillis.example.com,2026-06-17 23:54:54,No answer,Sales call,ACME-A003126
beth.hernandez@cookmeyerandacevedo.example.com,2026-06-18 00:59:13,Left voicemail,Sales call,ACME-A003127
joseph.ross@moorefernandez.example.com,2026-06-18 03:03:26,No answer,Sales call,ACME-A003128
lawrence.brandt@alexanderwillis.example.com,2026-06-18 03:39:30,No answer,Sales call,ACME-A003130
paula.tran@blackphillipsandray.example.com,2026-06-18 04:56:17,No answer,Sales call,ACME-A003131
yolanda.gonzalez@moralesandsons.example.com,2026-06-18 05:06:16,Connected,Sales call,ACME-A003132
edward.rodriguez@stephensmartin.example.com,2026-06-18 06:53:01,Left voicemail,Sales call,ACME-A003135
steven.malone@stricklandgriffin.example.com,2026-06-18 09:21:23,Connected,Sales call,ACME-A003139
james.roach@patelhuffman.example.com,2026-06-18 09:58:55,Connected,Sales call,ACME-A003140
michael.gibbs@wrightcarterandramirez.example.com,2026-06-18 11:31:02,Connected,Sales call,ACME-A003143
james.hansen@duranrogersandhernandez.example.com,2026-06-18 14:41:17,No answer,Sales call,ACME-A003149
amanda.white@coxgarciaandrosales.example.com,2026-06-18 15:19:39,Connected,Sales call,ACME-A003150
jesse.taylor@gordonmiller.example.com,2026-06-18 15:56:05,No answer,Sales call,ACME-A003151
autumn.pena@salazarllc.example.com,2026-06-18 16:25:55,No answer,Sales call,ACME-A003152
roger.dixon@wheelerlewisandhuff.example.com,2026-06-18 17:42:01,Connected,Sales call,ACME-A003154
jennifer.patel@steelerobertsonandbell.example.com,2026-06-18 18:46:38,Left voicemail,Sales call,ACME-A003156
joseph.gilmore@garciainc.example.com,2026-06-18 19:14:20,No answer,Sales call,ACME-A003159
john.gaines@wellsandsons.example.com,2026-06-18 20:18:05,No answer,Sales call,ACME-A003160
thomas.hicks@williamsltd.example.com,2026-06-18 22:15:17,Connected,Sales call,ACME-A003161
monica.williams@brownplc.example.com,2026-06-18 22:28:53,Left voicemail,Sales call,ACME-A003162
traci.carrillo@thompsonllc.example.com,2026-06-19 01:46:59,No answer,Sales call,ACME-A003166
jennifer.petty@hoodreese.example.com,2026-06-19 06:14:52,No answer,Sales call,ACME-A003169
kyle.rush@dennisandsons.example.com,2026-06-19 07:13:57,Connected,Sales call,ACME-A003170
colleen.faulkner@mccoyplc.example.com,2026-06-19 08:33:06,No answer,Sales call,ACME-A003173
alexandra.everett@maddenchavezandramirez.example.com,2026-06-19 10:09:23,No answer,Sales call,ACME-A003175
caitlin.rowe@thomasltd.example.com,2026-06-19 12:10:20,No answer,Sales call,ACME-A003179
william.joseph@robinsonjordanandgutierr.example.com,2026-06-19 12:21:51,Connected,Sales call,ACME-A003180
johnny.miller@harrisllc.example.com,2026-06-19 13:15:32,Left voicemail,Sales call,ACME-A003183
randy.kelley@martininc.example.com,2026-06-19 14:30:29,Connected,Sales call,ACME-A003185
randall.malone@hardyandsons.example.com,2026-06-19 14:59:07,No answer,Sales call,ACME-A003187
paula.williams@woodllc.example.com,2026-06-19 16:05:25,No answer,Sales call,ACME-A003189
robert.gordon@andersondominguezandsmit.example.com,2026-06-19 17:24:47,No answer,Sales call,ACME-A003191
allison.ellis@youngltd.example.com,2026-06-19 17:58:27,Connected,Sales call,ACME-A003193
david.robinson@davisdeanandcallahan.example.com,2026-06-19 17:59:36,No answer,Sales call,ACME-A003194
daniel.roberts@dixongroup.example.com,2026-06-19 18:08:20,No answer,Sales call,ACME-A003195
cynthia.olson@bakerllc.example.com,2026-06-19 19:13:23,Connected,Sales call,ACME-A003196
melissa.barry@johnsonwoodsandmiller.example.com,2026-06-19 20:43:21,Connected,Sales call,ACME-A003200
christopher.stevens@blackjefferson.example.com,2026-06-19 21:32:50,Connected,Sales call,ACME-A003201
tara.schneider@hartmangrimesandchapman.example.com,2026-06-19 22:43:07,Connected,Sales call,ACME-A003205
lauren.sullivan@gonzalesfarmerandgarcia.example.com,2026-06-19 23:02:11,No answer,Sales call,ACME-A003206
kyle.harris@davisandsons.example.com,2026-06-19 23:08:42,Left voicemail,Sales call,ACME-A003207
tiffany.day@garciagonzalezandshaffer.example.com,2026-06-19 23:48:37,Left voicemail,Sales call,ACME-A003208
brandon.roberts@grosstorresandorr.example.com,2026-06-20 04:47:10,Left voicemail,Sales call,ACME-A003212
michael.pierce@hicksreid.example.com,2026-06-20 05:05:29,Connected,Sales call,ACME-A003214
tyler.reynolds@garciabarrett.example.com,2026-06-20 06:12:57,No answer,Sales call,ACME-A003216
christina.rivera@phillipsplc.example.com,2026-06-20 06:44:15,No answer,Sales call,ACME-A003218
james.vargas@duffyruiz.example.com,2026-06-20 08:33:10,Connected,Sales call,ACME-A003220
christopher.jones@raymondramos.example.com,2026-06-20 09:05:42,No answer,Sales call,ACME-A003222
aaron.davis@murraylewis.example.com,2026-06-20 12:25:41,No answer,Sales call,ACME-A003224
christina.lopez@williamsowens.example.com,2026-06-20 12:53:14,No answer,Sales call,ACME-A003227
paige.lloyd@youngpetersenandross.example.com,2026-06-20 14:25:04,No answer,Sales call,ACME-A003229
heather.cole@fostershea.example.com,2026-06-20 16:09:25,Left voicemail,Sales call,ACME-A003231
william.morris@fosterbrewer.example.com,2026-06-20 18:04:33,No answer,Sales call,ACME-A003232
john.duncan@clarkvalentineandvaldez.example.com,2026-06-20 18:40:26,Connected,Sales call,ACME-A003234
stacey.smith@tuckerllc.example.com,2026-06-20 19:14:52,No answer,Sales call,ACME-A003236
michelle.miller@carneyplc.example.com,2026-06-21 04:30:06,Connected,Sales call,ACME-A003242
steven.bird@lawrenceinc.example.com,2026-06-21 05:21:46,Connected,Sales call,ACME-A003245
melinda.turner@walkerabbottandmurphy.example.com,2026-06-21 05:38:42,Left voicemail,Sales call,ACME-A003246
tara.schneider@hartmangrimesandchapman.example.com,2026-06-21 07:44:52,No answer,Sales call,ACME-A003247
jason.richards@taylorinc.example.com,2026-06-21 07:49:32,Connected,Sales call,ACME-A003248
brittany.daniels@allenltd.example.com,2026-06-21 08:29:34,Connected,Sales call,ACME-A003249
michelle.miller@carneyplc.example.com,2026-06-21 08:31:18,Connected,Sales call,ACME-A003250
amanda.white@coxgarciaandrosales.example.com,2026-06-21 10:59:18,Connected,Sales call,ACME-A003253
jennifer.patel@steelerobertsonandbell.example.com,2026-06-21 11:13:01,No answer,Sales call,ACME-A003255
andrea.arnold@turnerandsons.example.com,2026-06-21 11:58:33,Connected,Sales call,ACME-A003257
john.garcia@blairllc.example.com,2026-06-21 13:45:24,No answer,Sales call,ACME-A003260
michael.hill@hensleywolfandpeters.example.com,2026-06-21 13:55:33,Connected,Sales call,ACME-A003261
nicholas.clay@briggsbrown.example.com,2026-06-21 18:31:25,No answer,Sales call,ACME-A003267
jennifer.bridges@hilljuarezandmontgomery.example.com,2026-06-21 22:38:56,No answer,Sales call,ACME-A003271
dawn.cowan@wilsonltd.example.com,2026-06-22 00:02:52,No answer,Sales call,ACME-A003272
brandon.buchanan@dixonhernandez.example.com,2026-06-22 00:21:00,Connected,Sales call,ACME-A003273
hannah.smith@thomasthompsonandreyes.example.com,2026-06-22 01:39:28,No answer,Sales call,ACME-A003274
joseph.quinn@robinsongroup.example.com,2026-06-22 01:51:04,Connected,Sales call,ACME-A003275
tara.castaneda@bernardjones.example.com,2026-06-22 02:30:29,Connected,Sales call,ACME-A003277
travis.poole@garrisonzhang.example.com,2026-06-22 02:30:34,Connected,Sales call,ACME-A003278
william.morris@fosterbrewer.example.com,2026-06-22 06:24:27,Connected,Sales call,ACME-A003280
michael.walker@hoovermccormick.example.com,2026-06-22 07:38:26,Connected,Sales call,ACME-A003282
erica.peterson@gibbslawrence.example.com,2026-06-22 09:28:29,No answer,Sales call,ACME-A003284
carl.allen@brownriveraandfuller.example.com,2026-06-22 10:47:01,Left voicemail,Sales call,ACME-A003289
nichole.martin@rodriguezbailey.example.com,2026-06-22 11:18:03,Left voicemail,Sales call,ACME-A003290
erin.weber@watsonjuarezandcook.example.com,2026-06-22 11:36:56,Connected,Sales call,ACME-A003291
becky.peck@bakercastroandward.example.com,2026-06-22 11:53:51,Left voicemail,Sales call,ACME-A003292
david.robinson@davisdeanandcallahan.example.com,2026-06-22 15:53:36,Connected,Sales call,ACME-A003297
jim.maxwell@nguyenhillandbishop.example.com,2026-06-22 18:37:18,Connected,Sales call,ACME-A003300
deborah.williams@watsongamble.example.com,2026-06-22 19:07:26,Left voicemail,Sales call,ACME-A003301
christian.nguyen@nguyenpattersonandmartin.example.com,2026-06-22 20:00:49,No answer,Sales call,ACME-A003304
elizabeth.sanders@sandersperryandmay.example.com,2026-06-22 21:13:17,Left voicemail,Sales call,ACME-A003306
kathy.nichols@linmccall.example.com,2026-06-23 00:20:25,Left voicemail,Sales call,ACME-A003310
alexander.vance@cochranfuller.example.com,2026-06-23 01:52:08,Left voicemail,Sales call,ACME-A003312
shawn.baldwin@whiteochoa.example.com,2026-06-23 02:05:25,No answer,Sales call,ACME-A003313
james.cooper@rivaslopezandthompson.example.com,2026-06-23 05:21:31,No answer,Sales call,ACME-A003314
brittany.bradford@millertorres.example.com,2026-06-23 08:59:08,Connected,Sales call,ACME-A003319
kevin.holder@martinplc.example.com,2026-06-23 09:09:52,Connected,Sales call,ACME-A003320
daniel.cummings@dennisgroup.example.com,2026-06-23 09:40:19,Connected,Sales call,ACME-A003322
matthew.sanders@harrisonfrederick.example.com,2026-06-23 10:54:53,No answer,Sales call,ACME-A003324
brandon.meyer@tylermitchellandwilliams.example.com,2026-06-23 11:04:19,No answer,Sales call,ACME-A003325
sara.hopkins@coxllc.example.com,2026-06-23 12:35:16,Connected,Sales call,ACME-A003328
elizabeth.hall@brooksbrown.example.com,2026-06-23 13:31:21,Connected,Sales call,ACME-A003330
michelle.armstrong@vazquezmyersandhernandez.example.com,2026-06-23 15:53:09,Connected,Sales call,ACME-A003333
jenna.gibson@maldonadodanielandatkins.example.com,2026-06-23 16:32:38,No answer,Sales call,ACME-A003334
adam.copeland@johnstonschmittandlamb.example.com,2026-06-23 17:38:12,Left voicemail,Sales call,ACME-A003336
leslie.benjamin@willisplc.example.com,2026-06-23 18:28:46,No answer,Sales call,ACME-A003338
joshua.young@browntorresandcox.example.com,2026-06-23 18:30:59,Connected,Sales call,ACME-A003340
patrick.graham@evanscoffey.example.com,2026-06-23 18:35:16,Connected,Sales call,ACME-A003341
dylan.davis@wilsonpotter.example.com,2026-06-23 18:42:47,Connected,Sales call,ACME-A003342
linda.perez@warrensantiagoandlevy.example.com,2026-06-23 19:58:46,Connected,Sales call,ACME-A003344
joshua.zavala@gutierrezplc.example.com,2026-06-23 20:58:07,Left voicemail,Sales call,ACME-A003345
jorge.martin@newmanplc.example.com,2026-06-23 21:03:22,No answer,Sales call,ACME-A003346
emily.walker@rogersadams.example.com,2026-06-24 00:25:30,No answer,Sales call,ACME-A003348
albert.mendoza@thorntonarnoldandpierce.example.com,2026-06-24 00:46:20,No answer,Sales call,ACME-A003349
christina.watson@jacobswhite.example.com,2026-06-24 01:43:06,No answer,Sales call,ACME-A003350
briana.calderon@berryrodriguez.example.com,2026-06-24 02:24:25,Connected,Sales call,ACME-A003351
kathy.nichols@linmccall.example.com,2026-06-24 03:01:41,Left voicemail,Sales call,ACME-A003352
jeffrey.clark@watsonporterandarmstrong.example.com,2026-06-24 05:19:15,Left voicemail,Sales call,ACME-A003355
kevin.holder@martinplc.example.com,2026-06-24 06:37:10,Left voicemail,Sales call,ACME-A003359
melissa.barry@johnsonwoodsandmiller.example.com,2026-06-24 08:38:40,Connected,Sales call,ACME-A003362
david.johnson@johnsonbrown.example.com,2026-06-24 11:08:13,Connected,Sales call,ACME-A003364
ashley.davis@mooreplc.example.com,2026-06-24 11:12:30,No answer,Sales call,ACME-A003365
roger.dixon@wheelerlewisandhuff.example.com,2026-06-24 11:16:32,Left voicemail,Sales call,ACME-A003366
eric.diaz@farrellpollard.example.com,2026-06-24 11:30:39,Connected,Sales call,ACME-A003368
jacqueline.stanley@chavezallenandmcdonald.example.com,2026-06-24 11:49:05,Left voicemail,Sales call,ACME-A003369
courtney.byrd@francissmithandparks.example.com,2026-06-24 12:18:06,Connected,Sales call,ACME-A003370
brandon.roberts@grosstorresandorr.example.com,2026-06-24 12:27:23,No answer,Sales call,ACME-A003371
lori.miller@harveyberry.example.com,2026-06-24 13:42:13,Connected,Sales call,ACME-A003373
tiffany.day@garciagonzalezandshaffer.example.com,2026-06-24 14:29:41,No answer,Sales call,ACME-A003376
debra.mcdaniel@lopezltd.example.com,2026-06-24 15:21:55,Connected,Sales call,ACME-A003379
nichole.martin@rodriguezbailey.example.com,2026-06-24 16:13:11,Left voicemail,Sales call,ACME-A003381
gregory.green@millerltd.example.com,2026-06-24 16:23:31,No answer,Sales call,ACME-A003382
ashley.solomon@hernandezinc.example.com,2026-06-24 17:16:17,Left voicemail,Sales call,ACME-A003383
joshua.brown@petersongroup.example.com,2026-06-24 17:45:11,Left voicemail,Sales call,ACME-A003384
kelly.parker@stewartplc.example.com,2026-06-24 19:09:28,Connected,Sales call,ACME-A003385
michael.thomas@morajonesandhorton.example.com,2026-06-24 20:02:48,Left voicemail,Sales call,ACME-A003387
amber.tucker@huynhcarpenterandmoreno.example.com,2026-06-24 20:41:01,Connected,Sales call,ACME-A003388
luis.martinez@basspowersandpaul.example.com,2026-06-24 20:44:27,Left voicemail,Sales call,ACME-A003389
sara.hopkins@coxllc.example.com,2026-06-24 22:21:36,No answer,Sales call,ACME-A003392
laura.zimmerman@weberltd.example.com,2026-06-24 23:14:47,Connected,Sales call,ACME-A003393
melissa.barry@johnsonwoodsandmiller.example.com,2026-06-24 23:15:44,No answer,Sales call,ACME-A003394
margaret.anderson@cookclarkandpollard.example.com,2026-06-25 05:26:13,Connected,Sales call,ACME-A003398
leslie.benjamin@willisplc.example.com,2026-06-25 06:24:02,Left voicemail,Sales call,ACME-A003401
briana.calderon@berryrodriguez.example.com,2026-06-25 07:04:44,Connected,Sales call,ACME-A003402
kyle.reid@kellygraham.example.com,2026-06-25 10:41:53,Connected,Sales call,ACME-A003405
shannon.young@harmongroup.example.com,2026-06-25 10:59:33,Connected,Sales call,ACME-A003407
lindsay.schwartz@taylorchambersanddavidso.example.com,2026-06-25 11:50:02,Left voicemail,Sales call,ACME-A003410
kenneth.spencer@moramoralesandreynolds.example.com,2026-06-25 12:25:54,Left voicemail,Sales call,ACME-A003411
andrea.guzman@kingrivas.example.com,2026-06-25 13:30:26,Connected,Sales call,ACME-A003412
rachael.johnson@salinasllc.example.com,2026-06-25 13:39:32,No answer,Sales call,ACME-A003413
derek.snyder@suttonstaffordandanderso.example.com,2026-06-25 14:36:54,Left voicemail,Sales call,ACME-A003415
rodney.parker@morganinc.example.com,2026-06-25 14:38:44,No answer,Sales call,ACME-A003416
hannah.johnson@underwoodmartin.example.com,2026-06-25 17:52:46,No answer,Sales call,ACME-A003420
william.mason@finleyrichardson.example.com,2026-06-25 18:32:07,No answer,Sales call,ACME-A003421
gregory.russell@mackrivasandalvarez.example.com,2026-06-25 18:57:43,Connected,Sales call,ACME-A003423
carla.daniel@mitchellgroup.example.com,2026-06-25 19:02:35,Connected,Sales call,ACME-A003424
lindsey.clarke@wilsonlopez.example.com,2026-06-25 21:56:00,No answer,Sales call,ACME-A003428
lisa.knight@greeneweeks.example.com,2026-06-25 21:56:02,Connected,Sales call,ACME-A003429
donna.peterson@johnsonsandovalandphelps.example.com,2026-06-25 23:53:20,Connected,Sales call,ACME-A003431
antonio.peck@millerplc.example.com,2026-06-26 00:07:17,Connected,Sales call,ACME-A003432
kelly.haynes@suttongriffinandswanson.example.com,2026-06-26 00:27:17,No answer,Sales call,ACME-A003433
ashley.solomon@hernandezinc.example.com,2026-06-26 01:03:28,Left voicemail,Sales call,ACME-A003435
joshua.day@willisevans.example.com,2026-06-26 01:04:34,Connected,Sales call,ACME-A003436
alyssa.gonzalez@reyesdelgadoandcastillo.example.com,2026-06-26 01:05:00,Connected,Sales call,ACME-A003437
ashley.solomon@hernandezinc.example.com,2026-06-26 01:35:05,Left voicemail,Sales call,ACME-A003438
debra.koch@yodermartinandsmith.example.com,2026-06-26 01:43:58,No answer,Sales call,ACME-A003439
stacey.smith@tuckerllc.example.com,2026-06-26 03:46:01,No answer,Sales call,ACME-A003445
hannah.butler@webbbrown.example.com,2026-06-26 04:26:39,Left voicemail,Sales call,ACME-A003447
david.jennings@jonesgroup.example.com,2026-06-26 06:11:13,No answer,Sales call,ACME-A003448
melissa.barry@johnsonwoodsandmiller.example.com,2026-06-26 06:18:53,Left voicemail,Sales call,ACME-A003450
elizabeth.russo@martinezgroup.example.com,2026-06-26 06:44:33,Connected,Sales call,ACME-A003452
donna.peterson@johnsonsandovalandphelps.example.com,2026-06-26 07:07:32,Connected,Sales call,ACME-A003453
andrew.johnson@pattersonltd.example.com,2026-06-26 07:13:33,Left voicemail,Sales call,ACME-A003454
michael.mcdonald@mckenzieandsons.example.com,2026-06-26 08:10:14,No answer,Sales call,ACME-A003455
jodi.clark@williamstaylorandcooley.example.com,2026-06-26 08:19:04,Left voicemail,Sales call,ACME-A003456
benjamin.cunningham@thompsonwilson.example.com,2026-06-26 09:17:30,No answer,Sales call,ACME-A003459
connor.golden@armstrongwilsonandscott.example.com,2026-06-26 09:33:15,Connected,Sales call,ACME-A003460
christopher.wilson@torresdean.example.com,2026-06-26 12:20:07,Connected,Sales call,ACME-A003461
austin.garza@penaplc.example.com,2026-06-26 13:15:20,Connected,Sales call,ACME-A003462
paula.wilson@fieldssingh.example.com,2026-06-26 14:26:44,Left voicemail,Sales call,ACME-A003463
cassidy.gray@goodwinsmithandsavage.example.com,2026-06-26 15:48:08,Connected,Sales call,ACME-A003465
gregory.russell@mackrivasandalvarez.example.com,2026-06-26 16:08:29,Connected,Sales call,ACME-A003466
gregory.wilson@morabarker.example.com,2026-06-26 17:01:37,No answer,Sales call,ACME-A003470
andrew.marks@allenltd.example.com,2026-06-26 17:20:13,Connected,Sales call,ACME-A003471
lisa.brown@welchandsons.example.com,2026-06-26 17:52:48,No answer,Sales call,ACME-A003472
carla.daniel@mitchellgroup.example.com,2026-06-26 17:57:35,Connected,Sales call,ACME-A003473
james.beltran@rodriguezhillandturner.example.com,2026-06-26 18:01:18,Left voicemail,Sales call,ACME-A003474
gregory.carey@chandleradamsandsingleto.example.com,2026-06-26 18:33:07,Connected,Sales call,ACME-A003476
tara.castaneda@bernardjones.example.com,2026-06-26 18:54:17,No answer,Sales call,ACME-A003477
carla.daniel@mitchellgroup.example.com,2026-06-26 19:06:12,Connected,Sales call,ACME-A003478
sheila.humphrey@blakeadkins.example.com,2026-06-26 19:08:56,No answer,Sales call,ACME-A003479
zachary.taylor@tranplc.example.com,2026-06-26 20:54:55,Connected,Sales call,ACME-A003482
gregory.wilson@morabarker.example.com,2026-06-26 21:49:37,Connected,Sales call,ACME-A003483
melissa.rivera@campbellweeks.example.com,2026-06-26 21:55:02,Connected,Sales call,ACME-A003484
andrew.castillo@joneschavez.example.com,2026-06-27 01:39:30,Left voicemail,Sales call,ACME-A003489
johnny.burnett@vazquezandsons.example.com,2026-06-27 02:10:09,Left voicemail,Sales call,ACME-A003490
amy.stephens@alvarezbushandsavage.example.com,2026-06-27 02:34:39,No answer,Sales call,ACME-A003491
william.johnson@williamsmason.example.com,2026-06-27 04:07:53,No answer,Sales call,ACME-A003494
sierra.schultz@rayzamora.example.com,2026-06-27 05:53:08,Left voicemail,Sales call,ACME-A003496
michael.hill@hensleywolfandpeters.example.com,2026-06-27 05:56:41,Connected,Sales call,ACME-A003497
bonnie.tanner@murilloandsons.example.com,2026-06-27 10:02:32,No answer,Sales call,ACME-A003501
gregory.russell@mackrivasandalvarez.example.com,2026-06-27 10:28:17,No answer,Sales call,ACME-A003502
travis.poole@garrisonzhang.example.com,2026-06-27 13:18:44,No answer,Sales call,ACME-A003504
brian.yates@danielsplc.example.com,2026-06-27 14:03:00,Connected,Sales call,ACME-A003507
megan.luna@davissalazar.example.com,2026-06-27 16:26:42,Connected,Sales call,ACME-A003511
brian.brown@oneillllc.example.com,2026-06-27 17:18:24,Left voicemail,Sales call,ACME-A003512
nathan.browning@morrisonanderson.example.com,2026-06-27 19:34:41,Left voicemail,Sales call,ACME-A003516
melissa.barry@johnsonwoodsandmiller.example.com,2026-06-27 19:43:45,Connected,Sales call,ACME-A003517
molly.fritz@ramirezmoraandwhitehead.example.com,2026-06-27 20:45:02,Left voicemail,Sales call,ACME-A003518
monica.hampton@rivasroberts.example.com,2026-06-27 21:24:42,Connected,Sales call,ACME-A003519
daniel.gonzalez@bensonjacksonandford.example.com,2026-06-27 23:54:02,Connected,Sales call,ACME-A003523
benjamin.cunningham@thompsonwilson.example.com,2026-06-28 00:17:04,Left voicemail,Sales call,ACME-A003525
travis.poole@garrisonzhang.example.com,2026-06-28 00:20:42,Left voicemail,Sales call,ACME-A003526
arthur.haynes@garciaschaeferandeaton.example.com,2026-06-28 00:48:30,No answer,Sales call,ACME-A003527
courtney.brown@fisherplc.example.com,2026-06-28 01:47:20,Left voicemail,Sales call,ACME-A003528
jennifer.webster@williamsinc.example.com,2026-06-28 02:41:14,Connected,Sales call,ACME-A003529
emily.davis@merritthaynesandjackson.example.com,2026-06-28 02:42:15,No answer,Sales call,ACME-A003530
debra.mcdaniel@lopezltd.example.com,2026-06-28 03:10:20,Connected,Sales call,ACME-A003531
ashley.solomon@hernandezinc.example.com,2026-06-28 03:29:53,Left voicemail,Sales call,ACME-A003532
kelly.haynes@suttongriffinandswanson.example.com,2026-06-28 03:59:53,Connected,Sales call,ACME-A003535
sara.hopkins@coxllc.example.com,2026-06-28 08:47:33,Connected,Sales call,ACME-A003537
andrew.villanueva@morgangroup.example.com,2026-06-28 08:55:54,Left voicemail,Sales call,ACME-A003539
joseph.snyder@wallssmith.example.com,2026-06-28 09:39:28,Left voicemail,Sales call,ACME-A003541
stephanie.perez@jonesgriffinandsmith.example.com,2026-06-28 10:34:43,Connected,Sales call,ACME-A003543
alan.green@nolanjordan.example.com,2026-06-28 11:00:17,Left voicemail,Sales call,ACME-A003544
jeffrey.miller@johnsonplc.example.com,2026-06-28 13:35:49,Left voicemail,Sales call,ACME-A003546
tracy.thompson@kochnashandcabrera.example.com,2026-06-28 15:04:42,No answer,Sales call,ACME-A003549
tara.castaneda@bernardjones.example.com,2026-06-28 16:23:53,No answer,Sales call,ACME-A003550
stacey.smith@tuckerllc.example.com,2026-06-28 21:44:01,No answer,Sales call,ACME-A003554
samantha.walker@whitesmith.example.com,2026-06-28 21:50:40,No answer,Sales call,ACME-A003555
kathy.nichols@linmccall.example.com,2026-06-28 22:53:33,Left voicemail,Sales call,ACME-A003557
brent.haynes@weberinc.example.com,2026-06-29 00:04:13,No answer,Sales call,ACME-A003559
jamie.davis@jonesdennisandthompson.example.com,2026-06-29 00:11:27,No answer,Sales call,ACME-A003561
allison.spencer@brandtwilliamsandpatrick.example.com,2026-06-29 01:03:04,Connected,Sales call,ACME-A003562
dennis.webb@hicksedwardsandpierce.example.com,2026-06-29 03:12:05,No answer,Sales call,ACME-A003566
theresa.riddle@alvarezwilliams.example.com,2026-06-29 03:15:35,No answer,Sales call,ACME-A003567
lisa.thomas@riverarobbins.example.com,2026-06-29 06:25:47,No answer,Sales call,ACME-A003570
richard.carey@adamsjacksonandgallegos.example.com,2026-06-29 07:23:01,No answer,Sales call,ACME-A003571
george.reynolds@maxwellgriffinandparks.example.com,2026-06-29 07:47:16,No answer,Sales call,ACME-A003572
kristi.alvarado@davisplc.example.com,2026-06-29 10:37:52,Connected,Sales call,ACME-A003580
yolanda.gonzalez@moralesandsons.example.com,2026-06-29 11:00:17,Left voicemail,Sales call,ACME-A003581
paula.bailey@simpsoncox.example.com,2026-06-29 11:13:13,No answer,Sales call,ACME-A003582
deborah.williams@watsongamble.example.com,2026-06-29 12:31:55,No answer,Sales call,ACME-A003585
shannon.young@harmongroup.example.com,2026-06-29 12:36:49,Connected,Sales call,ACME-A003586
ashley.solomon@hernandezinc.example.com,2026-06-29 14:00:18,No answer,Sales call,ACME-A003587
desiree.wilson@wolfeplc.example.com,2026-06-29 14:14:09,No answer,Sales call,ACME-A003588
victor.diaz@millermiddleton.example.com,2026-06-29 15:21:57,Left voicemail,Sales call,ACME-A003590
matthew.morris@murrayburnett.example.com,2026-06-29 16:05:09,Connected,Sales call,ACME-A003591
andrew.garcia@powellandsons.example.com,2026-06-29 16:26:39,No answer,Sales call,ACME-A003592
jenna.willis@leecarterandmckinney.example.com,2026-06-29 17:36:28,Connected,Sales call,ACME-A003594
laura.harrison@scottwolfe.example.com,2026-06-29 18:21:12,Connected,Sales call,ACME-A003597
theodore.anderson@chencameron.example.com,2026-06-29 18:31:58,Connected,Sales call,ACME-A003599
jessica.rogers@powellllc.example.com,2026-06-29 19:10:13,No answer,Sales call,ACME-A003601
andrew.alexander@douglasbarrett.example.com,2026-06-29 19:38:41,No answer,Sales call,ACME-A003602
misty.patton@smithltd.example.com,2026-06-29 20:17:50,Connected,Sales call,ACME-A003603
erica.peterson@gibbslawrence.example.com,2026-06-29 20:37:02,Connected,Sales call,ACME-A003604
elizabeth.hill@williamsjohns.example.com,2026-06-29 22:36:35,No answer,Sales call,ACME-A003605
ashley.morris@harrisoninc.example.com,2026-06-29 23:56:58,Connected,Sales call,ACME-A003607
matthew.mccoy@willisandsons.example.com,2026-06-30 00:20:53,Left voicemail,Sales call,ACME-A003608
alexis.brown@gutierrezstephens.example.com,2026-06-30 01:02:39,Left voicemail,Sales call,ACME-A003611
carla.daniel@mitchellgroup.example.com,2026-06-30 01:38:56,No answer,Sales call,ACME-A003613
emily.carr@clarkplc.example.com,2026-06-30 03:17:05,No answer,Sales call,ACME-A003615
becky.peck@bakercastroandward.example.com,2026-06-30 04:07:26,No answer,Sales call,ACME-A003617
andrew.villanueva@morgangroup.example.com,2026-06-30 07:32:16,Left voicemail,Sales call,ACME-A003620
kenneth.porter@davisrodriguez.example.com,2026-06-30 08:14:15,Connected,Sales call,ACME-A003621
terrence.fitzpatrick@melendezgroup.example.com,2026-06-30 09:41:36,Connected,Sales call,ACME-A003623
kayla.vargas@butlergroup.example.com,2026-06-30 10:44:25,No answer,Sales call,ACME-A003624
shawn.vincent@berrywelchandjackson.example.com,2026-06-30 12:37:24,No answer,Sales call,ACME-A003625
heather.carter@nguyeninc.example.com,2026-06-30 12:42:24,Left voicemail,Sales call,ACME-A003626
samantha.cooper@hubbardgregory.example.com,2026-06-30 13:16:44,Connected,Sales call,ACME-A003627
brittany.daniels@allenltd.example.com,2026-06-30 13:31:20,Left voicemail,Sales call,ACME-A003629
thomas.hughes@allendavis.example.com,2026-06-30 13:34:31,No answer,Sales call,ACME-A003630
matthew.hernandez@steelewatson.example.com,2026-06-30 13:39:04,No answer,Sales call,ACME-A003631
john.stevens@walterfisherandadams.example.com,2026-06-30 13:46:11,No answer,Sales call,ACME-A003632
john.levine@colemanltd.example.com,2026-06-30 14:49:50,Connected,Sales call,ACME-A003635
amanda.cruz@chaneyplc.example.com,2026-06-30 15:09:01,No answer,Sales call,ACME-A003636
kimberly.anderson@stewartthomasandguzman.example.com,2026-06-30 15:50:33,Left voicemail,Sales call,ACME-A003637
joseph.snyder@wallssmith.example.com,2026-06-30 16:03:27,No answer,Sales call,ACME-A003639
lori.olson@moraleserickson.example.com,2026-06-30 17:01:25,Left voicemail,Sales call,ACME-A003640
danielle.marquez@mooremoore.example.com,2026-06-30 17:03:50,No answer,Sales call,ACME-A003641
robert.webster@kramerltd.example.com,2026-06-30 17:14:11,No answer,Sales call,ACME-A003642
linda.thomas@clarkltd.example.com,2026-06-30 17:54:41,Left voicemail,Sales call,ACME-A003644
timothy.white@wilsongroup.example.com,2026-06-30 19:02:26,Left voicemail,Sales call,ACME-A003647
brandon.meyer@tylermitchellandwilliams.example.com,2026-06-30 19:36:08,Connected,Sales call,ACME-A003648
jennifer.patel@steelerobertsonandbell.example.com,2026-06-30 19:47:57,Left voicemail,Sales call,ACME-A003650
mary.shepherd@mullenwilliams.example.com,2026-06-30 19:48:20,No answer,Sales call,ACME-A003651
cynthia.steele@penalowe.example.com,2026-06-30 20:32:51,Left voicemail,Sales call,ACME-A003654
lawrence.martinez@lewissmithandmurphy.example.com,2026-06-30 21:37:48,Connected,Sales call,ACME-A003656
miguel.lindsey@alvarezedwards.example.com,2026-06-30 22:32:30,Left voicemail,Sales call,ACME-A003659
elizabeth.hill@williamsjohns.example.com,2026-07-01 00:47:16,No answer,Sales call,ACME-A003665
travis.poole@garrisonzhang.example.com,2026-07-01 02:19:13,Left voicemail,Sales call,ACME-A003667
kayla.moore@hallltd.example.com,2026-07-01 02:50:54,Left voicemail,Sales call,ACME-A003669
patrick.graham@evanscoffey.example.com,2026-07-01 03:21:42,No answer,Sales call,ACME-A003670
stacy.douglas@conleymarshallandanderso.example.com,2026-07-01 03:35:32,Connected,Sales call,ACME-A003671
charles.miles@porterandsons.example.com,2026-07-01 05:58:23,Left voicemail,Sales call,ACME-A003673
shane.dominguez@johnsonhernandez.example.com,2026-07-01 08:36:57,Left voicemail,Sales call,ACME-A003678
olivia.lynn@wrightplc.example.com,2026-07-01 10:10:39,Connected,Sales call,ACME-A003679
brent.haynes@weberinc.example.com,2026-07-01 11:34:59,Connected,Sales call,ACME-A003682
bill.crawford@hamiltonandsons.example.com,2026-07-01 11:35:28,Connected,Sales call,ACME-A003683
wyatt.cox@lawsongroup.example.com,2026-07-01 11:54:10,Connected,Sales call,ACME-A003684
elizabeth.butler@christensenplc.example.com,2026-07-01 11:54:36,No answer,Sales call,ACME-A003685
andrea.baker@clarkcarlsonandnewton.example.com,2026-07-01 12:09:58,Connected,Sales call,ACME-A003687
heidi.fleming@cowanchandler.example.com,2026-07-01 12:12:54,Connected,Sales call,ACME-A003688
abigail.saunders@brightcrawfordandmiles.example.com,2026-07-01 13:00:55,Connected,Sales call,ACME-A003689
leslie.benjamin@willisplc.example.com,2026-07-01 13:02:06,Connected,Sales call,ACME-A003690
monique.morris@jenkinshendrix.example.com,2026-07-01 13:33:04,No answer,Sales call,ACME-A003691
louis.rose@molinaltd.example.com,2026-07-01 14:00:06,Connected,Sales call,ACME-A003692
jonathan.green@knightgroup.example.com,2026-07-01 14:16:55,No answer,Sales call,ACME-A003694
susan.walker@hendersonandersenanddave.example.com,2026-07-01 16:24:53,Connected,Sales call,ACME-A003697
david.moreno@frenchgallagher.example.com,2026-07-01 20:03:50,No answer,Sales call,ACME-A003700
joel.chapman@brownllc.example.com,2026-07-01 21:17:28,Left voicemail,Sales call,ACME-A003704
caitlin.campbell@jonesfrench.example.com,2026-07-01 21:20:22,Connected,Sales call,ACME-A003706
derrick.turner@kellyllc.example.com,2026-07-01 22:43:27,No answer,Sales call,ACME-A003707
natalie.williams@stonejackson.example.com,2026-07-01 23:30:02,Connected,Sales call,ACME-A003709
jacob.hutchinson@wilsonkimandwallace.example.com,2026-07-02 00:24:55,Connected,Sales call,ACME-A003710
heidi.burch@castanedagroup.example.com,2026-07-02 01:03:36,No answer,Sales call,ACME-A003711
donald.martin@stephensonllc.example.com,2026-07-02 01:05:17,No answer,Sales call,ACME-A003712
kelly.haynes@suttongriffinandswanson.example.com,2026-07-02 03:06:46,Left voicemail,Sales call,ACME-A003714
lisa.thomas@riverarobbins.example.com,2026-07-02 03:24:20,Connected,Sales call,ACME-A003715
trevor.harris@perkinscontreras.example.com,2026-07-02 04:30:59,Connected,Sales call,ACME-A003717
cesar.miller@butlerrichard.example.com,2026-07-02 05:36:20,Connected,Sales call,ACME-A003720
debra.evans@williamsbrockandbridges.example.com,2026-07-02 09:46:36,Connected,Sales call,ACME-A003722
jason.richards@taylorinc.example.com,2026-07-02 10:28:11,Left voicemail,Sales call,ACME-A003723
stephanie.taylor@deanmiddleton.example.com,2026-07-02 12:19:34,No answer,Sales call,ACME-A003724
jennifer.guzman@campbellwilliamsandwilli.example.com,2026-07-02 12:42:24,No answer,Sales call,ACME-A003726
sierra.schultz@rayzamora.example.com,2026-07-02 14:04:59,Left voicemail,Sales call,ACME-A003728
michael.price@laneandsons.example.com,2026-07-02 14:40:01,Left voicemail,Sales call,ACME-A003729
michele.turner@robinsonllc.example.com,2026-07-02 15:15:24,Connected,Sales call,ACME-A003730
edward.rodriguez@stephensmartin.example.com,2026-07-02 15:38:57,Connected,Sales call,ACME-A003732
michael.gilbert@walkersilva.example.com,2026-07-02 17:10:32,Connected,Sales call,ACME-A003737
kristie.perkins@robinsonthomasandgarcia.example.com,2026-07-02 17:21:29,No answer,Sales call,ACME-A003738
evan.goodwin@johnsoninc.example.com,2026-07-02 17:54:41,No answer,Sales call,ACME-A003739
carrie.strong@scottblackandthompson.example.com,2026-07-02 18:27:59,Left voicemail,Sales call,ACME-A003740
kelly.harrison@millerltd.example.com,2026-07-02 18:42:30,No answer,Sales call,ACME-A003741
lisa.thomas@riverarobbins.example.com,2026-07-02 18:45:35,Connected,Sales call,ACME-A003743
jonathan.rice@johnsonplc.example.com,2026-07-02 19:19:12,Connected,Sales call,ACME-A003745
shane.lewis@barnesestradaanddavis.example.com,2026-07-02 19:30:27,No answer,Sales call,ACME-A003747
karen.smith@taylorturner.example.com,2026-07-02 20:40:58,Left voicemail,Sales call,ACME-A003748
evan.goodwin@johnsoninc.example.com,2026-07-02 21:18:37,No answer,Sales call,ACME-A003750
eddie.perez@wattsltd.example.com,2026-07-02 22:00:16,Connected,Sales call,ACME-A003751
shaun.stark@garnergroup.example.com,2026-07-02 23:36:38,No answer,Sales call,ACME-A003753
eddie.perez@wattsltd.example.com,2026-07-03 00:53:54,Connected,Sales call,ACME-A003756
rachel.bryant@santosinc.example.com,2026-07-03 00:57:43,Connected,Sales call,ACME-A003757
patricia.martinez@wallgroup.example.com,2026-07-03 03:05:14,No answer,Sales call,ACME-A003758
hailey.flores@frenchnicholsonandewing.example.com,2026-07-03 03:35:43,No answer,Sales call,ACME-A003759
kristina.anthony@jenkinsplc.example.com,2026-07-03 04:31:58,Connected,Sales call,ACME-A003762
tammy.gonzalez@maywaltersandbush.example.com,2026-07-03 04:34:07,Left voicemail,Sales call,ACME-A003763
kyle.harris@davisandsons.example.com,2026-07-03 05:35:15,Connected,Sales call,ACME-A003765
courtney.byrd@francissmithandparks.example.com,2026-07-03 09:13:11,Connected,Sales call,ACME-A003767
timothy.thomas@rodriguezllc.example.com,2026-07-03 10:43:39,No answer,Sales call,ACME-A003770
kimberly.anderson@stewartthomasandguzman.example.com,2026-07-03 11:32:25,Connected,Sales call,ACME-A003772
jennifer.vargas@moodygonzalez.example.com,2026-07-03 12:17:04,No answer,Sales call,ACME-A003774
mary.shepherd@mullenwilliams.example.com,2026-07-03 12:51:57,Connected,Sales call,ACME-A003775
jennifer.webster@williamsinc.example.com,2026-07-03 13:00:36,Left voicemail,Sales call,ACME-A003776
theresa.mitchell@estradahoffman.example.com,2026-07-03 15:10:34,No answer,Sales call,ACME-A003781
elizabeth.hill@williamsjohns.example.com,2026-07-03 15:29:49,No answer,Sales call,ACME-A003782
samantha.patel@edwardsadams.example.com,2026-07-03 17:21:25,Left voicemail,Sales call,ACME-A003785
andrea.guzman@kingrivas.example.com,2026-07-03 18:39:02,No answer,Sales call,ACME-A003789
troy.smith@bruceandsons.example.com,2026-07-03 19:12:04,Connected,Sales call,ACME-A003790
kristi.frank@robertsllc.example.com,2026-07-03 19:21:05,Left voicemail,Sales call,ACME-A003791
ralph.adams@olivergroup.example.com,2026-07-03 19:26:22,No answer,Sales call,ACME-A003792
travis.poole@garrisonzhang.example.com,2026-07-03 20:03:42,No answer,Sales call,ACME-A003793
rebecca.young@whitestanleyandpeterson.example.com,2026-07-03 20:16:02,No answer,Sales call,ACME-A003794
jordan.lawrence@curryjonesanddixon.example.com,2026-07-03 21:17:14,Connected,Sales call,ACME-A003795
cory.bell@smithinc.example.com,2026-07-03 22:05:20,Connected,Sales call,ACME-A003797
elizabeth.hamilton@morandixonandjackson.example.com,2026-07-03 22:13:04,Connected,Sales call,ACME-A003799
derek.snyder@suttonstaffordandanderso.example.com,2026-07-04 00:00:51,No answer,Sales call,ACME-A003800
patricia.malone@castanedastanton.example.com,2026-07-04 00:23:00,Connected,Sales call,ACME-A003802
emily.davis@merritthaynesandjackson.example.com,2026-07-04 00:56:50,Connected,Sales call,ACME-A003803
jonathan.green@knightgroup.example.com,2026-07-04 01:51:25,No answer,Sales call,ACME-A003805
brianna.zamora@bryantmedina.example.com,2026-07-04 04:11:21,Left voicemail,Sales call,ACME-A003807
jacqueline.stanley@chavezallenandmcdonald.example.com,2026-07-04 04:32:55,No answer,Sales call,ACME-A003808
sara.hopkins@coxllc.example.com,2026-07-04 05:49:40,Left voicemail,Sales call,ACME-A003810
daniel.guerrero@hansenconley.example.com,2026-07-04 06:25:08,No answer,Sales call,ACME-A003811
richard.carey@adamsjacksonandgallegos.example.com,2026-07-04 09:12:36,Left voicemail,Sales call,ACME-A003813
john.stevens@walterfisherandadams.example.com,2026-07-04 11:22:44,No answer,Sales call,ACME-A003814
nicholas.wagner@parkerbutlerandburns.example.com,2026-07-04 11:34:48,Left voicemail,Sales call,ACME-A003815
dennis.torres@brownriveraandmoore.example.com,2026-07-04 11:51:04,No answer,Sales call,ACME-A003816
rachel.friedman@johnsonshawandroach.example.com,2026-07-04 14:54:54,Connected,Sales call,ACME-A003821
amber.yang@brownmcneil.example.com,2026-07-04 17:37:40,No answer,Sales call,ACME-A003824
brandon.roberts@grosstorresandorr.example.com,2026-07-04 18:14:07,Connected,Sales call,ACME-A003825
ashley.hill@cohenallison.example.com,2026-07-04 19:47:18,Left voicemail,Sales call,ACME-A003826
matthew.hernandez@steelewatson.example.com,2026-07-04 22:12:45,Connected,Sales call,ACME-A003829
sean.ryan@penaholland.example.com,2026-07-04 23:39:47,No answer,Sales call,ACME-A003830
gregory.mason@kingplc.example.com,2026-07-05 01:34:23,Left voicemail,Sales call,ACME-A003831
linda.thomas@clarkltd.example.com,2026-07-05 02:34:30,No answer,Sales call,ACME-A003832
charles.miles@porterandsons.example.com,2026-07-05 04:03:02,Connected,Sales call,ACME-A003835
marcus.flores@nelsonplc.example.com,2026-07-05 05:09:43,Connected,Sales call,ACME-A003836
cynthia.cantu@mayllc.example.com,2026-07-05 05:27:27,Connected,Sales call,ACME-A003837
stacy.douglas@conleymarshallandanderso.example.com,2026-07-05 08:07:15,No answer,Sales call,ACME-A003840
kevin.holder@martinplc.example.com,2026-07-05 08:38:04,Connected,Sales call,ACME-A003843
jeffrey.hernandez@wilsonmortonanddavis.example.com,2026-07-05 11:09:38,Connected,Sales call,ACME-A003845
christopher.contreras@cantuinc.example.com,2026-07-05 11:31:17,Connected,Sales call,ACME-A003846
patrick.avila@calhounparks.example.com,2026-07-05 11:31:22,Left voicemail,Sales call,ACME-A003847
daniel.davis@goldenfields.example.com,2026-07-05 12:27:15,Connected,Sales call,ACME-A003848
stephanie.taylor@deanmiddleton.example.com,2026-07-05 15:06:06,No answer,Sales call,ACME-A003851
kristina.anthony@jenkinsplc.example.com,2026-07-05 15:17:36,No answer,Sales call,ACME-A003852
dennis.torres@brownriveraandmoore.example.com,2026-07-05 16:04:33,Connected,Sales call,ACME-A003857
olivia.lynn@wrightplc.example.com,2026-07-05 17:32:35,Left voicemail,Sales call,ACME-A003860
joshua.brown@petersongroup.example.com,2026-07-05 18:49:07,No answer,Sales call,ACME-A003862
steven.malone@stricklandgriffin.example.com,2026-07-05 19:12:28,No answer,Sales call,ACME-A003863
travis.poole@garrisonzhang.example.com,2026-07-05 20:00:05,Left voicemail,Sales call,ACME-A003864
vanessa.escobar@smithandsons.example.com,2026-07-05 20:23:53,Left voicemail,Sales call,ACME-A003865
amber.yang@brownmcneil.example.com,2026-07-06 01:53:04,No answer,Sales call,ACME-A003867
corey.terry@hannameyer.example.com,2026-07-06 02:00:38,Connected,Sales call,ACME-A003868
patricia.cantu@lambwadeandwells.example.com,2026-07-06 02:15:41,Left voicemail,Sales call,ACME-A003869
kerry.lynch@khanmasonandjohnson.example.com,2026-07-06 02:25:44,Connected,Sales call,ACME-A003870
brian.brown@oneillllc.example.com,2026-07-06 03:40:46,Left voicemail,Sales call,ACME-A003871
frank.brown@snyderpierce.example.com,2026-07-06 03:48:58,Left voicemail,Sales call,ACME-A003872
dennis.webb@hicksedwardsandpierce.example.com,2026-07-06 04:16:38,No answer,Sales call,ACME-A003873
lisa.walls@houseplc.example.com,2026-07-06 04:39:08,Connected,Sales call,ACME-A003874
robert.webster@kramerltd.example.com,2026-07-06 05:22:48,Left voicemail,Sales call,ACME-A003876
heather.white@mcknightllc.example.com,2026-07-06 05:33:02,No answer,Sales call,ACME-A003878
ryan.jones@smithpage.example.com,2026-07-06 06:25:36,No answer,Sales call,ACME-A003880
benjamin.cunningham@thompsonwilson.example.com,2026-07-06 08:02:31,Left voicemail,Sales call,ACME-A003884
gregory.russell@mackrivasandalvarez.example.com,2026-07-06 08:07:52,Connected,Sales call,ACME-A003885
trevor.delacruz@camposmillerandjones.example.com,2026-07-06 08:53:02,Connected,Sales call,ACME-A003887
tyler.reynolds@garciabarrett.example.com,2026-07-06 11:18:27,No answer,Sales call,ACME-A003890
robert.mann@clarkthomasandrobinson.example.com,2026-07-06 11:27:00,No answer,Sales call,ACME-A003891
troy.lambert@mccoyrodriguezandstone.example.com,2026-07-06 11:44:31,Connected,Sales call,ACME-A003893
stacey.harrison@newtonkelley.example.com,2026-07-06 12:13:26,Connected,Sales call,ACME-A003895
nathan.browning@morrisonanderson.example.com,2026-07-06 12:15:43,Left voicemail,Sales call,ACME-A003896
charlotte.buchanan@wellsfreemanandtucker.example.com,2026-07-06 12:48:33,Left voicemail,Sales call,ACME-A003897
joseph.snyder@wallssmith.example.com,2026-07-06 13:37:18,Left voicemail,Sales call,ACME-A003898
beverly.harper@mullinsandersonanddavies.example.com,2026-07-06 13:47:44,Left voicemail,Sales call,ACME-A003900
deborah.moore@martinezabbott.example.com,2026-07-06 14:48:06,No answer,Sales call,ACME-A003902
darren.scott@connernguyenandhurley.example.com,2026-07-06 16:26:00,Connected,Sales call,ACME-A003904
jason.goodwin@brookspoole.example.com,2026-07-06 16:48:40,No answer,Sales call,ACME-A003905
richard.burns@cookhale.example.com,2026-07-06 16:52:03,No answer,Sales call,ACME-A003906
courtney.byrd@francissmithandparks.example.com,2026-07-06 16:53:58,No answer,Sales call,ACME-A003907
christopher.meyers@bergercampbellandsharp.example.com,2026-07-06 17:40:40,Left voicemail,Sales call,ACME-A003909
steven.chase@westplc.example.com,2026-07-06 17:55:36,Left voicemail,Sales call,ACME-A003911
krista.marquez@ewingplc.example.com,2026-07-06 18:25:11,Connected,Sales call,ACME-A003913
monica.hampton@rivasroberts.example.com,2026-07-06 18:34:45,No answer,Sales call,ACME-A003914
william.silva@harrellballandclark.example.com,2026-07-06 18:59:15,Left voicemail,Sales call,ACME-A003915
david.moreno@frenchgallagher.example.com,2026-07-06 19:01:51,Left voicemail,Sales call,ACME-A003916
alyssa.ortega@robertsongraham.example.com,2026-07-06 19:45:46,Left voicemail,Sales call,ACME-A003919
henry.jones@watsonkeyandwilliams.example.com,2026-07-06 19:58:15,No answer,Sales call,ACME-A003920
eric.wolf@hoffmanrodgers.example.com,2026-07-06 21:07:14,Left voicemail,Sales call,ACME-A003922
lisa.walls@houseplc.example.com,2026-07-06 22:21:54,Connected,Sales call,ACME-A003923
james.cooper@rivaslopezandthompson.example.com,2026-07-06 22:41:30,Left voicemail,Sales call,ACME-A003924
kevin.morales@georgefitzpatrickandkey.example.com,2026-07-06 22:43:48,Connected,Sales call,ACME-A003925
laura.zimmerman@weberltd.example.com,2026-07-06 23:12:24,Left voicemail,Sales call,ACME-A003926
zachary.taylor@tranplc.example.com,2026-07-06 23:23:59,No answer,Sales call,ACME-A003927
evan.willis@bowenandsons.example.com,2026-07-06 23:24:33,No answer,Sales call,ACME-A003928
lisa.garrison@wrightltd.example.com,2026-07-07 01:28:06,Left voicemail,Sales call,ACME-A003932
karen.smith@taylorturner.example.com,2026-07-07 01:49:32,No answer,Sales call,ACME-A003935
amber.yang@brownmcneil.example.com,2026-07-07 02:53:12,Connected,Sales call,ACME-A003937
aaron.davis@murraylewis.example.com,2026-07-07 04:50:43,Left voicemail,Sales call,ACME-A003939
gregory.russell@mackrivasandalvarez.example.com,2026-07-07 09:37:27,Connected,Sales call,ACME-A003944
eric.diaz@farrellpollard.example.com,2026-07-07 11:30:29,No answer,Sales call,ACME-A003947
trevor.marquez@rochaortega.example.com,2026-07-07 12:15:37,Left voicemail,Sales call,ACME-A003948
alyssa.gonzalez@reyesdelgadoandcastillo.example.com,2026-07-07 12:38:59,Connected,Sales call,ACME-A003951
toni.harrison@collinshardy.example.com,2026-07-07 13:31:42,Left voicemail,Sales call,ACME-A003953
michael.thomas@morajonesandhorton.example.com,2026-07-07 13:42:49,No answer,Sales call,ACME-A003954
dennis.lamb@romeropetersandshepard.example.com,2026-07-07 13:48:37,No answer,Sales call,ACME-A003955
lawrence.martinez@lewissmithandmurphy.example.com,2026-07-07 14:19:55,Left voicemail,Sales call,ACME-A003956
allison.spencer@brandtwilliamsandpatrick.example.com,2026-07-07 14:28:16,No answer,Sales call,ACME-A003957
william.chen@wardllc.example.com,2026-07-07 14:43:07,No answer,Sales call,ACME-A003958
stephanie.powell@lopezllc.example.com,2026-07-07 16:50:06,Left voicemail,Sales call,ACME-A003960
melinda.ramsey@moorewrightandjones.example.com,2026-07-07 17:55:36,Left voicemail,Sales call,ACME-A003962
christopher.martinez@westandsons.example.com,2026-07-07 18:25:46,No answer,Sales call,ACME-A003964
lauren.garcia@nguyenbauerandgardner.example.com,2026-07-07 18:59:30,Connected,Sales call,ACME-A003965
cynthia.cantu@mayllc.example.com,2026-07-07 19:39:20,Connected,Sales call,ACME-A003967
kenneth.hess@moorejoyceandvaldez.example.com,2026-07-07 19:47:49,No answer,Sales call,ACME-A003968
elizabeth.hill@williamsjohns.example.com,2026-07-07 20:26:44,No answer,Sales call,ACME-A003970
rebecca.gardner@cooperltd.example.com,2026-07-07 20:28:08,No answer,Sales call,ACME-A003971
william.johnson@williamsmason.example.com,2026-07-07 21:21:55,Left voicemail,Sales call,ACME-A003974
jodi.clark@williamstaylorandcooley.example.com,2026-07-07 22:26:48,Left voicemail,Sales call,ACME-A003977
christopher.morales@greerltd.example.com,2026-07-08 00:20:41,Left voicemail,Sales call,ACME-A003981
alison.webster@watsonbishop.example.com,2026-07-08 01:00:44,Connected,Sales call,ACME-A003982
michael.gross@frostclarkeandjohnson.example.com,2026-07-08 01:07:31,Left voicemail,Sales call,ACME-A003983
michelle.cortez@bestbond.example.com,2026-07-08 01:21:46,Connected,Sales call,ACME-A003984
rebecca.gardner@cooperltd.example.com,2026-07-08 02:14:49,No answer,Sales call,ACME-A003986
jennifer.meadows@webbvanceandthomas.example.com,2026-07-08 03:13:02,No answer,Sales call,ACME-A003987
kristina.anthony@jenkinsplc.example.com,2026-07-08 03:19:13,No answer,Sales call,ACME-A003988
mary.guzman@reyesplc.example.com,2026-07-08 03:30:23,Connected,Sales call,ACME-A003989
christian.nguyen@nguyenpattersonandmartin.example.com,2026-07-08 06:14:17,Left voicemail,Sales call,ACME-A003991
paula.tran@blackphillipsandray.example.com,2026-07-08 06:57:12,Left voicemail,Sales call,ACME-A003992
jennifer.webster@williamsinc.example.com,2026-07-08 08:32:01,No answer,Sales call,ACME-A003994
wyatt.cox@lawsongroup.example.com,2026-07-08 09:03:18,Connected,Sales call,ACME-A003995
lauren.young@lozanoandsons.example.com,2026-07-08 09:53:18,Connected,Sales call,ACME-A003996
erin.wilson@barnesinc.example.com,2026-07-08 11:10:40,No answer,Sales call,ACME-A003998
james.stevens@longbryant.example.com,2026-07-08 11:16:49,Left voicemail,Sales call,ACME-A003999
jeffrey.rivera@burchllc.example.com,2026-07-08 11:56:52,No answer,Sales call,ACME-A004002
andrew.villanueva@morgangroup.example.com,2026-07-08 12:03:09,Connected,Sales call,ACME-A004003
jeremy.robinson@brownlawson.example.com,2026-07-08 12:19:38,Connected,Sales call,ACME-A004005
amanda.mason@grossllc.example.com,2026-07-08 12:40:17,Connected,Sales call,ACME-A004006
laura.willis@millermartinez.example.com,2026-07-08 13:04:46,Connected,Sales call,ACME-A004008
natalie.williams@stonejackson.example.com,2026-07-08 13:55:14,Connected,Sales call,ACME-A004009
elizabeth.hill@williamsjohns.example.com,2026-07-08 14:05:10,Connected,Sales call,ACME-A004010
john.taylor@wigginsmartin.example.com,2026-07-08 15:26:36,No answer,Sales call,ACME-A004012
matthew.thomas@fordpatrick.example.com,2026-07-08 16:20:47,No answer,Sales call,ACME-A004015
cynthia.steele@penalowe.example.com,2026-07-08 17:35:31,Left voicemail,Sales call,ACME-A004017
wendy.taylor@nelsonllc.example.com,2026-07-08 17:41:11,Connected,Sales call,ACME-A004018
randy.warren@millerplc.example.com,2026-07-08 18:22:06,Connected,Sales call,ACME-A004021
timothy.thomas@rodriguezllc.example.com,2026-07-08 19:32:39,Left voicemail,Sales call,ACME-A004022
carl.allen@brownriveraandfuller.example.com,2026-07-08 19:34:11,Left voicemail,Sales call,ACME-A004023
rose.hardy@valenzuelamiller.example.com,2026-07-08 20:47:54,Connected,Sales call,ACME-A004025
laura.harrison@scottwolfe.example.com,2026-07-08 21:41:14,Connected,Sales call,ACME-A004027
heather.rodriguez@clarkjones.example.com,2026-07-08 22:08:24,Connected,Sales call,ACME-A004028
angela.finley@bushsmithandbrown.example.com,2026-07-08 22:40:01,Left voicemail,Sales call,ACME-A004029
gregory.russell@mackrivasandalvarez.example.com,2026-07-08 22:55:41,No answer,Sales call,ACME-A004030
ashley.campos@trevinoorozco.example.com,2026-07-08 23:49:32,No answer,Sales call,ACME-A004031
amanda.white@coxgarciaandrosales.example.com,2026-07-09 00:35:41,No answer,Sales call,ACME-A004032
trevor.delacruz@camposmillerandjones.example.com,2026-07-09 02:06:51,No answer,Sales call,ACME-A004033
elizabeth.clarke@smithmillerandaustin.example.com,2026-07-09 03:01:29,Left voicemail,Sales call,ACME-A004035
kayla.vargas@butlergroup.example.com,2026-07-09 03:52:53,No answer,Sales call,ACME-A004036
leslie.benjamin@willisplc.example.com,2026-07-09 04:05:32,Left voicemail,Sales call,ACME-A004037
paula.bailey@simpsoncox.example.com,2026-07-09 06:28:30,Left voicemail,Sales call,ACME-A004039
melinda.ramsey@moorewrightandjones.example.com,2026-07-09 07:08:45,No answer,Sales call,ACME-A004040
nicholas.wagner@parkerbutlerandburns.example.com,2026-07-09 07:51:27,Connected,Sales call,ACME-A004043
stephanie.walker@millerwilliams.example.com,2026-07-09 08:16:43,Connected,Sales call,ACME-A004045
rebecca.jones@smithmonroeandhancock.example.com,2026-07-09 09:11:04,Connected,Sales call,ACME-A004046
matthew.thomas@fordpatrick.example.com,2026-07-09 09:31:36,Left voicemail,Sales call,ACME-A004047
dana.schmitt@williamsbaker.example.com,2026-07-09 10:30:30,No answer,Sales call,ACME-A004049
george.wallace@andersonwalker.example.com,2026-07-09 11:02:58,No answer,Sales call,ACME-A004051
lauren.garcia@nguyenbauerandgardner.example.com,2026-07-09 11:20:08,Connected,Sales call,ACME-A004053
mikayla.gonzales@woodardgroup.example.com,2026-07-09 13:38:45,No answer,Sales call,ACME-A004058
steve.hartman@buchananltd.example.com,2026-07-09 14:16:53,No answer,Sales call,ACME-A004062
darren.scott@connernguyenandhurley.example.com,2026-07-09 15:33:17,Left voicemail,Sales call,ACME-A004063
mike.peters@scottgroup.example.com,2026-07-09 16:46:22,No answer,Sales call,ACME-A004065
kathryn.greene@shannonbryan.example.com,2026-07-09 17:36:32,Connected,Sales call,ACME-A004067
jacqueline.stanley@chavezallenandmcdonald.example.com,2026-07-09 17:46:40,Left voicemail,Sales call,ACME-A004070
stacey.smith@tuckerllc.example.com,2026-07-09 19:37:46,No answer,Sales call,ACME-A004071
corey.terry@hannameyer.example.com,2026-07-09 19:51:50,Connected,Sales call,ACME-A004073
carol.merritt@robertsdavis.example.com,2026-07-09 20:21:11,Connected,Sales call,ACME-A004074
michael.ortega@myersdalton.example.com,2026-07-09 20:32:25,Connected,Sales call,ACME-A004075
mia.burns@bakercarrandmoore.example.com,2026-07-09 22:27:21,Connected,Sales call,ACME-A004082
matthew.mendez@clarkrichandhoward.example.com,2026-07-09 23:17:49,No answer,Sales call,ACME-A004085
carla.daniel@mitchellgroup.example.com,2026-07-10 00:06:57,Connected,Sales call,ACME-A004087
andrew.garcia@powellandsons.example.com,2026-07-10 00:24:43,Connected,Sales call,ACME-A004088
andrew.garcia@powellandsons.example.com,2026-07-10 00:25:13,No answer,Sales call,ACME-A004089
linda.weiss@mendezthomas.example.com,2026-07-10 00:29:24,Left voicemail,Sales call,ACME-A004090
stacey.moran@mckenziegibbs.example.com,2026-07-10 01:21:21,Connected,Sales call,ACME-A004094
zachary.williams@frostinc.example.com,2026-07-10 02:02:36,No answer,Sales call,ACME-A004096
erin.weber@watsonjuarezandcook.example.com,2026-07-10 02:48:52,Left voicemail,Sales call,ACME-A004097
cynthia.kline@finleycollins.example.com,2026-07-10 03:51:48,No answer,Sales call,ACME-A004100
christopher.martinez@westandsons.example.com,2026-07-10 04:51:27,Left voicemail,Sales call,ACME-A004101
jennifer.guzman@campbellwilliamsandwilli.example.com,2026-07-10 05:07:06,Connected,Sales call,ACME-A004102
andrew.castillo@joneschavez.example.com,2026-07-10 07:59:19,No answer,Sales call,ACME-A004104
melissa.rivera@campbellweeks.example.com,2026-07-10 08:55:07,Left voicemail,Sales call,ACME-A004107
edward.meyer@curtissandoval.example.com,2026-07-10 09:38:41,Connected,Sales call,ACME-A004108
stephanie.perez@jonesgriffinandsmith.example.com,2026-07-10 12:06:56,No answer,Sales call,ACME-A004111
victoria.clark@martinjacobsonandlee.example.com,2026-07-10 12:13:33,No answer,Sales call,ACME-A004113
kari.gardner@vargasmeadowsandreid.example.com,2026-07-10 13:57:44,No answer,Sales call,ACME-A004115
amy.kelly@rodriguezkingandhogan.example.com,2026-07-10 14:34:11,Connected,Sales call,ACME-A004116
matthew.brown@pagehall.example.com,2026-07-10 14:36:02,No answer,Sales call,ACME-A004117
nancy.williams@arnoldhughesandfletcher.example.com,2026-07-10 15:27:43,Connected,Sales call,ACME-A004118
julie.burnett@vargasmillerandmaddox.example.com,2026-07-10 15:33:12,Left voicemail,Sales call,ACME-A004119
jack.garcia@nguyengroup.example.com,2026-07-10 15:54:17,Connected,Sales call,ACME-A004120
sandra.hernandez@romanroberts.example.com,2026-07-10 16:25:02,Left voicemail,Sales call,ACME-A004121
linda.perez@warrensantiagoandlevy.example.com,2026-07-10 18:02:55,No answer,Sales call,ACME-A004123
wanda.byrd@richardsrice.example.com,2026-07-10 18:15:53,Left voicemail,Sales call,ACME-A004124
lindsay.schwartz@taylorchambersanddavidso.example.com,2026-07-10 18:34:13,No answer,Sales call,ACME-A004125
julie.baker@owengriffith.example.com,2026-07-10 19:26:54,Left voicemail,Sales call,ACME-A004126
linda.thomas@clarkltd.example.com,2026-07-10 19:50:46,Left voicemail,Sales call,ACME-A004127
kristin.carpenter@barberinc.example.com,2026-07-10 20:04:40,No answer,Sales call,ACME-A004128
robert.erickson@fergusoncampbellandcaldw.example.com,2026-07-10 21:48:46,Left voicemail,Sales call,ACME-A004133
elizabeth.russo@martinezgroup.example.com,2026-07-10 22:02:26,Left voicemail,Sales call,ACME-A004135
jennifer.cook@moorerobinsonandmartinez.example.com,2026-07-10 23:16:42,No answer,Sales call,ACME-A004137
theresa.stewart@taylorandsons.example.com,2026-07-11 00:40:08,Left voicemail,Sales call,ACME-A004138
christopher.morales@greerltd.example.com,2026-07-11 01:55:48,No answer,Sales call,ACME-A004139
benjamin.reynolds@smithjones.example.com,2026-07-11 01:57:23,No answer,Sales call,ACME-A004140
evan.goodwin@johnsoninc.example.com,2026-07-11 02:48:44,Connected,Sales call,ACME-A004141
melissa.rivera@campbellweeks.example.com,2026-07-11 03:32:17,No answer,Sales call,ACME-A004143
victor.diaz@millermiddleton.example.com,2026-07-11 07:38:33,Left voicemail,Sales call,ACME-A004145
troy.lambert@mccoyrodriguezandstone.example.com,2026-07-11 08:04:08,No answer,Sales call,ACME-A004146
stephanie.walker@millerwilliams.example.com,2026-07-11 10:46:39,Left voicemail,Sales call,ACME-A004148
christopher.morales@greerltd.example.com,2026-07-11 11:35:12,Left voicemail,Sales call,ACME-A004151
timothy.noble@stricklandhurleyanddomin.example.com,2026-07-11 11:42:36,Left voicemail,Sales call,ACME-A004152
matthew.pineda@prattinc.example.com,2026-07-11 13:07:56,Connected,Sales call,ACME-A004154
jennifer.cain@blakeanderson.example.com,2026-07-11 14:43:36,Connected,Sales call,ACME-A004155
trevor.marquez@rochaortega.example.com,2026-07-11 15:45:20,Connected,Sales call,ACME-A004156
dennis.vincent@browncontrerasandfernand.example.com,2026-07-11 18:39:42,Connected,Sales call,ACME-A004158
debra.koch@yodermartinandsmith.example.com,2026-07-11 19:19:00,Connected,Sales call,ACME-A004159
troy.smith@bruceandsons.example.com,2026-07-11 19:30:07,Left voicemail,Sales call,ACME-A004160
troy.smith@bruceandsons.example.com,2026-07-11 20:02:36,No answer,Sales call,ACME-A004161
steven.montgomery@freemanmartin.example.com,2026-07-11 22:40:12,No answer,Sales call,ACME-A004165
reginald.brown@fowlerinc.example.com,2026-07-11 23:17:01,Connected,Sales call,ACME-A004167
jordan.lawrence@curryjonesanddixon.example.com,2026-07-12 00:08:39,Left voicemail,Sales call,ACME-A004169
jonathan.rice@johnsonplc.example.com,2026-07-12 01:00:36,No answer,Sales call,ACME-A004171
angel.anderson@blackburnmassey.example.com,2026-07-12 01:42:29,No answer,Sales call,ACME-A004176
reginald.brown@fowlerinc.example.com,2026-07-12 06:28:32,No answer,Sales call,ACME-A004184
john.meyer@andrewsmorris.example.com,2026-07-12 08:31:44,Left voicemail,Sales call,ACME-A004185
jeremy.robinson@brownlawson.example.com,2026-07-12 09:10:10,No answer,Sales call,ACME-A004187
natalie.williams@stonejackson.example.com,2026-07-12 11:37:51,Connected,Sales call,ACME-A004190
ralph.adams@olivergroup.example.com,2026-07-12 14:48:02,Connected,Sales call,ACME-A004191
linda.weiss@mendezthomas.example.com,2026-07-12 15:48:32,Left voicemail,Sales call,ACME-A004193
natalie.williams@stonejackson.example.com,2026-07-12 16:03:28,No answer,Sales call,ACME-A004194
victor.diaz@millermiddleton.example.com,2026-07-12 18:11:33,No answer,Sales call,ACME-A004195
julie.burnett@vargasmillerandmaddox.example.com,2026-07-12 18:37:23,No answer,Sales call,ACME-A004197
laura.willis@millermartinez.example.com,2026-07-12 19:50:09,No answer,Sales call,ACME-A004198
erica.gutierrez@farrellmiller.example.com,2026-07-12 20:19:29,Connected,Sales call,ACME-A004199
mia.burns@bakercarrandmoore.example.com,2026-07-12 20:55:04,Connected,Sales call,ACME-A004201
kevin.jones@ellisonltd.example.com,2026-07-12 21:00:05,Connected,Sales call,ACME-A004202
mark.stafford@hallturner.example.com,2026-07-13 02:38:33,No answer,Sales call,ACME-A004206
amanda.jimenez@hernandezboothandgreen.example.com,2026-07-13 03:20:31,Connected,Sales call,ACME-A004207
jennifer.gonzalez@doylejames.example.com,2026-07-13 04:19:31,No answer,Sales call,ACME-A004209
antonio.peck@millerplc.example.com,2026-07-13 04:23:36,Left voicemail,Sales call,ACME-A004210
joshua.young@browntorresandcox.example.com,2026-07-13 04:51:07,No answer,Sales call,ACME-A004211
carla.daniel@mitchellgroup.example.com,2026-07-13 07:29:26,Left voicemail,Sales call,ACME-A004215
michael.ortega@myersdalton.example.com,2026-07-13 08:07:55,No answer,Sales call,ACME-A004216
yolanda.white@johnsonanderson.example.com,2026-07-13 08:10:11,Left voicemail,Sales call,ACME-A004217
kristi.frank@robertsllc.example.com,2026-07-13 09:38:02,Left voicemail,Sales call,ACME-A004218
michelle.cortez@bestbond.example.com,2026-07-13 09:48:59,Left voicemail,Sales call,ACME-A004220
barbara.clark@sheasmith.example.com,2026-07-13 10:19:55,No answer,Sales call,ACME-A004221
gregory.davis@kirkltd.example.com,2026-07-13 10:44:15,Left voicemail,Sales call,ACME-A004222
jacob.white@fernandezgroup.example.com,2026-07-13 11:07:00,No answer,Sales call,ACME-A004224
edward.stanley@martinllc.example.com,2026-07-13 11:50:26,Left voicemail,Sales call,ACME-A004226
david.moreno@frenchgallagher.example.com,2026-07-13 11:59:37,No answer,Sales call,ACME-A004227
thomas.fitzpatrick@stephenssinghandallison.example.com,2026-07-13 12:15:23,No answer,Sales call,ACME-A004228
rebecca.jones@smithmonroeandhancock.example.com,2026-07-13 13:48:58,Left voicemail,Sales call,ACME-A004231
richard.burns@cookhale.example.com,2026-07-13 13:49:42,Connected,Sales call,ACME-A004232
bill.crawford@hamiltonandsons.example.com,2026-07-13 14:57:45,No answer,Sales call,ACME-A004235
trevor.harris@perkinscontreras.example.com,2026-07-13 15:58:02,Connected,Sales call,ACME-A004237
megan.luna@davissalazar.example.com,2026-07-13 16:11:34,No answer,Sales call,ACME-A004238
david.nguyen@fosterandsons.example.com,2026-07-13 16:18:03,No answer,Sales call,ACME-A004239
brooke.holmes@turnergroup.example.com,2026-07-13 18:04:53,Connected,Sales call,ACME-A004243
christopher.padilla@mayervasquez.example.com,2026-07-13 19:42:57,Left voicemail,Sales call,ACME-A004245
james.cooper@rivaslopezandthompson.example.com,2026-07-13 21:02:45,No answer,Sales call,ACME-A004248
troy.smith@bruceandsons.example.com,2026-07-13 22:22:47,Left voicemail,Sales call,ACME-A004253
aaron.quinn@nortonmorris.example.com,2026-07-13 22:55:34,Left voicemail,Sales call,ACME-A004254
cynthia.kline@finleycollins.example.com,2026-07-14 01:14:53,Left voicemail,Sales call,ACME-A004256
lauren.garcia@nguyenbauerandgardner.example.com,2026-07-14 02:13:18,No answer,Sales call,ACME-A004257
mark.mullins@alexandershepardandfrank.example.com,2026-07-14 02:55:18,Connected,Sales call,ACME-A004258
john.taylor@wigginsmartin.example.com,2026-07-14 03:27:48,Left voicemail,Sales call,ACME-A004261
lisa.kim@montgomerygoodman.example.com,2026-07-14 03:53:39,Connected,Sales call,ACME-A004262
shane.dominguez@johnsonhernandez.example.com,2026-07-14 04:19:24,Connected,Sales call,ACME-A004263
mark.mullins@alexandershepardandfrank.example.com,2026-07-14 04:55:14,No answer,Sales call,ACME-A004264
julie.burnett@vargasmillerandmaddox.example.com,2026-07-14 06:03:36,No answer,Sales call,ACME-A004266
amber.yang@brownmcneil.example.com,2026-07-14 07:21:26,No answer,Sales call,ACME-A004269
brianna.zamora@bryantmedina.example.com,2026-07-14 08:54:06,No answer,Sales call,ACME-A004270
kevin.ritter@gibsonallison.example.com,2026-07-14 10:24:35,Left voicemail,Sales call,ACME-A004274
diane.hall@parkerllc.example.com,2026-07-14 10:30:01,Connected,Sales call,ACME-A004275
denise.mason@haynescarlson.example.com,2026-07-14 10:49:12,No answer,Sales call,ACME-A004276
paul.mooney@washingtonrossandsanford.example.com,2026-07-14 11:33:48,Connected,Sales call,ACME-A004278
stephen.garrett@hillmorganandmontgomery.example.com,2026-07-14 11:51:45,Left voicemail,Sales call,ACME-A004280
daniel.webb@harrisonpatelandparker.example.com,2026-07-14 11:52:02,Connected,Sales call,ACME-A004281
mark.flores@normanltd.example.com,2026-07-14 14:25:32,No answer,Sales call,ACME-A004286
martha.moore@pearsonwilliamsandjones.example.com,2026-07-14 14:50:36,Left voicemail,Sales call,ACME-A004288
kenneth.porter@davisrodriguez.example.com,2026-07-14 15:47:36,Left voicemail,Sales call,ACME-A004290
peter.harrison@cisnerosclarkandlopez.example.com,2026-07-14 16:33:01,Left voicemail,Sales call,ACME-A004293
nancy.williams@arnoldhughesandfletcher.example.com,2026-07-14 17:10:32,No answer,Sales call,ACME-A004297
ruth.miller@taylorandsons.example.com,2026-07-14 17:54:54,Left voicemail,Sales call,ACME-A004299
javier.carroll@arellanoandsons.example.com,2026-07-14 18:42:54,Left voicemail,Sales call,ACME-A004302
cynthia.bridges@dayallen.example.com,2026-07-14 19:07:21,Connected,Sales call,ACME-A004304
lori.smith@wileyscott.example.com,2026-07-14 19:12:27,No answer,Sales call,ACME-A004305
mike.fox@maldonadoberger.example.com,2026-07-14 20:00:31,Left voicemail,Sales call,ACME-A004306
stephanie.walker@millerwilliams.example.com,2026-07-14 20:54:48,Connected,Sales call,ACME-A004308
richard.carey@adamsjacksonandgallegos.example.com,2026-07-14 21:34:52,No answer,Sales call,ACME-A004309
matthew.thomas@fordpatrick.example.com,2026-07-15 00:17:19,No answer,Sales call,ACME-A004317
stacy.douglas@conleymarshallandanderso.example.com,2026-07-15 00:52:39,Left voicemail,Sales call,ACME-A004318
richard.meyer@grahambarnes.example.com,2026-07-15 05:05:13,No answer,Sales call,ACME-A004326
leslie.benjamin@willisplc.example.com,2026-07-15 06:56:31,No answer,Sales call,ACME-A004327
caitlin.campbell@jonesfrench.example.com,2026-07-15 07:21:38,Connected,Sales call,ACME-A004328
samantha.fitzgerald@gonzalesmooneyandellison.example.com,2026-07-15 07:23:23,Left voicemail,Sales call,ACME-A004329
stephen.garrett@hillmorganandmontgomery.example.com,2026-07-15 07:25:58,No answer,Sales call,ACME-A004330
gregory.townsend@campbellriveraandlane.example.com,2026-07-15 07:57:22,Left voicemail,Sales call,ACME-A004332
elizabeth.haley@reynoldsinc.example.com,2026-07-15 08:35:42,No answer,Sales call,ACME-A004333
jessica.robbins@tannercunninghamandjuare.example.com,2026-07-15 09:38:01,No answer,Sales call,ACME-A004334
catherine.white@garnergilbertandblankens.example.com,2026-07-15 10:13:27,Left voicemail,Sales call,ACME-A004336
jennifer.meadows@webbvanceandthomas.example.com,2026-07-15 12:28:25,No answer,Sales call,ACME-A004338
angela.smith@morrisonarellano.example.com,2026-07-15 15:22:14,Left voicemail,Sales call,ACME-A004340
kristi.alvarado@davisplc.example.com,2026-07-15 16:12:12,Connected,Sales call,ACME-A004342
laurie.hodges@armstrongsaundersandwrig.example.com,2026-07-15 16:16:27,Left voicemail,Sales call,ACME-A004343
helen.harris@martinezgreer.example.com,2026-07-15 16:17:01,No answer,Sales call,ACME-A004344
jennifer.cook@moorerobinsonandmartinez.example.com,2026-07-15 16:45:42,Left voicemail,Sales call,ACME-A004345
jillian.brown@leonltd.example.com,2026-07-15 18:08:09,No answer,Sales call,ACME-A004346
darren.elliott@jacksonllc.example.com,2026-07-15 18:35:58,Left voicemail,Sales call,ACME-A004348
heather.smith@williamsbowman.example.com,2026-07-15 18:36:21,No answer,Sales call,ACME-A004349
johnny.burnett@vazquezandsons.example.com,2026-07-15 20:11:46,No answer,Sales call,ACME-A004353
jacob.walters@warrenriley.example.com,2026-07-15 20:15:47,No answer,Sales call,ACME-A004354
lisa.brown@millerltd.example.com,2026-07-15 20:16:46,Connected,Sales call,ACME-A004355
kevin.conway@fernandezgroup.example.com,2026-07-15 20:26:22,Left voicemail,Sales call,ACME-A004356
angelica.sloan@brownltd.example.com,2026-07-15 20:44:22,Connected,Sales call,ACME-A004357
angelica.bowers@beckerllc.example.com,2026-07-15 20:59:22,Left voicemail,Sales call,ACME-A004358
kevin.giles@atkinsinc.example.com,2026-07-15 22:40:26,Connected,Sales call,ACME-A004363
elizabeth.hill@williamsjohns.example.com,2026-07-15 23:32:06,Left voicemail,Sales call,ACME-A004365
christine.graham@russogilbert.example.com,2026-07-15 23:59:36,Connected,Sales call,ACME-A004366
allison.case@turnerllc.example.com,2026-07-16 01:38:47,Connected,Sales call,ACME-A004372
christopher.jones@richperezandwilliams.example.com,2026-07-16 02:14:12,Left voicemail,Sales call,ACME-A004373
monica.hampton@rivasroberts.example.com,2026-07-16 02:24:20,Connected,Sales call,ACME-A004374
paul.li@patelandsons.example.com,2026-07-16 04:46:25,No answer,Sales call,ACME-A004378
thomas.summers@sandovalhendrixandowen.example.com,2026-07-16 05:38:47,No answer,Sales call,ACME-A004381
elizabeth.clarke@smithmillerandaustin.example.com,2026-07-16 07:56:24,Left voicemail,Sales call,ACME-A004383
shawn.vincent@berrywelchandjackson.example.com,2026-07-16 08:21:07,Left voicemail,Sales call,ACME-A004385
alison.webster@watsonbishop.example.com,2026-07-16 09:10:44,No answer,Sales call,ACME-A004387
jasmine.fleming@coxltd.example.com,2026-07-16 10:56:03,Connected,Sales call,ACME-A004389
misty.patton@smithltd.example.com,2026-07-16 11:14:15,Left voicemail,Sales call,ACME-A004390
robert.morgan@cookfischer.example.com,2026-07-16 12:08:54,No answer,Sales call,ACME-A004392
john.johnson@richardcollins.example.com,2026-07-16 13:02:23,No answer,Sales call,ACME-A004393
wesley.cross@pearsonmooreandgood.example.com,2026-07-16 13:05:02,No answer,Sales call,ACME-A004394
joanna.vasquez@wagnerllc.example.com,2026-07-16 15:28:52,Left voicemail,Sales call,ACME-A004400
debra.wilson@weeksinc.example.com,2026-07-16 15:29:47,Connected,Sales call,ACME-A004401
janet.barber@frederickllc.example.com,2026-07-16 16:10:38,Left voicemail,Sales call,ACME-A004403
robert.erickson@fergusoncampbellandcaldw.example.com,2026-07-16 18:15:33,No answer,Sales call,ACME-A004407
christopher.martinez@westandsons.example.com,2026-07-16 19:31:14,Left voicemail,Sales call,ACME-A004409
debbie.rivas@huangwarren.example.com,2026-07-16 20:18:21,No answer,Sales call,ACME-A004410
sarah.blake@brownmoore.example.com,2026-07-16 20:44:54,Left voicemail,Sales call,ACME-A004414
martha.klein@hayesmatthewsandmoore.example.com,2026-07-16 21:05:03,Connected,Sales call,ACME-A004415
lindsay.castillo@clinewhiteandcurry.example.com,2026-07-16 21:11:55,No answer,Sales call,ACME-A004416
terri.houston@johnsongroup.example.com,2026-07-16 21:13:44,No answer,Sales call,ACME-A004417
willie.miller@lewissheltonandwalker.example.com,2026-07-16 21:43:06,Left voicemail,Sales call,ACME-A004418
kelly.harrison@millerltd.example.com,2026-07-16 22:13:57,Left voicemail,Sales call,ACME-A004420
elizabeth.davis@martinezshah.example.com,2026-07-16 23:29:34,Connected,Sales call,ACME-A004421
brian.ryan@myersmillsandpatton.example.com,2026-07-16 23:57:19,Connected,Sales call,ACME-A004423
taylor.williams@millersimmonsandandrews.example.com,2026-07-17 00:32:35,No answer,Sales call,ACME-A004424
michael.bray@nortongroup.example.com,2026-07-17 00:42:49,No answer,Sales call,ACME-A004425
paul.li@patelandsons.example.com,2026-07-17 03:07:02,Left voicemail,Sales call,ACME-A004428
carol.merritt@robertsdavis.example.com,2026-07-17 05:08:06,Connected,Sales call,ACME-A004432
kenneth.porter@davisrodriguez.example.com,2026-07-17 07:03:03,No answer,Sales call,ACME-A004437
paul.li@patelandsons.example.com,2026-07-17 07:19:49,Connected,Sales call,ACME-A004438
stacy.douglas@conleymarshallandanderso.example.com,2026-07-17 08:04:43,No answer,Sales call,ACME-A004439
monica.hampton@rivasroberts.example.com,2026-07-17 10:17:01,Left voicemail,Sales call,ACME-A004442
peter.harrison@cisnerosclarkandlopez.example.com,2026-07-17 10:31:17,Connected,Sales call,ACME-A004443
kevin.conway@fernandezgroup.example.com,2026-07-17 10:50:37,No answer,Sales call,ACME-A004445
henry.jones@watsonkeyandwilliams.example.com,2026-07-17 11:28:04,Left voicemail,Sales call,ACME-A004446
jose.baker@jonesandsons.example.com,2026-07-17 11:30:27,No answer,Sales call,ACME-A004447
kevin.morales@georgefitzpatrickandkey.example.com,2026-07-17 12:04:51,Left voicemail,Sales call,ACME-A004450
eric.glass@williamscurtisandbautist.example.com,2026-07-17 13:06:49,Left voicemail,Sales call,ACME-A004453
brianna.ortega@dunnandsons.example.com,2026-07-17 14:04:56,Left voicemail,Sales call,ACME-A004456
madison.gardner@smithinc.example.com,2026-07-17 14:54:35,Connected,Sales call,ACME-A004458
daniel.deleon@andersonwallace.example.com,2026-07-17 17:08:51,No answer,Sales call,ACME-A004462
craig.hogan@halljames.example.com,2026-07-17 17:37:08,Connected,Sales call,ACME-A004463
edward.meyer@curtissandoval.example.com,2026-07-17 17:44:34,No answer,Sales call,ACME-A004464
michaela.smith@andersonbishopandweber.example.com,2026-07-17 17:46:16,No answer,Sales call,ACME-A004465
shannon.peterson@hansenllc.example.com,2026-07-17 18:15:42,Left voicemail,Sales call,ACME-A004467
jeffrey.barrett@sparksmartinezandrodrigu.example.com,2026-07-17 18:29:46,No answer,Sales call,ACME-A004470
anne.farmer@archerburkeandpittman.example.com,2026-07-17 19:03:45,Left voicemail,Sales call,ACME-A004471
ashley.shelton@martincolemanandedwards.example.com,2026-07-17 21:12:04,Left voicemail,Sales call,ACME-A004474
ethan.phillips@parkerryan.example.com,2026-07-17 22:11:21,Left voicemail,Sales call,ACME-A004475
sara.banks@wardstoneandcurtis.example.com,2026-07-17 22:15:32,No answer,Sales call,ACME-A004476
kayla.vargas@butlergroup.example.com,2026-07-17 23:11:02,Connected,Sales call,ACME-A004478
steven.montgomery@freemanmartin.example.com,2026-07-17 23:23:37,No answer,Sales call,ACME-A004479
daniel.gonzalez@bensonjacksonandford.example.com,2026-07-17 23:38:36,Connected,Sales call,ACME-A004480
brandy.jones@pattersonowenandclark.example.com,2026-07-17 23:39:44,Connected,Sales call,ACME-A004481
james.hood@santosmurphyandgeorge.example.com,2026-07-17 23:40:00,Connected,Sales call,ACME-A004482
zachary.williams@frostinc.example.com,2026-07-18 00:43:17,No answer,Sales call,ACME-A004485
sandra.hawkins@roysmithandsloan.example.com,2026-07-18 01:07:23,Connected,Sales call,ACME-A004487
terri.houston@johnsongroup.example.com,2026-07-18 01:12:50,Connected,Sales call,ACME-A004488
lindsay.schwartz@taylorchambersanddavidso.example.com,2026-07-18 01:58:25,No answer,Sales call,ACME-A004490
angela.fisher@kennedyshepardandmyers.example.com,2026-07-18 02:07:54,No answer,Sales call,ACME-A004491
robert.morgan@cookfischer.example.com,2026-07-18 02:32:54,Connected,Sales call,ACME-A004492
samantha.patel@edwardsadams.example.com,2026-07-18 03:33:24,Connected,Sales call,ACME-A004493
angel.anderson@blackburnmassey.example.com,2026-07-18 04:59:22,No answer,Sales call,ACME-A004494
jeremy.robinson@brownlawson.example.com,2026-07-18 07:03:02,Connected,Sales call,ACME-A004497
jessica.robbins@tannercunninghamandjuare.example.com,2026-07-18 07:53:51,No answer,Sales call,ACME-A004498
susan.farmer@fernandezinc.example.com,2026-07-18 10:58:16,No answer,Sales call,ACME-A004500
alison.webster@watsonbishop.example.com,2026-07-18 12:19:20,Left voicemail,Sales call,ACME-A004501
sarah.blake@brownmoore.example.com,2026-07-18 12:20:31,No answer,Sales call,ACME-A004502
laura.harrison@scottwolfe.example.com,2026-07-18 12:46:22,Connected,Sales call,ACME-A004503
kevin.ritter@gibsonallison.example.com,2026-07-18 14:36:17,Left voicemail,Sales call,ACME-A004504
joseph.bonilla@barrettjones.example.com,2026-07-18 14:40:39,Connected,Sales call,ACME-A004505
kelly.page@hillgroup.example.com,2026-07-18 14:41:05,No answer,Sales call,ACME-A004506
elizabeth.lopez@hardinnguyen.example.com,2026-07-18 14:58:46,Left voicemail,Sales call,ACME-A004508
jeremy.nguyen@thompsonandsons.example.com,2026-07-18 15:34:20,Connected,Sales call,ACME-A004509
nicholas.barker@martinezdoyleandcordova.example.com,2026-07-18 16:13:10,Connected,Sales call,ACME-A004510
david.nguyen@fosterandsons.example.com,2026-07-18 18:04:08,Left voicemail,Sales call,ACME-A004513
jacob.white@fernandezgroup.example.com,2026-07-18 20:22:31,Left voicemail,Sales call,ACME-A004516
cynthia.cantu@mayllc.example.com,2026-07-18 20:29:10,Connected,Sales call,ACME-A004517
kimberly.anderson@stewartthomasandguzman.example.com,2026-07-18 20:29:44,Connected,Sales call,ACME-A004518
mary.guzman@reyesplc.example.com,2026-07-18 21:28:55,Connected,Sales call,ACME-A004520
richard.wilson@ramirezgonzalez.example.com,2026-07-19 02:17:32,Left voicemail,Sales call,ACME-A004526
michael.edwards@forbesandsons.example.com,2026-07-19 05:22:33,Left voicemail,Sales call,ACME-A004528
kristen.miller@whitejamesandfitzgerald.example.com,2026-07-19 06:22:50,No answer,Sales call,ACME-A004529
bobby.garcia@lindseyrogers.example.com,2026-07-19 06:31:49,Connected,Sales call,ACME-A004530
mary.gray@mejialtd.example.com,2026-07-19 07:46:29,Left voicemail,Sales call,ACME-A004534
victoria.clark@martinjacobsonandlee.example.com,2026-07-19 10:26:32,No answer,Sales call,ACME-A004539
sara.banks@wardstoneandcurtis.example.com,2026-07-19 10:38:57,No answer,Sales call,ACME-A004540
anne.farmer@archerburkeandpittman.example.com,2026-07-19 10:58:56,No answer,Sales call,ACME-A004541
laura.willis@millermartinez.example.com,2026-07-19 14:04:11,Left voicemail,Sales call,ACME-A004545
michael.nguyen@sancheznguyenandperry.example.com,2026-07-19 14:04:39,Left voicemail,Sales call,ACME-A004546
linda.weiss@mendezthomas.example.com,2026-07-19 14:34:03,No answer,Sales call,ACME-A004547
mark.flores@normanltd.example.com,2026-07-19 16:37:34,Connected,Sales call,ACME-A004550
robert.webster@kramerltd.example.com,2026-07-19 18:52:16,Connected,Sales call,ACME-A004556
jonathan.kim@mannmunoz.example.com,2026-07-19 20:49:35,Left voicemail,Sales call,ACME-A004557
thomas.hughes@allendavis.example.com,2026-07-19 21:31:05,No answer,Sales call,ACME-A004558
bryan.erickson@hillmooreandstevens.example.com,2026-07-19 22:26:34,No answer,Sales call,ACME-A004559
stephanie.collins@hughesdaughertyandgreen.example.com,2026-07-19 22:27:32,Connected,Sales call,ACME-A004560
michelle.harris@mcmillankimandpearson.example.com,2026-07-19 22:57:02,Left voicemail,Sales call,ACME-A004561
denise.kelley@thomaslevy.example.com,2026-07-20 00:33:33,Left voicemail,Sales call,ACME-A004562
denise.kelley@thomaslevy.example.com,2026-07-20 02:04:50,No answer,Sales call,ACME-A004563
albert.clark@rochamckayandanderson.example.com,2026-07-20 02:56:21,No answer,Sales call,ACME-A004564
lindsay.baker@smithriceandjones.example.com,2026-07-20 03:18:14,No answer,Sales call,ACME-A004566
laura.smith@newtonsnyder.example.com,2026-07-20 03:27:06,Connected,Sales call,ACME-A004567
robert.adams@burnsgroup.example.com,2026-07-20 05:24:29,Connected,Sales call,ACME-A004568
donald.thomas@ramirezfoxandmendoza.example.com,2026-07-20 09:47:43,Connected,Sales call,ACME-A004572
mary.howell@carterreynolds.example.com,2026-07-20 10:44:56,Connected,Sales call,ACME-A004573
brittany.sosa@bradshawgroup.example.com,2026-07-20 12:19:25,Left voicemail,Sales call,ACME-A004575
tyler.garcia@sosagalvanandsullivan.example.com,2026-07-20 12:23:40,Left voicemail,Sales call,ACME-A004576
ian.miller@abbottinc.example.com,2026-07-20 14:32:28,Connected,Sales call,ACME-A004578
jeffrey.anderson@wilkinsondavisandmacias.example.com,2026-07-20 15:51:15,No answer,Sales call,ACME-A004580
brett.stewart@coopermitchellandarias.example.com,2026-07-20 16:21:25,No answer,Sales call,ACME-A004581
peggy.hart@davisllc.example.com,2026-07-20 16:41:01,Left voicemail,Sales call,ACME-A004582
debra.wilson@weeksinc.example.com,2026-07-20 16:58:35,Connected,Sales call,ACME-A004583
chad.hayes@carpenterandsons.example.com,2026-07-20 17:06:02,No answer,Sales call,ACME-A004584
alice.vincent@leachinc.example.com,2026-07-20 17:16:49,No answer,Sales call,ACME-A004585
molly.rich@marquezrandolph.example.com,2026-07-20 19:13:51,Connected,Sales call,ACME-A004589
jennifer.castaneda@whitegroup.example.com,2026-07-20 20:09:27,Connected,Sales call,ACME-A004592
ricky.bullock@millersullivanandwilliam.example.com,2026-07-20 21:10:42,Connected,Sales call,ACME-A004594
glenn.vaughn@robinsonmiles.example.com,2026-07-20 22:09:32,No answer,Sales call,ACME-A004595
robyn.vaughan@snyderllc.example.com,2026-07-20 22:44:37,No answer,Sales call,ACME-A004597
elizabeth.haley@reynoldsinc.example.com,2026-07-20 22:46:19,Left voicemail,Sales call,ACME-A004598
margaret.anderson@tranbrownandlong.example.com,2026-07-21 04:30:06,No answer,Sales call,ACME-A004602
sara.johnson@mooreryan.example.com,2026-07-21 04:48:38,No answer,Sales call,ACME-A004603
james.gardner@woodskentandevans.example.com,2026-07-21 08:48:25,No answer,Sales call,ACME-A004609
albert.clark@rochamckayandanderson.example.com,2026-07-21 08:54:50,Connected,Sales call,ACME-A004610
laura.smith@newtonsnyder.example.com,2026-07-21 10:25:08,No answer,Sales call,ACME-A004611
erin.petersen@mendozasilvaandclark.example.com,2026-07-21 12:35:56,Connected,Sales call,ACME-A004613
heather.rodriguez@clarkjones.example.com,2026-07-21 13:14:29,No answer,Sales call,ACME-A004614
charlotte.buchanan@wellsfreemanandtucker.example.com,2026-07-21 13:39:22,No answer,Sales call,ACME-A004615
zachary.williams@frostinc.example.com,2026-07-21 14:20:25,No answer,Sales call,ACME-A004616
laurie.hodges@armstrongsaundersandwrig.example.com,2026-07-21 14:39:57,No answer,Sales call,ACME-A004617
joanna.vasquez@wagnerllc.example.com,2026-07-21 14:56:55,Connected,Sales call,ACME-A004618
sharon.kennedy@fisherltd.example.com,2026-07-21 15:43:37,No answer,Sales call,ACME-A004621
joseph.bonilla@barrettjones.example.com,2026-07-21 15:57:49,Connected,Sales call,ACME-A004623
bryan.murphy@mcknightbrown.example.com,2026-07-21 16:21:57,Left voicemail,Sales call,ACME-A004624
ashley.wilcox@nguyenllc.example.com,2026-07-21 17:20:40,No answer,Sales call,ACME-A004628
john.taylor@wigginsmartin.example.com,2026-07-21 17:37:46,Connected,Sales call,ACME-A004629
richard.meyer@grahambarnes.example.com,2026-07-21 18:35:42,Left voicemail,Sales call,ACME-A004630
samantha.harrison@armstrongglassandspencer.example.com,2026-07-21 18:35:45,Connected,Sales call,ACME-A004631
lisa.moreno@fullerplc.example.com,2026-07-21 18:41:50,No answer,Sales call,ACME-A004632
rachel.bryant@santosinc.example.com,2026-07-21 19:08:47,No answer,Sales call,ACME-A004633
sandra.mahoney@dorseybrown.example.com,2026-07-21 19:19:31,Connected,Sales call,ACME-A004634
edward.meyer@curtissandoval.example.com,2026-07-21 19:44:39,Connected,Sales call,ACME-A004635
barbara.williams@harmonbondandwalton.example.com,2026-07-21 21:44:48,No answer,Sales call,ACME-A004639
denise.mason@haynescarlson.example.com,2026-07-21 23:25:49,Left voicemail,Sales call,ACME-A004641
michael.bean@foxplc.example.com,2026-07-21 23:34:45,No answer,Sales call,ACME-A004642
jack.weaver@chavezmcneilandsmith.example.com,2026-07-22 02:03:35,No answer,Sales call,ACME-A004644
natalie.williams@stonejackson.example.com,2026-07-22 03:32:28,No answer,Sales call,ACME-A004647
corey.terry@hannameyer.example.com,2026-07-22 04:49:54,Connected,Sales call,ACME-A004648
amanda.pittman@riosromero.example.com,2026-07-22 06:56:50,Connected,Sales call,ACME-A004649
michael.smith@walshrichardsandfloyd.example.com,2026-07-22 09:09:15,No answer,Sales call,ACME-A004653
joseph.williams@fisherplc.example.com,2026-07-22 09:36:03,No answer,Sales call,ACME-A004654
jennifer.little@huertahammondandryan.example.com,2026-07-22 09:47:00,No answer,Sales call,ACME-A004655
richard.wilson@ramirezgonzalez.example.com,2026-07-22 10:15:26,Connected,Sales call,ACME-A004656
christopher.rodriguez@frederickcruz.example.com,2026-07-22 11:37:39,Connected,Sales call,ACME-A004658
ryan.thompson@ritterltd.example.com,2026-07-22 11:41:00,Left voicemail,Sales call,ACME-A004659
mike.fox@maldonadoberger.example.com,2026-07-22 11:44:48,No answer,Sales call,ACME-A004660
jacob.crawford@ellisriddleandstuart.example.com,2026-07-22 13:32:43,Connected,Sales call,ACME-A004663
andrew.ortega@mcclainnguyen.example.com,2026-07-22 14:14:09,No answer,Sales call,ACME-A004665
adam.gonzalez@mirandathompsonandwood.example.com,2026-07-22 14:26:20,No answer,Sales call,ACME-A004666
steven.james@richardsongroup.example.com,2026-07-22 14:28:19,Left voicemail,Sales call,ACME-A004667
james.beltran@rodriguezhillandturner.example.com,2026-07-22 15:09:49,No answer,Sales call,ACME-A004668
samantha.fitzgerald@gonzalesmooneyandellison.example.com,2026-07-22 15:27:10,Connected,Sales call,ACME-A004669
steve.hill@nguyenbatesandmckinney.example.com,2026-07-22 15:44:52,Left voicemail,Sales call,ACME-A004670
michael.bernard@haasplc.example.com,2026-07-22 16:26:33,Connected,Sales call,ACME-A004672
stephanie.powell@lopezllc.example.com,2026-07-22 16:44:22,Connected,Sales call,ACME-A004673
lindsay.schwartz@taylorchambersanddavidso.example.com,2026-07-22 17:10:14,No answer,Sales call,ACME-A004674
christina.russell@smithschmitt.example.com,2026-07-22 17:41:39,No answer,Sales call,ACME-A004679
jessica.gilbert@martinezwilliamsandlove.example.com,2026-07-22 18:37:13,Connected,Sales call,ACME-A004680
daniel.hudson@lynchdelgadoandreed.example.com,2026-07-22 18:38:27,Left voicemail,Sales call,ACME-A004681
susan.bennett@mooresoto.example.com,2026-07-22 18:47:29,No answer,Sales call,ACME-A004683
michaela.williams@rubioburns.example.com,2026-07-22 19:38:42,Left voicemail,Sales call,ACME-A004684
kelly.farrell@charlesmitchellandrodrig.example.com,2026-07-22 20:02:40,Connected,Sales call,ACME-A004686
sarah.lopez@johnsonandsons.example.com,2026-07-22 23:03:47,Connected,Sales call,ACME-A004687
cynthia.bridges@dayallen.example.com,2026-07-22 23:46:15,No answer,Sales call,ACME-A004688
richard.wilson@ramirezgonzalez.example.com,2026-07-23 01:15:16,Connected,Sales call,ACME-A004689
linda.gonzales@chaseperezandshields.example.com,2026-07-23 01:22:17,Left voicemail,Sales call,ACME-A004690
jeffrey.levy@wagnerpriceandwhitaker.example.com,2026-07-23 01:28:30,No answer,Sales call,ACME-A004691
christopher.jones@richperezandwilliams.example.com,2026-07-23 02:31:29,Left voicemail,Sales call,ACME-A004693
eric.wolf@hoffmanrodgers.example.com,2026-07-23 02:33:03,No answer,Sales call,ACME-A004694
barbara.ramirez@rossplc.example.com,2026-07-23 03:01:03,Connected,Sales call,ACME-A004695
heather.wells@larallc.example.com,2026-07-23 06:03:27,No answer,Sales call,ACME-A004696
sandra.hernandez@romanroberts.example.com,2026-07-23 07:20:44,Connected,Sales call,ACME-A004699
aaron.quinn@nortonmorris.example.com,2026-07-23 07:28:02,No answer,Sales call,ACME-A004700
mikayla.gonzales@woodardgroup.example.com,2026-07-23 07:56:06,No answer,Sales call,ACME-A004701
steven.chase@westplc.example.com,2026-07-23 08:21:15,Connected,Sales call,ACME-A004702
eric.glass@williamscurtisandbautist.example.com,2026-07-23 10:27:09,Connected,Sales call,ACME-A004705
cory.bell@smithinc.example.com,2026-07-23 11:37:16,Left voicemail,Sales call,ACME-A004706
benjamin.owens@warnermooreandswanson.example.com,2026-07-23 11:38:37,Connected,Sales call,ACME-A004707
janice.stewart@johnsondaltonandarmstron.example.com,2026-07-23 12:19:50,Left voicemail,Sales call,ACME-A004708
laura.harrison@scottwolfe.example.com,2026-07-23 13:26:03,No answer,Sales call,ACME-A004709
adam.robertson@briggsadamsandmiller.example.com,2026-07-23 13:35:27,No answer,Sales call,ACME-A004710
stacey.moran@mckenziegibbs.example.com,2026-07-23 14:09:46,Connected,Sales call,ACME-A004711
jessica.decker@cruzarcherandmyers.example.com,2026-07-23 14:23:24,Left voicemail,Sales call,ACME-A004712
wendy.martin@webbbrownandmiller.example.com,2026-07-23 15:13:25,Connected,Sales call,ACME-A004714
joshua.jones@mathisltd.example.com,2026-07-23 15:29:39,No answer,Sales call,ACME-A004716
ashley.barker@phammoore.example.com,2026-07-23 15:55:23,Connected,Sales call,ACME-A004717
stacey.moran@mckenziegibbs.example.com,2026-07-23 16:41:17,No answer,Sales call,ACME-A004719
jack.garcia@nguyengroup.example.com,2026-07-23 17:49:48,Connected,Sales call,ACME-A004722
jasmin.ward@walkerwebb.example.com,2026-07-23 18:03:49,Connected,Sales call,ACME-A004723
patricia.cunningham@bridgesjacksonandlowery.example.com,2026-07-23 18:48:58,No answer,Sales call,ACME-A004725
robert.cowan@edwardsgroup.example.com,2026-07-23 22:22:07,Connected,Sales call,ACME-A004732
bryan.murphy@mcknightbrown.example.com,2026-07-23 22:23:49,Connected,Sales call,ACME-A004733
rachel.cox@vasquezandsons.example.com,2026-07-23 22:24:51,Connected,Sales call,ACME-A004734
margaret.harvey@johnsonandsons.example.com,2026-07-23 23:03:39,Left voicemail,Sales call,ACME-A004736
george.wallace@andersonwalker.example.com,2026-07-24 00:32:29,No answer,Sales call,ACME-A004737
jeffrey.anderson@wilkinsondavisandmacias.example.com,2026-07-24 00:51:16,Connected,Sales call,ACME-A004738
michael.bernard@haasplc.example.com,2026-07-24 02:28:44,No answer,Sales call,ACME-A004740
patrick.harper@kerrthompsonandwise.example.com,2026-07-24 03:42:56,No answer,Sales call,ACME-A004742
michael.bernard@haasplc.example.com,2026-07-24 04:54:09,Left voicemail,Sales call,ACME-A004744
roy.garner@muellerltd.example.com,2026-07-24 06:59:56,No answer,Sales call,ACME-A004749
barbara.clark@sheasmith.example.com,2026-07-24 09:57:27,No answer,Sales call,ACME-A004753
stephanie.simpson@holmesryan.example.com,2026-07-24 10:27:19,No answer,Sales call,ACME-A004754
annette.castro@brookscross.example.com,2026-07-24 11:05:58,Connected,Sales call,ACME-A004755
krystal.grant@owensbrennanandschmitt.example.com,2026-07-24 11:11:14,No answer,Sales call,ACME-A004756
carol.diaz@kleininc.example.com,2026-07-24 11:15:08,No answer,Sales call,ACME-A004757
linda.griffin@wonginc.example.com,2026-07-24 13:57:35,No answer,Sales call,ACME-A004762
taylor.williams@millersimmonsandandrews.example.com,2026-07-24 14:38:42,Left voicemail,Sales call,ACME-A004763
samantha.harrison@armstrongglassandspencer.example.com,2026-07-24 15:01:29,Connected,Sales call,ACME-A004765
elizabeth.lopez@hardinnguyen.example.com,2026-07-24 15:02:02,No answer,Sales call,ACME-A004766
bruce.howard@ericksonhuntandyoung.example.com,2026-07-24 15:51:13,No answer,Sales call,ACME-A004769
gregory.williams@wilsonandsons.example.com,2026-07-24 15:57:25,Left voicemail,Sales call,ACME-A004770
kevin.conway@fernandezgroup.example.com,2026-07-24 16:33:10,Connected,Sales call,ACME-A004772
jennifer.monroe@moralesgroup.example.com,2026-07-24 16:57:56,Connected,Sales call,ACME-A004774
michael.gross@frostclarkeandjohnson.example.com,2026-07-24 17:23:58,Left voicemail,Sales call,ACME-A004775
bryan.murphy@mcknightbrown.example.com,2026-07-24 17:44:42,Left voicemail,Sales call,ACME-A004776
crystal.johnson@hurleywrightandjones.example.com,2026-07-24 17:44:59,Connected,Sales call,ACME-A004777
michael.mcdonald@mckenzieandsons.example.com,2026-07-24 18:36:00,Left voicemail,Sales call,ACME-A004778
travis.phillips@edwardsgomez.example.com,2026-07-24 20:17:33,No answer,Sales call,ACME-A004784
alexandra.perez@wrightllc.example.com,2026-07-24 20:21:33,Connected,Sales call,ACME-A004785
darrell.robertson@lutzandsons.example.com,2026-07-24 21:41:17,No answer,Sales call,ACME-A004787
patricia.harris@clinevasquezandsmith.example.com,2026-07-24 23:55:24,No answer,Sales call,ACME-A004789
patricia.cunningham@bridgesjacksonandlowery.example.com,2026-07-25 02:22:39,Connected,Sales call,ACME-A004792
amy.howard@taylordixonandhooper.example.com,2026-07-25 02:56:31,No answer,Sales call,ACME-A004794
joseph.bonilla@barrettjones.example.com,2026-07-25 02:57:34,Connected,Sales call,ACME-A004795
peter.harrison@cisnerosclarkandlopez.example.com,2026-07-25 04:03:05,Connected,Sales call,ACME-A004796
robert.morgan@cookfischer.example.com,2026-07-25 04:31:21,No answer,Sales call,ACME-A004799
erica.gutierrez@farrellmiller.example.com,2026-07-25 06:00:41,Connected,Sales call,ACME-A004801
gregory.summers@woodardplc.example.com,2026-07-25 06:09:10,No answer,Sales call,ACME-A004802
patrick.harper@kerrthompsonandwise.example.com,2026-07-25 10:04:41,No answer,Sales call,ACME-A004808
michael.wilcox@leereed.example.com,2026-07-25 12:02:53,Left voicemail,Sales call,ACME-A004810
carol.diaz@kleininc.example.com,2026-07-25 13:51:04,Left voicemail,Sales call,ACME-A004812
sara.richmond@carpenterbenitezandschro.example.com,2026-07-25 14:17:04,No answer,Sales call,ACME-A004814
bryan.erickson@hillmooreandstevens.example.com,2026-07-25 15:05:39,No answer,Sales call,ACME-A004818
jennifer.little@huertahammondandryan.example.com,2026-07-25 16:50:58,Connected,Sales call,ACME-A004819
megan.smith@howellturner.example.com,2026-07-25 17:59:58,Left voicemail,Sales call,ACME-A004820
denise.kelley@thomaslevy.example.com,2026-07-25 21:18:18,Connected,Sales call,ACME-A004824
angela.fisher@kennedyshepardandmyers.example.com,2026-07-25 22:04:17,Connected,Sales call,ACME-A004826
jessica.decker@cruzarcherandmyers.example.com,2026-07-25 22:54:32,Left voicemail,Sales call,ACME-A004828
leah.gibson@shortsheltonandfranco.example.com,2026-07-26 01:23:40,Left voicemail,Sales call,ACME-A004830
james.stevens@longbryant.example.com,2026-07-26 01:57:30,Connected,Sales call,ACME-A004831
jessica.decker@cruzarcherandmyers.example.com,2026-07-26 03:05:57,Connected,Sales call,ACME-A004832
adam.howard@westbowmanandlopez.example.com,2026-07-26 03:44:06,No answer,Sales call,ACME-A004833
brandi.jones@johnsonrosarioandferguso.example.com,2026-07-26 03:44:47,Left voicemail,Sales call,ACME-A004834
andre.anderson@sandersgroup.example.com,2026-07-26 03:58:33,No answer,Sales call,ACME-A004835
jacob.walters@warrenriley.example.com,2026-07-26 08:47:45,No answer,Sales call,ACME-A004836
daniel.hall@richardsmanning.example.com,2026-07-26 11:02:03,No answer,Sales call,ACME-A004838
erin.petersen@mendozasilvaandclark.example.com,2026-07-26 11:26:06,No answer,Sales call,ACME-A004839
sandra.hawkins@roysmithandsloan.example.com,2026-07-26 21:29:03,No answer,Sales call,ACME-A004847
kevin.ritter@gibsonallison.example.com,2026-07-26 21:32:26,Connected,Sales call,ACME-A004848
stephen.brown@russellwheeler.example.com,2026-07-26 22:15:46,Connected,Sales call,ACME-A004850
mikayla.gonzales@woodardgroup.example.com,2026-07-26 22:19:23,Left voicemail,Sales call,ACME-A004851
jeremy.nguyen@thompsonandsons.example.com,2026-07-27 00:55:25,No answer,Sales call,ACME-A004854
barbara.ramirez@rossplc.example.com,2026-07-27 03:34:18,Left voicemail,Sales call,ACME-A004857
cindy.hicks@gomezgonzalez.example.com,2026-07-27 05:08:38,No answer,Sales call,ACME-A004858
randy.warren@millerplc.example.com,2026-07-27 05:23:15,No answer,Sales call,ACME-A004859
carol.diaz@kleininc.example.com,2026-07-27 05:41:28,Left voicemail,Sales call,ACME-A004861
amanda.pittman@riosromero.example.com,2026-07-27 05:55:27,Left voicemail,Sales call,ACME-A004862
blake.riley@rhodesgroup.example.com,2026-07-27 07:28:29,No answer,Sales call,ACME-A004863
tommy.young@ballardpatterson.example.com,2026-07-27 07:53:44,No answer,Sales call,ACME-A004865
kimberly.james@nolanltd.example.com,2026-07-27 08:55:06,No answer,Sales call,ACME-A004867
blake.riley@rhodesgroup.example.com,2026-07-27 09:40:26,Connected,Sales call,ACME-A004868
glenn.vaughn@robinsonmiles.example.com,2026-07-27 11:39:07,Left voicemail,Sales call,ACME-A004870
michael.bernard@haasplc.example.com,2026-07-27 12:43:04,No answer,Sales call,ACME-A004872
megan.smith@howellturner.example.com,2026-07-27 12:49:01,Left voicemail,Sales call,ACME-A004873
dana.meyers@bentleyadams.example.com,2026-07-27 14:46:21,Connected,Sales call,ACME-A004877
elizabeth.davis@martinezshah.example.com,2026-07-27 15:29:50,No answer,Sales call,ACME-A004878
tammy.suarez@garnerltd.example.com,2026-07-27 16:10:45,Left voicemail,Sales call,ACME-A004879
leah.gibson@shortsheltonandfranco.example.com,2026-07-27 16:20:09,Left voicemail,Sales call,ACME-A004880
stephen.myers@blackandsons.example.com,2026-07-27 16:43:10,Left voicemail,Sales call,ACME-A004882
terri.houston@johnsongroup.example.com,2026-07-27 17:50:20,No answer,Sales call,ACME-A004883
stephanie.collins@hughesdaughertyandgreen.example.com,2026-07-27 18:10:32,No answer,Sales call,ACME-A004884
maria.black@daviskirby.example.com,2026-07-27 18:27:16,No answer,Sales call,ACME-A004885
sydney.dickson@leeltd.example.com,2026-07-27 21:21:16,Left voicemail,Sales call,ACME-A004889
ethan.myers@howardwright.example.com,2026-07-27 21:56:19,Left voicemail,Sales call,ACME-A004890
donald.thomas@ramirezfoxandmendoza.example.com,2026-07-27 22:07:01,Connected,Sales call,ACME-A004891
laura.ruiz@cooleymichael.example.com,2026-07-28 05:03:21,Connected,Sales call,ACME-A004895
wesley.cross@pearsonmooreandgood.example.com,2026-07-28 05:07:50,No answer,Sales call,ACME-A004896
mike.fox@maldonadoberger.example.com,2026-07-28 05:17:04,No answer,Sales call,ACME-A004897
allison.king@marshallsmith.example.com,2026-07-28 05:17:10,No answer,Sales call,ACME-A004898
nicole.adams@mendozahoodanddavis.example.com,2026-07-28 08:17:28,No answer,Sales call,ACME-A004901
charles.allen@davishoffmanandsnyder.example.com,2026-07-28 09:08:34,Connected,Sales call,ACME-A004903
natalie.griffith@leeplc.example.com,2026-07-28 10:11:34,Connected,Sales call,ACME-A004907
john.robertson@arnoldjohnsonandlong.example.com,2026-07-28 10:43:47,No answer,Sales call,ACME-A004908
victoria.rodriguez@matthewsbowen.example.com,2026-07-28 11:02:32,Left voicemail,Sales call,ACME-A004909
jennifer.blevins@aguilardavisandanderson.example.com,2026-07-28 11:21:26,No answer,Sales call,ACME-A004910
nathan.meza@campbellcarterandlane.example.com,2026-07-28 13:16:37,Connected,Sales call,ACME-A004912
meagan.johnson@maddoxjonesandjacobs.example.com,2026-07-28 13:20:18,Left voicemail,Sales call,ACME-A004913
stephanie.simpson@holmesryan.example.com,2026-07-28 13:38:12,Connected,Sales call,ACME-A004915
laura.smith@newtonsnyder.example.com,2026-07-28 13:54:30,Connected,Sales call,ACME-A004916
diane.hall@parkerllc.example.com,2026-07-28 14:29:06,Connected,Sales call,ACME-A004917
sharon.potts@morenollc.example.com,2026-07-28 15:18:55,Connected,Sales call,ACME-A004918
brandy.smith@kingwagnerandstephens.example.com,2026-07-28 15:32:45,No answer,Sales call,ACME-A004919
kyle.frederick@mooreinc.example.com,2026-07-28 16:25:42,Connected,Sales call,ACME-A004920
david.campos@joyceltd.example.com,2026-07-28 17:58:11,Connected,Sales call,ACME-A004922
jose.baker@jonesandsons.example.com,2026-07-28 18:46:26,Left voicemail,Sales call,ACME-A004924
charles.allen@davishoffmanandsnyder.example.com,2026-07-28 19:14:38,No answer,Sales call,ACME-A004925
alison.kelly@schmidthughesandsmith.example.com,2026-07-28 19:27:10,No answer,Sales call,ACME-A004926
brian.ryan@myersmillsandpatton.example.com,2026-07-28 21:51:21,No answer,Sales call,ACME-A004930
adam.gonzalez@mirandathompsonandwood.example.com,2026-07-28 22:34:26,No answer,Sales call,ACME-A004931
scott.bailey@maciasgroup.example.com,2026-07-28 22:40:28,No answer,Sales call,ACME-A004932
anthony.hodge@rogersgroup.example.com,2026-07-28 23:33:39,Left voicemail,Sales call,ACME-A004933
anna.hurst@coxhutchinson.example.com,2026-07-28 23:46:03,Connected,Sales call,ACME-A004934
susan.fischer@smithcraigandandrews.example.com,2026-07-29 00:08:15,Connected,Sales call,ACME-A004936
ashley.harrington@hansonyoung.example.com,2026-07-29 00:58:20,No answer,Sales call,ACME-A004937
justin.ballard@burnsandsons.example.com,2026-07-29 01:33:09,No answer,Sales call,ACME-A004938
jeffrey.nelson@hillandsons.example.com,2026-07-29 02:42:05,Connected,Sales call,ACME-A004939
kerri.wilson@woodscampbellandlane.example.com,2026-07-29 08:40:56,Connected,Sales call,ACME-A004950
john.jacobs@johnsoninc.example.com,2026-07-29 10:30:47,Connected,Sales call,ACME-A004953
travis.phillips@edwardsgomez.example.com,2026-07-29 11:15:26,Left voicemail,Sales call,ACME-A004957
melanie.garcia@millerltd.example.com,2026-07-29 11:50:11,No answer,Sales call,ACME-A004961
karen.foster@jamestownsend.example.com,2026-07-29 11:55:36,Connected,Sales call,ACME-A004962
michelle.keith@scottplc.example.com,2026-07-29 12:49:13,No answer,Sales call,ACME-A004965
shannon.scott@jonesprice.example.com,2026-07-29 14:41:53,No answer,Sales call,ACME-A004966
shelly.sosa@frederickharrisandorr.example.com,2026-07-29 15:29:27,Connected,Sales call,ACME-A004968
glenda.martin@gonzalezmolina.example.com,2026-07-29 15:52:10,No answer,Sales call,ACME-A004969
anna.hurst@coxhutchinson.example.com,2026-07-29 17:33:19,Connected,Sales call,ACME-A004972
brandon.warner@kanellc.example.com,2026-07-29 17:53:53,Connected,Sales call,ACME-A004973
valerie.nguyen@garciaplc.example.com,2026-07-29 17:58:42,Connected,Sales call,ACME-A004974
jasmine.fleming@coxltd.example.com,2026-07-29 18:47:00,Connected,Sales call,ACME-A004975
samantha.nixon@leefosterandlandry.example.com,2026-07-29 18:47:01,No answer,Sales call,ACME-A004976
john.johnson@richardcollins.example.com,2026-07-29 19:08:11,Left voicemail,Sales call,ACME-A004977
chad.hayes@carpenterandsons.example.com,2026-07-29 19:40:16,Connected,Sales call,ACME-A004978
savannah.fisher@mejiaandsons.example.com,2026-07-29 20:38:39,Connected,Sales call,ACME-A004979
heather.rodriguez@clarkjones.example.com,2026-07-29 20:42:14,No answer,Sales call,ACME-A004980
nicole.adams@mendozahoodanddavis.example.com,2026-07-30 00:27:54,No answer,Sales call,ACME-A004984
brandi.jones@johnsonrosarioandferguso.example.com,2026-07-30 00:31:17,Left voicemail,Sales call,ACME-A004985
angel.anderson@blackburnmassey.example.com,2026-07-30 00:43:09,Connected,Sales call,ACME-A004986
jason.smith@evansdawson.example.com,2026-07-30 01:04:21,No answer,Sales call,ACME-A004987
joseph.bonilla@barrettjones.example.com,2026-07-30 01:37:25,Connected,Sales call,ACME-A004988
denise.mason@haynescarlson.example.com,2026-07-30 03:28:59,No answer,Sales call,ACME-A004990
jennifer.kane@floresplc.example.com,2026-07-30 04:52:00,No answer,Sales call,ACME-A004991
jennifer.little@huertahammondandryan.example.com,2026-07-30 05:14:21,Connected,Sales call,ACME-A004992
raymond.guerra@cordovamooreandsmith.example.com,2026-07-30 06:22:00,Connected,Sales call,ACME-A004995
robert.wise@barkerplc.example.com,2026-07-30 08:21:29,Connected,Sales call,ACME-A004996
sandra.reed@mcconnellsnyderandlutz.example.com,2026-07-30 08:41:22,Left voicemail,Sales call,ACME-A004997
nicole.adams@mendozahoodanddavis.example.com,2026-07-30 09:18:13,Left voicemail,Sales call,ACME-A004998
robert.cowan@edwardsgroup.example.com,2026-07-30 09:36:26,Connected,Sales call,ACME-A004999
robert.adams@burnsgroup.example.com,2026-07-30 16:19:07,No answer,Sales call,ACME-A005008
brian.nelson@schwartzburton.example.com,2026-07-30 18:03:34,Left voicemail,Sales call,ACME-A005013
julia.gonzalez@jonesolson.example.com,2026-07-30 18:06:35,No answer,Sales call,ACME-A005014
joseph.bonilla@barrettjones.example.com,2026-07-30 20:50:56,Left voicemail,Sales call,ACME-A005016
matthew.mendez@clarkrichandhoward.example.com,2026-07-30 23:59:24,Left voicemail,Sales call,ACME-A005020
melanie.garcia@millerltd.example.com,2026-07-31 00:02:18,No answer,Sales call,ACME-A005021
carol.diaz@kleininc.example.com,2026-07-31 02:52:52,Left voicemail,Sales call,ACME-A005024
manuel.kennedy@littlewhiteandperkins.example.com,2026-07-31 02:55:31,Connected,Sales call,ACME-A005025
natalie.williams@stonejackson.example.com,2026-07-31 03:25:47,Connected,Sales call,ACME-A005026
james.hood@santosmurphyandgeorge.example.com,2026-07-31 04:17:56,Connected,Sales call,ACME-A005027
jeffery.vargas@tannerdouglasandmiller.example.com,2026-07-31 06:49:43,Connected,Sales call,ACME-A005028
sharon.potts@morenollc.example.com,2026-07-31 07:05:11,No answer,Sales call,ACME-A005029
leah.hall@harrislopezandtorres.example.com,2026-07-31 07:54:02,No answer,Sales call,ACME-A005030
julia.campbell@hamiltoninc.example.com,2026-07-31 07:59:37,No answer,Sales call,ACME-A005031
jonathan.palmer@williamsgarcia.example.com,2026-07-31 09:05:45,Connected,Sales call,ACME-A005032
daniel.webb@harrisonpatelandparker.example.com,2026-07-31 09:25:31,Left voicemail,Sales call,ACME-A005033
emily.chambers@mccarthyinc.example.com,2026-07-31 11:43:55,Left voicemail,Sales call,ACME-A005035
savannah.fisher@mejiaandsons.example.com,2026-07-31 11:49:19,No answer,Sales call,ACME-A005036
tyler.smith@perrypoole.example.com,2026-07-31 12:29:35,Left voicemail,Sales call,ACME-A005038
rachel.wright@websterllc.example.com,2026-07-31 14:53:33,Connected,Sales call,ACME-A005043
michael.smith@walshrichardsandfloyd.example.com,2026-07-31 16:00:12,Left voicemail,Sales call,ACME-A005045
kevin.conway@fernandezgroup.example.com,2026-07-31 17:46:04,No answer,Sales call,ACME-A005048
linda.anderson@durhamcastro.example.com,2026-07-31 18:32:12,Left voicemail,Sales call,ACME-A005050
tanya.king@whitebradley.example.com,2026-07-31 18:47:32,Left voicemail,Sales call,ACME-A005051
jessica.thomas@frenchplc.example.com,2026-07-31 20:27:14,Connected,Sales call,ACME-A005052
raymond.torres@sandersthompsonandlang.example.com,2026-07-31 20:36:36,No answer,Sales call,ACME-A005053
lauren.parrish@johnsonplc.example.com,2026-07-31 21:02:40,Connected,Sales call,ACME-A005055
william.allison@sweeneygraham.example.com,2026-07-31 21:19:25,No answer,Sales call,ACME-A005056
michael.mcdonald@mckenzieandsons.example.com,2026-07-31 22:09:33,No answer,Sales call,ACME-A005057
benjamin.esparza@lopezandsons.example.com,2026-07-31 22:12:23,Connected,Sales call,ACME-A005058
lindsay.castillo@clinewhiteandcurry.example.com,2026-07-31 22:42:54,No answer,Sales call,ACME-A005059
kristin.diaz@collinswood.example.com,2026-07-31 23:47:56,Connected,Sales call,ACME-A005060
david.campos@joyceltd.example.com,2026-08-01 00:17:10,Left voicemail,Sales call,ACME-A005063
latoya.gill@linmartinez.example.com,2026-08-01 00:45:33,Connected,Sales call,ACME-A005065
stacey.moran@mckenziegibbs.example.com,2026-08-01 01:32:16,Left voicemail,Sales call,ACME-A005068
kenneth.rodriguez@williamsboyerandsingh.example.com,2026-08-01 01:43:30,Connected,Sales call,ACME-A005069
ashley.rosario@carrillorodriguezandbear.example.com,2026-08-01 06:02:46,No answer,Sales call,ACME-A005072
melissa.daniels@huynhbuck.example.com,2026-08-01 06:33:44,No answer,Sales call,ACME-A005073
christopher.padilla@mayervasquez.example.com,2026-08-01 09:25:39,Connected,Sales call,ACME-A005077
michael.mcdonald@mckenzieandsons.example.com,2026-08-01 11:29:06,No answer,Sales call,ACME-A005080
tyler.mason@shieldshortonandwilliams.example.com,2026-08-01 12:53:48,No answer,Sales call,ACME-A005083
victoria.clark@martinjacobsonandlee.example.com,2026-08-01 13:15:00,Connected,Sales call,ACME-A005084
michael.horn@webbblakeandgiles.example.com,2026-08-01 13:43:12,Left voicemail,Sales call,ACME-A005085
lindsay.baker@smithriceandjones.example.com,2026-08-01 15:59:36,Connected,Sales call,ACME-A005089
robert.hunter@poolewhiteandgonzalez.example.com,2026-08-01 18:58:17,No answer,Sales call,ACME-A005091
bryan.lambert@jonesthomas.example.com,2026-08-01 19:32:18,No answer,Sales call,ACME-A005092
margaret.ellison@fischerbush.example.com,2026-08-01 22:01:15,No answer,Sales call,ACME-A005094
margaret.ellison@fischerbush.example.com,2026-08-01 22:21:57,Connected,Sales call,ACME-A005096
sarah.garcia@daltonmillerandwiggins.example.com,2026-08-01 22:34:08,No answer,Sales call,ACME-A005097
robert.adams@burnsgroup.example.com,2026-08-02 01:50:59,Connected,Sales call,ACME-A005102
valerie.nguyen@garciaplc.example.com,2026-08-02 02:22:55,No answer,Sales call,ACME-A005103
hayley.meadows@martincooper.example.com,2026-08-02 03:34:36,No answer,Sales call,ACME-A005107
patrick.stevens@turnerbutler.example.com,2026-08-02 03:42:46,Connected,Sales call,ACME-A005109
lisa.pearson@smithmcdonaldandhill.example.com,2026-08-02 04:13:03,Connected,Sales call,ACME-A005110
michael.bean@foxplc.example.com,2026-08-02 04:16:48,No answer,Sales call,ACME-A005111
amanda.pittman@riosromero.example.com,2026-08-02 06:04:56,Left voicemail,Sales call,ACME-A005113
linda.gonzales@chaseperezandshields.example.com,2026-08-02 07:08:24,No answer,Sales call,ACME-A005115
laurie.hodges@armstrongsaundersandwrig.example.com,2026-08-02 08:14:09,No answer,Sales call,ACME-A005117
scott.barnes@yuchambers.example.com,2026-08-02 09:27:12,No answer,Sales call,ACME-A005118
molly.rich@marquezrandolph.example.com,2026-08-02 12:24:55,Connected,Sales call,ACME-A005124
ronald.carson@chenmunoz.example.com,2026-08-02 13:15:04,Left voicemail,Sales call,ACME-A005125
donald.thomas@ramirezfoxandmendoza.example.com,2026-08-02 16:10:24,No answer,Sales call,ACME-A005128
susan.fischer@smithcraigandandrews.example.com,2026-08-02 18:47:36,Connected,Sales call,ACME-A005130
tina.miller@wellsmorris.example.com,2026-08-02 20:20:39,Connected,Sales call,ACME-A005134
lisa.weaver@andrewsplc.example.com,2026-08-02 20:26:09,Left voicemail,Sales call,ACME-A005135
brittany.warren@figueroasalinasanddaniel.example.com,2026-08-02 20:26:38,Left voicemail,Sales call,ACME-A005136
ryan.thompson@ritterltd.example.com,2026-08-02 21:39:51,No answer,Sales call,ACME-A005139
jorge.fisher@williamssantosandthomas.example.com,2026-08-03 01:15:37,Connected,Sales call,ACME-A005142
george.wallace@andersonwalker.example.com,2026-08-03 01:40:22,No answer,Sales call,ACME-A005143
lori.dennis@wilsonrodriguez.example.com,2026-08-03 01:45:43,Connected,Sales call,ACME-A005144
morgan.ramirez@scottltd.example.com,2026-08-03 01:55:35,Connected,Sales call,ACME-A005145
ethan.phillips@parkerryan.example.com,2026-08-03 03:45:35,No answer,Sales call,ACME-A005146
marcus.harper@blackgroup.example.com,2026-08-03 05:19:33,Connected,Sales call,ACME-A005149
shannon.scott@jonesprice.example.com,2026-08-03 05:25:11,No answer,Sales call,ACME-A005150
julia.gonzalez@jonesolson.example.com,2026-08-03 06:22:39,Connected,Sales call,ACME-A005152
andrew.ortega@mcclainnguyen.example.com,2026-08-03 06:40:32,No answer,Sales call,ACME-A005153
danielle.marquez@mooremoore.example.com,2026-08-03 08:06:55,Connected,Sales call,ACME-A005156
robert.hunter@poolewhiteandgonzalez.example.com,2026-08-03 09:03:50,Left voicemail,Sales call,ACME-A005159
ryan.thompson@ritterltd.example.com,2026-08-03 09:08:42,Connected,Sales call,ACME-A005160
michael.curtis@popeyoungandware.example.com,2026-08-03 10:08:50,Connected,Sales call,ACME-A005162
catherine.white@garnergilbertandblankens.example.com,2026-08-03 10:10:57,No answer,Sales call,ACME-A005163
shari.rodriguez@garciaacostaandlewis.example.com,2026-08-03 11:04:13,No answer,Sales call,ACME-A005164
crystal.johnson@hurleywrightandjones.example.com,2026-08-03 11:27:33,No answer,Sales call,ACME-A005165
michael.burns@mccormickortiz.example.com,2026-08-03 12:14:57,Connected,Sales call,ACME-A005166
shawn.stewart@browningltd.example.com,2026-08-03 12:56:00,Connected,Sales call,ACME-A005167
hayley.meadows@martincooper.example.com,2026-08-03 14:44:28,Connected,Sales call,ACME-A005170
jorge.fisher@williamssantosandthomas.example.com,2026-08-03 14:50:41,Left voicemail,Sales call,ACME-A005171
andrew.ortega@mcclainnguyen.example.com,2026-08-03 16:56:37,No answer,Sales call,ACME-A005172
victoria.rodriguez@matthewsbowen.example.com,2026-08-03 17:07:20,Connected,Sales call,ACME-A005173
ashley.page@obrienandsons.example.com,2026-08-03 18:45:07,Left voicemail,Sales call,ACME-A005179
kristin.robbins@mullinsgrayandwhite.example.com,2026-08-03 19:47:42,No answer,Sales call,ACME-A005180
christopher.martinez@mcdonaldclarkandwilson.example.com,2026-08-03 21:02:40,Connected,Sales call,ACME-A005182
linda.gonzales@chaseperezandshields.example.com,2026-08-03 22:19:19,Connected,Sales call,ACME-A005183
brian.robinson@rossjones.example.com,2026-08-03 22:47:47,No answer,Sales call,ACME-A005184
dustin.wade@williamsdavisandlucas.example.com,2026-08-03 23:26:33,Connected,Sales call,ACME-A005186
william.powell@crossbarry.example.com,2026-08-04 00:19:03,Left voicemail,Sales call,ACME-A005187
david.holloway@hallmartinezandduncan.example.com,2026-08-04 00:33:51,Connected,Sales call,ACME-A005188
nicole.adams@mendozahoodanddavis.example.com,2026-08-04 01:01:29,No answer,Sales call,ACME-A005192
sarah.lopez@johnsonandsons.example.com,2026-08-04 06:16:56,No answer,Sales call,ACME-A005198
abigail.hines@cruzgroup.example.com,2026-08-04 07:36:29,Connected,Sales call,ACME-A005200
valerie.nguyen@garciaplc.example.com,2026-08-04 08:38:58,Left voicemail,Sales call,ACME-A005202
william.vega@mirandaanderson.example.com,2026-08-04 09:22:43,Left voicemail,Sales call,ACME-A005204
melissa.daniels@huynhbuck.example.com,2026-08-04 11:16:16,Left voicemail,Sales call,ACME-A005207
shane.kent@peterswilson.example.com,2026-08-04 12:03:15,Connected,Sales call,ACME-A005210
charles.rocha@perezllc.example.com,2026-08-04 12:15:26,No answer,Sales call,ACME-A005211
latoya.gill@linmartinez.example.com,2026-08-04 12:55:27,No answer,Sales call,ACME-A005213
christina.russell@smithschmitt.example.com,2026-08-04 13:01:59,No answer,Sales call,ACME-A005214
leslie.benjamin@willisplc.example.com,2026-08-04 13:40:34,Left voicemail,Sales call,ACME-A005215
angela.smith@beardmossandadams.example.com,2026-08-04 13:44:04,No answer,Sales call,ACME-A005216
stephanie.simpson@holmesryan.example.com,2026-08-04 14:23:27,Connected,Sales call,ACME-A005217
stacey.long@belljohnsonandbrown.example.com,2026-08-04 16:37:42,No answer,Sales call,ACME-A005221
leah.camacho@roachinc.example.com,2026-08-04 17:52:49,No answer,Sales call,ACME-A005222
john.robertson@arnoldjohnsonandlong.example.com,2026-08-04 17:58:13,Connected,Sales call,ACME-A005223
alexandra.torres@gonzaleznielsen.example.com,2026-08-04 18:06:11,No answer,Sales call,ACME-A005224
robert.moreno@pattersonstewartandlopez.example.com,2026-08-04 19:07:29,No answer,Sales call,ACME-A005226
lauren.parrish@johnsonplc.example.com,2026-08-04 19:50:27,Connected,Sales call,ACME-A005228
megan.smith@howellturner.example.com,2026-08-04 19:53:30,Connected,Sales call,ACME-A005229
kathleen.daniels@rodriguezschwartzandmcfa.example.com,2026-08-04 20:01:44,Connected,Sales call,ACME-A005230
susan.bennett@mooresoto.example.com,2026-08-04 20:22:09,Connected,Sales call,ACME-A005231
brandon.gibson@freemanwatsonandmorgan.example.com,2026-08-04 20:29:25,Connected,Sales call,ACME-A005232
john.wilkinson@williamstorres.example.com,2026-08-04 20:46:20,Left voicemail,Sales call,ACME-A005234
nathan.butler@campbellevans.example.com,2026-08-04 21:13:04,Connected,Sales call,ACME-A005236
samantha.nixon@leefosterandlandry.example.com,2026-08-05 00:25:38,No answer,Sales call,ACME-A005242
teresa.morris@hickmanromeroandhoward.example.com,2026-08-05 01:29:29,No answer,Sales call,ACME-A005243
john.norris@reeseinc.example.com,2026-08-05 02:17:05,Connected,Sales call,ACME-A005246
cassandra.garcia@campbellgroup.example.com,2026-08-05 02:48:40,Connected,Sales call,ACME-A005247
dana.ryan@campbellnolan.example.com,2026-08-05 03:57:46,No answer,Sales call,ACME-A005251
john.jacobs@johnsoninc.example.com,2026-08-05 04:34:34,Left voicemail,Sales call,ACME-A005253
wendy.martin@webbbrownandmiller.example.com,2026-08-05 05:03:39,Connected,Sales call,ACME-A005255
jennifer.castaneda@whitegroup.example.com,2026-08-05 06:31:44,Left voicemail,Sales call,ACME-A005261
stacey.hall@coxhowardandmedina.example.com,2026-08-05 08:26:28,Left voicemail,Sales call,ACME-A005265
heather.cruz@bartonsheltonandlarsen.example.com,2026-08-05 11:21:21,No answer,Sales call,ACME-A005270
lindsay.baker@smithriceandjones.example.com,2026-08-05 11:28:08,Connected,Sales call,ACME-A005272
megan.smith@howellturner.example.com,2026-08-05 11:51:43,No answer,Sales call,ACME-A005273
william.jenkins@morrowwhite.example.com,2026-08-05 13:17:02,Connected,Sales call,ACME-A005277
patricia.cunningham@bridgesjacksonandlowery.example.com,2026-08-05 13:19:05,No answer,Sales call,ACME-A005278
kathryn.butler@schultzandsons.example.com,2026-08-05 14:53:29,Left voicemail,Sales call,ACME-A005280
heather.marshall@jensenduke.example.com,2026-08-05 15:19:49,No answer,Sales call,ACME-A005281
tracy.lewis@hubersanchez.example.com,2026-08-05 15:29:09,Left voicemail,Sales call,ACME-A005282
steven.james@richardsongroup.example.com,2026-08-05 15:34:10,No answer,Sales call,ACME-A005283
christopher.porter@sawyerandsons.example.com,2026-08-05 16:16:42,Left voicemail,Sales call,ACME-A005285
william.jenkins@morrowwhite.example.com,2026-08-05 19:15:05,Connected,Sales call,ACME-A005286
brandi.jones@johnsonrosarioandferguso.example.com,2026-08-05 20:16:41,Connected,Sales call,ACME-A005288
robert.hicks@navarrobeckerandanderson.example.com,2026-08-05 22:52:11,Left voicemail,Sales call,ACME-A005292
sandra.reed@mcconnellsnyderandlutz.example.com,2026-08-06 00:39:57,No answer,Sales call,ACME-A005294
jasmin.ward@walkerwebb.example.com,2026-08-06 03:54:50,No answer,Sales call,ACME-A005297
joseph.davis@johnsongroup.example.com,2026-08-06 04:24:31,No answer,Sales call,ACME-A005298
rachel.cox@vasquezandsons.example.com,2026-08-06 04:40:00,No answer,Sales call,ACME-A005299
matthew.morton@brownlarsonandle.example.com,2026-08-06 04:46:21,Left voicemail,Sales call,ACME-A005300
edward.porter@murraystevensandsmith.example.com,2026-08-06 07:19:41,No answer,Sales call,ACME-A005301
ryan.thompson@ritterltd.example.com,2026-08-06 07:26:56,No answer,Sales call,ACME-A005302
michael.donaldson@bridgessimpsonandhunt.example.com,2026-08-06 09:59:31,No answer,Sales call,ACME-A005304
crystal.taylor@joneswalkerandmartinez.example.com,2026-08-06 12:03:36,Connected,Sales call,ACME-A005308
melanie.sanchez@jacksoncontrerasanddudle.example.com,2026-08-06 13:35:41,No answer,Sales call,ACME-A005311
joel.miller@larsonschmidtandmartin.example.com,2026-08-06 14:18:48,Connected,Sales call,ACME-A005312
joseph.young@marquezinc.example.com,2026-08-06 16:11:40,Left voicemail,Sales call,ACME-A005315
george.graham@munozgroup.example.com,2026-08-06 16:36:52,No answer,Sales call,ACME-A005317
matthew.morton@brownlarsonandle.example.com,2026-08-06 16:41:59,Connected,Sales call,ACME-A005318
rebekah.mathews@fishermarks.example.com,2026-08-06 16:54:46,No answer,Sales call,ACME-A005319
dawn.frye@woodbeard.example.com,2026-08-06 17:06:33,No answer,Sales call,ACME-A005320
madison.davis@penawilliams.example.com,2026-08-06 17:09:14,Left voicemail,Sales call,ACME-A005321
michelle.boyer@johnsonaguirre.example.com,2026-08-06 17:30:18,No answer,Sales call,ACME-A005322
julia.gonzalez@jonesolson.example.com,2026-08-06 18:10:15,Connected,Sales call,ACME-A005326
matthew.mcfarland@webbshaw.example.com,2026-08-06 18:32:37,Connected,Sales call,ACME-A005328
melanie.sanchez@jacksoncontrerasanddudle.example.com,2026-08-06 19:29:01,Left voicemail,Sales call,ACME-A005329
danny.norman@baileygarrettandturner.example.com,2026-08-06 20:04:52,No answer,Sales call,ACME-A005330
melanie.garcia@millerltd.example.com,2026-08-06 22:04:32,Left voicemail,Sales call,ACME-A005334
adam.gonzalez@mirandathompsonandwood.example.com,2026-08-07 01:08:59,Connected,Sales call,ACME-A005335
kristin.wang@garcialtd.example.com,2026-08-07 02:22:08,Left voicemail,Sales call,ACME-A005336
joseph.young@marquezinc.example.com,2026-08-07 03:04:59,Left voicemail,Sales call,ACME-A005337
shelly.sosa@frederickharrisandorr.example.com,2026-08-07 03:16:25,No answer,Sales call,ACME-A005338
brittany.thomas@acostarichardson.example.com,2026-08-07 03:37:59,Connected,Sales call,ACME-A005340
george.wallace@andersonwalker.example.com,2026-08-07 04:28:05,Connected,Sales call,ACME-A005341
julie.huff@martinezromeroandwells.example.com,2026-08-07 05:42:04,Connected,Sales call,ACME-A005343
hayley.meadows@martincooper.example.com,2026-08-07 07:26:17,Left voicemail,Sales call,ACME-A005346
charles.williams@hendersonwoodandblack.example.com,2026-08-07 07:32:05,Connected,Sales call,ACME-A005347
devon.clark@riddlesmithandmay.example.com,2026-08-07 07:43:52,No answer,Sales call,ACME-A005348
ashley.wilcox@nguyenllc.example.com,2026-08-07 07:59:47,Connected,Sales call,ACME-A005350
connie.stevens@hamiltonmorgan.example.com,2026-08-07 08:26:13,No answer,Sales call,ACME-A005352
dana.ryan@campbellnolan.example.com,2026-08-07 09:58:59,Connected,Sales call,ACME-A005353
douglas.wright@gutierrezandsons.example.com,2026-08-07 10:40:17,No answer,Sales call,ACME-A005354
annette.castro@brookscross.example.com,2026-08-07 11:09:22,Left voicemail,Sales call,ACME-A005355
michael.wilcox@leereed.example.com,2026-08-07 11:42:46,Left voicemail,Sales call,ACME-A005356
debbie.johnson@farmergroup.example.com,2026-08-07 12:12:26,Connected,Sales call,ACME-A005357
jessica.morgan@garciawillisanddavis.example.com,2026-08-07 13:07:03,No answer,Sales call,ACME-A005360
crystal.taylor@joneswalkerandmartinez.example.com,2026-08-07 14:00:11,No answer,Sales call,ACME-A005362
brian.hernandez@waregroup.example.com,2026-08-07 14:56:03,No answer,Sales call,ACME-A005363
allison.reed@estradawestandduncan.example.com,2026-08-07 17:02:35,Connected,Sales call,ACME-A005367
christopher.rodriguez@frederickcruz.example.com,2026-08-07 19:20:26,Left voicemail,Sales call,ACME-A005371
christopher.parrish@thompsonthorntonandbrown.example.com,2026-08-07 20:57:30,No answer,Sales call,ACME-A005372
emily.sullivan@rosarioandsons.example.com,2026-08-07 20:59:00,No answer,Sales call,ACME-A005373
amanda.pierce@masonplc.example.com,2026-08-07 22:03:38,Connected,Sales call,ACME-A005376
ryan.moore@buchananthomasandkramer.example.com,2026-08-07 23:02:42,Connected,Sales call,ACME-A005381
thomas.phillips@hartwilson.example.com,2026-08-07 23:14:13,Left voicemail,Sales call,ACME-A005382
douglas.wright@gutierrezandsons.example.com,2026-08-07 23:28:24,Connected,Sales call,ACME-A005383
robert.hicks@navarrobeckerandanderson.example.com,2026-08-07 23:37:10,No answer,Sales call,ACME-A005384
christopher.smith@reevesplc.example.com,2026-08-08 00:42:08,Connected,Sales call,ACME-A005385
rebecca.gardner@cooperltd.example.com,2026-08-08 01:33:15,Connected,Sales call,ACME-A005387
melissa.jenkins@hartllc.example.com,2026-08-08 02:17:12,Left voicemail,Sales call,ACME-A005388
laurie.munoz@figueroalopez.example.com,2026-08-08 03:11:29,No answer,Sales call,ACME-A005390
sara.peterson@austinwest.example.com,2026-08-08 06:44:10,Connected,Sales call,ACME-A005395
bruce.howard@ericksonhuntandyoung.example.com,2026-08-08 07:11:16,Left voicemail,Sales call,ACME-A005396
anthony.alexander@everettbuckleyandmoore.example.com,2026-08-08 07:21:08,Left voicemail,Sales call,ACME-A005397
benjamin.owens@warnermooreandswanson.example.com,2026-08-08 07:34:07,No answer,Sales call,ACME-A005399
victoria.rodriguez@matthewsbowen.example.com,2026-08-08 07:52:55,No answer,Sales call,ACME-A005401
joseph.davis@johnsongroup.example.com,2026-08-08 08:51:51,No answer,Sales call,ACME-A005403
alexander.weber@evansinc.example.com,2026-08-08 10:07:41,No answer,Sales call,ACME-A005404
andrew.king@brownmathis.example.com,2026-08-08 10:35:04,No answer,Sales call,ACME-A005405
dustin.wade@williamsdavisandlucas.example.com,2026-08-08 13:05:59,Left voicemail,Sales call,ACME-A005408
joseph.davis@johnsongroup.example.com,2026-08-08 14:40:57,No answer,Sales call,ACME-A005409
michelle.keith@scottplc.example.com,2026-08-08 15:36:57,Connected,Sales call,ACME-A005410
michelle.crawford@bennetttaylor.example.com,2026-08-08 15:59:26,No answer,Sales call,ACME-A005411
daniel.hall@richardsmanning.example.com,2026-08-08 17:09:16,No answer,Sales call,ACME-A005414
crystal.taylor@joneswalkerandmartinez.example.com,2026-08-08 17:13:02,No answer,Sales call,ACME-A005415
alison.kelly@schmidthughesandsmith.example.com,2026-08-08 19:43:57,Connected,Sales call,ACME-A005419
joseph.young@marquezinc.example.com,2026-08-08 22:08:00,Connected,Sales call,ACME-A005421
nathan.butler@campbellevans.example.com,2026-08-08 23:19:17,Connected,Sales call,ACME-A005422
karen.smith@taylorturner.example.com,2026-08-09 00:01:31,Left voicemail,Sales call,ACME-A005423
amanda.pierce@masonplc.example.com,2026-08-09 00:01:45,Connected,Sales call,ACME-A005424
ashley.harrington@hansonyoung.example.com,2026-08-09 00:45:22,Connected,Sales call,ACME-A005426
ashley.barker@phammoore.example.com,2026-08-09 05:56:26,No answer,Sales call,ACME-A005434
jenny.gutierrez@reedsmithandmiller.example.com,2026-08-09 06:26:32,Connected,Sales call,ACME-A005435
brittany.garrett@lovegroup.example.com,2026-08-09 07:01:06,No answer,Sales call,ACME-A005436
robert.moreno@pattersonstewartandlopez.example.com,2026-08-09 07:36:38,Left voicemail,Sales call,ACME-A005437
katherine.gonzalez@vancegroup.example.com,2026-08-09 08:43:14,No answer,Sales call,ACME-A005438
janet.meadows@browninc.example.com,2026-08-09 12:21:54,Left voicemail,Sales call,ACME-A005442
richard.cortez@sanchezplc.example.com,2026-08-09 15:48:24,No answer,Sales call,ACME-A005445
elizabeth.johnson@tannerlambandcruz.example.com,2026-08-09 18:16:19,Left voicemail,Sales call,ACME-A005448
robin.fuentes@johnsonmoore.example.com,2026-08-09 19:51:34,No answer,Sales call,ACME-A005452
jessica.morgan@garciawillisanddavis.example.com,2026-08-09 21:29:50,Connected,Sales call,ACME-A005455
edward.porter@murraystevensandsmith.example.com,2026-08-09 23:13:12,Connected,Sales call,ACME-A005456
michelle.crawford@bennetttaylor.example.com,2026-08-09 23:32:46,No answer,Sales call,ACME-A005458
sarah.garcia@daltonmillerandwiggins.example.com,2026-08-09 23:53:57,Connected,Sales call,ACME-A005459
angela.fisher@kennedyshepardandmyers.example.com,2026-08-10 03:53:55,No answer,Sales call,ACME-A005463
krystal.grant@owensbrennanandschmitt.example.com,2026-08-10 04:09:53,Left voicemail,Sales call,ACME-A005464
crystal.johnson@hurleywrightandjones.example.com,2026-08-10 05:52:22,Left voicemail,Sales call,ACME-A005468
rachel.cox@vasquezandsons.example.com,2026-08-10 05:59:37,No answer,Sales call,ACME-A005469
patrick.stevens@turnerbutler.example.com,2026-08-10 07:28:54,Connected,Sales call,ACME-A005471
christina.suarez@bryantduncanandholland.example.com,2026-08-10 11:10:37,Left voicemail,Sales call,ACME-A005475
victoria.clark@martinjacobsonandlee.example.com,2026-08-10 12:21:15,Left voicemail,Sales call,ACME-A005476
ashley.leon@gonzalezhunterandstark.example.com,2026-08-10 13:27:18,Connected,Sales call,ACME-A005479
amanda.gray@lewisrandolphandadams.example.com,2026-08-10 13:59:08,No answer,Sales call,ACME-A005480
james.morgan@mendozagroup.example.com,2026-08-10 14:24:17,Connected,Sales call,ACME-A005481
benjamin.owens@warnermooreandswanson.example.com,2026-08-10 14:59:09,No answer,Sales call,ACME-A005483
carl.wright@goodriddleandtorres.example.com,2026-08-10 15:03:52,Connected,Sales call,ACME-A005484
nathan.padilla@hortonmiller.example.com,2026-08-10 17:12:14,Left voicemail,Sales call,ACME-A005487
ashley.gonzales@wagnercastroandtorres.example.com,2026-08-10 19:46:17,Left voicemail,Sales call,ACME-A005492
matthew.mcfarland@webbshaw.example.com,2026-08-10 20:42:23,Connected,Sales call,ACME-A005494
valerie.nguyen@garciaplc.example.com,2026-08-10 20:43:45,Left voicemail,Sales call,ACME-A005495
kaitlin.stevens@everettinc.example.com,2026-08-10 20:52:11,Connected,Sales call,ACME-A005497
joseph.davis@johnsongroup.example.com,2026-08-10 20:55:12,Left voicemail,Sales call,ACME-A005498
catherine.cohen@collinsinc.example.com,2026-08-11 00:04:25,No answer,Sales call,ACME-A005502
michele.daniels@adkinsandsons.example.com,2026-08-11 04:21:00,No answer,Sales call,ACME-A005508
donna.johnson@davisrossandsanchez.example.com,2026-08-11 04:38:07,No answer,Sales call,ACME-A005509
samantha.reynolds@sloanplc.example.com,2026-08-11 04:55:42,Left voicemail,Sales call,ACME-A005510
elizabeth.foster@holtmiller.example.com,2026-08-11 06:21:02,Left voicemail,Sales call,ACME-A005511
kerri.wilson@woodscampbellandlane.example.com,2026-08-11 07:33:00,No answer,Sales call,ACME-A005513
amy.vega@fostersalinas.example.com,2026-08-11 08:41:57,No answer,Sales call,ACME-A005514
kimberly.castillo@wallaceltd.example.com,2026-08-11 09:14:28,Connected,Sales call,ACME-A005516
christina.suarez@bryantduncanandholland.example.com,2026-08-11 11:13:35,No answer,Sales call,ACME-A005519
sheryl.taylor@smithjones.example.com,2026-08-11 12:22:36,No answer,Sales call,ACME-A005521
meredith.blair@leemason.example.com,2026-08-11 13:18:20,Connected,Sales call,ACME-A005523
kristin.robbins@mullinsgrayandwhite.example.com,2026-08-11 13:24:39,No answer,Sales call,ACME-A005524
martha.knapp@mitchellinc.example.com,2026-08-11 13:44:20,Left voicemail,Sales call,ACME-A005525
ryan.moore@buchananthomasandkramer.example.com,2026-08-11 14:31:00,Connected,Sales call,ACME-A005526
marcus.harper@blackgroup.example.com,2026-08-11 14:40:08,Connected,Sales call,ACME-A005527
jorge.fisher@williamssantosandthomas.example.com,2026-08-11 15:24:41,No answer,Sales call,ACME-A005529
douglas.wright@gutierrezandsons.example.com,2026-08-11 16:19:55,Left voicemail,Sales call,ACME-A005531
christine.harvey@youngsimmons.example.com,2026-08-11 17:19:16,Left voicemail,Sales call,ACME-A005535
patrick.stevens@turnerbutler.example.com,2026-08-11 17:19:46,Left voicemail,Sales call,ACME-A005536
mark.smith@stewartgroup.example.com,2026-08-11 17:37:25,Connected,Sales call,ACME-A005538
nicholas.powell@greenbuckandrobinson.example.com,2026-08-11 18:03:16,Connected,Sales call,ACME-A005539
kenneth.porter@davisrodriguez.example.com,2026-08-11 18:25:44,No answer,Sales call,ACME-A005540
alexandra.bruce@ramirezmurphy.example.com,2026-08-11 21:43:45,Connected,Sales call,ACME-A005545
alexandra.torres@gonzaleznielsen.example.com,2026-08-11 23:14:52,No answer,Sales call,ACME-A005547
jennifer.dalton@wilkersontorres.example.com,2026-08-12 02:50:41,No answer,Sales call,ACME-A005551
vanessa.contreras@johnsonbuchanan.example.com,2026-08-12 05:14:40,Connected,Sales call,ACME-A005553
lisa.weaver@andrewsplc.example.com,2026-08-12 07:04:17,Connected,Sales call,ACME-A005556
nicholas.lewis@simmonsltd.example.com,2026-08-12 08:48:02,No answer,Sales call,ACME-A005558
amy.nelson@richardsonfrazierandthom.example.com,2026-08-12 09:11:03,Connected,Sales call,ACME-A005559
debbie.johnson@farmergroup.example.com,2026-08-12 09:47:06,Connected,Sales call,ACME-A005560
austin.goodman@parkerplc.example.com,2026-08-12 10:47:57,Connected,Sales call,ACME-A005563
kristin.robbins@mullinsgrayandwhite.example.com,2026-08-12 11:09:52,Connected,Sales call,ACME-A005565
beverly.atkins@thomasbakerandpage.example.com,2026-08-12 11:19:54,No answer,Sales call,ACME-A005566
john.conner@rosscooper.example.com,2026-08-12 11:32:12,Left voicemail,Sales call,ACME-A005567
stacey.hall@coxhowardandmedina.example.com,2026-08-12 12:47:32,Left voicemail,Sales call,ACME-A005571
christopher.parrish@thompsonthorntonandbrown.example.com,2026-08-12 13:29:01,Connected,Sales call,ACME-A005572
karen.stewart@moralesbrownandlong.example.com,2026-08-12 13:40:04,Connected,Sales call,ACME-A005573
gregory.ramirez@parkergroup.example.com,2026-08-12 13:59:22,Left voicemail,Sales call,ACME-A005574
nicole.adams@mendozahoodanddavis.example.com,2026-08-12 15:05:32,Connected,Sales call,ACME-A005576
ashley.hansen@mcconnellbenitez.example.com,2026-08-12 15:08:12,No answer,Sales call,ACME-A005577
christopher.hill@lucasduranandlong.example.com,2026-08-12 15:22:25,No answer,Sales call,ACME-A005578
helen.stephens@smithltd.example.com,2026-08-12 16:01:52,Connected,Sales call,ACME-A005580
herbert.gilmore@pattersonhernandezandatk.example.com,2026-08-12 17:07:59,No answer,Sales call,ACME-A005581
stephanie.simpson@holmesryan.example.com,2026-08-12 17:09:55,Connected,Sales call,ACME-A005582
erica.gutierrez@farrellmiller.example.com,2026-08-12 19:10:09,No answer,Sales call,ACME-A005587
martin.riley@mitchellrobertson.example.com,2026-08-12 21:07:35,Connected,Sales call,ACME-A005590
julia.gonzalez@jonesolson.example.com,2026-08-12 21:58:35,No answer,Sales call,ACME-A005591
bonnie.butler@whiteandsons.example.com,2026-08-12 22:20:58,Connected,Sales call,ACME-A005592
lisa.pearson@smithmcdonaldandhill.example.com,2026-08-12 23:42:10,Connected,Sales call,ACME-A005594
melanie.sanchez@jacksoncontrerasanddudle.example.com,2026-08-12 23:50:50,No answer,Sales call,ACME-A005595
donald.wilson@langpatton.example.com,2026-08-12 23:50:58,No answer,Sales call,ACME-A005596
jacob.webb@poolealexander.example.com,2026-08-13 01:05:34,Connected,Sales call,ACME-A005599
heather.wells@larallc.example.com,2026-08-13 02:07:19,Left voicemail,Sales call,ACME-A005602
brandon.warner@kanellc.example.com,2026-08-13 08:35:40,No answer,Sales call,ACME-A005612
lance.martin@kellyltd.example.com,2026-08-13 09:45:37,Connected,Sales call,ACME-A005614
katherine.gonzalez@vancegroup.example.com,2026-08-13 12:01:05,No answer,Sales call,ACME-A005616
john.wilkinson@williamstorres.example.com,2026-08-13 12:27:40,Connected,Sales call,ACME-A005617
angela.wright@olseninc.example.com,2026-08-13 12:52:16,No answer,Sales call,ACME-A005618
anna.hurst@coxhutchinson.example.com,2026-08-13 14:06:46,No answer,Sales call,ACME-A005621
jacqueline.guerra@johnsonltd.example.com,2026-08-13 14:56:23,Left voicemail,Sales call,ACME-A005622
danielle.mercer@manningllc.example.com,2026-08-13 16:09:13,Connected,Sales call,ACME-A005623
tammy.smith@kingholt.example.com,2026-08-13 16:20:38,No answer,Sales call,ACME-A005624
malik.delgado@nicholsonplc.example.com,2026-08-13 16:25:04,Connected,Sales call,ACME-A005625
robin.fuentes@johnsonmoore.example.com,2026-08-13 17:49:25,No answer,Sales call,ACME-A005627
alyssa.ross@sanfordltd.example.com,2026-08-13 18:10:20,No answer,Sales call,ACME-A005628
luke.ellis@browncarlson.example.com,2026-08-13 18:20:29,Left voicemail,Sales call,ACME-A005629
cynthia.taylor@trevinoltd.example.com,2026-08-13 18:32:19,Connected,Sales call,ACME-A005630
darrell.salas@frankliningram.example.com,2026-08-13 19:06:29,Left voicemail,Sales call,ACME-A005631
elizabeth.foster@holtmiller.example.com,2026-08-13 19:39:48,Connected,Sales call,ACME-A005634
melissa.carroll@andersoncollins.example.com,2026-08-13 19:41:49,Connected,Sales call,ACME-A005635
victoria.sheppard@johnstonplc.example.com,2026-08-13 21:23:39,No answer,Sales call,ACME-A005639
ryan.moore@buchananthomasandkramer.example.com,2026-08-13 22:00:41,Connected,Sales call,ACME-A005640
henry.ramos@vasquezschmidt.example.com,2026-08-13 22:00:46,Connected,Sales call,ACME-A005641
amy.nelson@richardsonfrazierandthom.example.com,2026-08-13 23:30:09,No answer,Sales call,ACME-A005644
john.wilkinson@williamstorres.example.com,2026-08-14 00:15:27,Connected,Sales call,ACME-A005645
chelsea.mitchell@lawrencemortonandgarza.example.com,2026-08-14 01:20:55,Connected,Sales call,ACME-A005647
becky.blair@colesnow.example.com,2026-08-14 03:47:30,Connected,Sales call,ACME-A005649
nicholas.harris@mckeevazquezandhughes.example.com,2026-08-14 04:07:51,No answer,Sales call,ACME-A005651
jacob.webb@poolealexander.example.com,2026-08-14 05:11:59,Left voicemail,Sales call,ACME-A005653
krystal.grant@owensbrennanandschmitt.example.com,2026-08-14 07:42:48,Left voicemail,Sales call,ACME-A005655
christopher.thomas@guzmangroup.example.com,2026-08-14 07:43:00,No answer,Sales call,ACME-A005656
emily.hodge@mossmack.example.com,2026-08-14 09:26:38,Left voicemail,Sales call,ACME-A005660
sara.richmond@carpenterbenitezandschro.example.com,2026-08-14 10:49:19,Connected,Sales call,ACME-A005664
mary.lee@adamskline.example.com,2026-08-14 11:17:00,No answer,Sales call,ACME-A005665
james.morgan@mendozagroup.example.com,2026-08-14 11:23:42,Connected,Sales call,ACME-A005667
richard.cortez@sanchezplc.example.com,2026-08-14 12:33:19,No answer,Sales call,ACME-A005669
janet.jones@warrencastillo.example.com,2026-08-14 12:40:48,No answer,Sales call,ACME-A005670
john.hall@andersonhamilton.example.com,2026-08-14 12:55:19,Connected,Sales call,ACME-A005671
alexandra.torres@gonzaleznielsen.example.com,2026-08-14 13:15:28,Connected,Sales call,ACME-A005672
henry.zavala@hayesbarrettandneal.example.com,2026-08-14 13:35:50,No answer,Sales call,ACME-A005674
wanda.romero@hollanddunlapandmcbride.example.com,2026-08-14 13:54:23,Left voicemail,Sales call,ACME-A005677
catherine.cohen@collinsinc.example.com,2026-08-14 14:22:40,Left voicemail,Sales call,ACME-A005679
meghan.hartman@westmahoney.example.com,2026-08-14 14:36:30,No answer,Sales call,ACME-A005681
adam.howard@westbowmanandlopez.example.com,2026-08-14 15:37:20,No answer,Sales call,ACME-A005683
william.reid@jordanandsons.example.com,2026-08-14 18:12:10,Connected,Sales call,ACME-A005687
lisa.pearson@smithmcdonaldandhill.example.com,2026-08-14 18:28:47,Left voicemail,Sales call,ACME-A005689
barbara.rose@olsongroup.example.com,2026-08-14 18:38:30,Left voicemail,Sales call,ACME-A005690
emily.cook@knightgaines.example.com,2026-08-14 19:25:09,Left voicemail,Sales call,ACME-A005692
jeremy.petersen@gravesltd.example.com,2026-08-14 22:17:17,No answer,Sales call,ACME-A005696
maria.young@clarkgroup.example.com,2026-08-14 22:35:58,Connected,Sales call,ACME-A005697
tammy.suarez@garnerltd.example.com,2026-08-15 02:59:02,No answer,Sales call,ACME-A005700
veronica.rodriguez@bowmaninc.example.com,2026-08-15 03:52:43,No answer,Sales call,ACME-A005702
kendra.graham@johnsongroup.example.com,2026-08-15 04:05:21,Left voicemail,Sales call,ACME-A005703
joel.miller@larsonschmidtandmartin.example.com,2026-08-15 06:45:15,Left voicemail,Sales call,ACME-A005708
christopher.whitehead@parkergroup.example.com,2026-08-15 07:20:47,No answer,Sales call,ACME-A005709
kevin.scott@turnerinc.example.com,2026-08-15 07:47:41,Left voicemail,Sales call,ACME-A005710
anthony.thompson@flowersltd.example.com,2026-08-15 08:00:49,Connected,Sales call,ACME-A005711
margaret.ellison@fischerbush.example.com,2026-08-15 08:35:19,Connected,Sales call,ACME-A005712
jessica.morgan@garciawillisanddavis.example.com,2026-08-15 10:45:10,No answer,Sales call,ACME-A005714
julia.gonzalez@jonesolson.example.com,2026-08-15 11:13:46,No answer,Sales call,ACME-A005716
leah.hall@harrislopezandtorres.example.com,2026-08-15 13:22:45,No answer,Sales call,ACME-A005719
christopher.thomas@guzmangroup.example.com,2026-08-15 17:14:51,Connected,Sales call,ACME-A005723
paula.brewer@mcknightgroup.example.com,2026-08-15 19:10:42,Connected,Sales call,ACME-A005726
christopher.porter@sawyerandsons.example.com,2026-08-15 19:17:09,No answer,Sales call,ACME-A005727
glenda.martin@gonzalezmolina.example.com,2026-08-15 19:22:35,No answer,Sales call,ACME-A005728
james.jones@lewissparksandsmith.example.com,2026-08-15 19:45:19,Left voicemail,Sales call,ACME-A005729
alexandra.sanchez@rowejohnsonandlarsen.example.com,2026-08-15 20:48:10,No answer,Sales call,ACME-A005730
devon.carter@acevedollc.example.com,2026-08-15 22:46:18,No answer,Sales call,ACME-A005733
kaitlin.stevens@everettinc.example.com,2026-08-15 23:27:33,Left voicemail,Sales call,ACME-A005734
emily.lara@clarkplc.example.com,2026-08-16 00:27:32,Left voicemail,Sales call,ACME-A005736
jennifer.dalton@wilkersontorres.example.com,2026-08-16 01:04:32,No answer,Sales call,ACME-A005739
rhonda.hamilton@wolfanthonyandtaylor.example.com,2026-08-16 02:28:03,No answer,Sales call,ACME-A005740
veronica.nichols@carlsonalexander.example.com,2026-08-16 02:36:29,No answer,Sales call,ACME-A005741
john.hall@andersonhamilton.example.com,2026-08-16 04:44:09,No answer,Sales call,ACME-A005743
karen.smith@taylorturner.example.com,2026-08-16 05:30:21,Connected,Sales call,ACME-A005745
angela.fisher@kennedyshepardandmyers.example.com,2026-08-16 06:24:32,No answer,Sales call,ACME-A005746
kristin.wang@garcialtd.example.com,2026-08-16 06:47:43,No answer,Sales call,ACME-A005747
richard.kelley@foxdunn.example.com,2026-08-16 07:27:04,Connected,Sales call,ACME-A005749
brian.nelson@schwartzburton.example.com,2026-08-16 08:08:07,Left voicemail,Sales call,ACME-A005750
joanna.roberts@smithllc.example.com,2026-08-16 08:26:25,No answer,Sales call,ACME-A005751
michele.forbes@robinsonplc.example.com,2026-08-16 08:54:15,Connected,Sales call,ACME-A005753
emily.sullivan@rosarioandsons.example.com,2026-08-16 12:26:33,No answer,Sales call,ACME-A005759
david.nolan@haynesgroup.example.com,2026-08-16 13:06:59,Connected,Sales call,ACME-A005760
meredith.blair@leemason.example.com,2026-08-16 14:05:32,No answer,Sales call,ACME-A005762
melissa.carroll@andersoncollins.example.com,2026-08-16 15:28:10,No answer,Sales call,ACME-A005764
william.powell@crossbarry.example.com,2026-08-16 16:00:10,Left voicemail,Sales call,ACME-A005765
ryan.martin@garzacareyandpierce.example.com,2026-08-16 17:36:41,Connected,Sales call,ACME-A005767
joanna.roberts@smithllc.example.com,2026-08-16 19:04:41,Connected,Sales call,ACME-A005768
bryan.gray@obrienelliottandbrennan.example.com,2026-08-16 20:32:54,Connected,Sales call,ACME-A005770
victoria.clark@martinjacobsonandlee.example.com,2026-08-16 21:06:39,No answer,Sales call,ACME-A005771
jared.rivera@moorethomas.example.com,2026-08-17 00:44:07,Left voicemail,Sales call,ACME-A005776
amy.wood@rossltd.example.com,2026-08-17 01:16:24,Left voicemail,Sales call,ACME-A005777
randy.foster@medinabell.example.com,2026-08-17 01:22:32,No answer,Sales call,ACME-A005778
jasmin.ward@walkerwebb.example.com,2026-08-17 01:47:48,No answer,Sales call,ACME-A005780
darrell.salas@frankliningram.example.com,2026-08-17 03:55:43,Left voicemail,Sales call,ACME-A005782
helen.stephens@smithltd.example.com,2026-08-17 03:57:49,Left voicemail,Sales call,ACME-A005783
christopher.thomas@guzmangroup.example.com,2026-08-17 07:27:37,Connected,Sales call,ACME-A005785
michael.burns@mccormickortiz.example.com,2026-08-17 08:07:53,Connected,Sales call,ACME-A005787
darrell.salas@frankliningram.example.com,2026-08-17 08:12:22,No answer,Sales call,ACME-A005788
tammy.smith@kingholt.example.com,2026-08-17 09:03:12,Left voicemail,Sales call,ACME-A005789
amy.wood@rossltd.example.com,2026-08-17 10:07:29,Left voicemail,Sales call,ACME-A005790
david.holloway@hallmartinezandduncan.example.com,2026-08-17 10:28:42,Connected,Sales call,ACME-A005791
richard.walker@leeolsen.example.com,2026-08-17 11:02:17,Connected,Sales call,ACME-A005793
erica.george@bullockltd.example.com,2026-08-17 11:42:33,Connected,Sales call,ACME-A005795
jose.jackson@fishersmithandallen.example.com,2026-08-17 11:43:09,Left voicemail,Sales call,ACME-A005796
logan.ryan@knightandsons.example.com,2026-08-17 12:17:44,Connected,Sales call,ACME-A005797
elizabeth.brown@harrisonjacksonandcampos.example.com,2026-08-17 12:46:05,No answer,Sales call,ACME-A005799
tiffany.allen@marquezmiller.example.com,2026-08-17 13:53:18,Left voicemail,Sales call,ACME-A005801
maureen.campos@riversandsons.example.com,2026-08-17 14:06:05,Connected,Sales call,ACME-A005802
samantha.le@alvaradoandsons.example.com,2026-08-17 14:08:22,Connected,Sales call,ACME-A005803
jasmine.walker@roymcintosh.example.com,2026-08-17 16:56:56,No answer,Sales call,ACME-A005810
ashley.mitchell@mitchellholt.example.com,2026-08-17 16:59:12,No answer,Sales call,ACME-A005811
alyssa.ross@sanfordltd.example.com,2026-08-17 17:13:17,No answer,Sales call,ACME-A005812
sean.woods@smithanderson.example.com,2026-08-17 17:14:14,Left voicemail,Sales call,ACME-A005813
linda.anderson@durhamcastro.example.com,2026-08-17 18:40:17,No answer,Sales call,ACME-A005815
michael.miller@terryandsons.example.com,2026-08-17 20:13:03,No answer,Sales call,ACME-A005818
stephanie.reid@smithvaldez.example.com,2026-08-17 20:14:57,Connected,Sales call,ACME-A005819
william.allison@sweeneygraham.example.com,2026-08-18 00:06:31,No answer,Sales call,ACME-A005822
caitlin.briggs@murphyandsons.example.com,2026-08-18 02:04:40,No answer,Sales call,ACME-A005825
ronald.martinez@smithinc.example.com,2026-08-18 03:27:26,No answer,Sales call,ACME-A005827
lance.martin@kellyltd.example.com,2026-08-18 04:13:18,Connected,Sales call,ACME-A005828
john.lawrence@nelsonford.example.com,2026-08-18 04:35:28,No answer,Sales call,ACME-A005829
michael.harvey@gutierrezchoi.example.com,2026-08-18 05:56:06,Connected,Sales call,ACME-A005830
henry.zavala@hayesbarrettandneal.example.com,2026-08-18 07:16:54,No answer,Sales call,ACME-A005831
heather.wells@larallc.example.com,2026-08-18 09:39:55,No answer,Sales call,ACME-A005834
martin.riley@mitchellrobertson.example.com,2026-08-18 09:55:22,Left voicemail,Sales call,ACME-A005835
brian.hernandez@waregroup.example.com,2026-08-18 10:02:44,No answer,Sales call,ACME-A005836
mario.gray@jacksonedwards.example.com,2026-08-18 10:13:18,Connected,Sales call,ACME-A005837
todd.daniels@rogersandsons.example.com,2026-08-18 11:53:28,Connected,Sales call,ACME-A005843
meredith.blair@leemason.example.com,2026-08-18 12:02:58,Left voicemail,Sales call,ACME-A005846
richard.stanton@traviscruz.example.com,2026-08-18 12:54:39,No answer,Sales call,ACME-A005847
lisa.frederick@robersoncompton.example.com,2026-08-18 12:59:52,No answer,Sales call,ACME-A005848
shannon.stephens@vegallc.example.com,2026-08-18 14:08:51,Left voicemail,Sales call,ACME-A005851
kaylee.berry@lowerylewisandmyers.example.com,2026-08-18 14:44:04,No answer,Sales call,ACME-A005852
william.curry@willismunozanddavis.example.com,2026-08-18 15:14:47,No answer,Sales call,ACME-A005854
earl.mcpherson@fishergroup.example.com,2026-08-18 20:07:19,Left voicemail,Sales call,ACME-A005857
carol.webster@gonzalezjohns.example.com,2026-08-18 20:40:53,No answer,Sales call,ACME-A005859
terri.houston@johnsongroup.example.com,2026-08-18 21:51:40,Left voicemail,Sales call,ACME-A005862
kevin.scott@turnerinc.example.com,2026-08-18 22:10:57,Connected,Sales call,ACME-A005863
kristin.diaz@collinswood.example.com,2026-08-18 22:35:44,No answer,Sales call,ACME-A005864
john.fletcher@deanzimmermanandgray.example.com,2026-08-18 22:43:09,No answer,Sales call,ACME-A005865
mary.lee@adamskline.example.com,2026-08-19 01:02:35,Left voicemail,Sales call,ACME-A005870
christopher.martinez@mcdonaldclarkandwilson.example.com,2026-08-19 01:25:41,Connected,Sales call,ACME-A005871
isabel.neal@gonzalesleeandrodriguez.example.com,2026-08-19 02:20:04,Connected,Sales call,ACME-A005872
rebecca.johnson@wilsonjoseph.example.com,2026-08-19 02:38:48,No answer,Sales call,ACME-A005874
zachary.curry@priceatkinsonandcraig.example.com,2026-08-19 03:04:36,Connected,Sales call,ACME-A005875
teresa.morris@hickmanromeroandhoward.example.com,2026-08-19 06:28:06,Connected,Sales call,ACME-A005881
christopher.thomas@guzmangroup.example.com,2026-08-19 07:05:03,Left voicemail,Sales call,ACME-A005882
john.conner@rosscooper.example.com,2026-08-19 07:11:11,Connected,Sales call,ACME-A005883
raymond.travis@hannaandsons.example.com,2026-08-19 08:28:13,Left voicemail,Sales call,ACME-A005886
ronald.carson@chenmunoz.example.com,2026-08-19 08:53:25,Connected,Sales call,ACME-A005889
juan.mccoy@ayalahallandsmith.example.com,2026-08-19 09:03:51,No answer,Sales call,ACME-A005890
kenneth.rodriguez@williamsboyerandsingh.example.com,2026-08-19 09:22:00,No answer,Sales call,ACME-A005891
allison.quinn@smithlittleanddavis.example.com,2026-08-19 10:48:59,Connected,Sales call,ACME-A005892
heidi.price@acostaberry.example.com,2026-08-19 11:35:47,No answer,Sales call,ACME-A005893
matthew.le@fullergroup.example.com,2026-08-19 11:39:02,Connected,Sales call,ACME-A005894
thomas.berry@burnsltd.example.com,2026-08-19 12:16:03,Connected,Sales call,ACME-A005896
andre.stevens@wilsonburgessandwong.example.com,2026-08-19 12:37:29,Left voicemail,Sales call,ACME-A005897
donald.jenkins@woodweaver.example.com,2026-08-19 14:36:29,Connected,Sales call,ACME-A005901
nicole.ford@hernandezlopez.example.com,2026-08-19 14:49:18,No answer,Sales call,ACME-A005903
crystal.gordon@warrenltd.example.com,2026-08-19 15:16:12,Connected,Sales call,ACME-A005905
william.branch@gonzalezmasonandharris.example.com,2026-08-19 15:40:49,No answer,Sales call,ACME-A005907
billy.melton@bradleyplc.example.com,2026-08-19 17:04:09,No answer,Sales call,ACME-A005909
heather.gonzales@ramosnorris.example.com,2026-08-19 17:30:14,Connected,Sales call,ACME-A005910
renee.berger@quinnschmidtandewing.example.com,2026-08-19 17:56:28,Left voicemail,Sales call,ACME-A005911
christopher.hill@lucasduranandlong.example.com,2026-08-19 18:50:38,Connected,Sales call,ACME-A005913
nicholas.powell@greenbuckandrobinson.example.com,2026-08-19 19:22:27,Left voicemail,Sales call,ACME-A005914
allison.pittman@vazquezmurray.example.com,2026-08-19 19:25:10,No answer,Sales call,ACME-A005915
kaylee.berry@lowerylewisandmyers.example.com,2026-08-19 19:25:10,Left voicemail,Sales call,ACME-A005916
melissa.torres@wadehughes.example.com,2026-08-19 19:31:52,Connected,Sales call,ACME-A005917
richard.peters@lynchllc.example.com,2026-08-19 19:53:50,Left voicemail,Sales call,ACME-A005918
dustin.martinez@cookclay.example.com,2026-08-19 20:08:11,Left voicemail,Sales call,ACME-A005919
erin.howard@reynoldsyang.example.com,2026-08-19 20:13:42,Left voicemail,Sales call,ACME-A005920
laura.church@taylorandsons.example.com,2026-08-19 20:14:25,Left voicemail,Sales call,ACME-A005921
kevin.morales@georgefitzpatrickandkey.example.com,2026-08-19 20:14:35,Connected,Sales call,ACME-A005922
jacob.webb@poolealexander.example.com,2026-08-19 22:13:22,Left voicemail,Sales call,ACME-A005926
amy.wood@rossltd.example.com,2026-08-20 01:55:03,Connected,Sales call,ACME-A005935
nancy.stephens@bennettmartinandanderson.example.com,2026-08-20 02:21:15,Left voicemail,Sales call,ACME-A005936
gabriela.leon@bestltd.example.com,2026-08-20 02:32:36,Left voicemail,Sales call,ACME-A005937
barbara.rose@olsongroup.example.com,2026-08-20 02:33:23,No answer,Sales call,ACME-A005938
jessica.allen@marshallcunningham.example.com,2026-08-20 02:55:43,No answer,Sales call,ACME-A005939
emily.cruz@crossfrazier.example.com,2026-08-20 03:31:00,No answer,Sales call,ACME-A005940
ashley.williams@hunterabbottandmurillo.example.com,2026-08-20 07:25:11,Left voicemail,Sales call,ACME-A005944
rachel.pacheco@parkerjohnson.example.com,2026-08-20 09:38:51,Connected,Sales call,ACME-A005946
samuel.jordan@alvaradomayo.example.com,2026-08-20 10:16:25,Connected,Sales call,ACME-A005948
zachary.curry@priceatkinsonandcraig.example.com,2026-08-20 11:11:57,Left voicemail,Sales call,ACME-A005950
laura.church@taylorandsons.example.com,2026-08-20 12:59:08,No answer,Sales call,ACME-A005952
heather.marshall@jensenduke.example.com,2026-08-20 13:24:02,Left voicemail,Sales call,ACME-A005953
paula.brewer@mcknightgroup.example.com,2026-08-20 14:23:40,Left voicemail,Sales call,ACME-A005955
laura.cook@bonillaleeanddiaz.example.com,2026-08-20 14:57:55,No answer,Sales call,ACME-A005956
marie.bowman@montgomerytaylor.example.com,2026-08-20 16:00:04,Left voicemail,Sales call,ACME-A005958
nicholas.taylor@huntgibsonandcalhoun.example.com,2026-08-20 16:20:43,Left voicemail,Sales call,ACME-A005959
emily.sullivan@rosarioandsons.example.com,2026-08-20 17:16:26,Connected,Sales call,ACME-A005962
kayla.harris@barrsanchez.example.com,2026-08-20 17:26:37,Connected,Sales call,ACME-A005963
sean.baker@spencerlopez.example.com,2026-08-20 18:12:40,Connected,Sales call,ACME-A005966
michael.carter@williamsschwartz.example.com,2026-08-20 19:06:42,Left voicemail,Sales call,ACME-A005968
leah.camacho@roachinc.example.com,2026-08-20 19:16:29,No answer,Sales call,ACME-A005969
caroline.taylor@clarkmanningandkramer.example.com,2026-08-20 21:43:57,Connected,Sales call,ACME-A005971
michael.ryan@taylorcherryandrocha.example.com,2026-08-20 22:19:41,No answer,Sales call,ACME-A005972
laura.white@mcneilwilliamsandpark.example.com,2026-08-20 23:26:28,Connected,Sales call,ACME-A005974
johnathan.webb@foxsampsonanddavis.example.com,2026-08-20 23:26:59,Left voicemail,Sales call,ACME-A005975
nicole.brady@andrewsandsons.example.com,2026-08-21 01:05:39,Left voicemail,Sales call,ACME-A005976
jill.schneider@ramirezlloyd.example.com,2026-08-21 02:48:28,Connected,Sales call,ACME-A005977
jennifer.esparza@hammondmurray.example.com,2026-08-21 05:16:55,Connected,Sales call,ACME-A005980
lisa.frederick@robersoncompton.example.com,2026-08-21 06:00:06,No answer,Sales call,ACME-A005982
catherine.cohen@collinsinc.example.com,2026-08-21 06:41:44,Connected,Sales call,ACME-A005983
joshua.paul@riceinc.example.com,2026-08-21 07:49:56,No answer,Sales call,ACME-A005984
lisa.weaver@andrewsplc.example.com,2026-08-21 08:52:57,No answer,Sales call,ACME-A005987
samuel.jordan@alvaradomayo.example.com,2026-08-21 09:44:24,Connected,Sales call,ACME-A005989
tina.whitehead@hillandsons.example.com,2026-08-21 09:52:01,Connected,Sales call,ACME-A005990
stephanie.dunn@jonesdouglas.example.com,2026-08-21 09:52:09,Connected,Sales call,ACME-A005991
ian.golden@hansendiaz.example.com,2026-08-21 11:34:33,Left voicemail,Sales call,ACME-A005994
lauren.rodriguez@shahvalentineandjohnson.example.com,2026-08-21 12:15:43,Left voicemail,Sales call,ACME-A005995
linda.monroe@carterinc.example.com,2026-08-21 12:33:51,Connected,Sales call,ACME-A005997
joel.day@weaverpham.example.com,2026-08-21 14:25:23,No answer,Sales call,ACME-A006003
wendy.case@georgeandsons.example.com,2026-08-21 15:02:38,Connected,Sales call,ACME-A006004
joel.miller@larsonschmidtandmartin.example.com,2026-08-21 15:42:10,No answer,Sales call,ACME-A006006
benjamin.esparza@lopezandsons.example.com,2026-08-21 15:44:49,Connected,Sales call,ACME-A006007
christopher.combs@harriscohenandcordova.example.com,2026-08-21 16:20:22,No answer,Sales call,ACME-A006009
andrew.salazar@youngoconnor.example.com,2026-08-21 19:39:07,Left voicemail,Sales call,ACME-A006015
wanda.romero@hollanddunlapandmcbride.example.com,2026-08-21 20:43:46,Left voicemail,Sales call,ACME-A006017
christopher.sanders@smithgarciaandvelez.example.com,2026-08-21 20:58:11,No answer,Sales call,ACME-A006018
brian.fritz@christiandanielsandmoody.example.com,2026-08-21 21:54:14,Connected,Sales call,ACME-A006019
richard.brock@bennettplc.example.com,2026-08-21 21:56:38,Left voicemail,Sales call,ACME-A006020
kimberly.schmitt@woodsgilbert.example.com,2026-08-21 22:45:36,No answer,Sales call,ACME-A006022
marie.bowman@montgomerytaylor.example.com,2026-08-22 00:17:41,Left voicemail,Sales call,ACME-A006024
nathan.watkins@petersonnelson.example.com,2026-08-22 01:09:19,No answer,Sales call,ACME-A006025
brandon.mendoza@lewisllc.example.com,2026-08-22 01:27:40,Connected,Sales call,ACME-A006027
stephen.soto@bradfordwilsonandnewton.example.com,2026-08-22 01:46:18,Connected,Sales call,ACME-A006029
ashley.mitchell@mitchellholt.example.com,2026-08-22 02:24:26,Left voicemail,Sales call,ACME-A006031
joseph.burns@williamsonllc.example.com,2026-08-22 02:44:44,Connected,Sales call,ACME-A006033
william.jenkins@morrowwhite.example.com,2026-08-22 03:10:11,No answer,Sales call,ACME-A006034
curtis.elliott@browninc.example.com,2026-08-22 03:44:21,Connected,Sales call,ACME-A006036
benjamin.esparza@lopezandsons.example.com,2026-08-22 04:17:59,Left voicemail,Sales call,ACME-A006038
kaylee.berry@lowerylewisandmyers.example.com,2026-08-22 05:01:40,Connected,Sales call,ACME-A006040
renee.berger@quinnschmidtandewing.example.com,2026-08-22 07:56:46,No answer,Sales call,ACME-A006045
earl.mcpherson@fishergroup.example.com,2026-08-22 09:18:43,No answer,Sales call,ACME-A006049
danielle.mercer@manningllc.example.com,2026-08-22 13:02:59,Connected,Sales call,ACME-A006052
morgan.ortega@cantuhigginsandtrevino.example.com,2026-08-22 13:12:12,No answer,Sales call,ACME-A006053
mary.lee@adamskline.example.com,2026-08-22 13:46:29,Left voicemail,Sales call,ACME-A006054
mark.smith@stewartgroup.example.com,2026-08-22 15:07:03,No answer,Sales call,ACME-A006055
amy.thomas@booneltd.example.com,2026-08-22 16:13:27,Connected,Sales call,ACME-A006059
timothy.vasquez@ricerichardsandwade.example.com,2026-08-22 17:04:16,No answer,Sales call,ACME-A006061
stephanie.rodgers@littleandsons.example.com,2026-08-22 17:58:00,No answer,Sales call,ACME-A006063
jacob.lewis@millshuntandbell.example.com,2026-08-22 18:49:02,No answer,Sales call,ACME-A006064
elizabeth.johnson@tannerlambandcruz.example.com,2026-08-22 18:54:32,No answer,Sales call,ACME-A006065
veronica.nichols@carlsonalexander.example.com,2026-08-22 19:04:42,Left voicemail,Sales call,ACME-A006066
isabel.neal@gonzalesleeandrodriguez.example.com,2026-08-22 20:39:35,No answer,Sales call,ACME-A006067
nathan.padilla@hortonmiller.example.com,2026-08-23 00:17:41,Connected,Sales call,ACME-A006071
lauren.rodriguez@shahvalentineandjohnson.example.com,2026-08-23 00:21:21,No answer,Sales call,ACME-A006072
sarah.austin@coxhallandhunt.example.com,2026-08-23 00:32:22,No answer,Sales call,ACME-A006073
andrea.perez@hessjamesandreeves.example.com,2026-08-23 01:46:41,Left voicemail,Sales call,ACME-A006074
marie.bowman@montgomerytaylor.example.com,2026-08-23 02:16:00,Left voicemail,Sales call,ACME-A006076
christina.suarez@bryantduncanandholland.example.com,2026-08-23 03:55:13,No answer,Sales call,ACME-A006079
savannah.armstrong@harrisgroup.example.com,2026-08-23 04:51:09,Connected,Sales call,ACME-A006083
lisa.frederick@robersoncompton.example.com,2026-08-23 05:38:50,Connected,Sales call,ACME-A006084
ruben.adkins@kellygordonandyoung.example.com,2026-08-23 06:08:51,No answer,Sales call,ACME-A006086
charles.williams@hendersonwoodandblack.example.com,2026-08-23 06:10:42,Left voicemail,Sales call,ACME-A006087
teresa.stewart@millerscott.example.com,2026-08-23 10:06:36,No answer,Sales call,ACME-A006096
ana.baker@fraziermartinez.example.com,2026-08-23 10:22:28,Left voicemail,Sales call,ACME-A006097
damon.clay@pittsandsons.example.com,2026-08-23 10:29:49,No answer,Sales call,ACME-A006098
kimberly.schmitt@woodsgilbert.example.com,2026-08-23 13:05:33,Left voicemail,Sales call,ACME-A006099
amanda.gray@lewisrandolphandadams.example.com,2026-08-23 13:24:24,Left voicemail,Sales call,ACME-A006101
laura.white@mcneilwilliamsandpark.example.com,2026-08-23 14:13:15,No answer,Sales call,ACME-A006104
karen.stewart@moralesbrownandlong.example.com,2026-08-23 14:38:04,No answer,Sales call,ACME-A006106
ronald.fernandez@watsonsmith.example.com,2026-08-23 15:31:36,Left voicemail,Sales call,ACME-A006107
nathan.padilla@hortonmiller.example.com,2026-08-23 15:45:58,Connected,Sales call,ACME-A006108
kristen.lopez@milesltd.example.com,2026-08-23 18:30:31,No answer,Sales call,ACME-A006114
douglas.wright@gutierrezandsons.example.com,2026-08-23 18:33:23,Left voicemail,Sales call,ACME-A006115
marie.bowman@montgomerytaylor.example.com,2026-08-23 20:48:18,Connected,Sales call,ACME-A006119
james.duncan@rodriguezwhiteandbaker.example.com,2026-08-23 20:59:28,Connected,Sales call,ACME-A006120
emily.lara@clarkplc.example.com,2026-08-23 21:20:01,No answer,Sales call,ACME-A006121
allison.pittman@vazquezmurray.example.com,2026-08-23 22:06:46,Connected,Sales call,ACME-A006124
glenn.beck@turnerreyesandfarley.example.com,2026-08-23 22:22:36,Connected,Sales call,ACME-A006125
marie.bowman@montgomerytaylor.example.com,2026-08-23 23:13:34,Connected,Sales call,ACME-A006128
johnathan.webb@foxsampsonanddavis.example.com,2026-08-24 00:20:10,Connected,Sales call,ACME-A006129
sarah.arias@gregorygonzales.example.com,2026-08-24 02:32:20,Connected,Sales call,ACME-A006131
brian.fritz@christiandanielsandmoody.example.com,2026-08-24 03:24:35,Left voicemail,Sales call,ACME-A006133
aaron.huang@alexanderjohnsonandgarci.example.com,2026-08-24 03:56:50,No answer,Sales call,ACME-A006135
curtis.elliott@browninc.example.com,2026-08-24 04:14:39,Connected,Sales call,ACME-A006136
daniel.thomas@pagesmith.example.com,2026-08-24 06:29:31,Left voicemail,Sales call,ACME-A006139
jason.oconnor@kelleyweeksandbarnett.example.com,2026-08-24 07:39:17,Connected,Sales call,ACME-A006140
kathleen.kim@lopezandsons.example.com,2026-08-24 08:42:12,Left voicemail,Sales call,ACME-A006142
kathryn.butler@schultzandsons.example.com,2026-08-24 09:42:00,Left voicemail,Sales call,ACME-A006143
shelby.smith@gillsmithandhenderson.example.com,2026-08-24 10:40:30,Left voicemail,Sales call,ACME-A006144
karen.clark@warrenltd.example.com,2026-08-24 10:43:42,No answer,Sales call,ACME-A006145
kirsten.sullivan@guzmancooperandwade.example.com,2026-08-24 12:44:41,Connected,Sales call,ACME-A006149
jeffrey.alvarado@ramossutton.example.com,2026-08-24 12:50:34,No answer,Sales call,ACME-A006150
nicole.brady@andrewsandsons.example.com,2026-08-24 13:45:20,Left voicemail,Sales call,ACME-A006151
meredith.blair@leemason.example.com,2026-08-24 14:49:10,Connected,Sales call,ACME-A006154
jaime.sanchez@parksalexanderandjenkins.example.com,2026-08-24 15:01:20,No answer,Sales call,ACME-A006156
kevin.morales@georgefitzpatrickandkey.example.com,2026-08-24 15:57:49,No answer,Sales call,ACME-A006158
angela.martin@smithkellyandjones.example.com,2026-08-24 16:21:01,Connected,Sales call,ACME-A006159
aaron.huang@alexanderjohnsonandgarci.example.com,2026-08-24 16:24:00,No answer,Sales call,ACME-A006160
ana.baker@fraziermartinez.example.com,2026-08-24 18:10:12,Connected,Sales call,ACME-A006163
veronica.rodriguez@bowmaninc.example.com,2026-08-24 19:02:06,Connected,Sales call,ACME-A006164
laura.cook@bonillaleeanddiaz.example.com,2026-08-24 19:53:52,Connected,Sales call,ACME-A006165
jack.walker@schmidtllc.example.com,2026-08-24 20:07:43,Connected,Sales call,ACME-A006166
william.allison@sweeneygraham.example.com,2026-08-24 22:23:26,No answer,Sales call,ACME-A006169
johnny.wright@mathiscross.example.com,2026-08-24 23:21:17,Left voicemail,Sales call,ACME-A006171
robert.sandoval@allenllc.example.com,2026-08-25 00:04:26,No answer,Sales call,ACME-A006172
terri.houston@johnsongroup.example.com,2026-08-25 00:19:11,Connected,Sales call,ACME-A006174
april.myers@rosegonzalezandfarmer.example.com,2026-08-25 01:00:51,No answer,Sales call,ACME-A006175
jacob.brown@masonltd.example.com,2026-08-25 01:29:12,Connected,Sales call,ACME-A006176
danielle.mercer@manningllc.example.com,2026-08-25 06:40:01,No answer,Sales call,ACME-A006182
kelly.hart@hoffmanplc.example.com,2026-08-25 09:19:53,No answer,Sales call,ACME-A006185
jacob.adams@steeleevans.example.com,2026-08-25 10:00:26,No answer,Sales call,ACME-A006187
christopher.williams@millerlewis.example.com,2026-08-25 10:32:13,Left voicemail,Sales call,ACME-A006189
mary.montgomery@harveygroup.example.com,2026-08-25 10:59:20,Left voicemail,Sales call,ACME-A006192
robert.buchanan@richardsonstephens.example.com,2026-08-25 11:13:07,No answer,Sales call,ACME-A006193
derek.white@garciaplc.example.com,2026-08-25 11:21:07,Left voicemail,Sales call,ACME-A006194
joshua.prince@garzanorton.example.com,2026-08-25 12:07:21,No answer,Sales call,ACME-A006196
brianna.white@mcdonaldthompson.example.com,2026-08-25 12:16:10,Connected,Sales call,ACME-A006197
michael.donaldson@bridgessimpsonandhunt.example.com,2026-08-25 12:17:27,Left voicemail,Sales call,ACME-A006198
ashley.williams@hunterabbottandmurillo.example.com,2026-08-25 12:41:30,Left voicemail,Sales call,ACME-A006199
sarah.hunter@simmonsmartinez.example.com,2026-08-25 13:07:15,Left voicemail,Sales call,ACME-A006200
william.jenkins@morrowwhite.example.com,2026-08-25 15:22:34,Connected,Sales call,ACME-A006202
eric.hansen@reedandsons.example.com,2026-08-25 15:32:11,No answer,Sales call,ACME-A006203
richard.kelley@foxdunn.example.com,2026-08-25 17:08:58,Connected,Sales call,ACME-A006204
william.reese@brighthoover.example.com,2026-08-25 17:41:54,No answer,Sales call,ACME-A006206
sandra.daniels@hughesandsons.example.com,2026-08-25 17:45:47,No answer,Sales call,ACME-A006207
brianna.white@mcdonaldthompson.example.com,2026-08-25 21:39:20,No answer,Sales call,ACME-A006213
william.jenkins@morrowwhite.example.com,2026-08-25 21:41:31,Connected,Sales call,ACME-A006214
mary.lawrence@wagnermillerandmason.example.com,2026-08-25 22:06:55,No answer,Sales call,ACME-A006216
renee.maldonado@marshalllinandfarmer.example.com,2026-08-25 22:07:57,Connected,Sales call,ACME-A006217
anthony.thompson@flowersltd.example.com,2026-08-25 22:52:57,No answer,Sales call,ACME-A006218
sarah.arias@gregorygonzales.example.com,2026-08-25 23:43:02,No answer,Sales call,ACME-A006219
emily.sullivan@rosarioandsons.example.com,2026-08-26 00:24:22,Left voicemail,Sales call,ACME-A006220
matthew.le@fullergroup.example.com,2026-08-26 00:59:53,Connected,Sales call,ACME-A006221
thomas.cantrell@hendersonanderson.example.com,2026-08-26 02:50:05,No answer,Sales call,ACME-A006225
jennifer.lee@gordongroup.example.com,2026-08-26 04:50:45,Left voicemail,Sales call,ACME-A006227
matthew.le@fullergroup.example.com,2026-08-26 06:19:46,Connected,Sales call,ACME-A006230
danielle.mercer@manningllc.example.com,2026-08-26 06:38:45,No answer,Sales call,ACME-A006231
jack.walker@schmidtllc.example.com,2026-08-26 07:44:44,No answer,Sales call,ACME-A006235
janet.jones@warrencastillo.example.com,2026-08-26 08:28:45,Left voicemail,Sales call,ACME-A006236
sydney.wallace@craigjensen.example.com,2026-08-26 09:30:52,No answer,Sales call,ACME-A006239
gregory.ramirez@parkergroup.example.com,2026-08-26 12:01:30,No answer,Sales call,ACME-A006242
eric.vasquez@kempdukeandkim.example.com,2026-08-26 12:06:03,Left voicemail,Sales call,ACME-A006243
elizabeth.west@hughesorranddiaz.example.com,2026-08-26 12:45:55,Left voicemail,Sales call,ACME-A006246
melissa.carroll@andersoncollins.example.com,2026-08-26 13:34:24,Left voicemail,Sales call,ACME-A006248
robert.cooper@jonesguerraandmorris.example.com,2026-08-26 14:34:13,Left voicemail,Sales call,ACME-A006250
ellen.watkins@kingplc.example.com,2026-08-26 15:34:15,Connected,Sales call,ACME-A006253
nancy.carter@bergandrews.example.com,2026-08-26 15:41:04,Connected,Sales call,ACME-A006254
jeffrey.schmidt@andersonandsons.example.com,2026-08-26 15:41:35,Connected,Sales call,ACME-A006255
nicholas.harris@hicksmartin.example.com,2026-08-26 15:58:00,No answer,Sales call,ACME-A006256
michael.matthews@mathewsmartinez.example.com,2026-08-26 16:04:07,Connected,Sales call,ACME-A006258
adam.adams@perezllc.example.com,2026-08-26 16:23:48,No answer,Sales call,ACME-A006259
angela.guerrero@huffmangarciaandharrell.example.com,2026-08-26 16:27:01,Connected,Sales call,ACME-A006260
stephanie.reid@smithvaldez.example.com,2026-08-26 17:46:03,No answer,Sales call,ACME-A006264
meredith.brooks@browninc.example.com,2026-08-26 17:55:41,Connected,Sales call,ACME-A006265
james.jones@lewissparksandsmith.example.com,2026-08-26 18:30:10,No answer,Sales call,ACME-A006266
amanda.gray@lewisrandolphandadams.example.com,2026-08-26 18:51:33,Left voicemail,Sales call,ACME-A006267
christine.jones@hernandezjacksonandhill.example.com,2026-08-26 19:39:40,No answer,Sales call,ACME-A006268
rebecca.hill@bellfriedman.example.com,2026-08-26 20:49:55,Left voicemail,Sales call,ACME-A006271
johnny.wright@mathiscross.example.com,2026-08-26 20:50:59,Connected,Sales call,ACME-A006272
cynthia.taylor@trevinoltd.example.com,2026-08-26 21:07:28,No answer,Sales call,ACME-A006274
angela.wright@olseninc.example.com,2026-08-26 22:07:23,Connected,Sales call,ACME-A006276
kirsten.sullivan@guzmancooperandwade.example.com,2026-08-27 00:52:40,Connected,Sales call,ACME-A006280
mary.montgomery@harveygroup.example.com,2026-08-27 01:06:52,No answer,Sales call,ACME-A006281
justin.hamilton@popepugh.example.com,2026-08-27 01:25:36,No answer,Sales call,ACME-A006282
kim.spencer@wellsinc.example.com,2026-08-27 01:53:14,Connected,Sales call,ACME-A006283
christine.sullivan@nelsonandsons.example.com,2026-08-27 03:25:21,Connected,Sales call,ACME-A006287
helen.stephens@smithltd.example.com,2026-08-27 03:48:05,Left voicemail,Sales call,ACME-A006288
brian.little@johnsonherreraandcole.example.com,2026-08-27 05:33:43,Connected,Sales call,ACME-A006289
janet.jones@warrencastillo.example.com,2026-08-27 06:01:31,Left voicemail,Sales call,ACME-A006291
ashley.nelson@sanchezllc.example.com,2026-08-27 06:26:15,No answer,Sales call,ACME-A006292
nicole.wolfe@alvaradollc.example.com,2026-08-27 06:31:16,No answer,Sales call,ACME-A006293
ruth.kemp@rogersdavid.example.com,2026-08-27 07:25:24,Connected,Sales call,ACME-A006296
krystal.hoffman@thompsonmartinez.example.com,2026-08-27 07:56:52,Connected,Sales call,ACME-A006297
joseph.morris@goodwingregoryandsilva.example.com,2026-08-27 09:57:44,No answer,Sales call,ACME-A006300
christopher.hill@lucasduranandlong.example.com,2026-08-27 12:18:30,Left voicemail,Sales call,ACME-A006304
ashley.hansen@mcconnellbenitez.example.com,2026-08-27 13:58:56,No answer,Sales call,ACME-A006309
james.duncan@rodriguezwhiteandbaker.example.com,2026-08-27 14:32:54,No answer,Sales call,ACME-A006310
patricia.kennedy@gonzalezplc.example.com,2026-08-27 14:35:02,Left voicemail,Sales call,ACME-A006311
linda.monroe@carterinc.example.com,2026-08-27 15:00:57,Left voicemail,Sales call,ACME-A006313
adam.adams@perezllc.example.com,2026-08-27 15:17:47,Left voicemail,Sales call,ACME-A006314
lisa.davis@boydbrewer.example.com,2026-08-27 15:55:01,Connected,Sales call,ACME-A006316
daniel.reed@sanchezjones.example.com,2026-08-27 18:15:47,Connected,Sales call,ACME-A006320
elizabeth.foster@holtmiller.example.com,2026-08-27 18:33:58,Connected,Sales call,ACME-A006321
luis.perez@careyltd.example.com,2026-08-27 18:45:09,Left voicemail,Sales call,ACME-A006322
samuel.sparks@smithltd.example.com,2026-08-27 19:23:21,Connected,Sales call,ACME-A006324
jacqueline.fox@millerltd.example.com,2026-08-27 20:06:03,No answer,Sales call,ACME-A006325
david.robertson@espinozaperez.example.com,2026-08-27 20:38:58,Connected,Sales call,ACME-A006328
nicholas.taylor@huntgibsonandcalhoun.example.com,2026-08-27 21:26:16,Left voicemail,Sales call,ACME-A006329
joshua.avila@martinezperkins.example.com,2026-08-27 21:29:54,No answer,Sales call,ACME-A006330
christopher.parrish@thompsonthorntonandbrown.example.com,2026-08-27 22:13:44,No answer,Sales call,ACME-A006332
samantha.reynolds@sloanplc.example.com,2026-08-27 23:26:38,No answer,Sales call,ACME-A006333
zachary.curry@priceatkinsonandcraig.example.com,2026-08-28 00:28:23,Connected,Sales call,ACME-A006334
heidi.price@acostaberry.example.com,2026-08-28 01:06:15,Connected,Sales call,ACME-A006336
april.myers@rosegonzalezandfarmer.example.com,2026-08-28 02:31:23,Left voicemail,Sales call,ACME-A006339
nicole.ford@hernandezlopez.example.com,2026-08-28 03:33:42,No answer,Sales call,ACME-A006340
shari.rodriguez@garciaacostaandlewis.example.com,2026-08-28 03:39:57,Left voicemail,Sales call,ACME-A006341
tina.todd@parkerandsons.example.com,2026-08-28 05:24:30,Left voicemail,Sales call,ACME-A006343
ronald.foster@sloanllc.example.com,2026-08-28 06:34:22,Connected,Sales call,ACME-A006344
robert.silva@rodriguezmcintosh.example.com,2026-08-28 07:04:23,Connected,Sales call,ACME-A006345
ronald.foster@sloanllc.example.com,2026-08-28 09:21:25,No answer,Sales call,ACME-A006349
samuel.jacobson@gonzalezhughesandmeza.example.com,2026-08-28 12:40:30,No answer,Sales call,ACME-A006353
alexander.keith@hernandezmcgeeandatkinso.example.com,2026-08-28 13:16:05,No answer,Sales call,ACME-A006355
rachel.cooper@diazgroup.example.com,2026-08-28 13:23:34,Connected,Sales call,ACME-A006357
gregory.jackson@richardandsons.example.com,2026-08-28 13:36:18,No answer,Sales call,ACME-A006358
tamara.ryan@smithplc.example.com,2026-08-28 14:53:42,No answer,Sales call,ACME-A006361
patricia.morales@millervelasquezandrichar.example.com,2026-08-28 15:01:11,Connected,Sales call,ACME-A006362
nicholas.taylor@huntgibsonandcalhoun.example.com,2026-08-28 15:19:18,Left voicemail,Sales call,ACME-A006363
sabrina.bell@wrightramsey.example.com,2026-08-28 16:39:57,No answer,Sales call,ACME-A006367
william.reese@brighthoover.example.com,2026-08-28 17:07:18,No answer,Sales call,ACME-A006368
kyle.rogers@baileyplc.example.com,2026-08-28 17:44:38,Connected,Sales call,ACME-A006370
michelle.estrada@gomezandsons.example.com,2026-08-28 19:12:04,Left voicemail,Sales call,ACME-A006374
nicholas.powell@greenbuckandrobinson.example.com,2026-08-28 19:12:31,No answer,Sales call,ACME-A006375
christopher.combs@harriscohenandcordova.example.com,2026-08-28 19:33:13,No answer,Sales call,ACME-A006376
john.valenzuela@pughpachecoandrose.example.com,2026-08-28 19:45:52,Left voicemail,Sales call,ACME-A006378
meghan.hartman@westmahoney.example.com,2026-08-28 20:57:40,Connected,Sales call,ACME-A006380
nicholas.powell@greenbuckandrobinson.example.com,2026-08-28 21:59:20,Connected,Sales call,ACME-A006382
ronald.fernandez@watsonsmith.example.com,2026-08-29 00:58:37,Connected,Sales call,ACME-A006385
tamara.ryan@smithplc.example.com,2026-08-29 01:59:46,No answer,Sales call,ACME-A006389
david.huang@baileychambers.example.com,2026-08-29 04:10:57,No answer,Sales call,ACME-A006393
john.conner@rosscooper.example.com,2026-08-29 05:23:22,No answer,Sales call,ACME-A006394
robert.buchanan@richardsonstephens.example.com,2026-08-29 05:45:18,Left voicemail,Sales call,ACME-A006395
ashley.nelson@sanchezllc.example.com,2026-08-29 05:51:28,No answer,Sales call,ACME-A006397
mark.green@bridgesclarkeandgill.example.com,2026-08-29 08:49:15,No answer,Sales call,ACME-A006401
benjamin.esparza@lopezandsons.example.com,2026-08-29 08:50:09,Connected,Sales call,ACME-A006402
samuel.jordan@alvaradomayo.example.com,2026-08-29 09:49:08,No answer,Sales call,ACME-A006404
oscar.hayes@riceplc.example.com,2026-08-29 11:16:37,No answer,Sales call,ACME-A006408
laura.white@mcneilwilliamsandpark.example.com,2026-08-29 12:15:38,No answer,Sales call,ACME-A006409
stephen.soto@bradfordwilsonandnewton.example.com,2026-08-29 12:45:29,No answer,Sales call,ACME-A006410
alexandra.sanchez@rowejohnsonandlarsen.example.com,2026-08-29 13:22:29,Connected,Sales call,ACME-A006411
cynthia.rocha@caldwelljohnsonandayers.example.com,2026-08-29 16:11:49,Left voicemail,Sales call,ACME-A006413
wendy.case@georgeandsons.example.com,2026-08-29 16:16:30,Left voicemail,Sales call,ACME-A006414
tiffany.allen@marquezmiller.example.com,2026-08-29 16:39:48,No answer,Sales call,ACME-A006415
logan.campos@brennangroup.example.com,2026-08-29 17:04:48,Left voicemail,Sales call,ACME-A006416
brittany.warren@figueroasalinasanddaniel.example.com,2026-08-29 18:15:57,No answer,Sales call,ACME-A006419
brandon.velez@tuckerschaefer.example.com,2026-08-29 18:38:29,Left voicemail,Sales call,ACME-A006420
valerie.james@weaverinc.example.com,2026-08-29 19:29:20,Left voicemail,Sales call,ACME-A006421
jaime.sanchez@parksalexanderandjenkins.example.com,2026-08-29 20:25:43,Left voicemail,Sales call,ACME-A006423
helen.morgan@cunninghamgomezandduncan.example.com,2026-08-29 20:31:20,Connected,Sales call,ACME-A006424
savannah.armstrong@harrisgroup.example.com,2026-08-29 22:34:30,Connected,Sales call,ACME-A006425
luke.davis@masonpowell.example.com,2026-08-29 23:55:45,Connected,Sales call,ACME-A006427
curtis.elliott@browninc.example.com,2026-08-30 00:57:19,Left voicemail,Sales call,ACME-A006428
joseph.morris@goodwingregoryandsilva.example.com,2026-08-30 01:46:38,No answer,Sales call,ACME-A006429
john.hall@andersonhamilton.example.com,2026-08-30 02:08:01,No answer,Sales call,ACME-A006430
victoria.sheppard@johnstonplc.example.com,2026-08-30 02:19:26,Connected,Sales call,ACME-A006431
angela.wright@olseninc.example.com,2026-08-30 05:14:00,No answer,Sales call,ACME-A006440
nicole.kelley@schaeferlowery.example.com,2026-08-30 06:02:39,Left voicemail,Sales call,ACME-A006442
nicole.wolfe@alvaradollc.example.com,2026-08-30 06:07:00,Connected,Sales call,ACME-A006443
david.duncan@brennanfisher.example.com,2026-08-30 07:54:46,Connected,Sales call,ACME-A006450
carol.cole@floresryan.example.com,2026-08-30 08:05:53,No answer,Sales call,ACME-A006451
ronald.foster@sloanllc.example.com,2026-08-30 09:58:43,Left voicemail,Sales call,ACME-A006455
wendy.case@georgeandsons.example.com,2026-08-30 10:05:04,No answer,Sales call,ACME-A006457
amy.thomas@booneltd.example.com,2026-08-30 12:19:14,Connected,Sales call,ACME-A006460
adam.adams@perezllc.example.com,2026-08-30 12:27:15,Left voicemail,Sales call,ACME-A006461
sharon.alexander@riversramirez.example.com,2026-08-30 15:50:13,No answer,Sales call,ACME-A006465
barbara.larson@thorntonandsons.example.com,2026-08-30 16:01:57,Connected,Sales call,ACME-A006467
jared.perez@stephensltd.example.com,2026-08-30 16:38:48,Connected,Sales call,ACME-A006469
peter.davis@johnsonmalone.example.com,2026-08-30 17:49:56,Connected,Sales call,ACME-A006471
christine.owens@batesandsons.example.com,2026-08-30 18:11:49,Connected,Sales call,ACME-A006472
andrea.perez@hessjamesandreeves.example.com,2026-08-30 21:05:22,No answer,Sales call,ACME-A006477
kirsten.sullivan@guzmancooperandwade.example.com,2026-08-30 21:42:45,Connected,Sales call,ACME-A006478
cody.spencer@bakerandsons.example.com,2026-08-30 23:59:00,Connected,Sales call,ACME-A006480
john.lawrence@nelsonford.example.com,2026-08-31 06:01:52,No answer,Sales call,ACME-A006494
robert.cooper@jonesguerraandmorris.example.com,2026-08-31 07:45:10,No answer,Sales call,ACME-A006497
brian.johnston@snydersmith.example.com,2026-08-31 07:45:39,Left voicemail,Sales call,ACME-A006498
christine.sullivan@nelsonandsons.example.com,2026-08-31 09:30:12,No answer,Sales call,ACME-A006501
stephanie.reid@smithvaldez.example.com,2026-08-31 09:42:36,Left voicemail,Sales call,ACME-A006503
george.contreras@jamesmarshallandroberts.example.com,2026-08-31 09:49:39,Connected,Sales call,ACME-A006504
logan.campos@brennangroup.example.com,2026-08-31 10:02:59,Connected,Sales call,ACME-A006505
keith.gibson@jordangroup.example.com,2026-08-31 12:49:50,No answer,Sales call,ACME-A006510
dustin.martinez@cookclay.example.com,2026-08-31 14:46:49,No answer,Sales call,ACME-A006515
johnny.brown@butlerltd.example.com,2026-08-31 17:18:02,Connected,Sales call,ACME-A006520
maria.young@clarkgroup.example.com,2026-08-31 17:19:26,Connected,Sales call,ACME-A006521
valerie.james@weaverinc.example.com,2026-08-31 17:36:59,Connected,Sales call,ACME-A006522
sabrina.bell@wrightramsey.example.com,2026-08-31 18:14:42,No answer,Sales call,ACME-A006523
melissa.torres@wadehughes.example.com,2026-08-31 18:33:38,No answer,Sales call,ACME-A006524
katelyn.bolton@mercadohaynesandking.example.com,2026-08-31 19:42:42,Connected,Sales call,ACME-A006527
carla.conway@jonesnguyenandmejia.example.com,2026-08-31 21:10:30,No answer,Sales call,ACME-A006530
melanie.hughes@davisplc.example.com,2026-08-31 21:10:42,No answer,Sales call,ACME-A006531
katelyn.bolton@mercadohaynesandking.example.com,2026-08-31 22:00:49,No answer,Sales call,ACME-A006533
steven.moon@nealwhite.example.com,2026-08-31 22:11:11,Connected,Sales call,ACME-A006534
steven.mitchell@pearsonaguilar.example.com,2026-08-31 22:38:31,Connected,Sales call,ACME-A006535
marc.evans@kempmccoyandguzman.example.com,2026-08-31 23:17:56,No answer,Sales call,ACME-A006536
johnny.wright@mathiscross.example.com,2026-08-31 23:38:55,No answer,Sales call,ACME-A006537
thomas.leonard@brownandsons.example.com,2026-08-31 23:59:29,Connected,Sales call,ACME-A006539
james.jackson@rayandsons.example.com,2026-09-01 00:57:50,No answer,Sales call,ACME-A006540
stephen.soto@bradfordwilsonandnewton.example.com,2026-09-01 02:31:20,No answer,Sales call,ACME-A006542
christine.sullivan@nelsonandsons.example.com,2026-09-01 03:41:32,Connected,Sales call,ACME-A006544
logan.johnston@flynnchandler.example.com,2026-09-01 04:15:30,No answer,Sales call,ACME-A006546
nathan.watkins@petersonnelson.example.com,2026-09-01 06:44:13,Left voicemail,Sales call,ACME-A006549
nicole.kelley@schaeferlowery.example.com,2026-09-01 08:24:50,Connected,Sales call,ACME-A006551
jason.mccullough@wilsonhobbsandgarcia.example.com,2026-09-01 09:59:19,Left voicemail,Sales call,ACME-A006553
jason.parker@wilsonrubioanddaniels.example.com,2026-09-01 10:10:48,No answer,Sales call,ACME-A006554
rhonda.anderson@riveragreen.example.com,2026-09-01 12:09:39,Connected,Sales call,ACME-A006561
craig.hogan@halljames.example.com,2026-09-01 13:15:46,Left voicemail,Sales call,ACME-A006564
lindsay.perez@robinsoninc.example.com,2026-09-01 13:49:11,No answer,Sales call,ACME-A006565
cody.spencer@bakerandsons.example.com,2026-09-01 14:09:32,Left voicemail,Sales call,ACME-A006566
nichole.russell@hillsmithandbrowning.example.com,2026-09-01 14:25:35,No answer,Sales call,ACME-A006568
raymond.travis@hannaandsons.example.com,2026-09-01 15:33:34,No answer,Sales call,ACME-A006570
nathan.hoover@berrywagner.example.com,2026-09-01 17:02:09,No answer,Sales call,ACME-A006574
mason.salinas@schmidtinc.example.com,2026-09-01 17:47:30,Left voicemail,Sales call,ACME-A006576
nathan.padilla@hortonmiller.example.com,2026-09-01 18:01:47,Connected,Sales call,ACME-A006577
dustin.graves@tuckermiller.example.com,2026-09-01 18:47:53,Left voicemail,Sales call,ACME-A006578
luis.perez@careyltd.example.com,2026-09-01 19:16:48,No answer,Sales call,ACME-A006579
katelyn.bolton@mercadohaynesandking.example.com,2026-09-01 19:36:17,Connected,Sales call,ACME-A006581
gregory.ramirez@parkergroup.example.com,2026-09-01 21:45:20,Connected,Sales call,ACME-A006585
stephen.soto@bradfordwilsonandnewton.example.com,2026-09-01 21:58:52,Connected,Sales call,ACME-A006586
william.branch@gonzalezmasonandharris.example.com,2026-09-01 22:48:35,Left voicemail,Sales call,ACME-A006588
heather.wallace@jamesbowenandsmith.example.com,2026-09-02 00:10:36,No answer,Sales call,ACME-A006590
stephanie.moran@fowlerwilliamsanddavis.example.com,2026-09-02 00:33:01,Connected,Sales call,ACME-A006591
steven.bennett@ballcalderon.example.com,2026-09-02 00:41:03,Connected,Sales call,ACME-A006594
raymond.travis@hannaandsons.example.com,2026-09-02 04:14:32,Connected,Sales call,ACME-A006595
dustin.craig@fryandsons.example.com,2026-09-02 04:17:22,Connected,Sales call,ACME-A006596
heather.brady@williamsinc.example.com,2026-09-02 05:46:07,Left voicemail,Sales call,ACME-A006600
steven.moon@nealwhite.example.com,2026-09-02 06:31:45,Connected,Sales call,ACME-A006602
william.reid@jordanandsons.example.com,2026-09-02 09:28:10,No answer,Sales call,ACME-A006604
valerie.james@weaverinc.example.com,2026-09-02 11:17:37,Left voicemail,Sales call,ACME-A006608
katrina.burton@perryrichardson.example.com,2026-09-02 11:25:54,No answer,Sales call,ACME-A006609
jessica.cook@bullockbrownandmartin.example.com,2026-09-02 11:35:53,Left voicemail,Sales call,ACME-A006610
kayla.harris@barrsanchez.example.com,2026-09-02 11:37:13,Connected,Sales call,ACME-A006611
alicia.foster@martinjordananddavis.example.com,2026-09-02 12:56:41,No answer,Sales call,ACME-A006615
adam.stuart@duncanmoore.example.com,2026-09-02 14:41:43,No answer,Sales call,ACME-A006618
mary.moore@huynhdavisandramos.example.com,2026-09-02 15:53:54,No answer,Sales call,ACME-A006622
anna.rodriguez@johnsonpittmananddouglas.example.com,2026-09-02 16:24:24,Connected,Sales call,ACME-A006623
danielle.blackburn@brownllc.example.com,2026-09-02 16:27:19,No answer,Sales call,ACME-A006624
dustin.martinez@cookclay.example.com,2026-09-02 17:19:45,Connected,Sales call,ACME-A006626
bryan.simmons@jimenezporter.example.com,2026-09-02 17:52:59,Left voicemail,Sales call,ACME-A006627
morgan.ortega@cantuhigginsandtrevino.example.com,2026-09-02 18:56:50,Connected,Sales call,ACME-A006630
andrea.harvey@colellc.example.com,2026-09-02 19:52:59,Left voicemail,Sales call,ACME-A006631
kirsten.sullivan@guzmancooperandwade.example.com,2026-09-02 19:53:02,No answer,Sales call,ACME-A006632
jeremy.cain@jacobsllc.example.com,2026-09-02 20:00:08,Left voicemail,Sales call,ACME-A006633
devon.clark@riddlesmithandmay.example.com,2026-09-02 20:04:32,Connected,Sales call,ACME-A006634
matthew.velez@huffllc.example.com,2026-09-02 20:43:03,Connected,Sales call,ACME-A006635
christina.robinson@wrightllc.example.com,2026-09-02 20:48:27,No answer,Sales call,ACME-A006636
ashley.williams@hunterabbottandmurillo.example.com,2026-09-02 21:50:52,No answer,Sales call,ACME-A006637
anthony.thompson@flowersltd.example.com,2026-09-02 22:30:30,No answer,Sales call,ACME-A006638
krystal.hoffman@thompsonmartinez.example.com,2026-09-02 22:33:50,Connected,Sales call,ACME-A006639
miranda.clark@davisjohnston.example.com,2026-09-02 23:50:53,Left voicemail,Sales call,ACME-A006640
jason.parker@wilsonrubioanddaniels.example.com,2026-09-03 01:09:09,No answer,Sales call,ACME-A006642
veronica.henson@kochcastro.example.com,2026-09-03 01:51:56,Left voicemail,Sales call,ACME-A006643
david.mason@cruzllc.example.com,2026-09-03 02:03:03,Connected,Sales call,ACME-A006644
dennis.flores@williamsgroup.example.com,2026-09-03 02:59:52,No answer,Sales call,ACME-A006647
jared.perez@stephensltd.example.com,2026-09-03 03:12:05,Connected,Sales call,ACME-A006648
nancy.stephens@bennettmartinandanderson.example.com,2026-09-03 03:13:36,Left voicemail,Sales call,ACME-A006649
benjamin.esparza@lopezandsons.example.com,2026-09-03 03:49:19,No answer,Sales call,ACME-A006650
mason.salinas@schmidtinc.example.com,2026-09-03 04:07:51,No answer,Sales call,ACME-A006653
benjamin.esparza@lopezandsons.example.com,2026-09-03 04:46:45,No answer,Sales call,ACME-A006654
james.morales@scottespinozaandnelson.example.com,2026-09-03 05:05:06,Connected,Sales call,ACME-A006655
katelyn.bolton@mercadohaynesandking.example.com,2026-09-03 06:19:29,No answer,Sales call,ACME-A006656
daniel.reed@sanchezjones.example.com,2026-09-03 06:20:33,No answer,Sales call,ACME-A006657
veronica.henson@kochcastro.example.com,2026-09-03 09:38:15,No answer,Sales call,ACME-A006662
chelsea.lopez@townsendmontesandmorriso.example.com,2026-09-03 10:24:21,Connected,Sales call,ACME-A006663
scott.charles@whiteroachandfischer.example.com,2026-09-03 10:51:37,Connected,Sales call,ACME-A006664
john.fletcher@deanzimmermanandgray.example.com,2026-09-03 11:03:48,Left voicemail,Sales call,ACME-A006665
christopher.davis@phillipsandsons.example.com,2026-09-03 12:05:39,Connected,Sales call,ACME-A006670
james.morales@scottespinozaandnelson.example.com,2026-09-03 12:35:11,Connected,Sales call,ACME-A006672
steven.tran@chaneyltd.example.com,2026-09-03 14:11:45,Connected,Sales call,ACME-A006676
christopher.harmon@toddfloydandacosta.example.com,2026-09-03 15:31:25,Left voicemail,Sales call,ACME-A006679
andrew.gardner@duransmithandpalmer.example.com,2026-09-03 16:30:26,No answer,Sales call,ACME-A006681
christie.munoz@mayinc.example.com,2026-09-03 17:25:11,Connected,Sales call,ACME-A006682
melissa.fowler@camachoholland.example.com,2026-09-03 18:06:20,Connected,Sales call,ACME-A006684
richard.kelley@foxdunn.example.com,2026-09-03 18:46:55,Left voicemail,Sales call,ACME-A006687
william.medina@jonesgroup.example.com,2026-09-03 18:49:53,Left voicemail,Sales call,ACME-A006688
jessica.colon@martinezplc.example.com,2026-09-03 19:43:04,No answer,Sales call,ACME-A006689
james.hicks@navarrollc.example.com,2026-09-03 21:06:55,Connected,Sales call,ACME-A006690
mary.simmons@mooremccallandroberts.example.com,2026-09-03 21:40:55,Connected,Sales call,ACME-A006691
antonio.hale@millermayer.example.com,2026-09-03 22:19:53,No answer,Sales call,ACME-A006694
wayne.ellis@greenebradfordandwalker.example.com,2026-09-03 22:49:49,No answer,Sales call,ACME-A006697
sharon.alexander@riversramirez.example.com,2026-09-03 23:03:45,No answer,Sales call,ACME-A006699
jacob.adams@steeleevans.example.com,2026-09-04 00:13:28,Left voicemail,Sales call,ACME-A006700
michael.collins@martinezltd.example.com,2026-09-04 00:50:16,No answer,Sales call,ACME-A006701
michael.davis@hallltd.example.com,2026-09-04 02:28:35,No answer,Sales call,ACME-A006702
robert.morgan@torressmithandjones.example.com,2026-09-04 04:25:42,Left voicemail,Sales call,ACME-A006706
patricia.oliver@atkinsoneverett.example.com,2026-09-04 06:56:30,Left voicemail,Sales call,ACME-A006710
brandon.velez@tuckerschaefer.example.com,2026-09-04 09:09:48,Left voicemail,Sales call,ACME-A006713
julie.ballard@leeburnettandharris.example.com,2026-09-04 09:44:54,No answer,Sales call,ACME-A006714
andrew.gardner@duransmithandpalmer.example.com,2026-09-04 11:50:15,Left voicemail,Sales call,ACME-A006716
george.contreras@jamesmarshallandroberts.example.com,2026-09-04 12:05:28,No answer,Sales call,ACME-A006718
todd.daniels@rogersandsons.example.com,2026-09-04 12:21:51,Connected,Sales call,ACME-A006719
heidi.wong@leemitchellandgrant.example.com,2026-09-04 13:23:21,No answer,Sales call,ACME-A006720
sherry.delacruz@armstrongmooreandyoung.example.com,2026-09-04 15:37:12,Connected,Sales call,ACME-A006725
jennifer.brown@chenandsons.example.com,2026-09-04 15:46:34,Left voicemail,Sales call,ACME-A006726
heather.lawson@francisjohnson.example.com,2026-09-04 15:53:29,Left voicemail,Sales call,ACME-A006727
sara.holder@sheppardbrowningandhamil.example.com,2026-09-04 16:03:40,No answer,Sales call,ACME-A006729
erin.hamilton@marshalleverett.example.com,2026-09-04 16:20:47,No answer,Sales call,ACME-A006730
christopher.mendez@morrisfigueroa.example.com,2026-09-04 16:20:55,No answer,Sales call,ACME-A006731
gregory.jackson@richardandsons.example.com,2026-09-04 17:16:32,Left voicemail,Sales call,ACME-A006733
kimberly.osborne@sellersltd.example.com,2026-09-04 17:57:22,Connected,Sales call,ACME-A006735
victoria.sheppard@johnstonplc.example.com,2026-09-04 18:59:08,Left voicemail,Sales call,ACME-A006736
carla.page@dominguezllc.example.com,2026-09-04 18:59:15,No answer,Sales call,ACME-A006737
traci.flores@stewartmurray.example.com,2026-09-04 19:24:37,Connected,Sales call,ACME-A006738
adrienne.wallace@wilsonllc.example.com,2026-09-04 20:20:54,Connected,Sales call,ACME-A006740
terri.houston@johnsongroup.example.com,2026-09-04 20:23:19,No answer,Sales call,ACME-A006741
james.crawford@henryinc.example.com,2026-09-04 20:50:32,Connected,Sales call,ACME-A006742
brian.jackson@rodriguezbarkerandcarter.example.com,2026-09-04 21:28:04,Left voicemail,Sales call,ACME-A006744
nicole.wolfe@alvaradollc.example.com,2026-09-04 22:43:16,Connected,Sales call,ACME-A006746
joanne.velez@mcclurewolf.example.com,2026-09-04 22:59:50,Left voicemail,Sales call,ACME-A006748
anthony.thompson@flowersltd.example.com,2026-09-04 23:56:56,Left voicemail,Sales call,ACME-A006751
shari.rodriguez@garciaacostaandlewis.example.com,2026-09-05 01:49:01,Connected,Sales call,ACME-A006753
karen.jones@arellanobrooksandlong.example.com,2026-09-05 02:41:49,Connected,Sales call,ACME-A006755
michael.davis@hallltd.example.com,2026-09-05 03:20:19,Connected,Sales call,ACME-A006756
jennifer.johnson@carpenterharvey.example.com,2026-09-05 05:01:57,Connected,Sales call,ACME-A006759
misty.murray@mercadoferguson.example.com,2026-09-05 05:15:43,No answer,Sales call,ACME-A006760
lisa.daniel@jordanespinozaandarmstro.example.com,2026-09-05 05:36:17,No answer,Sales call,ACME-A006762
kimberly.osborne@sellersltd.example.com,2026-09-05 06:07:40,Connected,Sales call,ACME-A006764
eric.mendoza@johnsonalexander.example.com,2026-09-05 07:09:18,No answer,Sales call,ACME-A006768
christie.munoz@mayinc.example.com,2026-09-05 08:34:51,No answer,Sales call,ACME-A006769
lisa.torres@martinandsons.example.com,2026-09-05 08:44:38,Connected,Sales call,ACME-A006770
rachel.pacheco@parkerjohnson.example.com,2026-09-05 09:05:17,Connected,Sales call,ACME-A006771
derek.white@garciaplc.example.com,2026-09-05 09:43:55,Connected,Sales call,ACME-A006772
christine.jones@hernandezjacksonandhill.example.com,2026-09-05 10:00:50,Left voicemail,Sales call,ACME-A006773
dylan.warren@aguilarltd.example.com,2026-09-05 10:52:32,Connected,Sales call,ACME-A006774
shirley.douglas@rogershamiltonandsmith.example.com,2026-09-05 11:21:19,No answer,Sales call,ACME-A006776
elizabeth.foster@holtmiller.example.com,2026-09-05 11:58:42,Left voicemail,Sales call,ACME-A006778
paul.crawford@rodriguezandsons.example.com,2026-09-05 12:05:03,Left voicemail,Sales call,ACME-A006779
jose.moreno@rodriguezbutlerandchase.example.com,2026-09-05 12:27:11,Left voicemail,Sales call,ACME-A006781
keith.cantu@alexanderdougherty.example.com,2026-09-05 13:06:41,No answer,Sales call,ACME-A006782
debbie.johnson@farmergroup.example.com,2026-09-05 13:48:53,Left voicemail,Sales call,ACME-A006783
devon.clark@riddlesmithandmay.example.com,2026-09-05 16:06:59,Left voicemail,Sales call,ACME-A006784
kristin.taylor@jacksongravesandjames.example.com,2026-09-05 16:12:59,Connected,Sales call,ACME-A006785
eric.vasquez@kempdukeandkim.example.com,2026-09-05 19:57:35,No answer,Sales call,ACME-A006787
nicholas.peck@chaveztorresandruiz.example.com,2026-09-05 20:38:59,Left voicemail,Sales call,ACME-A006788
james.jackson@rayandsons.example.com,2026-09-05 20:42:31,Connected,Sales call,ACME-A006789
ryan.hawkins@jacobsstanleyandmurphy.example.com,2026-09-05 21:22:24,Left voicemail,Sales call,ACME-A006790
eric.mendoza@johnsonalexander.example.com,2026-09-05 21:33:04,Left voicemail,Sales call,ACME-A006791
sarah.austin@coxhallandhunt.example.com,2026-09-05 22:11:29,No answer,Sales call,ACME-A006793
george.contreras@jamesmarshallandroberts.example.com,2026-09-06 01:10:50,Left voicemail,Sales call,ACME-A006795
melvin.brock@thomasmooreandwright.example.com,2026-09-06 03:00:36,Left voicemail,Sales call,ACME-A006797
christopher.kramer@reedcarlsonandryan.example.com,2026-09-06 04:46:47,No answer,Sales call,ACME-A006801
joseph.morris@goodwingregoryandsilva.example.com,2026-09-06 04:55:00,No answer,Sales call,ACME-A006802
kristen.lopez@milesltd.example.com,2026-09-06 09:57:59,Left voicemail,Sales call,ACME-A006810
anita.obrien@masseylee.example.com,2026-09-06 09:58:14,Connected,Sales call,ACME-A006811
tracy.foster@gallaghergroup.example.com,2026-09-06 10:57:08,Connected,Sales call,ACME-A006813
kelly.johnson@livingstonallenandshaw.example.com,2026-09-06 11:43:10,No answer,Sales call,ACME-A006816
keith.gibson@jordangroup.example.com,2026-09-06 11:44:31,Left voicemail,Sales call,ACME-A006817
natalie.collins@clarkpaulandjackson.example.com,2026-09-06 14:26:09,Left voicemail,Sales call,ACME-A006820
todd.daniels@rogersandsons.example.com,2026-09-06 15:08:25,Connected,Sales call,ACME-A006821
jeffrey.walker@galvanltd.example.com,2026-09-06 15:27:48,Connected,Sales call,ACME-A006822
cindy.pugh@garciallc.example.com,2026-09-06 17:09:18,No answer,Sales call,ACME-A006826
gary.little@harmoncook.example.com,2026-09-06 17:28:37,No answer,Sales call,ACME-A006827
sarah.maxwell@baxtercasey.example.com,2026-09-06 19:27:17,Connected,Sales call,ACME-A006829
juan.mccoy@ayalahallandsmith.example.com,2026-09-06 19:42:53,No answer,Sales call,ACME-A006830
steven.diaz@schwartzlutzandcook.example.com,2026-09-06 23:38:59,No answer,Sales call,ACME-A006837
christopher.sanders@smithgarciaandvelez.example.com,2026-09-07 00:00:10,Left voicemail,Sales call,ACME-A006838
samantha.mann@thomasplc.example.com,2026-09-07 02:07:39,Connected,Sales call,ACME-A006841
alyssa.osborn@lewisbrandtandholt.example.com,2026-09-07 02:46:09,No answer,Sales call,ACME-A006842
andrea.mckinney@morenomassey.example.com,2026-09-07 05:35:46,Connected,Sales call,ACME-A006844
shannon.williams@wilkinsongibsonandcarter.example.com,2026-09-07 07:37:49,No answer,Sales call,ACME-A006845
angela.bailey@ramosbarajas.example.com,2026-09-07 08:18:06,Connected,Sales call,ACME-A006846
scott.hinton@keynguyenandhopkins.example.com,2026-09-07 11:30:22,No answer,Sales call,ACME-A006854
cindy.cherry@andrewspeterson.example.com,2026-09-07 11:39:45,Connected,Sales call,ACME-A006855
joe.johnson@greengreerandjohnson.example.com,2026-09-07 12:45:49,Left voicemail,Sales call,ACME-A006857
chad.winters@chambersgroup.example.com,2026-09-07 13:08:35,Left voicemail,Sales call,ACME-A006858
natalie.murphy@thompsonjones.example.com,2026-09-07 14:04:38,Left voicemail,Sales call,ACME-A006859
valerie.james@weaverinc.example.com,2026-09-07 14:15:28,Connected,Sales call,ACME-A006860
dennis.flores@williamsgroup.example.com,2026-09-07 14:23:01,No answer,Sales call,ACME-A006861
valerie.james@weaverinc.example.com,2026-09-07 14:42:00,Connected,Sales call,ACME-A006863
brittany.white@boylenormanandwilliams.example.com,2026-09-07 15:01:02,Connected,Sales call,ACME-A006864
patricia.morales@millervelasquezandrichar.example.com,2026-09-07 15:15:12,Connected,Sales call,ACME-A006866
christopher.mendez@morrisfigueroa.example.com,2026-09-07 15:15:57,No answer,Sales call,ACME-A006867
craig.hogan@halljames.example.com,2026-09-07 15:25:56,No answer,Sales call,ACME-A006868
lisa.powers@guerreroallenandbyrd.example.com,2026-09-07 15:59:04,No answer,Sales call,ACME-A006869
james.jones@lewissparksandsmith.example.com,2026-09-07 18:21:10,Connected,Sales call,ACME-A006871
bianca.lee@turneranderson.example.com,2026-09-07 18:52:29,Left voicemail,Sales call,ACME-A006872
michael.bryant@weaverevans.example.com,2026-09-07 19:08:14,Connected,Sales call,ACME-A006873
michael.ryan@taylorcherryandrocha.example.com,2026-09-07 19:47:15,No answer,Sales call,ACME-A006875
james.flores@millerfullerandortiz.example.com,2026-09-07 20:08:28,Left voicemail,Sales call,ACME-A006876
hannah.taylor@rangelinc.example.com,2026-09-07 21:12:38,Left voicemail,Sales call,ACME-A006879
micheal.macias@thomasbrooks.example.com,2026-09-07 22:27:51,Connected,Sales call,ACME-A006880
nichole.russell@hillsmithandbrowning.example.com,2026-09-07 22:54:39,No answer,Sales call,ACME-A006881
katelyn.bolton@mercadohaynesandking.example.com,2026-09-07 22:59:59,No answer,Sales call,ACME-A006882
johnny.brown@butlerltd.example.com,2026-09-07 23:21:13,No answer,Sales call,ACME-A006883
stacy.reyes@hallinc.example.com,2026-09-07 23:27:43,Left voicemail,Sales call,ACME-A006884
julie.adams@williamsjackson.example.com,2026-09-07 23:54:18,Connected,Sales call,ACME-A006885
david.maynard@holmeswolf.example.com,2026-09-08 01:57:41,No answer,Sales call,ACME-A006887
kirsten.sullivan@guzmancooperandwade.example.com,2026-09-08 02:57:02,Left voicemail,Sales call,ACME-A006889
james.watkins@tuckercrawfordandhorton.example.com,2026-09-08 04:35:53,Left voicemail,Sales call,ACME-A006890
krystal.hoffman@thompsonmartinez.example.com,2026-09-08 04:59:03,Connected,Sales call,ACME-A006891
carla.king@hillevans.example.com,2026-09-08 07:10:41,No answer,Sales call,ACME-A006895
lisa.frederick@robersoncompton.example.com,2026-09-08 07:32:27,Connected,Sales call,ACME-A006896
jesse.pitts@morrisfloresandbrown.example.com,2026-09-08 09:42:23,Connected,Sales call,ACME-A006898
anita.obrien@masseylee.example.com,2026-09-08 09:43:58,No answer,Sales call,ACME-A006899
alexis.avery@carterthomas.example.com,2026-09-08 10:11:39,Left voicemail,Sales call,ACME-A006901
james.watkins@tuckercrawfordandhorton.example.com,2026-09-08 10:24:10,Connected,Sales call,ACME-A006902
dana.anderson@hernandezharris.example.com,2026-09-08 13:14:30,No answer,Sales call,ACME-A006904
heidi.price@acostaberry.example.com,2026-09-08 13:34:33,Connected,Sales call,ACME-A006905
ronald.adams@charlesstevens.example.com,2026-09-08 13:42:47,No answer,Sales call,ACME-A006906
nancy.allen@mitchellandsons.example.com,2026-09-08 15:46:24,No answer,Sales call,ACME-A006909
william.medina@jonesgroup.example.com,2026-09-08 15:54:33,Left voicemail,Sales call,ACME-A006910
victoria.henderson@floresbryant.example.com,2026-09-08 15:55:43,No answer,Sales call,ACME-A006911
elizabeth.hughes@hermanjensen.example.com,2026-09-08 16:13:38,Left voicemail,Sales call,ACME-A006912
ryan.ball@garciashawandlopez.example.com,2026-09-08 18:11:21,Left voicemail,Sales call,ACME-A006914
keith.brooks@molinagroup.example.com,2026-09-08 18:17:20,Connected,Sales call,ACME-A006915
michael.boyd@alvaradorossandsmith.example.com,2026-09-08 19:03:24,No answer,Sales call,ACME-A006918
teresa.stewart@millerscott.example.com,2026-09-08 19:09:12,No answer,Sales call,ACME-A006919
richard.kelley@foxdunn.example.com,2026-09-08 20:06:00,Connected,Sales call,ACME-A006921
jeffery.serrano@richardsonandsons.example.com,2026-09-08 20:36:18,Connected,Sales call,ACME-A006923
angela.bailey@ramosbarajas.example.com,2026-09-08 21:48:56,Left voicemail,Sales call,ACME-A006924
marc.howe@castillollc.example.com,2026-09-08 22:38:23,Connected,Sales call,ACME-A006925
ruben.adkins@kellygordonandyoung.example.com,2026-09-08 22:43:05,Connected,Sales call,ACME-A006926
lee.thomas@finleyjohnsonandsmith.example.com,2026-09-09 00:04:11,Left voicemail,Sales call,ACME-A006929
jacob.russo@turnernelson.example.com,2026-09-09 01:02:36,Left voicemail,Sales call,ACME-A006931
jacob.lewis@millshuntandbell.example.com,2026-09-09 01:18:43,Left voicemail,Sales call,ACME-A006932
brandon.fox@mosswelchandbrown.example.com,2026-09-09 02:02:19,Connected,Sales call,ACME-A006933
stephanie.moran@fowlerwilliamsanddavis.example.com,2026-09-09 05:54:29,Connected,Sales call,ACME-A006941
anita.obrien@masseylee.example.com,2026-09-09 09:26:23,Connected,Sales call,ACME-A006945
cindy.cherry@andrewspeterson.example.com,2026-09-09 10:35:38,No answer,Sales call,ACME-A006947
tanya.fuller@martinroberts.example.com,2026-09-09 11:22:38,Connected,Sales call,ACME-A006949
maria.sanchez@bushplc.example.com,2026-09-09 11:54:07,Left voicemail,Sales call,ACME-A006953
renee.david@evansbartlett.example.com,2026-09-09 12:09:14,Left voicemail,Sales call,ACME-A006954
christopher.sanders@smithgarciaandvelez.example.com,2026-09-09 12:11:07,Connected,Sales call,ACME-A006955
christian.serrano@stanleysmithandporter.example.com,2026-09-09 12:35:22,Connected,Sales call,ACME-A006956
danielle.waters@danielsyoungandmayer.example.com,2026-09-09 12:39:54,Connected,Sales call,ACME-A006957
richard.morgan@murphyclarkandduncan.example.com,2026-09-09 14:32:14,No answer,Sales call,ACME-A006961
peter.weaver@mcdonaldfletcherandsmith.example.com,2026-09-09 14:43:19,Connected,Sales call,ACME-A006962
james.tran@roachandsons.example.com,2026-09-09 15:09:48,No answer,Sales call,ACME-A006964
bianca.lee@turneranderson.example.com,2026-09-09 15:30:40,No answer,Sales call,ACME-A006966
heather.lawson@francisjohnson.example.com,2026-09-09 15:31:41,Connected,Sales call,ACME-A006967
alice.davis@suttonltd.example.com,2026-09-09 16:30:12,Left voicemail,Sales call,ACME-A006969
nicholas.weber@blackwellfisher.example.com,2026-09-09 16:45:21,Connected,Sales call,ACME-A006970
cindy.cherry@andrewspeterson.example.com,2026-09-09 16:46:48,No answer,Sales call,ACME-A006971
antonio.hale@millermayer.example.com,2026-09-09 16:48:42,Left voicemail,Sales call,ACME-A006972
marissa.payne@wattsblake.example.com,2026-09-09 18:06:41,Left voicemail,Sales call,ACME-A006974
matthew.velez@huffllc.example.com,2026-09-09 18:09:01,Connected,Sales call,ACME-A006975
jeffery.kramer@nelsonlopez.example.com,2026-09-09 18:17:43,No answer,Sales call,ACME-A006976
isaac.strickland@perezhatfieldandhunt.example.com,2026-09-09 19:12:13,No answer,Sales call,ACME-A006979
jessica.cook@bullockbrownandmartin.example.com,2026-09-09 19:23:30,No answer,Sales call,ACME-A006980
raymond.crane@burnsnelson.example.com,2026-09-09 19:28:01,No answer,Sales call,ACME-A006981
james.morales@scottespinozaandnelson.example.com,2026-09-09 21:25:33,No answer,Sales call,ACME-A006984
stephanie.rodgers@littleandsons.example.com,2026-09-09 22:04:41,No answer,Sales call,ACME-A006985
william.medina@jonesgroup.example.com,2026-09-09 22:25:00,Connected,Sales call,ACME-A006986
laura.walker@millergreenandwilkins.example.com,2026-09-09 22:36:17,Connected,Sales call,ACME-A006988
james.rice@brownhouston.example.com,2026-09-10 00:53:46,Connected,Sales call,ACME-A006991
matthew.hernandez@steelewatson.example.com,2026-09-10 00:53:47,Left voicemail,Sales call,ACME-A006992
cristina.mendoza@riceperez.example.com,2026-09-10 01:14:37,Left voicemail,Sales call,ACME-A006994
kevin.johnson@quinnriveraandmcknight.example.com,2026-09-10 01:52:50,Left voicemail,Sales call,ACME-A006995
kimberly.carter@davissanchez.example.com,2026-09-10 02:44:51,Left voicemail,Sales call,ACME-A006996
samantha.mann@thomasplc.example.com,2026-09-10 03:21:11,No answer,Sales call,ACME-A006997
molly.ryan@smithperezandcross.example.com,2026-09-10 04:52:03,No answer,Sales call,ACME-A006998
brian.gutierrez@rodriguezltd.example.com,2026-09-10 05:36:10,No answer,Sales call,ACME-A007001
adam.adams@perezllc.example.com,2026-09-10 05:46:07,Left voicemail,Sales call,ACME-A007002
ryan.hawkins@jacobsstanleyandmurphy.example.com,2026-09-10 06:39:46,Left voicemail,Sales call,ACME-A007004
jessica.cook@bullockbrownandmartin.example.com,2026-09-10 07:03:54,No answer,Sales call,ACME-A007006
desiree.solomon@smithcrawford.example.com,2026-09-10 09:09:53,Connected,Sales call,ACME-A007008
kerri.johnson@dukejonesandwilson.example.com,2026-09-10 10:41:15,No answer,Sales call,ACME-A007010
nicholas.thomas@garzathomas.example.com,2026-09-10 11:23:44,No answer,Sales call,ACME-A007013
lisa.frederick@robersoncompton.example.com,2026-09-10 11:57:16,Connected,Sales call,ACME-A007014
heather.wells@larallc.example.com,2026-09-10 14:05:17,Left voicemail,Sales call,ACME-A007015
kelli.johnson@livingstonbenton.example.com,2026-09-10 14:26:25,Left voicemail,Sales call,ACME-A007016
alexandra.anderson@caldwellhernandez.example.com,2026-09-10 14:51:27,Connected,Sales call,ACME-A007018
oscar.casey@wellsturner.example.com,2026-09-10 15:46:00,No answer,Sales call,ACME-A007023
jacob.carter@harveyinc.example.com,2026-09-10 16:18:02,Left voicemail,Sales call,ACME-A007026
carol.cole@floresryan.example.com,2026-09-10 16:28:20,Connected,Sales call,ACME-A007027
chelsea.mitchell@lawrencemortonandgarza.example.com,2026-09-10 18:26:37,No answer,Sales call,ACME-A007030
allison.williams@pattersonharrisonandcoll.example.com,2026-09-10 20:25:25,No answer,Sales call,ACME-A007032
thomas.leonard@brownandsons.example.com,2026-09-10 21:31:29,Connected,Sales call,ACME-A007035
robert.morgan@hickskerrandmullins.example.com,2026-09-10 22:00:04,Left voicemail,Sales call,ACME-A007038
matthew.hernandez@carrplc.example.com,2026-09-10 22:09:43,Connected,Sales call,ACME-A007039
david.mason@cruzllc.example.com,2026-09-10 23:07:05,Left voicemail,Sales call,ACME-A007041
alice.davis@suttonltd.example.com,2026-09-10 23:21:39,Connected,Sales call,ACME-A007042
kristin.taylor@jacksongravesandjames.example.com,2026-09-10 23:39:11,No answer,Sales call,ACME-A007043
dana.anderson@hernandezharris.example.com,2026-09-10 23:48:46,Connected,Sales call,ACME-A007044
marc.howe@castillollc.example.com,2026-09-10 23:59:25,No answer,Sales call,ACME-A007045
robert.schneider@alvaradosilva.example.com,2026-09-11 01:26:55,No answer,Sales call,ACME-A007046
kristen.payne@rowlandltd.example.com,2026-09-11 02:45:22,Connected,Sales call,ACME-A007049
cynthia.rocha@caldwelljohnsonandayers.example.com,2026-09-11 03:10:40,No answer,Sales call,ACME-A007050
sarah.austin@coxhallandhunt.example.com,2026-09-11 03:20:05,Connected,Sales call,ACME-A007051
derek.white@garciaplc.example.com,2026-09-11 05:32:21,Connected,Sales call,ACME-A007052
kyle.rogers@baileyplc.example.com,2026-09-11 05:55:38,No answer,Sales call,ACME-A007053
ellen.evans@vaughanvega.example.com,2026-09-11 07:50:23,Left voicemail,Sales call,ACME-A007057
james.tran@roachandsons.example.com,2026-09-11 08:41:34,Left voicemail,Sales call,ACME-A007060
micheal.macias@thomasbrooks.example.com,2026-09-11 08:51:07,Left voicemail,Sales call,ACME-A007061
marc.flores@irwinfosterandcardenas.example.com,2026-09-11 09:11:51,Connected,Sales call,ACME-A007062
tina.martinez@juareztate.example.com,2026-09-11 09:41:15,Connected,Sales call,ACME-A007065
laura.white@mcneilwilliamsandpark.example.com,2026-09-11 09:43:08,Connected,Sales call,ACME-A007066
cynthia.taylor@trevinoltd.example.com,2026-09-11 10:23:15,Connected,Sales call,ACME-A007068
hannah.taylor@rangelinc.example.com,2026-09-11 10:48:57,Left voicemail,Sales call,ACME-A007069
tammy.smith@parkroman.example.com,2026-09-11 11:31:48,No answer,Sales call,ACME-A007073
melody.santos@greerolsonandblake.example.com,2026-09-11 11:59:01,No answer,Sales call,ACME-A007075
ellen.evans@vaughanvega.example.com,2026-09-11 12:38:04,Left voicemail,Sales call,ACME-A007076
luis.mills@johnsonandsons.example.com,2026-09-11 15:14:21,Left voicemail,Sales call,ACME-A007078
john.odom@crossdanielsandcallahan.example.com,2026-09-11 15:27:32,Connected,Sales call,ACME-A007079
ryan.ball@garciashawandlopez.example.com,2026-09-11 16:20:10,No answer,Sales call,ACME-A007083
william.arnold@lynchthomas.example.com,2026-09-11 18:35:54,No answer,Sales call,ACME-A007092
brandy.coleman@mcintyreallen.example.com,2026-09-11 19:44:01,No answer,Sales call,ACME-A007095
erik.scott@walkermurphyandyoung.example.com,2026-09-11 20:12:57,Left voicemail,Sales call,ACME-A007096
michael.adams@hernandezedwardsandharri.example.com,2026-09-11 21:28:53,Left voicemail,Sales call,ACME-A007099
lisa.rios@paynerandolph.example.com,2026-09-11 23:33:06,Connected,Sales call,ACME-A007100
valerie.james@weaverinc.example.com,2026-09-11 23:41:12,Connected,Sales call,ACME-A007101
alexander.moore@coleinc.example.com,2026-09-12 01:02:03,No answer,Sales call,ACME-A007102
alexis.johnson@gallagherhollowayandsnyd.example.com,2026-09-12 05:39:19,Left voicemail,Sales call,ACME-A007105
paul.chan@hernandezclarke.example.com,2026-09-12 06:12:28,No answer,Sales call,ACME-A007106
theresa.white@rossclark.example.com,2026-09-12 06:55:58,Connected,Sales call,ACME-A007107
carrie.gregory@mendozaltd.example.com,2026-09-12 09:00:55,Left voicemail,Sales call,ACME-A007109
laura.white@mcneilwilliamsandpark.example.com,2026-09-12 11:00:25,Connected,Sales call,ACME-A007110
lance.fox@spencesharp.example.com,2026-09-12 11:28:14,Connected,Sales call,ACME-A007112
johnny.brown@butlerltd.example.com,2026-09-12 13:48:52,Left voicemail,Sales call,ACME-A007114
brandy.coleman@mcintyreallen.example.com,2026-09-12 16:50:20,No answer,Sales call,ACME-A007117
brandon.martinez@mcdanielgroup.example.com,2026-09-12 17:23:07,Left voicemail,Sales call,ACME-A007118
brandon.fox@mosswelchandbrown.example.com,2026-09-12 18:25:38,Connected,Sales call,ACME-A007121
rachel.pacheco@parkerjohnson.example.com,2026-09-12 19:44:39,No answer,Sales call,ACME-A007124
michael.adams@hernandezedwardsandharri.example.com,2026-09-12 19:48:14,Connected,Sales call,ACME-A007125
cindy.pugh@garciallc.example.com,2026-09-12 19:53:59,Connected,Sales call,ACME-A007126
angela.martin@smithkellyandjones.example.com,2026-09-12 20:47:34,Connected,Sales call,ACME-A007128
adrienne.wallace@wilsonllc.example.com,2026-09-12 21:36:32,Connected,Sales call,ACME-A007129
kimberly.osborne@sellersltd.example.com,2026-09-12 21:48:47,Left voicemail,Sales call,ACME-A007130
karen.clark@warrenltd.example.com,2026-09-12 21:59:11,No answer,Sales call,ACME-A007131
laura.mills@robertsongarza.example.com,2026-09-12 22:04:35,Left voicemail,Sales call,ACME-A007132
steven.tran@chaneyltd.example.com,2026-09-13 01:21:06,No answer,Sales call,ACME-A007137
natalie.collins@clarkpaulandjackson.example.com,2026-09-13 01:48:55,Connected,Sales call,ACME-A007138
brandy.coleman@mcintyreallen.example.com,2026-09-13 02:25:49,No answer,Sales call,ACME-A007142
kathryn.saunders@jonesgarciaandrobinson.example.com,2026-09-13 06:06:49,No answer,Sales call,ACME-A007147
jesse.pitts@morrisfloresandbrown.example.com,2026-09-13 06:21:03,Left voicemail,Sales call,ACME-A007148
margaret.moss@romerochavez.example.com,2026-09-13 06:53:58,Connected,Sales call,ACME-A007149
james.jones@lewissparksandsmith.example.com,2026-09-13 07:31:20,Left voicemail,Sales call,ACME-A007150
james.tran@roachandsons.example.com,2026-09-13 08:37:07,No answer,Sales call,ACME-A007152
jean.perry@walterswolfe.example.com,2026-09-13 10:01:38,Left voicemail,Sales call,ACME-A007153
elizabeth.vega@wardllc.example.com,2026-09-13 12:32:32,No answer,Sales call,ACME-A007155
james.dixon@mcknightandsons.example.com,2026-09-13 15:25:02,No answer,Sales call,ACME-A007159
stacy.reyes@hallinc.example.com,2026-09-13 17:50:25,Left voicemail,Sales call,ACME-A007161
melissa.greene@reidperezandrobinson.example.com,2026-09-13 20:15:32,No answer,Sales call,ACME-A007162
alexis.avery@carterthomas.example.com,2026-09-13 21:15:49,Connected,Sales call,ACME-A007165
laura.walker@millergreenandwilkins.example.com,2026-09-13 22:49:47,No answer,Sales call,ACME-A007169
laura.white@mcneilwilliamsandpark.example.com,2026-09-13 23:08:16,No answer,Sales call,ACME-A007170
jeffrey.giles@thompsonhernandez.example.com,2026-09-13 23:17:13,Connected,Sales call,ACME-A007171
joseph.ford@jimenezplc.example.com,2026-09-13 23:53:44,Left voicemail,Sales call,ACME-A007173
michelle.herring@fullermartin.example.com,2026-09-14 01:15:00,Left voicemail,Sales call,ACME-A007175
louis.pearson@thomasmoore.example.com,2026-09-14 03:04:03,Connected,Sales call,ACME-A007177
russell.green@boydyoungandsalinas.example.com,2026-09-14 03:06:28,No answer,Sales call,ACME-A007178
brandon.velez@tuckerschaefer.example.com,2026-09-14 03:51:15,No answer,Sales call,ACME-A007180
danielle.waters@danielsyoungandmayer.example.com,2026-09-14 04:02:10,No answer,Sales call,ACME-A007181
laura.white@mcneilwilliamsandpark.example.com,2026-09-14 04:15:01,Connected,Sales call,ACME-A007182
gregory.jackson@richardandsons.example.com,2026-09-14 05:21:55,Connected,Sales call,ACME-A007185
sabrina.bell@wrightramsey.example.com,2026-09-14 05:43:36,Left voicemail,Sales call,ACME-A007187
heather.lawson@francisjohnson.example.com,2026-09-14 06:13:19,Connected,Sales call,ACME-A007188
michael.kim@curryyoung.example.com,2026-09-14 07:04:41,Connected,Sales call,ACME-A007190
cody.spencer@bakerandsons.example.com,2026-09-14 09:01:24,No answer,Sales call,ACME-A007192
nicholas.taylor@huntgibsonandcalhoun.example.com,2026-09-14 09:10:57,Connected,Sales call,ACME-A007193
sharon.smith@sullivanplc.example.com,2026-09-14 10:16:54,Connected,Sales call,ACME-A007194
michael.maxwell@robertsnelson.example.com,2026-09-14 12:12:13,No answer,Sales call,ACME-A007196
mary.andrews@harrisjones.example.com,2026-09-14 12:46:43,No answer,Sales call,ACME-A007200
autumn.parker@lloydgroup.example.com,2026-09-14 13:04:00,No answer,Sales call,ACME-A007201
joshua.paul@riceinc.example.com,2026-09-14 13:22:12,No answer,Sales call,ACME-A007202
john.middleton@crawfordhawkins.example.com,2026-09-14 14:11:01,Connected,Sales call,ACME-A007203
jacob.johnson@gutierrezltd.example.com,2026-09-14 14:44:33,Connected,Sales call,ACME-A007204
christine.simmons@alvaradosparksandcoffey.example.com,2026-09-14 15:14:41,Left voicemail,Sales call,ACME-A007206
julie.smith@molinasparksandwilliams.example.com,2026-09-14 15:31:48,No answer,Sales call,ACME-A007207
joseph.ford@jimenezplc.example.com,2026-09-14 16:41:27,Connected,Sales call,ACME-A007208
todd.marshall@owensgroup.example.com,2026-09-14 16:53:18,Connected,Sales call,ACME-A007210
robin.stewart@camposgroup.example.com,2026-09-14 17:29:12,No answer,Sales call,ACME-A007213
lisa.johnson@gonzalezwhitneyandrobins.example.com,2026-09-14 17:33:24,Connected,Sales call,ACME-A007214
james.rice@brownhouston.example.com,2026-09-14 17:50:33,Left voicemail,Sales call,ACME-A007216
bryan.simmons@jimenezporter.example.com,2026-09-14 18:38:53,Left voicemail,Sales call,ACME-A007217
sharon.smith@sullivanplc.example.com,2026-09-14 18:43:04,No answer,Sales call,ACME-A007218
kelly.ryan@simmonsclarkandrush.example.com,2026-09-14 19:41:13,Connected,Sales call,ACME-A007220
jane.barnes@parkowensandbaker.example.com,2026-09-14 20:37:01,No answer,Sales call,ACME-A007221
gregory.jackson@richardandsons.example.com,2026-09-14 21:09:53,No answer,Sales call,ACME-A007222
tammy.hamilton@gilesgroup.example.com,2026-09-14 21:12:07,No answer,Sales call,ACME-A007223
nicholas.richardson@rileysawyerandcharles.example.com,2026-09-14 21:29:57,Connected,Sales call,ACME-A007224
christine.fischer@andersonbrooks.example.com,2026-09-14 21:51:44,No answer,Sales call,ACME-A007226
michele.malone@christianmiller.example.com,2026-09-14 23:50:45,Left voicemail,Sales call,ACME-A007230
christina.garcia@morrischaney.example.com,2026-09-15 00:26:56,Left voicemail,Sales call,ACME-A007232
jennifer.berry@kingmartinandrice.example.com,2026-09-15 00:38:05,No answer,Sales call,ACME-A007234
kevin.johnson@quinnriveraandmcknight.example.com,2026-09-15 02:48:47,Connected,Sales call,ACME-A007237
dustin.graves@tuckermiller.example.com,2026-09-15 04:07:04,Connected,Sales call,ACME-A007242
amanda.taylor@lynchllc.example.com,2026-09-15 10:56:20,No answer,Sales call,ACME-A007252
david.lee@fullerllc.example.com,2026-09-15 11:58:38,Connected,Sales call,ACME-A007254
eileen.evans@hernandezplc.example.com,2026-09-15 12:24:22,No answer,Sales call,ACME-A007256
christopher.davis@phillipsandsons.example.com,2026-09-15 12:26:06,Connected,Sales call,ACME-A007257
bryan.gray@obrienelliottandbrennan.example.com,2026-09-15 13:07:08,No answer,Sales call,ACME-A007259
adam.stuart@duncanmoore.example.com,2026-09-15 14:43:52,Connected,Sales call,ACME-A007262
william.arnold@lynchthomas.example.com,2026-09-15 17:12:12,No answer,Sales call,ACME-A007266
brian.king@birdinc.example.com,2026-09-15 17:26:18,Connected,Sales call,ACME-A007267
steven.owens@davisllc.example.com,2026-09-15 17:52:12,Connected,Sales call,ACME-A007269
ronald.conley@williamsonschneider.example.com,2026-09-15 19:51:07,Left voicemail,Sales call,ACME-A007274
veronica.henson@kochcastro.example.com,2026-09-15 19:52:59,Left voicemail,Sales call,ACME-A007275
matthew.guerrero@richardsonmorgan.example.com,2026-09-15 20:30:40,Connected,Sales call,ACME-A007277
janet.reeves@carterllc.example.com,2026-09-15 20:33:23,Connected,Sales call,ACME-A007278
tonya.reese@jonesshaffer.example.com,2026-09-15 20:35:25,Connected,Sales call,ACME-A007279
james.hicks@navarrollc.example.com,2026-09-15 20:53:13,Connected,Sales call,ACME-A007280
raymond.crane@burnsnelson.example.com,2026-09-15 21:05:29,Connected,Sales call,ACME-A007283
david.lee@fullerllc.example.com,2026-09-15 23:00:45,No answer,Sales call,ACME-A007284
shannon.gonzalez@parksgroup.example.com,2026-09-16 01:38:09,No answer,Sales call,ACME-A007287
emily.stokes@mooresimpson.example.com,2026-09-16 02:01:31,No answer,Sales call,ACME-A007288
keith.cantu@alexanderdougherty.example.com,2026-09-16 02:09:01,No answer,Sales call,ACME-A007289
laura.white@mcneilwilliamsandpark.example.com,2026-09-16 04:06:42,No answer,Sales call,ACME-A007291
kathryn.saunders@jonesgarciaandrobinson.example.com,2026-09-16 04:15:07,Connected,Sales call,ACME-A007292
ethan.palmer@rayllc.example.com,2026-09-16 04:41:37,Connected,Sales call,ACME-A007294
emily.lara@clarkplc.example.com,2026-09-16 05:08:19,No answer,Sales call,ACME-A007295
richard.harrison@meltonrodriguezandchen.example.com,2026-09-16 05:55:55,Connected,Sales call,ACME-A007296
robert.cooper@jonesguerraandmorris.example.com,2026-09-16 06:08:56,No answer,Sales call,ACME-A007297
joseph.morris@goodwingregoryandsilva.example.com,2026-09-16 07:23:23,Left voicemail,Sales call,ACME-A007299
jeffery.serrano@richardsonandsons.example.com,2026-09-16 07:30:26,Left voicemail,Sales call,ACME-A007300
melissa.greene@reidperezandrobinson.example.com,2026-09-16 08:30:35,No answer,Sales call,ACME-A007301
catherine.johnson@alexanderjenkinsandjames.example.com,2026-09-16 10:15:55,Connected,Sales call,ACME-A007302
kevin.johnson@quinnriveraandmcknight.example.com,2026-09-16 12:02:26,No answer,Sales call,ACME-A007305
sharon.scott@austingroup.example.com,2026-09-16 12:23:22,No answer,Sales call,ACME-A007306
emily.stokes@mooresimpson.example.com,2026-09-16 12:46:09,No answer,Sales call,ACME-A007307
molly.ryan@smithperezandcross.example.com,2026-09-16 13:32:45,Left voicemail,Sales call,ACME-A007308
sara.holder@sheppardbrowningandhamil.example.com,2026-09-16 13:32:55,No answer,Sales call,ACME-A007309
kevin.torres@cruzmooreandvilla.example.com,2026-09-16 14:25:19,No answer,Sales call,ACME-A007310
bryan.simmons@jimenezporter.example.com,2026-09-16 14:45:36,No answer,Sales call,ACME-A007311
william.hays@jonesltd.example.com,2026-09-16 16:34:48,Left voicemail,Sales call,ACME-A007318
gabriel.marsh@wallaceltd.example.com,2026-09-16 17:43:09,Left voicemail,Sales call,ACME-A007319
john.santana@taylorcameron.example.com,2026-09-16 18:26:56,Connected,Sales call,ACME-A007321
john.middleton@crawfordhawkins.example.com,2026-09-16 18:39:46,Connected,Sales call,ACME-A007323
edwin.howard@reyescarlson.example.com,2026-09-16 20:11:11,Connected,Sales call,ACME-A007325
john.santana@taylorcameron.example.com,2026-09-16 21:55:07,No answer,Sales call,ACME-A007329
chelsea.lopez@townsendmontesandmorriso.example.com,2026-09-16 22:03:58,Left voicemail,Sales call,ACME-A007330
marc.flores@irwinfosterandcardenas.example.com,2026-09-16 22:23:59,No answer,Sales call,ACME-A007331
joyce.carroll@hebertarroyoandcooley.example.com,2026-09-16 22:45:13,Left voicemail,Sales call,ACME-A007333
alicia.foster@martinjordananddavis.example.com,2026-09-16 23:39:29,Connected,Sales call,ACME-A007334
donald.rogers@payneplc.example.com,2026-09-17 04:32:29,No answer,Sales call,ACME-A007335
antonio.hale@millermayer.example.com,2026-09-17 05:47:15,Connected,Sales call,ACME-A007336
melanie.brown@huynhcochranandgraham.example.com,2026-09-17 06:26:45,No answer,Sales call,ACME-A007339
robert.smith@millerllc.example.com,2026-09-17 08:02:47,Left voicemail,Sales call,ACME-A007342
ellen.evans@vaughanvega.example.com,2026-09-17 09:08:24,Connected,Sales call,ACME-A007344
maria.webb@caldwellmartinez.example.com,2026-09-17 09:35:12,No answer,Sales call,ACME-A007345
jeffery.serrano@richardsonandsons.example.com,2026-09-17 10:10:41,Connected,Sales call,ACME-A007346
bryan.simmons@jimenezporter.example.com,2026-09-17 10:37:25,Connected,Sales call,ACME-A007348
james.jones@smithinc.example.com,2026-09-17 11:21:53,Connected,Sales call,ACME-A007349
christopher.parker@simpsonltd.example.com,2026-09-17 13:01:54,Left voicemail,Sales call,ACME-A007351
dominique.lee@schwartzramosandlopez.example.com,2026-09-17 14:55:44,Connected,Sales call,ACME-A007356
christopher.hall@burnettstrickland.example.com,2026-09-17 15:17:50,No answer,Sales call,ACME-A007359
lori.brown@silvacruz.example.com,2026-09-17 15:34:31,No answer,Sales call,ACME-A007360
nancy.carter@bergandrews.example.com,2026-09-17 15:52:05,No answer,Sales call,ACME-A007361
teresa.phillips@blacksweeneyandcampbell.example.com,2026-09-17 16:09:34,Connected,Sales call,ACME-A007362
christopher.yoder@nicholsplc.example.com,2026-09-17 16:33:57,Left voicemail,Sales call,ACME-A007364
michael.kim@curryyoung.example.com,2026-09-17 17:12:37,No answer,Sales call,ACME-A007365
amy.fisher@lucascookandharrison.example.com,2026-09-17 18:52:32,No answer,Sales call,ACME-A007368
jose.fry@campbellmartinezandhorto.example.com,2026-09-17 18:58:39,Connected,Sales call,ACME-A007369
sarah.gates@jenningsjonesandmeyer.example.com,2026-09-17 19:01:25,No answer,Sales call,ACME-A007370
joseph.scott@waltersjones.example.com,2026-09-17 19:22:01,Connected,Sales call,ACME-A007371
virginia.schwartz@hoffmanherman.example.com,2026-09-17 19:49:53,No answer,Sales call,ACME-A007372
pamela.morrison@parsonscaldwellandgardne.example.com,2026-09-17 20:06:22,No answer,Sales call,ACME-A007373
tammy.proctor@wilsongroup.example.com,2026-09-17 20:18:54,No answer,Sales call,ACME-A007375
lance.fox@spencesharp.example.com,2026-09-17 20:55:33,Connected,Sales call,ACME-A007376
andrea.mckinney@morenomassey.example.com,2026-09-17 21:29:27,No answer,Sales call,ACME-A007379
nancy.anderson@thorntongalvanandfrye.example.com,2026-09-17 21:50:35,Connected,Sales call,ACME-A007381
micheal.klein@wuinc.example.com,2026-09-17 22:35:54,No answer,Sales call,ACME-A007384
laura.nguyen@shawplc.example.com,2026-09-17 22:45:54,Left voicemail,Sales call,ACME-A007385
melanie.brown@huynhcochranandgraham.example.com,2026-09-17 23:20:27,Left voicemail,Sales call,ACME-A007386
melanie.brown@huynhcochranandgraham.example.com,2026-09-18 01:18:36,Connected,Sales call,ACME-A007388
anna.dawson@martinandsons.example.com,2026-09-18 02:23:00,No answer,Sales call,ACME-A007390
robin.stewart@camposgroup.example.com,2026-09-18 02:47:07,Connected,Sales call,ACME-A007392
michael.maxwell@robertsnelson.example.com,2026-09-18 03:34:50,No answer,Sales call,ACME-A007394
laura.parker@smithgroup.example.com,2026-09-18 05:57:52,No answer,Sales call,ACME-A007395
michael.heath@griffinandsons.example.com,2026-09-18 06:05:48,No answer,Sales call,ACME-A007396
stephanie.silva@burkeharrisandmathews.example.com,2026-09-18 07:30:16,No answer,Sales call,ACME-A007400
jo.berger@scottsolis.example.com,2026-09-18 07:46:17,Connected,Sales call,ACME-A007401
joseph.scott@waltersjones.example.com,2026-09-18 08:01:05,No answer,Sales call,ACME-A007402
dustin.graves@tuckermiller.example.com,2026-09-18 08:11:17,No answer,Sales call,ACME-A007403
jason.adams@jacksongroup.example.com,2026-09-18 08:19:02,No answer,Sales call,ACME-A007404
alexander.moore@coleinc.example.com,2026-09-18 08:58:16,No answer,Sales call,ACME-A007405
laura.nguyen@shawplc.example.com,2026-09-18 09:12:40,No answer,Sales call,ACME-A007406
leah.turner@hobbsgroup.example.com,2026-09-18 09:27:18,Connected,Sales call,ACME-A007407
samantha.mann@thomasplc.example.com,2026-09-18 09:35:12,No answer,Sales call,ACME-A007408
mike.moore@millergroup.example.com,2026-09-18 09:59:26,No answer,Sales call,ACME-A007410
matthew.velez@huffllc.example.com,2026-09-18 10:45:00,No answer,Sales call,ACME-A007413
sharon.scott@austingroup.example.com,2026-09-18 11:50:29,No answer,Sales call,ACME-A007414
lisa.stevenson@richardsonplc.example.com,2026-09-18 15:22:53,Left voicemail,Sales call,ACME-A007419
robert.mccoy@williamsmillerandanderso.example.com,2026-09-18 15:46:27,Left voicemail,Sales call,ACME-A007420
richard.morgan@murphyclarkandduncan.example.com,2026-09-18 16:04:05,Left voicemail,Sales call,ACME-A007422
renee.david@evansbartlett.example.com,2026-09-18 16:07:14,Connected,Sales call,ACME-A007423
brittany.walker@woodsadams.example.com,2026-09-18 16:16:42,Left voicemail,Sales call,ACME-A007424
adrienne.wallace@wilsonllc.example.com,2026-09-18 16:34:37,Connected,Sales call,ACME-A007425
bethany.marshall@johnsonlarson.example.com,2026-09-18 16:45:59,Left voicemail,Sales call,ACME-A007426
jean.black@coxpitts.example.com,2026-09-18 16:49:17,Left voicemail,Sales call,ACME-A007427
ronald.fernandez@roycrossandbraun.example.com,2026-09-18 17:22:33,Left voicemail,Sales call,ACME-A007429
nicholas.peck@chaveztorresandruiz.example.com,2026-09-18 17:35:32,No answer,Sales call,ACME-A007431
carla.king@hillevans.example.com,2026-09-18 17:37:31,Connected,Sales call,ACME-A007432
dana.haynes@yatesweberandcurry.example.com,2026-09-18 17:57:52,Connected,Sales call,ACME-A007433
jodi.bush@romanltd.example.com,2026-09-18 18:21:07,No answer,Sales call,ACME-A007434
julia.moore@thompsonrichardsonandgut.example.com,2026-09-18 18:26:30,Left voicemail,Sales call,ACME-A007436
james.duncan@jenkinsplc.example.com,2026-09-18 18:35:18,No answer,Sales call,ACME-A007437
christy.garcia@millerltd.example.com,2026-09-18 19:59:41,No answer,Sales call,ACME-A007443
belinda.williams@butlerandsons.example.com,2026-09-18 20:20:27,Connected,Sales call,ACME-A007445
amy.fisher@lucascookandharrison.example.com,2026-09-18 20:31:13,Connected,Sales call,ACME-A007447
stephanie.bullock@flemingltd.example.com,2026-09-18 21:28:51,No answer,Sales call,ACME-A007448
david.campbell@garciafox.example.com,2026-09-18 22:14:55,Connected,Sales call,ACME-A007450
sarah.bishop@morrisltd.example.com,2026-09-19 00:43:36,No answer,Sales call,ACME-A007456
nancy.anderson@thorntongalvanandfrye.example.com,2026-09-19 01:10:33,No answer,Sales call,ACME-A007457
karen.shaw@holmesjordan.example.com,2026-09-19 01:44:14,Connected,Sales call,ACME-A007458
erin.duke@callahanbrownandwarren.example.com,2026-09-19 02:02:05,Connected,Sales call,ACME-A007459
kirsten.sullivan@guzmancooperandwade.example.com,2026-09-19 02:20:53,No answer,Sales call,ACME-A007460
james.duncan@jenkinsplc.example.com,2026-09-19 03:05:53,Left voicemail,Sales call,ACME-A007461
maria.reeves@evansllc.example.com,2026-09-19 03:09:41,No answer,Sales call,ACME-A007463
nathan.farrell@perrywilliams.example.com,2026-09-19 04:28:20,Connected,Sales call,ACME-A007467
melissa.carroll@andersoncollins.example.com,2026-09-19 05:28:03,No answer,Sales call,ACME-A007468
nicholas.peck@chaveztorresandruiz.example.com,2026-09-19 06:20:00,Connected,Sales call,ACME-A007470
matthew.evans@bowmaninc.example.com,2026-09-19 06:28:59,No answer,Sales call,ACME-A007471
nichole.russell@hillsmithandbrowning.example.com,2026-09-19 07:39:53,No answer,Sales call,ACME-A007474
benjamin.bush@palmercurry.example.com,2026-09-19 07:50:40,Connected,Sales call,ACME-A007475
matthew.guerrero@richardsonmorgan.example.com,2026-09-19 07:54:16,Left voicemail,Sales call,ACME-A007476
michael.adams@hernandezedwardsandharri.example.com,2026-09-19 09:08:05,Connected,Sales call,ACME-A007477
wendy.walton@johnsonwilliamsandbradfo.example.com,2026-09-19 10:04:55,No answer,Sales call,ACME-A007479
tammy.proctor@wilsongroup.example.com,2026-09-19 10:05:44,No answer,Sales call,ACME-A007480
david.schneider@paynehaynes.example.com,2026-09-19 10:27:25,Left voicemail,Sales call,ACME-A007481
miranda.navarro@curtiswilson.example.com,2026-09-19 10:28:13,Connected,Sales call,ACME-A007482
alison.garcia@blakeboothandsilva.example.com,2026-09-19 10:33:10,No answer,Sales call,ACME-A007483
karen.clark@warrenltd.example.com,2026-09-19 11:42:27,Connected,Sales call,ACME-A007485
william.hays@jonesltd.example.com,2026-09-19 16:39:11,Connected,Sales call,ACME-A007490
stephanie.silva@burkeharrisandmathews.example.com,2026-09-19 16:49:57,Left voicemail,Sales call,ACME-A007492
michael.huang@masongroup.example.com,2026-09-19 18:38:11,Connected,Sales call,ACME-A007494
nancy.stephens@bennettmartinandanderson.example.com,2026-09-19 20:41:47,No answer,Sales call,ACME-A007496
matthew.velez@huffllc.example.com,2026-09-19 21:08:45,Connected,Sales call,ACME-A007497
robert.smith@millerllc.example.com,2026-09-19 23:58:43,No answer,Sales call,ACME-A007501
charles.brown@boyleinc.example.com,2026-09-20 00:00:06,Left voicemail,Sales call,ACME-A007502
laura.nguyen@shawplc.example.com,2026-09-20 00:08:11,No answer,Sales call,ACME-A007503
garrett.bullock@riddleplc.example.com,2026-09-20 00:16:03,No answer,Sales call,ACME-A007504
michael.kim@curryyoung.example.com,2026-09-20 01:16:55,Connected,Sales call,ACME-A007508
edward.oneal@bartonlambertandwilliams.example.com,2026-09-20 02:43:05,Connected,Sales call,ACME-A007510
erik.scott@walkermurphyandyoung.example.com,2026-09-20 03:18:11,No answer,Sales call,ACME-A007511
pamela.morrison@parsonscaldwellandgardne.example.com,2026-09-20 03:25:14,No answer,Sales call,ACME-A007512
teresa.griffith@bartlettltd.example.com,2026-09-20 05:41:22,Connected,Sales call,ACME-A007514
jason.mitchell@gamblecrawford.example.com,2026-09-20 05:45:43,Connected,Sales call,ACME-A007515
alexis.george@baileyinc.example.com,2026-09-20 05:47:39,Left voicemail,Sales call,ACME-A007516
kelly.ryan@simmonsclarkandrush.example.com,2026-09-20 06:12:08,Connected,Sales call,ACME-A007517
jason.mccullough@wilsonhobbsandgarcia.example.com,2026-09-20 09:49:18,No answer,Sales call,ACME-A007520
eduardo.robinson@cooperltd.example.com,2026-09-20 10:16:22,Connected,Sales call,ACME-A007521
kerri.johnson@dukejonesandwilson.example.com,2026-09-20 10:25:43,No answer,Sales call,ACME-A007522
christina.cruz@hallplc.example.com,2026-09-20 11:24:24,Connected,Sales call,ACME-A007524
lance.fox@spencesharp.example.com,2026-09-20 12:09:06,Connected,Sales call,ACME-A007527
john.middleton@crawfordhawkins.example.com,2026-09-20 13:26:24,No answer,Sales call,ACME-A007530
garrett.bullock@riddleplc.example.com,2026-09-20 14:26:13,Connected,Sales call,ACME-A007533
keith.brooks@molinagroup.example.com,2026-09-20 16:19:15,Connected,Sales call,ACME-A007537
jennifer.moore@hunterpowell.example.com,2026-09-20 16:25:07,Connected,Sales call,ACME-A007538
kathy.ibarra@jonesllc.example.com,2026-09-20 18:04:28,Connected,Sales call,ACME-A007541
nathan.miller@bennettltd.example.com,2026-09-20 18:21:20,Connected,Sales call,ACME-A007542
william.hays@jonesltd.example.com,2026-09-20 18:58:36,No answer,Sales call,ACME-A007543
heather.wallace@jamesbowenandsmith.example.com,2026-09-20 19:28:12,No answer,Sales call,ACME-A007544
donna.maldonado@estradaalexander.example.com,2026-09-20 19:32:21,Connected,Sales call,ACME-A007545
shari.faulkner@perezgroup.example.com,2026-09-20 21:44:27,No answer,Sales call,ACME-A007546
chad.winters@chambersgroup.example.com,2026-09-20 23:45:46,Connected,Sales call,ACME-A007551
jesse.pitts@morrisfloresandbrown.example.com,2026-09-20 23:56:02,No answer,Sales call,ACME-A007552
kathy.ibarra@jonesllc.example.com,2026-09-20 23:57:25,No answer,Sales call,ACME-A007553
travis.sims@watsonhensonandfox.example.com,2026-09-21 00:18:42,No answer,Sales call,ACME-A007554
matthew.guerrero@richardsonmorgan.example.com,2026-09-21 00:32:09,Connected,Sales call,ACME-A007556
jose.ortiz@reynoldsandsons.example.com,2026-09-21 01:45:37,Connected,Sales call,ACME-A007557
philip.armstrong@jenkinsmccarthy.example.com,2026-09-21 03:33:11,Connected,Sales call,ACME-A007558
robin.stewart@camposgroup.example.com,2026-09-21 04:03:18,Connected,Sales call,ACME-A007559
joseph.ashley@bowmanhaney.example.com,2026-09-21 04:05:02,Left voicemail,Sales call,ACME-A007560
john.hicks@hammondgroup.example.com,2026-09-21 05:01:19,Connected,Sales call,ACME-A007562
matthew.mcknight@johnsonltd.example.com,2026-09-21 05:16:00,No answer,Sales call,ACME-A007563
nathan.farrell@perrywilliams.example.com,2026-09-21 05:18:26,Connected,Sales call,ACME-A007564
ethan.palmer@rayllc.example.com,2026-09-21 06:12:45,Left voicemail,Sales call,ACME-A007565
jennifer.brown@chenandsons.example.com,2026-09-21 06:23:45,Connected,Sales call,ACME-A007566
juan.ramos@mercadoplc.example.com,2026-09-21 08:24:50,No answer,Sales call,ACME-A007569
nicholas.weber@blackwellfisher.example.com,2026-09-21 08:38:43,No answer,Sales call,ACME-A007570
roy.carter@mcgrathbarnettandnichols.example.com,2026-09-21 09:29:20,No answer,Sales call,ACME-A007571
sonya.navarro@cruzsawyer.example.com,2026-09-21 10:01:31,No answer,Sales call,ACME-A007572
alexis.johnson@gallagherhollowayandsnyd.example.com,2026-09-21 10:53:40,No answer,Sales call,ACME-A007573
christine.simmons@alvaradosparksandcoffey.example.com,2026-09-21 11:18:26,Connected,Sales call,ACME-A007576
francisco.carrillo@spencewrightandwallace.example.com,2026-09-21 12:06:47,No answer,Sales call,ACME-A007578
desiree.solomon@smithcrawford.example.com,2026-09-21 12:18:33,No answer,Sales call,ACME-A007580
kathy.ibarra@jonesllc.example.com,2026-09-21 12:30:14,Connected,Sales call,ACME-A007581
andrew.wheeler@wallacejohnson.example.com,2026-09-21 12:46:46,No answer,Sales call,ACME-A007582
jason.richard@wardhintonandfletcher.example.com,2026-09-21 13:16:38,No answer,Sales call,ACME-A007583
thomas.mosley@bowmanoliverandanderson.example.com,2026-09-21 13:20:11,No answer,Sales call,ACME-A007584
barry.goodman@pattersonmatthews.example.com,2026-09-21 14:05:22,Left voicemail,Sales call,ACME-A007586
allen.smith@currythomasandbrown.example.com,2026-09-21 14:11:07,Connected,Sales call,ACME-A007587
joseph.jenkins@diazdixon.example.com,2026-09-21 14:20:07,Connected,Sales call,ACME-A007588
andrew.wheeler@wallacejohnson.example.com,2026-09-21 15:19:30,No answer,Sales call,ACME-A007590
stephen.white@davisrosalesandodonnell.example.com,2026-09-21 15:35:43,Connected,Sales call,ACME-A007591
cynthia.chavez@sanchezcooperandlewis.example.com,2026-09-21 15:45:22,No answer,Sales call,ACME-A007592
julia.martin@patelbrownandmartin.example.com,2026-09-21 16:09:57,Left voicemail,Sales call,ACME-A007593
greg.lawson@morrisandsons.example.com,2026-09-21 16:35:00,No answer,Sales call,ACME-A007594
dustin.graves@tuckermiller.example.com,2026-09-21 17:02:41,Connected,Sales call,ACME-A007595
elizabeth.kim@howardhunt.example.com,2026-09-21 17:13:13,Connected,Sales call,ACME-A007596
richard.harrison@meltonrodriguezandchen.example.com,2026-09-21 17:28:05,No answer,Sales call,ACME-A007598
christopher.kramer@reedcarlsonandryan.example.com,2026-09-21 17:30:13,No answer,Sales call,ACME-A007599
erin.duke@callahanbrownandwarren.example.com,2026-09-21 17:58:24,No answer,Sales call,ACME-A007603
jennifer.moore@hunterpowell.example.com,2026-09-21 18:09:34,No answer,Sales call,ACME-A007604
jeffery.kramer@nelsonlopez.example.com,2026-09-21 18:11:32,Left voicemail,Sales call,ACME-A007605
debbie.johnson@farmergroup.example.com,2026-09-21 19:52:29,Left voicemail,Sales call,ACME-A007609
andrew.wheeler@wallacejohnson.example.com,2026-09-21 20:36:51,Connected,Sales call,ACME-A007611
alexander.carter@burkehale.example.com,2026-09-21 21:14:38,No answer,Sales call,ACME-A007612
hannah.taylor@rangelinc.example.com,2026-09-21 21:24:49,No answer,Sales call,ACME-A007613
emma.nguyen@taylorplc.example.com,2026-09-21 21:40:42,No answer,Sales call,ACME-A007614
stephanie.silva@burkeharrisandmathews.example.com,2026-09-21 22:11:18,No answer,Sales call,ACME-A007616
alexandra.anderson@caldwellhernandez.example.com,2026-09-21 22:25:41,Connected,Sales call,ACME-A007617
emily.stokes@mooresimpson.example.com,2026-09-21 23:40:33,Left voicemail,Sales call,ACME-A007622
melissa.carroll@andersoncollins.example.com,2026-09-22 00:18:29,No answer,Sales call,ACME-A007623
james.avila@petersplc.example.com,2026-09-22 01:41:07,No answer,Sales call,ACME-A007626
robert.schneider@alvaradosilva.example.com,2026-09-22 01:43:57,Left voicemail,Sales call,ACME-A007627
peter.davis@johnsonmalone.example.com,2026-09-22 02:30:54,Left voicemail,Sales call,ACME-A007629
matthew.evans@bowmaninc.example.com,2026-09-22 03:15:31,No answer,Sales call,ACME-A007630
edward.oneal@bartonlambertandwilliams.example.com,2026-09-22 03:24:43,No answer,Sales call,ACME-A007631
peter.weaver@mcdonaldfletcherandsmith.example.com,2026-09-22 03:26:13,No answer,Sales call,ACME-A007632
adam.stuart@duncanmoore.example.com,2026-09-22 03:51:48,Connected,Sales call,ACME-A007635
adam.harris@smithclaytonandramsey.example.com,2026-09-22 03:56:48,Left voicemail,Sales call,ACME-A007636
samantha.warren@martinsharpandgolden.example.com,2026-09-22 04:04:17,Left voicemail,Sales call,ACME-A007638
megan.montgomery@cruzmartinez.example.com,2026-09-22 04:10:08,Connected,Sales call,ACME-A007639
mckenzie.moore@abbottharrisandgibson.example.com,2026-09-22 04:39:07,No answer,Sales call,ACME-A007641
travis.sims@watsonhensonandfox.example.com,2026-09-22 04:43:46,Left voicemail,Sales call,ACME-A007642
jean.black@coxpitts.example.com,2026-09-22 07:06:02,No answer,Sales call,ACME-A007644
jason.adams@jacksongroup.example.com,2026-09-22 07:58:29,Connected,Sales call,ACME-A007647
jane.barnes@parkowensandbaker.example.com,2026-09-22 08:35:09,Left voicemail,Sales call,ACME-A007649
kathryn.saunders@jonesgarciaandrobinson.example.com,2026-09-22 09:04:09,No answer,Sales call,ACME-A007651
justin.hamilton@popepugh.example.com,2026-09-22 09:17:57,No answer,Sales call,ACME-A007652
deborah.wright@medinagroup.example.com,2026-09-22 10:44:58,Connected,Sales call,ACME-A007656
robert.shea@wilsonjackson.example.com,2026-09-22 11:39:47,Left voicemail,Sales call,ACME-A007659
robin.fuentes@johnsonmoore.example.com,2026-09-22 12:09:52,No answer,Sales call,ACME-A007660
john.odom@crossdanielsandcallahan.example.com,2026-09-22 12:16:36,Left voicemail,Sales call,ACME-A007661
brandon.martinez@mcdanielgroup.example.com,2026-09-22 13:08:22,Connected,Sales call,ACME-A007664
kathy.ibarra@jonesllc.example.com,2026-09-22 14:27:43,Left voicemail,Sales call,ACME-A007669
benjamin.bush@palmercurry.example.com,2026-09-22 14:55:28,Left voicemail,Sales call,ACME-A007671
matthew.evans@bowmaninc.example.com,2026-09-22 15:08:17,Connected,Sales call,ACME-A007673
steven.owens@davisllc.example.com,2026-09-22 15:37:10,Connected,Sales call,ACME-A007675
mike.moore@millergroup.example.com,2026-09-22 15:47:30,Left voicemail,Sales call,ACME-A007676
michael.adams@hernandezedwardsandharri.example.com,2026-09-22 16:47:27,No answer,Sales call,ACME-A007678
michael.pierce@sotoray.example.com,2026-09-22 16:55:53,No answer,Sales call,ACME-A007679
mark.thompson@wilsonltd.example.com,2026-09-22 17:15:21,No answer,Sales call,ACME-A007681
gary.romero@williamsllc.example.com,2026-09-22 18:08:58,No answer,Sales call,ACME-A007682
michael.harper@sandovalgroup.example.com,2026-09-22 18:18:27,No answer,Sales call,ACME-A007683
carolyn.johnson@maxwellmurrayandsmith.example.com,2026-09-22 18:52:26,No answer,Sales call,ACME-A007684
stanley.roach@danielsharperandhorn.example.com,2026-09-22 19:04:26,No answer,Sales call,ACME-A007685
william.medina@jonesgroup.example.com,2026-09-22 19:20:31,Connected,Sales call,ACME-A007686
kyle.stone@orozcosullivanandbautist.example.com,2026-09-22 20:37:15,Connected,Sales call,ACME-A007688
angela.burns@fuentesltd.example.com,2026-09-22 22:16:14,Left voicemail,Sales call,ACME-A007691
heather.johnson@barrltd.example.com,2026-09-22 23:27:02,No answer,Sales call,ACME-A007694
danielle.waters@danielsyoungandmayer.example.com,2026-09-22 23:51:32,Left voicemail,Sales call,ACME-A007696
william.hays@jonesltd.example.com,2026-09-23 01:22:37,Connected,Sales call,ACME-A007703
lance.fox@spencesharp.example.com,2026-09-23 02:04:40,No answer,Sales call,ACME-A007705
charles.sanchez@brooksgardner.example.com,2026-09-23 02:49:21,Connected,Sales call,ACME-A007707
jo.berger@scottsolis.example.com,2026-09-23 02:57:05,Left voicemail,Sales call,ACME-A007708
brenda.jensen@floydchavezandmann.example.com,2026-09-23 03:43:25,No answer,Sales call,ACME-A007712
kayla.hunt@lunarodriguezandbrown.example.com,2026-09-23 04:55:49,No answer,Sales call,ACME-A007714
chelsea.mitchell@lawrencemortonandgarza.example.com,2026-09-23 07:45:49,Left voicemail,Sales call,ACME-A007716
james.avila@petersplc.example.com,2026-09-23 10:26:27,Connected,Sales call,ACME-A007719
megan.montgomery@cruzmartinez.example.com,2026-09-23 10:59:47,Left voicemail,Sales call,ACME-A007721
gabriel.marsh@wallaceltd.example.com,2026-09-23 12:27:20,No answer,Sales call,ACME-A007722
brittany.ellison@millermathews.example.com,2026-09-23 13:37:09,No answer,Sales call,ACME-A007724
amanda.hernandez@carpenteredwardsanddunn.example.com,2026-09-23 13:53:44,Connected,Sales call,ACME-A007725
hunter.richardson@rodriguezplc.example.com,2026-09-23 13:54:33,No answer,Sales call,ACME-A007726
bobby.duran@browngroup.example.com,2026-09-23 14:31:56,Connected,Sales call,ACME-A007728
elizabeth.kim@howardhunt.example.com,2026-09-23 15:01:21,Left voicemail,Sales call,ACME-A007730
ronald.boone@wilsonhammond.example.com,2026-09-23 15:11:33,Left voicemail,Sales call,ACME-A007731
john.santana@taylorcameron.example.com,2026-09-23 15:59:26,Connected,Sales call,ACME-A007734
michelle.keith@scottplc.example.com,2026-09-23 18:07:34,No answer,Sales call,ACME-A007736
tina.thompson@pittmaninc.example.com,2026-09-23 18:55:13,No answer,Sales call,ACME-A007741
billy.harris@burnettgroup.example.com,2026-09-23 19:47:36,Connected,Sales call,ACME-A007742
jennifer.moore@hunterpowell.example.com,2026-09-23 19:54:23,No answer,Sales call,ACME-A007743
catherine.johnson@alexanderjenkinsandjames.example.com,2026-09-23 20:09:10,Left voicemail,Sales call,ACME-A007744
steven.owens@davisllc.example.com,2026-09-23 20:54:32,Connected,Sales call,ACME-A007747
nathan.hoover@berrywagner.example.com,2026-09-23 22:22:03,Left voicemail,Sales call,ACME-A007749
william.hansen@colliersextonandfisher.example.com,2026-09-24 01:27:15,Connected,Sales call,ACME-A007754
chelsea.jensen@ayersswanson.example.com,2026-09-24 03:07:33,Connected,Sales call,ACME-A007756
james.morales@scottespinozaandnelson.example.com,2026-09-24 04:00:19,Left voicemail,Sales call,ACME-A007758
alexander.carter@burkehale.example.com,2026-09-24 04:00:40,No answer,Sales call,ACME-A007759
jeffrey.giles@thompsonhernandez.example.com,2026-09-24 04:32:48,Connected,Sales call,ACME-A007761
bobby.duran@browngroup.example.com,2026-09-24 05:18:10,No answer,Sales call,ACME-A007763
krystal.willis@gomezltd.example.com,2026-09-24 05:50:25,No answer,Sales call,ACME-A007765
jason.thomas@vaughnandsons.example.com,2026-09-24 05:52:57,Connected,Sales call,ACME-A007766
susan.williams@andersonandsons.example.com,2026-09-24 06:15:43,No answer,Sales call,ACME-A007769
james.adams@warrenbarry.example.com,2026-09-24 06:23:25,No answer,Sales call,ACME-A007770
michael.brown@hernandezhuntandbartlett.example.com,2026-09-24 06:52:17,Connected,Sales call,ACME-A007772
matthew.evans@bowmaninc.example.com,2026-09-24 08:09:21,Left voicemail,Sales call,ACME-A007776
carla.king@hillevans.example.com,2026-09-24 08:32:44,Connected,Sales call,ACME-A007777
willie.ibarra@brownfisherandsandoval.example.com,2026-09-24 09:29:21,Left voicemail,Sales call,ACME-A007779
laura.walker@millergreenandwilkins.example.com,2026-09-24 10:22:11,Connected,Sales call,ACME-A007782
brittany.white@boylenormanandwilliams.example.com,2026-09-24 10:25:09,No answer,Sales call,ACME-A007783
rachael.reed@huntplc.example.com,2026-09-24 11:03:04,No answer,Sales call,ACME-A007784
jordan.alvarez@estradajohnsonandibarra.example.com,2026-09-24 11:24:12,Connected,Sales call,ACME-A007785
isaac.strickland@perezhatfieldandhunt.example.com,2026-09-24 11:49:15,Left voicemail,Sales call,ACME-A007786
linda.smith@caldwellshaw.example.com,2026-09-24 12:07:21,Connected,Sales call,ACME-A007787
renee.david@evansbartlett.example.com,2026-09-24 12:13:56,No answer,Sales call,ACME-A007789
john.jones@warnerandsons.example.com,2026-09-24 12:46:01,No answer,Sales call,ACME-A007791
benjamin.martinez@goldeninc.example.com,2026-09-24 12:51:11,Left voicemail,Sales call,ACME-A007792
anna.herrera@cabrerawagnerandsosa.example.com,2026-09-24 13:27:18,No answer,Sales call,ACME-A007794
james.jones@smithinc.example.com,2026-09-24 14:29:24,Connected,Sales call,ACME-A007798
david.campbell@garciafox.example.com,2026-09-24 14:32:53,No answer,Sales call,ACME-A007799
james.avila@petersplc.example.com,2026-09-24 14:49:50,Left voicemail,Sales call,ACME-A007801
francisco.carrillo@spencewrightandwallace.example.com,2026-09-24 16:29:16,Left voicemail,Sales call,ACME-A007805
kimberly.dodson@fosterpena.example.com,2026-09-24 16:48:51,Connected,Sales call,ACME-A007806
erica.jones@johnsonllc.example.com,2026-09-24 16:57:55,Left voicemail,Sales call,ACME-A007807
jordan.henson@hawkinsjensenandadams.example.com,2026-09-24 18:47:09,Connected,Sales call,ACME-A007812
christopher.bell@lawrencegroup.example.com,2026-09-24 19:13:18,Left voicemail,Sales call,ACME-A007813
stanley.roach@danielsharperandhorn.example.com,2026-09-24 19:20:21,No answer,Sales call,ACME-A007814
anna.herrera@cabrerawagnerandsosa.example.com,2026-09-24 19:34:18,No answer,Sales call,ACME-A007816
cameron.stevens@whitecraig.example.com,2026-09-24 19:42:35,Connected,Sales call,ACME-A007817
christine.fischer@andersonbrooks.example.com,2026-09-24 19:43:56,No answer,Sales call,ACME-A007818
christina.kelly@barryholland.example.com,2026-09-24 19:47:12,No answer,Sales call,ACME-A007819
cody.warner@kiddandsons.example.com,2026-09-24 20:05:16,No answer,Sales call,ACME-A007821
angel.scott@blackescobarandlogan.example.com,2026-09-24 20:15:08,Left voicemail,Sales call,ACME-A007822
willie.ibarra@brownfisherandsandoval.example.com,2026-09-24 20:32:16,Connected,Sales call,ACME-A007823
dana.haynes@yatesweberandcurry.example.com,2026-09-24 20:37:25,Left voicemail,Sales call,ACME-A007824
jessica.cook@bullockbrownandmartin.example.com,2026-09-24 20:51:46,No answer,Sales call,ACME-A007826
megan.montgomery@cruzmartinez.example.com,2026-09-24 20:57:49,No answer,Sales call,ACME-A007828
shirley.tate@thompsoninc.example.com,2026-09-24 21:40:18,Left voicemail,Sales call,ACME-A007829
samantha.mann@thomasplc.example.com,2026-09-24 22:23:43,Connected,Sales call,ACME-A007831
keith.johnson@williamshernandez.example.com,2026-09-24 23:26:01,Left voicemail,Sales call,ACME-A007833
jennifer.kline@haynesscott.example.com,2026-09-24 23:26:33,No answer,Sales call,ACME-A007834
bobby.duran@browngroup.example.com,2026-09-25 01:36:08,No answer,Sales call,ACME-A007839
stephanie.bullock@flemingltd.example.com,2026-09-25 02:21:19,Connected,Sales call,ACME-A007840
gregory.jenkins@parkschase.example.com,2026-09-25 03:30:10,Left voicemail,Sales call,ACME-A007842
victoria.alexander@porterbauerandzuniga.example.com,2026-09-25 04:04:56,Connected,Sales call,ACME-A007843
angel.scott@blackescobarandlogan.example.com,2026-09-25 04:07:42,No answer,Sales call,ACME-A007844
james.bridges@mendezpearsonandlee.example.com,2026-09-25 04:09:08,Left voicemail,Sales call,ACME-A007845
cynthia.taylor@trevinoltd.example.com,2026-09-25 04:38:04,Connected,Sales call,ACME-A007848
susan.williams@andersonandsons.example.com,2026-09-25 04:48:30,Connected,Sales call,ACME-A007849
thomas.greer@mooregroup.example.com,2026-09-25 08:06:58,No answer,Sales call,ACME-A007855
cindy.cherry@andrewspeterson.example.com,2026-09-25 08:42:04,Left voicemail,Sales call,ACME-A007856
christopher.ross@choiandsons.example.com,2026-09-25 09:12:44,Left voicemail,Sales call,ACME-A007857
robert.norton@johnsoncruzandschaefer.example.com,2026-09-25 09:45:46,No answer,Sales call,ACME-A007860
susan.martin@lowerymills.example.com,2026-09-25 10:33:05,Connected,Sales call,ACME-A007861
jaclyn.lopez@scottrandolphandwilliams.example.com,2026-09-25 11:18:07,Connected,Sales call,ACME-A007866
megan.montgomery@cruzmartinez.example.com,2026-09-25 12:34:15,Connected,Sales call,ACME-A007869
brian.campos@lopezdavis.example.com,2026-09-25 12:43:47,No answer,Sales call,ACME-A007870
nathan.osborne@marshallplc.example.com,2026-09-25 12:53:31,Connected,Sales call,ACME-A007871
leah.benitez@nielseninc.example.com,2026-09-25 12:57:03,Connected,Sales call,ACME-A007872
erica.morales@savagefreemanandwilliams.example.com,2026-09-25 13:43:57,Connected,Sales call,ACME-A007873
anna.herrera@cabrerawagnerandsosa.example.com,2026-09-25 13:50:54,No answer,Sales call,ACME-A007874
john.odom@crossdanielsandcallahan.example.com,2026-09-25 15:10:28,Left voicemail,Sales call,ACME-A007879
ryan.burton@reeveslloyd.example.com,2026-09-25 15:15:39,Left voicemail,Sales call,ACME-A007881
robin.fuentes@johnsonmoore.example.com,2026-09-25 15:25:21,No answer,Sales call,ACME-A007882
jennifer.moore@hunterpowell.example.com,2026-09-25 15:26:58,Connected,Sales call,ACME-A007883
ryan.burton@reeveslloyd.example.com,2026-09-25 15:58:16,Left voicemail,Sales call,ACME-A007884
tiffany.ross@sawyergroup.example.com,2026-09-25 16:08:09,Connected,Sales call,ACME-A007885
trevor.hernandez@carterclark.example.com,2026-09-25 16:23:54,No answer,Sales call,ACME-A007887
cindy.cherry@andrewspeterson.example.com,2026-09-25 16:40:29,No answer,Sales call,ACME-A007888
allen.smith@currythomasandbrown.example.com,2026-09-25 16:44:47,Connected,Sales call,ACME-A007889
andrew.tanner@colemandunnandwise.example.com,2026-09-25 17:14:06,Left voicemail,Sales call,ACME-A007891
andrew.tanner@colemandunnandwise.example.com,2026-09-25 17:40:49,No answer,Sales call,ACME-A007893
stephanie.velasquez@martinezgarrettandboone.example.com,2026-09-25 18:49:34,No answer,Sales call,ACME-A007896
adam.harris@smithclaytonandramsey.example.com,2026-09-25 18:52:26,Left voicemail,Sales call,ACME-A007897
phillip.compton@thomasgrant.example.com,2026-09-25 19:12:26,Left voicemail,Sales call,ACME-A007898
james.watkins@tuckercrawfordandhorton.example.com,2026-09-25 20:27:34,No answer,Sales call,ACME-A007899
belinda.williams@butlerandsons.example.com,2026-09-25 22:44:16,No answer,Sales call,ACME-A007903
david.lee@fullerllc.example.com,2026-09-25 23:39:30,No answer,Sales call,ACME-A007905
elizabeth.kim@howardhunt.example.com,2026-09-26 01:43:49,Left voicemail,Sales call,ACME-A007909
amy.hernandez@jonesinc.example.com,2026-09-26 03:38:24,No answer,Sales call,ACME-A007911
jason.richard@wardhintonandfletcher.example.com,2026-09-26 03:38:32,Connected,Sales call,ACME-A007912
jennifer.moore@hunterpowell.example.com,2026-09-26 03:41:39,No answer,Sales call,ACME-A007913
don.parker@russellbrown.example.com,2026-09-26 04:08:47,Connected,Sales call,ACME-A007914
erica.jones@johnsonllc.example.com,2026-09-26 04:10:26,Left voicemail,Sales call,ACME-A007916
jennifer.moore@hunterpowell.example.com,2026-09-26 04:15:59,Connected,Sales call,ACME-A007918
brittany.ellison@millermathews.example.com,2026-09-26 04:32:25,Connected,Sales call,ACME-A007919
mckenzie.moore@abbottharrisandgibson.example.com,2026-09-26 04:41:02,Connected,Sales call,ACME-A007920
mary.washington@hallbush.example.com,2026-09-26 04:53:06,Connected,Sales call,ACME-A007921
timothy.johnson@allenrosalesandbrooks.example.com,2026-09-26 05:36:09,No answer,Sales call,ACME-A007924
adam.harris@smithclaytonandramsey.example.com,2026-09-26 06:00:00,Connected,Sales call,ACME-A007926
james.jones@smithinc.example.com,2026-09-26 07:37:14,No answer,Sales call,ACME-A007929
janet.reeves@carterllc.example.com,2026-09-26 09:28:34,No answer,Sales call,ACME-A007932
trevor.hernandez@carterclark.example.com,2026-09-26 09:30:06,Left voicemail,Sales call,ACME-A007933
brandon.fox@mosswelchandbrown.example.com,2026-09-26 09:44:54,Connected,Sales call,ACME-A007935
alexandra.andrews@howeandsons.example.com,2026-09-26 09:58:46,Connected,Sales call,ACME-A007936
heather.taylor@taylorllc.example.com,2026-09-26 10:05:32,Connected,Sales call,ACME-A007937
christopher.bell@lawrencegroup.example.com,2026-09-26 10:09:44,No answer,Sales call,ACME-A007939
cody.warner@kiddandsons.example.com,2026-09-26 11:05:35,No answer,Sales call,ACME-A007941
joseph.scott@waltersjones.example.com,2026-09-26 11:53:38,Left voicemail,Sales call,ACME-A007943
colleen.mitchell@grossinc.example.com,2026-09-26 13:37:05,Connected,Sales call,ACME-A007945
laura.nguyen@shawplc.example.com,2026-09-26 13:57:17,No answer,Sales call,ACME-A007946
cody.warner@kiddandsons.example.com,2026-09-26 14:41:39,Connected,Sales call,ACME-A007947
alexis.ball@longcordovaandrobertson.example.com,2026-09-26 16:10:47,Connected,Sales call,ACME-A007951
miranda.navarro@curtiswilson.example.com,2026-09-26 17:30:06,No answer,Sales call,ACME-A007955
dustin.stephens@martinayalaandbernard.example.com,2026-09-26 18:08:10,No answer,Sales call,ACME-A007956
joseph.ashley@bowmanhaney.example.com,2026-09-26 19:04:25,No answer,Sales call,ACME-A007957
chelsea.jensen@ayersswanson.example.com,2026-09-26 19:41:00,Connected,Sales call,ACME-A007960
nathaniel.schwartz@bauergomezandsmith.example.com,2026-09-26 19:56:00,Connected,Sales call,ACME-A007961
kent.best@smithroman.example.com,2026-09-26 20:10:12,No answer,Sales call,ACME-A007962
michael.garner@daviesparkerandstanton.example.com,2026-09-26 20:57:44,No answer,Sales call,ACME-A007964
rachael.reed@huntplc.example.com,2026-09-26 21:06:06,No answer,Sales call,ACME-A007965
michael.adams@hernandezedwardsandharri.example.com,2026-09-26 21:36:22,No answer,Sales call,ACME-A007966
megan.montgomery@cruzmartinez.example.com,2026-09-26 22:04:15,Left voicemail,Sales call,ACME-A007968
joe.johnson@greengreerandjohnson.example.com,2026-09-26 22:38:57,Connected,Sales call,ACME-A007971
dustin.stephens@martinayalaandbernard.example.com,2026-09-26 23:35:27,Left voicemail,Sales call,ACME-A007972
stephen.white@davisrosalesandodonnell.example.com,2026-09-26 23:43:17,Connected,Sales call,ACME-A007973
jaime.cooke@hensleyllc.example.com,2026-09-26 23:59:49,Connected,Sales call,ACME-A007975
mary.washington@hallbush.example.com,2026-09-27 01:59:25,No answer,Sales call,ACME-A007977
chad.winters@chambersgroup.example.com,2026-09-27 02:37:14,Connected,Sales call,ACME-A007980
michael.harper@sandovalgroup.example.com,2026-09-27 03:19:35,No answer,Sales call,ACME-A007982
erica.morales@savagefreemanandwilliams.example.com,2026-09-27 03:43:28,Connected,Sales call,ACME-A007985
mary.washington@hallbush.example.com,2026-09-27 04:54:27,Connected,Sales call,ACME-A007987
erik.scott@walkermurphyandyoung.example.com,2026-09-27 05:45:26,No answer,Sales call,ACME-A007991
billy.perry@murrayjackson.example.com,2026-09-27 06:29:28,Connected,Sales call,ACME-A007993
kim.taylor@smithstone.example.com,2026-09-27 07:30:40,No answer,Sales call,ACME-A007995
christy.garcia@millerltd.example.com,2026-09-27 07:53:38,No answer,Sales call,ACME-A007996
james.white@wrightltd.example.com,2026-09-27 08:47:02,No answer,Sales call,ACME-A008000
kathy.ibarra@jonesllc.example.com,2026-09-27 08:52:06,Left voicemail,Sales call,ACME-A008001
stephanie.bullock@flemingltd.example.com,2026-09-27 10:07:19,Connected,Sales call,ACME-A008004
roy.carter@mcgrathbarnettandnichols.example.com,2026-09-27 10:15:36,No answer,Sales call,ACME-A008005
tanya.fuller@martinroberts.example.com,2026-09-27 11:06:58,No answer,Sales call,ACME-A008006
bruce.cox@kellerbyrd.example.com,2026-09-27 11:08:14,No answer,Sales call,ACME-A008007
hunter.richardson@rodriguezplc.example.com,2026-09-27 11:13:34,No answer,Sales call,ACME-A008008
jose.howard@waltersbowersanddickerso.example.com,2026-09-27 12:19:50,Connected,Sales call,ACME-A008011
james.jones@smithinc.example.com,2026-09-27 12:26:37,No answer,Sales call,ACME-A008013
michael.heath@griffinandsons.example.com,2026-09-27 12:51:22,Connected,Sales call,ACME-A008015
alexander.brown@ibarrawilliamsandlester.example.com,2026-09-27 15:07:04,No answer,Sales call,ACME-A008018
heather.johnson@barrltd.example.com,2026-09-27 15:15:14,Connected,Sales call,ACME-A008019
juan.ramos@mercadoplc.example.com,2026-09-27 16:40:42,Connected,Sales call,ACME-A008023
jaime.cooke@hensleyllc.example.com,2026-09-27 17:02:57,No answer,Sales call,ACME-A008024
george.brewer@murphypattersonandwarren.example.com,2026-09-27 17:58:30,Connected,Sales call,ACME-A008028
maria.webb@caldwellmartinez.example.com,2026-09-27 19:30:31,Connected,Sales call,ACME-A008033
robert.shea@wilsonjackson.example.com,2026-09-27 19:45:54,Connected,Sales call,ACME-A008035
michele.malone@christianmiller.example.com,2026-09-27 20:01:21,Connected,Sales call,ACME-A008036
ryan.burton@reeveslloyd.example.com,2026-09-27 21:07:11,Connected,Sales call,ACME-A008041
erica.jones@johnsonllc.example.com,2026-09-27 21:57:11,No answer,Sales call,ACME-A008045
jason.schmidt@douglaschandlerandlee.example.com,2026-09-27 22:52:47,Connected,Sales call,ACME-A008050
mary.barnett@roseblair.example.com,2026-09-28 01:27:19,No answer,Sales call,ACME-A008054
gregory.wolfe@wrightmcintosh.example.com,2026-09-28 02:38:30,No answer,Sales call,ACME-A008056
brenda.jensen@floydchavezandmann.example.com,2026-09-28 02:49:52,Connected,Sales call,ACME-A008057
brenda.powell@klineinc.example.com,2026-09-28 07:22:19,Connected,Sales call,ACME-A008065
sherri.flores@transantos.example.com,2026-09-28 07:39:25,Connected,Sales call,ACME-A008066
angelica.estrada@beaninc.example.com,2026-09-28 09:30:33,No answer,Sales call,ACME-A008071
nathaniel.schwartz@bauergomezandsmith.example.com,2026-09-28 09:35:46,Connected,Sales call,ACME-A008072
amanda.king@frankmurray.example.com,2026-09-28 11:32:36,No answer,Sales call,ACME-A008076
sarah.ross@brucegroup.example.com,2026-09-28 11:51:08,No answer,Sales call,ACME-A008077
jennifer.moore@hunterpowell.example.com,2026-09-28 11:58:23,No answer,Sales call,ACME-A008078
andrew.cameron@moraleswilsonandhall.example.com,2026-09-28 12:16:25,Left voicemail,Sales call,ACME-A008079
sherri.flores@transantos.example.com,2026-09-28 12:26:52,No answer,Sales call,ACME-A008081
ethan.palmer@rayllc.example.com,2026-09-28 13:31:54,No answer,Sales call,ACME-A008089
mary.barnett@roseblair.example.com,2026-09-28 13:39:23,Connected,Sales call,ACME-A008090
gary.king@jamesltd.example.com,2026-09-28 14:08:10,Connected,Sales call,ACME-A008091
gregory.jenkins@parkschase.example.com,2026-09-28 14:44:39,No answer,Sales call,ACME-A008093
gary.king@jamesltd.example.com,2026-09-28 14:59:18,Connected,Sales call,ACME-A008094
tanner.swanson@cochranllc.example.com,2026-09-28 15:11:46,Connected,Sales call,ACME-A008095
samuel.fowler@bassgroup.example.com,2026-09-28 15:24:33,Connected,Sales call,ACME-A008096
christine.fischer@andersonbrooks.example.com,2026-09-28 15:25:35,Connected,Sales call,ACME-A008097
dawn.martin@bradleygreene.example.com,2026-09-28 16:08:23,Connected,Sales call,ACME-A008101
erika.johnson@rodriguezgroup.example.com,2026-09-28 16:14:07,Connected,Sales call,ACME-A008102
april.malone@mercadoortizandbarnes.example.com,2026-09-28 17:21:35,Left voicemail,Sales call,ACME-A008108
donald.hunter@woodstokes.example.com,2026-09-28 17:30:55,No answer,Sales call,ACME-A008109
michael.huang@masongroup.example.com,2026-09-28 17:38:45,Connected,Sales call,ACME-A008110
emily.mcclain@langltd.example.com,2026-09-28 18:03:54,No answer,Sales call,ACME-A008111
micheal.brooks@robinsonblackwellandmart.example.com,2026-09-28 18:40:43,No answer,Sales call,ACME-A008112
kathleen.williams@stephensgravesandhancock.example.com,2026-09-28 18:48:01,Connected,Sales call,ACME-A008113
krystal.hoffman@thompsonmartinez.example.com,2026-09-28 19:27:41,Left voicemail,Sales call,ACME-A008116
matthew.evans@bowmaninc.example.com,2026-09-28 19:45:57,No answer,Sales call,ACME-A008118
bradley.thomas@floreslambertandball.example.com,2026-09-28 20:05:12,Connected,Sales call,ACME-A008119
bradley.thomas@floreslambertandball.example.com,2026-09-28 20:19:11,Left voicemail,Sales call,ACME-A008120
anthony.johnson@dunnholloway.example.com,2026-09-28 20:28:30,Connected,Sales call,ACME-A008121
diamond.allen@hartmandaniels.example.com,2026-09-28 21:12:51,Connected,Sales call,ACME-A008124
victoria.brown@johnsonmartin.example.com,2026-09-28 21:20:55,Connected,Sales call,ACME-A008126
isabella.miller@gregorysaundersandcole.example.com,2026-09-28 21:52:02,Connected,Sales call,ACME-A008130
sonya.navarro@cruzsawyer.example.com,2026-09-28 21:52:08,Connected,Sales call,ACME-A008131
chelsea.jensen@ayersswanson.example.com,2026-09-28 22:29:31,Left voicemail,Sales call,ACME-A008134
mary.washington@hallbush.example.com,2026-09-28 23:16:39,Left voicemail,Sales call,ACME-A008137
whitney.davis@parsonsfuentes.example.com,2026-09-29 00:55:17,Connected,Sales call,ACME-A008138
ronald.boone@wilsonhammond.example.com,2026-09-29 00:57:16,Left voicemail,Sales call,ACME-A008139
adam.harris@smithclaytonandramsey.example.com,2026-09-29 01:34:47,Connected,Sales call,ACME-A008141
gregory.wolfe@wrightmcintosh.example.com,2026-09-29 01:47:31,Left voicemail,Sales call,ACME-A008143
kathryn.gentry@castroryan.example.com,2026-09-29 01:48:55,Left voicemail,Sales call,ACME-A008144
stephanie.velasquez@martinezgarrettandboone.example.com,2026-09-29 02:39:52,No answer,Sales call,ACME-A008148
keith.carroll@russellsmith.example.com,2026-09-29 02:50:07,Connected,Sales call,ACME-A008149
stephanie.velasquez@martinezgarrettandboone.example.com,2026-09-29 03:11:49,No answer,Sales call,ACME-A008151
scott.jones@jenningsandsons.example.com,2026-09-29 04:29:39,Connected,Sales call,ACME-A008153
janet.reeves@carterllc.example.com,2026-09-29 04:41:10,No answer,Sales call,ACME-A008154
samantha.mann@thomasplc.example.com,2026-09-29 05:19:00,Left voicemail,Sales call,ACME-A008159
trevor.hernandez@carterclark.example.com,2026-09-29 06:00:38,No answer,Sales call,ACME-A008163
adam.harris@smithclaytonandramsey.example.com,2026-09-29 06:12:41,No answer,Sales call,ACME-A008164
jonathan.warner@lloydltd.example.com,2026-09-29 06:13:48,No answer,Sales call,ACME-A008165
jo.berger@scottsolis.example.com,2026-09-29 06:16:02,Left voicemail,Sales call,ACME-A008166
charles.green@robinsonltd.example.com,2026-09-29 07:05:02,Connected,Sales call,ACME-A008168
lisa.brown@cabreracantu.example.com,2026-09-29 08:10:48,No answer,Sales call,ACME-A008172
evan.wright@wilsongroup.example.com,2026-09-29 08:33:37,Left voicemail,Sales call,ACME-A008175
sarah.ross@brucegroup.example.com,2026-09-29 09:21:20,Connected,Sales call,ACME-A008177
tracy.clarke@youngbensonandadams.example.com,2026-09-29 09:27:47,Left voicemail,Sales call,ACME-A008178
tanner.swanson@cochranllc.example.com,2026-09-29 10:13:07,Connected,Sales call,ACME-A008182
jose.hart@penningtonmccoy.example.com,2026-09-29 10:25:16,Connected,Sales call,ACME-A008183
natalie.hanson@martinezvasquezandburch.example.com,2026-09-29 10:51:29,Connected,Sales call,ACME-A008184
jessica.johnson@leondavisandhughes.example.com,2026-09-29 11:19:29,No answer,Sales call,ACME-A008188
kevin.torres@cruzmooreandvilla.example.com,2026-09-29 11:28:01,Connected,Sales call,ACME-A008190
natalie.hanson@martinezvasquezandburch.example.com,2026-09-29 11:36:11,Connected,Sales call,ACME-A008192
timothy.nichols@wardhernandez.example.com,2026-09-29 11:36:20,No answer,Sales call,ACME-A008193
patricia.reyes@hallltd.example.com,2026-09-29 11:44:42,Connected,Sales call,ACME-A008195
brian.evans@wilsonmatthewsandtucker.example.com,2026-09-29 11:56:06,No answer,Sales call,ACME-A008196
george.owens@hicksberger.example.com,2026-09-29 12:03:41,Connected,Sales call,ACME-A008197
donald.anderson@baileyavery.example.com,2026-09-29 12:37:00,Connected,Sales call,ACME-A008199
natalie.hanson@martinezvasquezandburch.example.com,2026-09-29 12:41:41,No answer,Sales call,ACME-A008200
brenda.strickland@stoneyoung.example.com,2026-09-29 12:49:37,Left voicemail,Sales call,ACME-A008203
victoria.brown@johnsonmartin.example.com,2026-09-29 13:03:43,No answer,Sales call,ACME-A008205
david.koch@fletcherjosephanddelgado.example.com,2026-09-29 13:03:50,No answer,Sales call,ACME-A008206
alexis.george@baileyinc.example.com,2026-09-29 13:06:04,No answer,Sales call,ACME-A008207
kenneth.brown@grossgroup.example.com,2026-09-29 13:24:39,No answer,Sales call,ACME-A008210
mary.barnett@roseblair.example.com,2026-09-29 13:54:48,Connected,Sales call,ACME-A008211
faith.owens@whitesims.example.com,2026-09-29 14:10:15,Left voicemail,Sales call,ACME-A008212
kathleen.williams@stephensgravesandhancock.example.com,2026-09-29 14:12:51,No answer,Sales call,ACME-A008213
billy.perry@murrayjackson.example.com,2026-09-29 14:16:56,Connected,Sales call,ACME-A008214
sherri.flores@transantos.example.com,2026-09-29 14:43:01,Left voicemail,Sales call,ACME-A008217
cameron.stevens@whitecraig.example.com,2026-09-29 14:56:33,No answer,Sales call,ACME-A008218
nathaniel.schwartz@bauergomezandsmith.example.com,2026-09-29 15:58:35,Left voicemail,Sales call,ACME-A008223
angela.pennington@joneswang.example.com,2026-09-29 16:47:59,No answer,Sales call,ACME-A008226
michael.huang@masongroup.example.com,2026-09-29 17:00:07,No answer,Sales call,ACME-A008227
jason.atkinson@wolfeplc.example.com,2026-09-29 17:20:50,No answer,Sales call,ACME-A008228
bradley.thomas@floreslambertandball.example.com,2026-09-29 17:48:01,No answer,Sales call,ACME-A008229
nathaniel.schwartz@bauergomezandsmith.example.com,2026-09-29 18:27:14,Connected,Sales call,ACME-A008230
benjamin.bush@palmercurry.example.com,2026-09-29 18:43:12,Connected,Sales call,ACME-A008231
richard.owen@kaneplc.example.com,2026-09-29 18:44:29,Left voicemail,Sales call,ACME-A008232
cody.warner@kiddandsons.example.com,2026-09-29 18:51:31,Left voicemail,Sales call,ACME-A008233
trevor.hernandez@carterclark.example.com,2026-09-29 19:11:00,No answer,Sales call,ACME-A008237
justin.maldonado@lewisandsons.example.com,2026-09-29 19:51:35,Connected,Sales call,ACME-A008241
kathryn.saunders@jonesgarciaandrobinson.example.com,2026-09-29 21:30:32,No answer,Sales call,ACME-A008249
jose.howard@waltersbowersanddickerso.example.com,2026-09-29 21:38:39,Connected,Sales call,ACME-A008250
rachael.pace@mooremorganandparker.example.com,2026-09-29 22:06:22,No answer,Sales call,ACME-A008252
carol.anderson@terrygrahamandalexander.example.com,2026-09-29 23:19:27,No answer,Sales call,ACME-A008260
sherri.flores@transantos.example.com,2026-09-29 23:19:46,Left voicemail,Sales call,ACME-A008261
ashley.reed@potterllc.example.com,2026-09-29 23:48:48,Connected,Sales call,ACME-A008262
lisa.brown@cabreracantu.example.com,2026-09-30 00:41:49,No answer,Sales call,ACME-A008263
jason.mitchell@gamblecrawford.example.com,2026-09-30 00:42:18,No answer,Sales call,ACME-A008264
rodney.mueller@gibbshorton.example.com,2026-09-30 00:59:51,Connected,Sales call,ACME-A008265
melody.santos@greerolsonandblake.example.com,2026-09-30 01:44:52,No answer,Sales call,ACME-A008268
matthew.guerrero@richardsonmorgan.example.com,2026-09-30 01:50:24,Connected,Sales call,ACME-A008269
jeffrey.richardson@poncegroup.example.com,2026-09-30 02:34:39,Connected,Sales call,ACME-A008271
jose.hart@penningtonmccoy.example.com,2026-09-30 02:48:22,Connected,Sales call,ACME-A008272
john.jones@warnerandsons.example.com,2026-09-30 03:20:03,Connected,Sales call,ACME-A008275
kenneth.brown@grossgroup.example.com,2026-09-30 03:36:16,Left voicemail,Sales call,ACME-A008276
amanda.bryant@williamsinc.example.com,2026-09-30 03:47:02,No answer,Sales call,ACME-A008277
whitney.davis@parsonsfuentes.example.com,2026-09-30 04:21:45,No answer,Sales call,ACME-A008278
richard.owen@kaneplc.example.com,2026-09-30 04:40:53,Connected,Sales call,ACME-A008280
tina.kemp@douglasweber.example.com,2026-09-30 04:42:54,Left voicemail,Sales call,ACME-A008281
pamela.morrison@parsonscaldwellandgardne.example.com,2026-09-30 05:27:05,Connected,Sales call,ACME-A008285
gary.romero@williamsllc.example.com,2026-09-30 05:38:07,No answer,Sales call,ACME-A008286
jaime.cooke@hensleyllc.example.com,2026-09-30 05:43:23,Left voicemail,Sales call,ACME-A008287
joanne.hamilton@brucediaz.example.com,2026-09-30 05:56:26,Connected,Sales call,ACME-A008288
lisa.brown@cabreracantu.example.com,2026-09-30 06:35:49,No answer,Sales call,ACME-A008291
robert.morgan@hickskerrandmullins.example.com,2026-09-30 06:38:13,Left voicemail,Sales call,ACME-A008292
matthew.guerrero@richardsonmorgan.example.com,2026-09-30 07:25:25,Left voicemail,Sales call,ACME-A008293
brittany.young@onealhallandmccarthy.example.com,2026-09-30 07:57:31,Connected,Sales call,ACME-A008295
amy.hernandez@jonesinc.example.com,2026-09-30 08:18:45,No answer,Sales call,ACME-A008299
bruce.cox@kellerbyrd.example.com,2026-09-30 08:37:06,Connected,Sales call,ACME-A008302
allison.carter@perezgroup.example.com,2026-09-30 09:13:08,Left voicemail,Sales call,ACME-A008303
michael.pineda@rossltd.example.com,2026-09-30 09:27:13,Connected,Sales call,ACME-A008306
bobby.duran@browngroup.example.com,2026-09-30 10:21:35,Connected,Sales call,ACME-A008308
michael.pineda@rossltd.example.com,2026-09-30 10:24:02,Left voicemail,Sales call,ACME-A008309
dustin.potts@eatonlopezandreed.example.com,2026-09-30 10:55:20,Left voicemail,Sales call,ACME-A008314
jessica.johnson@leondavisandhughes.example.com,2026-09-30 12:12:08,Left voicemail,Sales call,ACME-A008322
reginald.palmer@maddoxweaver.example.com,2026-09-30 12:31:09,No answer,Sales call,ACME-A008324
rebecca.ramirez@griffingroup.example.com,2026-09-30 12:41:39,No answer,Sales call,ACME-A008326
sonya.nolan@mcdanielllc.example.com,2026-09-30 12:48:59,Connected,Sales call,ACME-A008328
john.scott@fullerdavis.example.com,2026-09-30 12:55:28,No answer,Sales call,ACME-A008329
sonya.nolan@mcdanielllc.example.com,2026-09-30 13:01:26,No answer,Sales call,ACME-A008330
emily.mcclain@langltd.example.com,2026-09-30 13:02:00,Connected,Sales call,ACME-A008331
mary.barnett@roseblair.example.com,2026-09-30 13:20:34,No answer,Sales call,ACME-A008333
timothy.smith@leeandsons.example.com,2026-09-30 13:24:59,Connected,Sales call,ACME-A008334
bruce.cox@kellerbyrd.example.com,2026-09-30 13:25:06,Left voicemail,Sales call,ACME-A008335
rachael.pace@mooremorganandparker.example.com,2026-09-30 13:37:50,No answer,Sales call,ACME-A008337
jaime.cooke@hensleyllc.example.com,2026-09-30 14:05:27,Connected,Sales call,ACME-A008341
ashley.reed@potterllc.example.com,2026-09-30 14:08:27,Left voicemail,Sales call,ACME-A008343
patricia.reyes@hallltd.example.com,2026-09-30 14:21:03,No answer,Sales call,ACME-A008344
erik.jones@jimenezcampbell.example.com,2026-09-30 14:35:15,Left voicemail,Sales call,ACME-A008349
carlos.schmidt@clarkgroup.example.com,2026-09-30 14:42:17,Connected,Sales call,ACME-A008350
jeffrey.richardson@poncegroup.example.com,2026-09-30 15:06:23,Left voicemail,Sales call,ACME-A008353
alexandra.anderson@caldwellhernandez.example.com,2026-09-30 15:11:09,Left voicemail,Sales call,ACME-A008354
jordan.henson@hawkinsjensenandadams.example.com,2026-09-30 15:18:03,No answer,Sales call,ACME-A008356
reginald.palmer@maddoxweaver.example.com,2026-09-30 15:35:09,No answer,Sales call,ACME-A008358
richard.perkins@rossllc.example.com,2026-09-30 15:39:14,No answer,Sales call,ACME-A008359
philip.armstrong@jenkinsmccarthy.example.com,2026-09-30 15:47:44,Left voicemail,Sales call,ACME-A008360
blake.walker@kleinmiller.example.com,2026-09-30 16:34:55,No answer,Sales call,ACME-A008366
evan.wright@wilsongroup.example.com,2026-09-30 16:48:38,Left voicemail,Sales call,ACME-A008367
lisa.brown@cabreracantu.example.com,2026-09-30 17:07:17,Connected,Sales call,ACME-A008369
carol.anderson@terrygrahamandalexander.example.com,2026-09-30 17:21:43,No answer,Sales call,ACME-A008370
whitney.morgan@lindseylawrenceandrose.example.com,2026-09-30 17:38:43,Connected,Sales call,ACME-A008371
timothy.smith@leeandsons.example.com,2026-09-30 17:53:26,Connected,Sales call,ACME-A008373
kenneth.matthews@wigginsfreeman.example.com,2026-09-30 17:55:56,Connected,Sales call,ACME-A008374
kari.gomez@ramosguerra.example.com,2026-09-30 17:56:24,Left voicemail,Sales call,ACME-A008375
janice.smith@allisonrogersanddoyle.example.com,2026-09-30 18:14:50,No answer,Sales call,ACME-A008377
sierra.sexton@torreshogan.example.com,2026-09-30 18:19:27,No answer,Sales call,ACME-A008378
kevin.nunez@kimllc.example.com,2026-09-30 18:34:41,No answer,Sales call,ACME-A008380
rebecca.ramirez@griffingroup.example.com,2026-09-30 18:57:33,No answer,Sales call,ACME-A008383
juan.ramos@mercadoplc.example.com,2026-09-30 19:11:07,No answer,Sales call,ACME-A008385
james.delacruz@meyerltd.example.com,2026-09-30 19:16:23,Left voicemail,Sales call,ACME-A008386
erik.jones@jimenezcampbell.example.com,2026-09-30 19:40:56,Left voicemail,Sales call,ACME-A008390
rachael.pace@mooremorganandparker.example.com,2026-09-30 19:47:07,Connected,Sales call,ACME-A008391
kelly.marshall@pageplc.example.com,2026-09-30 20:13:15,No answer,Sales call,ACME-A008394
john.hicks@hammondgroup.example.com,2026-09-30 20:37:03,Left voicemail,Sales call,ACME-A008395
nicole.murphy@curtisbates.example.com,2026-09-30 20:47:18,Left voicemail,Sales call,ACME-A008397
richard.perkins@rossllc.example.com,2026-09-30 20:52:41,No answer,Sales call,ACME-A008398
john.scott@fullerdavis.example.com,2026-09-30 20:53:50,Connected,Sales call,ACME-A008399
rachel.rivera@hoffmangalvan.example.com,2026-09-30 21:19:57,Connected,Sales call,ACME-A008403
ronald.conley@williamsonschneider.example.com,2026-09-30 21:42:31,No answer,Sales call,ACME-A008404
blake.walker@kleinmiller.example.com,2026-09-30 21:47:17,No answer,Sales call,ACME-A008405
curtis.barnes@masonandsons.example.com,2026-09-30 22:14:59,Connected,Sales call,ACME-A008410
kenneth.matthews@wigginsfreeman.example.com,2026-09-30 22:29:33,No answer,Sales call,ACME-A008412
david.schneider@paynehaynes.example.com,2026-09-30 22:30:11,No answer,Sales call,ACME-A008413
curtis.barnes@masonandsons.example.com,2026-09-30 23:16:27,No answer,Sales call,ACME-A008417
