activity_id,lead_id,type,date,outcome,owner
ACME-A000001,ACME-L00001,email,2026-04-01 05:40:20,sent,Marcus Lee
ACME-A000002,ACME-L00004,email,2026-04-01 09:20:51,replied,Marcus Lee
ACME-A000003,ACME-L00006,email,2026-04-01 10:00:45,replied,Dana Whitfield
ACME-A000004,ACME-L00008,email,2026-04-01 10:03:14,sent,Dana Whitfield
ACME-A000005,ACME-L00002,email,2026-04-01 12:40:46,replied,Dana Whitfield
ACME-A000006,ACME-L00005,email,2026-04-01 13:18:00,sent,Dana Whitfield
ACME-A000007,ACME-L00007,call,2026-04-01 13:48:51,no_answer,Marcus Lee
ACME-A000008,ACME-L00003,email,2026-04-01 14:40:32,bounced,Dana Whitfield
ACME-A000009,ACME-L00013,call,2026-04-01 15:30:07,no_answer,Acme Round Robin
ACME-A000010,ACME-L00011,CALL,2026-04-01 16:24:50,no_answer,Grace Kim
ACME-A000011,ACME-L00012,email,2026-04-01 16:46:17,sent,Dana Whitfield
ACME-A000012,ACME-L00014,call,2026-04-01 16:50:47,no_answer,Dana Whitfield
ACME-A000013,ACME-L00016,email,2026-04-01 19:14:03,sent,Dana Whitfield
ACME-A000014,ACME-L00010,CALL,2026-04-01 19:18:10,connected,Marcus Lee
ACME-A000015,ACME-L00017,call,2026-04-01 19:44:29,no_answer,Grace Kim
ACME-A000016,ACME-L00019,call,2026-04-01 20:26:41,connected,Grace Kim
ACME-A000017,ACME-L00015,call,2026-04-01 20:51:03,voicemail,Acme Round Robin
ACME-A000018,ACME-L00009,email,2026-04-02 00:59:42,sent,Marcus Lee
ACME-A000019,ACME-L00018,email,2026-04-02 02:25:13,sent,Priya Raman
ACME-A000020,ACME-L00020,email,2026-04-02 07:13:09,sent,Sofia Alvarez
ACME-A000021,ACME-L00025,call,2026-04-02 11:59:03,connected,Priya Raman
ACME-A000022,ACME-L00021,call,2026-04-02 12:08:33,voicemail,Dana Whitfield
ACME-A000023,ACME-L00029,call,2026-04-02 13:25:04,no_answer,Jordan Ellis
ACME-A000024,ACME-L00025,Call,2026-04-02 13:44:16,no_answer,Priya Raman
ACME-A000025,ACME-L00028,call,2026-04-02 13:48:26,no_answer,Owen Brooks
ACME-A000026,ACME-L00027,Email,2026-04-02 14:11:35,sent,Dana Whitfield
ACME-A000027,ACME-L00026,email,2026-04-02 14:39:27,sent,Marcus Lee
ACME-A000028,ACME-L00031,call,2026-04-02 16:19:33,voicemail,Jordan Ellis
ACME-A000029,ACME-L00033,call,2026-04-02 16:51:39,voicemail,Dana Whitfield
ACME-A000030,ACME-L00022,call,2026-04-02 17:18:41,voicemail,Owen Brooks
ACME-A000031,ACME-L00032,email,2026-04-02 17:25:57,sent,Jordan Ellis
ACME-A000032,ACME-L00035,email,2026-04-02 19:28:39,sent,Dana Whitfield
ACME-A000033,ACME-L00023,call,2026-04-02 21:20:27,voicemail,Dana Whitfield
ACME-A000034,ACME-L00030,call,2026-04-02 21:28:45,connected,Jordan Ellis
ACME-A000035,ACME-L00005,call,2026-04-02 21:43:00,connected,Dana Whitfield
ACME-A000036,ACME-L00001,call,2026-04-02 21:53:16,connected,Marcus Lee
ACME-A000037,ACME-L00021,call,2026-04-03 00:39:02,connected,Dana Whitfield
ACME-A000038,ACME-L00036,call,2026-04-03 00:56:16,voicemail,Grace Kim
ACME-A000039,ACME-L00038,email,2026-04-03 04:18:12,bounced,Dana Whitfield
ACME-A000040,ACME-L00020,email,2026-04-03 05:43:53,sent,Sofia Alvarez
ACME-A000041,ACME-L00024,email,2026-04-03 09:04:30,sent,Marcus Lee
ACME-A000042,ACME-L00027,Email,2026-04-03 09:25:04,sent,Dana Whitfield
ACME-A000043,ACME-L00039,call,2026-04-03 09:57:45,connected,Dana Whitfield
ACME-A000044,ACME-L00034,call,2026-04-03 11:22:24,connected,Priya Raman
ACME-A000045,ACME-L00041,email,2026-04-03 11:31:08,sent,Owen Brooks
ACME-A000046,ACME-L00044,email,2026-04-03 12:08:07,sent,Sofia Alvarez
ACME-A000047,ACME-L00045,email,2026-04-03 12:17:33,sent,Dana Whitfield
ACME-A000048,ACME-L00037,call,2026-04-03 14:50:31,connected,Dana Whitfield
ACME-A000049,ACME-L00049,email,2026-04-03 15:07:02,sent,Jordan Ellis
ACME-A000050,ACME-L00051,email,2026-04-03 15:32:42,replied,Dana Whitfield
ACME-A000051,ACME-L00043,call,2026-04-03 15:47:53,no_answer,Dana Whitfield
ACME-A000052,ACME-L00047,call,2026-04-03 15:48:53,no_answer,Priya Raman
ACME-A000053,ACME-L00050,call,2026-04-03 15:48:56,voicemail,Owen Brooks
ACME-A000054,ACME-L00046,email,2026-04-03 15:50:16,sent,Priya Raman
ACME-A000055,ACME-L00048,call,2026-04-03 16:18:54,voicemail,Acme Round Robin
ACME-A000056,ACME-L00042,call,2026-04-03 16:36:44,no_answer,Dana Whitfield
ACME-A000057,ACME-L00052,EMAIL,2026-04-03 16:53:20,sent,Priya Raman
ACME-A000058,ACME-L00012,email,2026-04-03 19:48:10,sent,Dana Whitfield
ACME-A000059,ACME-L00047,call,2026-04-03 19:54:56,connected,Priya Raman
ACME-A000060,ACME-L00035,call,2026-04-03 20:32:47,no_answer,Dana Whitfield
ACME-A000061,ACME-L00053,call,2026-04-03 22:02:11,connected,Grace Kim
ACME-A000062,ACME-L00040,email,2026-04-03 22:35:28,replied,Jordan Ellis
ACME-A000063,ACME-L00022,call,2026-04-03 22:53:06,no_answer,Owen Brooks
ACME-A000064,ACME-L00025,email,2026-04-04 03:48:19,sent,Priya Raman
ACME-A000065,ACME-L00054,email,2026-04-04 06:25:03,sent,Jordan Ellis
ACME-A000066,ACME-L00056,email,2026-04-04 10:47:09,sent,Priya Raman
ACME-A000067,ACME-L00008,email,2026-04-04 11:14:03,sent,Dana Whitfield
ACME-A000068,ACME-L00016,Email,2026-04-04 11:45:54,sent,Dana Whitfield
ACME-A000069,ACME-L00029,Call,2026-04-04 13:31:32,no_answer,Jordan Ellis
ACME-A000070,ACME-L00058,call,2026-04-04 15:19:37,no_answer,Jordan Ellis
ACME-A000071,ACME-L00057,call,2026-04-04 17:22:27,voicemail,Grace Kim
ACME-A000072,ACME-L00005,call,2026-04-04 22:02:41,no_answer,Dana Whitfield
ACME-A000073,ACME-L00021,call,2026-04-04 23:30:05,no_answer,Dana Whitfield
ACME-A000074,ACME-L00055,call,2026-04-05 02:23:02,connected,Marcus Lee
ACME-A000075,ACME-L00059,call,2026-04-05 05:19:49,no_answer,Marcus Lee
ACME-A000076,ACME-L00060,call,2026-04-05 06:16:56,voicemail,Dana Whitfield
ACME-A000077,ACME-L00007,call,2026-04-05 07:30:40,voicemail,Marcus Lee
ACME-A000078,ACME-L00063,email,2026-04-05 09:29:29,sent,Dana Whitfield
ACME-A000079,ACME-L00030,call,2026-04-05 11:15:32,no_answer,Jordan Ellis
ACME-A000080,ACME-L00025,Email,2026-04-05 11:20:16,sent,Priya Raman
ACME-A000081,ACME-L00020,call,2026-04-05 11:36:15,connected,Sofia Alvarez
ACME-A000082,ACME-L00016,MEETING,2026-04-05 13:27:03,held,Dana Whitfield
ACME-A000083,ACME-L00064,call,2026-04-05 14:50:23,voicemail,Dana Whitfield
ACME-A000084,ACME-L00065,call,2026-04-05 16:45:12,connected,Priya Raman
ACME-A000085,ACME-L00068,call,2026-04-05 20:02:21,voicemail,Priya Raman
ACME-A000086,ACME-L00067,email,2026-04-05 20:56:41,replied,Sofia Alvarez
ACME-A000087,ACME-L00061,email,2026-04-05 21:02:47,sent,Marcus Lee
ACME-A000088,ACME-L00069,email,2026-04-06 01:21:14,sent,Sofia Alvarez
ACME-A000089,ACME-L00071,call,2026-04-06 02:52:35,no_answer,Marcus Lee
ACME-A000090,ACME-L00070,call,2026-04-06 03:08:27,connected,Owen Brooks
ACME-A000091,ACME-L00062,call,2026-04-06 03:34:03,connected,Owen Brooks
ACME-A000092,ACME-L00022,meeting,2026-04-06 04:07:31,held,Owen Brooks
ACME-A000093,ACME-L00073,call,2026-04-06 07:10:42,no_answer,Acme Round Robin
ACME-A000094,ACME-L00035,call,2026-04-06 08:40:43,connected,Dana Whitfield
ACME-A000095,ACME-L00072,call,2026-04-06 11:11:03,no_answer,Priya Raman
ACME-A000096,ACME-L00076,call,2026-04-06 13:04:19,voicemail,Priya Raman
ACME-A000097,ACME-L00075,email,2026-04-06 14:08:27,sent,Owen Brooks
ACME-A000098,ACME-L00079,call,2026-04-06 14:18:58,voicemail,Owen Brooks
ACME-A000099,ACME-L00029,meeting,2026-04-06 14:27:07,held,Jordan Ellis
ACME-A000100,ACME-L00078,email,2026-04-06 14:45:15,sent,Jordan Ellis
ACME-A000101,ACME-L00066,Call,2026-04-06 14:50:33,connected,Priya Raman
ACME-A000102,ACME-L00080,email,2026-04-06 15:33:42,replied,Grace Kim
ACME-A000103,ACME-L00081,call,2026-04-06 15:35:05,no_answer,Dana Whitfield
ACME-A000104,ACME-L00077,email,2026-04-06 15:52:06,sent,Dana Whitfield
ACME-A000105,ACME-L00083,email,2026-04-06 17:32:36,sent,Dana Whitfield
ACME-A000106,ACME-L00085,CALL,2026-04-06 18:27:14,no_answer,Dana Whitfield
ACME-A000107,ACME-L00086,call,2026-04-06 19:07:04,connected,Owen Brooks
ACME-A000108,ACME-L00087,Call,2026-04-06 20:03:15,no_answer,Priya Raman
ACME-A000109,ACME-L00084,call,2026-04-06 20:17:45,no_answer,Acme Round Robin
ACME-A000110,ACME-L00082,call,2026-04-06 20:52:16,voicemail,Marcus Lee
ACME-A000111,ACME-L00012,email,2026-04-06 22:49:34,sent,Dana Whitfield
ACME-A000112,ACME-L00025,call,2026-04-07 01:00:41,voicemail,Priya Raman
ACME-A000113,ACME-L00051,EMAIL,2026-04-07 01:19:28,replied,Dana Whitfield
ACME-A000114,ACME-L00089,call,2026-04-07 02:39:28,no_answer,Grace Kim
ACME-A000115,ACME-L00020,email,2026-04-07 02:56:47,sent,Sofia Alvarez
ACME-A000116,ACME-L00075,email,2026-04-07 04:31:40,sent,Owen Brooks
ACME-A000117,ACME-L00037,email,2026-04-07 06:16:07,sent,Dana Whitfield
ACME-A000118,ACME-L00013,email,2026-04-07 06:50:47,replied,Acme Round Robin
ACME-A000119,ACME-L00088,email,2026-04-07 07:58:30,sent,Priya Raman
ACME-A000120,ACME-L00090,call,2026-04-07 10:11:31,no_answer,Priya Raman
ACME-A000121,ACME-L00029,call,2026-04-07 11:05:05,no_answer,Jordan Ellis
ACME-A000122,ACME-L00087,email,2026-04-07 11:15:41,sent,Priya Raman
ACME-A000123,ACME-L00002,email,2026-04-07 11:40:07,sent,Dana Whitfield
ACME-A000124,ACME-L00094,call,2026-04-07 12:10:49,connected,Marcus Lee
ACME-A000125,ACME-L00093,email,2026-04-07 14:43:51,sent,Sofia Alvarez
ACME-A000126,ACME-L00050,email,2026-04-07 15:06:41,replied,Owen Brooks
ACME-A000127,ACME-L00091,email,2026-04-07 16:21:53,sent,Jordan Ellis
ACME-A000128,ACME-L00088,call,2026-04-07 16:58:49,connected,Priya Raman
ACME-A000129,ACME-L00047,call,2026-04-07 17:00:40,no_answer,Priya Raman
ACME-A000130,ACME-L00087,call,2026-04-07 17:40:40,connected,Priya Raman
ACME-A000131,ACME-L00098,call,2026-04-07 18:26:48,voicemail,Marcus Lee
ACME-A000132,ACME-L00099,email,2026-04-07 18:32:11,replied,Dana Whitfield
ACME-A000133,ACME-L00047,call,2026-04-07 19:58:26,connected,Priya Raman
ACME-A000134,ACME-L00058,email,2026-04-07 20:28:34,replied,Jordan Ellis
ACME-A000135,ACME-L00012,meeting,2026-04-07 20:29:13,held,Dana Whitfield
ACME-A000136,ACME-L00102,email,2026-04-07 21:43:42,sent,Acme Round Robin
ACME-A000137,ACME-L00097,email,2026-04-07 22:08:15,replied,Marcus Lee
ACME-A000138,ACME-L00101,call,2026-04-07 22:15:51,no_answer,Priya Raman
ACME-A000139,ACME-L00100,call,2026-04-07 22:42:57,voicemail,Owen Brooks
ACME-A000140,ACME-L00009,email,2026-04-07 22:56:20,sent,Marcus Lee
ACME-A000141,ACME-L00104,email,2026-04-07 22:59:42,sent,Priya Raman
ACME-A000142,ACME-L00096,email,2026-04-07 23:27:30,sent,Owen Brooks
ACME-A000143,ACME-L00095,call,2026-04-08 00:51:15,no_answer,Marcus Lee
ACME-A000144,ACME-L00105,EMAIL,2026-04-08 00:58:49,replied,Marcus Lee
ACME-A000145,ACME-L00106,call,2026-04-08 06:31:08,connected,Sofia Alvarez
ACME-A000146,ACME-L00092,email,2026-04-08 06:40:33,replied,Dana Whitfield
ACME-A000147,ACME-L00080,email,2026-04-08 07:48:47,sent,Grace Kim
ACME-A000148,ACME-L00107,email,2026-04-08 07:56:31,sent,Dana Whitfield
ACME-A000149,ACME-L00108,email,2026-04-08 09:14:54,sent,Dana Whitfield
ACME-A000150,ACME-L00058,call,2026-04-08 09:29:48,connected,Jordan Ellis
ACME-A000151,ACME-L00111,call,2026-04-08 11:04:23,no_answer,Sofia Alvarez
ACME-A000152,ACME-L00110,call,2026-04-08 12:02:35,voicemail,Owen Brooks
ACME-A000153,ACME-L00113,email,2026-04-08 12:41:46,replied,Priya Raman
ACME-A000154,ACME-L00016,call,2026-04-08 12:49:53,connected,Dana Whitfield
ACME-A000155,ACME-L00114,email,2026-04-08 14:04:24,replied,Jordan Ellis
ACME-A000156,ACME-L00115,email,2026-04-08 14:17:39,sent,Jordan Ellis
ACME-A000157,ACME-L00112,email,2026-04-08 14:53:11,replied,Sofia Alvarez
ACME-A000158,ACME-L00120,call,2026-04-08 15:50:32,connected,Dana Whitfield
ACME-A000159,ACME-L00118,call,2026-04-08 16:10:28,connected,Dana Whitfield
ACME-A000160,ACME-L00103,call,2026-04-08 16:27:24,connected,Acme Round Robin
ACME-A000161,ACME-L00116,call,2026-04-08 16:43:36,connected,Marcus Lee
ACME-A000162,ACME-L00067,email,2026-04-08 16:52:44,sent,Sofia Alvarez
ACME-A000163,ACME-L00117,email,2026-04-08 17:04:53,sent,Priya Raman
ACME-A000164,ACME-L00121,call,2026-04-08 18:06:35,voicemail,Acme Round Robin
ACME-A000165,ACME-L00126,email,2026-04-08 18:10:10,sent,Dana Whitfield
ACME-A000166,ACME-L00125,CALL,2026-04-08 18:47:46,no_answer,Marcus Lee
ACME-A000167,ACME-L00119,call,2026-04-08 19:16:05,no_answer,Dana Whitfield
ACME-A000168,ACME-L00021,MEETING,2026-04-08 20:12:08,held,Dana Whitfield
ACME-A000169,ACME-L00124,call,2026-04-08 21:21:37,no_answer,Dana Whitfield
ACME-A000170,ACME-L00123,call,2026-04-08 21:29:44,no_answer,Dana Whitfield
ACME-A000171,ACME-L00024,email,2026-04-08 22:55:21,bounced,Marcus Lee
ACME-A000172,ACME-L00032,call,2026-04-08 23:30:50,connected,Jordan Ellis
ACME-A000173,ACME-L00046,call,2026-04-08 23:58:48,voicemail,Priya Raman
ACME-A000174,ACME-L00119,call,2026-04-08 23:59:35,no_answer,Dana Whitfield
ACME-A000175,ACME-L00127,email,2026-04-09 00:23:14,sent,Sofia Alvarez
ACME-A000176,ACME-L00088,call,2026-04-09 01:39:57,no_answer,Priya Raman
ACME-A000177,ACME-L00128,email,2026-04-09 02:18:08,replied,Sofia Alvarez
ACME-A000178,ACME-L00122,email,2026-04-09 04:26:18,sent,Priya Raman
ACME-A000179,ACME-L00061,email,2026-04-09 05:01:02,bounced,Marcus Lee
ACME-A000180,ACME-L00109,email,2026-04-09 05:29:10,replied,Grace Kim
ACME-A000181,ACME-L00129,email,2026-04-09 07:30:46,sent,Jordan Ellis
ACME-A000182,ACME-L00022,email,2026-04-09 07:46:29,sent,Owen Brooks
ACME-A000183,ACME-L00064,email,2026-04-09 08:27:46,bounced,Dana Whitfield
ACME-A000184,ACME-L00131,call,2026-04-09 09:06:43,connected,Owen Brooks
ACME-A000185,ACME-L00130,email,2026-04-09 09:13:40,sent,Grace Kim
ACME-A000186,ACME-L00096,email,2026-04-09 10:05:21,sent,Owen Brooks
ACME-A000187,ACME-L00103,email,2026-04-09 10:13:40,replied,Acme Round Robin
ACME-A000188,ACME-L00134,email,2026-04-09 10:44:25,sent,Marcus Lee
ACME-A000189,ACME-L00134,email,2026-04-09 10:48:28,sent,Marcus Lee
ACME-A000190,ACME-L00133,call,2026-04-09 11:28:11,connected,Jordan Ellis
ACME-A000191,ACME-L00137,call,2026-04-09 11:37:12,no_answer,Marcus Lee
ACME-A000192,ACME-L00025,email,2026-04-09 12:47:40,replied,Priya Raman
ACME-A000193,ACME-L00138,call,2026-04-09 13:23:50,no_answer,Dana Whitfield
ACME-A000194,ACME-L00132,call,2026-04-09 14:22:35,no_answer,Sofia Alvarez
ACME-A000195,ACME-L00135,call,2026-04-09 15:51:09,connected,Jordan Ellis
ACME-A000196,ACME-L00136,email,2026-04-09 15:59:41,replied,Owen Brooks
ACME-A000197,ACME-L00116,meeting,2026-04-09 16:14:30,held,Marcus Lee
ACME-A000198,ACME-L00069,email,2026-04-09 16:28:17,sent,Sofia Alvarez
ACME-A000199,ACME-L00109,call,2026-04-09 16:57:42,connected,Grace Kim
ACME-A000200,ACME-L00140,email,2026-04-09 17:35:10,sent,Acme Round Robin
ACME-A000201,ACME-L00142,email,2026-04-09 17:49:14,bounced,Dana Whitfield
ACME-A000202,ACME-L00146,email,2026-04-09 18:32:49,replied,Sofia Alvarez
ACME-A000203,ACME-L00094,call,2026-04-09 19:07:51,no_answer,Marcus Lee
ACME-A000204,ACME-L00037,call,2026-04-09 19:33:27,no_answer,Dana Whitfield
ACME-A000205,ACME-L00148,call,2026-04-09 19:51:27,connected,Marcus Lee
ACME-A000206,ACME-L00141,EMAIL,2026-04-09 19:55:38,sent,Dana Whitfield
ACME-A000207,ACME-L00127,call,2026-04-09 20:15:44,voicemail,Sofia Alvarez
ACME-A000208,ACME-L00139,call,2026-04-09 20:38:47,voicemail,Dana Whitfield
ACME-A000209,ACME-L00109,CALL,2026-04-09 20:54:18,connected,Grace Kim
ACME-A000210,ACME-L00116,email,2026-04-09 21:06:20,sent,Marcus Lee
ACME-A000211,ACME-L00001,email,2026-04-09 21:20:04,sent,Marcus Lee
ACME-A000212,ACME-L00074,Call,2026-04-09 22:15:26,no_answer,Jordan Ellis
ACME-A000213,ACME-L00104,call,2026-04-09 23:00:02,voicemail,Priya Raman
ACME-A000214,ACME-L00143,email,2026-04-09 23:00:25,sent,Dana Whitfield
ACME-A000215,ACME-L00073,call,2026-04-09 23:04:56,connected,Acme Round Robin
ACME-A000216,ACME-L00037,email,2026-04-09 23:48:33,sent,Dana Whitfield
ACME-A000217,ACME-L00025,email,2026-04-09 23:51:20,sent,Priya Raman
ACME-A000218,ACME-L00123,email,2026-04-10 00:58:16,sent,Dana Whitfield
ACME-A000219,ACME-L00145,call,2026-04-10 03:01:49,no_answer,Owen Brooks
ACME-A000220,ACME-L00003,email,2026-04-10 03:11:02,sent,Dana Whitfield
ACME-A000221,ACME-L00021,email,2026-04-10 03:51:55,sent,Dana Whitfield
ACME-A000222,ACME-L00149,CALL,2026-04-10 03:53:25,connected,Acme Round Robin
ACME-A000223,ACME-L00150,email,2026-04-10 06:23:27,sent,Sofia Alvarez
ACME-A000224,ACME-L00089,call,2026-04-10 07:25:16,voicemail,Grace Kim
ACME-A000225,ACME-L00109,email,2026-04-10 07:34:13,sent,Grace Kim
ACME-A000226,ACME-L00091,email,2026-04-10 07:52:10,replied,Jordan Ellis
ACME-A000227,ACME-L00152,call,2026-04-10 11:06:12,voicemail,Owen Brooks
ACME-A000228,ACME-L00104,call,2026-04-10 11:27:04,voicemail,Priya Raman
ACME-A000229,ACME-L00153,call,2026-04-10 11:54:06,no_answer,Grace Kim
ACME-A000230,ACME-L00144,email,2026-04-10 12:40:49,sent,Priya Raman
ACME-A000231,ACME-L00156,call,2026-04-10 14:28:42,connected,Jordan Ellis
ACME-A000232,ACME-L00151,call,2026-04-10 15:12:35,no_answer,Grace Kim
ACME-A000233,ACME-L00154,call,2026-04-10 15:32:02,no_answer,Jordan Ellis
ACME-A000234,ACME-L00083,call,2026-04-10 15:32:57,connected,Dana Whitfield
ACME-A000235,ACME-L00035,email,2026-04-10 16:49:56,replied,Dana Whitfield
ACME-A000236,ACME-L00157,call,2026-04-10 17:47:33,connected,Dana Whitfield
ACME-A000237,ACME-L00155,email,2026-04-10 19:28:57,bounced,Jordan Ellis
ACME-A000238,ACME-L00107,email,2026-04-10 19:53:07,sent,Dana Whitfield
ACME-A000239,ACME-L00147,call,2026-04-10 20:54:32,connected,Jordan Ellis
ACME-A000240,ACME-L00085,email,2026-04-10 21:27:09,replied,Dana Whitfield
ACME-A000241,ACME-L00159,email,2026-04-10 21:31:16,replied,Dana Whitfield
ACME-A000242,ACME-L00025,meeting,2026-04-10 21:31:28,no_show,Priya Raman
ACME-A000243,ACME-L00100,email,2026-04-10 21:47:25,sent,Owen Brooks
ACME-A000244,ACME-L00158,call,2026-04-10 22:16:20,connected,Marcus Lee
ACME-A000245,ACME-L00109,email,2026-04-11 00:07:15,sent,Grace Kim
ACME-A000246,ACME-L00027,email,2026-04-11 01:23:44,bounced,Dana Whitfield
ACME-A000247,ACME-L00092,email,2026-04-11 04:50:19,sent,Dana Whitfield
ACME-A000248,ACME-L00109,Call,2026-04-11 05:01:04,voicemail,Grace Kim
ACME-A000249,ACME-L00160,call,2026-04-11 05:57:08,no_answer,Priya Raman
ACME-A000250,ACME-L00160,email,2026-04-11 09:52:49,sent,Priya Raman
ACME-A000251,ACME-L00028,email,2026-04-11 10:09:54,sent,Owen Brooks
ACME-A000252,ACME-L00161,email,2026-04-11 11:06:56,sent,Marcus Lee
ACME-A000253,ACME-L00087,call,2026-04-11 12:03:58,connected,Priya Raman
ACME-A000254,ACME-L00162,call,2026-04-11 12:10:35,no_answer,Sofia Alvarez
ACME-A000255,ACME-L00057,email,2026-04-11 14:46:03,sent,Grace Kim
ACME-A000256,ACME-L00061,call,2026-04-11 15:53:53,no_answer,Marcus Lee
ACME-A000257,ACME-L00140,email,2026-04-11 16:12:52,sent,Acme Round Robin
ACME-A000258,ACME-L00026,email,2026-04-11 16:22:26,replied,Marcus Lee
ACME-A000259,ACME-L00164,call,2026-04-11 17:07:12,voicemail,Dana Whitfield
ACME-A000260,ACME-L00163,call,2026-04-11 17:59:41,no_answer,Jordan Ellis
ACME-A000261,ACME-L00032,email,2026-04-11 18:08:01,sent,Jordan Ellis
ACME-A000262,ACME-L00165,email,2026-04-11 19:35:49,sent,Dana Whitfield
ACME-A000263,ACME-L00168,call,2026-04-11 19:55:19,connected,Acme Round Robin
ACME-A000264,ACME-L00169,call,2026-04-11 19:58:51,connected,Owen Brooks
ACME-A000265,ACME-L00082,email,2026-04-11 20:38:24,sent,Marcus Lee
ACME-A000266,ACME-L00025,call,2026-04-11 21:46:34,voicemail,Priya Raman
ACME-A000267,ACME-L00014,email,2026-04-11 22:09:00,sent,Dana Whitfield
ACME-A000268,ACME-L00074,call,2026-04-11 22:39:29,no_answer,Jordan Ellis
ACME-A000269,ACME-L00135,call,2026-04-11 23:16:58,no_answer,Jordan Ellis
ACME-A000270,ACME-L00161,call,2026-04-11 23:49:55,no_answer,Marcus Lee
ACME-A000271,ACME-L00053,email,2026-04-12 00:35:24,sent,Grace Kim
ACME-A000272,ACME-L00166,CALL,2026-04-12 01:17:18,no_answer,Jordan Ellis
ACME-A000273,ACME-L00132,call,2026-04-12 01:19:26,no_answer,Sofia Alvarez
ACME-A000274,ACME-L00170,EMAIL,2026-04-12 02:19:30,sent,Jordan Ellis
ACME-A000275,ACME-L00167,call,2026-04-12 03:25:51,connected,Acme Round Robin
ACME-A000276,ACME-L00019,call,2026-04-12 06:00:26,connected,Grace Kim
ACME-A000277,ACME-L00047,email,2026-04-12 06:24:23,replied,Priya Raman
ACME-A000278,ACME-L00172,call,2026-04-12 10:26:44,voicemail,Priya Raman
ACME-A000279,ACME-L00096,Email,2026-04-12 10:44:55,sent,Owen Brooks
ACME-A000280,ACME-L00025,call,2026-04-12 11:09:32,connected,Priya Raman
ACME-A000281,ACME-L00171,call,2026-04-12 11:32:59,connected,Marcus Lee
ACME-A000282,ACME-L00099,email,2026-04-12 12:25:57,sent,Dana Whitfield
ACME-A000283,ACME-L00176,email,2026-04-12 14:08:01,sent,Priya Raman
ACME-A000284,ACME-L00122,call,2026-04-12 14:52:56,connected,Priya Raman
ACME-A000285,ACME-L00175,email,2026-04-12 15:12:21,sent,Dana Whitfield
ACME-A000286,ACME-L00173,call,2026-04-12 15:34:41,connected,Jordan Ellis
ACME-A000287,ACME-L00118,email,2026-04-12 16:06:52,sent,Dana Whitfield
ACME-A000288,ACME-L00178,call,2026-04-12 17:46:06,voicemail,Sofia Alvarez
ACME-A000289,ACME-L00070,email,2026-04-12 17:59:06,replied,Owen Brooks
ACME-A000290,ACME-L00179,email,2026-04-12 19:25:31,sent,Acme Round Robin
ACME-A000291,ACME-L00174,email,2026-04-12 21:11:21,replied,Marcus Lee
ACME-A000292,ACME-L00131,email,2026-04-12 21:47:29,sent,Owen Brooks
ACME-A000293,ACME-L00182,email,2026-04-13 00:16:59,sent,Sofia Alvarez
ACME-A000294,ACME-L00177,call,2026-04-13 01:29:15,connected,Dana Whitfield
ACME-A000295,ACME-L00180,call,2026-04-13 01:57:45,no_answer,Jordan Ellis
ACME-A000296,ACME-L00123,email,2026-04-13 02:32:44,sent,Dana Whitfield
ACME-A000297,ACME-L00181,call,2026-04-13 04:02:11,no_answer,Owen Brooks
ACME-A000298,ACME-L00123,call,2026-04-13 04:43:59,no_answer,Dana Whitfield
ACME-A000299,ACME-L00184,call,2026-04-13 05:09:35,no_answer,Priya Raman
ACME-A000300,ACME-L00094,call,2026-04-13 05:45:53,voicemail,Marcus Lee
ACME-A000301,ACME-L00171,call,2026-04-13 08:03:30,no_answer,Marcus Lee
ACME-A000302,ACME-L00185,CALL,2026-04-13 08:52:56,connected,Dana Whitfield
ACME-A000303,ACME-L00189,call,2026-04-13 10:12:37,no_answer,Marcus Lee
ACME-A000304,ACME-L00187,Email,2026-04-13 11:19:37,sent,Jordan Ellis
ACME-A000305,ACME-L00191,call,2026-04-13 12:06:45,voicemail,Owen Brooks
ACME-A000306,ACME-L00086,Email,2026-04-13 12:28:14,sent,Owen Brooks
ACME-A000307,ACME-L00183,call,2026-04-13 12:38:24,voicemail,Dana Whitfield
ACME-A000308,ACME-L00176,email,2026-04-13 13:27:20,sent,Priya Raman
ACME-A000309,ACME-L00072,meeting,2026-04-13 13:58:03,held,Priya Raman
ACME-A000310,ACME-L00091,call,2026-04-13 14:05:54,no_answer,Jordan Ellis
ACME-A000311,ACME-L00192,email,2026-04-13 15:04:43,replied,Jordan Ellis
ACME-A000312,ACME-L00190,Call,2026-04-13 15:17:25,voicemail,Dana Whitfield
ACME-A000313,ACME-L00080,email,2026-04-13 15:35:40,sent,Grace Kim
ACME-A000314,ACME-L00193,call,2026-04-13 15:45:11,connected,Grace Kim
ACME-A000315,ACME-L00038,call,2026-04-13 15:52:52,voicemail,Dana Whitfield
ACME-A000316,ACME-L00196,call,2026-04-13 15:54:06,no_answer,Dana Whitfield
ACME-A000317,ACME-L00123,EMAIL,2026-04-13 16:19:05,sent,Dana Whitfield
ACME-A000318,ACME-L00150,meeting,2026-04-13 16:44:23,no_show,Sofia Alvarez
ACME-A000319,ACME-L00186,email,2026-04-13 17:23:04,sent,Acme Round Robin
ACME-A000320,ACME-L00194,email,2026-04-13 17:23:40,sent,Jordan Ellis
ACME-A000321,ACME-L00197,call,2026-04-13 18:24:09,voicemail,Sofia Alvarez
ACME-A000322,ACME-L00166,email,2026-04-13 19:26:56,sent,Jordan Ellis
ACME-A000323,ACME-L00008,email,2026-04-13 19:30:47,sent,Dana Whitfield
ACME-A000324,ACME-L00130,call,2026-04-13 20:16:48,no_answer,Grace Kim
ACME-A000325,ACME-L00002,email,2026-04-13 20:41:29,sent,Dana Whitfield
ACME-A000326,ACME-L00143,email,2026-04-13 20:42:06,sent,Dana Whitfield
ACME-A000327,ACME-L00176,call,2026-04-13 21:27:36,no_answer,Priya Raman
ACME-A000328,ACME-L00195,call,2026-04-13 21:30:04,no_answer,Dana Whitfield
ACME-A000329,ACME-L00198,call,2026-04-13 21:59:22,connected,Jordan Ellis
ACME-A000330,ACME-L00131,call,2026-04-13 22:42:46,no_answer,Owen Brooks
ACME-A000331,ACME-L00188,email,2026-04-13 23:03:24,sent,Sofia Alvarez
ACME-A000332,ACME-L00201,call,2026-04-13 23:07:01,connected,Dana Whitfield
ACME-A000333,ACME-L00200,call,2026-04-13 23:09:49,no_answer,Dana Whitfield
ACME-A000334,ACME-L00199,email,2026-04-13 23:49:13,sent,Acme Round Robin
ACME-A000335,ACME-L00027,MEETING,2026-04-13 23:51:57,rescheduled,Dana Whitfield
ACME-A000336,ACME-L00184,CALL,2026-04-14 00:55:22,no_answer,Priya Raman
ACME-A000337,ACME-L00202,call,2026-04-14 01:34:16,no_answer,Sofia Alvarez
ACME-A000338,ACME-L00113,call,2026-04-14 02:03:17,no_answer,Priya Raman
ACME-A000339,ACME-L00203,CALL,2026-04-14 02:07:08,connected,Owen Brooks
ACME-A000340,ACME-L00168,Call,2026-04-14 03:37:36,voicemail,Acme Round Robin
ACME-A000341,ACME-L00069,call,2026-04-14 04:28:51,connected,Sofia Alvarez
ACME-A000342,ACME-L00204,call,2026-04-14 05:59:13,connected,Dana Whitfield
ACME-A000343,ACME-L00112,email,2026-04-14 07:29:38,sent,Sofia Alvarez
ACME-A000344,ACME-L00163,call,2026-04-14 09:08:20,voicemail,Jordan Ellis
ACME-A000345,ACME-L00167,email,2026-04-14 10:25:46,bounced,Acme Round Robin
ACME-A000346,ACME-L00208,email,2026-04-14 11:44:48,sent,Grace Kim
ACME-A000347,ACME-L00207,email,2026-04-14 12:02:48,sent,Dana Whitfield
ACME-A000348,ACME-L00104,call,2026-04-14 12:06:11,voicemail,Priya Raman
ACME-A000349,ACME-L00080,email,2026-04-14 12:40:18,sent,Grace Kim
ACME-A000350,ACME-L00209,email,2026-04-14 12:46:37,replied,Sofia Alvarez
ACME-A000351,ACME-L00195,email,2026-04-14 13:56:05,sent,Dana Whitfield
ACME-A000352,ACME-L00173,email,2026-04-14 14:06:01,sent,Jordan Ellis
ACME-A000353,ACME-L00212,call,2026-04-14 14:41:26,voicemail,Owen Brooks
ACME-A000354,ACME-L00204,call,2026-04-14 16:55:54,no_answer,Dana Whitfield
ACME-A000355,ACME-L00211,email,2026-04-14 16:57:32,sent,Marcus Lee
ACME-A000356,ACME-L00206,call,2026-04-14 17:50:28,connected,Sofia Alvarez
ACME-A000357,ACME-L00214,call,2026-04-14 18:22:48,no_answer,Marcus Lee
ACME-A000358,ACME-L00004,Email,2026-04-14 18:25:21,sent,Marcus Lee
ACME-A000359,ACME-L00135,meeting,2026-04-14 18:41:40,held,Jordan Ellis
ACME-A000360,ACME-L00088,email,2026-04-14 19:10:24,sent,Priya Raman
ACME-A000361,ACME-L00182,call,2026-04-14 19:28:39,no_answer,Sofia Alvarez
ACME-A000362,ACME-L00019,email,2026-04-14 19:32:59,sent,Grace Kim
ACME-A000363,ACME-L00215,email,2026-04-14 19:39:26,replied,Grace Kim
ACME-A000364,ACME-L00213,email,2026-04-14 19:42:25,replied,Marcus Lee
ACME-A000365,ACME-L00133,call,2026-04-14 20:06:13,connected,Jordan Ellis
ACME-A000366,ACME-L00218,call,2026-04-14 20:49:19,voicemail,Marcus Lee
ACME-A000367,ACME-L00210,CALL,2026-04-14 21:06:27,no_answer,Priya Raman
ACME-A000368,ACME-L00092,email,2026-04-14 21:15:56,replied,Dana Whitfield
ACME-A000369,ACME-L00215,call,2026-04-14 21:23:12,no_answer,Grace Kim
ACME-A000370,ACME-L00217,email,2026-04-14 21:47:15,sent,Dana Whitfield
ACME-A000371,ACME-L00219,call,2026-04-14 22:17:45,voicemail,Marcus Lee
ACME-A000372,ACME-L00216,call,2026-04-14 22:23:33,voicemail,Dana Whitfield
ACME-A000373,ACME-L00220,call,2026-04-14 22:34:02,voicemail,Jordan Ellis
ACME-A000374,ACME-L00221,email,2026-04-14 23:32:18,sent,Owen Brooks
ACME-A000375,ACME-L00152,call,2026-04-14 23:58:53,voicemail,Owen Brooks
ACME-A000376,ACME-L00102,email,2026-04-15 00:02:15,sent,Acme Round Robin
ACME-A000377,ACME-L00135,call,2026-04-15 00:03:26,no_answer,Jordan Ellis
ACME-A000378,ACME-L00133,meeting,2026-04-15 01:11:19,held,Jordan Ellis
ACME-A000379,ACME-L00222,call,2026-04-15 01:45:54,voicemail,Marcus Lee
ACME-A000380,ACME-L00121,call,2026-04-15 01:57:04,no_answer,Acme Round Robin
ACME-A000381,ACME-L00174,email,2026-04-15 01:57:31,bounced,Marcus Lee
ACME-A000382,ACME-L00116,EMAIL,2026-04-15 02:07:53,sent,Marcus Lee
ACME-A000383,ACME-L00211,email,2026-04-15 03:12:46,replied,Marcus Lee
ACME-A000384,ACME-L00082,call,2026-04-15 03:36:04,no_answer,Marcus Lee
ACME-A000385,ACME-L00154,email,2026-04-15 03:54:20,sent,Jordan Ellis
ACME-A000386,ACME-L00205,call,2026-04-15 04:19:29,connected,Sofia Alvarez
ACME-A000387,ACME-L00101,call,2026-04-15 06:52:28,connected,Priya Raman
ACME-A000388,ACME-L00223,call,2026-04-15 06:54:49,no_answer,Priya Raman
ACME-A000389,ACME-L00102,email,2026-04-15 07:18:45,sent,Acme Round Robin
ACME-A000390,ACME-L00053,call,2026-04-15 08:04:55,no_answer,Grace Kim
ACME-A000391,ACME-L00224,call,2026-04-15 10:07:51,connected,Marcus Lee
ACME-A000392,ACME-L00226,email,2026-04-15 10:19:58,sent,Sofia Alvarez
ACME-A000393,ACME-L00094,call,2026-04-15 10:37:25,voicemail,Marcus Lee
ACME-A000394,ACME-L00094,call,2026-04-15 11:53:20,no_answer,Marcus Lee
ACME-A000395,ACME-L00010,email,2026-04-15 13:26:03,sent,Marcus Lee
ACME-A000396,ACME-L00205,email,2026-04-15 13:35:58,sent,Sofia Alvarez
ACME-A000397,ACME-L00214,email,2026-04-15 15:26:52,replied,Marcus Lee
ACME-A000398,ACME-L00051,call,2026-04-15 15:49:44,no_answer,Dana Whitfield
ACME-A000399,ACME-L00231,call,2026-04-15 15:58:01,no_answer,Owen Brooks
ACME-A000400,ACME-L00038,call,2026-04-15 16:16:49,no_answer,Dana Whitfield
ACME-A000401,ACME-L00227,email,2026-04-15 16:49:45,sent,Marcus Lee
ACME-A000402,ACME-L00230,email,2026-04-15 16:57:50,sent,Grace Kim
ACME-A000403,ACME-L00143,email,2026-04-15 18:34:02,sent,Dana Whitfield
ACME-A000404,ACME-L00232,CALL,2026-04-15 19:30:45,connected,Grace Kim
ACME-A000405,ACME-L00191,call,2026-04-15 19:33:06,connected,Owen Brooks
ACME-A000406,ACME-L00234,call,2026-04-15 20:52:19,connected,Sofia Alvarez
ACME-A000407,ACME-L00205,call,2026-04-15 21:10:25,connected,Sofia Alvarez
ACME-A000408,ACME-L00073,call,2026-04-15 23:02:15,voicemail,Acme Round Robin
ACME-A000409,ACME-L00212,email,2026-04-15 23:54:19,sent,Owen Brooks
ACME-A000410,ACME-L00039,call,2026-04-15 23:56:21,no_answer,Dana Whitfield
ACME-A000411,ACME-L00233,call,2026-04-16 00:15:29,voicemail,Owen Brooks
ACME-A000412,ACME-L00212,email,2026-04-16 00:47:19,sent,Owen Brooks
ACME-A000413,ACME-L00161,email,2026-04-16 01:32:19,sent,Marcus Lee
ACME-A000414,ACME-L00235,call,2026-04-16 01:50:49,no_answer,Priya Raman
ACME-A000415,ACME-L00177,email,2026-04-16 02:04:29,replied,Dana Whitfield
ACME-A000416,ACME-L00116,call,2026-04-16 03:03:22,voicemail,Marcus Lee
ACME-A000417,ACME-L00236,call,2026-04-16 03:32:43,voicemail,Owen Brooks
ACME-A000418,ACME-L00094,meeting,2026-04-16 03:40:37,no_show,Marcus Lee
ACME-A000419,ACME-L00094,call,2026-04-16 05:13:13,connected,Marcus Lee
ACME-A000420,ACME-L00237,call,2026-04-16 05:24:50,voicemail,Dana Whitfield
ACME-A000421,ACME-L00078,EMAIL,2026-04-16 06:07:47,sent,Jordan Ellis
ACME-A000422,ACME-L00169,email,2026-04-16 07:48:59,sent,Owen Brooks
ACME-A000423,ACME-L00079,call,2026-04-16 08:49:59,no_answer,Owen Brooks
ACME-A000424,ACME-L00225,call,2026-04-16 09:26:17,voicemail,Dana Whitfield
ACME-A000425,ACME-L00161,EMAIL,2026-04-16 09:26:26,sent,Marcus Lee
ACME-A000426,ACME-L00240,call,2026-04-16 10:21:13,connected,Acme Round Robin
ACME-A000427,ACME-L00243,call,2026-04-16 12:12:40,voicemail,Dana Whitfield
ACME-A000428,ACME-L00241,call,2026-04-16 12:30:05,connected,Marcus Lee
ACME-A000429,ACME-L00067,call,2026-04-16 12:31:46,connected,Sofia Alvarez
ACME-A000430,ACME-L00242,call,2026-04-16 12:55:42,no_answer,Sofia Alvarez
ACME-A000431,ACME-L00154,email,2026-04-16 13:07:57,replied,Jordan Ellis
ACME-A000432,ACME-L00248,call,2026-04-16 13:48:20,connected,Jordan Ellis
ACME-A000433,ACME-L00216,call,2026-04-16 14:08:25,voicemail,Dana Whitfield
ACME-A000434,ACME-L00247,email,2026-04-16 14:21:20,replied,Dana Whitfield
ACME-A000435,ACME-L00234,email,2026-04-16 14:40:40,sent,Sofia Alvarez
ACME-A000436,ACME-L00229,email,2026-04-16 14:57:21,replied,Marcus Lee
ACME-A000437,ACME-L00246,email,2026-04-16 15:23:24,sent,Sofia Alvarez
ACME-A000438,ACME-L00245,CALL,2026-04-16 15:26:21,connected,Dana Whitfield
ACME-A000439,ACME-L00062,email,2026-04-16 15:36:14,sent,Owen Brooks
ACME-A000440,ACME-L00208,email,2026-04-16 15:56:18,sent,Grace Kim
ACME-A000441,ACME-L00244,email,2026-04-16 17:05:15,sent,Jordan Ellis
ACME-A000442,ACME-L00250,email,2026-04-16 18:16:58,sent,Dana Whitfield
ACME-A000443,ACME-L00009,email,2026-04-16 18:23:48,sent,Marcus Lee
ACME-A000444,ACME-L00251,call,2026-04-16 18:49:31,no_answer,Sofia Alvarez
ACME-A000445,ACME-L00181,call,2026-04-16 18:59:59,no_answer,Owen Brooks
ACME-A000446,ACME-L00114,call,2026-04-16 19:40:43,connected,Jordan Ellis
ACME-A000447,ACME-L00249,email,2026-04-16 20:14:18,sent,Jordan Ellis
ACME-A000448,ACME-L00252,email,2026-04-16 21:04:27,bounced,Sofia Alvarez
ACME-A000449,ACME-L00004,call,2026-04-16 21:10:18,no_answer,Marcus Lee
ACME-A000450,ACME-L00070,email,2026-04-16 21:23:30,sent,Owen Brooks
ACME-A000451,ACME-L00239,call,2026-04-16 21:51:58,connected,Dana Whitfield
ACME-A000452,ACME-L00017,Email,2026-04-16 22:37:40,replied,Grace Kim
ACME-A000453,ACME-L00228,Email,2026-04-16 23:25:31,replied,Sofia Alvarez
ACME-A000454,ACME-L00059,call,2026-04-16 23:51:03,connected,Marcus Lee
ACME-A000455,ACME-L00166,call,2026-04-17 00:30:17,voicemail,Jordan Ellis
ACME-A000456,ACME-L00178,call,2026-04-17 02:51:18,no_answer,Sofia Alvarez
ACME-A000457,ACME-L00068,email,2026-04-17 03:02:41,sent,Priya Raman
ACME-A000458,ACME-L00242,call,2026-04-17 03:25:05,voicemail,Sofia Alvarez
ACME-A000459,ACME-L00161,call,2026-04-17 05:11:08,no_answer,Marcus Lee
ACME-A000460,ACME-L00208,Email,2026-04-17 05:56:35,sent,Grace Kim
ACME-A000461,ACME-L00112,email,2026-04-17 07:14:14,replied,Sofia Alvarez
ACME-A000462,ACME-L00146,call,2026-04-17 08:27:19,voicemail,Sofia Alvarez
ACME-A000463,ACME-L00168,email,2026-04-17 08:37:49,sent,Acme Round Robin
ACME-A000464,ACME-L00182,email,2026-04-17 08:39:13,sent,Sofia Alvarez
ACME-A000465,ACME-L00138,email,2026-04-17 09:46:58,sent,Dana Whitfield
ACME-A000466,ACME-L00255,email,2026-04-17 10:39:19,sent,Priya Raman
ACME-A000467,ACME-L00254,call,2026-04-17 11:17:00,connected,Dana Whitfield
ACME-A000468,ACME-L00080,email,2026-04-17 11:57:45,sent,Grace Kim
ACME-A000469,ACME-L00256,email,2026-04-17 12:45:50,sent,Grace Kim
ACME-A000470,ACME-L00002,email,2026-04-17 12:49:46,replied,Dana Whitfield
ACME-A000471,ACME-L00234,meeting,2026-04-17 13:05:56,held,Sofia Alvarez
ACME-A000472,ACME-L00080,email,2026-04-17 13:14:17,sent,Grace Kim
ACME-A000473,ACME-L00088,call,2026-04-17 13:32:32,no_answer,Priya Raman
ACME-A000474,ACME-L00253,call,2026-04-17 14:38:52,no_answer,Sofia Alvarez
ACME-A000475,ACME-L00257,call,2026-04-17 15:11:28,voicemail,Marcus Lee
ACME-A000476,ACME-L00259,call,2026-04-17 16:17:34,connected,Dana Whitfield
ACME-A000477,ACME-L00263,call,2026-04-17 16:39:28,voicemail,Jordan Ellis
ACME-A000478,ACME-L00261,email,2026-04-17 16:50:47,replied,Grace Kim
ACME-A000479,ACME-L00246,email,2026-04-17 17:13:05,bounced,Sofia Alvarez
ACME-A000480,ACME-L00260,call,2026-04-17 17:23:48,connected,Jordan Ellis
ACME-A000481,ACME-L00258,Call,2026-04-17 17:25:54,voicemail,Sofia Alvarez
ACME-A000482,ACME-L00264,Email,2026-04-17 18:48:50,replied,Dana Whitfield
ACME-A000483,ACME-L00212,call,2026-04-17 19:04:30,voicemail,Owen Brooks
ACME-A000484,ACME-L00160,email,2026-04-17 19:12:31,sent,Priya Raman
ACME-A000485,ACME-L00070,call,2026-04-17 19:26:22,no_answer,Owen Brooks
ACME-A000486,ACME-L00262,call,2026-04-17 21:49:52,connected,Dana Whitfield
ACME-A000487,ACME-L00256,call,2026-04-17 22:26:25,connected,Grace Kim
ACME-A000488,ACME-L00129,email,2026-04-17 22:43:31,sent,Jordan Ellis
ACME-A000489,ACME-L00266,call,2026-04-17 22:50:18,connected,Owen Brooks
ACME-A000490,ACME-L00242,email,2026-04-17 23:19:27,replied,Sofia Alvarez
ACME-A000491,ACME-L00267,email,2026-04-17 23:54:24,sent,Owen Brooks
ACME-A000492,ACME-L00044,email,2026-04-18 00:01:56,sent,Sofia Alvarez
ACME-A000493,ACME-L00192,call,2026-04-18 01:11:21,no_answer,Jordan Ellis
ACME-A000494,ACME-L00268,email,2026-04-18 02:09:00,sent,Sofia Alvarez
ACME-A000495,ACME-L00149,email,2026-04-18 07:02:43,sent,Acme Round Robin
ACME-A000496,ACME-L00238,email,2026-04-18 07:55:35,replied,Dana Whitfield
ACME-A000497,ACME-L00220,email,2026-04-18 08:11:03,replied,Jordan Ellis
ACME-A000498,ACME-L00265,email,2026-04-18 08:11:15,sent,Dana Whitfield
ACME-A000499,ACME-L00084,call,2026-04-18 08:52:54,connected,Acme Round Robin
ACME-A000500,ACME-L00019,email,2026-04-18 10:08:56,replied,Grace Kim
ACME-A000501,ACME-L00269,Email,2026-04-18 11:34:24,sent,Dana Whitfield
ACME-A000502,ACME-L00184,email,2026-04-18 13:31:32,bounced,Priya Raman
ACME-A000503,ACME-L00226,email,2026-04-18 14:26:32,replied,Sofia Alvarez
ACME-A000504,ACME-L00085,call,2026-04-18 14:46:01,connected,Dana Whitfield
ACME-A000505,ACME-L00270,call,2026-04-18 15:39:29,no_answer,Dana Whitfield
ACME-A000506,ACME-L00044,email,2026-04-18 16:56:02,bounced,Sofia Alvarez
ACME-A000507,ACME-L00152,email,2026-04-18 18:56:38,sent,Owen Brooks
ACME-A000508,ACME-L00104,call,2026-04-18 19:04:25,voicemail,Priya Raman
ACME-A000509,ACME-L00050,email,2026-04-18 19:08:49,sent,Owen Brooks
ACME-A000510,ACME-L00271,call,2026-04-18 19:23:42,voicemail,Jordan Ellis
ACME-A000511,ACME-L00264,email,2026-04-18 20:46:19,sent,Dana Whitfield
ACME-A000512,ACME-L00052,call,2026-04-18 21:20:03,voicemail,Priya Raman
ACME-A000513,ACME-L00216,email,2026-04-18 21:49:58,sent,Dana Whitfield
ACME-A000514,ACME-L00195,call,2026-04-18 22:43:26,voicemail,Dana Whitfield
ACME-A000515,ACME-L00213,email,2026-04-18 23:55:25,replied,Marcus Lee
ACME-A000516,ACME-L00114,call,2026-04-19 00:28:26,no_answer,Jordan Ellis
ACME-A000517,ACME-L00032,call,2026-04-19 00:43:59,connected,Jordan Ellis
ACME-A000518,ACME-L00240,email,2026-04-19 00:55:30,replied,Acme Round Robin
ACME-A000519,ACME-L00272,Email,2026-04-19 01:21:32,sent,Sofia Alvarez
ACME-A000520,ACME-L00258,call,2026-04-19 01:49:01,no_answer,Sofia Alvarez
ACME-A000521,ACME-L00273,call,2026-04-19 01:52:51,no_answer,Owen Brooks
ACME-A000522,ACME-L00054,call,2026-04-19 02:00:55,connected,Jordan Ellis
ACME-A000523,ACME-L00199,call,2026-04-19 02:22:47,connected,Acme Round Robin
ACME-A000524,ACME-L00166,meeting,2026-04-19 03:41:24,held,Jordan Ellis
ACME-A000525,ACME-L00253,email,2026-04-19 06:21:26,sent,Sofia Alvarez
ACME-A000526,ACME-L00273,call,2026-04-19 06:40:43,voicemail,Owen Brooks
ACME-A000527,ACME-L00248,call,2026-04-19 08:16:13,voicemail,Jordan Ellis
ACME-A000528,ACME-L00183,Call,2026-04-19 08:36:56,voicemail,Dana Whitfield
ACME-A000529,ACME-L00102,call,2026-04-19 08:50:25,voicemail,Acme Round Robin
ACME-A000530,ACME-L00163,call,2026-04-19 10:15:48,no_answer,Jordan Ellis
ACME-A000531,ACME-L00079,call,2026-04-19 11:13:18,connected,Owen Brooks
ACME-A000532,ACME-L00148,email,2026-04-19 12:32:14,sent,Marcus Lee
ACME-A000533,ACME-L00192,email,2026-04-19 12:53:44,sent,Jordan Ellis
ACME-A000534,ACME-L00276,call,2026-04-19 14:19:00,no_answer,Owen Brooks
ACME-A000535,ACME-L00269,call,2026-04-19 14:24:58,voicemail,Dana Whitfield
ACME-A000536,ACME-L00235,call,2026-04-19 14:49:00,voicemail,Priya Raman
ACME-A000537,ACME-L00275,email,2026-04-19 14:51:08,replied,Marcus Lee
ACME-A000538,ACME-L00090,meeting,2026-04-19 15:47:38,held,Priya Raman
ACME-A000539,ACME-L00274,email,2026-04-19 16:06:14,sent,Marcus Lee
ACME-A000540,ACME-L00032,email,2026-04-19 16:52:24,sent,Jordan Ellis
ACME-A000541,ACME-L00278,email,2026-04-19 17:38:12,sent,Priya Raman
ACME-A000542,ACME-L00279,Email,2026-04-19 18:04:40,replied,Dana Whitfield
ACME-A000543,ACME-L00277,call,2026-04-19 18:17:56,no_answer,Jordan Ellis
ACME-A000544,ACME-L00213,call,2026-04-19 19:31:42,no_answer,Marcus Lee
ACME-A000545,ACME-L00135,call,2026-04-19 20:38:31,voicemail,Jordan Ellis
ACME-A000546,ACME-L00274,call,2026-04-19 20:59:00,no_answer,Marcus Lee
ACME-A000547,ACME-L00089,call,2026-04-19 21:40:44,voicemail,Grace Kim
ACME-A000548,ACME-L00090,email,2026-04-19 21:48:39,sent,Priya Raman
ACME-A000549,ACME-L00284,email,2026-04-19 22:03:52,sent,Marcus Lee
ACME-A000550,ACME-L00281,email,2026-04-19 22:07:33,bounced,Grace Kim
ACME-A000551,ACME-L00280,email,2026-04-19 22:17:15,sent,Marcus Lee
ACME-A000552,ACME-L00282,email,2026-04-19 22:25:27,sent,Dana Whitfield
ACME-A000553,ACME-L00144,email,2026-04-19 23:14:58,bounced,Priya Raman
ACME-A000554,ACME-L00199,email,2026-04-19 23:21:18,replied,Acme Round Robin
ACME-A000555,ACME-L00065,call,2026-04-19 23:31:03,voicemail,Priya Raman
ACME-A000556,ACME-L00005,call,2026-04-20 00:43:59,connected,Dana Whitfield
ACME-A000557,ACME-L00283,email,2026-04-20 01:14:57,sent,Marcus Lee
ACME-A000558,ACME-L00127,call,2026-04-20 01:23:58,connected,Sofia Alvarez
ACME-A000559,ACME-L00135,email,2026-04-20 01:38:07,sent,Jordan Ellis
ACME-A000560,ACME-L00218,email,2026-04-20 01:43:03,sent,Marcus Lee
ACME-A000561,ACME-L00257,email,2026-04-20 03:20:59,sent,Marcus Lee
ACME-A000562,ACME-L00117,email,2026-04-20 04:59:20,sent,Priya Raman
ACME-A000563,ACME-L00218,call,2026-04-20 08:33:30,connected,Marcus Lee
ACME-A000564,ACME-L00285,email,2026-04-20 08:40:32,sent,Owen Brooks
ACME-A000565,ACME-L00134,call,2026-04-20 08:43:07,no_answer,Marcus Lee
ACME-A000566,ACME-L00114,meeting,2026-04-20 09:39:44,held,Jordan Ellis
ACME-A000567,ACME-L00234,Email,2026-04-20 10:50:31,sent,Sofia Alvarez
ACME-A000568,ACME-L00138,call,2026-04-20 11:06:22,no_answer,Dana Whitfield
ACME-A000569,ACME-L00177,email,2026-04-20 11:54:37,sent,Dana Whitfield
ACME-A000570,ACME-L00059,meeting,2026-04-20 12:23:33,held,Marcus Lee
ACME-A000571,ACME-L00094,email,2026-04-20 13:02:22,replied,Marcus Lee
ACME-A000572,ACME-L00006,call,2026-04-20 13:34:20,no_answer,Dana Whitfield
ACME-A000573,ACME-L00289,call,2026-04-20 13:48:41,no_answer,Dana Whitfield
ACME-A000574,ACME-L00293,call,2026-04-20 14:22:58,connected,Sofia Alvarez
ACME-A000575,ACME-L00291,call,2026-04-20 14:54:46,voicemail,Priya Raman
ACME-A000576,ACME-L00292,call,2026-04-20 15:03:38,no_answer,Jordan Ellis
ACME-A000577,ACME-L00288,call,2026-04-20 15:39:53,connected,Sofia Alvarez
ACME-A000578,ACME-L00294,call,2026-04-20 15:57:31,connected,Priya Raman
ACME-A000579,ACME-L00186,email,2026-04-20 17:11:07,sent,Acme Round Robin
ACME-A000580,ACME-L00290,email,2026-04-20 17:12:27,sent,Marcus Lee
ACME-A000581,ACME-L00296,email,2026-04-20 18:30:25,sent,Dana Whitfield
ACME-A000582,ACME-L00300,Call,2026-04-20 18:38:13,no_answer,Sofia Alvarez
ACME-A000583,ACME-L00299,call,2026-04-20 18:44:51,connected,Jordan Ellis
ACME-A000584,ACME-L00301,call,2026-04-20 19:02:22,connected,Dana Whitfield
ACME-A000585,ACME-L00082,email,2026-04-20 19:16:38,sent,Marcus Lee
ACME-A000586,ACME-L00286,call,2026-04-20 19:21:24,connected,Sofia Alvarez
ACME-A000587,ACME-L00287,email,2026-04-20 19:45:55,replied,Sofia Alvarez
ACME-A000588,ACME-L00094,email,2026-04-20 20:17:47,replied,Marcus Lee
ACME-A000589,ACME-L00077,email,2026-04-20 23:12:36,sent,Dana Whitfield
ACME-A000590,ACME-L00051,email,2026-04-20 23:24:35,sent,Dana Whitfield
ACME-A000591,ACME-L00295,call,2026-04-21 00:08:24,voicemail,Marcus Lee
ACME-A000592,ACME-L00282,email,2026-04-21 00:14:19,sent,Dana Whitfield
ACME-A000593,ACME-L00069,email,2026-04-21 00:25:10,sent,Sofia Alvarez
ACME-A000594,ACME-L00213,email,2026-04-21 02:13:40,sent,Marcus Lee
ACME-A000595,ACME-L00283,call,2026-04-21 02:15:30,no_answer,Marcus Lee
ACME-A000596,ACME-L00199,call,2026-04-21 02:44:45,no_answer,Acme Round Robin
ACME-A000597,ACME-L00196,call,2026-04-21 03:09:39,no_answer,Dana Whitfield
ACME-A000598,ACME-L00297,call,2026-04-21 03:42:49,connected,Sofia Alvarez
ACME-A000599,ACME-L00005,Email,2026-04-21 06:05:33,replied,Dana Whitfield
ACME-A000600,ACME-L00152,email,2026-04-21 06:12:36,sent,Owen Brooks
ACME-A000601,ACME-L00240,call,2026-04-21 06:48:44,connected,Acme Round Robin
ACME-A000602,ACME-L00205,email,2026-04-21 08:31:34,sent,Sofia Alvarez
ACME-A000603,ACME-L00298,email,2026-04-21 08:58:08,sent,Dana Whitfield
ACME-A000604,ACME-L00239,email,2026-04-21 09:54:53,replied,Dana Whitfield
ACME-A000605,ACME-L00057,call,2026-04-21 09:57:29,voicemail,Grace Kim
ACME-A000606,ACME-L00158,email,2026-04-21 10:58:15,sent,Marcus Lee
ACME-A000607,ACME-L00306,CALL,2026-04-21 11:22:49,no_answer,Priya Raman
ACME-A000608,ACME-L00256,call,2026-04-21 11:40:51,connected,Grace Kim
ACME-A000609,ACME-L00234,meeting,2026-04-21 11:43:29,held,Sofia Alvarez
ACME-A000610,ACME-L00232,call,2026-04-21 12:52:34,connected,Grace Kim
ACME-A000611,ACME-L00224,email,2026-04-21 13:26:33,replied,Marcus Lee
ACME-A000612,ACME-L00307,CALL,2026-04-21 13:46:28,connected,Priya Raman
ACME-A000613,ACME-L00304,call,2026-04-21 14:18:32,no_answer,Priya Raman
ACME-A000614,ACME-L00308,email,2026-04-21 14:24:37,replied,Marcus Lee
ACME-A000615,ACME-L00309,call,2026-04-21 14:52:22,voicemail,Owen Brooks
ACME-A000616,ACME-L00202,email,2026-04-21 15:06:57,sent,Sofia Alvarez
ACME-A000617,ACME-L00305,call,2026-04-21 15:42:53,connected,Priya Raman
ACME-A000618,ACME-L00148,call,2026-04-21 15:55:08,no_answer,Marcus Lee
ACME-A000619,ACME-L00303,call,2026-04-21 16:24:04,voicemail,Priya Raman
ACME-A000620,ACME-L00311,call,2026-04-21 16:34:51,voicemail,Priya Raman
ACME-A000621,ACME-L00021,email,2026-04-21 16:36:33,bounced,Dana Whitfield
ACME-A000622,ACME-L00310,call,2026-04-21 17:45:36,connected,Dana Whitfield
ACME-A000623,ACME-L00076,call,2026-04-21 18:22:01,connected,Priya Raman
ACME-A000624,ACME-L00276,call,2026-04-21 18:59:48,no_answer,Owen Brooks
ACME-A000625,ACME-L00314,email,2026-04-21 20:32:58,replied,Dana Whitfield
ACME-A000626,ACME-L00075,Email,2026-04-21 20:48:09,sent,Owen Brooks
ACME-A000627,ACME-L00302,Email,2026-04-21 20:53:46,sent,Grace Kim
ACME-A000628,ACME-L00201,Call,2026-04-21 21:13:50,no_answer,Dana Whitfield
ACME-A000629,ACME-L00312,call,2026-04-21 21:15:27,no_answer,Priya Raman
ACME-A000630,ACME-L00267,email,2026-04-22 00:30:55,bounced,Owen Brooks
ACME-A000631,ACME-L00315,call,2026-04-22 00:33:54,no_answer,Sofia Alvarez
ACME-A000632,ACME-L00105,email,2026-04-22 01:34:54,replied,Marcus Lee
ACME-A000633,ACME-L00128,CALL,2026-04-22 02:59:53,connected,Sofia Alvarez
ACME-A000634,ACME-L00204,call,2026-04-22 03:06:59,no_answer,Dana Whitfield
ACME-A000635,ACME-L00313,Call,2026-04-22 03:31:46,connected,Sofia Alvarez
ACME-A000636,ACME-L00221,call,2026-04-22 03:38:58,no_answer,Owen Brooks
ACME-A000637,ACME-L00045,email,2026-04-22 04:09:56,sent,Dana Whitfield
ACME-A000638,ACME-L00059,call,2026-04-22 05:28:36,no_answer,Marcus Lee
ACME-A000639,ACME-L00226,meeting,2026-04-22 05:37:22,held,Sofia Alvarez
ACME-A000640,ACME-L00316,email,2026-04-22 05:53:58,sent,Sofia Alvarez
ACME-A000641,ACME-L00290,email,2026-04-22 06:01:14,sent,Marcus Lee
ACME-A000642,ACME-L00303,call,2026-04-22 08:20:50,voicemail,Priya Raman
ACME-A000643,ACME-L00056,email,2026-04-22 09:24:41,sent,Priya Raman
ACME-A000644,ACME-L00317,call,2026-04-22 09:37:16,no_answer,Marcus Lee
ACME-A000645,ACME-L00142,email,2026-04-22 10:17:06,bounced,Dana Whitfield
ACME-A000646,ACME-L00320,call,2026-04-22 10:31:51,connected,Marcus Lee
ACME-A000647,ACME-L00309,meeting,2026-04-22 11:18:42,rescheduled,Owen Brooks
ACME-A000648,ACME-L00048,email,2026-04-22 11:50:06,sent,Acme Round Robin
ACME-A000649,ACME-L00179,email,2026-04-22 12:37:46,sent,Acme Round Robin
ACME-A000650,ACME-L00322,call,2026-04-22 13:15:57,no_answer,Dana Whitfield
ACME-A000651,ACME-L00318,email,2026-04-22 13:31:54,sent,Priya Raman
ACME-A000652,ACME-L00323,call,2026-04-22 13:39:52,voicemail,Sofia Alvarez
ACME-A000653,ACME-L00074,call,2026-04-22 13:41:24,no_answer,Jordan Ellis
ACME-A000654,ACME-L00324,email,2026-04-22 13:54:42,sent,Acme Round Robin
ACME-A000655,ACME-L00321,email,2026-04-22 14:10:43,replied,Dana Whitfield
ACME-A000656,ACME-L00217,email,2026-04-22 14:39:50,replied,Dana Whitfield
ACME-A000657,ACME-L00182,call,2026-04-22 14:44:23,connected,Sofia Alvarez
ACME-A000658,ACME-L00138,call,2026-04-22 15:16:10,connected,Dana Whitfield
ACME-A000659,ACME-L00068,email,2026-04-22 15:50:15,bounced,Priya Raman
ACME-A000660,ACME-L00049,call,2026-04-22 16:06:03,no_answer,Jordan Ellis
ACME-A000661,ACME-L00319,email,2026-04-22 16:10:55,sent,Grace Kim
ACME-A000662,ACME-L00198,call,2026-04-22 20:07:48,connected,Jordan Ellis
ACME-A000663,ACME-L00326,email,2026-04-22 20:18:20,sent,Sofia Alvarez
ACME-A000664,ACME-L00327,email,2026-04-22 21:28:14,replied,Dana Whitfield
ACME-A000665,ACME-L00052,call,2026-04-22 23:11:24,no_answer,Priya Raman
ACME-A000666,ACME-L00149,call,2026-04-22 23:20:53,no_answer,Acme Round Robin
ACME-A000667,ACME-L00270,email,2026-04-22 23:53:27,sent,Dana Whitfield
ACME-A000668,ACME-L00208,meeting,2026-04-23 00:58:00,held,Grace Kim
ACME-A000669,ACME-L00117,call,2026-04-23 04:19:25,voicemail,Priya Raman
ACME-A000670,ACME-L00325,call,2026-04-23 04:46:48,no_answer,Dana Whitfield
ACME-A000671,ACME-L00116,email,2026-04-23 04:57:06,sent,Marcus Lee
ACME-A000672,ACME-L00162,email,2026-04-23 07:03:28,sent,Sofia Alvarez
ACME-A000673,ACME-L00071,call,2026-04-23 09:41:30,no_answer,Marcus Lee
ACME-A000674,ACME-L00076,email,2026-04-23 09:54:50,sent,Priya Raman
ACME-A000675,ACME-L00330,call,2026-04-23 10:07:38,connected,Grace Kim
ACME-A000676,ACME-L00055,email,2026-04-23 10:25:14,sent,Marcus Lee
ACME-A000677,ACME-L00329,call,2026-04-23 11:41:55,connected,Dana Whitfield
ACME-A000678,ACME-L00334,email,2026-04-23 12:14:35,replied,Marcus Lee
ACME-A000679,ACME-L00331,Call,2026-04-23 12:25:54,no_answer,Sofia Alvarez
ACME-A000680,ACME-L00059,call,2026-04-23 12:49:11,connected,Marcus Lee
ACME-A000681,ACME-L00137,call,2026-04-23 14:07:09,voicemail,Marcus Lee
ACME-A000682,ACME-L00332,CALL,2026-04-23 14:17:15,connected,Dana Whitfield
ACME-A000683,ACME-L00337,call,2026-04-23 14:18:35,no_answer,Owen Brooks
ACME-A000684,ACME-L00242,email,2026-04-23 14:54:10,replied,Sofia Alvarez
ACME-A000685,ACME-L00063,email,2026-04-23 15:06:27,replied,Dana Whitfield
ACME-A000686,ACME-L00333,call,2026-04-23 15:13:53,connected,Sofia Alvarez
ACME-A000687,ACME-L00338,call,2026-04-23 15:45:36,no_answer,Dana Whitfield
ACME-A000688,ACME-L00328,Call,2026-04-23 16:19:55,no_answer,Dana Whitfield
ACME-A000689,ACME-L00309,call,2026-04-23 16:54:31,voicemail,Owen Brooks
ACME-A000690,ACME-L00250,call,2026-04-23 17:08:55,no_answer,Dana Whitfield
ACME-A000691,ACME-L00071,call,2026-04-23 18:28:09,no_answer,Marcus Lee
ACME-A000692,ACME-L00069,call,2026-04-23 19:26:53,connected,Sofia Alvarez
ACME-A000693,ACME-L00240,email,2026-04-23 19:28:32,replied,Acme Round Robin
ACME-A000694,ACME-L00238,email,2026-04-23 19:50:46,sent,Dana Whitfield
ACME-A000695,ACME-L00339,call,2026-04-23 21:25:21,no_answer,Dana Whitfield
ACME-A000696,ACME-L00088,meeting,2026-04-23 21:38:01,held,Priya Raman
ACME-A000697,ACME-L00243,call,2026-04-23 21:48:33,connected,Dana Whitfield
ACME-A000698,ACME-L00253,EMAIL,2026-04-23 22:31:21,sent,Sofia Alvarez
ACME-A000699,ACME-L00335,call,2026-04-23 23:16:10,connected,Owen Brooks
ACME-A000700,ACME-L00042,email,2026-04-23 23:34:18,sent,Dana Whitfield
ACME-A000701,ACME-L00223,call,2026-04-24 02:30:28,voicemail,Priya Raman
ACME-A000702,ACME-L00341,email,2026-04-24 02:36:05,replied,Marcus Lee
ACME-A000703,ACME-L00244,call,2026-04-24 03:09:23,no_answer,Jordan Ellis
ACME-A000704,ACME-L00178,email,2026-04-24 03:21:47,sent,Sofia Alvarez
ACME-A000705,ACME-L00264,email,2026-04-24 03:36:16,sent,Dana Whitfield
ACME-A000706,ACME-L00342,call,2026-04-24 03:55:28,connected,Dana Whitfield
ACME-A000707,ACME-L00273,email,2026-04-24 04:41:32,sent,Owen Brooks
ACME-A000708,ACME-L00313,EMAIL,2026-04-24 05:04:30,replied,Sofia Alvarez
ACME-A000709,ACME-L00343,email,2026-04-24 06:12:46,sent,Sofia Alvarez
ACME-A000710,ACME-L00088,meeting,2026-04-24 07:47:20,no_show,Priya Raman
ACME-A000711,ACME-L00296,email,2026-04-24 08:23:51,sent,Dana Whitfield
ACME-A000712,ACME-L00345,call,2026-04-24 09:42:30,connected,Sofia Alvarez
ACME-A000713,ACME-L00349,email,2026-04-24 09:48:47,sent,Sofia Alvarez
ACME-A000714,ACME-L00346,email,2026-04-24 10:23:12,sent,Marcus Lee
ACME-A000715,ACME-L00352,call,2026-04-24 12:50:14,no_answer,Priya Raman
ACME-A000716,ACME-L00354,call,2026-04-24 13:14:41,no_answer,Dana Whitfield
ACME-A000717,ACME-L00350,call,2026-04-24 14:20:38,connected,Grace Kim
ACME-A000718,ACME-L00353,email,2026-04-24 14:38:16,sent,Jordan Ellis
ACME-A000719,ACME-L00355,email,2026-04-24 14:42:33,sent,Sofia Alvarez
ACME-A000720,ACME-L00127,call,2026-04-24 15:09:57,no_answer,Sofia Alvarez
ACME-A000721,ACME-L00344,call,2026-04-24 15:19:27,no_answer,Sofia Alvarez
ACME-A000722,ACME-L00322,email,2026-04-24 15:43:56,sent,Dana Whitfield
ACME-A000723,ACME-L00340,email,2026-04-24 15:45:15,replied,Owen Brooks
ACME-A000724,ACME-L00336,Email,2026-04-24 15:52:37,sent,Acme Round Robin
ACME-A000725,ACME-L00351,call,2026-04-24 17:30:45,voicemail,Priya Raman
ACME-A000726,ACME-L00347,call,2026-04-24 18:30:10,no_answer,Owen Brooks
ACME-A000727,ACME-L00357,email,2026-04-24 18:45:14,sent,Marcus Lee
ACME-A000728,ACME-L00360,call,2026-04-24 19:04:27,no_answer,Priya Raman
ACME-A000729,ACME-L00143,call,2026-04-24 19:53:22,connected,Dana Whitfield
ACME-A000730,ACME-L00199,call,2026-04-24 20:15:16,connected,Acme Round Robin
ACME-A000731,ACME-L00358,email,2026-04-24 20:33:01,sent,Owen Brooks
ACME-A000732,ACME-L00221,Call,2026-04-24 20:45:20,no_answer,Owen Brooks
ACME-A000733,ACME-L00356,Call,2026-04-24 21:54:08,connected,Jordan Ellis
ACME-A000734,ACME-L00296,email,2026-04-24 22:11:48,sent,Dana Whitfield
ACME-A000735,ACME-L00321,call,2026-04-24 23:31:38,connected,Dana Whitfield
ACME-A000736,ACME-L00361,EMAIL,2026-04-25 00:27:45,sent,Marcus Lee
ACME-A000737,ACME-L00223,email,2026-04-25 01:14:43,sent,Priya Raman
ACME-A000738,ACME-L00352,email,2026-04-25 02:18:03,sent,Priya Raman
ACME-A000739,ACME-L00363,call,2026-04-25 03:06:35,voicemail,Dana Whitfield
ACME-A000740,ACME-L00348,email,2026-04-25 03:12:34,sent,Sofia Alvarez
ACME-A000741,ACME-L00359,call,2026-04-25 04:48:36,no_answer,Dana Whitfield
ACME-A000742,ACME-L00364,email,2026-04-25 06:08:41,sent,Dana Whitfield
ACME-A000743,ACME-L00088,call,2026-04-25 06:29:02,no_answer,Priya Raman
ACME-A000744,ACME-L00278,call,2026-04-25 07:05:58,voicemail,Priya Raman
ACME-A000745,ACME-L00214,email,2026-04-25 07:24:17,sent,Marcus Lee
ACME-A000746,ACME-L00335,email,2026-04-25 09:07:02,sent,Owen Brooks
ACME-A000747,ACME-L00242,email,2026-04-25 09:09:46,sent,Sofia Alvarez
ACME-A000748,ACME-L00310,email,2026-04-25 11:34:37,replied,Dana Whitfield
ACME-A000749,ACME-L00260,email,2026-04-25 11:50:14,sent,Jordan Ellis
ACME-A000750,ACME-L00360,email,2026-04-25 12:29:53,sent,Priya Raman
ACME-A000751,ACME-L00178,call,2026-04-25 12:32:23,connected,Sofia Alvarez
ACME-A000752,ACME-L00309,email,2026-04-25 12:36:31,sent,Owen Brooks
ACME-A000753,ACME-L00323,call,2026-04-25 12:43:43,connected,Sofia Alvarez
ACME-A000754,ACME-L00221,email,2026-04-25 12:54:49,sent,Owen Brooks
ACME-A000755,ACME-L00254,call,2026-04-25 13:02:32,no_answer,Dana Whitfield
ACME-A000756,ACME-L00362,call,2026-04-25 14:09:36,voicemail,Sofia Alvarez
ACME-A000757,ACME-L00365,email,2026-04-25 15:40:28,sent,Marcus Lee
ACME-A000758,ACME-L00136,email,2026-04-25 16:18:30,sent,Owen Brooks
ACME-A000759,ACME-L00079,call,2026-04-25 16:44:08,no_answer,Owen Brooks
ACME-A000760,ACME-L00245,Email,2026-04-25 17:33:55,sent,Dana Whitfield
ACME-A000761,ACME-L00345,email,2026-04-25 17:56:06,sent,Sofia Alvarez
ACME-A000762,ACME-L00177,call,2026-04-25 17:58:19,no_answer,Dana Whitfield
ACME-A000763,ACME-L00243,meeting,2026-04-25 18:19:21,held,Dana Whitfield
ACME-A000764,ACME-L00358,call,2026-04-25 18:21:17,no_answer,Owen Brooks
ACME-A000765,ACME-L00366,call,2026-04-25 18:28:17,no_answer,Priya Raman
ACME-A000766,ACME-L00282,email,2026-04-25 18:29:09,sent,Dana Whitfield
ACME-A000767,ACME-L00176,call,2026-04-25 18:58:28,voicemail,Priya Raman
ACME-A000768,ACME-L00367,email,2026-04-25 18:59:03,replied,Dana Whitfield
ACME-A000769,ACME-L00352,email,2026-04-25 19:10:17,replied,Priya Raman
ACME-A000770,ACME-L00334,call,2026-04-25 20:18:02,connected,Marcus Lee
ACME-A000771,ACME-L00368,call,2026-04-25 20:36:52,no_answer,Jordan Ellis
ACME-A000772,ACME-L00192,call,2026-04-25 22:45:17,connected,Jordan Ellis
ACME-A000773,ACME-L00355,call,2026-04-25 22:52:33,no_answer,Sofia Alvarez
ACME-A000774,ACME-L00027,email,2026-04-25 23:07:09,sent,Dana Whitfield
ACME-A000775,ACME-L00290,call,2026-04-25 23:43:42,connected,Marcus Lee
ACME-A000776,ACME-L00161,email,2026-04-26 03:00:24,replied,Marcus Lee
ACME-A000777,ACME-L00222,call,2026-04-26 05:05:52,connected,Marcus Lee
ACME-A000778,ACME-L00199,email,2026-04-26 06:21:57,sent,Acme Round Robin
ACME-A000779,ACME-L00166,email,2026-04-26 06:44:42,sent,Jordan Ellis
ACME-A000780,ACME-L00303,call,2026-04-26 07:22:22,connected,Priya Raman
ACME-A000781,ACME-L00249,call,2026-04-26 07:27:46,no_answer,Jordan Ellis
ACME-A000782,ACME-L00174,call,2026-04-26 08:05:30,voicemail,Marcus Lee
ACME-A000783,ACME-L00370,call,2026-04-26 08:40:13,voicemail,Owen Brooks
ACME-A000784,ACME-L00256,call,2026-04-26 09:43:33,connected,Grace Kim
ACME-A000785,ACME-L00294,email,2026-04-26 11:33:49,sent,Priya Raman
ACME-A000786,ACME-L00266,email,2026-04-26 11:50:07,sent,Owen Brooks
ACME-A000787,ACME-L00276,call,2026-04-26 11:58:27,voicemail,Owen Brooks
ACME-A000788,ACME-L00358,meeting,2026-04-26 12:17:15,held,Owen Brooks
ACME-A000789,ACME-L00297,email,2026-04-26 13:08:56,replied,Sofia Alvarez
ACME-A000790,ACME-L00369,email,2026-04-26 15:21:44,sent,Owen Brooks
ACME-A000791,ACME-L00333,email,2026-04-26 15:52:52,replied,Sofia Alvarez
ACME-A000792,ACME-L00369,call,2026-04-26 17:01:51,connected,Owen Brooks
ACME-A000793,ACME-L00322,email,2026-04-26 17:56:26,sent,Dana Whitfield
ACME-A000794,ACME-L00051,email,2026-04-26 18:01:56,sent,Dana Whitfield
ACME-A000795,ACME-L00283,email,2026-04-26 18:13:33,sent,Marcus Lee
ACME-A000796,ACME-L00322,email,2026-04-26 18:40:14,sent,Dana Whitfield
ACME-A000797,ACME-L00209,call,2026-04-26 20:13:31,no_answer,Sofia Alvarez
ACME-A000798,ACME-L00371,call,2026-04-26 20:30:35,connected,Dana Whitfield
ACME-A000799,ACME-L00361,call,2026-04-26 20:58:17,voicemail,Marcus Lee
ACME-A000800,ACME-L00101,call,2026-04-26 21:27:04,no_answer,Priya Raman
ACME-A000801,ACME-L00373,CALL,2026-04-26 23:48:08,connected,Jordan Ellis
ACME-A000802,ACME-L00081,email,2026-04-27 00:08:39,sent,Dana Whitfield
ACME-A000803,ACME-L00141,EMAIL,2026-04-27 01:09:55,sent,Dana Whitfield
ACME-A000804,ACME-L00240,call,2026-04-27 02:59:20,connected,Acme Round Robin
ACME-A000805,ACME-L00285,call,2026-04-27 03:35:34,connected,Owen Brooks
ACME-A000806,ACME-L00292,EMAIL,2026-04-27 03:47:32,sent,Jordan Ellis
ACME-A000807,ACME-L00141,email,2026-04-27 05:14:52,sent,Dana Whitfield
ACME-A000808,ACME-L00303,email,2026-04-27 05:57:37,sent,Priya Raman
ACME-A000809,ACME-L00148,meeting,2026-04-27 06:10:23,held,Marcus Lee
ACME-A000810,ACME-L00372,email,2026-04-27 06:40:01,sent,Sofia Alvarez
ACME-A000811,ACME-L00376,call,2026-04-27 06:58:25,voicemail,Dana Whitfield
ACME-A000812,ACME-L00338,call,2026-04-27 07:20:56,voicemail,Dana Whitfield
ACME-A000813,ACME-L00374,call,2026-04-27 07:46:55,connected,Marcus Lee
ACME-A000814,ACME-L00336,email,2026-04-27 08:30:24,sent,Acme Round Robin
ACME-A000815,ACME-L00359,email,2026-04-27 08:51:36,sent,Dana Whitfield
ACME-A000816,ACME-L00337,call,2026-04-27 09:02:03,no_answer,Owen Brooks
ACME-A000817,ACME-L00375,call,2026-04-27 09:30:17,connected,Acme Round Robin
ACME-A000818,ACME-L00226,meeting,2026-04-27 09:34:44,held,Sofia Alvarez
ACME-A000819,ACME-L00254,EMAIL,2026-04-27 10:34:07,replied,Dana Whitfield
ACME-A000820,ACME-L00068,email,2026-04-27 11:17:06,sent,Priya Raman
ACME-A000821,ACME-L00299,email,2026-04-27 12:56:04,sent,Jordan Ellis
ACME-A000822,ACME-L00378,call,2026-04-27 13:10:56,no_answer,Sofia Alvarez
ACME-A000823,ACME-L00122,email,2026-04-27 13:43:43,replied,Priya Raman
ACME-A000824,ACME-L00089,call,2026-04-27 14:19:43,voicemail,Grace Kim
ACME-A000825,ACME-L00178,call,2026-04-27 15:09:30,connected,Sofia Alvarez
ACME-A000826,ACME-L00379,call,2026-04-27 15:40:07,voicemail,Dana Whitfield
ACME-A000827,ACME-L00203,call,2026-04-27 16:49:26,connected,Owen Brooks
ACME-A000828,ACME-L00174,call,2026-04-27 17:40:07,connected,Marcus Lee
ACME-A000829,ACME-L00383,email,2026-04-27 17:43:46,replied,Owen Brooks
ACME-A000830,ACME-L00336,email,2026-04-27 18:24:56,sent,Acme Round Robin
ACME-A000831,ACME-L00386,Email,2026-04-27 19:04:38,sent,Acme Round Robin
ACME-A000832,ACME-L00215,email,2026-04-27 19:17:57,sent,Grace Kim
ACME-A000833,ACME-L00385,email,2026-04-27 19:33:10,replied,Priya Raman
ACME-A000834,ACME-L00088,email,2026-04-27 19:48:12,sent,Priya Raman
ACME-A000835,ACME-L00377,email,2026-04-27 20:04:58,bounced,Dana Whitfield
ACME-A000836,ACME-L00313,email,2026-04-27 20:19:35,sent,Sofia Alvarez
ACME-A000837,ACME-L00380,call,2026-04-27 20:20:54,voicemail,Jordan Ellis
ACME-A000838,ACME-L00362,call,2026-04-27 20:46:00,connected,Sofia Alvarez
ACME-A000839,ACME-L00310,call,2026-04-27 21:00:06,voicemail,Dana Whitfield
ACME-A000840,ACME-L00161,call,2026-04-27 21:09:48,no_answer,Marcus Lee
ACME-A000841,ACME-L00387,email,2026-04-27 21:38:06,bounced,Priya Raman
ACME-A000842,ACME-L00381,call,2026-04-27 22:23:25,no_answer,Dana Whitfield
ACME-A000843,ACME-L00255,call,2026-04-27 22:42:59,connected,Priya Raman
ACME-A000844,ACME-L00352,email,2026-04-27 22:51:04,sent,Priya Raman
ACME-A000845,ACME-L00382,call,2026-04-27 22:58:33,connected,Dana Whitfield
ACME-A000846,ACME-L00350,email,2026-04-27 23:51:51,sent,Grace Kim
ACME-A000847,ACME-L00352,call,2026-04-27 23:57:42,voicemail,Priya Raman
ACME-A000848,ACME-L00388,call,2026-04-28 00:18:20,connected,Marcus Lee
ACME-A000849,ACME-L00336,email,2026-04-28 00:45:28,replied,Acme Round Robin
ACME-A000850,ACME-L00248,email,2026-04-28 01:15:16,sent,Jordan Ellis
ACME-A000851,ACME-L00233,call,2026-04-28 01:38:42,no_answer,Owen Brooks
ACME-A000852,ACME-L00384,email,2026-04-28 01:42:01,sent,Marcus Lee
ACME-A000853,ACME-L00389,call,2026-04-28 02:55:58,connected,Jordan Ellis
ACME-A000854,ACME-L00211,email,2026-04-28 04:17:37,sent,Marcus Lee
ACME-A000855,ACME-L00347,EMAIL,2026-04-28 04:45:08,replied,Owen Brooks
ACME-A000856,ACME-L00390,email,2026-04-28 05:02:59,sent,Priya Raman
ACME-A000857,ACME-L00082,email,2026-04-28 05:23:57,bounced,Marcus Lee
ACME-A000858,ACME-L00175,call,2026-04-28 05:29:12,no_answer,Dana Whitfield
ACME-A000859,ACME-L00092,email,2026-04-28 06:28:03,sent,Dana Whitfield
ACME-A000860,ACME-L00303,call,2026-04-28 06:48:28,connected,Priya Raman
ACME-A000861,ACME-L00209,call,2026-04-28 07:18:15,connected,Sofia Alvarez
ACME-A000862,ACME-L00101,call,2026-04-28 07:51:04,no_answer,Priya Raman
ACME-A000863,ACME-L00180,email,2026-04-28 08:08:42,sent,Jordan Ellis
ACME-A000864,ACME-L00362,email,2026-04-28 08:39:45,sent,Sofia Alvarez
ACME-A000865,ACME-L00287,call,2026-04-28 09:41:22,connected,Sofia Alvarez
ACME-A000866,ACME-L00392,call,2026-04-28 09:51:15,voicemail,Marcus Lee
ACME-A000867,ACME-L00379,email,2026-04-28 10:18:51,replied,Dana Whitfield
ACME-A000868,ACME-L00248,email,2026-04-28 10:44:02,sent,Jordan Ellis
ACME-A000869,ACME-L00395,call,2026-04-28 11:10:33,no_answer,Sofia Alvarez
ACME-A000870,ACME-L00396,email,2026-04-28 11:12:32,sent,Priya Raman
ACME-A000871,ACME-L00397,call,2026-04-28 11:38:31,no_answer,Sofia Alvarez
ACME-A000872,ACME-L00394,call,2026-04-28 11:48:15,no_answer,Grace Kim
ACME-A000873,ACME-L00336,call,2026-04-28 12:50:09,no_answer,Acme Round Robin
ACME-A000874,ACME-L00393,email,2026-04-28 13:51:57,sent,Jordan Ellis
ACME-A000875,ACME-L00391,call,2026-04-28 14:04:48,voicemail,Sofia Alvarez
ACME-A000876,ACME-L00220,email,2026-04-28 14:28:08,sent,Jordan Ellis
ACME-A000877,ACME-L00272,email,2026-04-28 14:33:16,sent,Sofia Alvarez
ACME-A000878,ACME-L00100,email,2026-04-28 14:34:37,replied,Owen Brooks
ACME-A000879,ACME-L00144,call,2026-04-28 16:12:44,no_answer,Priya Raman
ACME-A000880,ACME-L00329,call,2026-04-28 16:25:51,voicemail,Dana Whitfield
ACME-A000881,ACME-L00346,call,2026-04-28 16:29:58,no_answer,Marcus Lee
ACME-A000882,ACME-L00323,Meeting,2026-04-28 16:35:05,held,Sofia Alvarez
ACME-A000883,ACME-L00221,email,2026-04-28 17:00:46,sent,Owen Brooks
ACME-A000884,ACME-L00400,email,2026-04-28 17:21:13,sent,Priya Raman
ACME-A000885,ACME-L00395,email,2026-04-28 18:36:26,sent,Sofia Alvarez
ACME-A000886,ACME-L00323,email,2026-04-28 18:41:09,replied,Sofia Alvarez
ACME-A000887,ACME-L00403,call,2026-04-28 18:44:03,connected,Priya Raman
ACME-A000888,ACME-L00147,email,2026-04-28 18:54:32,sent,Jordan Ellis
ACME-A000889,ACME-L00363,call,2026-04-28 19:04:21,no_answer,Dana Whitfield
ACME-A000890,ACME-L00171,email,2026-04-28 20:17:35,sent,Marcus Lee
ACME-A000891,ACME-L00402,call,2026-04-28 20:35:03,voicemail,Marcus Lee
ACME-A000892,ACME-L00289,call,2026-04-28 21:08:17,connected,Dana Whitfield
ACME-A000893,ACME-L00290,call,2026-04-28 21:24:44,voicemail,Marcus Lee
ACME-A000894,ACME-L00157,call,2026-04-28 21:30:21,voicemail,Dana Whitfield
ACME-A000895,ACME-L00401,email,2026-04-28 21:47:35,replied,Sofia Alvarez
ACME-A000896,ACME-L00281,email,2026-04-28 22:07:27,sent,Grace Kim
ACME-A000897,ACME-L00157,email,2026-04-29 00:09:23,replied,Dana Whitfield
ACME-A000898,ACME-L00407,EMAIL,2026-04-29 01:00:17,replied,Sofia Alvarez
ACME-A000899,ACME-L00228,email,2026-04-29 02:00:55,replied,Sofia Alvarez
ACME-A000900,ACME-L00249,email,2026-04-29 02:02:31,sent,Jordan Ellis
ACME-A000901,ACME-L00398,email,2026-04-29 04:02:28,replied,Grace Kim
ACME-A000902,ACME-L00180,call,2026-04-29 04:37:21,no_answer,Jordan Ellis
ACME-A000903,ACME-L00369,call,2026-04-29 04:42:00,connected,Owen Brooks
ACME-A000904,ACME-L00408,CALL,2026-04-29 04:48:01,no_answer,Dana Whitfield
ACME-A000905,ACME-L00278,call,2026-04-29 06:04:09,voicemail,Priya Raman
ACME-A000906,ACME-L00399,call,2026-04-29 06:18:17,connected,Jordan Ellis
ACME-A000907,ACME-L00344,email,2026-04-29 06:21:15,sent,Sofia Alvarez
ACME-A000908,ACME-L00406,call,2026-04-29 06:54:12,voicemail,Marcus Lee
ACME-A000909,ACME-L00358,call,2026-04-29 07:23:32,no_answer,Owen Brooks
ACME-A000910,ACME-L00388,email,2026-04-29 08:51:13,sent,Marcus Lee
ACME-A000911,ACME-L00348,Call,2026-04-29 08:56:38,no_answer,Sofia Alvarez
ACME-A000912,ACME-L00352,call,2026-04-29 10:05:07,no_answer,Priya Raman
ACME-A000913,ACME-L00409,call,2026-04-29 11:31:34,no_answer,Marcus Lee
ACME-A000914,ACME-L00148,email,2026-04-29 11:39:17,sent,Marcus Lee
ACME-A000915,ACME-L00323,email,2026-04-29 11:43:52,sent,Sofia Alvarez
ACME-A000916,ACME-L00410,call,2026-04-29 11:49:50,voicemail,Marcus Lee
ACME-A000917,ACME-L00172,email,2026-04-29 13:06:40,replied,Priya Raman
ACME-A000918,ACME-L00413,call,2026-04-29 14:06:43,voicemail,Priya Raman
ACME-A000919,ACME-L00411,EMAIL,2026-04-29 14:15:31,replied,Dana Whitfield
ACME-A000920,ACME-L00418,email,2026-04-29 14:21:33,sent,Priya Raman
ACME-A000921,ACME-L00421,call,2026-04-29 14:32:37,no_answer,Marcus Lee
ACME-A000922,ACME-L00414,call,2026-04-29 14:50:37,connected,Jordan Ellis
ACME-A000923,ACME-L00420,email,2026-04-29 15:58:56,sent,Dana Whitfield
ACME-A000924,ACME-L00415,call,2026-04-29 16:04:52,voicemail,Grace Kim
ACME-A000925,ACME-L00422,call,2026-04-29 16:09:57,no_answer,Dana Whitfield
ACME-A000926,ACME-L00423,call,2026-04-29 16:12:38,connected,Marcus Lee
ACME-A000927,ACME-L00416,email,2026-04-29 16:30:16,sent,Priya Raman
ACME-A000928,ACME-L00412,email,2026-04-29 17:21:11,replied,Jordan Ellis
ACME-A000929,ACME-L00191,email,2026-04-29 17:35:34,sent,Owen Brooks
ACME-A000930,ACME-L00319,call,2026-04-29 17:37:31,connected,Grace Kim
ACME-A000931,ACME-L00427,call,2026-04-29 18:02:19,connected,Marcus Lee
ACME-A000932,ACME-L00214,email,2026-04-29 18:20:30,sent,Marcus Lee
ACME-A000933,ACME-L00417,email,2026-04-29 18:26:40,sent,Priya Raman
ACME-A000934,ACME-L00229,call,2026-04-29 18:37:26,connected,Marcus Lee
ACME-A000935,ACME-L00424,EMAIL,2026-04-29 18:58:53,sent,Marcus Lee
ACME-A000936,ACME-L00419,call,2026-04-29 19:59:06,connected,Dana Whitfield
ACME-A000937,ACME-L00313,call,2026-04-29 21:09:45,no_answer,Sofia Alvarez
ACME-A000938,ACME-L00426,call,2026-04-29 21:23:48,no_answer,Grace Kim
ACME-A000939,ACME-L00425,call,2026-04-29 21:38:50,voicemail,Sofia Alvarez
ACME-A000940,ACME-L00397,call,2026-04-29 21:41:36,no_answer,Sofia Alvarez
ACME-A000941,ACME-L00307,email,2026-04-29 22:05:11,replied,Priya Raman
ACME-A000942,ACME-L00181,email,2026-04-29 22:45:54,sent,Owen Brooks
ACME-A000943,ACME-L00263,call,2026-04-30 00:09:23,no_answer,Jordan Ellis
ACME-A000944,ACME-L00428,email,2026-04-30 01:33:25,replied,Priya Raman
ACME-A000945,ACME-L00433,email,2026-04-30 02:37:56,sent,Sofia Alvarez
ACME-A000946,ACME-L00432,call,2026-04-30 02:43:35,voicemail,Jordan Ellis
ACME-A000947,ACME-L00392,call,2026-04-30 04:39:28,connected,Marcus Lee
ACME-A000948,ACME-L00431,email,2026-04-30 05:45:45,sent,Grace Kim
ACME-A000949,ACME-L00057,call,2026-04-30 06:17:52,voicemail,Grace Kim
ACME-A000950,ACME-L00256,MEETING,2026-04-30 07:00:27,held,Grace Kim
ACME-A000951,ACME-L00429,CALL,2026-04-30 07:54:10,no_answer,Marcus Lee
ACME-A000952,ACME-L00404,email,2026-04-30 08:17:53,bounced,Jordan Ellis
ACME-A000953,ACME-L00310,call,2026-04-30 09:16:23,connected,Dana Whitfield
ACME-A000954,ACME-L00395,call,2026-04-30 10:15:55,no_answer,Sofia Alvarez
ACME-A000955,ACME-L00436,call,2026-04-30 10:35:57,voicemail,Dana Whitfield
ACME-A000956,ACME-L00430,email,2026-04-30 10:36:43,replied,Sofia Alvarez
ACME-A000957,ACME-L00435,call,2026-04-30 11:27:28,no_answer,Priya Raman
ACME-A000958,ACME-L00332,EMAIL,2026-04-30 11:33:09,sent,Dana Whitfield
ACME-A000959,ACME-L00347,email,2026-04-30 11:36:37,sent,Owen Brooks
ACME-A000960,ACME-L00216,call,2026-04-30 11:41:58,no_answer,Dana Whitfield
ACME-A000961,ACME-L00398,call,2026-04-30 11:48:44,no_answer,Grace Kim
ACME-A000962,ACME-L00437,call,2026-04-30 12:08:04,voicemail,Jordan Ellis
ACME-A000963,ACME-L00432,email,2026-04-30 13:40:49,replied,Jordan Ellis
ACME-A000964,ACME-L00439,call,2026-04-30 13:45:26,connected,Owen Brooks
ACME-A000965,ACME-L00441,email,2026-04-30 14:16:22,replied,Sofia Alvarez
ACME-A000966,ACME-L00442,email,2026-04-30 14:29:42,sent,Jordan Ellis
ACME-A000967,ACME-L00412,email,2026-04-30 15:21:47,sent,Jordan Ellis
ACME-A000968,ACME-L00438,call,2026-04-30 15:47:38,no_answer,Owen Brooks
ACME-A000969,ACME-L00434,email,2026-04-30 15:54:46,replied,Priya Raman
ACME-A000970,ACME-L00404,email,2026-04-30 15:54:49,sent,Jordan Ellis
ACME-A000971,ACME-L00252,email,2026-04-30 16:28:25,sent,Sofia Alvarez
ACME-A000972,ACME-L00447,call,2026-04-30 16:37:05,no_answer,Priya Raman
ACME-A000973,ACME-L00443,call,2026-04-30 17:08:39,voicemail,Priya Raman
ACME-A000974,ACME-L00382,email,2026-04-30 18:13:44,sent,Dana Whitfield
ACME-A000975,ACME-L00449,email,2026-04-30 19:34:51,sent,Priya Raman
ACME-A000976,ACME-L00452,call,2026-04-30 19:39:58,no_answer,Owen Brooks
ACME-A000977,ACME-L00440,call,2026-04-30 19:43:57,connected,Marcus Lee
ACME-A000978,ACME-L00453,Call,2026-04-30 19:50:12,connected,Marcus Lee
ACME-A000979,ACME-L00451,email,2026-04-30 20:41:47,sent,Dana Whitfield
ACME-A000980,ACME-L00059,meeting,2026-04-30 20:54:37,held,Marcus Lee
ACME-A000981,ACME-L00253,email,2026-04-30 21:35:05,sent,Sofia Alvarez
ACME-A000982,ACME-L00448,call,2026-04-30 21:57:02,voicemail,Jordan Ellis
ACME-A000983,ACME-L00374,email,2026-04-30 22:42:26,sent,Marcus Lee
ACME-A000984,ACME-L00446,email,2026-04-30 23:18:24,sent,Priya Raman
ACME-A000985,ACME-L00160,email,2026-05-01 00:49:10,sent,Priya Raman
ACME-A000986,ACME-L00237,call,2026-05-01 00:49:59,no_answer,Dana Whitfield
ACME-A000987,ACME-L00454,call,2026-05-01 01:28:27,voicemail,Jordan Ellis
ACME-A000988,ACME-L00455,call,2026-05-01 01:57:25,no_answer,Sofia Alvarez
ACME-A000989,ACME-L00307,email,2026-05-01 02:02:09,replied,Priya Raman
ACME-A000990,ACME-L00176,call,2026-05-01 02:12:44,voicemail,Priya Raman
ACME-A000991,ACME-L00441,email,2026-05-01 03:13:33,sent,Sofia Alvarez
ACME-A000992,ACME-L00248,email,2026-05-01 04:05:42,sent,Jordan Ellis
ACME-A000993,ACME-L00385,call,2026-05-01 04:27:41,voicemail,Priya Raman
ACME-A000994,ACME-L00153,email,2026-05-01 04:39:11,sent,Grace Kim
ACME-A000995,ACME-L00450,call,2026-05-01 05:19:22,voicemail,Dana Whitfield
ACME-A000996,ACME-L00444,call,2026-05-01 05:32:08,voicemail,Jordan Ellis
ACME-A000997,ACME-L00295,call,2026-05-01 05:55:33,voicemail,Marcus Lee
ACME-A000998,ACME-L00221,email,2026-05-01 05:58:57,sent,Owen Brooks
ACME-A000999,ACME-L00210,email,2026-05-01 09:01:43,replied,Priya Raman
ACME-A001000,ACME-L00264,email,2026-05-01 09:06:17,sent,Dana Whitfield
ACME-A001001,ACME-L00461,email,2026-05-01 10:14:44,sent,Marcus Lee
ACME-A001002,ACME-L00459,call,2026-05-01 10:28:09,no_answer,Marcus Lee
ACME-A001003,ACME-L00312,Call,2026-05-01 11:03:43,no_answer,Priya Raman
ACME-A001004,ACME-L00457,email,2026-05-01 12:01:16,sent,Dana Whitfield
ACME-A001005,ACME-L00352,email,2026-05-01 12:04:31,sent,Priya Raman
ACME-A001006,ACME-L00463,call,2026-05-01 12:08:19,no_answer,Dana Whitfield
ACME-A001007,ACME-L00467,email,2026-05-01 12:35:35,replied,Owen Brooks
ACME-A001008,ACME-L00358,call,2026-05-01 12:41:20,connected,Owen Brooks
ACME-A001009,ACME-L00460,call,2026-05-01 13:03:27,voicemail,Grace Kim
ACME-A001010,ACME-L00344,email,2026-05-01 13:26:44,sent,Sofia Alvarez
ACME-A001011,ACME-L00468,email,2026-05-01 14:23:56,sent,Dana Whitfield
ACME-A001012,ACME-L00381,email,2026-05-01 14:31:54,sent,Dana Whitfield
ACME-A001013,ACME-L00425,call,2026-05-01 14:50:07,no_answer,Sofia Alvarez
ACME-A001014,ACME-L00465,call,2026-05-01 15:22:40,no_answer,Dana Whitfield
ACME-A001015,ACME-L00239,email,2026-05-01 16:07:38,sent,Dana Whitfield
ACME-A001016,ACME-L00445,call,2026-05-01 16:16:05,no_answer,Marcus Lee
ACME-A001017,ACME-L00458,email,2026-05-01 16:18:24,sent,Dana Whitfield
ACME-A001018,ACME-L00456,call,2026-05-01 16:21:17,connected,Dana Whitfield
ACME-A001019,ACME-L00286,meeting,2026-05-01 16:51:28,held,Sofia Alvarez
ACME-A001020,ACME-L00444,EMAIL,2026-05-01 16:54:59,replied,Jordan Ellis
ACME-A001021,ACME-L00428,call,2026-05-01 16:58:33,connected,Priya Raman
ACME-A001022,ACME-L00449,Call,2026-05-01 17:57:32,connected,Priya Raman
ACME-A001023,ACME-L00470,Email,2026-05-01 18:12:07,sent,Marcus Lee
ACME-A001024,ACME-L00282,email,2026-05-01 18:22:27,sent,Dana Whitfield
ACME-A001025,ACME-L00359,call,2026-05-01 19:09:09,no_answer,Dana Whitfield
ACME-A001026,ACME-L00368,email,2026-05-01 20:08:16,replied,Jordan Ellis
ACME-A001027,ACME-L00295,email,2026-05-01 21:24:14,sent,Marcus Lee
ACME-A001028,ACME-L00312,EMAIL,2026-05-01 22:05:52,sent,Priya Raman
ACME-A001029,ACME-L00462,email,2026-05-02 00:00:05,sent,Jordan Ellis
ACME-A001030,ACME-L00127,meeting,2026-05-02 00:25:47,held,Sofia Alvarez
ACME-A001031,ACME-L00352,email,2026-05-02 00:32:04,sent,Priya Raman
ACME-A001032,ACME-L00466,Call,2026-05-02 01:49:44,voicemail,Sofia Alvarez
ACME-A001033,ACME-L00262,email,2026-05-02 01:51:38,sent,Dana Whitfield
ACME-A001034,ACME-L00065,email,2026-05-02 02:06:28,sent,Priya Raman
ACME-A001035,ACME-L00472,email,2026-05-02 02:22:46,sent,Jordan Ellis
ACME-A001036,ACME-L00265,call,2026-05-02 03:49:16,no_answer,Dana Whitfield
ACME-A001037,ACME-L00469,call,2026-05-02 03:56:37,connected,Dana Whitfield
ACME-A001038,ACME-L00476,call,2026-05-02 05:14:15,connected,Owen Brooks
ACME-A001039,ACME-L00384,email,2026-05-02 06:12:34,sent,Marcus Lee
ACME-A001040,ACME-L00474,call,2026-05-02 06:43:04,connected,Priya Raman
ACME-A001041,ACME-L00475,email,2026-05-02 06:53:40,replied,Dana Whitfield
ACME-A001042,ACME-L00286,call,2026-05-02 08:45:29,no_answer,Sofia Alvarez
ACME-A001043,ACME-L00432,email,2026-05-02 08:54:31,sent,Jordan Ellis
ACME-A001044,ACME-L00359,email,2026-05-02 09:17:30,sent,Dana Whitfield
ACME-A001045,ACME-L00332,call,2026-05-02 10:43:42,connected,Dana Whitfield
ACME-A001046,ACME-L00405,call,2026-05-02 10:47:31,no_answer,Jordan Ellis
ACME-A001047,ACME-L00473,email,2026-05-02 11:33:46,replied,Marcus Lee
ACME-A001048,ACME-L00477,email,2026-05-02 12:45:09,sent,Marcus Lee
ACME-A001049,ACME-L00471,call,2026-05-02 12:52:11,no_answer,Grace Kim
ACME-A001050,ACME-L00059,email,2026-05-02 12:53:03,sent,Marcus Lee
ACME-A001051,ACME-L00219,call,2026-05-02 13:54:00,connected,Marcus Lee
ACME-A001052,ACME-L00333,call,2026-05-02 17:30:30,voicemail,Sofia Alvarez
ACME-A001053,ACME-L00179,email,2026-05-02 18:16:38,sent,Acme Round Robin
ACME-A001054,ACME-L00470,call,2026-05-02 19:48:07,connected,Marcus Lee
ACME-A001055,ACME-L00219,email,2026-05-02 20:18:40,sent,Marcus Lee
ACME-A001056,ACME-L00299,email,2026-05-02 22:57:09,replied,Jordan Ellis
ACME-A001057,ACME-L00348,call,2026-05-02 23:31:36,voicemail,Sofia Alvarez
ACME-A001058,ACME-L00381,email,2026-05-03 00:23:11,sent,Dana Whitfield
ACME-A001059,ACME-L00255,call,2026-05-03 01:02:37,connected,Priya Raman
ACME-A001060,ACME-L00468,email,2026-05-03 01:09:55,sent,Dana Whitfield
ACME-A001061,ACME-L00272,email,2026-05-03 01:34:23,sent,Sofia Alvarez
ACME-A001062,ACME-L00224,call,2026-05-03 01:37:32,voicemail,Marcus Lee
ACME-A001063,ACME-L00423,email,2026-05-03 02:29:52,sent,Marcus Lee
ACME-A001064,ACME-L00423,email,2026-05-03 02:30:13,sent,Marcus Lee
ACME-A001065,ACME-L00480,call,2026-05-03 02:53:26,no_answer,Marcus Lee
ACME-A001066,ACME-L00346,email,2026-05-03 03:56:39,sent,Marcus Lee
ACME-A001067,ACME-L00481,call,2026-05-03 04:16:24,connected,Dana Whitfield
ACME-A001068,ACME-L00479,call,2026-05-03 04:37:24,connected,Sofia Alvarez
ACME-A001069,ACME-L00459,email,2026-05-03 05:05:24,replied,Marcus Lee
ACME-A001070,ACME-L00482,call,2026-05-03 06:12:55,connected,Sofia Alvarez
ACME-A001071,ACME-L00474,email,2026-05-03 07:05:04,sent,Priya Raman
ACME-A001072,ACME-L00389,call,2026-05-03 07:33:47,voicemail,Jordan Ellis
ACME-A001073,ACME-L00414,call,2026-05-03 07:49:16,no_answer,Jordan Ellis
ACME-A001074,ACME-L00166,EMAIL,2026-05-03 09:27:06,sent,Jordan Ellis
ACME-A001075,ACME-L00344,call,2026-05-03 09:29:20,connected,Sofia Alvarez
ACME-A001076,ACME-L00259,email,2026-05-03 09:38:43,sent,Dana Whitfield
ACME-A001077,ACME-L00195,email,2026-05-03 10:32:42,sent,Dana Whitfield
ACME-A001078,ACME-L00383,email,2026-05-03 11:08:48,replied,Owen Brooks
ACME-A001079,ACME-L00464,call,2026-05-03 13:20:12,voicemail,Priya Raman
ACME-A001080,ACME-L00332,email,2026-05-03 13:31:12,sent,Dana Whitfield
ACME-A001081,ACME-L00404,call,2026-05-03 13:54:44,voicemail,Jordan Ellis
ACME-A001082,ACME-L00230,call,2026-05-03 16:02:37,voicemail,Grace Kim
ACME-A001083,ACME-L00483,email,2026-05-03 16:18:19,replied,Owen Brooks
ACME-A001084,ACME-L00352,email,2026-05-03 17:11:13,sent,Priya Raman
ACME-A001085,ACME-L00248,call,2026-05-03 17:13:15,voicemail,Jordan Ellis
ACME-A001086,ACME-L00484,call,2026-05-03 19:22:48,connected,Dana Whitfield
ACME-A001087,ACME-L00485,email,2026-05-03 19:30:06,sent,Marcus Lee
ACME-A001088,ACME-L00168,email,2026-05-03 20:31:26,sent,Acme Round Robin
ACME-A001089,ACME-L00313,meeting,2026-05-03 21:46:22,no_show,Sofia Alvarez
ACME-A001090,ACME-L00233,email,2026-05-03 23:01:56,sent,Owen Brooks
ACME-A001091,ACME-L00487,email,2026-05-03 23:25:05,sent,Dana Whitfield
ACME-A001092,ACME-L00426,call,2026-05-04 00:05:43,no_answer,Grace Kim
ACME-A001093,ACME-L00245,call,2026-05-04 00:20:15,connected,Dana Whitfield
ACME-A001094,ACME-L00057,call,2026-05-04 01:09:31,voicemail,Grace Kim
ACME-A001095,ACME-L00313,email,2026-05-04 01:15:34,sent,Sofia Alvarez
ACME-A001096,ACME-L00485,call,2026-05-04 01:50:02,voicemail,Marcus Lee
ACME-A001097,ACME-L00264,email,2026-05-04 02:25:29,replied,Dana Whitfield
ACME-A001098,ACME-L00236,email,2026-05-04 03:09:47,sent,Owen Brooks
ACME-A001099,ACME-L00136,email,2026-05-04 03:24:59,sent,Owen Brooks
ACME-A001100,ACME-L00059,email,2026-05-04 03:56:10,sent,Marcus Lee
ACME-A001101,ACME-L00395,email,2026-05-04 05:22:47,sent,Sofia Alvarez
ACME-A001102,ACME-L00364,email,2026-05-04 06:31:36,replied,Dana Whitfield
ACME-A001103,ACME-L00490,call,2026-05-04 07:35:49,connected,Dana Whitfield
ACME-A001104,ACME-L00494,CALL,2026-05-04 07:58:29,no_answer,Marcus Lee
ACME-A001105,ACME-L00253,Call,2026-05-04 08:00:07,voicemail,Sofia Alvarez
ACME-A001106,ACME-L00495,call,2026-05-04 09:03:45,connected,Priya Raman
ACME-A001107,ACME-L00491,CALL,2026-05-04 10:54:01,connected,Grace Kim
ACME-A001108,ACME-L00493,email,2026-05-04 11:10:33,replied,Sofia Alvarez
ACME-A001109,ACME-L00416,email,2026-05-04 11:23:15,sent,Priya Raman
ACME-A001110,ACME-L00502,call,2026-05-04 11:35:17,voicemail,Grace Kim
ACME-A001111,ACME-L00375,email,2026-05-04 11:42:39,sent,Acme Round Robin
ACME-A001112,ACME-L00488,call,2026-05-04 12:22:03,no_answer,Acme Round Robin
ACME-A001113,ACME-L00489,call,2026-05-04 12:23:03,connected,Dana Whitfield
ACME-A001114,ACME-L00314,call,2026-05-04 13:08:13,connected,Dana Whitfield
ACME-A001115,ACME-L00417,meeting,2026-05-04 13:17:56,rescheduled,Priya Raman
ACME-A001116,ACME-L00507,email,2026-05-04 14:21:18,replied,Dana Whitfield
ACME-A001117,ACME-L00504,call,2026-05-04 14:59:18,voicemail,Grace Kim
ACME-A001118,ACME-L00496,EMAIL,2026-05-04 15:05:58,replied,Marcus Lee
ACME-A001119,ACME-L00505,email,2026-05-04 15:15:17,sent,Jordan Ellis
ACME-A001120,ACME-L00506,call,2026-05-04 15:33:19,connected,Dana Whitfield
ACME-A001121,ACME-L00488,email,2026-05-04 15:53:27,replied,Acme Round Robin
ACME-A001122,ACME-L00314,call,2026-05-04 16:19:25,no_answer,Dana Whitfield
ACME-A001123,ACME-L00514,email,2026-05-04 16:24:27,replied,Dana Whitfield
ACME-A001124,ACME-L00510,call,2026-05-04 16:29:57,no_answer,Priya Raman
ACME-A001125,ACME-L00508,call,2026-05-04 17:05:59,connected,Grace Kim
ACME-A001126,ACME-L00513,call,2026-05-04 17:19:30,voicemail,Jordan Ellis
ACME-A001127,ACME-L00498,call,2026-05-04 17:21:47,connected,Acme Round Robin
ACME-A001128,ACME-L00511,email,2026-05-04 17:28:02,sent,Jordan Ellis
ACME-A001129,ACME-L00500,CALL,2026-05-04 17:44:54,no_answer,Marcus Lee
ACME-A001130,ACME-L00492,email,2026-05-04 19:24:16,sent,Marcus Lee
ACME-A001131,ACME-L00478,Call,2026-05-04 19:49:58,voicemail,Owen Brooks
ACME-A001132,ACME-L00503,call,2026-05-04 20:06:18,connected,Dana Whitfield
ACME-A001133,ACME-L00497,call,2026-05-04 20:57:47,no_answer,Sofia Alvarez
ACME-A001134,ACME-L00512,EMAIL,2026-05-04 21:38:14,replied,Jordan Ellis
ACME-A001135,ACME-L00369,email,2026-05-04 22:03:39,sent,Owen Brooks
ACME-A001136,ACME-L00312,email,2026-05-04 22:30:38,sent,Priya Raman
ACME-A001137,ACME-L00515,email,2026-05-04 23:45:45,sent,Owen Brooks
ACME-A001138,ACME-L00265,email,2026-05-04 23:54:58,replied,Dana Whitfield
ACME-A001139,ACME-L00354,email,2026-05-05 00:36:22,bounced,Dana Whitfield
ACME-A001140,ACME-L00391,email,2026-05-05 01:02:22,sent,Sofia Alvarez
ACME-A001141,ACME-L00509,call,2026-05-05 02:15:20,connected,Sofia Alvarez
ACME-A001142,ACME-L00486,call,2026-05-05 02:29:49,no_answer,Jordan Ellis
ACME-A001143,ACME-L00367,call,2026-05-05 03:20:57,voicemail,Dana Whitfield
ACME-A001144,ACME-L00126,call,2026-05-05 03:41:54,no_answer,Dana Whitfield
ACME-A001145,ACME-L00423,call,2026-05-05 05:03:47,no_answer,Marcus Lee
ACME-A001146,ACME-L00485,call,2026-05-05 05:20:50,no_answer,Marcus Lee
ACME-A001147,ACME-L00490,call,2026-05-05 05:40:26,connected,Dana Whitfield
ACME-A001148,ACME-L00300,email,2026-05-05 06:00:37,bounced,Sofia Alvarez
ACME-A001149,ACME-L00485,email,2026-05-05 07:25:33,replied,Marcus Lee
ACME-A001150,ACME-L00369,call,2026-05-05 09:17:49,voicemail,Owen Brooks
ACME-A001151,ACME-L00517,call,2026-05-05 10:12:00,no_answer,Sofia Alvarez
ACME-A001152,ACME-L00501,call,2026-05-05 10:22:32,no_answer,Marcus Lee
ACME-A001153,ACME-L00516,call,2026-05-05 10:28:46,no_answer,Marcus Lee
ACME-A001154,ACME-L00393,call,2026-05-05 10:30:05,voicemail,Jordan Ellis
ACME-A001155,ACME-L00519,EMAIL,2026-05-05 10:38:44,sent,Dana Whitfield
ACME-A001156,ACME-L00451,call,2026-05-05 10:42:19,voicemail,Dana Whitfield
ACME-A001157,ACME-L00441,call,2026-05-05 11:33:14,no_answer,Sofia Alvarez
ACME-A001158,ACME-L00313,meeting,2026-05-05 12:03:48,held,Sofia Alvarez
ACME-A001159,ACME-L00398,email,2026-05-05 12:39:19,sent,Grace Kim
ACME-A001160,ACME-L00521,call,2026-05-05 12:50:54,voicemail,Jordan Ellis
ACME-A001161,ACME-L00238,call,2026-05-05 14:00:40,no_answer,Dana Whitfield
ACME-A001162,ACME-L00339,email,2026-05-05 14:09:45,sent,Dana Whitfield
ACME-A001163,ACME-L00518,email,2026-05-05 14:19:34,replied,Dana Whitfield
ACME-A001164,ACME-L00520,call,2026-05-05 15:04:25,no_answer,Marcus Lee
ACME-A001165,ACME-L00323,call,2026-05-05 15:41:49,no_answer,Sofia Alvarez
ACME-A001166,ACME-L00522,call,2026-05-05 16:49:32,no_answer,Jordan Ellis
ACME-A001167,ACME-L00524,call,2026-05-05 17:52:38,connected,Jordan Ellis
ACME-A001168,ACME-L00525,Call,2026-05-05 18:30:36,voicemail,Priya Raman
ACME-A001169,ACME-L00527,email,2026-05-05 19:07:19,bounced,Marcus Lee
ACME-A001170,ACME-L00528,email,2026-05-05 19:40:32,sent,Marcus Lee
ACME-A001171,ACME-L00323,call,2026-05-05 19:55:20,connected,Sofia Alvarez
ACME-A001172,ACME-L00455,email,2026-05-05 21:51:14,sent,Sofia Alvarez
ACME-A001173,ACME-L00296,call,2026-05-05 22:00:09,no_answer,Dana Whitfield
ACME-A001174,ACME-L00499,call,2026-05-05 22:25:42,connected,Sofia Alvarez
ACME-A001175,ACME-L00295,email,2026-05-05 22:30:30,replied,Marcus Lee
ACME-A001176,ACME-L00283,email,2026-05-05 23:20:59,replied,Marcus Lee
ACME-A001177,ACME-L00370,Email,2026-05-05 23:32:08,sent,Owen Brooks
ACME-A001178,ACME-L00424,call,2026-05-06 00:13:14,connected,Marcus Lee
ACME-A001179,ACME-L00489,Email,2026-05-06 00:54:59,sent,Dana Whitfield
ACME-A001180,ACME-L00523,call,2026-05-06 01:52:16,no_answer,Jordan Ellis
ACME-A001181,ACME-L00442,email,2026-05-06 02:11:05,sent,Jordan Ellis
ACME-A001182,ACME-L00529,call,2026-05-06 02:31:08,connected,Owen Brooks
ACME-A001183,ACME-L00531,call,2026-05-06 03:59:59,voicemail,Acme Round Robin
ACME-A001184,ACME-L00423,meeting,2026-05-06 04:03:56,rescheduled,Marcus Lee
ACME-A001185,ACME-L00530,email,2026-05-06 04:55:03,sent,Marcus Lee
ACME-A001186,ACME-L00290,meeting,2026-05-06 05:23:56,held,Marcus Lee
ACME-A001187,ACME-L00376,email,2026-05-06 05:47:50,replied,Dana Whitfield
ACME-A001188,ACME-L00392,email,2026-05-06 06:22:10,sent,Marcus Lee
ACME-A001189,ACME-L00526,email,2026-05-06 07:43:32,sent,Priya Raman
ACME-A001190,ACME-L00460,Call,2026-05-06 08:26:08,voicemail,Grace Kim
ACME-A001191,ACME-L00237,call,2026-05-06 09:14:56,no_answer,Dana Whitfield
ACME-A001192,ACME-L00535,call,2026-05-06 09:23:40,no_answer,Grace Kim
ACME-A001193,ACME-L00531,email,2026-05-06 10:09:32,sent,Acme Round Robin
ACME-A001194,ACME-L00328,call,2026-05-06 10:38:15,connected,Dana Whitfield
ACME-A001195,ACME-L00374,email,2026-05-06 10:39:51,sent,Marcus Lee
ACME-A001196,ACME-L00537,call,2026-05-06 10:41:49,voicemail,Grace Kim
ACME-A001197,ACME-L00279,email,2026-05-06 11:07:10,replied,Dana Whitfield
ACME-A001198,ACME-L00540,call,2026-05-06 11:46:05,voicemail,Jordan Ellis
ACME-A001199,ACME-L00288,call,2026-05-06 12:29:13,voicemail,Sofia Alvarez
ACME-A001200,ACME-L00542,email,2026-05-06 12:44:34,sent,Marcus Lee
ACME-A001201,ACME-L00447,email,2026-05-06 12:44:58,replied,Priya Raman
ACME-A001202,ACME-L00534,call,2026-05-06 13:48:30,connected,Sofia Alvarez
ACME-A001203,ACME-L00337,email,2026-05-06 13:54:56,replied,Owen Brooks
ACME-A001204,ACME-L00264,call,2026-05-06 14:08:36,no_answer,Dana Whitfield
ACME-A001205,ACME-L00538,call,2026-05-06 14:24:53,no_answer,Dana Whitfield
ACME-A001206,ACME-L00532,email,2026-05-06 14:54:48,bounced,Marcus Lee
ACME-A001207,ACME-L00346,email,2026-05-06 15:15:45,sent,Marcus Lee
ACME-A001208,ACME-L00539,call,2026-05-06 15:33:33,voicemail,Sofia Alvarez
ACME-A001209,ACME-L00543,email,2026-05-06 16:25:17,sent,Marcus Lee
ACME-A001210,ACME-L00549,email,2026-05-06 17:37:37,sent,Acme Round Robin
ACME-A001211,ACME-L00548,call,2026-05-06 18:00:23,no_answer,Dana Whitfield
ACME-A001212,ACME-L00438,call,2026-05-06 18:05:19,no_answer,Owen Brooks
ACME-A001213,ACME-L00546,call,2026-05-06 18:19:54,no_answer,Sofia Alvarez
ACME-A001214,ACME-L00495,call,2026-05-06 19:06:40,voicemail,Priya Raman
ACME-A001215,ACME-L00550,email,2026-05-06 20:00:57,replied,Jordan Ellis
ACME-A001216,ACME-L00544,email,2026-05-06 20:02:37,sent,Sofia Alvarez
ACME-A001217,ACME-L00498,email,2026-05-06 21:01:21,sent,Acme Round Robin
ACME-A001218,ACME-L00551,call,2026-05-06 21:46:17,no_answer,Marcus Lee
ACME-A001219,ACME-L00547,email,2026-05-06 22:54:34,sent,Sofia Alvarez
ACME-A001220,ACME-L00536,email,2026-05-06 23:52:35,sent,Sofia Alvarez
ACME-A001221,ACME-L00433,email,2026-05-07 00:18:26,replied,Sofia Alvarez
ACME-A001222,ACME-L00472,call,2026-05-07 02:45:54,no_answer,Jordan Ellis
ACME-A001223,ACME-L00553,email,2026-05-07 04:00:07,sent,Dana Whitfield
ACME-A001224,ACME-L00065,email,2026-05-07 04:19:27,sent,Priya Raman
ACME-A001225,ACME-L00403,call,2026-05-07 05:10:00,voicemail,Priya Raman
ACME-A001226,ACME-L00260,call,2026-05-07 05:19:14,connected,Jordan Ellis
ACME-A001227,ACME-L00542,email,2026-05-07 07:34:04,sent,Marcus Lee
ACME-A001228,ACME-L00489,meeting,2026-05-07 07:58:38,held,Dana Whitfield
ACME-A001229,ACME-L00453,call,2026-05-07 08:26:38,voicemail,Marcus Lee
ACME-A001230,ACME-L00376,call,2026-05-07 09:10:40,no_answer,Dana Whitfield
ACME-A001231,ACME-L00442,email,2026-05-07 09:21:10,replied,Jordan Ellis
ACME-A001232,ACME-L00274,call,2026-05-07 09:26:21,no_answer,Marcus Lee
ACME-A001233,ACME-L00552,EMAIL,2026-05-07 09:43:32,sent,Marcus Lee
ACME-A001234,ACME-L00136,email,2026-05-07 09:43:46,sent,Owen Brooks
ACME-A001235,ACME-L00458,call,2026-05-07 09:52:21,no_answer,Dana Whitfield
ACME-A001236,ACME-L00554,call,2026-05-07 10:32:53,no_answer,Dana Whitfield
ACME-A001237,ACME-L00533,call,2026-05-07 10:56:32,no_answer,Sofia Alvarez
ACME-A001238,ACME-L00555,Call,2026-05-07 11:38:36,no_answer,Priya Raman
ACME-A001239,ACME-L00545,email,2026-05-07 11:52:03,sent,Dana Whitfield
ACME-A001240,ACME-L00412,CALL,2026-05-07 12:52:07,no_answer,Jordan Ellis
ACME-A001241,ACME-L00560,call,2026-05-07 13:46:46,voicemail,Dana Whitfield
ACME-A001242,ACME-L00561,call,2026-05-07 14:09:46,no_answer,Grace Kim
ACME-A001243,ACME-L00216,email,2026-05-07 14:33:47,sent,Dana Whitfield
ACME-A001244,ACME-L00564,call,2026-05-07 15:10:56,connected,Jordan Ellis
ACME-A001245,ACME-L00556,email,2026-05-07 15:22:22,sent,Marcus Lee
ACME-A001246,ACME-L00562,email,2026-05-07 16:10:31,sent,Dana Whitfield
ACME-A001247,ACME-L00376,call,2026-05-07 16:16:17,connected,Dana Whitfield
ACME-A001248,ACME-L00558,email,2026-05-07 16:17:41,sent,Grace Kim
ACME-A001249,ACME-L00475,email,2026-05-07 16:23:23,sent,Dana Whitfield
ACME-A001250,ACME-L00489,email,2026-05-07 16:55:49,sent,Dana Whitfield
ACME-A001251,ACME-L00566,EMAIL,2026-05-07 17:49:50,replied,Marcus Lee
ACME-A001252,ACME-L00559,call,2026-05-07 18:02:37,voicemail,Sofia Alvarez
ACME-A001253,ACME-L00549,email,2026-05-07 18:09:23,sent,Acme Round Robin
ACME-A001254,ACME-L00515,email,2026-05-07 18:43:09,sent,Owen Brooks
ACME-A001255,ACME-L00565,call,2026-05-07 18:44:11,voicemail,Jordan Ellis
ACME-A001256,ACME-L00567,call,2026-05-07 19:09:16,no_answer,Dana Whitfield
ACME-A001257,ACME-L00541,call,2026-05-07 19:20:38,voicemail,Grace Kim
ACME-A001258,ACME-L00511,email,2026-05-07 19:23:11,replied,Jordan Ellis
ACME-A001259,ACME-L00569,email,2026-05-07 19:52:36,replied,Jordan Ellis
ACME-A001260,ACME-L00463,email,2026-05-07 19:54:00,replied,Dana Whitfield
ACME-A001261,ACME-L00497,call,2026-05-07 20:07:27,no_answer,Sofia Alvarez
ACME-A001262,ACME-L00411,call,2026-05-07 20:15:51,voicemail,Dana Whitfield
ACME-A001263,ACME-L00568,call,2026-05-07 20:29:43,voicemail,Priya Raman
ACME-A001264,ACME-L00277,email,2026-05-07 20:47:26,replied,Jordan Ellis
ACME-A001265,ACME-L00566,email,2026-05-07 21:06:08,sent,Marcus Lee
ACME-A001266,ACME-L00417,email,2026-05-07 22:16:01,sent,Priya Raman
ACME-A001267,ACME-L00511,call,2026-05-07 22:48:19,voicemail,Jordan Ellis
ACME-A001268,ACME-L00360,email,2026-05-07 22:48:42,sent,Priya Raman
ACME-A001269,ACME-L00397,call,2026-05-07 23:16:39,connected,Sofia Alvarez
ACME-A001270,ACME-L00557,email,2026-05-07 23:18:45,sent,Priya Raman
ACME-A001271,ACME-L00570,email,2026-05-07 23:47:26,sent,Dana Whitfield
ACME-A001272,ACME-L00351,call,2026-05-08 00:47:32,connected,Priya Raman
ACME-A001273,ACME-L00536,CALL,2026-05-08 00:51:33,no_answer,Sofia Alvarez
ACME-A001274,ACME-L00571,call,2026-05-08 01:01:08,connected,Owen Brooks
ACME-A001275,ACME-L00332,call,2026-05-08 03:19:53,connected,Dana Whitfield
ACME-A001276,ACME-L00559,call,2026-05-08 04:04:34,no_answer,Sofia Alvarez
ACME-A001277,ACME-L00536,email,2026-05-08 04:16:42,sent,Sofia Alvarez
ACME-A001278,ACME-L00563,email,2026-05-08 04:29:07,sent,Sofia Alvarez
ACME-A001279,ACME-L00363,Email,2026-05-08 05:09:21,sent,Dana Whitfield
ACME-A001280,ACME-L00572,email,2026-05-08 05:40:40,sent,Marcus Lee
ACME-A001281,ACME-L00560,email,2026-05-08 06:27:58,bounced,Dana Whitfield
ACME-A001282,ACME-L00574,email,2026-05-08 06:36:46,sent,Jordan Ellis
ACME-A001283,ACME-L00472,email,2026-05-08 08:21:35,sent,Jordan Ellis
ACME-A001284,ACME-L00576,call,2026-05-08 08:36:29,no_answer,Dana Whitfield
ACME-A001285,ACME-L00575,email,2026-05-08 09:36:45,sent,Dana Whitfield
ACME-A001286,ACME-L00395,email,2026-05-08 10:31:50,sent,Sofia Alvarez
ACME-A001287,ACME-L00417,email,2026-05-08 10:39:26,sent,Priya Raman
ACME-A001288,ACME-L00583,email,2026-05-08 11:08:01,replied,Owen Brooks
ACME-A001289,ACME-L00384,email,2026-05-08 12:13:35,replied,Marcus Lee
ACME-A001290,ACME-L00032,meeting,2026-05-08 12:43:50,held,Jordan Ellis
ACME-A001291,ACME-L00577,call,2026-05-08 13:03:19,connected,Acme Round Robin
ACME-A001292,ACME-L00585,call,2026-05-08 13:57:45,voicemail,Sofia Alvarez
ACME-A001293,ACME-L00549,meeting,2026-05-08 14:57:22,no_show,Acme Round Robin
ACME-A001294,ACME-L00573,call,2026-05-08 15:08:55,connected,Priya Raman
ACME-A001295,ACME-L00587,email,2026-05-08 15:10:34,sent,Dana Whitfield
ACME-A001296,ACME-L00469,email,2026-05-08 16:37:34,sent,Dana Whitfield
ACME-A001297,ACME-L00584,email,2026-05-08 16:56:38,sent,Jordan Ellis
ACME-A001298,ACME-L00582,call,2026-05-08 17:39:03,connected,Sofia Alvarez
ACME-A001299,ACME-L00489,call,2026-05-08 17:57:04,voicemail,Dana Whitfield
ACME-A001300,ACME-L00501,call,2026-05-08 18:15:10,connected,Marcus Lee
ACME-A001301,ACME-L00580,call,2026-05-08 18:15:16,no_answer,Dana Whitfield
ACME-A001302,ACME-L00579,call,2026-05-08 19:01:09,voicemail,Jordan Ellis
ACME-A001303,ACME-L00272,email,2026-05-08 20:25:50,bounced,Sofia Alvarez
ACME-A001304,ACME-L00555,email,2026-05-08 20:28:21,sent,Priya Raman
ACME-A001305,ACME-L00590,call,2026-05-08 20:42:10,connected,Acme Round Robin
ACME-A001306,ACME-L00592,email,2026-05-08 21:03:38,sent,Dana Whitfield
ACME-A001307,ACME-L00593,call,2026-05-08 21:13:42,no_answer,Owen Brooks
ACME-A001308,ACME-L00499,call,2026-05-08 22:22:03,connected,Sofia Alvarez
ACME-A001309,ACME-L00346,meeting,2026-05-08 23:24:59,held,Marcus Lee
ACME-A001310,ACME-L00586,email,2026-05-08 23:42:10,sent,Priya Raman
ACME-A001311,ACME-L00446,email,2026-05-08 23:52:31,sent,Priya Raman
ACME-A001312,ACME-L00281,call,2026-05-09 00:23:09,no_answer,Grace Kim
ACME-A001313,ACME-L00277,call,2026-05-09 00:35:25,no_answer,Jordan Ellis
ACME-A001314,ACME-L00584,EMAIL,2026-05-09 01:20:11,sent,Jordan Ellis
ACME-A001315,ACME-L00299,call,2026-05-09 01:22:36,no_answer,Jordan Ellis
ACME-A001316,ACME-L00581,call,2026-05-09 01:37:28,no_answer,Jordan Ellis
ACME-A001317,ACME-L00584,call,2026-05-09 01:50:21,voicemail,Jordan Ellis
ACME-A001318,ACME-L00347,email,2026-05-09 01:58:37,sent,Owen Brooks
ACME-A001319,ACME-L00580,call,2026-05-09 02:33:50,no_answer,Dana Whitfield
ACME-A001320,ACME-L00493,email,2026-05-09 02:47:32,sent,Sofia Alvarez
ACME-A001321,ACME-L00591,email,2026-05-09 02:50:32,sent,Priya Raman
ACME-A001322,ACME-L00589,call,2026-05-09 03:18:02,no_answer,Sofia Alvarez
ACME-A001323,ACME-L00570,call,2026-05-09 03:27:22,no_answer,Dana Whitfield
ACME-A001324,ACME-L00449,call,2026-05-09 03:32:31,no_answer,Priya Raman
ACME-A001325,ACME-L00357,email,2026-05-09 04:27:48,sent,Marcus Lee
ACME-A001326,ACME-L00555,email,2026-05-09 04:46:37,sent,Priya Raman
ACME-A001327,ACME-L00578,call,2026-05-09 04:57:54,no_answer,Jordan Ellis
ACME-A001328,ACME-L00588,email,2026-05-09 05:19:04,sent,Dana Whitfield
ACME-A001329,ACME-L00568,meeting,2026-05-09 05:25:37,held,Priya Raman
ACME-A001330,ACME-L00430,call,2026-05-09 05:42:30,voicemail,Sofia Alvarez
ACME-A001331,ACME-L00369,call,2026-05-09 07:40:05,connected,Owen Brooks
ACME-A001332,ACME-L00547,call,2026-05-09 09:30:39,no_answer,Sofia Alvarez
ACME-A001333,ACME-L00522,EMAIL,2026-05-09 10:05:12,sent,Jordan Ellis
ACME-A001334,ACME-L00337,meeting,2026-05-09 10:22:28,held,Owen Brooks
ACME-A001335,ACME-L00594,Email,2026-05-09 11:43:32,bounced,Jordan Ellis
ACME-A001336,ACME-L00592,call,2026-05-09 11:47:15,no_answer,Dana Whitfield
ACME-A001337,ACME-L00450,email,2026-05-09 14:03:15,sent,Dana Whitfield
ACME-A001338,ACME-L00463,meeting,2026-05-09 14:35:32,held,Dana Whitfield
ACME-A001339,ACME-L00536,email,2026-05-09 15:25:29,sent,Sofia Alvarez
ACME-A001340,ACME-L00568,email,2026-05-09 16:20:49,replied,Priya Raman
ACME-A001341,ACME-L00282,email,2026-05-09 17:44:22,sent,Dana Whitfield
ACME-A001342,ACME-L00550,meeting,2026-05-09 18:28:34,rescheduled,Jordan Ellis
ACME-A001343,ACME-L00437,email,2026-05-09 18:37:11,sent,Jordan Ellis
ACME-A001344,ACME-L00595,email,2026-05-09 19:33:47,sent,Sofia Alvarez
ACME-A001345,ACME-L00327,email,2026-05-09 19:34:47,sent,Dana Whitfield
ACME-A001346,ACME-L00419,call,2026-05-09 19:37:42,no_answer,Dana Whitfield
ACME-A001347,ACME-L00358,call,2026-05-09 20:05:33,no_answer,Owen Brooks
ACME-A001348,ACME-L00573,call,2026-05-09 20:47:12,no_answer,Priya Raman
ACME-A001349,ACME-L00597,call,2026-05-09 22:05:11,no_answer,Dana Whitfield
ACME-A001350,ACME-L00323,call,2026-05-09 23:17:09,no_answer,Sofia Alvarez
ACME-A001351,ACME-L00596,email,2026-05-09 23:27:57,sent,Dana Whitfield
ACME-A001352,ACME-L00401,email,2026-05-09 23:29:05,sent,Sofia Alvarez
ACME-A001353,ACME-L00234,email,2026-05-09 23:30:18,sent,Sofia Alvarez
ACME-A001354,ACME-L00555,meeting,2026-05-10 01:03:17,held,Priya Raman
ACME-A001355,ACME-L00398,call,2026-05-10 01:33:20,connected,Grace Kim
ACME-A001356,ACME-L00275,call,2026-05-10 02:00:39,no_answer,Marcus Lee
ACME-A001357,ACME-L00573,email,2026-05-10 03:14:10,replied,Priya Raman
ACME-A001358,ACME-L00501,call,2026-05-10 03:31:55,no_answer,Marcus Lee
ACME-A001359,ACME-L00599,email,2026-05-10 03:41:24,sent,Priya Raman
ACME-A001360,ACME-L00065,call,2026-05-10 05:32:23,no_answer,Priya Raman
ACME-A001361,ACME-L00532,call,2026-05-10 05:54:30,voicemail,Marcus Lee
ACME-A001362,ACME-L00234,email,2026-05-10 06:08:09,sent,Sofia Alvarez
ACME-A001363,ACME-L00293,call,2026-05-10 06:14:25,connected,Sofia Alvarez
ACME-A001364,ACME-L00379,email,2026-05-10 06:57:48,sent,Dana Whitfield
ACME-A001365,ACME-L00597,call,2026-05-10 07:48:17,connected,Dana Whitfield
ACME-A001366,ACME-L00401,email,2026-05-10 08:07:54,sent,Sofia Alvarez
ACME-A001367,ACME-L00499,email,2026-05-10 09:09:16,sent,Sofia Alvarez
ACME-A001368,ACME-L00598,EMAIL,2026-05-10 09:30:45,sent,Priya Raman
ACME-A001369,ACME-L00470,email,2026-05-10 11:58:35,sent,Marcus Lee
ACME-A001370,ACME-L00399,email,2026-05-10 12:27:57,replied,Jordan Ellis
ACME-A001371,ACME-L00316,call,2026-05-10 12:33:15,voicemail,Sofia Alvarez
ACME-A001372,ACME-L00600,CALL,2026-05-10 13:18:15,voicemail,Dana Whitfield
ACME-A001373,ACME-L00441,call,2026-05-10 14:39:30,no_answer,Sofia Alvarez
ACME-A001374,ACME-L00507,email,2026-05-10 15:25:19,bounced,Dana Whitfield
ACME-A001375,ACME-L00325,email,2026-05-10 16:26:56,replied,Dana Whitfield
ACME-A001376,ACME-L00408,call,2026-05-10 19:32:36,connected,Dana Whitfield
ACME-A001377,ACME-L00562,call,2026-05-10 19:32:44,no_answer,Dana Whitfield
ACME-A001378,ACME-L00601,call,2026-05-10 19:48:19,connected,Jordan Ellis
ACME-A001379,ACME-L00518,call,2026-05-10 20:22:07,connected,Dana Whitfield
ACME-A001380,ACME-L00136,call,2026-05-10 20:26:17,voicemail,Owen Brooks
ACME-A001381,ACME-L00419,EMAIL,2026-05-10 20:34:18,replied,Dana Whitfield
ACME-A001382,ACME-L00478,call,2026-05-10 20:51:11,connected,Owen Brooks
ACME-A001383,ACME-L00550,call,2026-05-10 20:56:55,no_answer,Jordan Ellis
ACME-A001384,ACME-L00596,email,2026-05-10 21:22:09,replied,Dana Whitfield
ACME-A001385,ACME-L00323,call,2026-05-10 22:57:20,voicemail,Sofia Alvarez
ACME-A001386,ACME-L00380,call,2026-05-10 23:21:20,connected,Jordan Ellis
ACME-A001387,ACME-L00396,call,2026-05-10 23:46:10,no_answer,Priya Raman
ACME-A001388,ACME-L00360,email,2026-05-11 00:08:20,bounced,Priya Raman
ACME-A001389,ACME-L00603,call,2026-05-11 00:17:45,connected,Sofia Alvarez
ACME-A001390,ACME-L00310,email,2026-05-11 01:08:02,sent,Dana Whitfield
ACME-A001391,ACME-L00566,email,2026-05-11 01:18:27,sent,Marcus Lee
ACME-A001392,ACME-L00396,call,2026-05-11 01:21:52,no_answer,Priya Raman
ACME-A001393,ACME-L00408,email,2026-05-11 01:54:20,sent,Dana Whitfield
ACME-A001394,ACME-L00607,email,2026-05-11 02:18:40,bounced,Sofia Alvarez
ACME-A001395,ACME-L00605,email,2026-05-11 02:34:44,sent,Jordan Ellis
ACME-A001396,ACME-L00586,call,2026-05-11 02:35:22,voicemail,Priya Raman
ACME-A001397,ACME-L00606,email,2026-05-11 03:10:27,sent,Sofia Alvarez
ACME-A001398,ACME-L00466,call,2026-05-11 03:34:30,connected,Sofia Alvarez
ACME-A001399,ACME-L00592,Call,2026-05-11 04:02:59,connected,Dana Whitfield
ACME-A001400,ACME-L00608,call,2026-05-11 04:26:18,voicemail,Dana Whitfield
ACME-A001401,ACME-L00607,call,2026-05-11 04:39:02,no_answer,Sofia Alvarez
ACME-A001402,ACME-L00532,Call,2026-05-11 05:13:10,connected,Marcus Lee
ACME-A001403,ACME-L00298,call,2026-05-11 06:25:15,connected,Dana Whitfield
ACME-A001404,ACME-L00605,email,2026-05-11 06:34:58,sent,Jordan Ellis
ACME-A001405,ACME-L00351,email,2026-05-11 06:46:54,replied,Priya Raman
ACME-A001406,ACME-L00562,meeting,2026-05-11 06:47:10,held,Dana Whitfield
ACME-A001407,ACME-L00280,email,2026-05-11 07:07:17,sent,Marcus Lee
ACME-A001408,ACME-L00506,Call,2026-05-11 10:00:57,no_answer,Dana Whitfield
ACME-A001409,ACME-L00367,call,2026-05-11 10:05:17,voicemail,Dana Whitfield
ACME-A001410,ACME-L00559,EMAIL,2026-05-11 10:08:38,sent,Sofia Alvarez
ACME-A001411,ACME-L00439,call,2026-05-11 10:37:55,voicemail,Owen Brooks
ACME-A001412,ACME-L00563,call,2026-05-11 10:58:01,voicemail,Sofia Alvarez
ACME-A001413,ACME-L00610,call,2026-05-11 11:03:16,no_answer,Owen Brooks
ACME-A001414,ACME-L00512,email,2026-05-11 11:49:37,replied,Jordan Ellis
ACME-A001415,ACME-L00425,Call,2026-05-11 11:50:20,voicemail,Sofia Alvarez
ACME-A001416,ACME-L00611,call,2026-05-11 12:30:35,voicemail,Jordan Ellis
ACME-A001417,ACME-L00615,email,2026-05-11 12:55:54,sent,Dana Whitfield
ACME-A001418,ACME-L00616,call,2026-05-11 13:13:45,no_answer,Jordan Ellis
ACME-A001419,ACME-L00368,email,2026-05-11 13:17:11,sent,Jordan Ellis
ACME-A001420,ACME-L00618,call,2026-05-11 13:50:48,no_answer,Jordan Ellis
ACME-A001421,ACME-L00609,Email,2026-05-11 14:06:08,sent,Priya Raman
ACME-A001422,ACME-L00301,email,2026-05-11 14:11:07,sent,Dana Whitfield
ACME-A001423,ACME-L00612,email,2026-05-11 14:14:29,sent,Dana Whitfield
ACME-A001424,ACME-L00286,meeting,2026-05-11 14:18:21,held,Sofia Alvarez
ACME-A001425,ACME-L00619,call,2026-05-11 14:33:14,connected,Priya Raman
ACME-A001426,ACME-L00620,email,2026-05-11 15:01:34,sent,Priya Raman
ACME-A001427,ACME-L00613,call,2026-05-11 15:11:51,connected,Grace Kim
ACME-A001428,ACME-L00343,call,2026-05-11 15:46:51,no_answer,Sofia Alvarez
ACME-A001429,ACME-L00602,email,2026-05-11 16:53:56,replied,Owen Brooks
ACME-A001430,ACME-L00621,call,2026-05-11 17:09:45,voicemail,Priya Raman
ACME-A001431,ACME-L00614,call,2026-05-11 17:10:11,connected,Priya Raman
ACME-A001432,ACME-L00476,email,2026-05-11 17:40:12,sent,Owen Brooks
ACME-A001433,ACME-L00604,call,2026-05-11 18:28:04,no_answer,Marcus Lee
ACME-A001434,ACME-L00367,email,2026-05-11 19:01:51,replied,Dana Whitfield
ACME-A001435,ACME-L00569,call,2026-05-11 20:08:22,connected,Jordan Ellis
ACME-A001436,ACME-L00622,call,2026-05-11 21:23:24,no_answer,Dana Whitfield
ACME-A001437,ACME-L00624,email,2026-05-11 21:42:32,sent,Marcus Lee
ACME-A001438,ACME-L00515,call,2026-05-11 22:01:59,no_answer,Owen Brooks
ACME-A001439,ACME-L00404,call,2026-05-11 22:28:41,connected,Jordan Ellis
ACME-A001440,ACME-L00623,email,2026-05-11 22:33:49,sent,Dana Whitfield
ACME-A001441,ACME-L00626,CALL,2026-05-11 23:05:57,voicemail,Dana Whitfield
ACME-A001442,ACME-L00620,call,2026-05-11 23:36:16,voicemail,Priya Raman
ACME-A001443,ACME-L00625,call,2026-05-11 23:38:56,connected,Jordan Ellis
ACME-A001444,ACME-L00566,email,2026-05-11 23:53:57,replied,Marcus Lee
ACME-A001445,ACME-L00612,call,2026-05-12 00:13:52,no_answer,Dana Whitfield
ACME-A001446,ACME-L00602,call,2026-05-12 00:13:56,connected,Owen Brooks
ACME-A001447,ACME-L00617,Email,2026-05-12 01:19:10,sent,Priya Raman
ACME-A001448,ACME-L00318,call,2026-05-12 01:39:00,no_answer,Priya Raman
ACME-A001449,ACME-L00512,call,2026-05-12 02:07:25,connected,Jordan Ellis
ACME-A001450,ACME-L00290,email,2026-05-12 02:33:56,sent,Marcus Lee
ACME-A001451,ACME-L00627,email,2026-05-12 04:55:23,sent,Grace Kim
ACME-A001452,ACME-L00628,call,2026-05-12 05:41:50,voicemail,Sofia Alvarez
ACME-A001453,ACME-L00456,email,2026-05-12 06:21:18,sent,Dana Whitfield
ACME-A001454,ACME-L00629,call,2026-05-12 06:54:27,voicemail,Grace Kim
ACME-A001455,ACME-L00549,call,2026-05-12 07:21:50,voicemail,Acme Round Robin
ACME-A001456,ACME-L00337,Call,2026-05-12 08:17:22,connected,Owen Brooks
ACME-A001457,ACME-L00340,call,2026-05-12 09:08:45,voicemail,Owen Brooks
ACME-A001458,ACME-L00357,email,2026-05-12 09:54:55,sent,Marcus Lee
ACME-A001459,ACME-L00630,Call,2026-05-12 09:57:51,no_answer,Priya Raman
ACME-A001460,ACME-L00638,call,2026-05-12 11:07:57,voicemail,Dana Whitfield
ACME-A001461,ACME-L00633,email,2026-05-12 11:35:53,replied,Owen Brooks
ACME-A001462,ACME-L00631,Call,2026-05-12 11:51:19,no_answer,Marcus Lee
ACME-A001463,ACME-L00641,call,2026-05-12 12:09:27,voicemail,Owen Brooks
ACME-A001464,ACME-L00493,call,2026-05-12 13:19:16,connected,Sofia Alvarez
ACME-A001465,ACME-L00584,call,2026-05-12 13:26:44,voicemail,Jordan Ellis
ACME-A001466,ACME-L00535,call,2026-05-12 13:36:45,no_answer,Grace Kim
ACME-A001467,ACME-L00632,call,2026-05-12 13:49:29,connected,Dana Whitfield
ACME-A001468,ACME-L00635,call,2026-05-12 13:58:22,voicemail,Sofia Alvarez
ACME-A001469,ACME-L00642,email,2026-05-12 13:58:44,replied,Marcus Lee
ACME-A001470,ACME-L00636,call,2026-05-12 14:01:28,connected,Owen Brooks
ACME-A001471,ACME-L00502,email,2026-05-12 14:24:58,sent,Grace Kim
ACME-A001472,ACME-L00351,call,2026-05-12 14:35:17,voicemail,Priya Raman
ACME-A001473,ACME-L00640,email,2026-05-12 14:55:09,sent,Sofia Alvarez
ACME-A001474,ACME-L00564,email,2026-05-12 14:59:52,bounced,Jordan Ellis
ACME-A001475,ACME-L00566,meeting,2026-05-12 15:17:42,rescheduled,Marcus Lee
ACME-A001476,ACME-L00646,call,2026-05-12 15:40:20,voicemail,Jordan Ellis
ACME-A001477,ACME-L00466,email,2026-05-12 17:06:38,replied,Sofia Alvarez
ACME-A001478,ACME-L00645,email,2026-05-12 17:13:40,sent,Grace Kim
ACME-A001479,ACME-L00643,call,2026-05-12 17:21:08,no_answer,Dana Whitfield
ACME-A001480,ACME-L00648,Email,2026-05-12 17:45:29,sent,Jordan Ellis
ACME-A001481,ACME-L00581,call,2026-05-12 17:48:23,connected,Jordan Ellis
ACME-A001482,ACME-L00644,email,2026-05-12 18:07:11,sent,Grace Kim
ACME-A001483,ACME-L00602,call,2026-05-12 18:32:04,voicemail,Owen Brooks
ACME-A001484,ACME-L00634,email,2026-05-12 18:56:24,sent,Sofia Alvarez
ACME-A001485,ACME-L00649,call,2026-05-12 19:39:51,no_answer,Priya Raman
ACME-A001486,ACME-L00515,Call,2026-05-12 20:25:02,no_answer,Owen Brooks
ACME-A001487,ACME-L00431,email,2026-05-12 20:38:39,bounced,Grace Kim
ACME-A001488,ACME-L00650,call,2026-05-12 21:48:20,no_answer,Dana Whitfield
ACME-A001489,ACME-L00647,email,2026-05-12 21:56:23,replied,Marcus Lee
ACME-A001490,ACME-L00159,email,2026-05-13 00:13:31,sent,Dana Whitfield
ACME-A001491,ACME-L00647,call,2026-05-13 01:05:49,connected,Marcus Lee
ACME-A001492,ACME-L00168,call,2026-05-13 01:11:41,no_answer,Acme Round Robin
ACME-A001493,ACME-L00651,email,2026-05-13 01:19:27,sent,Priya Raman
ACME-A001494,ACME-L00596,call,2026-05-13 01:44:01,no_answer,Dana Whitfield
ACME-A001495,ACME-L00637,call,2026-05-13 02:21:54,no_answer,Sofia Alvarez
ACME-A001496,ACME-L00654,call,2026-05-13 03:55:41,connected,Priya Raman
ACME-A001497,ACME-L00583,call,2026-05-13 04:34:51,no_answer,Owen Brooks
ACME-A001498,ACME-L00655,call,2026-05-13 04:46:20,voicemail,Dana Whitfield
ACME-A001499,ACME-L00427,call,2026-05-13 04:58:29,voicemail,Marcus Lee
ACME-A001500,ACME-L00637,email,2026-05-13 05:05:34,sent,Sofia Alvarez
ACME-A001501,ACME-L00652,call,2026-05-13 05:30:49,connected,Marcus Lee
ACME-A001502,ACME-L00639,call,2026-05-13 05:32:38,connected,Dana Whitfield
ACME-A001503,ACME-L00444,email,2026-05-13 05:52:31,sent,Jordan Ellis
ACME-A001504,ACME-L00575,meeting,2026-05-13 06:23:35,held,Dana Whitfield
ACME-A001505,ACME-L00527,call,2026-05-13 08:14:44,no_answer,Marcus Lee
ACME-A001506,ACME-L00635,meeting,2026-05-13 08:42:33,held,Sofia Alvarez
ACME-A001507,ACME-L00371,EMAIL,2026-05-13 08:45:19,bounced,Dana Whitfield
ACME-A001508,ACME-L00515,call,2026-05-13 08:58:28,no_answer,Owen Brooks
ACME-A001509,ACME-L00497,email,2026-05-13 08:58:38,sent,Sofia Alvarez
ACME-A001510,ACME-L00340,email,2026-05-13 09:14:19,sent,Owen Brooks
ACME-A001511,ACME-L00639,email,2026-05-13 09:52:34,sent,Dana Whitfield
ACME-A001512,ACME-L00136,email,2026-05-13 10:22:53,sent,Owen Brooks
ACME-A001513,ACME-L00650,email,2026-05-13 10:36:45,sent,Dana Whitfield
ACME-A001514,ACME-L00653,Call,2026-05-13 10:52:57,no_answer,Sofia Alvarez
ACME-A001515,ACME-L00656,call,2026-05-13 11:13:20,connected,Owen Brooks
ACME-A001516,ACME-L00654,email,2026-05-13 12:16:03,replied,Priya Raman
ACME-A001517,ACME-L00057,call,2026-05-13 12:16:45,voicemail,Grace Kim
ACME-A001518,ACME-L00532,meeting,2026-05-13 12:18:13,no_show,Marcus Lee
ACME-A001519,ACME-L00657,call,2026-05-13 12:35:22,no_answer,Jordan Ellis
ACME-A001520,ACME-L00412,email,2026-05-13 13:26:47,sent,Jordan Ellis
ACME-A001521,ACME-L00660,call,2026-05-13 13:29:35,no_answer,Marcus Lee
ACME-A001522,ACME-L00663,email,2026-05-13 13:51:23,sent,Sofia Alvarez
ACME-A001523,ACME-L00603,call,2026-05-13 14:02:05,no_answer,Sofia Alvarez
ACME-A001524,ACME-L00659,email,2026-05-13 14:03:15,replied,Jordan Ellis
ACME-A001525,ACME-L00658,email,2026-05-13 14:28:22,bounced,Priya Raman
ACME-A001526,ACME-L00662,email,2026-05-13 14:48:39,sent,Marcus Lee
ACME-A001527,ACME-L00661,email,2026-05-13 15:41:59,replied,Dana Whitfield
ACME-A001528,ACME-L00664,email,2026-05-13 16:17:57,sent,Owen Brooks
ACME-A001529,ACME-L00383,call,2026-05-13 17:36:29,voicemail,Owen Brooks
ACME-A001530,ACME-L00351,email,2026-05-13 17:51:32,sent,Priya Raman
ACME-A001531,ACME-L00575,email,2026-05-13 17:51:42,sent,Dana Whitfield
ACME-A001532,ACME-L00536,email,2026-05-13 18:18:30,replied,Sofia Alvarez
ACME-A001533,ACME-L00323,email,2026-05-13 18:28:29,sent,Sofia Alvarez
ACME-A001534,ACME-L00667,email,2026-05-13 18:29:22,sent,Sofia Alvarez
ACME-A001535,ACME-L00059,Call,2026-05-13 19:25:44,voicemail,Marcus Lee
ACME-A001536,ACME-L00665,call,2026-05-13 19:51:04,connected,Acme Round Robin
ACME-A001537,ACME-L00668,call,2026-05-13 19:56:35,voicemail,Dana Whitfield
ACME-A001538,ACME-L00568,call,2026-05-13 21:27:06,no_answer,Priya Raman
ACME-A001539,ACME-L00666,email,2026-05-13 21:31:50,replied,Grace Kim
ACME-A001540,ACME-L00670,call,2026-05-13 21:56:22,voicemail,Sofia Alvarez
ACME-A001541,ACME-L00259,email,2026-05-13 22:20:59,sent,Dana Whitfield
ACME-A001542,ACME-L00573,email,2026-05-13 22:42:26,sent,Priya Raman
ACME-A001543,ACME-L00536,call,2026-05-13 23:27:04,voicemail,Sofia Alvarez
ACME-A001544,ACME-L00609,meeting,2026-05-14 00:09:05,no_show,Priya Raman
ACME-A001545,ACME-L00669,call,2026-05-14 00:28:18,connected,Jordan Ellis
ACME-A001546,ACME-L00570,email,2026-05-14 00:31:07,replied,Dana Whitfield
ACME-A001547,ACME-L00570,email,2026-05-14 00:39:08,replied,Dana Whitfield
ACME-A001548,ACME-L00658,call,2026-05-14 01:18:50,connected,Priya Raman
ACME-A001549,ACME-L00583,call,2026-05-14 01:52:23,no_answer,Owen Brooks
ACME-A001550,ACME-L00671,call,2026-05-14 02:02:54,connected,Dana Whitfield
ACME-A001551,ACME-L00479,email,2026-05-14 02:53:39,sent,Sofia Alvarez
ACME-A001552,ACME-L00673,call,2026-05-14 05:23:22,no_answer,Marcus Lee
ACME-A001553,ACME-L00672,email,2026-05-14 05:55:48,sent,Marcus Lee
ACME-A001554,ACME-L00481,call,2026-05-14 07:43:24,voicemail,Dana Whitfield
ACME-A001555,ACME-L00351,email,2026-05-14 07:50:53,sent,Priya Raman
ACME-A001556,ACME-L00644,call,2026-05-14 08:02:46,no_answer,Grace Kim
ACME-A001557,ACME-L00454,email,2026-05-14 08:16:40,sent,Jordan Ellis
ACME-A001558,ACME-L00396,email,2026-05-14 09:06:22,sent,Priya Raman
ACME-A001559,ACME-L00426,call,2026-05-14 09:17:13,no_answer,Grace Kim
ACME-A001560,ACME-L00517,call,2026-05-14 10:43:42,voicemail,Sofia Alvarez
ACME-A001561,ACME-L00570,call,2026-05-14 11:44:25,voicemail,Dana Whitfield
ACME-A001562,ACME-L00674,email,2026-05-14 12:10:04,replied,Sofia Alvarez
ACME-A001563,ACME-L00562,call,2026-05-14 12:27:58,no_answer,Dana Whitfield
ACME-A001564,ACME-L00605,call,2026-05-14 12:28:55,voicemail,Jordan Ellis
ACME-A001565,ACME-L00404,email,2026-05-14 12:37:37,replied,Jordan Ellis
ACME-A001566,ACME-L00546,call,2026-05-14 12:40:21,no_answer,Sofia Alvarez
ACME-A001567,ACME-L00677,email,2026-05-14 12:56:12,sent,Dana Whitfield
ACME-A001568,ACME-L00662,email,2026-05-14 13:06:02,sent,Marcus Lee
ACME-A001569,ACME-L00590,call,2026-05-14 13:34:11,no_answer,Acme Round Robin
ACME-A001570,ACME-L00678,call,2026-05-14 13:45:23,no_answer,Owen Brooks
ACME-A001571,ACME-L00676,call,2026-05-14 14:40:21,voicemail,Owen Brooks
ACME-A001572,ACME-L00675,Call,2026-05-14 14:52:18,no_answer,Jordan Ellis
ACME-A001573,ACME-L00685,call,2026-05-14 15:16:24,connected,Priya Raman
ACME-A001574,ACME-L00684,call,2026-05-14 15:24:34,no_answer,Jordan Ellis
ACME-A001575,ACME-L00665,call,2026-05-14 15:28:25,connected,Acme Round Robin
ACME-A001576,ACME-L00680,call,2026-05-14 15:43:38,voicemail,Dana Whitfield
ACME-A001577,ACME-L00689,email,2026-05-14 16:25:35,bounced,Sofia Alvarez
ACME-A001578,ACME-L00616,email,2026-05-14 16:30:04,sent,Jordan Ellis
ACME-A001579,ACME-L00634,Call,2026-05-14 17:09:31,no_answer,Sofia Alvarez
ACME-A001580,ACME-L00683,Call,2026-05-14 17:10:49,no_answer,Marcus Lee
ACME-A001581,ACME-L00679,call,2026-05-14 17:11:26,connected,Marcus Lee
ACME-A001582,ACME-L00634,call,2026-05-14 18:14:22,connected,Sofia Alvarez
ACME-A001583,ACME-L00688,email,2026-05-14 18:32:02,sent,Dana Whitfield
ACME-A001584,ACME-L00586,email,2026-05-14 19:30:24,replied,Priya Raman
ACME-A001585,ACME-L00438,email,2026-05-14 19:38:33,sent,Owen Brooks
ACME-A001586,ACME-L00538,email,2026-05-14 20:29:18,replied,Dana Whitfield
ACME-A001587,ACME-L00690,call,2026-05-14 21:00:26,voicemail,Owen Brooks
ACME-A001588,ACME-L00695,email,2026-05-14 21:31:25,replied,Dana Whitfield
ACME-A001589,ACME-L00682,call,2026-05-14 21:35:06,no_answer,Priya Raman
ACME-A001590,ACME-L00694,email,2026-05-14 21:40:48,replied,Marcus Lee
ACME-A001591,ACME-L00681,email,2026-05-14 23:51:40,replied,Priya Raman
ACME-A001592,ACME-L00696,Email,2026-05-15 00:32:15,sent,Priya Raman
ACME-A001593,ACME-L00691,email,2026-05-15 01:01:05,sent,Dana Whitfield
ACME-A001594,ACME-L00599,call,2026-05-15 01:53:00,no_answer,Priya Raman
ACME-A001595,ACME-L00639,email,2026-05-15 02:00:26,sent,Dana Whitfield
ACME-A001596,ACME-L00280,email,2026-05-15 02:25:08,sent,Marcus Lee
ACME-A001597,ACME-L00686,call,2026-05-15 02:29:48,voicemail,Sofia Alvarez
ACME-A001598,ACME-L00646,email,2026-05-15 02:41:09,sent,Jordan Ellis
ACME-A001599,ACME-L00595,call,2026-05-15 03:30:21,no_answer,Sofia Alvarez
ACME-A001600,ACME-L00507,email,2026-05-15 04:15:14,sent,Dana Whitfield
ACME-A001601,ACME-L00406,CALL,2026-05-15 04:19:30,no_answer,Marcus Lee
ACME-A001602,ACME-L00681,email,2026-05-15 04:44:57,bounced,Priya Raman
ACME-A001603,ACME-L00514,call,2026-05-15 04:53:25,voicemail,Dana Whitfield
ACME-A001604,ACME-L00692,email,2026-05-15 05:01:02,sent,Grace Kim
ACME-A001605,ACME-L00693,call,2026-05-15 06:27:38,connected,Dana Whitfield
ACME-A001606,ACME-L00636,email,2026-05-15 07:25:02,sent,Owen Brooks
ACME-A001607,ACME-L00390,email,2026-05-15 08:26:36,sent,Priya Raman
ACME-A001608,ACME-L00420,email,2026-05-15 08:34:20,sent,Dana Whitfield
ACME-A001609,ACME-L00474,CALL,2026-05-15 08:53:25,no_answer,Priya Raman
ACME-A001610,ACME-L00699,email,2026-05-15 09:03:02,replied,Jordan Ellis
ACME-A001611,ACME-L00470,email,2026-05-15 09:46:18,replied,Marcus Lee
ACME-A001612,ACME-L00701,call,2026-05-15 09:54:29,voicemail,Grace Kim
ACME-A001613,ACME-L00501,CALL,2026-05-15 11:40:43,no_answer,Marcus Lee
ACME-A001614,ACME-L00376,email,2026-05-15 11:46:53,sent,Dana Whitfield
ACME-A001615,ACME-L00582,call,2026-05-15 11:55:44,no_answer,Sofia Alvarez
ACME-A001616,ACME-L00689,email,2026-05-15 11:56:16,sent,Sofia Alvarez
ACME-A001617,ACME-L00698,Call,2026-05-15 12:17:29,connected,Dana Whitfield
ACME-A001618,ACME-L00700,call,2026-05-15 12:32:55,voicemail,Jordan Ellis
ACME-A001619,ACME-L00456,call,2026-05-15 12:35:53,voicemail,Dana Whitfield
ACME-A001620,ACME-L00126,email,2026-05-15 12:54:38,bounced,Dana Whitfield
ACME-A001621,ACME-L00493,email,2026-05-15 12:55:18,sent,Sofia Alvarez
ACME-A001622,ACME-L00282,call,2026-05-15 13:46:12,connected,Dana Whitfield
ACME-A001623,ACME-L00499,call,2026-05-15 14:27:14,voicemail,Sofia Alvarez
ACME-A001624,ACME-L00396,call,2026-05-15 14:38:18,no_answer,Priya Raman
ACME-A001625,ACME-L00445,call,2026-05-15 14:50:11,connected,Marcus Lee
ACME-A001626,ACME-L00702,call,2026-05-15 15:06:20,connected,Priya Raman
ACME-A001627,ACME-L00412,meeting,2026-05-15 15:14:21,held,Jordan Ellis
ACME-A001628,ACME-L00707,CALL,2026-05-15 15:23:43,connected,Dana Whitfield
ACME-A001629,ACME-L00614,call,2026-05-15 15:26:05,no_answer,Priya Raman
ACME-A001630,ACME-L00706,call,2026-05-15 15:37:20,connected,Priya Raman
ACME-A001631,ACME-L00576,call,2026-05-15 16:22:50,connected,Dana Whitfield
ACME-A001632,ACME-L00708,call,2026-05-15 18:10:40,voicemail,Grace Kim
ACME-A001633,ACME-L00412,call,2026-05-15 18:23:10,no_answer,Jordan Ellis
ACME-A001634,ACME-L00704,call,2026-05-15 18:36:49,connected,Owen Brooks
ACME-A001635,ACME-L00396,call,2026-05-15 18:57:08,no_answer,Priya Raman
ACME-A001636,ACME-L00711,email,2026-05-15 18:58:03,sent,Grace Kim
ACME-A001637,ACME-L00662,email,2026-05-15 19:49:39,replied,Marcus Lee
ACME-A001638,ACME-L00710,email,2026-05-15 21:08:11,replied,Grace Kim
ACME-A001639,ACME-L00713,email,2026-05-15 21:25:06,sent,Owen Brooks
ACME-A001640,ACME-L00374,call,2026-05-15 21:32:31,connected,Marcus Lee
ACME-A001641,ACME-L00499,call,2026-05-15 21:39:31,no_answer,Sofia Alvarez
ACME-A001642,ACME-L00671,call,2026-05-15 21:57:19,voicemail,Dana Whitfield
ACME-A001643,ACME-L00609,call,2026-05-15 21:57:31,no_answer,Priya Raman
ACME-A001644,ACME-L00644,call,2026-05-15 22:02:33,no_answer,Grace Kim
ACME-A001645,ACME-L00654,meeting,2026-05-15 22:21:38,held,Priya Raman
ACME-A001646,ACME-L00714,call,2026-05-15 22:36:13,no_answer,Marcus Lee
ACME-A001647,ACME-L00614,call,2026-05-15 22:37:44,no_answer,Priya Raman
ACME-A001648,ACME-L00554,email,2026-05-15 23:03:53,sent,Dana Whitfield
ACME-A001649,ACME-L00687,email,2026-05-15 23:31:24,replied,Jordan Ellis
ACME-A001650,ACME-L00703,call,2026-05-15 23:31:29,connected,Jordan Ellis
ACME-A001651,ACME-L00656,email,2026-05-15 23:36:29,sent,Owen Brooks
ACME-A001652,ACME-L00665,email,2026-05-15 23:46:55,sent,Acme Round Robin
ACME-A001653,ACME-L00397,email,2026-05-16 00:19:16,sent,Sofia Alvarez
ACME-A001654,ACME-L00714,call,2026-05-16 00:47:45,no_answer,Marcus Lee
ACME-A001655,ACME-L00607,call,2026-05-16 01:36:06,connected,Sofia Alvarez
ACME-A001656,ACME-L00709,email,2026-05-16 01:41:42,sent,Grace Kim
ACME-A001657,ACME-L00596,email,2026-05-16 01:57:56,sent,Dana Whitfield
ACME-A001658,ACME-L00705,email,2026-05-16 03:05:33,sent,Dana Whitfield
ACME-A001659,ACME-L00604,call,2026-05-16 03:07:26,connected,Marcus Lee
ACME-A001660,ACME-L00378,email,2026-05-16 03:56:03,sent,Sofia Alvarez
ACME-A001661,ACME-L00503,call,2026-05-16 04:08:23,no_answer,Dana Whitfield
ACME-A001662,ACME-L00382,call,2026-05-16 04:25:49,voicemail,Dana Whitfield
ACME-A001663,ACME-L00531,call,2026-05-16 05:08:20,connected,Acme Round Robin
ACME-A001664,ACME-L00447,call,2026-05-16 05:16:48,connected,Priya Raman
ACME-A001665,ACME-L00452,call,2026-05-16 05:40:25,voicemail,Owen Brooks
ACME-A001666,ACME-L00313,meeting,2026-05-16 06:11:20,held,Sofia Alvarez
ACME-A001667,ACME-L00376,call,2026-05-16 06:26:55,connected,Dana Whitfield
ACME-A001668,ACME-L00659,meeting,2026-05-16 07:12:27,rescheduled,Jordan Ellis
ACME-A001669,ACME-L00698,call,2026-05-16 07:16:32,no_answer,Dana Whitfield
ACME-A001670,ACME-L00702,email,2026-05-16 07:44:19,replied,Priya Raman
ACME-A001671,ACME-L00531,email,2026-05-16 07:58:54,sent,Acme Round Robin
ACME-A001672,ACME-L00574,email,2026-05-16 08:16:09,sent,Jordan Ellis
ACME-A001673,ACME-L00693,email,2026-05-16 08:48:02,sent,Dana Whitfield
ACME-A001674,ACME-L00666,email,2026-05-16 10:12:09,sent,Grace Kim
ACME-A001675,ACME-L00712,email,2026-05-16 10:25:01,sent,Marcus Lee
ACME-A001676,ACME-L00713,call,2026-05-16 10:34:46,no_answer,Owen Brooks
ACME-A001677,ACME-L00715,call,2026-05-16 11:36:29,connected,Dana Whitfield
ACME-A001678,ACME-L00555,meeting,2026-05-16 11:55:25,held,Priya Raman
ACME-A001679,ACME-L00570,Email,2026-05-16 13:16:52,sent,Dana Whitfield
ACME-A001680,ACME-L00337,email,2026-05-16 14:02:02,sent,Owen Brooks
ACME-A001681,ACME-L00680,email,2026-05-16 14:45:48,sent,Dana Whitfield
ACME-A001682,ACME-L00032,call,2026-05-16 15:28:44,no_answer,Jordan Ellis
ACME-A001683,ACME-L00526,call,2026-05-16 15:45:12,voicemail,Priya Raman
ACME-A001684,ACME-L00717,email,2026-05-16 16:15:45,sent,Dana Whitfield
ACME-A001685,ACME-L00368,call,2026-05-16 16:47:21,connected,Jordan Ellis
ACME-A001686,ACME-L00625,call,2026-05-16 16:47:49,no_answer,Jordan Ellis
ACME-A001687,ACME-L00594,call,2026-05-16 16:48:30,voicemail,Jordan Ellis
ACME-A001688,ACME-L00667,call,2026-05-16 18:10:40,no_answer,Sofia Alvarez
ACME-A001689,ACME-L00634,email,2026-05-16 18:58:45,sent,Sofia Alvarez
ACME-A001690,ACME-L00719,call,2026-05-16 20:41:56,connected,Marcus Lee
ACME-A001691,ACME-L00371,email,2026-05-16 21:53:46,replied,Dana Whitfield
ACME-A001692,ACME-L00718,email,2026-05-16 23:14:28,sent,Marcus Lee
ACME-A001693,ACME-L00435,call,2026-05-16 23:15:51,no_answer,Priya Raman
ACME-A001694,ACME-L00709,meeting,2026-05-16 23:25:11,held,Grace Kim
ACME-A001695,ACME-L00720,call,2026-05-16 23:46:18,connected,Marcus Lee
ACME-A001696,ACME-L00546,email,2026-05-17 00:14:36,sent,Sofia Alvarez
ACME-A001697,ACME-L00286,EMAIL,2026-05-17 00:19:40,sent,Sofia Alvarez
ACME-A001698,ACME-L00596,call,2026-05-17 01:57:57,connected,Dana Whitfield
ACME-A001699,ACME-L00716,call,2026-05-17 02:05:56,voicemail,Dana Whitfield
ACME-A001700,ACME-L00492,call,2026-05-17 04:08:41,no_answer,Marcus Lee
ACME-A001701,ACME-L00453,email,2026-05-17 04:08:47,bounced,Marcus Lee
ACME-A001702,ACME-L00290,call,2026-05-17 04:13:05,connected,Marcus Lee
ACME-A001703,ACME-L00136,call,2026-05-17 05:01:01,no_answer,Owen Brooks
ACME-A001704,ACME-L00126,email,2026-05-17 09:29:27,replied,Dana Whitfield
ACME-A001705,ACME-L00711,email,2026-05-17 09:47:18,sent,Grace Kim
ACME-A001706,ACME-L00603,meeting,2026-05-17 10:09:48,held,Sofia Alvarez
ACME-A001707,ACME-L00395,email,2026-05-17 11:11:54,replied,Sofia Alvarez
ACME-A001708,ACME-L00417,CALL,2026-05-17 11:20:12,connected,Priya Raman
ACME-A001709,ACME-L00481,call,2026-05-17 12:20:56,connected,Dana Whitfield
ACME-A001710,ACME-L00652,email,2026-05-17 14:05:57,sent,Marcus Lee
ACME-A001711,ACME-L00437,Call,2026-05-17 14:11:09,connected,Jordan Ellis
ACME-A001712,ACME-L00512,email,2026-05-17 14:12:25,sent,Jordan Ellis
ACME-A001713,ACME-L00466,call,2026-05-17 16:19:39,connected,Sofia Alvarez
ACME-A001714,ACME-L00667,call,2026-05-17 16:46:44,voicemail,Sofia Alvarez
ACME-A001715,ACME-L00649,Call,2026-05-17 17:04:28,connected,Priya Raman
ACME-A001716,ACME-L00632,email,2026-05-17 18:16:05,replied,Dana Whitfield
ACME-A001717,ACME-L00562,CALL,2026-05-17 18:16:59,no_answer,Dana Whitfield
ACME-A001718,ACME-L00408,call,2026-05-17 20:37:26,voicemail,Dana Whitfield
ACME-A001719,ACME-L00721,email,2026-05-17 20:37:40,sent,Grace Kim
ACME-A001720,ACME-L00667,email,2026-05-17 21:24:59,sent,Sofia Alvarez
ACME-A001721,ACME-L00722,call,2026-05-17 21:54:38,no_answer,Grace Kim
ACME-A001722,ACME-L00136,email,2026-05-17 23:21:15,bounced,Owen Brooks
ACME-A001723,ACME-L00586,call,2026-05-18 00:11:20,no_answer,Priya Raman
ACME-A001724,ACME-L00660,email,2026-05-18 00:57:13,bounced,Marcus Lee
ACME-A001725,ACME-L00471,call,2026-05-18 01:56:40,connected,Grace Kim
ACME-A001726,ACME-L00635,email,2026-05-18 02:18:59,sent,Sofia Alvarez
ACME-A001727,ACME-L00403,email,2026-05-18 05:15:15,replied,Priya Raman
ACME-A001728,ACME-L00668,email,2026-05-18 05:23:35,bounced,Dana Whitfield
ACME-A001729,ACME-L00605,call,2026-05-18 05:37:02,no_answer,Jordan Ellis
ACME-A001730,ACME-L00694,call,2026-05-18 05:51:58,voicemail,Marcus Lee
ACME-A001731,ACME-L00724,email,2026-05-18 06:25:01,sent,Jordan Ellis
ACME-A001732,ACME-L00159,email,2026-05-18 06:54:13,bounced,Dana Whitfield
ACME-A001733,ACME-L00719,email,2026-05-18 07:15:27,sent,Marcus Lee
ACME-A001734,ACME-L00464,call,2026-05-18 07:58:56,voicemail,Priya Raman
ACME-A001735,ACME-L00726,call,2026-05-18 09:10:58,connected,Marcus Lee
ACME-A001736,ACME-L00587,call,2026-05-18 09:24:25,connected,Dana Whitfield
ACME-A001737,ACME-L00714,call,2026-05-18 10:20:02,voicemail,Marcus Lee
ACME-A001738,ACME-L00516,call,2026-05-18 10:21:10,no_answer,Marcus Lee
ACME-A001739,ACME-L00607,CALL,2026-05-18 10:21:46,no_answer,Sofia Alvarez
ACME-A001740,ACME-L00714,email,2026-05-18 12:06:56,sent,Marcus Lee
ACME-A001741,ACME-L00729,Call,2026-05-18 12:51:07,no_answer,Jordan Ellis
ACME-A001742,ACME-L00725,call,2026-05-18 13:07:25,no_answer,Dana Whitfield
ACME-A001743,ACME-L00727,email,2026-05-18 14:19:22,sent,Dana Whitfield
ACME-A001744,ACME-L00435,email,2026-05-18 16:05:12,replied,Priya Raman
ACME-A001745,ACME-L00733,call,2026-05-18 16:09:22,connected,Dana Whitfield
ACME-A001746,ACME-L00732,call,2026-05-18 16:12:42,no_answer,Jordan Ellis
ACME-A001747,ACME-L00340,call,2026-05-18 17:22:01,voicemail,Owen Brooks
ACME-A001748,ACME-L00508,call,2026-05-18 17:34:59,voicemail,Grace Kim
ACME-A001749,ACME-L00736,Call,2026-05-18 17:37:31,connected,Jordan Ellis
ACME-A001750,ACME-L00739,EMAIL,2026-05-18 17:44:21,replied,Priya Raman
ACME-A001751,ACME-L00738,call,2026-05-18 18:51:20,no_answer,Jordan Ellis
ACME-A001752,ACME-L00731,Call,2026-05-18 19:27:22,voicemail,Owen Brooks
ACME-A001753,ACME-L00727,call,2026-05-18 19:44:04,no_answer,Dana Whitfield
ACME-A001754,ACME-L00741,email,2026-05-18 19:45:38,sent,Dana Whitfield
ACME-A001755,ACME-L00730,email,2026-05-18 19:57:23,sent,Dana Whitfield
ACME-A001756,ACME-L00714,call,2026-05-18 20:19:56,connected,Marcus Lee
ACME-A001757,ACME-L00633,email,2026-05-18 20:25:02,replied,Owen Brooks
ACME-A001758,ACME-L00737,call,2026-05-18 21:08:29,connected,Grace Kim
ACME-A001759,ACME-L00535,call,2026-05-18 21:41:59,no_answer,Grace Kim
ACME-A001760,ACME-L00743,email,2026-05-18 21:49:40,sent,Marcus Lee
ACME-A001761,ACME-L00735,email,2026-05-18 22:31:19,sent,Sofia Alvarez
ACME-A001762,ACME-L00462,email,2026-05-18 22:43:42,bounced,Jordan Ellis
ACME-A001763,ACME-L00697,email,2026-05-18 22:51:36,sent,Acme Round Robin
ACME-A001764,ACME-L00626,call,2026-05-18 22:57:50,connected,Dana Whitfield
ACME-A001765,ACME-L00742,email,2026-05-18 23:08:34,sent,Sofia Alvarez
ACME-A001766,ACME-L00369,call,2026-05-18 23:55:18,voicemail,Owen Brooks
ACME-A001767,ACME-L00728,email,2026-05-19 00:02:55,sent,Priya Raman
ACME-A001768,ACME-L00609,meeting,2026-05-19 00:31:45,held,Priya Raman
ACME-A001769,ACME-L00745,call,2026-05-19 00:40:11,voicemail,Grace Kim
ACME-A001770,ACME-L00736,email,2026-05-19 01:38:21,bounced,Jordan Ellis
ACME-A001771,ACME-L00463,email,2026-05-19 02:22:45,sent,Dana Whitfield
ACME-A001772,ACME-L00723,call,2026-05-19 02:45:13,no_answer,Grace Kim
ACME-A001773,ACME-L00637,call,2026-05-19 03:00:30,voicemail,Sofia Alvarez
ACME-A001774,ACME-L00410,email,2026-05-19 03:21:06,replied,Marcus Lee
ACME-A001775,ACME-L00659,call,2026-05-19 03:24:43,connected,Jordan Ellis
ACME-A001776,ACME-L00677,call,2026-05-19 03:41:32,no_answer,Dana Whitfield
ACME-A001777,ACME-L00744,call,2026-05-19 03:56:46,no_answer,Jordan Ellis
ACME-A001778,ACME-L00711,email,2026-05-19 04:00:26,sent,Grace Kim
ACME-A001779,ACME-L00736,call,2026-05-19 05:19:28,voicemail,Jordan Ellis
ACME-A001780,ACME-L00740,email,2026-05-19 05:52:14,bounced,Acme Round Robin
ACME-A001781,ACME-L00433,call,2026-05-19 06:57:06,voicemail,Sofia Alvarez
ACME-A001782,ACME-L00487,email,2026-05-19 07:02:38,sent,Dana Whitfield
ACME-A001783,ACME-L00672,email,2026-05-19 07:08:25,sent,Marcus Lee
ACME-A001784,ACME-L00746,email,2026-05-19 07:27:55,sent,Marcus Lee
ACME-A001785,ACME-L00612,call,2026-05-19 08:30:44,no_answer,Dana Whitfield
ACME-A001786,ACME-L00519,call,2026-05-19 08:53:53,voicemail,Dana Whitfield
ACME-A001787,ACME-L00580,email,2026-05-19 08:54:19,sent,Dana Whitfield
ACME-A001788,ACME-L00747,email,2026-05-19 09:04:08,replied,Priya Raman
ACME-A001789,ACME-L00740,email,2026-05-19 09:19:11,sent,Acme Round Robin
ACME-A001790,ACME-L00447,EMAIL,2026-05-19 10:20:15,bounced,Priya Raman
ACME-A001791,ACME-L00751,email,2026-05-19 12:00:38,bounced,Jordan Ellis
ACME-A001792,ACME-L00730,call,2026-05-19 12:44:11,voicemail,Dana Whitfield
ACME-A001793,ACME-L00417,call,2026-05-19 13:02:32,voicemail,Priya Raman
ACME-A001794,ACME-L00753,email,2026-05-19 13:07:17,sent,Owen Brooks
ACME-A001795,ACME-L00606,email,2026-05-19 14:28:16,sent,Sofia Alvarez
ACME-A001796,ACME-L00749,call,2026-05-19 15:01:14,no_answer,Grace Kim
ACME-A001797,ACME-L00709,email,2026-05-19 15:50:43,sent,Grace Kim
ACME-A001798,ACME-L00752,call,2026-05-19 16:02:51,connected,Marcus Lee
ACME-A001799,ACME-L00658,call,2026-05-19 16:36:55,connected,Priya Raman
ACME-A001800,ACME-L00748,email,2026-05-19 16:43:01,sent,Sofia Alvarez
ACME-A001801,ACME-L00754,call,2026-05-19 16:47:09,no_answer,Marcus Lee
ACME-A001802,ACME-L00501,email,2026-05-19 18:14:40,replied,Marcus Lee
ACME-A001803,ACME-L00755,Email,2026-05-19 19:07:43,sent,Jordan Ellis
ACME-A001804,ACME-L00722,email,2026-05-19 19:42:26,sent,Grace Kim
ACME-A001805,ACME-L00740,MEETING,2026-05-19 21:12:51,held,Acme Round Robin
ACME-A001806,ACME-L00498,email,2026-05-19 21:46:44,replied,Acme Round Robin
ACME-A001807,ACME-L00590,call,2026-05-19 22:02:21,no_answer,Acme Round Robin
ACME-A001808,ACME-L00584,email,2026-05-19 22:12:08,sent,Jordan Ellis
ACME-A001809,ACME-L00595,email,2026-05-19 22:31:29,replied,Sofia Alvarez
ACME-A001810,ACME-L00618,email,2026-05-19 23:51:14,replied,Jordan Ellis
ACME-A001811,ACME-L00479,email,2026-05-20 00:04:24,sent,Sofia Alvarez
ACME-A001812,ACME-L00750,EMAIL,2026-05-20 00:33:45,sent,Owen Brooks
ACME-A001813,ACME-L00737,email,2026-05-20 00:54:11,sent,Grace Kim
ACME-A001814,ACME-L00756,call,2026-05-20 01:12:13,no_answer,Priya Raman
ACME-A001815,ACME-L00581,email,2026-05-20 03:22:02,replied,Jordan Ellis
ACME-A001816,ACME-L00757,call,2026-05-20 03:26:34,connected,Marcus Lee
ACME-A001817,ACME-L00519,email,2026-05-20 05:11:34,replied,Dana Whitfield
ACME-A001818,ACME-L00734,email,2026-05-20 07:06:03,replied,Dana Whitfield
ACME-A001819,ACME-L00461,email,2026-05-20 07:07:44,sent,Marcus Lee
ACME-A001820,ACME-L00438,call,2026-05-20 07:20:48,connected,Owen Brooks
ACME-A001821,ACME-L00444,email,2026-05-20 08:02:52,replied,Jordan Ellis
ACME-A001822,ACME-L00751,call,2026-05-20 08:34:00,connected,Jordan Ellis
ACME-A001823,ACME-L00758,email,2026-05-20 10:03:50,sent,Priya Raman
ACME-A001824,ACME-L00466,call,2026-05-20 10:04:34,connected,Sofia Alvarez
ACME-A001825,ACME-L00711,email,2026-05-20 10:11:18,sent,Grace Kim
ACME-A001826,ACME-L00760,call,2026-05-20 10:28:07,voicemail,Dana Whitfield
ACME-A001827,ACME-L00601,email,2026-05-20 10:47:03,sent,Jordan Ellis
ACME-A001828,ACME-L00550,call,2026-05-20 12:25:28,connected,Jordan Ellis
ACME-A001829,ACME-L00654,email,2026-05-20 13:25:57,sent,Priya Raman
ACME-A001830,ACME-L00764,call,2026-05-20 13:37:56,voicemail,Owen Brooks
ACME-A001831,ACME-L00759,Email,2026-05-20 13:44:03,bounced,Jordan Ellis
ACME-A001832,ACME-L00763,email,2026-05-20 14:14:30,sent,Priya Raman
ACME-A001833,ACME-L00766,call,2026-05-20 14:26:31,connected,Sofia Alvarez
ACME-A001834,ACME-L00607,email,2026-05-20 14:59:23,sent,Sofia Alvarez
ACME-A001835,ACME-L00765,call,2026-05-20 15:49:55,no_answer,Jordan Ellis
ACME-A001836,ACME-L00735,CALL,2026-05-20 18:15:22,no_answer,Sofia Alvarez
ACME-A001837,ACME-L00772,call,2026-05-20 18:25:26,connected,Jordan Ellis
ACME-A001838,ACME-L00771,email,2026-05-20 18:52:41,sent,Priya Raman
ACME-A001839,ACME-L00760,CALL,2026-05-20 18:55:30,no_answer,Dana Whitfield
ACME-A001840,ACME-L00762,call,2026-05-20 18:56:43,connected,Acme Round Robin
ACME-A001841,ACME-L00775,email,2026-05-20 19:12:09,sent,Dana Whitfield
ACME-A001842,ACME-L00490,email,2026-05-20 19:18:56,replied,Dana Whitfield
ACME-A001843,ACME-L00548,call,2026-05-20 19:20:46,no_answer,Dana Whitfield
ACME-A001844,ACME-L00667,call,2026-05-20 19:51:34,no_answer,Sofia Alvarez
ACME-A001845,ACME-L00596,call,2026-05-20 20:49:02,voicemail,Dana Whitfield
ACME-A001846,ACME-L00774,email,2026-05-20 21:01:08,sent,Grace Kim
ACME-A001847,ACME-L00499,call,2026-05-20 22:14:23,no_answer,Sofia Alvarez
ACME-A001848,ACME-L00472,call,2026-05-20 22:42:49,connected,Jordan Ellis
ACME-A001849,ACME-L00590,email,2026-05-20 22:47:25,sent,Acme Round Robin
ACME-A001850,ACME-L00504,email,2026-05-20 22:54:49,sent,Grace Kim
ACME-A001851,ACME-L00768,call,2026-05-20 23:50:56,no_answer,Dana Whitfield
ACME-A001852,ACME-L00773,call,2026-05-21 01:00:48,no_answer,Sofia Alvarez
ACME-A001853,ACME-L00767,email,2026-05-21 01:25:08,sent,Priya Raman
ACME-A001854,ACME-L00509,call,2026-05-21 02:01:29,no_answer,Sofia Alvarez
ACME-A001855,ACME-L00770,Email,2026-05-21 05:17:23,sent,Jordan Ellis
ACME-A001856,ACME-L00777,call,2026-05-21 06:59:07,no_answer,Marcus Lee
ACME-A001857,ACME-L00444,call,2026-05-21 07:56:46,voicemail,Jordan Ellis
ACME-A001858,ACME-L00776,email,2026-05-21 10:23:25,replied,Priya Raman
ACME-A001859,ACME-L00456,call,2026-05-21 10:38:09,no_answer,Dana Whitfield
ACME-A001860,ACME-L00783,email,2026-05-21 10:59:48,sent,Marcus Lee
ACME-A001861,ACME-L00573,call,2026-05-21 11:16:17,voicemail,Priya Raman
ACME-A001862,ACME-L00779,call,2026-05-21 11:31:40,no_answer,Jordan Ellis
ACME-A001863,ACME-L00453,Call,2026-05-21 12:10:02,connected,Marcus Lee
ACME-A001864,ACME-L00785,call,2026-05-21 12:11:15,connected,Acme Round Robin
ACME-A001865,ACME-L00789,email,2026-05-21 12:23:32,sent,Jordan Ellis
ACME-A001866,ACME-L00769,call,2026-05-21 12:36:57,no_answer,Grace Kim
ACME-A001867,ACME-L00793,Call,2026-05-21 12:44:08,no_answer,Sofia Alvarez
ACME-A001868,ACME-L00736,email,2026-05-21 13:15:18,replied,Jordan Ellis
ACME-A001869,ACME-L00792,Email,2026-05-21 13:18:21,sent,Jordan Ellis
ACME-A001870,ACME-L00778,call,2026-05-21 13:33:33,no_answer,Marcus Lee
ACME-A001871,ACME-L00794,call,2026-05-21 13:39:53,no_answer,Jordan Ellis
ACME-A001872,ACME-L00795,call,2026-05-21 13:48:10,voicemail,Dana Whitfield
ACME-A001873,ACME-L00641,email,2026-05-21 13:55:09,replied,Owen Brooks
ACME-A001874,ACME-L00780,call,2026-05-21 14:48:22,no_answer,Dana Whitfield
ACME-A001875,ACME-L00680,email,2026-05-21 14:54:28,replied,Dana Whitfield
ACME-A001876,ACME-L00781,call,2026-05-21 15:05:07,connected,Owen Brooks
ACME-A001877,ACME-L00609,call,2026-05-21 15:09:59,voicemail,Priya Raman
ACME-A001878,ACME-L00801,email,2026-05-21 15:17:10,sent,Acme Round Robin
ACME-A001879,ACME-L00787,call,2026-05-21 15:23:37,no_answer,Priya Raman
ACME-A001880,ACME-L00774,email,2026-05-21 16:08:09,sent,Grace Kim
ACME-A001881,ACME-L00728,call,2026-05-21 16:38:28,no_answer,Priya Raman
ACME-A001882,ACME-L00790,email,2026-05-21 16:56:09,replied,Dana Whitfield
ACME-A001883,ACME-L00226,call,2026-05-21 16:59:17,connected,Sofia Alvarez
ACME-A001884,ACME-L00791,email,2026-05-21 17:01:46,sent,Priya Raman
ACME-A001885,ACME-L00798,call,2026-05-21 17:04:39,no_answer,Dana Whitfield
ACME-A001886,ACME-L00761,Call,2026-05-21 17:14:12,connected,Priya Raman
ACME-A001887,ACME-L00804,call,2026-05-21 17:30:32,no_answer,Jordan Ellis
ACME-A001888,ACME-L00797,email,2026-05-21 17:43:26,sent,Grace Kim
ACME-A001889,ACME-L00803,call,2026-05-21 18:07:57,voicemail,Jordan Ellis
ACME-A001890,ACME-L00670,EMAIL,2026-05-21 18:51:08,sent,Sofia Alvarez
ACME-A001891,ACME-L00788,email,2026-05-21 18:52:36,sent,Owen Brooks
ACME-A001892,ACME-L00495,email,2026-05-21 19:12:07,sent,Priya Raman
ACME-A001893,ACME-L00802,call,2026-05-21 19:56:11,connected,Grace Kim
ACME-A001894,ACME-L00784,email,2026-05-21 20:14:44,sent,Dana Whitfield
ACME-A001895,ACME-L00468,call,2026-05-21 20:43:35,voicemail,Dana Whitfield
ACME-A001896,ACME-L00782,call,2026-05-21 21:16:13,voicemail,Sofia Alvarez
ACME-A001897,ACME-L00568,email,2026-05-21 22:53:02,sent,Priya Raman
ACME-A001898,ACME-L00226,call,2026-05-21 23:15:29,no_answer,Sofia Alvarez
ACME-A001899,ACME-L00623,Email,2026-05-21 23:20:34,replied,Dana Whitfield
ACME-A001900,ACME-L00605,meeting,2026-05-21 23:23:48,held,Jordan Ellis
ACME-A001901,ACME-L00523,call,2026-05-22 00:07:04,no_answer,Jordan Ellis
ACME-A001902,ACME-L00800,email,2026-05-22 00:41:58,bounced,Marcus Lee
ACME-A001903,ACME-L00796,call,2026-05-22 00:59:19,no_answer,Sofia Alvarez
ACME-A001904,ACME-L00656,call,2026-05-22 01:08:16,connected,Owen Brooks
ACME-A001905,ACME-L00806,email,2026-05-22 01:18:00,sent,Priya Raman
ACME-A001906,ACME-L00582,call,2026-05-22 01:30:14,no_answer,Sofia Alvarez
ACME-A001907,ACME-L00562,email,2026-05-22 01:46:30,sent,Dana Whitfield
ACME-A001908,ACME-L00796,email,2026-05-22 02:04:48,sent,Sofia Alvarez
ACME-A001909,ACME-L00723,call,2026-05-22 02:17:36,no_answer,Grace Kim
ACME-A001910,ACME-L00718,call,2026-05-22 02:50:21,connected,Marcus Lee
ACME-A001911,ACME-L00655,call,2026-05-22 03:02:45,voicemail,Dana Whitfield
ACME-A001912,ACME-L00586,call,2026-05-22 03:29:28,voicemail,Priya Raman
ACME-A001913,ACME-L00462,email,2026-05-22 03:53:13,sent,Jordan Ellis
ACME-A001914,ACME-L00786,call,2026-05-22 05:34:34,no_answer,Owen Brooks
ACME-A001915,ACME-L00741,call,2026-05-22 06:12:24,connected,Dana Whitfield
ACME-A001916,ACME-L00735,call,2026-05-22 06:30:53,connected,Sofia Alvarez
ACME-A001917,ACME-L00702,EMAIL,2026-05-22 06:47:25,sent,Priya Raman
ACME-A001918,ACME-L00745,email,2026-05-22 08:14:51,sent,Grace Kim
ACME-A001919,ACME-L00624,email,2026-05-22 08:32:42,sent,Marcus Lee
ACME-A001920,ACME-L00396,email,2026-05-22 09:17:58,replied,Priya Raman
ACME-A001921,ACME-L00340,email,2026-05-22 09:20:37,sent,Owen Brooks
ACME-A001922,ACME-L00807,call,2026-05-22 09:47:22,connected,Marcus Lee
ACME-A001923,ACME-L00704,email,2026-05-22 10:31:08,replied,Owen Brooks
ACME-A001924,ACME-L00808,call,2026-05-22 11:10:29,connected,Dana Whitfield
ACME-A001925,ACME-L00810,email,2026-05-22 12:11:51,sent,Dana Whitfield
ACME-A001926,ACME-L00813,email,2026-05-22 12:30:50,sent,Marcus Lee
ACME-A001927,ACME-L00660,call,2026-05-22 12:51:03,no_answer,Marcus Lee
ACME-A001928,ACME-L00815,email,2026-05-22 13:16:49,sent,Sofia Alvarez
ACME-A001929,ACME-L00059,Call,2026-05-22 13:35:23,voicemail,Marcus Lee
ACME-A001930,ACME-L00814,email,2026-05-22 14:28:05,sent,Jordan Ellis
ACME-A001931,ACME-L00507,call,2026-05-22 14:55:48,connected,Dana Whitfield
ACME-A001932,ACME-L00809,call,2026-05-22 15:13:04,no_answer,Marcus Lee
ACME-A001933,ACME-L00811,call,2026-05-22 15:14:22,connected,Dana Whitfield
ACME-A001934,ACME-L00635,call,2026-05-22 15:16:36,no_answer,Sofia Alvarez
ACME-A001935,ACME-L00531,email,2026-05-22 15:28:14,sent,Acme Round Robin
ACME-A001936,ACME-L00816,call,2026-05-22 15:42:49,no_answer,Sofia Alvarez
ACME-A001937,ACME-L00812,call,2026-05-22 15:54:48,voicemail,Owen Brooks
ACME-A001938,ACME-L00799,CALL,2026-05-22 15:59:30,voicemail,Sofia Alvarez
ACME-A001939,ACME-L00820,Call,2026-05-22 16:45:22,no_answer,Dana Whitfield
ACME-A001940,ACME-L00728,call,2026-05-22 16:55:11,no_answer,Priya Raman
ACME-A001941,ACME-L00065,meeting,2026-05-22 17:05:34,held,Priya Raman
ACME-A001942,ACME-L00675,call,2026-05-22 17:06:51,connected,Jordan Ellis
ACME-A001943,ACME-L00760,call,2026-05-22 17:23:05,no_answer,Dana Whitfield
ACME-A001944,ACME-L00822,email,2026-05-22 17:51:52,sent,Jordan Ellis
ACME-A001945,ACME-L00652,email,2026-05-22 17:56:32,bounced,Marcus Lee
ACME-A001946,ACME-L00340,call,2026-05-22 18:35:41,no_answer,Owen Brooks
ACME-A001947,ACME-L00823,call,2026-05-22 18:41:19,no_answer,Priya Raman
ACME-A001948,ACME-L00635,call,2026-05-22 18:52:58,no_answer,Sofia Alvarez
ACME-A001949,ACME-L00592,call,2026-05-22 18:56:04,no_answer,Dana Whitfield
ACME-A001950,ACME-L00568,meeting,2026-05-22 19:27:56,rescheduled,Priya Raman
ACME-A001951,ACME-L00819,email,2026-05-22 19:39:03,sent,Priya Raman
ACME-A001952,ACME-L00781,call,2026-05-22 19:57:10,no_answer,Owen Brooks
ACME-A001953,ACME-L00651,email,2026-05-22 20:17:12,sent,Priya Raman
ACME-A001954,ACME-L00817,call,2026-05-22 20:22:19,connected,Priya Raman
ACME-A001955,ACME-L00814,call,2026-05-22 20:47:21,no_answer,Jordan Ellis
ACME-A001956,ACME-L00807,email,2026-05-22 21:09:52,sent,Marcus Lee
ACME-A001957,ACME-L00065,email,2026-05-22 21:13:06,sent,Priya Raman
ACME-A001958,ACME-L00687,Call,2026-05-22 21:48:17,connected,Jordan Ellis
ACME-A001959,ACME-L00825,email,2026-05-22 21:48:34,sent,Marcus Lee
ACME-A001960,ACME-L00761,call,2026-05-22 22:21:54,connected,Priya Raman
ACME-A001961,ACME-L00818,call,2026-05-22 23:09:52,voicemail,Dana Whitfield
ACME-A001962,ACME-L00793,email,2026-05-23 00:48:03,sent,Sofia Alvarez
ACME-A001963,ACME-L00805,email,2026-05-23 01:40:36,replied,Jordan Ellis
ACME-A001964,ACME-L00821,call,2026-05-23 01:47:11,no_answer,Priya Raman
ACME-A001965,ACME-L00619,email,2026-05-23 02:07:46,sent,Priya Raman
ACME-A001966,ACME-L00827,email,2026-05-23 02:17:11,replied,Dana Whitfield
ACME-A001967,ACME-L00369,call,2026-05-23 02:22:40,voicemail,Owen Brooks
ACME-A001968,ACME-L00826,call,2026-05-23 02:24:49,no_answer,Marcus Lee
ACME-A001969,ACME-L00757,call,2026-05-23 03:19:42,no_answer,Marcus Lee
ACME-A001970,ACME-L00756,call,2026-05-23 03:55:33,voicemail,Priya Raman
ACME-A001971,ACME-L00580,meeting,2026-05-23 03:59:10,held,Dana Whitfield
ACME-A001972,ACME-L00499,email,2026-05-23 04:40:58,sent,Sofia Alvarez
ACME-A001973,ACME-L00760,call,2026-05-23 04:45:21,connected,Dana Whitfield
ACME-A001974,ACME-L00587,email,2026-05-23 06:04:57,sent,Dana Whitfield
ACME-A001975,ACME-L00751,call,2026-05-23 06:51:54,no_answer,Jordan Ellis
ACME-A001976,ACME-L00670,call,2026-05-23 07:03:55,no_answer,Sofia Alvarez
ACME-A001977,ACME-L00655,email,2026-05-23 09:24:28,sent,Dana Whitfield
ACME-A001978,ACME-L00347,EMAIL,2026-05-23 09:41:02,sent,Owen Brooks
ACME-A001979,ACME-L00829,email,2026-05-23 10:03:24,sent,Dana Whitfield
ACME-A001980,ACME-L00783,email,2026-05-23 11:45:56,replied,Marcus Lee
ACME-A001981,ACME-L00829,call,2026-05-23 11:59:10,voicemail,Dana Whitfield
ACME-A001982,ACME-L00569,call,2026-05-23 12:07:29,voicemail,Jordan Ellis
ACME-A001983,ACME-L00830,call,2026-05-23 12:15:26,voicemail,Marcus Lee
ACME-A001984,ACME-L00781,call,2026-05-23 12:18:49,no_answer,Owen Brooks
ACME-A001985,ACME-L00729,call,2026-05-23 12:39:32,connected,Jordan Ellis
ACME-A001986,ACME-L00813,email,2026-05-23 13:26:19,sent,Marcus Lee
ACME-A001987,ACME-L00740,email,2026-05-23 14:06:05,sent,Acme Round Robin
ACME-A001988,ACME-L00547,email,2026-05-23 14:52:20,replied,Sofia Alvarez
ACME-A001989,ACME-L00495,call,2026-05-23 15:47:21,connected,Priya Raman
ACME-A001990,ACME-L00718,call,2026-05-23 15:51:00,voicemail,Marcus Lee
ACME-A001991,ACME-L00658,call,2026-05-23 17:01:40,voicemail,Priya Raman
ACME-A001992,ACME-L00449,email,2026-05-23 17:34:40,replied,Priya Raman
ACME-A001993,ACME-L00828,email,2026-05-23 17:35:57,sent,Sofia Alvarez
ACME-A001994,ACME-L00737,call,2026-05-23 17:47:22,connected,Grace Kim
ACME-A001995,ACME-L00516,email,2026-05-23 18:07:43,sent,Marcus Lee
ACME-A001996,ACME-L00417,email,2026-05-23 19:23:15,sent,Priya Raman
ACME-A001997,ACME-L00745,call,2026-05-23 19:58:50,no_answer,Grace Kim
ACME-A001998,ACME-L00572,email,2026-05-23 21:11:51,replied,Marcus Lee
ACME-A001999,ACME-L00832,call,2026-05-23 21:19:06,connected,Marcus Lee
ACME-A002000,ACME-L00831,call,2026-05-23 22:33:55,voicemail,Owen Brooks
ACME-A002001,ACME-L00512,call,2026-05-23 22:48:53,connected,Jordan Ellis
ACME-A002002,ACME-L00417,call,2026-05-24 00:15:10,voicemail,Priya Raman
ACME-A002003,ACME-L00833,email,2026-05-24 00:43:16,sent,Dana Whitfield
ACME-A002004,ACME-L00825,email,2026-05-24 01:17:38,sent,Marcus Lee
ACME-A002005,ACME-L00834,call,2026-05-24 02:16:09,connected,Sofia Alvarez
ACME-A002006,ACME-L00731,call,2026-05-24 02:27:30,voicemail,Owen Brooks
ACME-A002007,ACME-L00739,EMAIL,2026-05-24 02:38:52,sent,Priya Raman
ACME-A002008,ACME-L00677,call,2026-05-24 03:02:17,connected,Dana Whitfield
ACME-A002009,ACME-L00835,call,2026-05-24 03:03:40,connected,Priya Raman
ACME-A002010,ACME-L00782,email,2026-05-24 03:37:46,replied,Sofia Alvarez
ACME-A002011,ACME-L00544,call,2026-05-24 04:06:32,no_answer,Sofia Alvarez
ACME-A002012,ACME-L00805,email,2026-05-24 04:19:59,sent,Jordan Ellis
ACME-A002013,ACME-L00824,call,2026-05-24 04:43:03,no_answer,Priya Raman
ACME-A002014,ACME-L00740,call,2026-05-24 04:53:55,connected,Acme Round Robin
ACME-A002015,ACME-L00804,CALL,2026-05-24 05:03:40,connected,Jordan Ellis
ACME-A002016,ACME-L00559,call,2026-05-24 05:44:10,no_answer,Sofia Alvarez
ACME-A002017,ACME-L00836,call,2026-05-24 05:58:53,voicemail,Dana Whitfield
ACME-A002018,ACME-L00755,CALL,2026-05-24 06:53:35,connected,Jordan Ellis
ACME-A002019,ACME-L00748,call,2026-05-24 08:03:45,connected,Sofia Alvarez
ACME-A002020,ACME-L00763,call,2026-05-24 09:14:00,connected,Priya Raman
ACME-A002021,ACME-L00501,Call,2026-05-24 10:33:33,no_answer,Marcus Lee
ACME-A002022,ACME-L00838,email,2026-05-24 11:31:42,sent,Jordan Ellis
ACME-A002023,ACME-L00621,call,2026-05-24 11:58:20,no_answer,Priya Raman
ACME-A002024,ACME-L00799,call,2026-05-24 12:06:13,connected,Sofia Alvarez
ACME-A002025,ACME-L00621,call,2026-05-24 12:21:21,voicemail,Priya Raman
ACME-A002026,ACME-L00839,call,2026-05-24 12:23:53,no_answer,Marcus Lee
ACME-A002027,ACME-L00505,email,2026-05-24 13:02:09,replied,Jordan Ellis
ACME-A002028,ACME-L00710,call,2026-05-24 14:40:00,voicemail,Grace Kim
ACME-A002029,ACME-L00612,email,2026-05-24 14:55:47,sent,Dana Whitfield
ACME-A002030,ACME-L00837,call,2026-05-24 15:23:55,connected,Priya Raman
ACME-A002031,ACME-L00503,email,2026-05-24 16:11:10,replied,Dana Whitfield
ACME-A002032,ACME-L00659,CALL,2026-05-24 17:07:09,no_answer,Jordan Ellis
ACME-A002033,ACME-L00551,call,2026-05-24 18:22:25,no_answer,Marcus Lee
ACME-A002034,ACME-L00725,call,2026-05-24 18:25:37,connected,Dana Whitfield
ACME-A002035,ACME-L00679,call,2026-05-24 18:31:10,no_answer,Marcus Lee
ACME-A002036,ACME-L00816,call,2026-05-24 19:02:51,no_answer,Sofia Alvarez
ACME-A002037,ACME-L00840,CALL,2026-05-24 21:30:26,voicemail,Priya Raman
ACME-A002038,ACME-L00686,email,2026-05-25 01:07:47,sent,Sofia Alvarez
ACME-A002039,ACME-L00560,call,2026-05-25 01:19:18,no_answer,Dana Whitfield
ACME-A002040,ACME-L00708,call,2026-05-25 01:25:13,connected,Grace Kim
ACME-A002041,ACME-L00809,email,2026-05-25 01:38:51,sent,Marcus Lee
ACME-A002042,ACME-L00706,call,2026-05-25 02:18:25,no_answer,Priya Raman
ACME-A002043,ACME-L00032,email,2026-05-25 02:24:31,sent,Jordan Ellis
ACME-A002044,ACME-L00602,meeting,2026-05-25 03:21:38,held,Owen Brooks
ACME-A002045,ACME-L00313,email,2026-05-25 03:36:30,sent,Sofia Alvarez
ACME-A002046,ACME-L00841,call,2026-05-25 03:37:09,no_answer,Priya Raman
ACME-A002047,ACME-L00781,call,2026-05-25 05:14:33,connected,Owen Brooks
ACME-A002048,ACME-L00692,call,2026-05-25 05:40:49,voicemail,Grace Kim
ACME-A002049,ACME-L00760,meeting,2026-05-25 06:35:05,held,Dana Whitfield
ACME-A002050,ACME-L00709,email,2026-05-25 07:10:18,sent,Grace Kim
ACME-A002051,ACME-L00605,email,2026-05-25 07:10:22,bounced,Jordan Ellis
ACME-A002052,ACME-L00509,meeting,2026-05-25 07:37:31,held,Sofia Alvarez
ACME-A002053,ACME-L00604,email,2026-05-25 08:03:24,sent,Marcus Lee
ACME-A002054,ACME-L00813,call,2026-05-25 09:21:43,connected,Marcus Lee
ACME-A002055,ACME-L00846,EMAIL,2026-05-25 09:29:17,replied,Marcus Lee
ACME-A002056,ACME-L00532,call,2026-05-25 09:56:33,voicemail,Marcus Lee
ACME-A002057,ACME-L00449,call,2026-05-25 10:25:05,no_answer,Priya Raman
ACME-A002058,ACME-L00764,CALL,2026-05-25 10:26:00,no_answer,Owen Brooks
ACME-A002059,ACME-L00801,email,2026-05-25 10:45:21,sent,Acme Round Robin
ACME-A002060,ACME-L00816,email,2026-05-25 11:09:14,sent,Sofia Alvarez
ACME-A002061,ACME-L00844,email,2026-05-25 11:16:22,sent,Priya Raman
ACME-A002062,ACME-L00842,email,2026-05-25 11:30:08,sent,Jordan Ellis
ACME-A002063,ACME-L00847,call,2026-05-25 12:00:59,no_answer,Marcus Lee
ACME-A002064,ACME-L00782,email,2026-05-25 12:22:05,sent,Sofia Alvarez
ACME-A002065,ACME-L00582,call,2026-05-25 12:33:32,connected,Sofia Alvarez
ACME-A002066,ACME-L00843,call,2026-05-25 12:37:19,no_answer,Sofia Alvarez
ACME-A002067,ACME-L00849,email,2026-05-25 12:44:09,sent,Sofia Alvarez
ACME-A002068,ACME-L00799,email,2026-05-25 13:39:34,sent,Sofia Alvarez
ACME-A002069,ACME-L00852,call,2026-05-25 13:40:34,no_answer,Marcus Lee
ACME-A002070,ACME-L00742,call,2026-05-25 13:59:07,connected,Sofia Alvarez
ACME-A002071,ACME-L00760,email,2026-05-25 14:11:56,sent,Dana Whitfield
ACME-A002072,ACME-L00854,email,2026-05-25 15:00:17,sent,Owen Brooks
ACME-A002073,ACME-L00706,call,2026-05-25 15:41:50,no_answer,Priya Raman
ACME-A002074,ACME-L00845,call,2026-05-25 16:10:19,connected,Sofia Alvarez
ACME-A002075,ACME-L00850,call,2026-05-25 16:34:58,connected,Dana Whitfield
ACME-A002076,ACME-L00736,email,2026-05-25 17:18:24,sent,Jordan Ellis
ACME-A002077,ACME-L00501,email,2026-05-25 17:39:37,sent,Marcus Lee
ACME-A002078,ACME-L00857,email,2026-05-25 17:40:22,sent,Priya Raman
ACME-A002079,ACME-L00853,call,2026-05-25 18:29:30,no_answer,Owen Brooks
ACME-A002080,ACME-L00856,call,2026-05-25 18:30:18,connected,Owen Brooks
ACME-A002081,ACME-L00862,call,2026-05-25 18:32:13,no_answer,Owen Brooks
ACME-A002082,ACME-L00851,call,2026-05-25 18:51:39,no_answer,Dana Whitfield
ACME-A002083,ACME-L00691,call,2026-05-25 19:04:05,connected,Dana Whitfield
ACME-A002084,ACME-L00858,call,2026-05-25 19:30:22,voicemail,Grace Kim
ACME-A002085,ACME-L00855,email,2026-05-25 19:34:59,sent,Owen Brooks
ACME-A002086,ACME-L00841,email,2026-05-25 19:45:53,replied,Priya Raman
ACME-A002087,ACME-L00732,call,2026-05-25 19:56:15,no_answer,Jordan Ellis
ACME-A002088,ACME-L00848,email,2026-05-25 21:18:02,sent,Jordan Ellis
ACME-A002089,ACME-L00859,call,2026-05-25 21:38:58,voicemail,Jordan Ellis
ACME-A002090,ACME-L00610,call,2026-05-25 21:39:46,connected,Owen Brooks
ACME-A002091,ACME-L00742,email,2026-05-25 21:47:33,sent,Sofia Alvarez
ACME-A002092,ACME-L00564,call,2026-05-25 23:25:11,connected,Jordan Ellis
ACME-A002093,ACME-L00864,call,2026-05-25 23:49:53,voicemail,Dana Whitfield
ACME-A002094,ACME-L00694,call,2026-05-26 00:42:44,voicemail,Marcus Lee
ACME-A002095,ACME-L00579,call,2026-05-26 00:54:54,no_answer,Jordan Ellis
ACME-A002096,ACME-L00687,call,2026-05-26 01:01:07,connected,Jordan Ellis
ACME-A002097,ACME-L00650,call,2026-05-26 01:36:58,no_answer,Dana Whitfield
ACME-A002098,ACME-L00757,email,2026-05-26 02:09:58,sent,Marcus Lee
ACME-A002099,ACME-L00863,email,2026-05-26 02:59:26,sent,Dana Whitfield
ACME-A002100,ACME-L00860,email,2026-05-26 03:23:36,sent,Owen Brooks
ACME-A002101,ACME-L00563,email,2026-05-26 04:02:31,sent,Sofia Alvarez
ACME-A002102,ACME-L00608,email,2026-05-26 05:58:22,sent,Dana Whitfield
ACME-A002103,ACME-L00865,call,2026-05-26 06:17:46,voicemail,Priya Raman
ACME-A002104,ACME-L00082,meeting,2026-05-26 06:58:59,no_show,Marcus Lee
ACME-A002105,ACME-L00867,Email,2026-05-26 08:13:45,replied,Sofia Alvarez
ACME-A002106,ACME-L00667,email,2026-05-26 08:37:49,sent,Sofia Alvarez
ACME-A002107,ACME-L00629,call,2026-05-26 08:57:55,voicemail,Grace Kim
ACME-A002108,ACME-L00701,CALL,2026-05-26 09:18:59,connected,Grace Kim
ACME-A002109,ACME-L00863,call,2026-05-26 09:22:16,voicemail,Dana Whitfield
ACME-A002110,ACME-L00861,email,2026-05-26 11:31:31,sent,Priya Raman
ACME-A002111,ACME-L00868,email,2026-05-26 11:42:47,sent,Priya Raman
ACME-A002112,ACME-L00871,email,2026-05-26 12:56:19,replied,Priya Raman
ACME-A002113,ACME-L00869,call,2026-05-26 13:00:10,no_answer,Jordan Ellis
ACME-A002114,ACME-L00829,call,2026-05-26 13:30:36,no_answer,Dana Whitfield
ACME-A002115,ACME-L00870,call,2026-05-26 14:02:22,voicemail,Dana Whitfield
ACME-A002116,ACME-L00872,call,2026-05-26 14:07:56,connected,Marcus Lee
ACME-A002117,ACME-L00607,call,2026-05-26 15:07:43,connected,Sofia Alvarez
ACME-A002118,ACME-L00875,CALL,2026-05-26 15:27:04,connected,Jordan Ellis
ACME-A002119,ACME-L00879,email,2026-05-26 16:44:43,replied,Sofia Alvarez
ACME-A002120,ACME-L00878,call,2026-05-26 16:56:08,voicemail,Sofia Alvarez
ACME-A002121,ACME-L00737,email,2026-05-26 17:09:17,sent,Grace Kim
ACME-A002122,ACME-L00876,email,2026-05-26 17:46:45,replied,Dana Whitfield
ACME-A002123,ACME-L00874,email,2026-05-26 19:06:32,sent,Owen Brooks
ACME-A002124,ACME-L00652,email,2026-05-26 19:14:56,sent,Marcus Lee
ACME-A002125,ACME-L00648,email,2026-05-26 20:07:27,sent,Jordan Ellis
ACME-A002126,ACME-L00814,meeting,2026-05-26 20:08:04,held,Jordan Ellis
ACME-A002127,ACME-L00652,call,2026-05-26 20:42:23,voicemail,Marcus Lee
ACME-A002128,ACME-L00852,call,2026-05-26 20:48:09,no_answer,Marcus Lee
ACME-A002129,ACME-L00813,call,2026-05-26 21:40:53,connected,Marcus Lee
ACME-A002130,ACME-L00563,meeting,2026-05-26 22:11:16,held,Sofia Alvarez
ACME-A002131,ACME-L00873,email,2026-05-26 22:50:26,sent,Dana Whitfield
ACME-A002132,ACME-L00799,email,2026-05-27 00:18:21,sent,Sofia Alvarez
ACME-A002133,ACME-L00880,Call,2026-05-27 00:53:19,connected,Dana Whitfield
ACME-A002134,ACME-L00580,meeting,2026-05-27 01:53:31,held,Dana Whitfield
ACME-A002135,ACME-L00639,email,2026-05-27 02:14:27,replied,Dana Whitfield
ACME-A002136,ACME-L00693,call,2026-05-27 03:00:06,voicemail,Dana Whitfield
ACME-A002137,ACME-L00744,email,2026-05-27 03:15:15,sent,Jordan Ellis
ACME-A002138,ACME-L00725,call,2026-05-27 03:32:39,no_answer,Dana Whitfield
ACME-A002139,ACME-L00737,email,2026-05-27 03:34:53,sent,Grace Kim
ACME-A002140,ACME-L00643,call,2026-05-27 04:38:30,no_answer,Dana Whitfield
ACME-A002141,ACME-L00877,email,2026-05-27 05:32:12,sent,Acme Round Robin
ACME-A002142,ACME-L00872,email,2026-05-27 06:09:48,sent,Marcus Lee
ACME-A002143,ACME-L00882,email,2026-05-27 07:02:29,sent,Acme Round Robin
ACME-A002144,ACME-L00873,email,2026-05-27 07:09:06,sent,Dana Whitfield
ACME-A002145,ACME-L00881,EMAIL,2026-05-27 07:12:05,sent,Priya Raman
ACME-A002146,ACME-L00809,call,2026-05-27 07:35:18,connected,Marcus Lee
ACME-A002147,ACME-L00779,meeting,2026-05-27 07:35:56,held,Jordan Ellis
ACME-A002148,ACME-L00877,call,2026-05-27 07:50:40,voicemail,Acme Round Robin
ACME-A002149,ACME-L00883,call,2026-05-27 10:05:06,no_answer,Dana Whitfield
ACME-A002150,ACME-L00642,email,2026-05-27 10:32:17,replied,Marcus Lee
ACME-A002151,ACME-L00845,email,2026-05-27 11:14:55,sent,Sofia Alvarez
ACME-A002152,ACME-L00885,email,2026-05-27 11:29:45,sent,Dana Whitfield
ACME-A002153,ACME-L00851,call,2026-05-27 11:44:49,no_answer,Dana Whitfield
ACME-A002154,ACME-L00599,email,2026-05-27 11:52:40,replied,Priya Raman
ACME-A002155,ACME-L00884,call,2026-05-27 12:03:59,voicemail,Owen Brooks
ACME-A002156,ACME-L00779,call,2026-05-27 13:19:48,voicemail,Jordan Ellis
ACME-A002157,ACME-L00855,call,2026-05-27 13:31:25,connected,Owen Brooks
ACME-A002158,ACME-L00689,email,2026-05-27 13:45:58,sent,Sofia Alvarez
ACME-A002159,ACME-L00680,call,2026-05-27 14:58:24,connected,Dana Whitfield
ACME-A002160,ACME-L00887,email,2026-05-27 15:17:16,sent,Jordan Ellis
ACME-A002161,ACME-L00890,EMAIL,2026-05-27 15:19:11,replied,Dana Whitfield
ACME-A002162,ACME-L00871,call,2026-05-27 15:26:39,voicemail,Priya Raman
ACME-A002163,ACME-L00693,email,2026-05-27 15:31:39,sent,Dana Whitfield
ACME-A002164,ACME-L00669,email,2026-05-27 16:03:38,bounced,Jordan Ellis
ACME-A002165,ACME-L00601,email,2026-05-27 16:49:13,sent,Jordan Ellis
ACME-A002166,ACME-L00886,email,2026-05-27 17:04:04,sent,Dana Whitfield
ACME-A002167,ACME-L00705,call,2026-05-27 17:54:00,connected,Dana Whitfield
ACME-A002168,ACME-L00888,EMAIL,2026-05-27 18:34:43,replied,Priya Raman
ACME-A002169,ACME-L00894,call,2026-05-27 18:37:37,connected,Marcus Lee
ACME-A002170,ACME-L00565,email,2026-05-27 18:41:18,sent,Jordan Ellis
ACME-A002171,ACME-L00889,email,2026-05-27 18:43:49,sent,Grace Kim
ACME-A002172,ACME-L00891,email,2026-05-27 19:12:30,sent,Grace Kim
ACME-A002173,ACME-L00785,email,2026-05-27 21:05:55,replied,Acme Round Robin
ACME-A002174,ACME-L00822,Call,2026-05-27 21:11:38,connected,Jordan Ellis
ACME-A002175,ACME-L00596,call,2026-05-28 00:54:25,voicemail,Dana Whitfield
ACME-A002176,ACME-L00856,email,2026-05-28 00:56:56,sent,Owen Brooks
ACME-A002177,ACME-L00729,email,2026-05-28 01:06:29,replied,Jordan Ellis
ACME-A002178,ACME-L00532,email,2026-05-28 01:10:30,sent,Marcus Lee
ACME-A002179,ACME-L00802,email,2026-05-28 01:43:11,sent,Grace Kim
ACME-A002180,ACME-L00892,call,2026-05-28 02:10:07,connected,Marcus Lee
ACME-A002181,ACME-L00636,email,2026-05-28 02:41:01,replied,Owen Brooks
ACME-A002182,ACME-L00869,call,2026-05-28 03:19:59,voicemail,Jordan Ellis
ACME-A002183,ACME-L00757,Email,2026-05-28 04:03:14,replied,Marcus Lee
ACME-A002184,ACME-L00895,email,2026-05-28 04:04:54,sent,Dana Whitfield
ACME-A002185,ACME-L00764,email,2026-05-28 04:41:58,bounced,Owen Brooks
ACME-A002186,ACME-L00897,email,2026-05-28 06:02:14,sent,Jordan Ellis
ACME-A002187,ACME-L00899,call,2026-05-28 06:06:18,connected,Jordan Ellis
ACME-A002188,ACME-L00558,CALL,2026-05-28 07:10:51,no_answer,Grace Kim
ACME-A002189,ACME-L00893,call,2026-05-28 08:43:45,no_answer,Sofia Alvarez
ACME-A002190,ACME-L00340,meeting,2026-05-28 09:22:50,held,Owen Brooks
ACME-A002191,ACME-L00784,email,2026-05-28 09:27:35,sent,Dana Whitfield
ACME-A002192,ACME-L00898,Call,2026-05-28 09:49:06,no_answer,Dana Whitfield
ACME-A002193,ACME-L00901,email,2026-05-28 10:22:35,sent,Jordan Ellis
ACME-A002194,ACME-L00776,email,2026-05-28 10:25:56,sent,Priya Raman
ACME-A002195,ACME-L00652,call,2026-05-28 12:38:17,connected,Marcus Lee
ACME-A002196,ACME-L00636,email,2026-05-28 13:29:53,replied,Owen Brooks
ACME-A002197,ACME-L00902,call,2026-05-28 13:31:33,voicemail,Jordan Ellis
ACME-A002198,ACME-L00715,call,2026-05-28 14:44:43,connected,Dana Whitfield
ACME-A002199,ACME-L00904,call,2026-05-28 15:13:55,voicemail,Priya Raman
ACME-A002200,ACME-L00797,call,2026-05-28 15:24:47,no_answer,Grace Kim
ACME-A002201,ACME-L00900,call,2026-05-28 16:06:23,connected,Marcus Lee
ACME-A002202,ACME-L00596,email,2026-05-28 17:16:10,sent,Dana Whitfield
ACME-A002203,ACME-L00765,call,2026-05-28 17:17:43,voicemail,Jordan Ellis
ACME-A002204,ACME-L00907,call,2026-05-28 17:18:52,connected,Owen Brooks
ACME-A002205,ACME-L00896,Email,2026-05-28 17:39:44,sent,Grace Kim
ACME-A002206,ACME-L00761,call,2026-05-28 17:54:53,connected,Priya Raman
ACME-A002207,ACME-L00903,call,2026-05-28 19:06:38,no_answer,Owen Brooks
ACME-A002208,ACME-L00908,call,2026-05-28 19:17:06,voicemail,Jordan Ellis
ACME-A002209,ACME-L00627,email,2026-05-28 19:44:49,sent,Grace Kim
ACME-A002210,ACME-L00713,email,2026-05-28 20:02:39,replied,Owen Brooks
ACME-A002211,ACME-L00621,email,2026-05-28 20:07:30,sent,Priya Raman
ACME-A002212,ACME-L00835,email,2026-05-28 20:47:25,sent,Priya Raman
ACME-A002213,ACME-L00869,email,2026-05-28 21:51:31,replied,Jordan Ellis
ACME-A002214,ACME-L00776,email,2026-05-28 22:35:56,sent,Priya Raman
ACME-A002215,ACME-L00724,email,2026-05-28 22:38:56,sent,Jordan Ellis
ACME-A002216,ACME-L00854,call,2026-05-28 23:39:40,no_answer,Owen Brooks
ACME-A002217,ACME-L00905,call,2026-05-29 01:35:47,connected,Grace Kim
ACME-A002218,ACME-L00903,email,2026-05-29 01:45:57,sent,Owen Brooks
ACME-A002219,ACME-L00912,email,2026-05-29 03:12:29,sent,Grace Kim
ACME-A002220,ACME-L00555,email,2026-05-29 03:28:55,sent,Priya Raman
ACME-A002221,ACME-L00891,call,2026-05-29 03:30:15,voicemail,Grace Kim
ACME-A002222,ACME-L00906,email,2026-05-29 03:32:46,replied,Sofia Alvarez
ACME-A002223,ACME-L00822,email,2026-05-29 03:44:38,sent,Jordan Ellis
ACME-A002224,ACME-L00911,call,2026-05-29 06:58:11,voicemail,Sofia Alvarez
ACME-A002225,ACME-L00627,call,2026-05-29 07:22:22,voicemail,Grace Kim
ACME-A002226,ACME-L00914,CALL,2026-05-29 07:24:30,connected,Owen Brooks
ACME-A002227,ACME-L00730,call,2026-05-29 08:23:36,no_answer,Dana Whitfield
ACME-A002228,ACME-L00831,email,2026-05-29 08:50:47,replied,Owen Brooks
ACME-A002229,ACME-L00916,email,2026-05-29 09:11:20,replied,Acme Round Robin
ACME-A002230,ACME-L00797,call,2026-05-29 09:18:57,no_answer,Grace Kim
ACME-A002231,ACME-L00396,call,2026-05-29 10:13:53,voicemail,Priya Raman
ACME-A002232,ACME-L00859,email,2026-05-29 10:31:15,sent,Jordan Ellis
ACME-A002233,ACME-L00915,call,2026-05-29 10:44:57,connected,Jordan Ellis
ACME-A002234,ACME-L00782,call,2026-05-29 10:47:52,voicemail,Sofia Alvarez
ACME-A002235,ACME-L00910,email,2026-05-29 11:06:48,sent,Jordan Ellis
ACME-A002236,ACME-L00874,call,2026-05-29 11:50:57,connected,Owen Brooks
ACME-A002237,ACME-L00628,email,2026-05-29 12:35:43,sent,Sofia Alvarez
ACME-A002238,ACME-L00918,call,2026-05-29 13:15:58,connected,Marcus Lee
ACME-A002239,ACME-L00920,call,2026-05-29 14:15:24,voicemail,Dana Whitfield
ACME-A002240,ACME-L00727,Call,2026-05-29 14:50:19,no_answer,Dana Whitfield
ACME-A002241,ACME-L00673,email,2026-05-29 14:52:59,sent,Marcus Lee
ACME-A002242,ACME-L00923,call,2026-05-29 14:59:17,no_answer,Marcus Lee
ACME-A002243,ACME-L00721,call,2026-05-29 16:58:37,no_answer,Grace Kim
ACME-A002244,ACME-L00921,call,2026-05-29 17:08:49,voicemail,Jordan Ellis
ACME-A002245,ACME-L00787,email,2026-05-29 17:52:11,sent,Priya Raman
ACME-A002246,ACME-L00618,call,2026-05-29 18:06:57,connected,Jordan Ellis
ACME-A002247,ACME-L00919,call,2026-05-29 18:11:28,voicemail,Priya Raman
ACME-A002248,ACME-L00909,email,2026-05-29 18:33:25,bounced,Sofia Alvarez
ACME-A002249,ACME-L00931,call,2026-05-29 18:33:54,connected,Grace Kim
ACME-A002250,ACME-L00928,call,2026-05-29 18:37:05,no_answer,Jordan Ellis
ACME-A002251,ACME-L00927,call,2026-05-29 19:04:15,no_answer,Marcus Lee
ACME-A002252,ACME-L00776,meeting,2026-05-29 19:46:39,held,Priya Raman
ACME-A002253,ACME-L00761,email,2026-05-29 22:35:46,sent,Priya Raman
ACME-A002254,ACME-L00924,email,2026-05-29 22:54:48,sent,Dana Whitfield
ACME-A002255,ACME-L00851,call,2026-05-29 22:55:03,connected,Dana Whitfield
ACME-A002256,ACME-L00930,email,2026-05-29 23:17:01,sent,Dana Whitfield
ACME-A002257,ACME-L00913,call,2026-05-29 23:23:38,connected,Sofia Alvarez
ACME-A002258,ACME-L00932,call,2026-05-29 23:31:18,voicemail,Sofia Alvarez
ACME-A002259,ACME-L00926,email,2026-05-29 23:34:13,sent,Dana Whitfield
ACME-A002260,ACME-L00648,Email,2026-05-30 00:05:49,sent,Jordan Ellis
ACME-A002261,ACME-L00917,call,2026-05-30 00:38:08,connected,Dana Whitfield
ACME-A002262,ACME-L00933,email,2026-05-30 00:49:21,bounced,Grace Kim
ACME-A002263,ACME-L00751,call,2026-05-30 01:40:12,connected,Jordan Ellis
ACME-A002264,ACME-L00925,email,2026-05-30 02:03:45,sent,Priya Raman
ACME-A002265,ACME-L00922,email,2026-05-30 02:51:06,sent,Priya Raman
ACME-A002266,ACME-L00843,email,2026-05-30 02:52:15,sent,Sofia Alvarez
ACME-A002267,ACME-L00814,call,2026-05-30 03:41:01,no_answer,Jordan Ellis
ACME-A002268,ACME-L00226,call,2026-05-30 05:02:36,connected,Sofia Alvarez
ACME-A002269,ACME-L00929,EMAIL,2026-05-30 05:49:05,sent,Sofia Alvarez
ACME-A002270,ACME-L00644,call,2026-05-30 06:57:34,connected,Grace Kim
ACME-A002271,ACME-L00673,email,2026-05-30 08:01:57,replied,Marcus Lee
ACME-A002272,ACME-L00644,call,2026-05-30 08:05:57,voicemail,Grace Kim
ACME-A002273,ACME-L00777,email,2026-05-30 08:35:06,sent,Marcus Lee
ACME-A002274,ACME-L00726,email,2026-05-30 10:06:52,sent,Marcus Lee
ACME-A002275,ACME-L00822,email,2026-05-30 12:34:45,sent,Jordan Ellis
ACME-A002276,ACME-L00897,call,2026-05-30 14:41:45,no_answer,Jordan Ellis
ACME-A002277,ACME-L00740,email,2026-05-30 14:50:20,sent,Acme Round Robin
ACME-A002278,ACME-L00815,call,2026-05-30 15:25:00,no_answer,Sofia Alvarez
ACME-A002279,ACME-L00613,call,2026-05-30 16:26:31,no_answer,Grace Kim
ACME-A002280,ACME-L00917,email,2026-05-30 17:58:20,sent,Dana Whitfield
ACME-A002281,ACME-L00767,email,2026-05-30 17:59:09,sent,Priya Raman
ACME-A002282,ACME-L00689,call,2026-05-30 18:03:11,voicemail,Sofia Alvarez
ACME-A002283,ACME-L00752,email,2026-05-30 19:10:28,sent,Marcus Lee
ACME-A002284,ACME-L00743,EMAIL,2026-05-30 19:53:40,replied,Marcus Lee
ACME-A002285,ACME-L00563,email,2026-05-30 20:37:11,sent,Sofia Alvarez
ACME-A002286,ACME-L00796,call,2026-05-30 20:43:53,voicemail,Sofia Alvarez
ACME-A002287,ACME-L00934,call,2026-05-30 21:25:07,voicemail,Sofia Alvarez
ACME-A002288,ACME-L00824,CALL,2026-05-30 21:33:36,voicemail,Priya Raman
ACME-A002289,ACME-L00603,email,2026-05-30 21:42:09,sent,Sofia Alvarez
ACME-A002290,ACME-L00822,email,2026-05-30 22:21:16,sent,Jordan Ellis
ACME-A002291,ACME-L00601,call,2026-05-30 22:40:42,connected,Jordan Ellis
ACME-A002292,ACME-L00925,call,2026-05-30 23:00:38,connected,Priya Raman
ACME-A002293,ACME-L00758,CALL,2026-05-30 23:40:00,voicemail,Priya Raman
ACME-A002294,ACME-L00746,email,2026-05-31 00:53:12,sent,Marcus Lee
ACME-A002295,ACME-L00802,meeting,2026-05-31 01:50:01,held,Grace Kim
ACME-A002296,ACME-L00647,call,2026-05-31 02:01:05,voicemail,Marcus Lee
ACME-A002297,ACME-L00923,call,2026-05-31 02:02:08,no_answer,Marcus Lee
ACME-A002298,ACME-L00796,call,2026-05-31 02:11:58,no_answer,Sofia Alvarez
ACME-A002299,ACME-L00762,call,2026-05-31 03:34:43,voicemail,Acme Round Robin
ACME-A002300,ACME-L00652,call,2026-05-31 04:04:21,voicemail,Marcus Lee
ACME-A002301,ACME-L00860,call,2026-05-31 04:14:39,connected,Owen Brooks
ACME-A002302,ACME-L00748,email,2026-05-31 05:17:17,sent,Sofia Alvarez
ACME-A002303,ACME-L00552,call,2026-05-31 05:27:15,connected,Marcus Lee
ACME-A002304,ACME-L00700,call,2026-05-31 06:03:27,no_answer,Jordan Ellis
ACME-A002305,ACME-L00839,email,2026-05-31 06:32:19,sent,Marcus Lee
ACME-A002306,ACME-L00795,email,2026-05-31 06:50:45,sent,Dana Whitfield
ACME-A002307,ACME-L00935,email,2026-05-31 07:24:53,sent,Marcus Lee
ACME-A002308,ACME-L00936,call,2026-05-31 09:00:53,connected,Dana Whitfield
ACME-A002309,ACME-L00811,email,2026-05-31 09:22:19,sent,Dana Whitfield
ACME-A002310,ACME-L00937,call,2026-05-31 09:26:41,connected,Sofia Alvarez
ACME-A002311,ACME-L00647,call,2026-05-31 10:07:34,no_answer,Marcus Lee
ACME-A002312,ACME-L00907,call,2026-05-31 10:26:39,voicemail,Owen Brooks
ACME-A002313,ACME-L00694,Call,2026-05-31 10:31:07,connected,Marcus Lee
ACME-A002314,ACME-L00938,email,2026-05-31 10:38:14,sent,Dana Whitfield
ACME-A002315,ACME-L00837,Call,2026-05-31 11:12:52,voicemail,Priya Raman
ACME-A002316,ACME-L00693,email,2026-05-31 11:17:34,sent,Dana Whitfield
ACME-A002317,ACME-L00860,email,2026-05-31 11:25:26,bounced,Owen Brooks
ACME-A002318,ACME-L00824,call,2026-05-31 11:51:29,connected,Priya Raman
ACME-A002319,ACME-L00396,email,2026-05-31 12:01:25,sent,Priya Raman
ACME-A002320,ACME-L00700,email,2026-05-31 12:56:02,sent,Jordan Ellis
ACME-A002321,ACME-L00923,email,2026-05-31 14:17:53,sent,Marcus Lee
ACME-A002322,ACME-L00871,call,2026-05-31 14:41:24,no_answer,Priya Raman
ACME-A002323,ACME-L00601,email,2026-05-31 15:37:19,sent,Jordan Ellis
ACME-A002324,ACME-L00940,email,2026-05-31 16:30:00,sent,Priya Raman
ACME-A002325,ACME-L00706,email,2026-05-31 16:55:35,sent,Priya Raman
ACME-A002326,ACME-L00939,call,2026-05-31 17:28:22,connected,Grace Kim
ACME-A002327,ACME-L00752,call,2026-05-31 17:51:19,connected,Marcus Lee
ACME-A002328,ACME-L00695,call,2026-05-31 17:53:22,no_answer,Dana Whitfield
ACME-A002329,ACME-L00774,email,2026-05-31 18:34:14,sent,Grace Kim
ACME-A002330,ACME-L00849,EMAIL,2026-05-31 19:00:15,sent,Sofia Alvarez
ACME-A002331,ACME-L00621,call,2026-05-31 19:00:37,no_answer,Priya Raman
ACME-A002332,ACME-L00684,email,2026-05-31 19:01:20,sent,Jordan Ellis
ACME-A002333,ACME-L00875,email,2026-05-31 20:16:32,sent,Jordan Ellis
ACME-A002334,ACME-L00903,call,2026-05-31 20:39:51,no_answer,Owen Brooks
ACME-A002335,ACME-L00870,call,2026-05-31 21:05:18,no_answer,Dana Whitfield
ACME-A002336,ACME-L00552,email,2026-05-31 21:19:29,sent,Marcus Lee
ACME-A002337,ACME-L00691,email,2026-05-31 21:21:56,bounced,Dana Whitfield
ACME-A002338,ACME-L00226,Call,2026-05-31 21:33:11,connected,Sofia Alvarez
ACME-A002339,ACME-L00656,email,2026-05-31 21:39:58,sent,Owen Brooks
ACME-A002340,ACME-L00779,email,2026-05-31 21:45:48,sent,Jordan Ellis
ACME-A002341,ACME-L00420,Email,2026-05-31 23:24:54,sent,Dana Whitfield
ACME-A002342,ACME-L00921,call,2026-05-31 23:38:27,no_answer,Jordan Ellis
ACME-A002343,ACME-L00941,call,2026-05-31 23:50:22,no_answer,Acme Round Robin
ACME-A002344,ACME-L00893,call,2026-06-01 00:35:58,no_answer,Sofia Alvarez
ACME-A002345,ACME-L00652,email,2026-06-01 00:39:36,sent,Marcus Lee
ACME-A002346,ACME-L00773,call,2026-06-01 00:40:37,connected,Sofia Alvarez
ACME-A002347,ACME-L00650,call,2026-06-01 01:04:24,connected,Dana Whitfield
ACME-A002348,ACME-L00126,email,2026-06-01 01:38:16,replied,Dana Whitfield
ACME-A002349,ACME-L00856,email,2026-06-01 01:41:52,sent,Owen Brooks
ACME-A002350,ACME-L00851,call,2026-06-01 03:10:04,no_answer,Dana Whitfield
ACME-A002351,ACME-L00858,email,2026-06-01 04:21:57,sent,Grace Kim
ACME-A002352,ACME-L00670,call,2026-06-01 04:39:42,voicemail,Sofia Alvarez
ACME-A002353,ACME-L00617,email,2026-06-01 04:45:52,sent,Priya Raman
ACME-A002354,ACME-L00943,email,2026-06-01 04:47:11,bounced,Marcus Lee
ACME-A002355,ACME-L00933,call,2026-06-01 05:15:40,connected,Grace Kim
ACME-A002356,ACME-L00941,call,2026-06-01 06:57:30,voicemail,Acme Round Robin
ACME-A002357,ACME-L00944,call,2026-06-01 07:04:51,voicemail,Jordan Ellis
ACME-A002358,ACME-L00601,email,2026-06-01 07:09:09,sent,Jordan Ellis
ACME-A002359,ACME-L00805,email,2026-06-01 07:12:20,sent,Jordan Ellis
ACME-A002360,ACME-L00942,email,2026-06-01 09:39:02,bounced,Grace Kim
ACME-A002361,ACME-L00945,call,2026-06-01 10:30:35,voicemail,Priya Raman
ACME-A002362,ACME-L00866,Email,2026-06-01 10:53:20,sent,Dana Whitfield
ACME-A002363,ACME-L00757,meeting,2026-06-01 11:49:01,held,Marcus Lee
ACME-A002364,ACME-L00952,call,2026-06-01 12:18:09,no_answer,Jordan Ellis
ACME-A002365,ACME-L00951,call,2026-06-01 12:43:21,no_answer,Dana Whitfield
ACME-A002366,ACME-L00740,email,2026-06-01 12:46:55,sent,Acme Round Robin
ACME-A002367,ACME-L00955,email,2026-06-01 13:17:52,bounced,Priya Raman
ACME-A002368,ACME-L00953,email,2026-06-01 13:23:17,sent,Dana Whitfield
ACME-A002369,ACME-L00710,call,2026-06-01 13:48:54,voicemail,Grace Kim
ACME-A002370,ACME-L00848,email,2026-06-01 14:19:05,sent,Jordan Ellis
ACME-A002371,ACME-L00954,call,2026-06-01 15:06:12,connected,Priya Raman
ACME-A002372,ACME-L00946,call,2026-06-01 15:34:10,no_answer,Dana Whitfield
ACME-A002373,ACME-L00950,call,2026-06-01 15:49:04,no_answer,Marcus Lee
ACME-A002374,ACME-L00730,call,2026-06-01 15:51:08,voicemail,Dana Whitfield
ACME-A002375,ACME-L00947,email,2026-06-01 16:08:59,sent,Owen Brooks
ACME-A002376,ACME-L00826,call,2026-06-01 17:01:41,no_answer,Marcus Lee
ACME-A002377,ACME-L00949,call,2026-06-01 17:48:17,voicemail,Priya Raman
ACME-A002378,ACME-L00662,email,2026-06-01 17:58:16,sent,Marcus Lee
ACME-A002379,ACME-L00956,EMAIL,2026-06-01 18:27:57,replied,Grace Kim
ACME-A002380,ACME-L00923,email,2026-06-01 19:11:26,replied,Marcus Lee
ACME-A002381,ACME-L00958,call,2026-06-01 19:13:01,no_answer,Marcus Lee
ACME-A002382,ACME-L00552,call,2026-06-01 20:00:13,voicemail,Marcus Lee
ACME-A002383,ACME-L00601,meeting,2026-06-01 20:05:13,held,Jordan Ellis
ACME-A002384,ACME-L00755,call,2026-06-01 20:31:46,no_answer,Jordan Ellis
ACME-A002385,ACME-L00959,call,2026-06-01 20:42:53,no_answer,Jordan Ellis
ACME-A002386,ACME-L00948,call,2026-06-01 21:03:01,connected,Priya Raman
ACME-A002387,ACME-L00601,email,2026-06-01 21:20:48,sent,Jordan Ellis
ACME-A002388,ACME-L00959,meeting,2026-06-01 21:34:55,held,Jordan Ellis
ACME-A002389,ACME-L00703,call,2026-06-01 21:56:07,connected,Jordan Ellis
ACME-A002390,ACME-L00660,email,2026-06-01 22:06:49,sent,Marcus Lee
ACME-A002391,ACME-L00731,call,2026-06-01 22:23:14,no_answer,Owen Brooks
ACME-A002392,ACME-L00957,call,2026-06-01 22:58:31,no_answer,Sofia Alvarez
ACME-A002393,ACME-L00961,call,2026-06-01 23:08:58,voicemail,Marcus Lee
ACME-A002394,ACME-L00707,Call,2026-06-01 23:21:01,connected,Dana Whitfield
ACME-A002395,ACME-L00844,call,2026-06-02 00:30:52,no_answer,Priya Raman
ACME-A002396,ACME-L00779,email,2026-06-02 00:39:16,sent,Jordan Ellis
ACME-A002397,ACME-L00722,Email,2026-06-02 00:54:52,sent,Grace Kim
ACME-A002398,ACME-L00960,CALL,2026-06-02 01:17:24,voicemail,Priya Raman
ACME-A002399,ACME-L00917,call,2026-06-02 01:30:06,no_answer,Dana Whitfield
ACME-A002400,ACME-L00835,email,2026-06-02 02:38:50,sent,Priya Raman
ACME-A002401,ACME-L00774,call,2026-06-02 02:40:03,no_answer,Grace Kim
ACME-A002402,ACME-L00877,call,2026-06-02 02:58:07,connected,Acme Round Robin
ACME-A002403,ACME-L00796,email,2026-06-02 03:38:17,sent,Sofia Alvarez
ACME-A002404,ACME-L00879,email,2026-06-02 03:47:16,sent,Sofia Alvarez
ACME-A002405,ACME-L00797,email,2026-06-02 04:16:56,sent,Grace Kim
ACME-A002406,ACME-L00643,call,2026-06-02 04:58:22,no_answer,Dana Whitfield
ACME-A002407,ACME-L00728,call,2026-06-02 06:25:45,connected,Priya Raman
ACME-A002408,ACME-L00740,email,2026-06-02 06:41:54,replied,Acme Round Robin
ACME-A002409,ACME-L00883,meeting,2026-06-02 08:18:06,no_show,Dana Whitfield
ACME-A002410,ACME-L00580,call,2026-06-02 08:21:18,no_answer,Dana Whitfield
ACME-A002411,ACME-L00962,CALL,2026-06-02 09:29:27,no_answer,Marcus Lee
ACME-A002412,ACME-L00964,call,2026-06-02 09:33:50,no_answer,Marcus Lee
ACME-A002413,ACME-L00866,email,2026-06-02 11:13:18,sent,Dana Whitfield
ACME-A002414,ACME-L00532,call,2026-06-02 11:24:18,no_answer,Marcus Lee
ACME-A002415,ACME-L00776,email,2026-06-02 12:02:34,sent,Priya Raman
ACME-A002416,ACME-L00868,call,2026-06-02 12:15:51,no_answer,Priya Raman
ACME-A002417,ACME-L00739,call,2026-06-02 12:48:23,no_answer,Priya Raman
ACME-A002418,ACME-L00777,call,2026-06-02 14:01:07,connected,Marcus Lee
ACME-A002419,ACME-L00159,call,2026-06-02 14:08:38,no_answer,Dana Whitfield
ACME-A002420,ACME-L00968,call,2026-06-02 14:31:46,connected,Priya Raman
ACME-A002421,ACME-L00969,call,2026-06-02 14:32:04,connected,Priya Raman
ACME-A002422,ACME-L00967,call,2026-06-02 14:35:19,no_answer,Dana Whitfield
ACME-A002423,ACME-L00970,call,2026-06-02 14:55:02,connected,Owen Brooks
ACME-A002424,ACME-L00648,EMAIL,2026-06-02 15:10:33,sent,Jordan Ellis
ACME-A002425,ACME-L00731,email,2026-06-02 15:26:06,sent,Owen Brooks
ACME-A002426,ACME-L00607,call,2026-06-02 15:55:43,voicemail,Sofia Alvarez
ACME-A002427,ACME-L00605,call,2026-06-02 16:02:28,connected,Jordan Ellis
ACME-A002428,ACME-L00972,call,2026-06-02 16:06:09,voicemail,Sofia Alvarez
ACME-A002429,ACME-L00975,email,2026-06-02 16:16:30,sent,Sofia Alvarez
ACME-A002430,ACME-L00966,call,2026-06-02 16:16:54,no_answer,Dana Whitfield
ACME-A002431,ACME-L00971,call,2026-06-02 17:07:02,no_answer,Marcus Lee
ACME-A002432,ACME-L00976,call,2026-06-02 17:58:56,voicemail,Priya Raman
ACME-A002433,ACME-L00863,email,2026-06-02 19:13:06,sent,Dana Whitfield
ACME-A002434,ACME-L00963,call,2026-06-02 19:30:06,no_answer,Jordan Ellis
ACME-A002435,ACME-L00789,email,2026-06-02 21:01:46,sent,Jordan Ellis
ACME-A002436,ACME-L00973,call,2026-06-02 21:26:09,connected,Marcus Lee
ACME-A002437,ACME-L00977,email,2026-06-02 21:34:18,replied,Owen Brooks
ACME-A002438,ACME-L00369,call,2026-06-02 23:12:06,voicemail,Owen Brooks
ACME-A002439,ACME-L00653,call,2026-06-02 23:37:00,no_answer,Sofia Alvarez
ACME-A002440,ACME-L00978,email,2026-06-03 00:07:13,sent,Marcus Lee
ACME-A002441,ACME-L00879,call,2026-06-03 01:07:43,no_answer,Sofia Alvarez
ACME-A002442,ACME-L00806,call,2026-06-03 01:44:14,voicemail,Priya Raman
ACME-A002443,ACME-L00774,meeting,2026-06-03 03:35:19,held,Grace Kim
ACME-A002444,ACME-L00682,email,2026-06-03 04:27:51,sent,Priya Raman
ACME-A002445,ACME-L00933,CALL,2026-06-03 05:11:13,voicemail,Grace Kim
ACME-A002446,ACME-L00729,email,2026-06-03 06:30:29,sent,Jordan Ellis
ACME-A002447,ACME-L00965,call,2026-06-03 07:10:29,no_answer,Acme Round Robin
ACME-A002448,ACME-L00685,call,2026-06-03 07:54:55,connected,Priya Raman
ACME-A002449,ACME-L00981,email,2026-06-03 09:11:35,sent,Sofia Alvarez
ACME-A002450,ACME-L00985,EMAIL,2026-06-03 09:21:29,sent,Priya Raman
ACME-A002451,ACME-L00917,email,2026-06-03 10:28:34,sent,Dana Whitfield
ACME-A002452,ACME-L00982,call,2026-06-03 10:34:19,no_answer,Grace Kim
ACME-A002453,ACME-L00948,email,2026-06-03 11:12:38,sent,Priya Raman
ACME-A002454,ACME-L00984,email,2026-06-03 11:21:32,sent,Dana Whitfield
ACME-A002455,ACME-L00989,email,2026-06-03 12:32:24,sent,Dana Whitfield
ACME-A002456,ACME-L00986,email,2026-06-03 12:37:54,sent,Marcus Lee
ACME-A002457,ACME-L00894,email,2026-06-03 13:04:33,sent,Marcus Lee
ACME-A002458,ACME-L00980,EMAIL,2026-06-03 13:10:14,sent,Sofia Alvarez
ACME-A002459,ACME-L00584,email,2026-06-03 13:16:26,sent,Jordan Ellis
ACME-A002460,ACME-L00983,Email,2026-06-03 13:56:05,sent,Grace Kim
ACME-A002461,ACME-L00913,email,2026-06-03 13:58:58,sent,Sofia Alvarez
ACME-A002462,ACME-L00978,call,2026-06-03 14:01:28,no_answer,Marcus Lee
ACME-A002463,ACME-L00783,call,2026-06-03 14:07:41,no_answer,Marcus Lee
ACME-A002464,ACME-L00739,email,2026-06-03 14:23:19,sent,Priya Raman
ACME-A002465,ACME-L00991,call,2026-06-03 14:27:02,no_answer,Owen Brooks
ACME-A002466,ACME-L00988,email,2026-06-03 14:43:23,sent,Dana Whitfield
ACME-A002467,ACME-L00843,call,2026-06-03 15:02:59,no_answer,Sofia Alvarez
ACME-A002468,ACME-L00992,call,2026-06-03 15:45:03,no_answer,Marcus Lee
ACME-A002469,ACME-L00751,call,2026-06-03 15:48:45,voicemail,Jordan Ellis
ACME-A002470,ACME-L00995,call,2026-06-03 15:49:31,connected,Sofia Alvarez
ACME-A002471,ACME-L00938,Meeting,2026-06-03 16:22:05,no_show,Dana Whitfield
ACME-A002472,ACME-L00994,call,2026-06-03 17:13:37,voicemail,Owen Brooks
ACME-A002473,ACME-L00818,EMAIL,2026-06-03 17:58:12,sent,Dana Whitfield
ACME-A002474,ACME-L00159,meeting,2026-06-03 18:06:58,held,Dana Whitfield
ACME-A002475,ACME-L00971,email,2026-06-03 18:37:47,sent,Marcus Lee
ACME-A002476,ACME-L00987,Email,2026-06-03 18:42:27,sent,Priya Raman
ACME-A002477,ACME-L00993,email,2026-06-03 18:49:40,bounced,Grace Kim
ACME-A002478,ACME-L00979,call,2026-06-03 18:49:48,no_answer,Dana Whitfield
ACME-A002479,ACME-L00823,call,2026-06-03 19:18:53,connected,Priya Raman
ACME-A002480,ACME-L00997,email,2026-06-03 20:17:53,sent,Jordan Ellis
ACME-A002481,ACME-L00999,email,2026-06-03 20:30:32,replied,Marcus Lee
ACME-A002482,ACME-L00830,call,2026-06-03 21:05:32,voicemail,Marcus Lee
ACME-A002483,ACME-L01000,email,2026-06-03 21:14:11,sent,Dana Whitfield
ACME-A002484,ACME-L00703,email,2026-06-03 21:49:53,sent,Jordan Ellis
ACME-A002485,ACME-L00935,email,2026-06-03 22:17:04,sent,Marcus Lee
ACME-A002486,ACME-L00992,meeting,2026-06-03 23:09:09,held,Marcus Lee
ACME-A002487,ACME-L00909,call,2026-06-03 23:22:11,connected,Sofia Alvarez
ACME-A002488,ACME-L00976,email,2026-06-03 23:31:59,replied,Priya Raman
ACME-A002489,ACME-L00821,email,2026-06-04 00:19:52,sent,Priya Raman
ACME-A002490,ACME-L00990,call,2026-06-04 00:32:42,connected,Priya Raman
ACME-A002491,ACME-L00971,email,2026-06-04 01:36:38,sent,Marcus Lee
ACME-A002492,ACME-L00826,call,2026-06-04 02:46:06,connected,Marcus Lee
ACME-A002493,ACME-L00938,email,2026-06-04 03:35:33,sent,Dana Whitfield
ACME-A002494,ACME-L00869,meeting,2026-06-04 03:50:00,held,Jordan Ellis
ACME-A002495,ACME-L00901,email,2026-06-04 04:04:21,sent,Jordan Ellis
ACME-A002496,ACME-L01001,call,2026-06-04 04:34:52,voicemail,Grace Kim
ACME-A002497,ACME-L00938,call,2026-06-04 04:36:04,no_answer,Dana Whitfield
ACME-A002498,ACME-L00697,call,2026-06-04 04:58:58,connected,Acme Round Robin
ACME-A002499,ACME-L00682,call,2026-06-04 05:40:11,connected,Priya Raman
ACME-A002500,ACME-L01002,call,2026-06-04 07:13:02,no_answer,Priya Raman
ACME-A002501,ACME-L00998,email,2026-06-04 07:43:50,sent,Sofia Alvarez
ACME-A002502,ACME-L00998,CALL,2026-06-04 08:21:52,no_answer,Sofia Alvarez
ACME-A002503,ACME-L00869,email,2026-06-04 09:13:58,replied,Jordan Ellis
ACME-A002504,ACME-L00999,Call,2026-06-04 09:38:30,voicemail,Marcus Lee
ACME-A002505,ACME-L00996,call,2026-06-04 09:42:07,voicemail,Priya Raman
ACME-A002506,ACME-L00990,email,2026-06-04 09:52:28,sent,Priya Raman
ACME-A002507,ACME-L00959,call,2026-06-04 10:15:41,voicemail,Jordan Ellis
ACME-A002508,ACME-L01000,email,2026-06-04 10:45:21,sent,Dana Whitfield
ACME-A002509,ACME-L01005,email,2026-06-04 11:24:49,replied,Jordan Ellis
ACME-A002510,ACME-L00955,meeting,2026-06-04 11:25:38,no_show,Priya Raman
ACME-A002511,ACME-L00847,call,2026-06-04 11:55:32,no_answer,Marcus Lee
ACME-A002512,ACME-L01004,call,2026-06-04 11:57:30,connected,Dana Whitfield
ACME-A002513,ACME-L01009,call,2026-06-04 12:36:50,no_answer,Jordan Ellis
ACME-A002514,ACME-L01007,call,2026-06-04 12:48:31,no_answer,Marcus Lee
ACME-A002515,ACME-L00816,email,2026-06-04 13:24:24,replied,Sofia Alvarez
ACME-A002516,ACME-L00969,call,2026-06-04 13:34:12,connected,Priya Raman
ACME-A002517,ACME-L00832,email,2026-06-04 13:42:53,sent,Marcus Lee
ACME-A002518,ACME-L00750,call,2026-06-04 14:39:35,no_answer,Owen Brooks
ACME-A002519,ACME-L01015,call,2026-06-04 14:44:09,connected,Dana Whitfield
ACME-A002520,ACME-L01013,call,2026-06-04 14:54:36,connected,Marcus Lee
ACME-A002521,ACME-L01008,call,2026-06-04 15:05:25,connected,Dana Whitfield
ACME-A002522,ACME-L01014,EMAIL,2026-06-04 15:13:12,replied,Dana Whitfield
ACME-A002523,ACME-L01016,email,2026-06-04 16:53:25,bounced,Marcus Lee
ACME-A002524,ACME-L01012,CALL,2026-06-04 17:58:14,voicemail,Acme Round Robin
ACME-A002525,ACME-L00955,call,2026-06-04 18:03:11,voicemail,Priya Raman
ACME-A002526,ACME-L01003,call,2026-06-04 18:23:16,no_answer,Jordan Ellis
ACME-A002527,ACME-L00978,call,2026-06-04 18:50:27,no_answer,Marcus Lee
ACME-A002528,ACME-L01010,call,2026-06-04 18:56:44,no_answer,Acme Round Robin
ACME-A002529,ACME-L01018,call,2026-06-04 18:58:01,no_answer,Priya Raman
ACME-A002530,ACME-L01006,email,2026-06-04 19:45:47,sent,Sofia Alvarez
ACME-A002531,ACME-L00840,email,2026-06-04 21:17:38,replied,Priya Raman
ACME-A002532,ACME-L00650,call,2026-06-04 21:58:14,connected,Dana Whitfield
ACME-A002533,ACME-L01003,email,2026-06-04 22:30:09,sent,Jordan Ellis
ACME-A002534,ACME-L00680,call,2026-06-04 22:39:37,no_answer,Dana Whitfield
ACME-A002535,ACME-L01020,call,2026-06-04 23:09:25,no_answer,Marcus Lee
ACME-A002536,ACME-L00911,email,2026-06-04 23:23:45,sent,Sofia Alvarez
ACME-A002537,ACME-L00976,call,2026-06-04 23:28:15,no_answer,Priya Raman
ACME-A002538,ACME-L00449,email,2026-06-04 23:47:29,sent,Priya Raman
ACME-A002539,ACME-L01011,email,2026-06-05 00:32:19,bounced,Dana Whitfield
ACME-A002540,ACME-L01017,call,2026-06-05 00:33:05,no_answer,Priya Raman
ACME-A002541,ACME-L00925,email,2026-06-05 02:45:50,replied,Priya Raman
ACME-A002542,ACME-L00563,call,2026-06-05 03:18:08,no_answer,Sofia Alvarez
ACME-A002543,ACME-L00914,call,2026-06-05 03:58:46,no_answer,Owen Brooks
ACME-A002544,ACME-L00703,Call,2026-06-05 04:20:04,connected,Jordan Ellis
ACME-A002545,ACME-L01019,email,2026-06-05 04:59:11,sent,Dana Whitfield
ACME-A002546,ACME-L00843,email,2026-06-05 05:17:12,sent,Sofia Alvarez
ACME-A002547,ACME-L01017,email,2026-06-05 05:37:33,sent,Priya Raman
ACME-A002548,ACME-L00902,email,2026-06-05 06:55:54,sent,Jordan Ellis
ACME-A002549,ACME-L00701,call,2026-06-05 07:06:19,connected,Grace Kim
ACME-A002550,ACME-L01017,CALL,2026-06-05 08:09:50,connected,Priya Raman
ACME-A002551,ACME-L01022,email,2026-06-05 09:17:04,replied,Marcus Lee
ACME-A002552,ACME-L00992,meeting,2026-06-05 09:22:39,no_show,Marcus Lee
ACME-A002553,ACME-L00830,call,2026-06-05 09:39:41,voicemail,Marcus Lee
ACME-A002554,ACME-L00921,call,2026-06-05 09:51:15,voicemail,Jordan Ellis
ACME-A002555,ACME-L00955,email,2026-06-05 10:34:34,sent,Priya Raman
ACME-A002556,ACME-L00976,call,2026-06-05 11:25:25,voicemail,Priya Raman
ACME-A002557,ACME-L01023,call,2026-06-05 11:36:14,no_answer,Owen Brooks
ACME-A002558,ACME-L00974,email,2026-06-05 11:41:55,sent,Sofia Alvarez
ACME-A002559,ACME-L00944,email,2026-06-05 11:55:41,sent,Jordan Ellis
ACME-A002560,ACME-L01001,call,2026-06-05 11:56:14,connected,Grace Kim
ACME-A002561,ACME-L01024,email,2026-06-05 12:32:34,sent,Sofia Alvarez
ACME-A002562,ACME-L01028,call,2026-06-05 12:42:03,connected,Marcus Lee
ACME-A002563,ACME-L00706,email,2026-06-05 13:18:57,sent,Priya Raman
ACME-A002564,ACME-L00900,email,2026-06-05 14:12:21,sent,Marcus Lee
ACME-A002565,ACME-L01025,call,2026-06-05 14:30:24,voicemail,Grace Kim
ACME-A002566,ACME-L01027,call,2026-06-05 14:30:47,voicemail,Marcus Lee
ACME-A002567,ACME-L00943,call,2026-06-05 14:31:08,connected,Marcus Lee
ACME-A002568,ACME-L00928,email,2026-06-05 15:24:36,sent,Jordan Ellis
ACME-A002569,ACME-L01030,email,2026-06-05 15:30:40,sent,Dana Whitfield
ACME-A002570,ACME-L00917,email,2026-06-05 15:46:40,sent,Dana Whitfield
ACME-A002571,ACME-L00732,email,2026-06-05 16:17:34,sent,Jordan Ellis
ACME-A002572,ACME-L01024,email,2026-06-05 18:21:36,sent,Sofia Alvarez
ACME-A002573,ACME-L00917,call,2026-06-05 18:47:18,voicemail,Dana Whitfield
ACME-A002574,ACME-L00566,email,2026-06-05 18:51:38,replied,Marcus Lee
ACME-A002575,ACME-L00770,call,2026-06-05 19:06:28,no_answer,Jordan Ellis
ACME-A002576,ACME-L00784,email,2026-06-05 19:26:39,sent,Dana Whitfield
ACME-A002577,ACME-L01029,Call,2026-06-05 19:45:10,connected,Marcus Lee
ACME-A002578,ACME-L01031,email,2026-06-05 20:37:16,sent,Grace Kim
ACME-A002579,ACME-L01032,call,2026-06-05 20:52:25,voicemail,Acme Round Robin
ACME-A002580,ACME-L00764,call,2026-06-05 21:12:34,no_answer,Owen Brooks
ACME-A002581,ACME-L00848,call,2026-06-05 22:34:05,voicemail,Jordan Ellis
ACME-A002582,ACME-L00992,email,2026-06-05 22:41:40,replied,Marcus Lee
ACME-A002583,ACME-L01034,call,2026-06-05 23:23:40,no_answer,Acme Round Robin
ACME-A002584,ACME-L01026,call,2026-06-05 23:27:01,voicemail,Marcus Lee
ACME-A002585,ACME-L00911,EMAIL,2026-06-06 00:30:30,sent,Sofia Alvarez
ACME-A002586,ACME-L01033,call,2026-06-06 01:11:05,voicemail,Dana Whitfield
ACME-A002587,ACME-L00885,call,2026-06-06 01:31:32,voicemail,Dana Whitfield
ACME-A002588,ACME-L00719,email,2026-06-06 02:57:54,bounced,Marcus Lee
ACME-A002589,ACME-L00848,email,2026-06-06 04:03:33,sent,Jordan Ellis
ACME-A002590,ACME-L01021,email,2026-06-06 04:26:43,sent,Dana Whitfield
ACME-A002591,ACME-L01024,Email,2026-06-06 04:52:26,sent,Sofia Alvarez
ACME-A002592,ACME-L00988,call,2026-06-06 05:59:21,no_answer,Dana Whitfield
ACME-A002593,ACME-L00957,call,2026-06-06 06:15:59,no_answer,Sofia Alvarez
ACME-A002594,ACME-L00755,email,2026-06-06 06:41:29,sent,Jordan Ellis
ACME-A002595,ACME-L00987,Call,2026-06-06 06:59:30,no_answer,Priya Raman
ACME-A002596,ACME-L00743,Call,2026-06-06 07:01:26,no_answer,Marcus Lee
ACME-A002597,ACME-L00750,CALL,2026-06-06 08:08:20,no_answer,Owen Brooks
ACME-A002598,ACME-L00994,call,2026-06-06 08:48:53,no_answer,Owen Brooks
ACME-A002599,ACME-L00971,CALL,2026-06-06 08:49:29,no_answer,Marcus Lee
ACME-A002600,ACME-L00909,call,2026-06-06 09:03:14,voicemail,Sofia Alvarez
ACME-A002601,ACME-L00566,call,2026-06-06 10:10:51,no_answer,Marcus Lee
ACME-A002602,ACME-L01035,call,2026-06-06 12:18:54,voicemail,Marcus Lee
ACME-A002603,ACME-L00731,call,2026-06-06 12:28:42,connected,Owen Brooks
ACME-A002604,ACME-L01037,email,2026-06-06 12:32:18,replied,Jordan Ellis
ACME-A002605,ACME-L00979,Email,2026-06-06 13:22:19,sent,Dana Whitfield
ACME-A002606,ACME-L00449,call,2026-06-06 13:26:21,connected,Priya Raman
ACME-A002607,ACME-L00866,email,2026-06-06 13:41:04,sent,Dana Whitfield
ACME-A002608,ACME-L00845,email,2026-06-06 13:41:41,sent,Sofia Alvarez
ACME-A002609,ACME-L00980,call,2026-06-06 14:45:54,connected,Sofia Alvarez
ACME-A002610,ACME-L00967,email,2026-06-06 15:26:55,sent,Dana Whitfield
ACME-A002611,ACME-L00870,call,2026-06-06 17:07:40,no_answer,Dana Whitfield
ACME-A002612,ACME-L01036,call,2026-06-06 18:15:12,voicemail,Marcus Lee
ACME-A002613,ACME-L00978,EMAIL,2026-06-06 19:17:25,sent,Marcus Lee
ACME-A002614,ACME-L01039,EMAIL,2026-06-06 19:34:50,sent,Marcus Lee
ACME-A002615,ACME-L00863,email,2026-06-06 19:50:50,sent,Dana Whitfield
ACME-A002616,ACME-L00951,call,2026-06-06 20:34:44,voicemail,Dana Whitfield
ACME-A002617,ACME-L00914,call,2026-06-06 21:19:54,connected,Owen Brooks
ACME-A002618,ACME-L01024,email,2026-06-07 02:24:45,sent,Sofia Alvarez
ACME-A002619,ACME-L00821,call,2026-06-07 03:33:21,connected,Priya Raman
ACME-A002620,ACME-L00973,call,2026-06-07 03:38:33,no_answer,Marcus Lee
ACME-A002621,ACME-L00604,call,2026-06-07 04:46:44,no_answer,Marcus Lee
ACME-A002622,ACME-L01043,email,2026-06-07 05:30:03,sent,Sofia Alvarez
ACME-A002623,ACME-L00757,email,2026-06-07 05:39:09,sent,Marcus Lee
ACME-A002624,ACME-L00816,CALL,2026-06-07 06:04:23,voicemail,Sofia Alvarez
ACME-A002625,ACME-L01042,CALL,2026-06-07 06:47:56,no_answer,Dana Whitfield
ACME-A002626,ACME-L01040,call,2026-06-07 08:13:16,voicemail,Grace Kim
ACME-A002627,ACME-L00758,email,2026-06-07 09:53:10,sent,Priya Raman
ACME-A002628,ACME-L01041,email,2026-06-07 10:46:33,sent,Priya Raman
ACME-A002629,ACME-L00872,email,2026-06-07 10:52:41,replied,Marcus Lee
ACME-A002630,ACME-L01044,Email,2026-06-07 11:50:25,sent,Sofia Alvarez
ACME-A002631,ACME-L01046,call,2026-06-07 12:10:10,voicemail,Dana Whitfield
ACME-A002632,ACME-L00755,call,2026-06-07 12:10:40,no_answer,Jordan Ellis
ACME-A002633,ACME-L00912,Call,2026-06-07 12:29:15,voicemail,Grace Kim
ACME-A002634,ACME-L01047,Email,2026-06-07 13:30:18,sent,Jordan Ellis
ACME-A002635,ACME-L00948,email,2026-06-07 13:45:56,sent,Priya Raman
ACME-A002636,ACME-L00942,email,2026-06-07 14:14:44,sent,Grace Kim
ACME-A002637,ACME-L00975,Call,2026-06-07 15:10:57,no_answer,Sofia Alvarez
ACME-A002638,ACME-L00780,call,2026-06-07 15:19:24,no_answer,Dana Whitfield
ACME-A002639,ACME-L00938,meeting,2026-06-07 15:28:41,held,Dana Whitfield
ACME-A002640,ACME-L00810,email,2026-06-07 15:53:11,replied,Dana Whitfield
ACME-A002641,ACME-L00878,call,2026-06-07 15:56:30,connected,Sofia Alvarez
ACME-A002642,ACME-L01046,call,2026-06-07 17:21:27,no_answer,Dana Whitfield
ACME-A002643,ACME-L00727,email,2026-06-07 19:36:43,replied,Dana Whitfield
ACME-A002644,ACME-L01022,email,2026-06-07 20:48:56,sent,Marcus Lee
ACME-A002645,ACME-L00978,email,2026-06-07 21:33:10,sent,Marcus Lee
ACME-A002646,ACME-L00942,email,2026-06-07 21:45:45,sent,Grace Kim
ACME-A002647,ACME-L01017,call,2026-06-07 22:00:06,connected,Priya Raman
ACME-A002648,ACME-L00731,call,2026-06-07 22:11:50,no_answer,Owen Brooks
ACME-A002649,ACME-L00963,email,2026-06-07 22:31:22,sent,Jordan Ellis
ACME-A002650,ACME-L01045,call,2026-06-07 22:40:09,connected,Jordan Ellis
ACME-A002651,ACME-L01048,call,2026-06-07 22:52:18,no_answer,Jordan Ellis
ACME-A002652,ACME-L00902,email,2026-06-07 23:22:24,sent,Jordan Ellis
ACME-A002653,ACME-L01049,call,2026-06-08 00:57:46,connected,Grace Kim
ACME-A002654,ACME-L00960,email,2026-06-08 01:32:23,sent,Priya Raman
ACME-A002655,ACME-L00979,call,2026-06-08 02:34:38,connected,Dana Whitfield
ACME-A002656,ACME-L01017,Email,2026-06-08 03:24:23,sent,Priya Raman
ACME-A002657,ACME-L01018,call,2026-06-08 03:29:48,no_answer,Priya Raman
ACME-A002658,ACME-L01024,MEETING,2026-06-08 05:12:23,held,Sofia Alvarez
ACME-A002659,ACME-L00802,email,2026-06-08 05:25:16,sent,Grace Kim
ACME-A002660,ACME-L00942,email,2026-06-08 05:33:06,sent,Grace Kim
ACME-A002661,ACME-L00082,call,2026-06-08 06:05:32,connected,Marcus Lee
ACME-A002662,ACME-L00922,call,2026-06-08 06:53:19,voicemail,Priya Raman
ACME-A002663,ACME-L00943,call,2026-06-08 09:59:43,connected,Marcus Lee
ACME-A002664,ACME-L01005,call,2026-06-08 10:34:51,connected,Jordan Ellis
ACME-A002665,ACME-L01053,email,2026-06-08 11:05:28,sent,Dana Whitfield
ACME-A002666,ACME-L01052,email,2026-06-08 11:13:21,sent,Dana Whitfield
ACME-A002667,ACME-L00871,email,2026-06-08 11:29:26,sent,Priya Raman
ACME-A002668,ACME-L00953,call,2026-06-08 11:34:08,connected,Dana Whitfield
ACME-A002669,ACME-L01050,CALL,2026-06-08 11:39:14,voicemail,Dana Whitfield
ACME-A002670,ACME-L01055,email,2026-06-08 12:22:42,sent,Priya Raman
ACME-A002671,ACME-L01057,email,2026-06-08 12:49:38,sent,Sofia Alvarez
ACME-A002672,ACME-L00903,call,2026-06-08 13:02:59,connected,Owen Brooks
ACME-A002673,ACME-L01051,email,2026-06-08 13:41:32,sent,Owen Brooks
ACME-A002674,ACME-L01035,call,2026-06-08 13:47:05,connected,Marcus Lee
ACME-A002675,ACME-L00856,email,2026-06-08 13:49:07,sent,Owen Brooks
ACME-A002676,ACME-L00908,call,2026-06-08 14:19:51,no_answer,Jordan Ellis
ACME-A002677,ACME-L01059,call,2026-06-08 14:49:32,connected,Marcus Lee
ACME-A002678,ACME-L01038,email,2026-06-08 15:16:08,sent,Owen Brooks
ACME-A002679,ACME-L01042,email,2026-06-08 15:50:42,replied,Dana Whitfield
ACME-A002680,ACME-L00972,call,2026-06-08 15:58:26,voicemail,Sofia Alvarez
ACME-A002681,ACME-L01066,call,2026-06-08 15:59:41,voicemail,Grace Kim
ACME-A002682,ACME-L01065,email,2026-06-08 16:07:18,sent,Sofia Alvarez
ACME-A002683,ACME-L01064,call,2026-06-08 16:35:00,no_answer,Sofia Alvarez
ACME-A002684,ACME-L01058,call,2026-06-08 16:36:11,voicemail,Jordan Ellis
ACME-A002685,ACME-L00779,CALL,2026-06-08 16:45:10,connected,Jordan Ellis
ACME-A002686,ACME-L00946,call,2026-06-08 16:52:39,connected,Dana Whitfield
ACME-A002687,ACME-L01063,email,2026-06-08 17:06:47,sent,Jordan Ellis
ACME-A002688,ACME-L00984,email,2026-06-08 17:14:39,sent,Dana Whitfield
ACME-A002689,ACME-L01056,email,2026-06-08 17:25:24,sent,Jordan Ellis
ACME-A002690,ACME-L01067,call,2026-06-08 17:36:12,connected,Sofia Alvarez
ACME-A002691,ACME-L00945,email,2026-06-08 17:45:56,bounced,Priya Raman
ACME-A002692,ACME-L00924,call,2026-06-08 17:47:09,connected,Dana Whitfield
ACME-A002693,ACME-L01070,call,2026-06-08 18:45:38,no_answer,Sofia Alvarez
ACME-A002694,ACME-L01068,email,2026-06-08 19:10:52,sent,Sofia Alvarez
ACME-A002695,ACME-L00814,email,2026-06-08 19:53:42,sent,Jordan Ellis
ACME-A002696,ACME-L00885,email,2026-06-08 22:15:34,sent,Dana Whitfield
ACME-A002697,ACME-L01007,call,2026-06-08 22:22:15,no_answer,Marcus Lee
ACME-A002698,ACME-L01071,CALL,2026-06-08 23:20:55,connected,Priya Raman
ACME-A002699,ACME-L01061,call,2026-06-09 00:01:34,no_answer,Sofia Alvarez
ACME-A002700,ACME-L00532,meeting,2026-06-09 00:08:08,no_show,Marcus Lee
ACME-A002701,ACME-L01057,email,2026-06-09 00:32:07,sent,Sofia Alvarez
ACME-A002702,ACME-L01062,email,2026-06-09 01:28:44,sent,Dana Whitfield
ACME-A002703,ACME-L01069,email,2026-06-09 02:42:53,sent,Dana Whitfield
ACME-A002704,ACME-L00892,call,2026-06-09 03:17:50,connected,Marcus Lee
ACME-A002705,ACME-L01060,email,2026-06-09 04:17:55,sent,Grace Kim
ACME-A002706,ACME-L01046,call,2026-06-09 04:25:58,no_answer,Dana Whitfield
ACME-A002707,ACME-L01041,email,2026-06-09 04:38:49,replied,Priya Raman
ACME-A002708,ACME-L00966,call,2026-06-09 04:55:08,voicemail,Dana Whitfield
ACME-A002709,ACME-L00992,EMAIL,2026-06-09 04:57:46,sent,Marcus Lee
ACME-A002710,ACME-L01001,email,2026-06-09 07:43:42,sent,Grace Kim
ACME-A002711,ACME-L00962,call,2026-06-09 07:45:47,connected,Marcus Lee
ACME-A002712,ACME-L00953,email,2026-06-09 07:51:00,sent,Dana Whitfield
ACME-A002713,ACME-L00848,email,2026-06-09 08:15:19,replied,Jordan Ellis
ACME-A002714,ACME-L01015,call,2026-06-09 08:32:27,voicemail,Dana Whitfield
ACME-A002715,ACME-L01028,email,2026-06-09 09:18:31,sent,Marcus Lee
ACME-A002716,ACME-L00780,email,2026-06-09 09:37:54,bounced,Dana Whitfield
ACME-A002717,ACME-L01000,email,2026-06-09 10:04:36,sent,Dana Whitfield
ACME-A002718,ACME-L00942,call,2026-06-09 10:58:22,voicemail,Grace Kim
ACME-A002719,ACME-L01076,call,2026-06-09 11:20:47,connected,Grace Kim
ACME-A002720,ACME-L01078,call,2026-06-09 11:44:12,no_answer,Sofia Alvarez
ACME-A002721,ACME-L01077,email,2026-06-09 11:44:26,sent,Marcus Lee
ACME-A002722,ACME-L01006,call,2026-06-09 12:12:53,no_answer,Sofia Alvarez
ACME-A002723,ACME-L00662,email,2026-06-09 12:19:13,sent,Marcus Lee
ACME-A002724,ACME-L01074,call,2026-06-09 12:35:17,connected,Jordan Ellis
ACME-A002725,ACME-L01043,call,2026-06-09 12:41:30,no_answer,Sofia Alvarez
ACME-A002726,ACME-L01080,call,2026-06-09 12:46:07,connected,Dana Whitfield
ACME-A002727,ACME-L00890,call,2026-06-09 12:49:11,connected,Dana Whitfield
ACME-A002728,ACME-L00950,Call,2026-06-09 13:52:12,no_answer,Marcus Lee
ACME-A002729,ACME-L01075,call,2026-06-09 13:58:34,connected,Dana Whitfield
ACME-A002730,ACME-L00905,call,2026-06-09 14:50:56,connected,Grace Kim
ACME-A002731,ACME-L01082,call,2026-06-09 15:19:54,voicemail,Owen Brooks
ACME-A002732,ACME-L01086,call,2026-06-09 15:22:19,no_answer,Grace Kim
ACME-A002733,ACME-L01076,call,2026-06-09 15:27:28,connected,Grace Kim
ACME-A002734,ACME-L01056,call,2026-06-09 15:54:05,voicemail,Jordan Ellis
ACME-A002735,ACME-L01054,email,2026-06-09 16:05:51,sent,Dana Whitfield
ACME-A002736,ACME-L01081,email,2026-06-09 16:44:58,sent,Sofia Alvarez
ACME-A002737,ACME-L01073,call,2026-06-09 16:47:00,no_answer,Sofia Alvarez
ACME-A002738,ACME-L00787,email,2026-06-09 16:48:07,sent,Priya Raman
ACME-A002739,ACME-L01093,call,2026-06-09 16:54:34,voicemail,Marcus Lee
ACME-A002740,ACME-L00956,call,2026-06-09 17:03:37,connected,Grace Kim
ACME-A002741,ACME-L01087,call,2026-06-09 17:08:32,no_answer,Marcus Lee
ACME-A002742,ACME-L01091,call,2026-06-09 17:11:30,voicemail,Dana Whitfield
ACME-A002743,ACME-L01009,email,2026-06-09 17:12:18,sent,Jordan Ellis
ACME-A002744,ACME-L01058,email,2026-06-09 17:25:45,bounced,Jordan Ellis
ACME-A002745,ACME-L01063,call,2026-06-09 18:07:46,voicemail,Jordan Ellis
ACME-A002746,ACME-L01085,call,2026-06-09 18:08:10,no_answer,Marcus Lee
ACME-A002747,ACME-L01096,call,2026-06-09 19:10:43,no_answer,Sofia Alvarez
ACME-A002748,ACME-L01088,call,2026-06-09 19:55:11,connected,Priya Raman
ACME-A002749,ACME-L01000,call,2026-06-09 20:44:55,no_answer,Dana Whitfield
ACME-A002750,ACME-L01083,call,2026-06-09 21:07:04,no_answer,Jordan Ellis
ACME-A002751,ACME-L00605,email,2026-06-09 21:29:13,replied,Jordan Ellis
ACME-A002752,ACME-L01097,call,2026-06-09 22:04:03,no_answer,Jordan Ellis
ACME-A002753,ACME-L01096,call,2026-06-09 22:08:16,connected,Sofia Alvarez
ACME-A002754,ACME-L00784,call,2026-06-09 22:24:51,no_answer,Dana Whitfield
ACME-A002755,ACME-L01089,call,2026-06-09 22:46:57,voicemail,Owen Brooks
ACME-A002756,ACME-L01098,call,2026-06-09 23:12:58,no_answer,Jordan Ellis
ACME-A002757,ACME-L01087,Email,2026-06-09 23:13:11,sent,Marcus Lee
ACME-A002758,ACME-L01094,CALL,2026-06-09 23:40:25,connected,Grace Kim
ACME-A002759,ACME-L00775,call,2026-06-10 00:21:48,no_answer,Dana Whitfield
ACME-A002760,ACME-L00883,call,2026-06-10 00:38:46,connected,Dana Whitfield
ACME-A002761,ACME-L00773,call,2026-06-10 00:55:59,no_answer,Sofia Alvarez
ACME-A002762,ACME-L01090,call,2026-06-10 01:09:21,voicemail,Marcus Lee
ACME-A002763,ACME-L01001,email,2026-06-10 01:11:03,sent,Grace Kim
ACME-A002764,ACME-L00978,email,2026-06-10 01:34:52,sent,Marcus Lee
ACME-A002765,ACME-L01000,call,2026-06-10 02:50:10,no_answer,Dana Whitfield
ACME-A002766,ACME-L00872,email,2026-06-10 03:07:34,sent,Marcus Lee
ACME-A002767,ACME-L01092,call,2026-06-10 04:26:44,no_answer,Sofia Alvarez
ACME-A002768,ACME-L01078,email,2026-06-10 04:29:05,sent,Sofia Alvarez
ACME-A002769,ACME-L01079,email,2026-06-10 04:35:14,sent,Marcus Lee
ACME-A002770,ACME-L01099,email,2026-06-10 04:37:13,sent,Marcus Lee
ACME-A002771,ACME-L01028,call,2026-06-10 04:50:28,connected,Marcus Lee
ACME-A002772,ACME-L00865,email,2026-06-10 05:03:58,bounced,Priya Raman
ACME-A002773,ACME-L00869,email,2026-06-10 06:11:54,sent,Jordan Ellis
ACME-A002774,ACME-L01100,call,2026-06-10 07:23:35,connected,Dana Whitfield
ACME-A002775,ACME-L01089,call,2026-06-10 07:35:15,connected,Owen Brooks
ACME-A002776,ACME-L00785,call,2026-06-10 08:31:39,connected,Acme Round Robin
ACME-A002777,ACME-L00739,email,2026-06-10 09:39:03,sent,Priya Raman
ACME-A002778,ACME-L01072,call,2026-06-10 09:52:49,no_answer,Dana Whitfield
ACME-A002779,ACME-L00396,call,2026-06-10 10:52:20,no_answer,Priya Raman
ACME-A002780,ACME-L01102,email,2026-06-10 11:47:22,bounced,Sofia Alvarez
ACME-A002781,ACME-L01095,call,2026-06-10 11:58:32,connected,Dana Whitfield
ACME-A002782,ACME-L01103,call,2026-06-10 12:21:57,connected,Jordan Ellis
ACME-A002783,ACME-L00757,email,2026-06-10 12:23:02,sent,Marcus Lee
ACME-A002784,ACME-L01063,email,2026-06-10 13:05:34,sent,Jordan Ellis
ACME-A002785,ACME-L01101,call,2026-06-10 13:18:20,connected,Sofia Alvarez
ACME-A002786,ACME-L00845,email,2026-06-10 13:38:27,sent,Sofia Alvarez
ACME-A002787,ACME-L01106,call,2026-06-10 14:48:00,connected,Dana Whitfield
ACME-A002788,ACME-L00984,email,2026-06-10 15:17:17,replied,Dana Whitfield
ACME-A002789,ACME-L01105,call,2026-06-10 16:15:24,voicemail,Owen Brooks
ACME-A002790,ACME-L01111,EMAIL,2026-06-10 17:01:38,replied,Jordan Ellis
ACME-A002791,ACME-L00650,call,2026-06-10 17:01:53,connected,Dana Whitfield
ACME-A002792,ACME-L01107,call,2026-06-10 17:42:13,connected,Marcus Lee
ACME-A002793,ACME-L01109,email,2026-06-10 18:12:06,sent,Sofia Alvarez
ACME-A002794,ACME-L01112,call,2026-06-10 18:50:06,voicemail,Dana Whitfield
ACME-A002795,ACME-L01108,email,2026-06-10 20:41:55,sent,Sofia Alvarez
ACME-A002796,ACME-L00662,call,2026-06-10 20:47:33,no_answer,Marcus Lee
ACME-A002797,ACME-L01019,email,2026-06-10 21:45:34,sent,Dana Whitfield
ACME-A002798,ACME-L00948,email,2026-06-10 21:59:37,sent,Priya Raman
ACME-A002799,ACME-L01113,CALL,2026-06-10 23:11:55,no_answer,Marcus Lee
ACME-A002800,ACME-L00815,email,2026-06-10 23:17:33,sent,Sofia Alvarez
ACME-A002801,ACME-L01115,call,2026-06-10 23:31:28,no_answer,Marcus Lee
ACME-A002802,ACME-L01002,call,2026-06-10 23:54:31,no_answer,Priya Raman
ACME-A002803,ACME-L01100,email,2026-06-11 00:13:04,replied,Dana Whitfield
ACME-A002804,ACME-L01066,email,2026-06-11 01:36:11,bounced,Grace Kim
ACME-A002805,ACME-L01089,email,2026-06-11 01:54:30,sent,Owen Brooks
ACME-A002806,ACME-L01116,call,2026-06-11 03:21:18,no_answer,Owen Brooks
ACME-A002807,ACME-L00938,CALL,2026-06-11 04:08:49,connected,Dana Whitfield
ACME-A002808,ACME-L01025,call,2026-06-11 04:46:51,connected,Grace Kim
ACME-A002809,ACME-L00815,email,2026-06-11 05:17:31,sent,Sofia Alvarez
ACME-A002810,ACME-L01117,email,2026-06-11 06:07:28,replied,Sofia Alvarez
ACME-A002811,ACME-L01084,call,2026-06-11 06:42:52,connected,Marcus Lee
ACME-A002812,ACME-L01046,call,2026-06-11 06:54:22,no_answer,Dana Whitfield
ACME-A002813,ACME-L01074,email,2026-06-11 07:58:44,replied,Jordan Ellis
ACME-A002814,ACME-L01114,email,2026-06-11 08:18:09,sent,Jordan Ellis
ACME-A002815,ACME-L01118,email,2026-06-11 08:26:40,sent,Priya Raman
ACME-A002816,ACME-L01119,call,2026-06-11 08:27:36,voicemail,Grace Kim
ACME-A002817,ACME-L01095,call,2026-06-11 09:07:04,voicemail,Dana Whitfield
ACME-A002818,ACME-L00848,email,2026-06-11 09:31:14,sent,Jordan Ellis
ACME-A002819,ACME-L01112,call,2026-06-11 09:46:51,no_answer,Dana Whitfield
ACME-A002820,ACME-L01120,email,2026-06-11 10:05:50,sent,Acme Round Robin
ACME-A002821,ACME-L00604,Email,2026-06-11 11:34:24,replied,Marcus Lee
ACME-A002822,ACME-L01000,call,2026-06-11 13:33:14,no_answer,Dana Whitfield
ACME-A002823,ACME-L01025,call,2026-06-11 13:44:01,no_answer,Grace Kim
ACME-A002824,ACME-L00882,call,2026-06-11 14:38:54,connected,Acme Round Robin
ACME-A002825,ACME-L01124,email,2026-06-11 15:28:12,sent,Jordan Ellis
ACME-A002826,ACME-L01121,email,2026-06-11 16:00:09,sent,Dana Whitfield
ACME-A002827,ACME-L00878,call,2026-06-11 16:33:07,no_answer,Sofia Alvarez
ACME-A002828,ACME-L01127,email,2026-06-11 16:37:22,sent,Sofia Alvarez
ACME-A002829,ACME-L01122,call,2026-06-11 16:56:08,no_answer,Marcus Lee
ACME-A002830,ACME-L01126,call,2026-06-11 18:13:41,no_answer,Grace Kim
ACME-A002831,ACME-L01123,email,2026-06-11 18:25:56,sent,Dana Whitfield
ACME-A002832,ACME-L01130,email,2026-06-11 18:27:24,sent,Dana Whitfield
ACME-A002833,ACME-L00811,email,2026-06-11 18:43:19,sent,Dana Whitfield
ACME-A002834,ACME-L00552,call,2026-06-11 19:02:16,voicemail,Marcus Lee
ACME-A002835,ACME-L01070,email,2026-06-11 20:22:59,sent,Sofia Alvarez
ACME-A002836,ACME-L00903,CALL,2026-06-11 20:25:27,no_answer,Owen Brooks
ACME-A002837,ACME-L01128,email,2026-06-11 20:28:55,sent,Priya Raman
ACME-A002838,ACME-L01129,call,2026-06-11 20:44:57,connected,Priya Raman
ACME-A002839,ACME-L00905,call,2026-06-11 20:58:53,connected,Grace Kim
ACME-A002840,ACME-L01001,email,2026-06-11 21:31:02,sent,Grace Kim
ACME-A002841,ACME-L00873,call,2026-06-11 21:38:04,voicemail,Dana Whitfield
ACME-A002842,ACME-L00895,call,2026-06-11 22:19:25,voicemail,Dana Whitfield
ACME-A002843,ACME-L01131,call,2026-06-11 22:32:42,voicemail,Dana Whitfield
ACME-A002844,ACME-L00885,email,2026-06-11 22:42:46,sent,Dana Whitfield
ACME-A002845,ACME-L01071,email,2026-06-12 00:50:00,bounced,Priya Raman
ACME-A002846,ACME-L01110,email,2026-06-12 00:56:51,sent,Dana Whitfield
ACME-A002847,ACME-L00885,meeting,2026-06-12 01:30:27,held,Dana Whitfield
ACME-A002848,ACME-L00706,email,2026-06-12 01:43:43,sent,Priya Raman
ACME-A002849,ACME-L00871,email,2026-06-12 02:30:18,sent,Priya Raman
ACME-A002850,ACME-L00887,call,2026-06-12 02:44:01,connected,Jordan Ellis
ACME-A002851,ACME-L01125,call,2026-06-12 02:44:41,connected,Acme Round Robin
ACME-A002852,ACME-L00979,call,2026-06-12 02:48:46,no_answer,Dana Whitfield
ACME-A002853,ACME-L01098,call,2026-06-12 03:25:42,no_answer,Jordan Ellis
ACME-A002854,ACME-L00845,email,2026-06-12 04:16:37,sent,Sofia Alvarez
ACME-A002855,ACME-L00962,call,2026-06-12 04:20:27,connected,Marcus Lee
ACME-A002856,ACME-L00802,call,2026-06-12 04:42:51,no_answer,Grace Kim
ACME-A002857,ACME-L01033,call,2026-06-12 05:54:37,no_answer,Dana Whitfield
ACME-A002858,ACME-L01037,email,2026-06-12 07:43:05,sent,Jordan Ellis
ACME-A002859,ACME-L00977,call,2026-06-12 07:49:28,no_answer,Owen Brooks
ACME-A002860,ACME-L01022,email,2026-06-12 07:57:07,sent,Marcus Lee
ACME-A002861,ACME-L01102,Call,2026-06-12 07:57:58,no_answer,Sofia Alvarez
ACME-A002862,ACME-L00973,email,2026-06-12 08:22:44,sent,Marcus Lee
ACME-A002863,ACME-L01132,call,2026-06-12 08:54:50,no_answer,Dana Whitfield
ACME-A002864,ACME-L01134,call,2026-06-12 09:11:49,connected,Grace Kim
ACME-A002865,ACME-L01133,email,2026-06-12 09:55:05,sent,Marcus Lee
ACME-A002866,ACME-L01138,call,2026-06-12 11:27:07,connected,Jordan Ellis
ACME-A002867,ACME-L01101,email,2026-06-12 11:31:30,sent,Sofia Alvarez
ACME-A002868,ACME-L00980,email,2026-06-12 11:40:24,sent,Sofia Alvarez
ACME-A002869,ACME-L01139,email,2026-06-12 12:16:35,sent,Priya Raman
ACME-A002870,ACME-L00899,call,2026-06-12 12:30:02,voicemail,Jordan Ellis
ACME-A002871,ACME-L01136,email,2026-06-12 13:06:38,sent,Owen Brooks
ACME-A002872,ACME-L01141,email,2026-06-12 13:43:24,replied,Priya Raman
ACME-A002873,ACME-L00942,call,2026-06-12 13:51:39,no_answer,Grace Kim
ACME-A002874,ACME-L01140,email,2026-06-12 14:02:53,sent,Grace Kim
ACME-A002875,ACME-L01135,call,2026-06-12 14:35:43,no_answer,Dana Whitfield
ACME-A002876,ACME-L00797,call,2026-06-12 15:15:47,connected,Grace Kim
ACME-A002877,ACME-L01087,call,2026-06-12 15:34:56,connected,Marcus Lee
ACME-A002878,ACME-L01137,email,2026-06-12 15:36:02,sent,Owen Brooks
ACME-A002879,ACME-L01045,email,2026-06-12 15:37:40,sent,Jordan Ellis
ACME-A002880,ACME-L00899,CALL,2026-06-12 16:07:58,no_answer,Jordan Ellis
ACME-A002881,ACME-L00995,email,2026-06-12 16:26:11,sent,Sofia Alvarez
ACME-A002882,ACME-L01132,call,2026-06-12 17:39:05,no_answer,Dana Whitfield
ACME-A002883,ACME-L01144,call,2026-06-12 17:59:44,no_answer,Jordan Ellis
ACME-A002884,ACME-L00874,call,2026-06-12 19:44:49,connected,Owen Brooks
ACME-A002885,ACME-L00856,meeting,2026-06-12 20:08:38,no_show,Owen Brooks
ACME-A002886,ACME-L01147,email,2026-06-12 20:10:00,sent,Dana Whitfield
ACME-A002887,ACME-L00830,email,2026-06-12 20:37:19,bounced,Marcus Lee
ACME-A002888,ACME-L01148,call,2026-06-12 20:56:16,connected,Jordan Ellis
ACME-A002889,ACME-L01145,call,2026-06-12 20:56:52,connected,Dana Whitfield
ACME-A002890,ACME-L01033,email,2026-06-12 20:58:28,sent,Dana Whitfield
ACME-A002891,ACME-L00989,email,2026-06-12 21:22:24,sent,Dana Whitfield
ACME-A002892,ACME-L01143,call,2026-06-12 21:27:42,voicemail,Dana Whitfield
ACME-A002893,ACME-L00888,email,2026-06-12 21:39:20,replied,Priya Raman
ACME-A002894,ACME-L00706,call,2026-06-13 00:03:50,connected,Priya Raman
ACME-A002895,ACME-L01082,email,2026-06-13 01:12:49,replied,Owen Brooks
ACME-A002896,ACME-L00797,email,2026-06-13 01:23:57,sent,Grace Kim
ACME-A002897,ACME-L01097,call,2026-06-13 01:29:22,voicemail,Jordan Ellis
ACME-A002898,ACME-L00869,meeting,2026-06-13 02:06:55,held,Jordan Ellis
ACME-A002899,ACME-L00846,email,2026-06-13 02:25:25,sent,Marcus Lee
ACME-A002900,ACME-L00928,email,2026-06-13 03:23:51,sent,Jordan Ellis
ACME-A002901,ACME-L01000,CALL,2026-06-13 03:30:04,connected,Dana Whitfield
ACME-A002902,ACME-L00903,email,2026-06-13 03:49:26,sent,Owen Brooks
ACME-A002903,ACME-L00881,call,2026-06-13 04:36:17,no_answer,Priya Raman
ACME-A002904,ACME-L00857,call,2026-06-13 04:59:29,no_answer,Priya Raman
ACME-A002905,ACME-L00886,call,2026-06-13 05:21:45,no_answer,Dana Whitfield
ACME-A002906,ACME-L01048,email,2026-06-13 05:46:06,sent,Jordan Ellis
ACME-A002907,ACME-L01141,call,2026-06-13 06:14:38,no_answer,Priya Raman
ACME-A002908,ACME-L00946,email,2026-06-13 06:31:35,sent,Dana Whitfield
ACME-A002909,ACME-L01053,call,2026-06-13 06:49:42,connected,Dana Whitfield
ACME-A002910,ACME-L01121,call,2026-06-13 07:24:41,connected,Dana Whitfield
ACME-A002911,ACME-L01151,call,2026-06-13 08:09:44,voicemail,Priya Raman
ACME-A002912,ACME-L01146,call,2026-06-13 08:35:19,voicemail,Sofia Alvarez
ACME-A002913,ACME-L00895,email,2026-06-13 08:51:04,sent,Dana Whitfield
ACME-A002914,ACME-L00989,Email,2026-06-13 09:16:20,sent,Dana Whitfield
ACME-A002915,ACME-L00852,call,2026-06-13 09:40:35,connected,Marcus Lee
ACME-A002916,ACME-L01044,email,2026-06-13 10:25:11,sent,Sofia Alvarez
ACME-A002917,ACME-L01143,call,2026-06-13 10:29:27,connected,Dana Whitfield
ACME-A002918,ACME-L01094,call,2026-06-13 10:40:39,connected,Grace Kim
ACME-A002919,ACME-L00603,meeting,2026-06-13 11:45:23,held,Sofia Alvarez
ACME-A002920,ACME-L01149,call,2026-06-13 11:52:15,voicemail,Jordan Ellis
ACME-A002921,ACME-L01142,email,2026-06-13 12:25:47,replied,Marcus Lee
ACME-A002922,ACME-L01150,call,2026-06-13 12:48:18,connected,Priya Raman
ACME-A002923,ACME-L01149,email,2026-06-13 14:09:50,sent,Jordan Ellis
ACME-A002924,ACME-L01152,call,2026-06-13 15:20:35,no_answer,Grace Kim
ACME-A002925,ACME-L00879,call,2026-06-13 15:46:19,voicemail,Sofia Alvarez
ACME-A002926,ACME-L01154,call,2026-06-13 15:58:43,voicemail,Grace Kim
ACME-A002927,ACME-L01153,call,2026-06-13 16:14:01,no_answer,Sofia Alvarez
ACME-A002928,ACME-L01086,email,2026-06-13 17:14:07,replied,Grace Kim
ACME-A002929,ACME-L00997,email,2026-06-13 17:34:58,replied,Jordan Ellis
ACME-A002930,ACME-L01104,call,2026-06-13 17:43:43,voicemail,Owen Brooks
ACME-A002931,ACME-L01068,call,2026-06-13 18:15:03,no_answer,Sofia Alvarez
ACME-A002932,ACME-L00885,email,2026-06-13 18:30:56,sent,Dana Whitfield
ACME-A002933,ACME-L01065,email,2026-06-13 18:56:26,sent,Sofia Alvarez
ACME-A002934,ACME-L00946,call,2026-06-13 19:30:15,connected,Dana Whitfield
ACME-A002935,ACME-L00762,email,2026-06-13 20:18:50,sent,Acme Round Robin
ACME-A002936,ACME-L00934,CALL,2026-06-13 20:50:43,connected,Sofia Alvarez
ACME-A002937,ACME-L00937,email,2026-06-13 22:29:56,sent,Sofia Alvarez
ACME-A002938,ACME-L01027,email,2026-06-13 22:33:05,sent,Marcus Lee
ACME-A002939,ACME-L00848,call,2026-06-13 22:47:56,voicemail,Jordan Ellis
ACME-A002940,ACME-L01104,email,2026-06-13 22:52:11,sent,Owen Brooks
ACME-A002941,ACME-L01026,email,2026-06-13 23:27:25,sent,Marcus Lee
ACME-A002942,ACME-L01121,call,2026-06-14 00:03:03,voicemail,Dana Whitfield
ACME-A002943,ACME-L01157,call,2026-06-14 01:27:45,connected,Dana Whitfield
ACME-A002944,ACME-L00957,email,2026-06-14 01:35:15,replied,Sofia Alvarez
ACME-A002945,ACME-L01158,email,2026-06-14 03:35:49,sent,Sofia Alvarez
ACME-A002946,ACME-L01159,email,2026-06-14 05:49:09,bounced,Dana Whitfield
ACME-A002947,ACME-L01160,EMAIL,2026-06-14 05:51:06,sent,Owen Brooks
ACME-A002948,ACME-L01007,call,2026-06-14 06:28:51,no_answer,Marcus Lee
ACME-A002949,ACME-L01156,call,2026-06-14 06:36:06,no_answer,Owen Brooks
ACME-A002950,ACME-L01024,email,2026-06-14 07:35:22,sent,Sofia Alvarez
ACME-A002951,ACME-L01163,email,2026-06-14 08:31:57,bounced,Grace Kim
ACME-A002952,ACME-L01117,call,2026-06-14 08:55:06,no_answer,Sofia Alvarez
ACME-A002953,ACME-L00869,email,2026-06-14 10:01:55,sent,Jordan Ellis
ACME-A002954,ACME-L01164,email,2026-06-14 10:02:12,replied,Jordan Ellis
ACME-A002955,ACME-L01162,call,2026-06-14 10:08:24,connected,Sofia Alvarez
ACME-A002956,ACME-L00852,email,2026-06-14 10:13:34,sent,Marcus Lee
ACME-A002957,ACME-L01100,email,2026-06-14 10:14:51,replied,Dana Whitfield
ACME-A002958,ACME-L00864,Email,2026-06-14 10:28:30,replied,Dana Whitfield
ACME-A002959,ACME-L01144,call,2026-06-14 12:43:14,connected,Jordan Ellis
ACME-A002960,ACME-L01124,meeting,2026-06-14 13:09:05,no_show,Jordan Ellis
ACME-A002961,ACME-L01119,call,2026-06-14 13:09:28,no_answer,Grace Kim
ACME-A002962,ACME-L01062,call,2026-06-14 13:11:02,voicemail,Dana Whitfield
ACME-A002963,ACME-L00885,email,2026-06-14 13:18:13,sent,Dana Whitfield
ACME-A002964,ACME-L01155,Call,2026-06-14 13:25:29,voicemail,Priya Raman
ACME-A002965,ACME-L01152,email,2026-06-14 16:20:25,sent,Grace Kim
ACME-A002966,ACME-L01000,email,2026-06-14 16:41:44,replied,Dana Whitfield
ACME-A002967,ACME-L01166,call,2026-06-14 16:43:34,no_answer,Dana Whitfield
ACME-A002968,ACME-L01076,call,2026-06-14 17:48:35,no_answer,Grace Kim
ACME-A002969,ACME-L01025,Call,2026-06-14 18:12:27,connected,Grace Kim
ACME-A002970,ACME-L01058,email,2026-06-14 18:39:17,sent,Jordan Ellis
ACME-A002971,ACME-L00985,call,2026-06-14 19:54:27,voicemail,Priya Raman
ACME-A002972,ACME-L01167,call,2026-06-14 20:06:57,no_answer,Dana Whitfield
ACME-A002973,ACME-L01165,email,2026-06-14 20:31:06,sent,Priya Raman
ACME-A002974,ACME-L00859,email,2026-06-14 20:56:37,sent,Jordan Ellis
ACME-A002975,ACME-L01142,email,2026-06-14 21:57:44,sent,Marcus Lee
ACME-A002976,ACME-L01145,email,2026-06-14 23:00:18,replied,Dana Whitfield
ACME-A002977,ACME-L00942,email,2026-06-14 23:31:06,sent,Grace Kim
ACME-A002978,ACME-L01139,call,2026-06-15 01:09:48,no_answer,Priya Raman
ACME-A002979,ACME-L01000,call,2026-06-15 02:00:24,voicemail,Dana Whitfield
ACME-A002980,ACME-L00926,email,2026-06-15 02:41:30,sent,Dana Whitfield
ACME-A002981,ACME-L01015,call,2026-06-15 03:19:34,no_answer,Dana Whitfield
ACME-A002982,ACME-L00989,EMAIL,2026-06-15 03:41:19,sent,Dana Whitfield
ACME-A002983,ACME-L01035,email,2026-06-15 03:53:22,replied,Marcus Lee
ACME-A002984,ACME-L01168,email,2026-06-15 04:07:04,replied,Dana Whitfield
ACME-A002985,ACME-L01171,call,2026-06-15 04:32:18,connected,Priya Raman
ACME-A002986,ACME-L01170,call,2026-06-15 05:23:14,no_answer,Dana Whitfield
ACME-A002987,ACME-L01161,email,2026-06-15 05:34:09,sent,Sofia Alvarez
ACME-A002988,ACME-L00926,email,2026-06-15 06:09:20,sent,Dana Whitfield
ACME-A002989,ACME-L01071,Email,2026-06-15 06:15:53,sent,Priya Raman
ACME-A002990,ACME-L01172,CALL,2026-06-15 06:16:19,no_answer,Dana Whitfield
ACME-A002991,ACME-L01121,email,2026-06-15 06:24:21,replied,Dana Whitfield
ACME-A002992,ACME-L01168,call,2026-06-15 07:28:23,connected,Dana Whitfield
ACME-A002993,ACME-L00940,call,2026-06-15 08:33:12,no_answer,Priya Raman
ACME-A002994,ACME-L01133,call,2026-06-15 08:50:50,no_answer,Marcus Lee
ACME-A002995,ACME-L01173,email,2026-06-15 09:21:21,sent,Dana Whitfield
ACME-A002996,ACME-L00989,email,2026-06-15 10:01:16,sent,Dana Whitfield
ACME-A002997,ACME-L01169,call,2026-06-15 10:08:05,no_answer,Sofia Alvarez
ACME-A002998,ACME-L01176,call,2026-06-15 11:19:04,no_answer,Jordan Ellis
ACME-A002999,ACME-L01175,call,2026-06-15 11:26:06,voicemail,Sofia Alvarez
ACME-A003000,ACME-L01177,call,2026-06-15 11:27:43,connected,Marcus Lee
ACME-A003001,ACME-L01058,call,2026-06-15 11:31:16,voicemail,Jordan Ellis
ACME-A003002,ACME-L01108,call,2026-06-15 11:44:27,no_answer,Sofia Alvarez
ACME-A003003,ACME-L00880,EMAIL,2026-06-15 12:56:30,replied,Dana Whitfield
ACME-A003004,ACME-L01178,call,2026-06-15 13:04:17,no_answer,Sofia Alvarez
ACME-A003005,ACME-L01174,email,2026-06-15 13:07:09,sent,Priya Raman
ACME-A003006,ACME-L01046,call,2026-06-15 13:48:59,connected,Dana Whitfield
ACME-A003007,ACME-L01185,email,2026-06-15 15:30:33,sent,Sofia Alvarez
ACME-A003008,ACME-L01181,call,2026-06-15 15:54:59,connected,Owen Brooks
ACME-A003009,ACME-L01185,email,2026-06-15 16:02:04,sent,Sofia Alvarez
ACME-A003010,ACME-L01114,email,2026-06-15 16:03:52,sent,Jordan Ellis
ACME-A003011,ACME-L01133,email,2026-06-15 16:21:17,sent,Marcus Lee
ACME-A003012,ACME-L01180,call,2026-06-15 16:30:19,voicemail,Marcus Lee
ACME-A003013,ACME-L01186,call,2026-06-15 16:33:51,no_answer,Sofia Alvarez
ACME-A003014,ACME-L01187,call,2026-06-15 17:03:17,connected,Sofia Alvarez
ACME-A003015,ACME-L01182,email,2026-06-15 17:22:04,sent,Dana Whitfield
ACME-A003016,ACME-L01188,call,2026-06-15 18:11:13,connected,Owen Brooks
ACME-A003017,ACME-L00951,call,2026-06-15 19:14:23,no_answer,Dana Whitfield
ACME-A003018,ACME-L01183,call,2026-06-15 19:45:27,no_answer,Marcus Lee
ACME-A003019,ACME-L01181,email,2026-06-15 19:53:54,sent,Owen Brooks
ACME-A003020,ACME-L00949,email,2026-06-15 19:57:46,sent,Priya Raman
ACME-A003021,ACME-L01191,call,2026-06-15 20:11:57,no_answer,Owen Brooks
ACME-A003022,ACME-L01189,call,2026-06-15 20:29:42,no_answer,Priya Raman
ACME-A003023,ACME-L01184,call,2026-06-15 21:09:09,connected,Priya Raman
ACME-A003024,ACME-L00863,email,2026-06-15 21:27:42,sent,Dana Whitfield
ACME-A003025,ACME-L01190,email,2026-06-15 21:36:36,sent,Owen Brooks
ACME-A003026,ACME-L00908,Email,2026-06-15 21:37:53,sent,Jordan Ellis
ACME-A003027,ACME-L01024,Email,2026-06-15 22:05:56,sent,Sofia Alvarez
ACME-A003028,ACME-L01192,call,2026-06-15 22:11:47,connected,Marcus Lee
ACME-A003029,ACME-L01055,Call,2026-06-15 22:22:46,connected,Priya Raman
ACME-A003030,ACME-L01122,Call,2026-06-15 23:37:58,voicemail,Marcus Lee
ACME-A003031,ACME-L01179,email,2026-06-15 23:46:38,replied,Grace Kim
ACME-A003032,ACME-L00942,email,2026-06-16 00:14:13,sent,Grace Kim
ACME-A003033,ACME-L01023,call,2026-06-16 02:10:49,connected,Owen Brooks
ACME-A003034,ACME-L01148,call,2026-06-16 02:11:40,no_answer,Jordan Ellis
ACME-A003035,ACME-L00994,email,2026-06-16 03:28:43,sent,Owen Brooks
ACME-A003036,ACME-L01140,email,2026-06-16 03:45:39,sent,Grace Kim
ACME-A003037,ACME-L01100,email,2026-06-16 04:14:39,sent,Dana Whitfield
ACME-A003038,ACME-L01164,email,2026-06-16 04:16:43,sent,Jordan Ellis
ACME-A003039,ACME-L01193,call,2026-06-16 04:22:42,connected,Owen Brooks
ACME-A003040,ACME-L01159,email,2026-06-16 04:35:21,sent,Dana Whitfield
ACME-A003041,ACME-L00949,EMAIL,2026-06-16 05:33:54,sent,Priya Raman
ACME-A003042,ACME-L01195,call,2026-06-16 05:57:48,no_answer,Owen Brooks
ACME-A003043,ACME-L01137,call,2026-06-16 06:36:04,connected,Owen Brooks
ACME-A003044,ACME-L00802,email,2026-06-16 06:38:47,replied,Grace Kim
ACME-A003045,ACME-L00889,call,2026-06-16 07:35:10,no_answer,Grace Kim
ACME-A003046,ACME-L00868,CALL,2026-06-16 07:47:14,connected,Priya Raman
ACME-A003047,ACME-L00941,call,2026-06-16 07:59:24,no_answer,Acme Round Robin
ACME-A003048,ACME-L01180,email,2026-06-16 08:11:53,replied,Marcus Lee
ACME-A003049,ACME-L01005,email,2026-06-16 08:38:31,sent,Jordan Ellis
ACME-A003050,ACME-L00563,call,2026-06-16 08:40:06,voicemail,Sofia Alvarez
ACME-A003051,ACME-L01183,email,2026-06-16 09:23:58,sent,Marcus Lee
ACME-A003052,ACME-L00082,call,2026-06-16 10:57:31,voicemail,Marcus Lee
ACME-A003053,ACME-L01196,email,2026-06-16 11:47:03,sent,Dana Whitfield
ACME-A003054,ACME-L01192,meeting,2026-06-16 12:49:03,held,Marcus Lee
ACME-A003055,ACME-L01194,email,2026-06-16 14:03:03,replied,Grace Kim
ACME-A003056,ACME-L01159,call,2026-06-16 14:10:57,connected,Dana Whitfield
ACME-A003057,ACME-L01204,email,2026-06-16 14:30:46,sent,Jordan Ellis
ACME-A003058,ACME-L01201,call,2026-06-16 15:08:58,voicemail,Priya Raman
ACME-A003059,ACME-L00977,call,2026-06-16 15:17:59,connected,Owen Brooks
ACME-A003060,ACME-L01200,call,2026-06-16 15:49:24,connected,Sofia Alvarez
ACME-A003061,ACME-L00662,email,2026-06-16 16:59:21,replied,Marcus Lee
ACME-A003062,ACME-L00779,call,2026-06-16 17:21:01,no_answer,Jordan Ellis
ACME-A003063,ACME-L01000,call,2026-06-16 17:37:29,connected,Dana Whitfield
ACME-A003064,ACME-L00892,call,2026-06-16 18:09:22,connected,Marcus Lee
ACME-A003065,ACME-L01183,call,2026-06-16 18:25:16,connected,Marcus Lee
ACME-A003066,ACME-L01032,call,2026-06-16 19:18:46,voicemail,Acme Round Robin
ACME-A003067,ACME-L01096,email,2026-06-16 19:45:57,replied,Sofia Alvarez
ACME-A003068,ACME-L01202,email,2026-06-16 19:55:44,sent,Dana Whitfield
ACME-A003069,ACME-L01001,email,2026-06-16 19:57:25,sent,Grace Kim
ACME-A003070,ACME-L01183,email,2026-06-16 20:33:03,sent,Marcus Lee
ACME-A003071,ACME-L00981,call,2026-06-16 21:11:20,connected,Sofia Alvarez
ACME-A003072,ACME-L01033,email,2026-06-16 21:22:32,bounced,Dana Whitfield
ACME-A003073,ACME-L01005,call,2026-06-16 21:29:40,no_answer,Jordan Ellis
ACME-A003074,ACME-L00898,call,2026-06-16 22:24:06,no_answer,Dana Whitfield
ACME-A003075,ACME-L01205,email,2026-06-16 22:24:15,sent,Owen Brooks
ACME-A003076,ACME-L01199,call,2026-06-16 22:49:02,voicemail,Marcus Lee
ACME-A003077,ACME-L01106,email,2026-06-16 22:54:31,sent,Dana Whitfield
ACME-A003078,ACME-L01207,call,2026-06-17 00:01:48,no_answer,Grace Kim
ACME-A003079,ACME-L00997,MEETING,2026-06-17 00:57:02,held,Jordan Ellis
ACME-A003080,ACME-L01043,email,2026-06-17 01:17:52,replied,Sofia Alvarez
ACME-A003081,ACME-L00962,call,2026-06-17 02:09:47,connected,Marcus Lee
ACME-A003082,ACME-L00942,email,2026-06-17 02:54:03,sent,Grace Kim
ACME-A003083,ACME-L01209,email,2026-06-17 03:36:57,replied,Sofia Alvarez
ACME-A003084,ACME-L01208,call,2026-06-17 03:57:26,no_answer,Grace Kim
ACME-A003085,ACME-L00985,email,2026-06-17 04:14:40,sent,Priya Raman
ACME-A003086,ACME-L00911,email,2026-06-17 06:19:02,sent,Sofia Alvarez
ACME-A003087,ACME-L00962,email,2026-06-17 06:27:50,replied,Marcus Lee
ACME-A003088,ACME-L01206,email,2026-06-17 06:35:31,sent,Owen Brooks
ACME-A003089,ACME-L01170,CALL,2026-06-17 06:44:58,no_answer,Dana Whitfield
ACME-A003090,ACME-L01197,CALL,2026-06-17 07:14:50,no_answer,Grace Kim
ACME-A003091,ACME-L01033,call,2026-06-17 07:17:23,voicemail,Dana Whitfield
ACME-A003092,ACME-L01210,call,2026-06-17 07:48:30,voicemail,Jordan Ellis
ACME-A003093,ACME-L01211,EMAIL,2026-06-17 07:49:03,sent,Dana Whitfield
ACME-A003094,ACME-L01115,email,2026-06-17 09:46:53,sent,Marcus Lee
ACME-A003095,ACME-L00967,call,2026-06-17 11:53:13,connected,Dana Whitfield
ACME-A003096,ACME-L01214,call,2026-06-17 12:22:59,connected,Jordan Ellis
ACME-A003097,ACME-L00925,call,2026-06-17 12:31:34,voicemail,Priya Raman
ACME-A003098,ACME-L01203,call,2026-06-17 12:36:32,voicemail,Dana Whitfield
ACME-A003099,ACME-L01212,call,2026-06-17 13:01:00,voicemail,Sofia Alvarez
ACME-A003100,ACME-L01175,email,2026-06-17 13:35:17,sent,Sofia Alvarez
ACME-A003101,ACME-L01160,meeting,2026-06-17 14:09:48,no_show,Owen Brooks
ACME-A003102,ACME-L01217,call,2026-06-17 14:27:45,connected,Sofia Alvarez
ACME-A003103,ACME-L01215,call,2026-06-17 14:47:10,no_answer,Priya Raman
ACME-A003104,ACME-L01216,email,2026-06-17 14:49:16,sent,Dana Whitfield
ACME-A003105,ACME-L01213,email,2026-06-17 14:56:54,sent,Sofia Alvarez
ACME-A003106,ACME-L01167,call,2026-06-17 15:09:33,no_answer,Dana Whitfield
ACME-A003107,ACME-L01144,meeting,2026-06-17 15:18:20,held,Jordan Ellis
ACME-A003108,ACME-L01222,Email,2026-06-17 16:08:18,sent,Jordan Ellis
ACME-A003109,ACME-L00856,email,2026-06-17 16:13:29,replied,Owen Brooks
ACME-A003110,ACME-L01219,call,2026-06-17 16:27:13,voicemail,Marcus Lee
ACME-A003111,ACME-L00604,email,2026-06-17 16:42:23,replied,Marcus Lee
ACME-A003112,ACME-L01223,email,2026-06-17 17:13:24,sent,Priya Raman
ACME-A003113,ACME-L01224,email,2026-06-17 17:39:03,sent,Marcus Lee
ACME-A003114,ACME-L01218,call,2026-06-17 18:24:31,connected,Sofia Alvarez
ACME-A003115,ACME-L01052,email,2026-06-17 18:30:15,replied,Dana Whitfield
ACME-A003116,ACME-L00706,meeting,2026-06-17 18:44:46,no_show,Priya Raman
ACME-A003117,ACME-L00857,call,2026-06-17 19:51:14,connected,Priya Raman
ACME-A003118,ACME-L01000,meeting,2026-06-17 20:36:20,held,Dana Whitfield
ACME-A003119,ACME-L01112,call,2026-06-17 21:21:18,connected,Dana Whitfield
ACME-A003120,ACME-L00996,call,2026-06-17 21:46:03,connected,Priya Raman
ACME-A003121,ACME-L00997,call,2026-06-17 21:56:14,no_answer,Jordan Ellis
ACME-A003122,ACME-L01101,email,2026-06-17 21:59:36,sent,Sofia Alvarez
ACME-A003123,ACME-L01098,email,2026-06-17 22:03:16,bounced,Jordan Ellis
ACME-A003124,ACME-L01198,call,2026-06-17 22:41:14,no_answer,Grace Kim
ACME-A003125,ACME-L01025,meeting,2026-06-17 23:42:45,held,Grace Kim
ACME-A003126,ACME-L01220,call,2026-06-17 23:54:54,no_answer,Sofia Alvarez
ACME-A003127,ACME-L01225,call,2026-06-18 00:59:13,voicemail,Jordan Ellis
ACME-A003128,ACME-L01107,call,2026-06-18 03:03:26,no_answer,Marcus Lee
ACME-A003129,ACME-L01147,email,2026-06-18 03:35:24,sent,Dana Whitfield
ACME-A003130,ACME-L01220,call,2026-06-18 03:39:30,no_answer,Sofia Alvarez
ACME-A003131,ACME-L01221,call,2026-06-18 04:56:17,no_answer,Marcus Lee
ACME-A003132,ACME-L01227,CALL,2026-06-18 05:06:16,connected,Dana Whitfield
ACME-A003133,ACME-L00997,email,2026-06-18 06:19:26,bounced,Jordan Ellis
ACME-A003134,ACME-L00885,email,2026-06-18 06:39:20,sent,Dana Whitfield
ACME-A003135,ACME-L01228,call,2026-06-18 06:53:01,voicemail,Priya Raman
ACME-A003136,ACME-L01182,email,2026-06-18 06:59:21,replied,Dana Whitfield
ACME-A003137,ACME-L01066,email,2026-06-18 07:11:22,sent,Grace Kim
ACME-A003138,ACME-L00948,email,2026-06-18 07:24:51,replied,Priya Raman
ACME-A003139,ACME-L01229,call,2026-06-18 09:21:23,connected,Priya Raman
ACME-A003140,ACME-L00986,CALL,2026-06-18 09:58:55,connected,Marcus Lee
ACME-A003141,ACME-L01033,email,2026-06-18 10:36:27,replied,Dana Whitfield
ACME-A003142,ACME-L01230,email,2026-06-18 11:01:37,sent,Marcus Lee
ACME-A003143,ACME-L01231,call,2026-06-18 11:31:02,connected,Priya Raman
ACME-A003144,ACME-L01192,email,2026-06-18 11:36:54,sent,Marcus Lee
ACME-A003145,ACME-L01233,email,2026-06-18 12:10:27,sent,Dana Whitfield
ACME-A003146,ACME-L01055,email,2026-06-18 12:24:04,replied,Priya Raman
ACME-A003147,ACME-L01226,email,2026-06-18 13:18:03,sent,Owen Brooks
ACME-A003148,ACME-L01232,email,2026-06-18 13:51:28,sent,Dana Whitfield
ACME-A003149,ACME-L00994,call,2026-06-18 14:41:17,no_answer,Owen Brooks
ACME-A003150,ACME-L01152,call,2026-06-18 15:19:39,connected,Grace Kim
ACME-A003151,ACME-L01074,call,2026-06-18 15:56:05,no_answer,Jordan Ellis
ACME-A003152,ACME-L01098,call,2026-06-18 16:25:55,no_answer,Jordan Ellis
ACME-A003153,ACME-L01236,email,2026-06-18 16:32:40,sent,Priya Raman
ACME-A003154,ACME-L01238,Call,2026-06-18 17:42:01,connected,Owen Brooks
ACME-A003155,ACME-L01033,email,2026-06-18 18:27:09,sent,Dana Whitfield
ACME-A003156,ACME-L01237,Call,2026-06-18 18:46:38,voicemail,Sofia Alvarez
ACME-A003157,ACME-L01185,email,2026-06-18 18:50:07,sent,Sofia Alvarez
ACME-A003158,ACME-L01235,email,2026-06-18 19:00:54,sent,Marcus Lee
ACME-A003159,ACME-L01057,call,2026-06-18 19:14:20,no_answer,Sofia Alvarez
ACME-A003160,ACME-L01179,call,2026-06-18 20:18:05,no_answer,Grace Kim
ACME-A003161,ACME-L01234,CALL,2026-06-18 22:15:17,connected,Dana Whitfield
ACME-A003162,ACME-L01242,call,2026-06-18 22:28:53,voicemail,Priya Raman
ACME-A003163,ACME-L01165,email,2026-06-18 23:31:14,sent,Priya Raman
ACME-A003164,ACME-L01241,email,2026-06-18 23:34:07,sent,Grace Kim
ACME-A003165,ACME-L01241,email,2026-06-19 01:02:38,sent,Grace Kim
ACME-A003166,ACME-L00958,call,2026-06-19 01:46:59,no_answer,Marcus Lee
ACME-A003167,ACME-L01052,email,2026-06-19 03:14:58,replied,Dana Whitfield
ACME-A003168,ACME-L01239,email,2026-06-19 03:16:53,sent,Dana Whitfield
ACME-A003169,ACME-L00972,call,2026-06-19 06:14:52,no_answer,Sofia Alvarez
ACME-A003170,ACME-L01163,call,2026-06-19 07:13:57,connected,Grace Kim
ACME-A003171,ACME-L01155,email,2026-06-19 07:54:39,sent,Priya Raman
ACME-A003172,ACME-L01243,email,2026-06-19 08:10:46,sent,Owen Brooks
ACME-A003173,ACME-L01160,call,2026-06-19 08:33:06,no_answer,Owen Brooks
ACME-A003174,ACME-L01160,email,2026-06-19 09:07:45,sent,Owen Brooks
ACME-A003175,ACME-L00869,call,2026-06-19 10:09:23,no_answer,Jordan Ellis
ACME-A003176,ACME-L01125,email,2026-06-19 11:16:39,replied,Acme Round Robin
ACME-A003177,ACME-L01246,email,2026-06-19 11:44:51,sent,Marcus Lee
ACME-A003178,ACME-L01021,email,2026-06-19 12:03:02,sent,Dana Whitfield
ACME-A003179,ACME-L01245,call,2026-06-19 12:10:20,no_answer,Dana Whitfield
ACME-A003180,ACME-L00957,call,2026-06-19 12:21:51,connected,Sofia Alvarez
ACME-A003181,ACME-L00903,email,2026-06-19 12:43:58,sent,Owen Brooks
ACME-A003182,ACME-L01020,email,2026-06-19 13:14:20,replied,Marcus Lee
ACME-A003183,ACME-L01251,call,2026-06-19 13:15:32,voicemail,Sofia Alvarez
ACME-A003184,ACME-L01248,EMAIL,2026-06-19 13:50:48,sent,Dana Whitfield
ACME-A003185,ACME-L01253,call,2026-06-19 14:30:29,connected,Jordan Ellis
ACME-A003186,ACME-L01247,email,2026-06-19 14:52:01,sent,Owen Brooks
ACME-A003187,ACME-L01249,call,2026-06-19 14:59:07,no_answer,Owen Brooks
ACME-A003188,ACME-L01001,email,2026-06-19 15:16:09,sent,Grace Kim
ACME-A003189,ACME-L01216,call,2026-06-19 16:05:25,no_answer,Dana Whitfield
ACME-A003190,ACME-L01059,email,2026-06-19 16:24:51,sent,Marcus Lee
ACME-A003191,ACME-L01258,call,2026-06-19 17:24:47,no_answer,Marcus Lee
ACME-A003192,ACME-L01255,email,2026-06-19 17:49:19,sent,Sofia Alvarez
ACME-A003193,ACME-L01257,call,2026-06-19 17:58:27,connected,Priya Raman
ACME-A003194,ACME-L01254,call,2026-06-19 17:59:36,no_answer,Owen Brooks
ACME-A003195,ACME-L01128,call,2026-06-19 18:08:20,no_answer,Priya Raman
ACME-A003196,ACME-L01256,call,2026-06-19 19:13:23,connected,Sofia Alvarez
ACME-A003197,ACME-L01037,email,2026-06-19 19:49:52,sent,Jordan Ellis
ACME-A003198,ACME-L01259,email,2026-06-19 20:17:34,sent,Dana Whitfield
ACME-A003199,ACME-L01115,email,2026-06-19 20:29:16,sent,Marcus Lee
ACME-A003200,ACME-L01022,call,2026-06-19 20:43:21,connected,Marcus Lee
ACME-A003201,ACME-L01033,call,2026-06-19 21:32:50,connected,Dana Whitfield
ACME-A003202,ACME-L01219,email,2026-06-19 21:40:07,bounced,Marcus Lee
ACME-A003203,ACME-L01260,email,2026-06-19 21:41:46,sent,Grace Kim
ACME-A003204,ACME-L01138,email,2026-06-19 21:57:28,sent,Jordan Ellis
ACME-A003205,ACME-L01181,call,2026-06-19 22:43:07,connected,Owen Brooks
ACME-A003206,ACME-L01252,call,2026-06-19 23:02:11,no_answer,Marcus Lee
ACME-A003207,ACME-L01261,call,2026-06-19 23:08:42,voicemail,Marcus Lee
ACME-A003208,ACME-L01046,call,2026-06-19 23:48:37,voicemail,Dana Whitfield
ACME-A003209,ACME-L01240,email,2026-06-20 00:53:53,sent,Sofia Alvarez
ACME-A003210,ACME-L00869,email,2026-06-20 02:23:40,replied,Jordan Ellis
ACME-A003211,ACME-L01010,email,2026-06-20 02:48:35,sent,Acme Round Robin
ACME-A003212,ACME-L01262,call,2026-06-20 04:47:10,voicemail,Grace Kim
ACME-A003213,ACME-L00949,email,2026-06-20 04:57:09,sent,Priya Raman
ACME-A003214,ACME-L00875,call,2026-06-20 05:05:29,connected,Jordan Ellis
ACME-A003215,ACME-L01264,email,2026-06-20 05:09:51,sent,Jordan Ellis
ACME-A003216,ACME-L01265,call,2026-06-20 06:12:57,no_answer,Marcus Lee
ACME-A003217,ACME-L01263,email,2026-06-20 06:40:06,sent,Marcus Lee
ACME-A003218,ACME-L01250,call,2026-06-20 06:44:15,no_answer,Marcus Lee
ACME-A003219,ACME-L01181,email,2026-06-20 08:03:16,sent,Owen Brooks
ACME-A003220,ACME-L00956,call,2026-06-20 08:33:10,connected,Grace Kim
ACME-A003221,ACME-L01143,email,2026-06-20 08:51:14,sent,Dana Whitfield
ACME-A003222,ACME-L01175,call,2026-06-20 09:05:42,no_answer,Sofia Alvarez
ACME-A003223,ACME-L00713,email,2026-06-20 09:56:19,sent,Owen Brooks
ACME-A003224,ACME-L01268,call,2026-06-20 12:25:41,no_answer,Marcus Lee
ACME-A003225,ACME-L01143,email,2026-06-20 12:29:50,bounced,Dana Whitfield
ACME-A003226,ACME-L01030,email,2026-06-20 12:39:39,sent,Dana Whitfield
ACME-A003227,ACME-L01132,call,2026-06-20 12:53:14,no_answer,Dana Whitfield
ACME-A003228,ACME-L00750,email,2026-06-20 13:29:22,sent,Owen Brooks
ACME-A003229,ACME-L01269,call,2026-06-20 14:25:04,no_answer,Sofia Alvarez
ACME-A003230,ACME-L01266,Email,2026-06-20 14:57:06,sent,Marcus Lee
ACME-A003231,ACME-L00563,call,2026-06-20 16:09:25,voicemail,Sofia Alvarez
ACME-A003232,ACME-L01105,call,2026-06-20 18:04:33,no_answer,Owen Brooks
ACME-A003233,ACME-L01244,email,2026-06-20 18:21:44,sent,Marcus Lee
ACME-A003234,ACME-L01173,call,2026-06-20 18:40:26,connected,Dana Whitfield
ACME-A003235,ACME-L01098,meeting,2026-06-20 18:55:21,no_show,Jordan Ellis
ACME-A003236,ACME-L01233,call,2026-06-20 19:14:52,no_answer,Dana Whitfield
ACME-A003237,ACME-L01270,email,2026-06-20 19:16:41,sent,Dana Whitfield
ACME-A003238,ACME-L01267,email,2026-06-20 23:22:52,replied,Dana Whitfield
ACME-A003239,ACME-L01126,email,2026-06-21 00:29:03,sent,Grace Kim
ACME-A003240,ACME-L00848,email,2026-06-21 01:52:56,sent,Jordan Ellis
ACME-A003241,ACME-L00883,meeting,2026-06-21 03:24:42,held,Dana Whitfield
ACME-A003242,ACME-L01016,Call,2026-06-21 04:30:06,connected,Marcus Lee
ACME-A003243,ACME-L01112,email,2026-06-21 04:51:06,sent,Dana Whitfield
ACME-A003244,ACME-L00950,email,2026-06-21 05:00:04,sent,Marcus Lee
ACME-A003245,ACME-L01272,call,2026-06-21 05:21:46,connected,Dana Whitfield
ACME-A003246,ACME-L01188,call,2026-06-21 05:38:42,voicemail,Owen Brooks
ACME-A003247,ACME-L01181,call,2026-06-21 07:44:52,no_answer,Owen Brooks
ACME-A003248,ACME-L00650,call,2026-06-21 07:49:32,connected,Dana Whitfield
ACME-A003249,ACME-L01271,call,2026-06-21 08:29:34,connected,Dana Whitfield
ACME-A003250,ACME-L01016,call,2026-06-21 08:31:18,connected,Marcus Lee
ACME-A003251,ACME-L01254,email,2026-06-21 09:37:37,replied,Owen Brooks
ACME-A003252,ACME-L00975,email,2026-06-21 10:32:16,sent,Sofia Alvarez
ACME-A003253,ACME-L01152,call,2026-06-21 10:59:18,connected,Grace Kim
ACME-A003254,ACME-L01019,EMAIL,2026-06-21 11:05:50,sent,Dana Whitfield
ACME-A003255,ACME-L01237,call,2026-06-21 11:13:01,no_answer,Sofia Alvarez
ACME-A003256,ACME-L00856,meeting,2026-06-21 11:51:42,held,Owen Brooks
ACME-A003257,ACME-L01088,call,2026-06-21 11:58:33,connected,Priya Raman
ACME-A003258,ACME-L01273,EMAIL,2026-06-21 12:25:04,bounced,Owen Brooks
ACME-A003259,ACME-L00989,email,2026-06-21 12:54:14,replied,Dana Whitfield
ACME-A003260,ACME-L01150,call,2026-06-21 13:45:24,no_answer,Priya Raman
ACME-A003261,ACME-L01275,call,2026-06-21 13:55:33,connected,Sofia Alvarez
ACME-A003262,ACME-L01236,email,2026-06-21 14:32:29,sent,Priya Raman
ACME-A003263,ACME-L01189,email,2026-06-21 14:41:45,sent,Priya Raman
ACME-A003264,ACME-L01195,email,2026-06-21 15:14:43,replied,Owen Brooks
ACME-A003265,ACME-L01274,email,2026-06-21 17:24:36,sent,Jordan Ellis
ACME-A003266,ACME-L01152,email,2026-06-21 18:05:43,sent,Grace Kim
ACME-A003267,ACME-L01158,call,2026-06-21 18:31:25,no_answer,Sofia Alvarez
ACME-A003268,ACME-L01155,email,2026-06-21 19:51:36,sent,Priya Raman
ACME-A003269,ACME-L01277,email,2026-06-21 20:08:31,sent,Dana Whitfield
ACME-A003270,ACME-L01050,email,2026-06-21 20:54:34,bounced,Dana Whitfield
ACME-A003271,ACME-L01090,call,2026-06-21 22:38:56,no_answer,Marcus Lee
ACME-A003272,ACME-L01002,call,2026-06-22 00:02:52,no_answer,Priya Raman
ACME-A003273,ACME-L01123,call,2026-06-22 00:21:00,connected,Dana Whitfield
ACME-A003274,ACME-L01203,call,2026-06-22 01:39:28,no_answer,Dana Whitfield
ACME-A003275,ACME-L01276,call,2026-06-22 01:51:04,connected,Dana Whitfield
ACME-A003276,ACME-L01250,email,2026-06-22 02:18:47,sent,Marcus Lee
ACME-A003277,ACME-L00821,call,2026-06-22 02:30:29,connected,Priya Raman
ACME-A003278,ACME-L01244,call,2026-06-22 02:30:34,connected,Marcus Lee
ACME-A003279,ACME-L01278,email,2026-06-22 03:15:32,sent,Sofia Alvarez
ACME-A003280,ACME-L01105,call,2026-06-22 06:24:27,connected,Owen Brooks
ACME-A003281,ACME-L01246,email,2026-06-22 07:24:50,sent,Marcus Lee
ACME-A003282,ACME-L01093,call,2026-06-22 07:38:26,connected,Marcus Lee
ACME-A003283,ACME-L01018,email,2026-06-22 08:17:38,sent,Priya Raman
ACME-A003284,ACME-L00962,call,2026-06-22 09:28:29,no_answer,Marcus Lee
ACME-A003285,ACME-L01062,email,2026-06-22 09:32:30,sent,Dana Whitfield
ACME-A003286,ACME-L01280,email,2026-06-22 09:33:34,bounced,Dana Whitfield
ACME-A003287,ACME-L01281,email,2026-06-22 10:06:28,bounced,Priya Raman
ACME-A003288,ACME-L00983,email,2026-06-22 10:38:55,sent,Grace Kim
ACME-A003289,ACME-L01282,call,2026-06-22 10:47:01,voicemail,Priya Raman
ACME-A003290,ACME-L01030,call,2026-06-22 11:18:03,voicemail,Dana Whitfield
ACME-A003291,ACME-L01285,call,2026-06-22 11:36:56,connected,Owen Brooks
ACME-A003292,ACME-L01283,call,2026-06-22 11:53:51,voicemail,Jordan Ellis
ACME-A003293,ACME-L01228,email,2026-06-22 12:19:36,replied,Priya Raman
ACME-A003294,ACME-L01288,email,2026-06-22 14:03:47,sent,Sofia Alvarez
ACME-A003295,ACME-L00885,email,2026-06-22 15:23:08,replied,Dana Whitfield
ACME-A003296,ACME-L01284,email,2026-06-22 15:40:16,sent,Priya Raman
ACME-A003297,ACME-L01254,call,2026-06-22 15:53:36,connected,Owen Brooks
ACME-A003298,ACME-L01291,email,2026-06-22 16:21:30,sent,Marcus Lee
ACME-A003299,ACME-L01287,email,2026-06-22 18:03:38,sent,Dana Whitfield
ACME-A003300,ACME-L01290,call,2026-06-22 18:37:18,connected,Marcus Lee
ACME-A003301,ACME-L01289,call,2026-06-22 19:07:26,voicemail,Dana Whitfield
ACME-A003302,ACME-L01292,email,2026-06-22 19:07:59,sent,Marcus Lee
ACME-A003303,ACME-L01296,email,2026-06-22 19:34:54,sent,Jordan Ellis
ACME-A003304,ACME-L01297,call,2026-06-22 20:00:49,no_answer,Marcus Lee
ACME-A003305,ACME-L01294,email,2026-06-22 20:01:21,sent,Priya Raman
ACME-A003306,ACME-L00903,call,2026-06-22 21:13:17,voicemail,Owen Brooks
ACME-A003307,ACME-L01059,email,2026-06-22 21:39:12,sent,Marcus Lee
ACME-A003308,ACME-L01286,email,2026-06-22 23:22:04,sent,Dana Whitfield
ACME-A003309,ACME-L00969,email,2026-06-23 00:14:56,sent,Priya Raman
ACME-A003310,ACME-L01094,CALL,2026-06-23 00:20:25,voicemail,Grace Kim
ACME-A003311,ACME-L01207,email,2026-06-23 00:51:50,replied,Grace Kim
ACME-A003312,ACME-L01293,Call,2026-06-23 01:52:08,voicemail,Grace Kim
ACME-A003313,ACME-L01224,call,2026-06-23 02:05:25,no_answer,Marcus Lee
ACME-A003314,ACME-L01298,call,2026-06-23 05:21:31,no_answer,Dana Whitfield
ACME-A003315,ACME-L01248,email,2026-06-23 05:43:58,replied,Dana Whitfield
ACME-A003316,ACME-L01300,email,2026-06-23 06:24:33,sent,Sofia Alvarez
ACME-A003317,ACME-L01296,email,2026-06-23 06:28:29,sent,Jordan Ellis
ACME-A003318,ACME-L01060,Email,2026-06-23 08:28:19,sent,Grace Kim
ACME-A003319,ACME-L00983,call,2026-06-23 08:59:08,connected,Grace Kim
ACME-A003320,ACME-L01222,call,2026-06-23 09:09:52,connected,Jordan Ellis
ACME-A003321,ACME-L01068,email,2026-06-23 09:15:02,sent,Sofia Alvarez
ACME-A003322,ACME-L01067,call,2026-06-23 09:40:19,connected,Sofia Alvarez
ACME-A003323,ACME-L01304,email,2026-06-23 10:42:57,sent,Priya Raman
ACME-A003324,ACME-L01305,call,2026-06-23 10:54:53,no_answer,Sofia Alvarez
ACME-A003325,ACME-L01303,call,2026-06-23 11:04:19,no_answer,Sofia Alvarez
ACME-A003326,ACME-L01279,email,2026-06-23 12:12:11,sent,Marcus Lee
ACME-A003327,ACME-L01299,email,2026-06-23 12:31:12,replied,Priya Raman
ACME-A003328,ACME-L01301,call,2026-06-23 12:35:16,connected,Dana Whitfield
ACME-A003329,ACME-L00938,email,2026-06-23 13:06:53,sent,Dana Whitfield
ACME-A003330,ACME-L01287,call,2026-06-23 13:31:21,connected,Dana Whitfield
ACME-A003331,ACME-L01162,email,2026-06-23 14:37:16,sent,Sofia Alvarez
ACME-A003332,ACME-L01306,email,2026-06-23 15:29:06,sent,Jordan Ellis
ACME-A003333,ACME-L01143,call,2026-06-23 15:53:09,connected,Dana Whitfield
ACME-A003334,ACME-L01308,call,2026-06-23 16:32:38,no_answer,Owen Brooks
ACME-A003335,ACME-L00938,email,2026-06-23 16:55:08,sent,Dana Whitfield
ACME-A003336,ACME-L01311,call,2026-06-23 17:38:12,voicemail,Dana Whitfield
ACME-A003337,ACME-L01168,email,2026-06-23 18:08:42,sent,Dana Whitfield
ACME-A003338,ACME-L01302,call,2026-06-23 18:28:46,no_answer,Grace Kim
ACME-A003339,ACME-L01313,email,2026-06-23 18:30:46,sent,Sofia Alvarez
ACME-A003340,ACME-L01309,call,2026-06-23 18:30:59,connected,Marcus Lee
ACME-A003341,ACME-L01264,call,2026-06-23 18:35:16,connected,Jordan Ellis
ACME-A003342,ACME-L01307,Call,2026-06-23 18:42:47,connected,Dana Whitfield
ACME-A003343,ACME-L01055,email,2026-06-23 19:20:57,sent,Priya Raman
ACME-A003344,ACME-L01314,call,2026-06-23 19:58:46,connected,Dana Whitfield
ACME-A003345,ACME-L01310,call,2026-06-23 20:58:07,voicemail,Sofia Alvarez
ACME-A003346,ACME-L01049,call,2026-06-23 21:03:22,no_answer,Grace Kim
ACME-A003347,ACME-L01295,email,2026-06-23 21:35:50,replied,Marcus Lee
ACME-A003348,ACME-L01031,CALL,2026-06-24 00:25:30,no_answer,Grace Kim
ACME-A003349,ACME-L01312,call,2026-06-24 00:46:20,no_answer,Acme Round Robin
ACME-A003350,ACME-L01124,call,2026-06-24 01:43:06,no_answer,Jordan Ellis
ACME-A003351,ACME-L01110,call,2026-06-24 02:24:25,connected,Dana Whitfield
ACME-A003352,ACME-L01094,call,2026-06-24 03:01:41,voicemail,Grace Kim
ACME-A003353,ACME-L01053,email,2026-06-24 04:42:32,sent,Dana Whitfield
ACME-A003354,ACME-L00713,email,2026-06-24 05:07:45,replied,Owen Brooks
ACME-A003355,ACME-L01315,CALL,2026-06-24 05:19:15,voicemail,Priya Raman
ACME-A003356,ACME-L01046,email,2026-06-24 05:36:07,sent,Dana Whitfield
ACME-A003357,ACME-L00994,email,2026-06-24 06:04:28,sent,Owen Brooks
ACME-A003358,ACME-L01108,MEETING,2026-06-24 06:26:59,held,Sofia Alvarez
ACME-A003359,ACME-L01222,call,2026-06-24 06:37:10,voicemail,Jordan Ellis
ACME-A003360,ACME-L01316,email,2026-06-24 07:24:05,replied,Dana Whitfield
ACME-A003361,ACME-L01296,email,2026-06-24 07:31:18,sent,Jordan Ellis
ACME-A003362,ACME-L01022,call,2026-06-24 08:38:40,connected,Marcus Lee
ACME-A003363,ACME-L00650,Meeting,2026-06-24 10:02:16,held,Dana Whitfield
ACME-A003364,ACME-L01318,call,2026-06-24 11:08:13,connected,Priya Raman
ACME-A003365,ACME-L01320,call,2026-06-24 11:12:30,no_answer,Dana Whitfield
ACME-A003366,ACME-L01238,call,2026-06-24 11:16:32,voicemail,Owen Brooks
ACME-A003367,ACME-L01323,email,2026-06-24 11:20:33,sent,Owen Brooks
ACME-A003368,ACME-L01322,call,2026-06-24 11:30:39,connected,Sofia Alvarez
ACME-A003369,ACME-L01210,call,2026-06-24 11:49:05,voicemail,Jordan Ellis
ACME-A003370,ACME-L01321,call,2026-06-24 12:18:06,connected,Acme Round Robin
ACME-A003371,ACME-L01262,call,2026-06-24 12:27:23,no_answer,Grace Kim
ACME-A003372,ACME-L01325,email,2026-06-24 12:35:04,sent,Priya Raman
ACME-A003373,ACME-L01317,call,2026-06-24 13:42:13,connected,Dana Whitfield
ACME-A003374,ACME-L01319,email,2026-06-24 13:46:48,sent,Owen Brooks
ACME-A003375,ACME-L01196,email,2026-06-24 14:04:06,sent,Dana Whitfield
ACME-A003376,ACME-L01046,Call,2026-06-24 14:29:41,no_answer,Dana Whitfield
ACME-A003377,ACME-L01154,EMAIL,2026-06-24 14:31:51,sent,Grace Kim
ACME-A003378,ACME-L01329,email,2026-06-24 15:04:47,sent,Sofia Alvarez
ACME-A003379,ACME-L01263,Call,2026-06-24 15:21:55,connected,Marcus Lee
ACME-A003380,ACME-L01169,email,2026-06-24 15:44:40,sent,Sofia Alvarez
ACME-A003381,ACME-L01030,CALL,2026-06-24 16:13:11,voicemail,Dana Whitfield
ACME-A003382,ACME-L01330,call,2026-06-24 16:23:31,no_answer,Priya Raman
ACME-A003383,ACME-L01327,call,2026-06-24 17:16:17,voicemail,Priya Raman
ACME-A003384,ACME-L01333,call,2026-06-24 17:45:11,voicemail,Dana Whitfield
ACME-A003385,ACME-L01013,call,2026-06-24 19:09:28,connected,Marcus Lee
ACME-A003386,ACME-L01302,email,2026-06-24 19:14:10,sent,Grace Kim
ACME-A003387,ACME-L01334,call,2026-06-24 20:02:48,voicemail,Owen Brooks
ACME-A003388,ACME-L01326,call,2026-06-24 20:41:01,connected,Marcus Lee
ACME-A003389,ACME-L01332,call,2026-06-24 20:44:27,voicemail,Owen Brooks
ACME-A003390,ACME-L01331,email,2026-06-24 21:51:38,sent,Marcus Lee
ACME-A003391,ACME-L00883,email,2026-06-24 21:55:32,sent,Dana Whitfield
ACME-A003392,ACME-L01301,call,2026-06-24 22:21:36,no_answer,Dana Whitfield
ACME-A003393,ACME-L01328,call,2026-06-24 23:14:47,connected,Dana Whitfield
ACME-A003394,ACME-L01022,call,2026-06-24 23:15:44,no_answer,Marcus Lee
ACME-A003395,ACME-L01233,meeting,2026-06-25 00:58:26,held,Dana Whitfield
ACME-A003396,ACME-L01335,email,2026-06-25 01:16:30,sent,Dana Whitfield
ACME-A003397,ACME-L01147,email,2026-06-25 03:36:01,sent,Dana Whitfield
ACME-A003398,ACME-L01154,CALL,2026-06-25 05:26:13,connected,Grace Kim
ACME-A003399,ACME-L01338,email,2026-06-25 05:49:49,replied,Marcus Lee
ACME-A003400,ACME-L01337,email,2026-06-25 06:16:08,sent,Acme Round Robin
ACME-A003401,ACME-L01302,call,2026-06-25 06:24:02,voicemail,Grace Kim
ACME-A003402,ACME-L01110,call,2026-06-25 07:04:44,connected,Dana Whitfield
ACME-A003403,ACME-L01130,email,2026-06-25 07:51:09,sent,Dana Whitfield
ACME-A003404,ACME-L01280,meeting,2026-06-25 10:19:52,held,Dana Whitfield
ACME-A003405,ACME-L01133,call,2026-06-25 10:41:53,connected,Marcus Lee
ACME-A003406,ACME-L01301,email,2026-06-25 10:52:01,sent,Dana Whitfield
ACME-A003407,ACME-L01189,call,2026-06-25 10:59:33,connected,Priya Raman
ACME-A003408,ACME-L01162,email,2026-06-25 11:11:44,bounced,Sofia Alvarez
ACME-A003409,ACME-L01342,email,2026-06-25 11:33:15,sent,Dana Whitfield
ACME-A003410,ACME-L01340,call,2026-06-25 11:50:02,voicemail,Grace Kim
ACME-A003411,ACME-L01343,CALL,2026-06-25 12:25:54,voicemail,Sofia Alvarez
ACME-A003412,ACME-L01336,call,2026-06-25 13:30:26,connected,Dana Whitfield
ACME-A003413,ACME-L01167,call,2026-06-25 13:39:32,no_answer,Dana Whitfield
ACME-A003414,ACME-L01318,email,2026-06-25 14:02:57,sent,Priya Raman
ACME-A003415,ACME-L01347,call,2026-06-25 14:36:54,voicemail,Jordan Ellis
ACME-A003416,ACME-L01349,call,2026-06-25 14:38:44,no_answer,Dana Whitfield
ACME-A003417,ACME-L01350,email,2026-06-25 15:56:55,replied,Sofia Alvarez
ACME-A003418,ACME-L01341,email,2026-06-25 16:23:43,bounced,Dana Whitfield
ACME-A003419,ACME-L01353,email,2026-06-25 16:28:49,sent,Dana Whitfield
ACME-A003420,ACME-L01344,call,2026-06-25 17:52:46,no_answer,Owen Brooks
ACME-A003421,ACME-L01324,call,2026-06-25 18:32:07,no_answer,Priya Raman
ACME-A003422,ACME-L00938,email,2026-06-25 18:51:03,replied,Dana Whitfield
ACME-A003423,ACME-L01351,call,2026-06-25 18:57:43,connected,Jordan Ellis
ACME-A003424,ACME-L01356,call,2026-06-25 19:02:35,connected,Sofia Alvarez
ACME-A003425,ACME-L01357,Email,2026-06-25 19:16:23,sent,Jordan Ellis
ACME-A003426,ACME-L01359,email,2026-06-25 20:21:59,sent,Sofia Alvarez
ACME-A003427,ACME-L01341,email,2026-06-25 21:49:06,replied,Dana Whitfield
ACME-A003428,ACME-L01360,call,2026-06-25 21:56:00,no_answer,Grace Kim
ACME-A003429,ACME-L01358,call,2026-06-25 21:56:02,connected,Priya Raman
ACME-A003430,ACME-L01050,email,2026-06-25 22:03:25,sent,Dana Whitfield
ACME-A003431,ACME-L00713,call,2026-06-25 23:53:20,connected,Owen Brooks
ACME-A003432,ACME-L01348,call,2026-06-26 00:07:17,connected,Marcus Lee
ACME-A003433,ACME-L01354,call,2026-06-26 00:27:17,no_answer,Marcus Lee
ACME-A003434,ACME-L01346,email,2026-06-26 01:00:17,sent,Jordan Ellis
ACME-A003435,ACME-L01327,call,2026-06-26 01:03:28,voicemail,Priya Raman
ACME-A003436,ACME-L01339,call,2026-06-26 01:04:34,connected,Acme Round Robin
ACME-A003437,ACME-L01239,call,2026-06-26 01:05:00,connected,Dana Whitfield
ACME-A003438,ACME-L01327,call,2026-06-26 01:35:05,voicemail,Priya Raman
ACME-A003439,ACME-L01352,call,2026-06-26 01:43:58,no_answer,Sofia Alvarez
ACME-A003440,ACME-L01068,email,2026-06-26 02:13:10,sent,Sofia Alvarez
ACME-A003441,ACME-L01130,email,2026-06-26 02:31:49,sent,Dana Whitfield
ACME-A003442,ACME-L01209,EMAIL,2026-06-26 03:09:32,sent,Sofia Alvarez
ACME-A003443,ACME-L01264,email,2026-06-26 03:19:40,sent,Jordan Ellis
ACME-A003444,ACME-L01068,email,2026-06-26 03:24:46,sent,Sofia Alvarez
ACME-A003445,ACME-L01233,call,2026-06-26 03:46:01,no_answer,Dana Whitfield
ACME-A003446,ACME-L01149,email,2026-06-26 03:59:54,sent,Jordan Ellis
ACME-A003447,ACME-L00897,call,2026-06-26 04:26:39,voicemail,Jordan Ellis
ACME-A003448,ACME-L01361,call,2026-06-26 06:11:13,no_answer,Jordan Ellis
ACME-A003449,ACME-L01108,email,2026-06-26 06:14:24,sent,Sofia Alvarez
ACME-A003450,ACME-L01022,Call,2026-06-26 06:18:53,voicemail,Marcus Lee
ACME-A003451,ACME-L01166,email,2026-06-26 06:27:32,sent,Dana Whitfield
ACME-A003452,ACME-L01362,CALL,2026-06-26 06:44:33,connected,Dana Whitfield
ACME-A003453,ACME-L00713,call,2026-06-26 07:07:32,connected,Owen Brooks
ACME-A003454,ACME-L01355,call,2026-06-26 07:13:33,voicemail,Sofia Alvarez
ACME-A003455,ACME-L01363,call,2026-06-26 08:10:14,no_answer,Sofia Alvarez
ACME-A003456,ACME-L00992,call,2026-06-26 08:19:04,voicemail,Marcus Lee
ACME-A003457,ACME-L01143,email,2026-06-26 08:25:54,sent,Dana Whitfield
ACME-A003458,ACME-L01365,email,2026-06-26 08:49:11,bounced,Dana Whitfield
ACME-A003459,ACME-L01364,call,2026-06-26 09:17:30,no_answer,Marcus Lee
ACME-A003460,ACME-L01306,CALL,2026-06-26 09:33:15,connected,Jordan Ellis
ACME-A003461,ACME-L01370,call,2026-06-26 12:20:07,connected,Sofia Alvarez
ACME-A003462,ACME-L01248,call,2026-06-26 13:15:20,connected,Dana Whitfield
ACME-A003463,ACME-L01129,call,2026-06-26 14:26:44,voicemail,Priya Raman
ACME-A003464,ACME-L01136,email,2026-06-26 15:21:19,sent,Owen Brooks
ACME-A003465,ACME-L01371,call,2026-06-26 15:48:08,connected,Marcus Lee
ACME-A003466,ACME-L01351,call,2026-06-26 16:08:29,connected,Jordan Ellis
ACME-A003467,ACME-L01367,EMAIL,2026-06-26 16:08:33,sent,Owen Brooks
ACME-A003468,ACME-L01040,email,2026-06-26 16:47:28,sent,Grace Kim
ACME-A003469,ACME-L01376,email,2026-06-26 16:59:29,replied,Priya Raman
ACME-A003470,ACME-L01374,call,2026-06-26 17:01:37,no_answer,Jordan Ellis
ACME-A003471,ACME-L01042,call,2026-06-26 17:20:13,connected,Dana Whitfield
ACME-A003472,ACME-L01381,call,2026-06-26 17:52:48,no_answer,Dana Whitfield
ACME-A003473,ACME-L01356,call,2026-06-26 17:57:35,connected,Sofia Alvarez
ACME-A003474,ACME-L01377,call,2026-06-26 18:01:18,voicemail,Dana Whitfield
ACME-A003475,ACME-L01366,email,2026-06-26 18:25:42,sent,Sofia Alvarez
ACME-A003476,ACME-L01380,call,2026-06-26 18:33:07,connected,Jordan Ellis
ACME-A003477,ACME-L00821,call,2026-06-26 18:54:17,no_answer,Priya Raman
ACME-A003478,ACME-L01356,call,2026-06-26 19:06:12,connected,Sofia Alvarez
ACME-A003479,ACME-L01378,call,2026-06-26 19:08:56,no_answer,Jordan Ellis
ACME-A003480,ACME-L01372,email,2026-06-26 19:41:01,bounced,Grace Kim
ACME-A003481,ACME-L00875,email,2026-06-26 19:52:53,sent,Jordan Ellis
ACME-A003482,ACME-L01382,call,2026-06-26 20:54:55,connected,Owen Brooks
ACME-A003483,ACME-L01374,call,2026-06-26 21:49:37,connected,Jordan Ellis
ACME-A003484,ACME-L01368,call,2026-06-26 21:55:02,connected,Sofia Alvarez
ACME-A003485,ACME-L01369,email,2026-06-26 23:35:24,sent,Priya Raman
ACME-A003486,ACME-L01375,EMAIL,2026-06-26 23:57:48,sent,Sofia Alvarez
ACME-A003487,ACME-L01384,email,2026-06-27 00:14:25,replied,Owen Brooks
ACME-A003488,ACME-L01327,meeting,2026-06-27 00:41:37,no_show,Priya Raman
ACME-A003489,ACME-L01373,call,2026-06-27 01:39:30,voicemail,Marcus Lee
ACME-A003490,ACME-L01383,CALL,2026-06-27 02:10:09,voicemail,Dana Whitfield
ACME-A003491,ACME-L01345,call,2026-06-27 02:34:39,no_answer,Dana Whitfield
ACME-A003492,ACME-L01054,email,2026-06-27 03:09:52,sent,Dana Whitfield
ACME-A003493,ACME-L01208,email,2026-06-27 03:52:46,sent,Grace Kim
ACME-A003494,ACME-L01386,call,2026-06-27 04:07:53,no_answer,Jordan Ellis
ACME-A003495,ACME-L01385,email,2026-06-27 04:11:41,sent,Jordan Ellis
ACME-A003496,ACME-L01281,call,2026-06-27 05:53:08,voicemail,Priya Raman
ACME-A003497,ACME-L01275,call,2026-06-27 05:56:41,connected,Sofia Alvarez
ACME-A003498,ACME-L01044,email,2026-06-27 08:54:13,sent,Sofia Alvarez
ACME-A003499,ACME-L01364,meeting,2026-06-27 09:28:54,held,Marcus Lee
ACME-A003500,ACME-L01379,email,2026-06-27 09:29:48,sent,Marcus Lee
ACME-A003501,ACME-L00739,call,2026-06-27 10:02:32,no_answer,Priya Raman
ACME-A003502,ACME-L01351,call,2026-06-27 10:28:17,no_answer,Jordan Ellis
ACME-A003503,ACME-L00883,email,2026-06-27 11:15:29,sent,Dana Whitfield
ACME-A003504,ACME-L01244,call,2026-06-27 13:18:44,no_answer,Marcus Lee
ACME-A003505,ACME-L01240,email,2026-06-27 13:31:24,sent,Sofia Alvarez
ACME-A003506,ACME-L01304,email,2026-06-27 13:38:53,sent,Priya Raman
ACME-A003507,ACME-L01061,call,2026-06-27 14:03:00,connected,Sofia Alvarez
ACME-A003508,ACME-L01130,meeting,2026-06-27 14:18:41,held,Dana Whitfield
ACME-A003509,ACME-L01075,email,2026-06-27 15:23:18,replied,Dana Whitfield
ACME-A003510,ACME-L01375,email,2026-06-27 15:55:36,sent,Sofia Alvarez
ACME-A003511,ACME-L01372,call,2026-06-27 16:26:42,connected,Grace Kim
ACME-A003512,ACME-L01387,call,2026-06-27 17:18:24,voicemail,Sofia Alvarez
ACME-A003513,ACME-L01388,email,2026-06-27 17:31:07,sent,Dana Whitfield
ACME-A003514,ACME-L01225,email,2026-06-27 17:34:17,replied,Jordan Ellis
ACME-A003515,ACME-L00962,email,2026-06-27 18:23:33,replied,Marcus Lee
ACME-A003516,ACME-L01389,call,2026-06-27 19:34:41,voicemail,Sofia Alvarez
ACME-A003517,ACME-L01022,Call,2026-06-27 19:43:45,connected,Marcus Lee
ACME-A003518,ACME-L01134,call,2026-06-27 20:45:02,voicemail,Grace Kim
ACME-A003519,ACME-L00996,call,2026-06-27 21:24:42,connected,Priya Raman
ACME-A003520,ACME-L01296,email,2026-06-27 21:30:44,sent,Jordan Ellis
ACME-A003521,ACME-L01354,email,2026-06-27 21:44:44,sent,Marcus Lee
ACME-A003522,ACME-L00962,meeting,2026-06-27 22:47:32,rescheduled,Marcus Lee
ACME-A003523,ACME-L01390,call,2026-06-27 23:54:02,connected,Sofia Alvarez
ACME-A003524,ACME-L01339,Email,2026-06-28 00:16:46,sent,Acme Round Robin
ACME-A003525,ACME-L01364,call,2026-06-28 00:17:04,voicemail,Marcus Lee
ACME-A003526,ACME-L01244,call,2026-06-28 00:20:42,voicemail,Marcus Lee
ACME-A003527,ACME-L01391,CALL,2026-06-28 00:48:30,no_answer,Sofia Alvarez
ACME-A003528,ACME-L01101,call,2026-06-28 01:47:20,voicemail,Sofia Alvarez
ACME-A003529,ACME-L01338,call,2026-06-28 02:41:14,connected,Marcus Lee
ACME-A003530,ACME-L01235,call,2026-06-28 02:42:15,no_answer,Marcus Lee
ACME-A003531,ACME-L01263,call,2026-06-28 03:10:20,connected,Marcus Lee
ACME-A003532,ACME-L01327,call,2026-06-28 03:29:53,voicemail,Priya Raman
ACME-A003533,ACME-L01301,email,2026-06-28 03:55:08,bounced,Dana Whitfield
ACME-A003534,ACME-L01340,email,2026-06-28 03:56:32,sent,Grace Kim
ACME-A003535,ACME-L01354,call,2026-06-28 03:59:53,connected,Marcus Lee
ACME-A003536,ACME-L01105,email,2026-06-28 05:48:51,sent,Owen Brooks
ACME-A003537,ACME-L01301,call,2026-06-28 08:47:33,connected,Dana Whitfield
ACME-A003538,ACME-L00757,MEETING,2026-06-28 08:50:39,rescheduled,Marcus Lee
ACME-A003539,ACME-L01335,call,2026-06-28 08:55:54,voicemail,Dana Whitfield
ACME-A003540,ACME-L01378,email,2026-06-28 09:18:27,sent,Jordan Ellis
ACME-A003541,ACME-L00989,call,2026-06-28 09:39:28,voicemail,Dana Whitfield
ACME-A003542,ACME-L01392,email,2026-06-28 10:24:49,sent,Priya Raman
ACME-A003543,ACME-L01394,call,2026-06-28 10:34:43,connected,Owen Brooks
ACME-A003544,ACME-L01384,call,2026-06-28 11:00:17,voicemail,Owen Brooks
ACME-A003545,ACME-L01369,meeting,2026-06-28 13:02:59,held,Priya Raman
ACME-A003546,ACME-L01236,call,2026-06-28 13:35:49,voicemail,Priya Raman
ACME-A003547,ACME-L01336,email,2026-06-28 13:44:55,sent,Dana Whitfield
ACME-A003548,ACME-L01057,email,2026-06-28 14:51:03,sent,Sofia Alvarez
ACME-A003549,ACME-L01393,call,2026-06-28 15:04:42,no_answer,Grace Kim
ACME-A003550,ACME-L00821,call,2026-06-28 16:23:53,no_answer,Priya Raman
ACME-A003551,ACME-L01213,email,2026-06-28 17:03:18,sent,Sofia Alvarez
ACME-A003552,ACME-L01398,email,2026-06-28 19:00:40,sent,Sofia Alvarez
ACME-A003553,ACME-L01397,email,2026-06-28 19:14:49,replied,Owen Brooks
ACME-A003554,ACME-L01233,call,2026-06-28 21:44:01,no_answer,Dana Whitfield
ACME-A003555,ACME-L01171,call,2026-06-28 21:50:40,no_answer,Priya Raman
ACME-A003556,ACME-L01233,email,2026-06-28 22:20:28,sent,Dana Whitfield
ACME-A003557,ACME-L01094,call,2026-06-28 22:53:33,voicemail,Grace Kim
ACME-A003558,ACME-L01159,email,2026-06-28 23:18:30,sent,Dana Whitfield
ACME-A003559,ACME-L01108,call,2026-06-29 00:04:13,no_answer,Sofia Alvarez
ACME-A003560,ACME-L01129,email,2026-06-29 00:08:19,sent,Priya Raman
ACME-A003561,ACME-L01296,CALL,2026-06-29 00:11:27,no_answer,Jordan Ellis
ACME-A003562,ACME-L01395,CALL,2026-06-29 01:03:04,connected,Grace Kim
ACME-A003563,ACME-L01397,email,2026-06-29 01:13:51,sent,Owen Brooks
ACME-A003564,ACME-L01192,Meeting,2026-06-29 02:13:29,held,Marcus Lee
ACME-A003565,ACME-L01250,email,2026-06-29 03:04:38,sent,Marcus Lee
ACME-A003566,ACME-L01399,call,2026-06-29 03:12:05,no_answer,Sofia Alvarez
ACME-A003567,ACME-L01199,call,2026-06-29 03:15:35,no_answer,Marcus Lee
ACME-A003568,ACME-L01336,EMAIL,2026-06-29 06:17:14,sent,Dana Whitfield
ACME-A003569,ACME-L01398,email,2026-06-29 06:20:40,sent,Sofia Alvarez
ACME-A003570,ACME-L01400,call,2026-06-29 06:25:47,no_answer,Jordan Ellis
ACME-A003571,ACME-L01397,call,2026-06-29 07:23:01,no_answer,Owen Brooks
ACME-A003572,ACME-L01196,call,2026-06-29 07:47:16,no_answer,Dana Whitfield
ACME-A003573,ACME-L01275,Email,2026-06-29 08:16:30,sent,Sofia Alvarez
ACME-A003574,ACME-L01365,email,2026-06-29 08:19:20,replied,Dana Whitfield
ACME-A003575,ACME-L01108,email,2026-06-29 08:20:52,sent,Sofia Alvarez
ACME-A003576,ACME-L01010,EMAIL,2026-06-29 09:08:37,sent,Acme Round Robin
ACME-A003577,ACME-L01396,email,2026-06-29 09:18:12,replied,Jordan Ellis
ACME-A003578,ACME-L01401,Email,2026-06-29 09:28:49,sent,Dana Whitfield
ACME-A003579,ACME-L01403,email,2026-06-29 09:47:51,sent,Priya Raman
ACME-A003580,ACME-L01405,CALL,2026-06-29 10:37:52,connected,Owen Brooks
ACME-A003581,ACME-L01227,call,2026-06-29 11:00:17,voicemail,Dana Whitfield
ACME-A003582,ACME-L01404,call,2026-06-29 11:13:13,no_answer,Sofia Alvarez
ACME-A003583,ACME-L01174,email,2026-06-29 11:39:04,sent,Priya Raman
ACME-A003584,ACME-L01395,email,2026-06-29 11:46:48,sent,Grace Kim
ACME-A003585,ACME-L01289,call,2026-06-29 12:31:55,no_answer,Dana Whitfield
ACME-A003586,ACME-L01189,call,2026-06-29 12:36:49,connected,Priya Raman
ACME-A003587,ACME-L01327,call,2026-06-29 14:00:18,no_answer,Priya Raman
ACME-A003588,ACME-L01406,call,2026-06-29 14:14:09,no_answer,Sofia Alvarez
ACME-A003589,ACME-L00280,email,2026-06-29 14:22:21,replied,Marcus Lee
ACME-A003590,ACME-L01398,call,2026-06-29 15:21:57,voicemail,Sofia Alvarez
ACME-A003591,ACME-L01083,call,2026-06-29 16:05:09,connected,Jordan Ellis
ACME-A003592,ACME-L01413,call,2026-06-29 16:26:39,no_answer,Priya Raman
ACME-A003593,ACME-L01408,email,2026-06-29 16:31:58,replied,Marcus Lee
ACME-A003594,ACME-L01409,call,2026-06-29 17:36:28,connected,Dana Whitfield
ACME-A003595,ACME-L01411,email,2026-06-29 17:56:48,sent,Marcus Lee
ACME-A003596,ACME-L01418,EMAIL,2026-06-29 18:13:57,sent,Grace Kim
ACME-A003597,ACME-L01407,call,2026-06-29 18:21:12,connected,Marcus Lee
ACME-A003598,ACME-L01412,email,2026-06-29 18:23:48,sent,Dana Whitfield
ACME-A003599,ACME-L01416,call,2026-06-29 18:31:58,connected,Sofia Alvarez
ACME-A003600,ACME-L01238,email,2026-06-29 18:49:22,sent,Owen Brooks
ACME-A003601,ACME-L01402,call,2026-06-29 19:10:13,no_answer,Acme Round Robin
ACME-A003602,ACME-L01419,call,2026-06-29 19:38:41,no_answer,Sofia Alvarez
ACME-A003603,ACME-L01414,CALL,2026-06-29 20:17:50,connected,Marcus Lee
ACME-A003604,ACME-L00962,call,2026-06-29 20:37:02,connected,Marcus Lee
ACME-A003605,ACME-L01415,call,2026-06-29 22:36:35,no_answer,Grace Kim
ACME-A003606,ACME-L00962,email,2026-06-29 23:28:26,sent,Marcus Lee
ACME-A003607,ACME-L01255,CALL,2026-06-29 23:56:58,connected,Sofia Alvarez
ACME-A003608,ACME-L01323,call,2026-06-30 00:20:53,voicemail,Owen Brooks
ACME-A003609,ACME-L00762,email,2026-06-30 00:43:26,sent,Acme Round Robin
ACME-A003610,ACME-L01302,email,2026-06-30 00:45:21,replied,Grace Kim
ACME-A003611,ACME-L01410,call,2026-06-30 01:02:39,voicemail,Grace Kim
ACME-A003612,ACME-L01197,email,2026-06-30 01:20:53,replied,Grace Kim
ACME-A003613,ACME-L01356,call,2026-06-30 01:38:56,no_answer,Sofia Alvarez
ACME-A003614,ACME-L00942,Email,2026-06-30 03:11:48,sent,Grace Kim
ACME-A003615,ACME-L01109,call,2026-06-30 03:17:05,no_answer,Sofia Alvarez
ACME-A003616,ACME-L01296,email,2026-06-30 03:51:46,sent,Jordan Ellis
ACME-A003617,ACME-L01283,call,2026-06-30 04:07:26,no_answer,Jordan Ellis
ACME-A003618,ACME-L01258,email,2026-06-30 05:18:55,sent,Marcus Lee
ACME-A003619,ACME-L01379,email,2026-06-30 05:44:49,sent,Marcus Lee
ACME-A003620,ACME-L01335,call,2026-06-30 07:32:16,voicemail,Dana Whitfield
ACME-A003621,ACME-L00969,call,2026-06-30 08:14:15,connected,Priya Raman
ACME-A003622,ACME-L01130,EMAIL,2026-06-30 08:21:47,sent,Dana Whitfield
ACME-A003623,ACME-L01422,call,2026-06-30 09:41:36,connected,Owen Brooks
ACME-A003624,ACME-L01420,call,2026-06-30 10:44:25,no_answer,Priya Raman
ACME-A003625,ACME-L01424,call,2026-06-30 12:37:24,no_answer,Dana Whitfield
ACME-A003626,ACME-L01425,call,2026-06-30 12:42:24,voicemail,Jordan Ellis
ACME-A003627,ACME-L01215,call,2026-06-30 13:16:44,connected,Priya Raman
ACME-A003628,ACME-L01161,email,2026-06-30 13:29:25,sent,Sofia Alvarez
ACME-A003629,ACME-L01271,call,2026-06-30 13:31:20,voicemail,Dana Whitfield
ACME-A003630,ACME-L01433,call,2026-06-30 13:34:31,no_answer,Acme Round Robin
ACME-A003631,ACME-L01428,call,2026-06-30 13:39:04,no_answer,Dana Whitfield
ACME-A003632,ACME-L01423,call,2026-06-30 13:46:11,no_answer,Sofia Alvarez
ACME-A003633,ACME-L00650,email,2026-06-30 13:54:27,sent,Dana Whitfield
ACME-A003634,ACME-L01172,email,2026-06-30 14:14:01,sent,Dana Whitfield
ACME-A003635,ACME-L01431,call,2026-06-30 14:49:50,connected,Priya Raman
ACME-A003636,ACME-L01436,call,2026-06-30 15:09:01,no_answer,Marcus Lee
ACME-A003637,ACME-L01435,call,2026-06-30 15:50:33,voicemail,Grace Kim
ACME-A003638,ACME-L01242,email,2026-06-30 15:52:32,sent,Priya Raman
ACME-A003639,ACME-L00989,call,2026-06-30 16:03:27,no_answer,Dana Whitfield
ACME-A003640,ACME-L01430,call,2026-06-30 17:01:25,voicemail,Marcus Lee
ACME-A003641,ACME-L01427,call,2026-06-30 17:03:50,no_answer,Jordan Ellis
ACME-A003642,ACME-L01434,Call,2026-06-30 17:14:11,no_answer,Priya Raman
ACME-A003643,ACME-L01249,email,2026-06-30 17:44:34,sent,Owen Brooks
ACME-A003644,ACME-L01437,CALL,2026-06-30 17:54:41,voicemail,Dana Whitfield
ACME-A003645,ACME-L01426,email,2026-06-30 18:23:20,sent,Priya Raman
ACME-A003646,ACME-L01444,email,2026-06-30 18:58:37,sent,Dana Whitfield
ACME-A003647,ACME-L00757,call,2026-06-30 19:02:26,voicemail,Marcus Lee
ACME-A003648,ACME-L01303,call,2026-06-30 19:36:08,connected,Sofia Alvarez
ACME-A003649,ACME-L01439,email,2026-06-30 19:39:47,sent,Grace Kim
ACME-A003650,ACME-L01237,call,2026-06-30 19:47:57,voicemail,Sofia Alvarez
ACME-A003651,ACME-L01153,CALL,2026-06-30 19:48:20,no_answer,Sofia Alvarez
ACME-A003652,ACME-L01432,email,2026-06-30 19:57:03,replied,Acme Round Robin
ACME-A003653,ACME-L01370,email,2026-06-30 20:02:28,sent,Sofia Alvarez
ACME-A003654,ACME-L01429,call,2026-06-30 20:32:51,voicemail,Owen Brooks
ACME-A003655,ACME-L01354,email,2026-06-30 21:10:33,sent,Marcus Lee
ACME-A003656,ACME-L01443,call,2026-06-30 21:37:48,connected,Grace Kim
ACME-A003657,ACME-L01401,email,2026-06-30 21:39:43,replied,Dana Whitfield
ACME-A003658,ACME-L01440,email,2026-06-30 22:07:35,replied,Jordan Ellis
ACME-A003659,ACME-L01159,call,2026-06-30 22:32:30,voicemail,Dana Whitfield
ACME-A003660,ACME-L01303,email,2026-06-30 23:03:25,sent,Sofia Alvarez
ACME-A003661,ACME-L01261,email,2026-06-30 23:09:15,sent,Marcus Lee
ACME-A003662,ACME-L01441,email,2026-06-30 23:12:52,sent,Dana Whitfield
ACME-A003663,ACME-L01022,email,2026-07-01 00:10:01,sent,Marcus Lee
ACME-A003664,ACME-L01442,email,2026-07-01 00:46:51,replied,Grace Kim
ACME-A003665,ACME-L01415,call,2026-07-01 00:47:16,no_answer,Grace Kim
ACME-A003666,ACME-L00962,Meeting,2026-07-01 02:08:05,held,Marcus Lee
ACME-A003667,ACME-L01244,call,2026-07-01 02:19:13,voicemail,Marcus Lee
ACME-A003668,ACME-L01022,email,2026-07-01 02:32:40,sent,Marcus Lee
ACME-A003669,ACME-L01103,call,2026-07-01 02:50:54,voicemail,Jordan Ellis
ACME-A003670,ACME-L01264,call,2026-07-01 03:21:42,no_answer,Jordan Ellis
ACME-A003671,ACME-L01446,call,2026-07-01 03:35:32,connected,Dana Whitfield
ACME-A003672,ACME-L01444,Email,2026-07-01 05:50:37,sent,Dana Whitfield
ACME-A003673,ACME-L00997,call,2026-07-01 05:58:23,voicemail,Jordan Ellis
ACME-A003674,ACME-L00650,email,2026-07-01 06:15:41,sent,Dana Whitfield
ACME-A003675,ACME-L00962,email,2026-07-01 06:28:59,replied,Marcus Lee
ACME-A003676,ACME-L01379,email,2026-07-01 07:02:45,sent,Marcus Lee
ACME-A003677,ACME-L01447,email,2026-07-01 08:06:51,sent,Dana Whitfield
ACME-A003678,ACME-L01448,call,2026-07-01 08:36:57,voicemail,Jordan Ellis
ACME-A003679,ACME-L01421,CALL,2026-07-01 10:10:39,connected,Jordan Ellis
ACME-A003680,ACME-L01453,email,2026-07-01 10:21:12,sent,Sofia Alvarez
ACME-A003681,ACME-L01452,email,2026-07-01 11:31:09,sent,Marcus Lee
ACME-A003682,ACME-L01108,call,2026-07-01 11:34:59,connected,Sofia Alvarez
ACME-A003683,ACME-L01438,call,2026-07-01 11:35:28,connected,Dana Whitfield
ACME-A003684,ACME-L01453,call,2026-07-01 11:54:10,connected,Sofia Alvarez
ACME-A003685,ACME-L01456,call,2026-07-01 11:54:36,no_answer,Dana Whitfield
ACME-A003686,ACME-L01454,email,2026-07-01 11:59:46,sent,Acme Round Robin
ACME-A003687,ACME-L01451,call,2026-07-01 12:09:58,connected,Dana Whitfield
ACME-A003688,ACME-L01445,call,2026-07-01 12:12:54,connected,Grace Kim
ACME-A003689,ACME-L01455,call,2026-07-01 13:00:55,connected,Acme Round Robin
ACME-A003690,ACME-L01302,call,2026-07-01 13:02:06,connected,Grace Kim
ACME-A003691,ACME-L01458,call,2026-07-01 13:33:04,no_answer,Sofia Alvarez
ACME-A003692,ACME-L01459,call,2026-07-01 14:00:06,connected,Dana Whitfield
ACME-A003693,ACME-L01403,email,2026-07-01 14:13:27,sent,Priya Raman
ACME-A003694,ACME-L01337,call,2026-07-01 14:16:55,no_answer,Acme Round Robin
ACME-A003695,ACME-L01457,email,2026-07-01 14:26:56,sent,Jordan Ellis
ACME-A003696,ACME-L01071,Meeting,2026-07-01 15:05:00,rescheduled,Priya Raman
ACME-A003697,ACME-L01186,call,2026-07-01 16:24:53,connected,Sofia Alvarez
ACME-A003698,ACME-L01445,email,2026-07-01 18:37:55,sent,Grace Kim
ACME-A003699,ACME-L01464,email,2026-07-01 19:08:50,replied,Grace Kim
ACME-A003700,ACME-L01465,call,2026-07-01 20:03:50,no_answer,Marcus Lee
ACME-A003701,ACME-L01293,email,2026-07-01 20:17:36,sent,Grace Kim
ACME-A003702,ACME-L01462,email,2026-07-01 20:26:19,sent,Dana Whitfield
ACME-A003703,ACME-L01401,email,2026-07-01 21:02:28,replied,Dana Whitfield
ACME-A003704,ACME-L01450,call,2026-07-01 21:17:28,voicemail,Sofia Alvarez
ACME-A003705,ACME-L01376,email,2026-07-01 21:17:48,sent,Priya Raman
ACME-A003706,ACME-L01454,call,2026-07-01 21:20:22,connected,Acme Round Robin
ACME-A003707,ACME-L01460,call,2026-07-01 22:43:27,no_answer,Jordan Ellis
ACME-A003708,ACME-L01452,email,2026-07-01 23:12:35,sent,Marcus Lee
ACME-A003709,ACME-L01463,call,2026-07-01 23:30:02,connected,Acme Round Robin
ACME-A003710,ACME-L01071,call,2026-07-02 00:24:55,connected,Priya Raman
ACME-A003711,ACME-L01177,call,2026-07-02 01:03:36,no_answer,Marcus Lee
ACME-A003712,ACME-L01461,call,2026-07-02 01:05:17,no_answer,Sofia Alvarez
ACME-A003713,ACME-L01454,email,2026-07-02 02:26:58,bounced,Acme Round Robin
ACME-A003714,ACME-L01354,call,2026-07-02 03:06:46,voicemail,Marcus Lee
ACME-A003715,ACME-L01400,call,2026-07-02 03:24:20,connected,Jordan Ellis
ACME-A003716,ACME-L01451,email,2026-07-02 03:48:24,sent,Dana Whitfield
ACME-A003717,ACME-L01449,call,2026-07-02 04:30:59,connected,Grace Kim
ACME-A003718,ACME-L01395,email,2026-07-02 05:21:25,sent,Grace Kim
ACME-A003719,ACME-L01454,email,2026-07-02 05:34:23,sent,Acme Round Robin
ACME-A003720,ACME-L01270,call,2026-07-02 05:36:20,connected,Dana Whitfield
ACME-A003721,ACME-L01271,email,2026-07-02 09:01:08,sent,Dana Whitfield
ACME-A003722,ACME-L01467,call,2026-07-02 09:46:36,connected,Priya Raman
ACME-A003723,ACME-L00650,call,2026-07-02 10:28:11,voicemail,Dana Whitfield
ACME-A003724,ACME-L01472,call,2026-07-02 12:19:34,no_answer,Marcus Lee
ACME-A003725,ACME-L01470,email,2026-07-02 12:31:50,sent,Dana Whitfield
ACME-A003726,ACME-L01469,call,2026-07-02 12:42:24,no_answer,Sofia Alvarez
ACME-A003727,ACME-L01384,email,2026-07-02 13:47:34,sent,Owen Brooks
ACME-A003728,ACME-L01281,call,2026-07-02 14:04:59,voicemail,Priya Raman
ACME-A003729,ACME-L01477,CALL,2026-07-02 14:40:01,voicemail,Marcus Lee
ACME-A003730,ACME-L01478,call,2026-07-02 15:15:24,connected,Grace Kim
ACME-A003731,ACME-L01417,email,2026-07-02 15:22:58,sent,Sofia Alvarez
ACME-A003732,ACME-L01228,call,2026-07-02 15:38:57,connected,Priya Raman
ACME-A003733,ACME-L01475,email,2026-07-02 16:21:24,replied,Sofia Alvarez
ACME-A003734,ACME-L01358,email,2026-07-02 16:25:39,sent,Priya Raman
ACME-A003735,ACME-L01450,email,2026-07-02 16:48:34,sent,Sofia Alvarez
ACME-A003736,ACME-L01182,EMAIL,2026-07-02 16:56:42,sent,Dana Whitfield
ACME-A003737,ACME-L01479,call,2026-07-02 17:10:32,connected,Priya Raman
ACME-A003738,ACME-L01468,call,2026-07-02 17:21:29,no_answer,Dana Whitfield
ACME-A003739,ACME-L01476,call,2026-07-02 17:54:41,no_answer,Dana Whitfield
ACME-A003740,ACME-L01149,call,2026-07-02 18:27:59,voicemail,Jordan Ellis
ACME-A003741,ACME-L01473,call,2026-07-02 18:42:30,no_answer,Priya Raman
ACME-A003742,ACME-L01476,email,2026-07-02 18:43:15,replied,Dana Whitfield
ACME-A003743,ACME-L01400,call,2026-07-02 18:45:35,connected,Jordan Ellis
ACME-A003744,ACME-L01434,email,2026-07-02 19:08:36,replied,Priya Raman
ACME-A003745,ACME-L00985,call,2026-07-02 19:19:12,connected,Priya Raman
ACME-A003746,ACME-L01481,email,2026-07-02 19:23:37,sent,Dana Whitfield
ACME-A003747,ACME-L01291,call,2026-07-02 19:30:27,no_answer,Marcus Lee
ACME-A003748,ACME-L01482,call,2026-07-02 20:40:58,voicemail,Owen Brooks
ACME-A003749,ACME-L01396,email,2026-07-02 20:49:38,bounced,Jordan Ellis
ACME-A003750,ACME-L01476,CALL,2026-07-02 21:18:37,no_answer,Dana Whitfield
ACME-A003751,ACME-L01480,Call,2026-07-02 22:00:16,connected,Marcus Lee
ACME-A003752,ACME-L01037,email,2026-07-02 22:13:49,sent,Jordan Ellis
ACME-A003753,ACME-L01485,call,2026-07-02 23:36:38,no_answer,Marcus Lee
ACME-A003754,ACME-L01484,email,2026-07-02 23:59:44,sent,Owen Brooks
ACME-A003755,ACME-L01126,meeting,2026-07-03 00:05:08,held,Grace Kim
ACME-A003756,ACME-L01480,call,2026-07-03 00:53:54,connected,Marcus Lee
ACME-A003757,ACME-L01483,call,2026-07-03 00:57:43,connected,Sofia Alvarez
ACME-A003758,ACME-L01466,call,2026-07-03 03:05:14,no_answer,Jordan Ellis
ACME-A003759,ACME-L01418,call,2026-07-03 03:35:43,no_answer,Grace Kim
ACME-A003760,ACME-L01338,meeting,2026-07-03 03:51:24,held,Marcus Lee
ACME-A003761,ACME-L01392,email,2026-07-03 04:19:29,sent,Priya Raman
ACME-A003762,ACME-L01452,call,2026-07-03 04:31:58,connected,Marcus Lee
ACME-A003763,ACME-L00938,call,2026-07-03 04:34:07,voicemail,Dana Whitfield
ACME-A003764,ACME-L01214,email,2026-07-03 05:33:50,sent,Jordan Ellis
ACME-A003765,ACME-L01261,call,2026-07-03 05:35:15,connected,Marcus Lee
ACME-A003766,ACME-L01175,email,2026-07-03 06:35:19,sent,Sofia Alvarez
ACME-A003767,ACME-L01321,call,2026-07-03 09:13:11,connected,Acme Round Robin
ACME-A003768,ACME-L01474,email,2026-07-03 10:13:32,sent,Jordan Ellis
ACME-A003769,ACME-L01304,email,2026-07-03 10:36:56,replied,Priya Raman
ACME-A003770,ACME-L01471,call,2026-07-03 10:43:39,no_answer,Marcus Lee
ACME-A003771,ACME-L01415,email,2026-07-03 10:48:01,sent,Grace Kim
ACME-A003772,ACME-L01435,call,2026-07-03 11:32:25,connected,Grace Kim
ACME-A003773,ACME-L01490,email,2026-07-03 11:59:16,sent,Owen Brooks
ACME-A003774,ACME-L01488,call,2026-07-03 12:17:04,no_answer,Acme Round Robin
ACME-A003775,ACME-L01153,call,2026-07-03 12:51:57,connected,Sofia Alvarez
ACME-A003776,ACME-L01338,call,2026-07-03 13:00:36,voicemail,Marcus Lee
ACME-A003777,ACME-L01426,email,2026-07-03 13:01:04,sent,Priya Raman
ACME-A003778,ACME-L01384,email,2026-07-03 14:00:26,replied,Owen Brooks
ACME-A003779,ACME-L01489,email,2026-07-03 14:02:35,bounced,Jordan Ellis
ACME-A003780,ACME-L01493,email,2026-07-03 15:03:09,sent,Marcus Lee
ACME-A003781,ACME-L01178,call,2026-07-03 15:10:34,no_answer,Sofia Alvarez
ACME-A003782,ACME-L01415,call,2026-07-03 15:29:49,no_answer,Grace Kim
ACME-A003783,ACME-L01395,email,2026-07-03 15:49:43,sent,Grace Kim
ACME-A003784,ACME-L01494,email,2026-07-03 16:31:16,bounced,Jordan Ellis
ACME-A003785,ACME-L01486,call,2026-07-03 17:21:25,voicemail,Sofia Alvarez
ACME-A003786,ACME-L01501,email,2026-07-03 17:32:01,sent,Priya Raman
ACME-A003787,ACME-L01171,email,2026-07-03 17:39:18,sent,Priya Raman
ACME-A003788,ACME-L01498,email,2026-07-03 18:25:47,sent,Owen Brooks
ACME-A003789,ACME-L01336,call,2026-07-03 18:39:02,no_answer,Dana Whitfield
ACME-A003790,ACME-L01499,call,2026-07-03 19:12:04,connected,Dana Whitfield
ACME-A003791,ACME-L01487,call,2026-07-03 19:21:05,voicemail,Jordan Ellis
ACME-A003792,ACME-L01497,call,2026-07-03 19:26:22,no_answer,Jordan Ellis
ACME-A003793,ACME-L01244,call,2026-07-03 20:03:42,no_answer,Marcus Lee
ACME-A003794,ACME-L01495,call,2026-07-03 20:16:02,no_answer,Marcus Lee
ACME-A003795,ACME-L01496,call,2026-07-03 21:17:14,connected,Marcus Lee
ACME-A003796,ACME-L01505,email,2026-07-03 21:50:55,replied,Dana Whitfield
ACME-A003797,ACME-L01503,call,2026-07-03 22:05:20,connected,Sofia Alvarez
ACME-A003798,ACME-L01289,email,2026-07-03 22:10:13,sent,Dana Whitfield
ACME-A003799,ACME-L01247,call,2026-07-03 22:13:04,connected,Owen Brooks
ACME-A003800,ACME-L01347,call,2026-07-04 00:00:51,no_answer,Jordan Ellis
ACME-A003801,ACME-L01499,meeting,2026-07-04 00:10:55,held,Dana Whitfield
ACME-A003802,ACME-L01492,call,2026-07-04 00:23:00,connected,Grace Kim
ACME-A003803,ACME-L01235,call,2026-07-04 00:56:50,connected,Marcus Lee
ACME-A003804,ACME-L01502,email,2026-07-04 01:08:38,sent,Marcus Lee
ACME-A003805,ACME-L01337,call,2026-07-04 01:51:25,no_answer,Acme Round Robin
ACME-A003806,ACME-L01506,email,2026-07-04 03:34:10,sent,Sofia Alvarez
ACME-A003807,ACME-L01504,call,2026-07-04 04:11:21,voicemail,Dana Whitfield
ACME-A003808,ACME-L01210,call,2026-07-04 04:32:55,no_answer,Jordan Ellis
ACME-A003809,ACME-L01409,Email,2026-07-04 05:23:43,sent,Dana Whitfield
ACME-A003810,ACME-L01301,call,2026-07-04 05:49:40,voicemail,Dana Whitfield
ACME-A003811,ACME-L01500,call,2026-07-04 06:25:08,no_answer,Jordan Ellis
ACME-A003812,ACME-L01280,email,2026-07-04 07:01:40,sent,Dana Whitfield
ACME-A003813,ACME-L01397,call,2026-07-04 09:12:36,voicemail,Owen Brooks
ACME-A003814,ACME-L01423,call,2026-07-04 11:22:44,no_answer,Sofia Alvarez
ACME-A003815,ACME-L01507,call,2026-07-04 11:34:48,voicemail,Priya Raman
ACME-A003816,ACME-L01169,call,2026-07-04 11:51:04,no_answer,Sofia Alvarez
ACME-A003817,ACME-L01336,email,2026-07-04 13:45:28,sent,Dana Whitfield
ACME-A003818,ACME-L01187,email,2026-07-04 14:10:40,sent,Sofia Alvarez
ACME-A003819,ACME-L01491,email,2026-07-04 14:19:08,replied,Sofia Alvarez
ACME-A003820,ACME-L01390,email,2026-07-04 14:24:28,sent,Sofia Alvarez
ACME-A003821,ACME-L01369,call,2026-07-04 14:54:54,connected,Priya Raman
ACME-A003822,ACME-L00863,email,2026-07-04 16:06:30,sent,Dana Whitfield
ACME-A003823,ACME-L01434,email,2026-07-04 17:29:16,sent,Priya Raman
ACME-A003824,ACME-L01412,call,2026-07-04 17:37:40,no_answer,Dana Whitfield
ACME-A003825,ACME-L01262,call,2026-07-04 18:14:07,connected,Grace Kim
ACME-A003826,ACME-L01319,call,2026-07-04 19:47:18,voicemail,Owen Brooks
ACME-A003827,ACME-L01162,email,2026-07-04 20:11:01,sent,Sofia Alvarez
ACME-A003828,ACME-L01230,email,2026-07-04 20:19:48,sent,Marcus Lee
ACME-A003829,ACME-L01428,call,2026-07-04 22:12:45,connected,Dana Whitfield
ACME-A003830,ACME-L01182,call,2026-07-04 23:39:47,no_answer,Dana Whitfield
ACME-A003831,ACME-L01212,CALL,2026-07-05 01:34:23,voicemail,Sofia Alvarez
ACME-A003832,ACME-L01437,call,2026-07-05 02:34:30,no_answer,Dana Whitfield
ACME-A003833,ACME-L01441,meeting,2026-07-05 02:40:51,held,Dana Whitfield
ACME-A003834,ACME-L01289,email,2026-07-05 03:14:40,replied,Dana Whitfield
ACME-A003835,ACME-L00997,call,2026-07-05 04:03:02,connected,Jordan Ellis
ACME-A003836,ACME-L01508,call,2026-07-05 05:09:43,connected,Sofia Alvarez
ACME-A003837,ACME-L01509,Call,2026-07-05 05:27:27,connected,Acme Round Robin
ACME-A003838,ACME-L01466,email,2026-07-05 06:06:01,sent,Jordan Ellis
ACME-A003839,ACME-L01510,email,2026-07-05 06:50:11,sent,Dana Whitfield
ACME-A003840,ACME-L01446,call,2026-07-05 08:07:15,no_answer,Dana Whitfield
ACME-A003841,ACME-L01339,Email,2026-07-05 08:17:16,bounced,Acme Round Robin
ACME-A003842,ACME-L01415,EMAIL,2026-07-05 08:31:11,sent,Grace Kim
ACME-A003843,ACME-L01222,call,2026-07-05 08:38:04,connected,Jordan Ellis
ACME-A003844,ACME-L01155,email,2026-07-05 08:54:32,replied,Priya Raman
ACME-A003845,ACME-L01267,CALL,2026-07-05 11:09:38,connected,Dana Whitfield
ACME-A003846,ACME-L01197,call,2026-07-05 11:31:17,connected,Grace Kim
ACME-A003847,ACME-L01501,call,2026-07-05 11:31:22,voicemail,Priya Raman
ACME-A003848,ACME-L01484,Call,2026-07-05 12:27:15,connected,Owen Brooks
ACME-A003849,ACME-L01130,meeting,2026-07-05 13:15:25,held,Dana Whitfield
ACME-A003850,ACME-L01512,email,2026-07-05 14:32:17,sent,Priya Raman
ACME-A003851,ACME-L01472,call,2026-07-05 15:06:06,no_answer,Marcus Lee
ACME-A003852,ACME-L01452,call,2026-07-05 15:17:36,no_answer,Marcus Lee
ACME-A003853,ACME-L01071,email,2026-07-05 15:18:46,sent,Priya Raman
ACME-A003854,ACME-L01502,meeting,2026-07-05 15:34:10,no_show,Marcus Lee
ACME-A003855,ACME-L01301,email,2026-07-05 15:52:13,sent,Dana Whitfield
ACME-A003856,ACME-L01435,email,2026-07-05 15:57:00,sent,Grace Kim
ACME-A003857,ACME-L01169,call,2026-07-05 16:04:33,connected,Sofia Alvarez
ACME-A003858,ACME-L01497,email,2026-07-05 16:07:36,sent,Jordan Ellis
ACME-A003859,ACME-L01511,email,2026-07-05 16:32:08,sent,Sofia Alvarez
ACME-A003860,ACME-L01421,call,2026-07-05 17:32:35,voicemail,Jordan Ellis
ACME-A003861,ACME-L01513,email,2026-07-05 18:02:48,sent,Owen Brooks
ACME-A003862,ACME-L01333,call,2026-07-05 18:49:07,no_answer,Dana Whitfield
ACME-A003863,ACME-L01229,call,2026-07-05 19:12:28,no_answer,Priya Raman
ACME-A003864,ACME-L01244,call,2026-07-05 20:00:05,voicemail,Marcus Lee
ACME-A003865,ACME-L01426,call,2026-07-05 20:23:53,voicemail,Priya Raman
ACME-A003866,ACME-L01214,email,2026-07-06 01:48:26,sent,Jordan Ellis
ACME-A003867,ACME-L01412,call,2026-07-06 01:53:04,no_answer,Dana Whitfield
ACME-A003868,ACME-L01515,call,2026-07-06 02:00:38,connected,Acme Round Robin
ACME-A003869,ACME-L01180,CALL,2026-07-06 02:15:41,voicemail,Marcus Lee
ACME-A003870,ACME-L01514,call,2026-07-06 02:25:44,connected,Dana Whitfield
ACME-A003871,ACME-L01387,call,2026-07-06 03:40:46,voicemail,Sofia Alvarez
ACME-A003872,ACME-L01365,call,2026-07-06 03:48:58,voicemail,Dana Whitfield
ACME-A003873,ACME-L01399,call,2026-07-06 04:16:38,no_answer,Sofia Alvarez
ACME-A003874,ACME-L01206,call,2026-07-06 04:39:08,connected,Owen Brooks
ACME-A003875,ACME-L01298,email,2026-07-06 05:08:59,sent,Dana Whitfield
ACME-A003876,ACME-L01434,call,2026-07-06 05:22:48,voicemail,Priya Raman
ACME-A003877,ACME-L01508,email,2026-07-06 05:25:17,sent,Sofia Alvarez
ACME-A003878,ACME-L01517,call,2026-07-06 05:33:02,no_answer,Marcus Lee
ACME-A003879,ACME-L01516,email,2026-07-06 06:19:44,sent,Priya Raman
ACME-A003880,ACME-L01403,call,2026-07-06 06:25:36,no_answer,Priya Raman
ACME-A003881,ACME-L01521,email,2026-07-06 06:52:43,replied,Dana Whitfield
ACME-A003882,ACME-L01398,email,2026-07-06 06:58:37,sent,Sofia Alvarez
ACME-A003883,ACME-L01288,EMAIL,2026-07-06 07:37:36,sent,Sofia Alvarez
ACME-A003884,ACME-L01364,call,2026-07-06 08:02:31,voicemail,Marcus Lee
ACME-A003885,ACME-L01351,call,2026-07-06 08:07:52,connected,Jordan Ellis
ACME-A003886,ACME-L01508,email,2026-07-06 08:13:18,sent,Sofia Alvarez
ACME-A003887,ACME-L01519,call,2026-07-06 08:53:02,connected,Jordan Ellis
ACME-A003888,ACME-L01486,email,2026-07-06 09:15:41,sent,Sofia Alvarez
ACME-A003889,ACME-L01434,email,2026-07-06 11:03:50,sent,Priya Raman
ACME-A003890,ACME-L01265,call,2026-07-06 11:18:27,no_answer,Marcus Lee
ACME-A003891,ACME-L01525,call,2026-07-06 11:27:00,no_answer,Jordan Ellis
ACME-A003892,ACME-L01343,email,2026-07-06 11:28:09,sent,Sofia Alvarez
ACME-A003893,ACME-L01524,call,2026-07-06 11:44:31,connected,Marcus Lee
ACME-A003894,ACME-L01526,email,2026-07-06 11:57:27,replied,Marcus Lee
ACME-A003895,ACME-L01527,call,2026-07-06 12:13:26,connected,Sofia Alvarez
ACME-A003896,ACME-L01389,call,2026-07-06 12:15:43,voicemail,Sofia Alvarez
ACME-A003897,ACME-L01520,Call,2026-07-06 12:48:33,voicemail,Dana Whitfield
ACME-A003898,ACME-L00989,call,2026-07-06 13:37:18,voicemail,Dana Whitfield
ACME-A003899,ACME-L01530,email,2026-07-06 13:43:42,sent,Acme Round Robin
ACME-A003900,ACME-L01532,call,2026-07-06 13:47:44,voicemail,Owen Brooks
ACME-A003901,ACME-L01532,email,2026-07-06 14:32:30,replied,Owen Brooks
ACME-A003902,ACME-L01218,call,2026-07-06 14:48:06,no_answer,Sofia Alvarez
ACME-A003903,ACME-L01522,email,2026-07-06 16:07:52,sent,Owen Brooks
ACME-A003904,ACME-L01316,call,2026-07-06 16:26:00,connected,Dana Whitfield
ACME-A003905,ACME-L01286,CALL,2026-07-06 16:48:40,no_answer,Dana Whitfield
ACME-A003906,ACME-L01538,call,2026-07-06 16:52:03,no_answer,Marcus Lee
ACME-A003907,ACME-L01321,call,2026-07-06 16:53:58,no_answer,Acme Round Robin
ACME-A003908,ACME-L01521,email,2026-07-06 16:54:45,sent,Dana Whitfield
ACME-A003909,ACME-L01528,call,2026-07-06 17:40:40,voicemail,Marcus Lee
ACME-A003910,ACME-L01247,email,2026-07-06 17:44:42,sent,Owen Brooks
ACME-A003911,ACME-L01529,call,2026-07-06 17:55:36,voicemail,Jordan Ellis
ACME-A003912,ACME-L01518,email,2026-07-06 18:05:02,replied,Marcus Lee
ACME-A003913,ACME-L01536,call,2026-07-06 18:25:11,connected,Priya Raman
ACME-A003914,ACME-L00996,call,2026-07-06 18:34:45,no_answer,Priya Raman
ACME-A003915,ACME-L01533,call,2026-07-06 18:59:15,voicemail,Dana Whitfield
ACME-A003916,ACME-L01465,call,2026-07-06 19:01:51,voicemail,Marcus Lee
ACME-A003917,ACME-L01539,email,2026-07-06 19:15:24,sent,Marcus Lee
ACME-A003918,ACME-L01541,email,2026-07-06 19:44:26,sent,Dana Whitfield
ACME-A003919,ACME-L01540,call,2026-07-06 19:45:46,voicemail,Owen Brooks
ACME-A003920,ACME-L01537,call,2026-07-06 19:58:15,no_answer,Jordan Ellis
ACME-A003921,ACME-L01542,email,2026-07-06 20:26:58,bounced,Jordan Ellis
ACME-A003922,ACME-L01545,call,2026-07-06 21:07:14,voicemail,Jordan Ellis
ACME-A003923,ACME-L01206,call,2026-07-06 22:21:54,connected,Owen Brooks
ACME-A003924,ACME-L01298,call,2026-07-06 22:41:30,voicemail,Dana Whitfield
ACME-A003925,ACME-L01535,call,2026-07-06 22:43:48,connected,Marcus Lee
ACME-A003926,ACME-L01328,call,2026-07-06 23:12:24,voicemail,Dana Whitfield
ACME-A003927,ACME-L01382,Call,2026-07-06 23:23:59,no_answer,Owen Brooks
ACME-A003928,ACME-L01441,call,2026-07-06 23:24:33,no_answer,Dana Whitfield
ACME-A003929,ACME-L01288,email,2026-07-06 23:30:18,sent,Sofia Alvarez
ACME-A003930,ACME-L01534,email,2026-07-07 00:06:43,replied,Marcus Lee
ACME-A003931,ACME-L00757,email,2026-07-07 01:18:28,sent,Marcus Lee
ACME-A003932,ACME-L01546,CALL,2026-07-07 01:28:06,voicemail,Sofia Alvarez
ACME-A003933,ACME-L01544,email,2026-07-07 01:29:50,sent,Dana Whitfield
ACME-A003934,ACME-L01531,email,2026-07-07 01:45:11,sent,Grace Kim
ACME-A003935,ACME-L01482,call,2026-07-07 01:49:32,no_answer,Owen Brooks
ACME-A003936,ACME-L01407,Email,2026-07-07 02:17:41,sent,Marcus Lee
ACME-A003937,ACME-L01412,call,2026-07-07 02:53:12,connected,Dana Whitfield
ACME-A003938,ACME-L01426,email,2026-07-07 03:09:32,sent,Priya Raman
ACME-A003939,ACME-L01268,call,2026-07-07 04:50:43,voicemail,Marcus Lee
ACME-A003940,ACME-L01547,email,2026-07-07 06:03:30,sent,Dana Whitfield
ACME-A003941,ACME-L01523,email,2026-07-07 06:42:58,sent,Acme Round Robin
ACME-A003942,ACME-L01309,email,2026-07-07 07:55:16,sent,Marcus Lee
ACME-A003943,ACME-L01287,email,2026-07-07 08:26:57,sent,Dana Whitfield
ACME-A003944,ACME-L01351,Call,2026-07-07 09:37:27,connected,Jordan Ellis
ACME-A003945,ACME-L01549,Email,2026-07-07 10:24:58,bounced,Sofia Alvarez
ACME-A003946,ACME-L01452,email,2026-07-07 10:57:39,sent,Marcus Lee
ACME-A003947,ACME-L01322,call,2026-07-07 11:30:29,no_answer,Sofia Alvarez
ACME-A003948,ACME-L01543,call,2026-07-07 12:15:37,voicemail,Dana Whitfield
ACME-A003949,ACME-L01478,email,2026-07-07 12:21:11,sent,Grace Kim
ACME-A003950,ACME-L01552,email,2026-07-07 12:28:00,bounced,Owen Brooks
ACME-A003951,ACME-L01239,call,2026-07-07 12:38:59,connected,Dana Whitfield
ACME-A003952,ACME-L01383,email,2026-07-07 13:01:27,sent,Dana Whitfield
ACME-A003953,ACME-L01550,call,2026-07-07 13:31:42,voicemail,Grace Kim
ACME-A003954,ACME-L01334,call,2026-07-07 13:42:49,no_answer,Owen Brooks
ACME-A003955,ACME-L01556,call,2026-07-07 13:48:37,no_answer,Dana Whitfield
ACME-A003956,ACME-L01443,call,2026-07-07 14:19:55,voicemail,Grace Kim
ACME-A003957,ACME-L01395,call,2026-07-07 14:28:16,no_answer,Grace Kim
ACME-A003958,ACME-L01551,call,2026-07-07 14:43:07,no_answer,Sofia Alvarez
ACME-A003959,ACME-L01525,email,2026-07-07 16:17:15,sent,Jordan Ellis
ACME-A003960,ACME-L01557,call,2026-07-07 16:50:06,voicemail,Grace Kim
ACME-A003961,ACME-L01521,email,2026-07-07 17:49:59,sent,Dana Whitfield
ACME-A003962,ACME-L01555,call,2026-07-07 17:55:36,voicemail,Jordan Ellis
ACME-A003963,ACME-L01501,email,2026-07-07 18:16:51,sent,Priya Raman
ACME-A003964,ACME-L01516,call,2026-07-07 18:25:46,no_answer,Priya Raman
ACME-A003965,ACME-L01558,call,2026-07-07 18:59:30,connected,Jordan Ellis
ACME-A003966,ACME-L01560,email,2026-07-07 19:30:14,sent,Dana Whitfield
ACME-A003967,ACME-L01509,call,2026-07-07 19:39:20,connected,Acme Round Robin
ACME-A003968,ACME-L01559,call,2026-07-07 19:47:49,no_answer,Marcus Lee
ACME-A003969,ACME-L01502,email,2026-07-07 20:10:59,sent,Marcus Lee
ACME-A003970,ACME-L01415,call,2026-07-07 20:26:44,no_answer,Grace Kim
ACME-A003971,ACME-L01561,call,2026-07-07 20:28:08,no_answer,Jordan Ellis
ACME-A003972,ACME-L01223,email,2026-07-07 20:59:54,sent,Priya Raman
ACME-A003973,ACME-L01301,email,2026-07-07 21:05:17,sent,Dana Whitfield
ACME-A003974,ACME-L01386,call,2026-07-07 21:21:55,voicemail,Jordan Ellis
ACME-A003975,ACME-L01563,Email,2026-07-07 21:56:20,sent,Priya Raman
ACME-A003976,ACME-L01461,email,2026-07-07 22:22:42,sent,Sofia Alvarez
ACME-A003977,ACME-L00992,call,2026-07-07 22:26:48,voicemail,Marcus Lee
ACME-A003978,ACME-L01452,email,2026-07-07 22:54:01,sent,Marcus Lee
ACME-A003979,ACME-L01272,email,2026-07-07 23:01:45,sent,Dana Whitfield
ACME-A003980,ACME-L01350,meeting,2026-07-07 23:10:42,held,Sofia Alvarez
ACME-A003981,ACME-L01544,call,2026-07-08 00:20:41,voicemail,Dana Whitfield
ACME-A003982,ACME-L01564,call,2026-07-08 01:00:44,connected,Marcus Lee
ACME-A003983,ACME-L01554,call,2026-07-08 01:07:31,voicemail,Dana Whitfield
ACME-A003984,ACME-L01562,call,2026-07-08 01:21:46,connected,Dana Whitfield
ACME-A003985,ACME-L00757,email,2026-07-08 01:38:24,sent,Marcus Lee
ACME-A003986,ACME-L01561,call,2026-07-08 02:14:49,no_answer,Jordan Ellis
ACME-A003987,ACME-L01548,call,2026-07-08 03:13:02,no_answer,Priya Raman
ACME-A003988,ACME-L01452,call,2026-07-08 03:19:13,no_answer,Marcus Lee
ACME-A003989,ACME-L01565,call,2026-07-08 03:30:23,connected,Marcus Lee
ACME-A003990,ACME-L01351,EMAIL,2026-07-08 05:45:50,sent,Jordan Ellis
ACME-A003991,ACME-L01297,CALL,2026-07-08 06:14:17,voicemail,Marcus Lee
ACME-A003992,ACME-L01221,call,2026-07-08 06:57:12,voicemail,Marcus Lee
ACME-A003993,ACME-L01553,email,2026-07-08 08:06:25,sent,Priya Raman
ACME-A003994,ACME-L01338,CALL,2026-07-08 08:32:01,no_answer,Marcus Lee
ACME-A003995,ACME-L01453,Call,2026-07-08 09:03:18,connected,Sofia Alvarez
ACME-A003996,ACME-L01230,call,2026-07-08 09:53:18,connected,Marcus Lee
ACME-A003997,ACME-L01570,email,2026-07-08 10:10:59,sent,Sofia Alvarez
ACME-A003998,ACME-L01566,call,2026-07-08 11:10:40,no_answer,Owen Brooks
ACME-A003999,ACME-L01567,call,2026-07-08 11:16:49,voicemail,Dana Whitfield
ACME-A004000,ACME-L01572,email,2026-07-08 11:22:05,sent,Dana Whitfield
ACME-A004001,ACME-L01351,email,2026-07-08 11:40:49,sent,Jordan Ellis
ACME-A004002,ACME-L01569,call,2026-07-08 11:56:52,no_answer,Dana Whitfield
ACME-A004003,ACME-L01335,call,2026-07-08 12:03:09,connected,Dana Whitfield
ACME-A004004,ACME-L01402,email,2026-07-08 12:07:34,sent,Acme Round Robin
ACME-A004005,ACME-L01568,call,2026-07-08 12:19:38,connected,Marcus Lee
ACME-A004006,ACME-L01573,Call,2026-07-08 12:40:17,connected,Dana Whitfield
ACME-A004007,ACME-L01278,email,2026-07-08 12:52:39,sent,Sofia Alvarez
ACME-A004008,ACME-L01575,call,2026-07-08 13:04:46,connected,Jordan Ellis
ACME-A004009,ACME-L01463,call,2026-07-08 13:55:14,connected,Acme Round Robin
ACME-A004010,ACME-L01415,call,2026-07-08 14:05:10,connected,Grace Kim
ACME-A004011,ACME-L01574,email,2026-07-08 14:59:31,replied,Priya Raman
ACME-A004012,ACME-L01510,call,2026-07-08 15:26:36,no_answer,Dana Whitfield
ACME-A004013,ACME-L01235,email,2026-07-08 15:30:02,replied,Marcus Lee
ACME-A004014,ACME-L01579,email,2026-07-08 15:38:36,sent,Dana Whitfield
ACME-A004015,ACME-L01576,call,2026-07-08 16:20:47,no_answer,Sofia Alvarez
ACME-A004016,ACME-L01577,email,2026-07-08 17:27:32,bounced,Owen Brooks
ACME-A004017,ACME-L01429,call,2026-07-08 17:35:31,voicemail,Owen Brooks
ACME-A004018,ACME-L01578,call,2026-07-08 17:41:11,connected,Jordan Ellis
ACME-A004019,ACME-L01544,email,2026-07-08 17:43:09,sent,Dana Whitfield
ACME-A004020,ACME-L01580,email,2026-07-08 17:48:57,sent,Dana Whitfield
ACME-A004021,ACME-L01518,call,2026-07-08 18:22:06,connected,Marcus Lee
ACME-A004022,ACME-L01471,call,2026-07-08 19:32:39,voicemail,Marcus Lee
ACME-A004023,ACME-L01282,call,2026-07-08 19:34:11,voicemail,Priya Raman
ACME-A004024,ACME-L00985,meeting,2026-07-08 20:08:08,held,Priya Raman
ACME-A004025,ACME-L01583,call,2026-07-08 20:47:54,connected,Dana Whitfield
ACME-A004026,ACME-L01582,email,2026-07-08 21:24:04,sent,Sofia Alvarez
ACME-A004027,ACME-L01407,call,2026-07-08 21:41:14,connected,Marcus Lee
ACME-A004028,ACME-L01505,call,2026-07-08 22:08:24,connected,Dana Whitfield
ACME-A004029,ACME-L01584,call,2026-07-08 22:40:01,voicemail,Owen Brooks
ACME-A004030,ACME-L01351,call,2026-07-08 22:55:41,no_answer,Jordan Ellis
ACME-A004031,ACME-L01552,call,2026-07-08 23:49:32,no_answer,Owen Brooks
ACME-A004032,ACME-L01152,call,2026-07-09 00:35:41,no_answer,Grace Kim
ACME-A004033,ACME-L01519,call,2026-07-09 02:06:51,no_answer,Jordan Ellis
ACME-A004034,ACME-L01233,email,2026-07-09 02:15:40,sent,Dana Whitfield
ACME-A004035,ACME-L01379,call,2026-07-09 03:01:29,voicemail,Marcus Lee
ACME-A004036,ACME-L01420,call,2026-07-09 03:52:53,no_answer,Priya Raman
ACME-A004037,ACME-L01302,call,2026-07-09 04:05:32,voicemail,Grace Kim
ACME-A004038,ACME-L01570,meeting,2026-07-09 05:42:28,no_show,Sofia Alvarez
ACME-A004039,ACME-L01404,call,2026-07-09 06:28:30,voicemail,Sofia Alvarez
ACME-A004040,ACME-L01555,call,2026-07-09 07:08:45,no_answer,Jordan Ellis
ACME-A004041,ACME-L01255,email,2026-07-09 07:32:29,replied,Sofia Alvarez
ACME-A004042,ACME-L01273,email,2026-07-09 07:36:31,sent,Owen Brooks
ACME-A004043,ACME-L01507,call,2026-07-09 07:51:27,connected,Priya Raman
ACME-A004044,ACME-L01552,email,2026-07-09 08:06:19,sent,Owen Brooks
ACME-A004045,ACME-L01585,call,2026-07-09 08:16:43,connected,Dana Whitfield
ACME-A004046,ACME-L01571,call,2026-07-09 09:11:04,connected,Priya Raman
ACME-A004047,ACME-L01576,call,2026-07-09 09:31:36,voicemail,Sofia Alvarez
ACME-A004048,ACME-L01587,email,2026-07-09 09:49:33,sent,Owen Brooks
ACME-A004049,ACME-L01586,call,2026-07-09 10:30:30,no_answer,Owen Brooks
ACME-A004050,ACME-L01552,meeting,2026-07-09 10:35:27,held,Owen Brooks
ACME-A004051,ACME-L01589,call,2026-07-09 11:02:58,no_answer,Owen Brooks
ACME-A004052,ACME-L01364,meeting,2026-07-09 11:12:29,held,Marcus Lee
ACME-A004053,ACME-L01558,call,2026-07-09 11:20:08,connected,Jordan Ellis
ACME-A004054,ACME-L01581,Email,2026-07-09 11:22:18,sent,Priya Raman
ACME-A004055,ACME-L01561,email,2026-07-09 11:50:18,replied,Jordan Ellis
ACME-A004056,ACME-L01392,EMAIL,2026-07-09 12:07:43,sent,Priya Raman
ACME-A004057,ACME-L01381,email,2026-07-09 13:27:50,sent,Dana Whitfield
ACME-A004058,ACME-L01367,Call,2026-07-09 13:38:45,no_answer,Owen Brooks
ACME-A004059,ACME-L01426,meeting,2026-07-09 13:43:34,held,Priya Raman
ACME-A004060,ACME-L01448,email,2026-07-09 14:03:12,sent,Jordan Ellis
ACME-A004061,ACME-L01588,email,2026-07-09 14:15:07,replied,Priya Raman
ACME-A004062,ACME-L01591,call,2026-07-09 14:16:53,no_answer,Sofia Alvarez
ACME-A004063,ACME-L01316,call,2026-07-09 15:33:17,voicemail,Dana Whitfield
ACME-A004064,ACME-L01595,email,2026-07-09 15:35:06,sent,Jordan Ellis
ACME-A004065,ACME-L01594,call,2026-07-09 16:46:22,no_answer,Sofia Alvarez
ACME-A004066,ACME-L01592,email,2026-07-09 17:09:08,replied,Dana Whitfield
ACME-A004067,ACME-L01596,Call,2026-07-09 17:36:32,connected,Jordan Ellis
ACME-A004068,ACME-L01585,meeting,2026-07-09 17:43:51,held,Dana Whitfield
ACME-A004069,ACME-L01598,email,2026-07-09 17:43:53,replied,Priya Raman
ACME-A004070,ACME-L01210,call,2026-07-09 17:46:40,voicemail,Jordan Ellis
ACME-A004071,ACME-L01233,call,2026-07-09 19:37:46,no_answer,Dana Whitfield
ACME-A004072,ACME-L01396,email,2026-07-09 19:51:39,sent,Jordan Ellis
ACME-A004073,ACME-L01515,call,2026-07-09 19:51:50,connected,Acme Round Robin
ACME-A004074,ACME-L01601,call,2026-07-09 20:21:11,connected,Dana Whitfield
ACME-A004075,ACME-L01593,call,2026-07-09 20:32:25,connected,Grace Kim
ACME-A004076,ACME-L01297,email,2026-07-09 20:35:06,sent,Marcus Lee
ACME-A004077,ACME-L01555,meeting,2026-07-09 21:19:28,rescheduled,Jordan Ellis
ACME-A004078,ACME-L01189,email,2026-07-09 21:37:07,sent,Priya Raman
ACME-A004079,ACME-L01590,email,2026-07-09 21:43:17,sent,Marcus Lee
ACME-A004080,ACME-L01326,EMAIL,2026-07-09 22:06:11,sent,Marcus Lee
ACME-A004081,ACME-L01600,email,2026-07-09 22:26:31,sent,Owen Brooks
ACME-A004082,ACME-L01401,call,2026-07-09 22:27:21,connected,Dana Whitfield
ACME-A004083,ACME-L01603,email,2026-07-09 22:35:56,sent,Dana Whitfield
ACME-A004084,ACME-L01233,meeting,2026-07-09 22:36:14,held,Dana Whitfield
ACME-A004085,ACME-L01280,call,2026-07-09 23:17:49,no_answer,Dana Whitfield
ACME-A004086,ACME-L01454,Email,2026-07-09 23:28:26,sent,Acme Round Robin
ACME-A004087,ACME-L01356,call,2026-07-10 00:06:57,connected,Sofia Alvarez
ACME-A004088,ACME-L01413,call,2026-07-10 00:24:43,connected,Priya Raman
ACME-A004089,ACME-L01413,Call,2026-07-10 00:25:13,no_answer,Priya Raman
ACME-A004090,ACME-L01439,call,2026-07-10 00:29:24,voicemail,Grace Kim
ACME-A004091,ACME-L01581,email,2026-07-10 00:34:25,sent,Priya Raman
ACME-A004092,ACME-L01546,email,2026-07-10 01:00:16,bounced,Sofia Alvarez
ACME-A004093,ACME-L01604,email,2026-07-10 01:16:50,sent,Marcus Lee
ACME-A004094,ACME-L01602,call,2026-07-10 01:21:21,connected,Sofia Alvarez
ACME-A004095,ACME-L01252,email,2026-07-10 01:55:14,sent,Marcus Lee
ACME-A004096,ACME-L01597,call,2026-07-10 02:02:36,no_answer,Marcus Lee
ACME-A004097,ACME-L01285,CALL,2026-07-10 02:48:52,voicemail,Owen Brooks
ACME-A004098,ACME-L01461,email,2026-07-10 03:16:50,sent,Sofia Alvarez
ACME-A004099,ACME-L01503,email,2026-07-10 03:41:00,sent,Sofia Alvarez
ACME-A004100,ACME-L01444,CALL,2026-07-10 03:51:48,no_answer,Dana Whitfield
ACME-A004101,ACME-L01516,call,2026-07-10 04:51:27,voicemail,Priya Raman
ACME-A004102,ACME-L01469,call,2026-07-10 05:07:06,connected,Sofia Alvarez
ACME-A004103,ACME-L01599,email,2026-07-10 07:58:17,sent,Priya Raman
ACME-A004104,ACME-L01373,call,2026-07-10 07:59:19,no_answer,Marcus Lee
ACME-A004105,ACME-L01560,email,2026-07-10 07:59:44,sent,Dana Whitfield
ACME-A004106,ACME-L01459,email,2026-07-10 08:27:02,sent,Dana Whitfield
ACME-A004107,ACME-L01368,call,2026-07-10 08:55:07,voicemail,Sofia Alvarez
ACME-A004108,ACME-L01605,call,2026-07-10 09:38:41,connected,Marcus Lee
ACME-A004109,ACME-L01610,EMAIL,2026-07-10 11:43:54,sent,Dana Whitfield
ACME-A004110,ACME-L01546,email,2026-07-10 12:04:35,bounced,Sofia Alvarez
ACME-A004111,ACME-L01394,call,2026-07-10 12:06:56,no_answer,Owen Brooks
ACME-A004112,ACME-L01607,email,2026-07-10 12:12:06,sent,Priya Raman
ACME-A004113,ACME-L01117,call,2026-07-10 12:13:33,no_answer,Sofia Alvarez
ACME-A004114,ACME-L01609,email,2026-07-10 13:52:17,sent,Sofia Alvarez
ACME-A004115,ACME-L01608,call,2026-07-10 13:57:44,no_answer,Dana Whitfield
ACME-A004116,ACME-L01612,call,2026-07-10 14:34:11,connected,Jordan Ellis
ACME-A004117,ACME-L01614,call,2026-07-10 14:36:02,no_answer,Owen Brooks
ACME-A004118,ACME-L01617,call,2026-07-10 15:27:43,connected,Jordan Ellis
ACME-A004119,ACME-L01613,call,2026-07-10 15:33:12,voicemail,Dana Whitfield
ACME-A004120,ACME-L01615,call,2026-07-10 15:54:17,connected,Marcus Lee
ACME-A004121,ACME-L01490,call,2026-07-10 16:25:02,voicemail,Owen Brooks
ACME-A004122,ACME-L01607,email,2026-07-10 16:30:06,sent,Priya Raman
ACME-A004123,ACME-L01314,call,2026-07-10 18:02:55,no_answer,Dana Whitfield
ACME-A004124,ACME-L01616,call,2026-07-10 18:15:53,voicemail,Sofia Alvarez
ACME-A004125,ACME-L01340,call,2026-07-10 18:34:13,no_answer,Grace Kim
ACME-A004126,ACME-L01619,call,2026-07-10 19:26:54,voicemail,Grace Kim
ACME-A004127,ACME-L01437,CALL,2026-07-10 19:50:46,voicemail,Dana Whitfield
ACME-A004128,ACME-L01563,call,2026-07-10 20:04:40,no_answer,Priya Raman
ACME-A004129,ACME-L01606,email,2026-07-10 20:43:07,sent,Priya Raman
ACME-A004130,ACME-L01610,email,2026-07-10 20:53:50,sent,Dana Whitfield
ACME-A004131,ACME-L01618,email,2026-07-10 21:20:36,sent,Priya Raman
ACME-A004132,ACME-L01589,meeting,2026-07-10 21:28:42,held,Owen Brooks
ACME-A004133,ACME-L01462,call,2026-07-10 21:48:46,voicemail,Dana Whitfield
ACME-A004134,ACME-L01607,email,2026-07-10 21:54:35,bounced,Priya Raman
ACME-A004135,ACME-L01362,call,2026-07-10 22:02:26,voicemail,Dana Whitfield
ACME-A004136,ACME-L01479,email,2026-07-10 23:16:33,replied,Priya Raman
ACME-A004137,ACME-L01603,Call,2026-07-10 23:16:42,no_answer,Dana Whitfield
ACME-A004138,ACME-L01620,call,2026-07-11 00:40:08,voicemail,Marcus Lee
ACME-A004139,ACME-L01544,call,2026-07-11 01:55:48,no_answer,Dana Whitfield
ACME-A004140,ACME-L01611,call,2026-07-11 01:57:23,no_answer,Marcus Lee
ACME-A004141,ACME-L01476,call,2026-07-11 02:48:44,connected,Dana Whitfield
ACME-A004142,ACME-L01621,email,2026-07-11 03:10:17,sent,Acme Round Robin
ACME-A004143,ACME-L01368,call,2026-07-11 03:32:17,no_answer,Sofia Alvarez
ACME-A004144,ACME-L01454,email,2026-07-11 04:53:51,sent,Acme Round Robin
ACME-A004145,ACME-L01398,call,2026-07-11 07:38:33,voicemail,Sofia Alvarez
ACME-A004146,ACME-L01524,Call,2026-07-11 08:04:08,no_answer,Marcus Lee
ACME-A004147,ACME-L01622,email,2026-07-11 09:28:53,sent,Owen Brooks
ACME-A004148,ACME-L01585,call,2026-07-11 10:46:39,voicemail,Dana Whitfield
ACME-A004149,ACME-L01480,email,2026-07-11 11:16:41,sent,Marcus Lee
ACME-A004150,ACME-L01559,meeting,2026-07-11 11:31:39,no_show,Marcus Lee
ACME-A004151,ACME-L01544,call,2026-07-11 11:35:12,voicemail,Dana Whitfield
ACME-A004152,ACME-L01295,call,2026-07-11 11:42:36,voicemail,Marcus Lee
ACME-A004153,ACME-L01523,email,2026-07-11 12:28:49,sent,Acme Round Robin
ACME-A004154,ACME-L01624,call,2026-07-11 13:07:56,connected,Sofia Alvarez
ACME-A004155,ACME-L01388,call,2026-07-11 14:43:36,connected,Dana Whitfield
ACME-A004156,ACME-L01543,call,2026-07-11 15:45:20,connected,Dana Whitfield
ACME-A004157,ACME-L01577,email,2026-07-11 18:37:02,bounced,Owen Brooks
ACME-A004158,ACME-L01626,call,2026-07-11 18:39:42,connected,Jordan Ellis
ACME-A004159,ACME-L01352,call,2026-07-11 19:19:00,connected,Sofia Alvarez
ACME-A004160,ACME-L01499,call,2026-07-11 19:30:07,voicemail,Dana Whitfield
ACME-A004161,ACME-L01499,call,2026-07-11 20:02:36,no_answer,Dana Whitfield
ACME-A004162,ACME-L00762,email,2026-07-11 20:37:52,sent,Acme Round Robin
ACME-A004163,ACME-L01345,email,2026-07-11 21:05:02,sent,Dana Whitfield
ACME-A004164,ACME-L01393,email,2026-07-11 21:06:38,sent,Grace Kim
ACME-A004165,ACME-L01549,call,2026-07-11 22:40:12,no_answer,Sofia Alvarez
ACME-A004166,ACME-L01623,email,2026-07-11 23:15:44,replied,Marcus Lee
ACME-A004167,ACME-L01625,call,2026-07-11 23:17:01,connected,Priya Raman
ACME-A004168,ACME-L01367,email,2026-07-11 23:56:12,sent,Owen Brooks
ACME-A004169,ACME-L01496,call,2026-07-12 00:08:39,voicemail,Marcus Lee
ACME-A004170,ACME-L01399,email,2026-07-12 00:28:53,sent,Sofia Alvarez
ACME-A004171,ACME-L00985,call,2026-07-12 01:00:36,no_answer,Priya Raman
ACME-A004172,ACME-L01302,meeting,2026-07-12 01:05:30,rescheduled,Grace Kim
ACME-A004173,ACME-L01287,email,2026-07-12 01:29:40,sent,Dana Whitfield
ACME-A004174,ACME-L01544,email,2026-07-12 01:34:07,sent,Dana Whitfield
ACME-A004175,ACME-L01445,email,2026-07-12 01:40:17,sent,Grace Kim
ACME-A004176,ACME-L01627,call,2026-07-12 01:42:29,no_answer,Grace Kim
ACME-A004177,ACME-L01424,email,2026-07-12 02:02:24,sent,Dana Whitfield
ACME-A004178,ACME-L01339,email,2026-07-12 02:32:31,sent,Acme Round Robin
ACME-A004179,ACME-L01295,email,2026-07-12 03:33:36,sent,Marcus Lee
ACME-A004180,ACME-L01613,email,2026-07-12 03:54:57,sent,Dana Whitfield
ACME-A004181,ACME-L01428,email,2026-07-12 04:24:02,sent,Dana Whitfield
ACME-A004182,ACME-L01518,meeting,2026-07-12 05:19:19,held,Marcus Lee
ACME-A004183,ACME-L01214,email,2026-07-12 05:36:35,sent,Jordan Ellis
ACME-A004184,ACME-L01625,call,2026-07-12 06:28:32,no_answer,Priya Raman
ACME-A004185,ACME-L01582,call,2026-07-12 08:31:44,voicemail,Sofia Alvarez
ACME-A004186,ACME-L01367,meeting,2026-07-12 08:44:45,held,Owen Brooks
ACME-A004187,ACME-L01568,call,2026-07-12 09:10:10,no_answer,Marcus Lee
ACME-A004188,ACME-L01628,Email,2026-07-12 10:25:12,sent,Marcus Lee
ACME-A004189,ACME-L01481,email,2026-07-12 11:14:51,bounced,Dana Whitfield
ACME-A004190,ACME-L01463,call,2026-07-12 11:37:51,connected,Acme Round Robin
ACME-A004191,ACME-L01497,call,2026-07-12 14:48:02,connected,Jordan Ellis
ACME-A004192,ACME-L01369,email,2026-07-12 15:08:22,sent,Priya Raman
ACME-A004193,ACME-L01439,call,2026-07-12 15:48:32,voicemail,Grace Kim
ACME-A004194,ACME-L01463,call,2026-07-12 16:03:28,no_answer,Acme Round Robin
ACME-A004195,ACME-L01398,call,2026-07-12 18:11:33,no_answer,Sofia Alvarez
ACME-A004196,ACME-L01595,email,2026-07-12 18:22:16,sent,Jordan Ellis
ACME-A004197,ACME-L01613,call,2026-07-12 18:37:23,no_answer,Dana Whitfield
ACME-A004198,ACME-L01575,call,2026-07-12 19:50:09,no_answer,Jordan Ellis
ACME-A004199,ACME-L01587,call,2026-07-12 20:19:29,connected,Owen Brooks
ACME-A004200,ACME-L01516,email,2026-07-12 20:47:01,sent,Priya Raman
ACME-A004201,ACME-L01401,call,2026-07-12 20:55:04,connected,Dana Whitfield
ACME-A004202,ACME-L01329,call,2026-07-12 21:00:05,connected,Sofia Alvarez
ACME-A004203,ACME-L01499,meeting,2026-07-12 23:51:40,held,Dana Whitfield
ACME-A004204,ACME-L01507,email,2026-07-13 00:08:39,sent,Priya Raman
ACME-A004205,ACME-L01348,email,2026-07-13 00:43:14,sent,Marcus Lee
ACME-A004206,ACME-L01570,call,2026-07-13 02:38:33,no_answer,Sofia Alvarez
ACME-A004207,ACME-L01560,call,2026-07-13 03:20:31,connected,Dana Whitfield
ACME-A004208,ACME-L01210,email,2026-07-13 03:58:03,replied,Jordan Ellis
ACME-A004209,ACME-L01629,CALL,2026-07-13 04:19:31,no_answer,Sofia Alvarez
ACME-A004210,ACME-L01348,CALL,2026-07-13 04:23:36,voicemail,Marcus Lee
ACME-A004211,ACME-L01309,call,2026-07-13 04:51:07,no_answer,Marcus Lee
ACME-A004212,ACME-L01630,EMAIL,2026-07-13 06:22:43,replied,Jordan Ellis
ACME-A004213,ACME-L01603,email,2026-07-13 07:17:18,replied,Dana Whitfield
ACME-A004214,ACME-L01511,Email,2026-07-13 07:28:46,replied,Sofia Alvarez
ACME-A004215,ACME-L01356,call,2026-07-13 07:29:26,voicemail,Sofia Alvarez
ACME-A004216,ACME-L01593,call,2026-07-13 08:07:55,no_answer,Grace Kim
ACME-A004217,ACME-L01408,call,2026-07-13 08:10:11,voicemail,Marcus Lee
ACME-A004218,ACME-L01487,call,2026-07-13 09:38:02,voicemail,Jordan Ellis
ACME-A004219,ACME-L01383,email,2026-07-13 09:39:29,sent,Dana Whitfield
ACME-A004220,ACME-L01562,call,2026-07-13 09:48:59,voicemail,Dana Whitfield
ACME-A004221,ACME-L01636,call,2026-07-13 10:19:55,no_answer,Sofia Alvarez
ACME-A004222,ACME-L01313,call,2026-07-13 10:44:15,voicemail,Sofia Alvarez
ACME-A004223,ACME-L01423,email,2026-07-13 10:59:33,replied,Sofia Alvarez
ACME-A004224,ACME-L01632,call,2026-07-13 11:07:00,no_answer,Priya Raman
ACME-A004225,ACME-L01633,EMAIL,2026-07-13 11:11:32,sent,Jordan Ellis
ACME-A004226,ACME-L01637,call,2026-07-13 11:50:26,voicemail,Marcus Lee
ACME-A004227,ACME-L01465,call,2026-07-13 11:59:37,no_answer,Marcus Lee
ACME-A004228,ACME-L01639,call,2026-07-13 12:15:23,no_answer,Sofia Alvarez
ACME-A004229,ACME-L01553,Email,2026-07-13 13:07:13,sent,Priya Raman
ACME-A004230,ACME-L01613,email,2026-07-13 13:40:44,sent,Dana Whitfield
ACME-A004231,ACME-L01571,call,2026-07-13 13:48:58,voicemail,Priya Raman
ACME-A004232,ACME-L01538,call,2026-07-13 13:49:42,connected,Marcus Lee
ACME-A004233,ACME-L01635,email,2026-07-13 14:33:51,sent,Jordan Ellis
ACME-A004234,ACME-L01634,email,2026-07-13 14:34:32,sent,Dana Whitfield
ACME-A004235,ACME-L01438,call,2026-07-13 14:57:45,no_answer,Dana Whitfield
ACME-A004236,ACME-L01511,email,2026-07-13 15:06:13,sent,Sofia Alvarez
ACME-A004237,ACME-L01449,call,2026-07-13 15:58:02,connected,Grace Kim
ACME-A004238,ACME-L01372,CALL,2026-07-13 16:11:34,no_answer,Grace Kim
ACME-A004239,ACME-L01638,call,2026-07-13 16:18:03,no_answer,Priya Raman
ACME-A004240,ACME-L01593,email,2026-07-13 17:18:45,sent,Grace Kim
ACME-A004241,ACME-L01631,email,2026-07-13 17:36:44,sent,Marcus Lee
ACME-A004242,ACME-L01641,email,2026-07-13 18:00:08,replied,Sofia Alvarez
ACME-A004243,ACME-L01640,call,2026-07-13 18:04:53,connected,Owen Brooks
ACME-A004244,ACME-L01429,email,2026-07-13 19:29:06,sent,Owen Brooks
ACME-A004245,ACME-L01643,call,2026-07-13 19:42:57,voicemail,Dana Whitfield
ACME-A004246,ACME-L01644,email,2026-07-13 20:53:33,bounced,Owen Brooks
ACME-A004247,ACME-L00983,email,2026-07-13 20:59:23,sent,Grace Kim
ACME-A004248,ACME-L01298,call,2026-07-13 21:02:45,no_answer,Dana Whitfield
ACME-A004249,ACME-L01525,email,2026-07-13 21:07:14,sent,Jordan Ellis
ACME-A004250,ACME-L01010,email,2026-07-13 21:54:45,sent,Acme Round Robin
ACME-A004251,ACME-L01421,email,2026-07-13 21:58:53,sent,Jordan Ellis
ACME-A004252,ACME-L01310,Email,2026-07-13 22:21:39,replied,Sofia Alvarez
ACME-A004253,ACME-L01499,call,2026-07-13 22:22:47,voicemail,Dana Whitfield
ACME-A004254,ACME-L01642,call,2026-07-13 22:55:34,voicemail,Owen Brooks
ACME-A004255,ACME-L01582,email,2026-07-14 01:06:52,sent,Sofia Alvarez
ACME-A004256,ACME-L01444,call,2026-07-14 01:14:53,voicemail,Dana Whitfield
ACME-A004257,ACME-L01558,call,2026-07-14 02:13:18,no_answer,Jordan Ellis
ACME-A004258,ACME-L01491,call,2026-07-14 02:55:18,connected,Sofia Alvarez
ACME-A004259,ACME-L01589,Email,2026-07-14 02:55:52,sent,Owen Brooks
ACME-A004260,ACME-L01350,email,2026-07-14 03:02:51,sent,Sofia Alvarez
ACME-A004261,ACME-L01510,call,2026-07-14 03:27:48,voicemail,Dana Whitfield
ACME-A004262,ACME-L01553,call,2026-07-14 03:53:39,connected,Priya Raman
ACME-A004263,ACME-L01448,call,2026-07-14 04:19:24,connected,Jordan Ellis
ACME-A004264,ACME-L01491,Call,2026-07-14 04:55:14,no_answer,Sofia Alvarez
ACME-A004265,ACME-L01461,email,2026-07-14 05:50:12,sent,Sofia Alvarez
ACME-A004266,ACME-L01613,call,2026-07-14 06:03:36,no_answer,Dana Whitfield
ACME-A004267,ACME-L01343,email,2026-07-14 07:13:47,sent,Sofia Alvarez
ACME-A004268,ACME-L01646,email,2026-07-14 07:14:13,sent,Jordan Ellis
ACME-A004269,ACME-L01412,call,2026-07-14 07:21:26,no_answer,Dana Whitfield
ACME-A004270,ACME-L01504,call,2026-07-14 08:54:06,no_answer,Dana Whitfield
ACME-A004271,ACME-L01649,email,2026-07-14 09:07:11,sent,Grace Kim
ACME-A004272,ACME-L01349,email,2026-07-14 09:26:24,sent,Dana Whitfield
ACME-A004273,ACME-L01650,email,2026-07-14 09:51:06,sent,Priya Raman
ACME-A004274,ACME-L01214,call,2026-07-14 10:24:35,voicemail,Jordan Ellis
ACME-A004275,ACME-L01648,call,2026-07-14 10:30:01,connected,Dana Whitfield
ACME-A004276,ACME-L01653,call,2026-07-14 10:49:12,no_answer,Priya Raman
ACME-A004277,ACME-L01647,email,2026-07-14 11:30:53,sent,Marcus Lee
ACME-A004278,ACME-L01651,call,2026-07-14 11:33:48,connected,Dana Whitfield
ACME-A004279,ACME-L01585,email,2026-07-14 11:41:51,sent,Dana Whitfield
ACME-A004280,ACME-L01645,call,2026-07-14 11:51:45,voicemail,Grace Kim
ACME-A004281,ACME-L01655,call,2026-07-14 11:52:02,connected,Marcus Lee
ACME-A004282,ACME-L01654,email,2026-07-14 12:37:59,sent,Marcus Lee
ACME-A004283,ACME-L01653,meeting,2026-07-14 12:42:44,held,Priya Raman
ACME-A004284,ACME-L01488,email,2026-07-14 12:45:17,sent,Acme Round Robin
ACME-A004285,ACME-L01530,email,2026-07-14 14:20:57,sent,Acme Round Robin
ACME-A004286,ACME-L01658,call,2026-07-14 14:25:32,no_answer,Jordan Ellis
ACME-A004287,ACME-L01610,email,2026-07-14 14:49:11,replied,Dana Whitfield
ACME-A004288,ACME-L01660,call,2026-07-14 14:50:36,voicemail,Owen Brooks
ACME-A004289,ACME-L01656,email,2026-07-14 15:23:33,sent,Dana Whitfield
ACME-A004290,ACME-L00969,CALL,2026-07-14 15:47:36,voicemail,Priya Raman
ACME-A004291,ACME-L01593,email,2026-07-14 15:54:07,replied,Grace Kim
ACME-A004292,ACME-L01495,email,2026-07-14 16:08:55,sent,Marcus Lee
ACME-A004293,ACME-L01666,call,2026-07-14 16:33:01,voicemail,Owen Brooks
ACME-A004294,ACME-L01427,email,2026-07-14 16:34:33,sent,Jordan Ellis
ACME-A004295,ACME-L01657,email,2026-07-14 16:53:02,sent,Dana Whitfield
ACME-A004296,ACME-L01670,email,2026-07-14 17:05:57,sent,Sofia Alvarez
ACME-A004297,ACME-L01617,call,2026-07-14 17:10:32,no_answer,Jordan Ellis
ACME-A004298,ACME-L01601,email,2026-07-14 17:29:07,sent,Dana Whitfield
ACME-A004299,ACME-L01661,call,2026-07-14 17:54:54,voicemail,Marcus Lee
ACME-A004300,ACME-L01522,email,2026-07-14 18:01:25,replied,Owen Brooks
ACME-A004301,ACME-L01662,email,2026-07-14 18:23:46,sent,Marcus Lee
ACME-A004302,ACME-L01672,call,2026-07-14 18:42:54,voicemail,Acme Round Robin
ACME-A004303,ACME-L01663,email,2026-07-14 18:52:47,sent,Marcus Lee
ACME-A004304,ACME-L01667,call,2026-07-14 19:07:21,connected,Marcus Lee
ACME-A004305,ACME-L01331,call,2026-07-14 19:12:27,no_answer,Marcus Lee
ACME-A004306,ACME-L01669,call,2026-07-14 20:00:31,voicemail,Jordan Ellis
ACME-A004307,ACME-L01668,email,2026-07-14 20:18:40,sent,Marcus Lee
ACME-A004308,ACME-L01585,call,2026-07-14 20:54:48,connected,Dana Whitfield
ACME-A004309,ACME-L01397,call,2026-07-14 21:34:52,no_answer,Owen Brooks
ACME-A004310,ACME-L01363,email,2026-07-14 22:01:46,replied,Sofia Alvarez
ACME-A004311,ACME-L01656,email,2026-07-14 22:09:21,replied,Dana Whitfield
ACME-A004312,ACME-L01665,email,2026-07-14 22:21:53,sent,Sofia Alvarez
ACME-A004313,ACME-L01652,email,2026-07-14 22:22:52,sent,Grace Kim
ACME-A004314,ACME-L01479,email,2026-07-14 22:31:45,sent,Priya Raman
ACME-A004315,ACME-L01570,Email,2026-07-14 22:44:42,sent,Sofia Alvarez
ACME-A004316,ACME-L01593,email,2026-07-14 22:58:16,sent,Grace Kim
ACME-A004317,ACME-L01576,call,2026-07-15 00:17:19,no_answer,Sofia Alvarez
ACME-A004318,ACME-L01446,call,2026-07-15 00:52:39,voicemail,Dana Whitfield
ACME-A004319,ACME-L01673,email,2026-07-15 02:05:21,sent,Dana Whitfield
ACME-A004320,ACME-L01589,email,2026-07-15 02:37:47,replied,Owen Brooks
ACME-A004321,ACME-L01664,email,2026-07-15 02:54:11,sent,Owen Brooks
ACME-A004322,ACME-L01563,email,2026-07-15 03:42:19,sent,Priya Raman
ACME-A004323,ACME-L01627,email,2026-07-15 03:48:32,replied,Grace Kim
ACME-A004324,ACME-L01621,email,2026-07-15 03:51:41,sent,Acme Round Robin
ACME-A004325,ACME-L00700,email,2026-07-15 03:55:53,sent,Jordan Ellis
ACME-A004326,ACME-L01610,call,2026-07-15 05:05:13,no_answer,Dana Whitfield
ACME-A004327,ACME-L01302,call,2026-07-15 06:56:31,no_answer,Grace Kim
ACME-A004328,ACME-L01454,call,2026-07-15 07:21:38,connected,Acme Round Robin
ACME-A004329,ACME-L01674,CALL,2026-07-15 07:23:23,voicemail,Jordan Ellis
ACME-A004330,ACME-L01645,call,2026-07-15 07:25:58,no_answer,Grace Kim
ACME-A004331,ACME-L01415,email,2026-07-15 07:52:17,sent,Grace Kim
ACME-A004332,ACME-L01010,call,2026-07-15 07:57:22,voicemail,Acme Round Robin
ACME-A004333,ACME-L01506,Call,2026-07-15 08:35:42,no_answer,Sofia Alvarez
ACME-A004334,ACME-L01659,CALL,2026-07-15 09:38:01,no_answer,Owen Brooks
ACME-A004335,ACME-L01532,email,2026-07-15 10:04:58,sent,Owen Brooks
ACME-A004336,ACME-L01676,Call,2026-07-15 10:13:27,voicemail,Acme Round Robin
ACME-A004337,ACME-L01415,email,2026-07-15 10:22:41,bounced,Grace Kim
ACME-A004338,ACME-L01548,call,2026-07-15 12:28:25,no_answer,Priya Raman
ACME-A004339,ACME-L01643,email,2026-07-15 13:05:47,sent,Dana Whitfield
ACME-A004340,ACME-L01392,call,2026-07-15 15:22:14,voicemail,Priya Raman
ACME-A004341,ACME-L01649,email,2026-07-15 15:53:04,sent,Grace Kim
ACME-A004342,ACME-L01405,call,2026-07-15 16:12:12,connected,Owen Brooks
ACME-A004343,ACME-L01671,call,2026-07-15 16:16:27,voicemail,Priya Raman
ACME-A004344,ACME-L01677,call,2026-07-15 16:17:01,no_answer,Priya Raman
ACME-A004345,ACME-L01603,call,2026-07-15 16:45:42,voicemail,Dana Whitfield
ACME-A004346,ACME-L01353,call,2026-07-15 18:08:09,no_answer,Dana Whitfield
ACME-A004347,ACME-L01625,email,2026-07-15 18:19:21,replied,Priya Raman
ACME-A004348,ACME-L01634,CALL,2026-07-15 18:35:58,voicemail,Dana Whitfield
ACME-A004349,ACME-L01511,call,2026-07-15 18:36:21,no_answer,Sofia Alvarez
ACME-A004350,ACME-L01593,meeting,2026-07-15 18:51:30,held,Grace Kim
ACME-A004351,ACME-L01386,email,2026-07-15 19:50:53,sent,Jordan Ellis
ACME-A004352,ACME-L01563,email,2026-07-15 19:56:44,sent,Priya Raman
ACME-A004353,ACME-L01383,call,2026-07-15 20:11:46,no_answer,Dana Whitfield
ACME-A004354,ACME-L01687,call,2026-07-15 20:15:47,no_answer,Priya Raman
ACME-A004355,ACME-L01607,call,2026-07-15 20:16:46,connected,Priya Raman
ACME-A004356,ACME-L01683,CALL,2026-07-15 20:26:22,voicemail,Priya Raman
ACME-A004357,ACME-L01675,call,2026-07-15 20:44:22,connected,Marcus Lee
ACME-A004358,ACME-L01126,call,2026-07-15 20:59:22,voicemail,Grace Kim
ACME-A004359,ACME-L01391,email,2026-07-15 21:10:54,replied,Sofia Alvarez
ACME-A004360,ACME-L01681,email,2026-07-15 21:35:04,replied,Jordan Ellis
ACME-A004361,ACME-L01578,email,2026-07-15 21:52:23,sent,Jordan Ellis
ACME-A004362,ACME-L01686,email,2026-07-15 22:38:57,sent,Owen Brooks
ACME-A004363,ACME-L01684,CALL,2026-07-15 22:40:26,connected,Sofia Alvarez
ACME-A004364,ACME-L01377,meeting,2026-07-15 22:50:18,held,Dana Whitfield
ACME-A004365,ACME-L01415,call,2026-07-15 23:32:06,voicemail,Grace Kim
ACME-A004366,ACME-L01680,call,2026-07-15 23:59:36,connected,Priya Raman
ACME-A004367,ACME-L01685,email,2026-07-16 00:37:33,sent,Sofia Alvarez
ACME-A004368,ACME-L01302,email,2026-07-16 00:38:44,sent,Grace Kim
ACME-A004369,ACME-L01490,meeting,2026-07-16 00:42:27,rescheduled,Owen Brooks
ACME-A004370,ACME-L01349,email,2026-07-16 01:19:25,bounced,Dana Whitfield
ACME-A004371,ACME-L01406,email,2026-07-16 01:19:33,sent,Sofia Alvarez
ACME-A004372,ACME-L01688,call,2026-07-16 01:38:47,connected,Owen Brooks
ACME-A004373,ACME-L01679,call,2026-07-16 02:14:12,voicemail,Priya Raman
ACME-A004374,ACME-L00996,call,2026-07-16 02:24:20,connected,Priya Raman
ACME-A004375,ACME-L01373,email,2026-07-16 02:51:28,sent,Marcus Lee
ACME-A004376,ACME-L01350,email,2026-07-16 04:17:41,sent,Sofia Alvarez
ACME-A004377,ACME-L01645,email,2026-07-16 04:30:09,replied,Grace Kim
ACME-A004378,ACME-L01691,call,2026-07-16 04:46:25,no_answer,Jordan Ellis
ACME-A004379,ACME-L01683,email,2026-07-16 05:06:20,sent,Priya Raman
ACME-A004380,ACME-L01570,email,2026-07-16 05:15:18,sent,Sofia Alvarez
ACME-A004381,ACME-L01690,call,2026-07-16 05:38:47,no_answer,Sofia Alvarez
ACME-A004382,ACME-L01689,email,2026-07-16 06:49:08,sent,Sofia Alvarez
ACME-A004383,ACME-L01379,call,2026-07-16 07:56:24,voicemail,Marcus Lee
ACME-A004384,ACME-L01617,EMAIL,2026-07-16 08:16:02,sent,Jordan Ellis
ACME-A004385,ACME-L01424,call,2026-07-16 08:21:07,voicemail,Dana Whitfield
ACME-A004386,ACME-L01415,email,2026-07-16 08:30:45,sent,Grace Kim
ACME-A004387,ACME-L01564,call,2026-07-16 09:10:44,no_answer,Marcus Lee
ACME-A004388,ACME-L01695,email,2026-07-16 10:33:25,sent,Marcus Lee
ACME-A004389,ACME-L01694,call,2026-07-16 10:56:03,connected,Sofia Alvarez
ACME-A004390,ACME-L01414,call,2026-07-16 11:14:15,voicemail,Marcus Lee
ACME-A004391,ACME-L01448,email,2026-07-16 11:59:12,replied,Jordan Ellis
ACME-A004392,ACME-L01581,call,2026-07-16 12:08:54,no_answer,Priya Raman
ACME-A004393,ACME-L01678,call,2026-07-16 13:02:23,no_answer,Owen Brooks
ACME-A004394,ACME-L01692,call,2026-07-16 13:05:02,no_answer,Dana Whitfield
ACME-A004395,ACME-L01654,email,2026-07-16 13:37:39,sent,Marcus Lee
ACME-A004396,ACME-L01371,email,2026-07-16 13:45:33,sent,Marcus Lee
ACME-A004397,ACME-L01682,Email,2026-07-16 15:03:09,sent,Priya Raman
ACME-A004398,ACME-L01700,email,2026-07-16 15:06:25,replied,Grace Kim
ACME-A004399,ACME-L01696,EMAIL,2026-07-16 15:28:12,sent,Jordan Ellis
ACME-A004400,ACME-L01699,call,2026-07-16 15:28:52,voicemail,Dana Whitfield
ACME-A004401,ACME-L01701,call,2026-07-16 15:29:47,connected,Sofia Alvarez
ACME-A004402,ACME-L01383,email,2026-07-16 15:37:02,sent,Dana Whitfield
ACME-A004403,ACME-L01697,call,2026-07-16 16:10:38,voicemail,Sofia Alvarez
ACME-A004404,ACME-L01654,email,2026-07-16 16:14:33,sent,Marcus Lee
ACME-A004405,ACME-L01214,EMAIL,2026-07-16 17:47:48,sent,Jordan Ellis
ACME-A004406,ACME-L01710,email,2026-07-16 17:50:43,sent,Marcus Lee
ACME-A004407,ACME-L01462,call,2026-07-16 18:15:33,no_answer,Dana Whitfield
ACME-A004408,ACME-L01483,email,2026-07-16 18:45:34,sent,Sofia Alvarez
ACME-A004409,ACME-L01516,call,2026-07-16 19:31:14,voicemail,Priya Raman
ACME-A004410,ACME-L01713,Call,2026-07-16 20:18:21,no_answer,Dana Whitfield
ACME-A004411,ACME-L01714,email,2026-07-16 20:24:42,sent,Dana Whitfield
ACME-A004412,ACME-L01711,email,2026-07-16 20:29:43,sent,Jordan Ellis
ACME-A004413,ACME-L01557,email,2026-07-16 20:32:05,sent,Grace Kim
ACME-A004414,ACME-L01707,call,2026-07-16 20:44:54,voicemail,Marcus Lee
ACME-A004415,ACME-L01708,call,2026-07-16 21:05:03,connected,Dana Whitfield
ACME-A004416,ACME-L01698,call,2026-07-16 21:11:55,no_answer,Sofia Alvarez
ACME-A004417,ACME-L01705,call,2026-07-16 21:13:44,no_answer,Marcus Lee
ACME-A004418,ACME-L01693,call,2026-07-16 21:43:06,voicemail,Owen Brooks
ACME-A004419,ACME-L01683,email,2026-07-16 21:55:19,sent,Priya Raman
ACME-A004420,ACME-L01473,call,2026-07-16 22:13:57,voicemail,Priya Raman
ACME-A004421,ACME-L01715,Call,2026-07-16 23:29:34,connected,Grace Kim
ACME-A004422,ACME-L01704,email,2026-07-16 23:48:55,replied,Priya Raman
ACME-A004423,ACME-L01706,call,2026-07-16 23:57:19,connected,Dana Whitfield
ACME-A004424,ACME-L01703,call,2026-07-17 00:32:35,no_answer,Priya Raman
ACME-A004425,ACME-L01493,call,2026-07-17 00:42:49,no_answer,Marcus Lee
ACME-A004426,ACME-L01709,email,2026-07-17 01:46:42,bounced,Marcus Lee
ACME-A004427,ACME-L01588,email,2026-07-17 02:56:55,sent,Priya Raman
ACME-A004428,ACME-L01691,call,2026-07-17 03:07:02,voicemail,Jordan Ellis
ACME-A004429,ACME-L01385,email,2026-07-17 03:29:34,sent,Jordan Ellis
ACME-A004430,ACME-L01409,email,2026-07-17 03:42:36,sent,Dana Whitfield
ACME-A004431,ACME-L01717,email,2026-07-17 04:51:21,replied,Jordan Ellis
ACME-A004432,ACME-L01601,call,2026-07-17 05:08:06,connected,Dana Whitfield
ACME-A004433,ACME-L01480,Email,2026-07-17 05:10:38,sent,Marcus Lee
ACME-A004434,ACME-L01603,Email,2026-07-17 05:15:24,sent,Dana Whitfield
ACME-A004435,ACME-L01393,email,2026-07-17 06:18:35,sent,Grace Kim
ACME-A004436,ACME-L01716,email,2026-07-17 06:48:13,sent,Dana Whitfield
ACME-A004437,ACME-L00969,Call,2026-07-17 07:03:03,no_answer,Priya Raman
ACME-A004438,ACME-L01691,call,2026-07-17 07:19:49,connected,Jordan Ellis
ACME-A004439,ACME-L01446,call,2026-07-17 08:04:43,no_answer,Dana Whitfield
ACME-A004440,ACME-L01370,email,2026-07-17 09:24:28,sent,Sofia Alvarez
ACME-A004441,ACME-L01660,email,2026-07-17 09:26:50,sent,Owen Brooks
ACME-A004442,ACME-L00996,call,2026-07-17 10:17:01,voicemail,Priya Raman
ACME-A004443,ACME-L01666,call,2026-07-17 10:31:17,connected,Owen Brooks
ACME-A004444,ACME-L01720,email,2026-07-17 10:46:05,sent,Dana Whitfield
ACME-A004445,ACME-L01683,call,2026-07-17 10:50:37,no_answer,Priya Raman
ACME-A004446,ACME-L01537,call,2026-07-17 11:28:04,voicemail,Jordan Ellis
ACME-A004447,ACME-L01712,call,2026-07-17 11:30:27,no_answer,Dana Whitfield
ACME-A004448,ACME-L01614,email,2026-07-17 11:55:13,sent,Owen Brooks
ACME-A004449,ACME-L01117,meeting,2026-07-17 12:01:23,held,Sofia Alvarez
ACME-A004450,ACME-L01535,call,2026-07-17 12:04:51,voicemail,Marcus Lee
ACME-A004451,ACME-L01601,email,2026-07-17 12:08:00,sent,Dana Whitfield
ACME-A004452,ACME-L01719,email,2026-07-17 12:31:36,sent,Priya Raman
ACME-A004453,ACME-L01722,call,2026-07-17 13:06:49,voicemail,Dana Whitfield
ACME-A004454,ACME-L01725,email,2026-07-17 13:13:33,sent,Dana Whitfield
ACME-A004455,ACME-L01440,Email,2026-07-17 13:56:55,sent,Jordan Ellis
ACME-A004456,ACME-L01721,call,2026-07-17 14:04:56,voicemail,Marcus Lee
ACME-A004457,ACME-L01513,EMAIL,2026-07-17 14:14:15,sent,Owen Brooks
ACME-A004458,ACME-L01375,call,2026-07-17 14:54:35,connected,Sofia Alvarez
ACME-A004459,ACME-L01509,email,2026-07-17 16:21:18,sent,Acme Round Robin
ACME-A004460,ACME-L01729,email,2026-07-17 16:25:20,sent,Priya Raman
ACME-A004461,ACME-L01500,email,2026-07-17 16:33:07,replied,Jordan Ellis
ACME-A004462,ACME-L01730,call,2026-07-17 17:08:51,no_answer,Jordan Ellis
ACME-A004463,ACME-L01728,call,2026-07-17 17:37:08,connected,Marcus Lee
ACME-A004464,ACME-L01605,call,2026-07-17 17:44:34,no_answer,Marcus Lee
ACME-A004465,ACME-L01729,call,2026-07-17 17:46:16,no_answer,Priya Raman
ACME-A004466,ACME-L01727,EMAIL,2026-07-17 17:47:44,sent,Dana Whitfield
ACME-A004467,ACME-L01724,call,2026-07-17 18:15:42,voicemail,Owen Brooks
ACME-A004468,ACME-L01733,Email,2026-07-17 18:24:31,sent,Dana Whitfield
ACME-A004469,ACME-L01718,email,2026-07-17 18:29:38,sent,Sofia Alvarez
ACME-A004470,ACME-L01732,call,2026-07-17 18:29:46,no_answer,Owen Brooks
ACME-A004471,ACME-L01736,call,2026-07-17 19:03:45,voicemail,Dana Whitfield
ACME-A004472,ACME-L01734,email,2026-07-17 19:33:42,sent,Owen Brooks
ACME-A004473,ACME-L01534,email,2026-07-17 20:11:54,sent,Marcus Lee
ACME-A004474,ACME-L01547,call,2026-07-17 21:12:04,voicemail,Dana Whitfield
ACME-A004475,ACME-L01702,call,2026-07-17 22:11:21,voicemail,Acme Round Robin
ACME-A004476,ACME-L01723,call,2026-07-17 22:15:32,no_answer,Priya Raman
ACME-A004477,ACME-L01010,meeting,2026-07-17 22:29:48,held,Acme Round Robin
ACME-A004478,ACME-L01420,call,2026-07-17 23:11:02,connected,Priya Raman
ACME-A004479,ACME-L01549,call,2026-07-17 23:23:37,no_answer,Sofia Alvarez
ACME-A004480,ACME-L01390,call,2026-07-17 23:38:36,connected,Sofia Alvarez
ACME-A004481,ACME-L01731,call,2026-07-17 23:39:44,connected,Dana Whitfield
ACME-A004482,ACME-L01735,call,2026-07-17 23:40:00,connected,Marcus Lee
ACME-A004483,ACME-L01726,email,2026-07-18 00:09:56,sent,Grace Kim
ACME-A004484,ACME-L01738,email,2026-07-18 00:11:45,replied,Priya Raman
ACME-A004485,ACME-L01597,call,2026-07-18 00:43:17,no_answer,Marcus Lee
ACME-A004486,ACME-L01622,email,2026-07-18 00:45:38,replied,Owen Brooks
ACME-A004487,ACME-L01737,call,2026-07-18 01:07:23,connected,Jordan Ellis
ACME-A004488,ACME-L01705,call,2026-07-18 01:12:50,connected,Marcus Lee
ACME-A004489,ACME-L01571,meeting,2026-07-18 01:34:09,held,Priya Raman
ACME-A004490,ACME-L01340,call,2026-07-18 01:58:25,no_answer,Grace Kim
ACME-A004491,ACME-L01700,call,2026-07-18 02:07:54,no_answer,Grace Kim
ACME-A004492,ACME-L01581,call,2026-07-18 02:32:54,connected,Priya Raman
ACME-A004493,ACME-L01486,call,2026-07-18 03:33:24,connected,Sofia Alvarez
ACME-A004494,ACME-L01627,call,2026-07-18 04:59:22,no_answer,Grace Kim
ACME-A004495,ACME-L01533,email,2026-07-18 06:50:49,sent,Dana Whitfield
ACME-A004496,ACME-L01642,email,2026-07-18 06:55:46,sent,Owen Brooks
ACME-A004497,ACME-L01568,call,2026-07-18 07:03:02,connected,Marcus Lee
ACME-A004498,ACME-L01659,call,2026-07-18 07:53:51,no_answer,Owen Brooks
ACME-A004499,ACME-L01602,email,2026-07-18 10:55:37,bounced,Sofia Alvarez
ACME-A004500,ACME-L01740,call,2026-07-18 10:58:16,no_answer,Marcus Lee
ACME-A004501,ACME-L01564,CALL,2026-07-18 12:19:20,voicemail,Marcus Lee
ACME-A004502,ACME-L01707,call,2026-07-18 12:20:31,no_answer,Marcus Lee
ACME-A004503,ACME-L01407,call,2026-07-18 12:46:22,connected,Marcus Lee
ACME-A004504,ACME-L01214,call,2026-07-18 14:36:17,voicemail,Jordan Ellis
ACME-A004505,ACME-L01742,call,2026-07-18 14:40:39,connected,Dana Whitfield
ACME-A004506,ACME-L00762,call,2026-07-18 14:41:05,no_answer,Acme Round Robin
ACME-A004507,ACME-L01674,email,2026-07-18 14:58:23,sent,Jordan Ellis
ACME-A004508,ACME-L01725,call,2026-07-18 14:58:46,voicemail,Dana Whitfield
ACME-A004509,ACME-L01743,call,2026-07-18 15:34:20,connected,Priya Raman
ACME-A004510,ACME-L01739,call,2026-07-18 16:13:10,connected,Jordan Ellis
ACME-A004511,ACME-L01595,email,2026-07-18 17:24:43,sent,Jordan Ellis
ACME-A004512,ACME-L01394,email,2026-07-18 17:33:51,sent,Owen Brooks
ACME-A004513,ACME-L01638,call,2026-07-18 18:04:08,voicemail,Priya Raman
ACME-A004514,ACME-L01434,meeting,2026-07-18 18:32:48,no_show,Priya Raman
ACME-A004515,ACME-L01599,email,2026-07-18 19:36:21,sent,Priya Raman
ACME-A004516,ACME-L01632,call,2026-07-18 20:22:31,voicemail,Priya Raman
ACME-A004517,ACME-L01509,call,2026-07-18 20:29:10,connected,Acme Round Robin
ACME-A004518,ACME-L01435,call,2026-07-18 20:29:44,connected,Grace Kim
ACME-A004519,ACME-L01710,email,2026-07-18 21:20:16,sent,Marcus Lee
ACME-A004520,ACME-L01565,call,2026-07-18 21:28:55,connected,Marcus Lee
ACME-A004521,ACME-L01697,email,2026-07-18 21:39:18,replied,Sofia Alvarez
ACME-A004522,ACME-L01741,email,2026-07-18 22:12:44,sent,Sofia Alvarez
ACME-A004523,ACME-L01615,email,2026-07-18 22:33:46,bounced,Marcus Lee
ACME-A004524,ACME-L01731,email,2026-07-19 01:10:19,replied,Dana Whitfield
ACME-A004525,ACME-L01656,email,2026-07-19 02:14:30,sent,Dana Whitfield
ACME-A004526,ACME-L01526,call,2026-07-19 02:17:32,voicemail,Marcus Lee
ACME-A004527,ACME-L01498,email,2026-07-19 05:13:22,sent,Owen Brooks
ACME-A004528,ACME-L01432,call,2026-07-19 05:22:33,voicemail,Acme Round Robin
ACME-A004529,ACME-L01673,call,2026-07-19 06:22:50,no_answer,Dana Whitfield
ACME-A004530,ACME-L01744,call,2026-07-19 06:31:49,connected,Dana Whitfield
ACME-A004531,ACME-L01504,meeting,2026-07-19 06:44:20,held,Dana Whitfield
ACME-A004532,ACME-L01571,email,2026-07-19 06:48:25,sent,Priya Raman
ACME-A004533,ACME-L01473,email,2026-07-19 07:32:54,sent,Priya Raman
ACME-A004534,ACME-L01745,call,2026-07-19 07:46:29,voicemail,Jordan Ellis
ACME-A004535,ACME-L01642,email,2026-07-19 08:13:27,bounced,Owen Brooks
ACME-A004536,ACME-L01415,email,2026-07-19 08:52:08,replied,Grace Kim
ACME-A004537,ACME-L01642,email,2026-07-19 09:25:02,bounced,Owen Brooks
ACME-A004538,ACME-L01424,email,2026-07-19 09:53:48,sent,Dana Whitfield
ACME-A004539,ACME-L01117,call,2026-07-19 10:26:32,no_answer,Sofia Alvarez
ACME-A004540,ACME-L01723,call,2026-07-19 10:38:57,no_answer,Priya Raman
ACME-A004541,ACME-L01736,call,2026-07-19 10:58:56,no_answer,Dana Whitfield
ACME-A004542,ACME-L01523,meeting,2026-07-19 11:51:03,held,Acme Round Robin
ACME-A004543,ACME-L00762,email,2026-07-19 13:24:56,sent,Acme Round Robin
ACME-A004544,ACME-L01747,email,2026-07-19 13:32:12,sent,Priya Raman
ACME-A004545,ACME-L01575,call,2026-07-19 14:04:11,voicemail,Jordan Ellis
ACME-A004546,ACME-L01481,call,2026-07-19 14:04:39,voicemail,Dana Whitfield
ACME-A004547,ACME-L01439,call,2026-07-19 14:34:03,no_answer,Grace Kim
ACME-A004548,ACME-L01601,email,2026-07-19 15:18:14,sent,Dana Whitfield
ACME-A004549,ACME-L01399,email,2026-07-19 15:36:19,bounced,Sofia Alvarez
ACME-A004550,ACME-L01658,call,2026-07-19 16:37:34,connected,Jordan Ellis
ACME-A004551,ACME-L01482,meeting,2026-07-19 17:12:05,held,Owen Brooks
ACME-A004552,ACME-L01505,EMAIL,2026-07-19 18:08:16,sent,Dana Whitfield
ACME-A004553,ACME-L01538,email,2026-07-19 18:08:29,replied,Marcus Lee
ACME-A004554,ACME-L01749,email,2026-07-19 18:28:14,sent,Dana Whitfield
ACME-A004555,ACME-L01522,email,2026-07-19 18:34:32,sent,Owen Brooks
ACME-A004556,ACME-L01434,Call,2026-07-19 18:52:16,connected,Priya Raman
ACME-A004557,ACME-L01726,call,2026-07-19 20:49:35,voicemail,Grace Kim
ACME-A004558,ACME-L01433,call,2026-07-19 21:31:05,no_answer,Acme Round Robin
ACME-A004559,ACME-L01748,call,2026-07-19 22:26:34,no_answer,Dana Whitfield
ACME-A004560,ACME-L01746,call,2026-07-19 22:27:32,connected,Jordan Ellis
ACME-A004561,ACME-L01647,call,2026-07-19 22:57:02,voicemail,Marcus Lee
ACME-A004562,ACME-L01750,call,2026-07-20 00:33:33,voicemail,Dana Whitfield
ACME-A004563,ACME-L01750,CALL,2026-07-20 02:04:50,no_answer,Dana Whitfield
ACME-A004564,ACME-L01711,call,2026-07-20 02:56:21,no_answer,Jordan Ellis
ACME-A004565,ACME-L01466,email,2026-07-20 03:02:47,sent,Jordan Ellis
ACME-A004566,ACME-L01751,call,2026-07-20 03:18:14,no_answer,Priya Raman
ACME-A004567,ACME-L01670,call,2026-07-20 03:27:06,connected,Sofia Alvarez
ACME-A004568,ACME-L01754,call,2026-07-20 05:24:29,connected,Jordan Ellis
ACME-A004569,ACME-L01753,email,2026-07-20 07:42:44,replied,Marcus Lee
ACME-A004570,ACME-L01752,email,2026-07-20 08:09:13,sent,Owen Brooks
ACME-A004571,ACME-L01644,EMAIL,2026-07-20 08:35:21,sent,Owen Brooks
ACME-A004572,ACME-L01755,call,2026-07-20 09:47:43,connected,Priya Raman
ACME-A004573,ACME-L01756,call,2026-07-20 10:44:56,connected,Sofia Alvarez
ACME-A004574,ACME-L01408,Email,2026-07-20 11:48:40,sent,Marcus Lee
ACME-A004575,ACME-L01716,Call,2026-07-20 12:19:25,voicemail,Dana Whitfield
ACME-A004576,ACME-L01598,call,2026-07-20 12:23:40,voicemail,Priya Raman
ACME-A004577,ACME-L01759,email,2026-07-20 13:30:32,replied,Jordan Ellis
ACME-A004578,ACME-L01760,call,2026-07-20 14:32:28,connected,Priya Raman
ACME-A004579,ACME-L01567,email,2026-07-20 15:10:51,sent,Dana Whitfield
ACME-A004580,ACME-L01765,call,2026-07-20 15:51:15,no_answer,Dana Whitfield
ACME-A004581,ACME-L01764,call,2026-07-20 16:21:25,no_answer,Sofia Alvarez
ACME-A004582,ACME-L01758,call,2026-07-20 16:41:01,voicemail,Dana Whitfield
ACME-A004583,ACME-L01701,call,2026-07-20 16:58:35,connected,Sofia Alvarez
ACME-A004584,ACME-L01767,call,2026-07-20 17:06:02,no_answer,Jordan Ellis
ACME-A004585,ACME-L01762,call,2026-07-20 17:16:49,no_answer,Owen Brooks
ACME-A004586,ACME-L01763,email,2026-07-20 17:54:08,sent,Jordan Ellis
ACME-A004587,ACME-L01765,Email,2026-07-20 18:52:14,replied,Dana Whitfield
ACME-A004588,ACME-L01679,meeting,2026-07-20 19:05:22,no_show,Priya Raman
ACME-A004589,ACME-L01769,call,2026-07-20 19:13:51,connected,Marcus Lee
ACME-A004590,ACME-L00700,meeting,2026-07-20 19:38:40,rescheduled,Jordan Ellis
ACME-A004591,ACME-L01571,email,2026-07-20 19:49:06,replied,Priya Raman
ACME-A004592,ACME-L01766,Call,2026-07-20 20:09:27,connected,Jordan Ellis
ACME-A004593,ACME-L01757,email,2026-07-20 20:36:58,sent,Dana Whitfield
ACME-A004594,ACME-L01768,call,2026-07-20 21:10:42,connected,Priya Raman
ACME-A004595,ACME-L01600,call,2026-07-20 22:09:32,no_answer,Owen Brooks
ACME-A004596,ACME-L01744,email,2026-07-20 22:21:23,sent,Dana Whitfield
ACME-A004597,ACME-L01761,call,2026-07-20 22:44:37,no_answer,Marcus Lee
ACME-A004598,ACME-L01506,CALL,2026-07-20 22:46:19,voicemail,Sofia Alvarez
ACME-A004599,ACME-L01653,email,2026-07-21 02:06:12,sent,Priya Raman
ACME-A004600,ACME-L00762,email,2026-07-21 03:27:34,sent,Acme Round Robin
ACME-A004601,ACME-L01729,email,2026-07-21 04:26:12,sent,Priya Raman
ACME-A004602,ACME-L01641,call,2026-07-21 04:30:06,no_answer,Sofia Alvarez
ACME-A004603,ACME-L01663,call,2026-07-21 04:48:38,no_answer,Marcus Lee
ACME-A004604,ACME-L01593,email,2026-07-21 05:13:04,sent,Grace Kim
ACME-A004605,ACME-L01583,email,2026-07-21 06:23:08,sent,Dana Whitfield
ACME-A004606,ACME-L01456,email,2026-07-21 06:56:12,sent,Dana Whitfield
ACME-A004607,ACME-L01512,email,2026-07-21 07:30:23,sent,Priya Raman
ACME-A004608,ACME-L01770,email,2026-07-21 08:28:29,sent,Marcus Lee
ACME-A004609,ACME-L01771,call,2026-07-21 08:48:25,no_answer,Dana Whitfield
ACME-A004610,ACME-L01711,call,2026-07-21 08:54:50,connected,Jordan Ellis
ACME-A004611,ACME-L01670,Call,2026-07-21 10:25:08,no_answer,Sofia Alvarez
ACME-A004612,ACME-L01550,email,2026-07-21 11:18:46,sent,Grace Kim
ACME-A004613,ACME-L01718,call,2026-07-21 12:35:56,connected,Sofia Alvarez
ACME-A004614,ACME-L01505,call,2026-07-21 13:14:29,no_answer,Dana Whitfield
ACME-A004615,ACME-L01520,call,2026-07-21 13:39:22,no_answer,Dana Whitfield
ACME-A004616,ACME-L01597,call,2026-07-21 14:20:25,no_answer,Marcus Lee
ACME-A004617,ACME-L01671,call,2026-07-21 14:39:57,no_answer,Priya Raman
ACME-A004618,ACME-L01699,call,2026-07-21 14:56:55,connected,Dana Whitfield
ACME-A004619,ACME-L01530,email,2026-07-21 15:20:10,sent,Acme Round Robin
ACME-A004620,ACME-L01620,Email,2026-07-21 15:27:27,sent,Marcus Lee
ACME-A004621,ACME-L01777,call,2026-07-21 15:43:37,no_answer,Marcus Lee
ACME-A004622,ACME-L01775,Email,2026-07-21 15:46:40,sent,Dana Whitfield
ACME-A004623,ACME-L01742,call,2026-07-21 15:57:49,connected,Dana Whitfield
ACME-A004624,ACME-L01776,call,2026-07-21 16:21:57,voicemail,Marcus Lee
ACME-A004625,ACME-L01779,email,2026-07-21 16:22:40,sent,Dana Whitfield
ACME-A004626,ACME-L01741,email,2026-07-21 16:36:11,replied,Sofia Alvarez
ACME-A004627,ACME-L01637,EMAIL,2026-07-21 17:08:55,replied,Marcus Lee
ACME-A004628,ACME-L01772,call,2026-07-21 17:20:40,no_answer,Priya Raman
ACME-A004629,ACME-L01510,call,2026-07-21 17:37:46,connected,Dana Whitfield
ACME-A004630,ACME-L01610,call,2026-07-21 18:35:42,voicemail,Dana Whitfield
ACME-A004631,ACME-L01541,call,2026-07-21 18:35:45,connected,Dana Whitfield
ACME-A004632,ACME-L01773,call,2026-07-21 18:41:50,no_answer,Marcus Lee
ACME-A004633,ACME-L01483,call,2026-07-21 19:08:47,no_answer,Sofia Alvarez
ACME-A004634,ACME-L01781,call,2026-07-21 19:19:31,connected,Dana Whitfield
ACME-A004635,ACME-L01605,Call,2026-07-21 19:44:39,connected,Marcus Lee
ACME-A004636,ACME-L01515,email,2026-07-21 20:56:35,replied,Acme Round Robin
ACME-A004637,ACME-L01783,email,2026-07-21 21:00:08,sent,Jordan Ellis
ACME-A004638,ACME-L01742,email,2026-07-21 21:04:30,bounced,Dana Whitfield
ACME-A004639,ACME-L01704,CALL,2026-07-21 21:44:48,no_answer,Priya Raman
ACME-A004640,ACME-L01782,email,2026-07-21 22:20:15,replied,Dana Whitfield
ACME-A004641,ACME-L01653,Call,2026-07-21 23:25:49,voicemail,Priya Raman
ACME-A004642,ACME-L01774,call,2026-07-21 23:34:45,no_answer,Marcus Lee
ACME-A004643,ACME-L01778,email,2026-07-21 23:36:08,replied,Jordan Ellis
ACME-A004644,ACME-L01757,call,2026-07-22 02:03:35,no_answer,Dana Whitfield
ACME-A004645,ACME-L01784,email,2026-07-22 02:18:19,sent,Dana Whitfield
ACME-A004646,ACME-L01656,EMAIL,2026-07-22 03:09:28,sent,Dana Whitfield
ACME-A004647,ACME-L01463,call,2026-07-22 03:32:28,no_answer,Acme Round Robin
ACME-A004648,ACME-L01515,call,2026-07-22 04:49:54,connected,Acme Round Robin
ACME-A004649,ACME-L01710,call,2026-07-22 06:56:50,connected,Marcus Lee
ACME-A004650,ACME-L01525,email,2026-07-22 07:46:29,sent,Jordan Ellis
ACME-A004651,ACME-L01786,email,2026-07-22 08:31:53,replied,Owen Brooks
ACME-A004652,ACME-L01784,meeting,2026-07-22 08:38:35,held,Dana Whitfield
ACME-A004653,ACME-L01631,call,2026-07-22 09:09:15,no_answer,Marcus Lee
ACME-A004654,ACME-L01780,call,2026-07-22 09:36:03,no_answer,Sofia Alvarez
ACME-A004655,ACME-L01785,call,2026-07-22 09:47:00,no_answer,Marcus Lee
ACME-A004656,ACME-L01526,CALL,2026-07-22 10:15:26,connected,Marcus Lee
ACME-A004657,ACME-L01783,email,2026-07-22 10:22:03,sent,Jordan Ellis
ACME-A004658,ACME-L01789,call,2026-07-22 11:37:39,connected,Marcus Lee
ACME-A004659,ACME-L01791,call,2026-07-22 11:41:00,voicemail,Owen Brooks
ACME-A004660,ACME-L01669,call,2026-07-22 11:44:48,no_answer,Jordan Ellis
ACME-A004661,ACME-L01520,email,2026-07-22 12:11:28,sent,Dana Whitfield
ACME-A004662,ACME-L01679,email,2026-07-22 12:58:44,sent,Priya Raman
ACME-A004663,ACME-L01650,call,2026-07-22 13:32:43,connected,Priya Raman
ACME-A004664,ACME-L01729,email,2026-07-22 13:33:42,sent,Priya Raman
ACME-A004665,ACME-L01792,call,2026-07-22 14:14:09,no_answer,Sofia Alvarez
ACME-A004666,ACME-L01793,call,2026-07-22 14:26:20,no_answer,Jordan Ellis
ACME-A004667,ACME-L01787,call,2026-07-22 14:28:19,voicemail,Dana Whitfield
ACME-A004668,ACME-L01377,call,2026-07-22 15:09:49,no_answer,Dana Whitfield
ACME-A004669,ACME-L01674,call,2026-07-22 15:27:10,connected,Jordan Ellis
ACME-A004670,ACME-L01788,call,2026-07-22 15:44:52,voicemail,Jordan Ellis
ACME-A004671,ACME-L01798,email,2026-07-22 16:12:28,sent,Jordan Ellis
ACME-A004672,ACME-L01790,call,2026-07-22 16:26:33,connected,Dana Whitfield
ACME-A004673,ACME-L01557,call,2026-07-22 16:44:22,connected,Grace Kim
ACME-A004674,ACME-L01340,call,2026-07-22 17:10:14,no_answer,Grace Kim
ACME-A004675,ACME-L01799,email,2026-07-22 17:14:23,sent,Dana Whitfield
ACME-A004676,ACME-L01755,email,2026-07-22 17:19:57,sent,Priya Raman
ACME-A004677,ACME-L01463,email,2026-07-22 17:25:51,sent,Acme Round Robin
ACME-A004678,ACME-L01797,email,2026-07-22 17:38:10,replied,Jordan Ellis
ACME-A004679,ACME-L01795,call,2026-07-22 17:41:39,no_answer,Grace Kim
ACME-A004680,ACME-L01805,call,2026-07-22 18:37:13,connected,Priya Raman
ACME-A004681,ACME-L01804,call,2026-07-22 18:38:27,voicemail,Dana Whitfield
ACME-A004682,ACME-L01800,email,2026-07-22 18:40:06,sent,Jordan Ellis
ACME-A004683,ACME-L01796,call,2026-07-22 18:47:29,no_answer,Jordan Ellis
ACME-A004684,ACME-L01803,call,2026-07-22 19:38:42,voicemail,Sofia Alvarez
ACME-A004685,ACME-L01505,meeting,2026-07-22 19:58:54,no_show,Dana Whitfield
ACME-A004686,ACME-L01801,call,2026-07-22 20:02:40,connected,Sofia Alvarez
ACME-A004687,ACME-L01802,call,2026-07-22 23:03:47,connected,Priya Raman
ACME-A004688,ACME-L01667,call,2026-07-22 23:46:15,no_answer,Marcus Lee
ACME-A004689,ACME-L01526,call,2026-07-23 01:15:16,connected,Marcus Lee
ACME-A004690,ACME-L01806,call,2026-07-23 01:22:17,voicemail,Dana Whitfield
ACME-A004691,ACME-L01656,call,2026-07-23 01:28:30,no_answer,Dana Whitfield
ACME-A004692,ACME-L01794,email,2026-07-23 01:53:12,sent,Acme Round Robin
ACME-A004693,ACME-L01679,call,2026-07-23 02:31:29,voicemail,Priya Raman
ACME-A004694,ACME-L01545,call,2026-07-23 02:33:03,no_answer,Jordan Ellis
ACME-A004695,ACME-L01809,call,2026-07-23 03:01:03,connected,Owen Brooks
ACME-A004696,ACME-L01590,call,2026-07-23 06:03:27,no_answer,Marcus Lee
ACME-A004697,ACME-L01367,email,2026-07-23 06:46:35,sent,Owen Brooks
ACME-A004698,ACME-L01810,email,2026-07-23 07:13:05,replied,Owen Brooks
ACME-A004699,ACME-L01490,call,2026-07-23 07:20:44,connected,Owen Brooks
ACME-A004700,ACME-L01642,call,2026-07-23 07:28:02,no_answer,Owen Brooks
ACME-A004701,ACME-L01367,call,2026-07-23 07:56:06,no_answer,Owen Brooks
ACME-A004702,ACME-L01529,call,2026-07-23 08:21:15,connected,Jordan Ellis
ACME-A004703,ACME-L01676,email,2026-07-23 08:22:03,replied,Acme Round Robin
ACME-A004704,ACME-L01741,email,2026-07-23 09:55:51,sent,Sofia Alvarez
ACME-A004705,ACME-L01722,call,2026-07-23 10:27:09,connected,Dana Whitfield
ACME-A004706,ACME-L01503,call,2026-07-23 11:37:16,voicemail,Sofia Alvarez
ACME-A004707,ACME-L01815,call,2026-07-23 11:38:37,connected,Owen Brooks
ACME-A004708,ACME-L01814,call,2026-07-23 12:19:50,voicemail,Dana Whitfield
ACME-A004709,ACME-L01407,call,2026-07-23 13:26:03,no_answer,Marcus Lee
ACME-A004710,ACME-L01808,call,2026-07-23 13:35:27,no_answer,Dana Whitfield
ACME-A004711,ACME-L01602,call,2026-07-23 14:09:46,connected,Sofia Alvarez
ACME-A004712,ACME-L01818,call,2026-07-23 14:23:24,voicemail,Grace Kim
ACME-A004713,ACME-L01817,email,2026-07-23 15:05:09,replied,Dana Whitfield
ACME-A004714,ACME-L01816,call,2026-07-23 15:13:25,connected,Dana Whitfield
ACME-A004715,ACME-L01575,email,2026-07-23 15:22:37,sent,Jordan Ellis
ACME-A004716,ACME-L01812,call,2026-07-23 15:29:39,no_answer,Jordan Ellis
ACME-A004717,ACME-L01820,call,2026-07-23 15:55:23,connected,Grace Kim
ACME-A004718,ACME-L01816,email,2026-07-23 16:36:30,sent,Dana Whitfield
ACME-A004719,ACME-L01602,call,2026-07-23 16:41:17,no_answer,Sofia Alvarez
ACME-A004720,ACME-L01823,email,2026-07-23 17:39:47,sent,Jordan Ellis
ACME-A004721,ACME-L01731,email,2026-07-23 17:41:56,sent,Dana Whitfield
ACME-A004722,ACME-L01615,call,2026-07-23 17:49:48,connected,Marcus Lee
ACME-A004723,ACME-L01741,call,2026-07-23 18:03:49,connected,Sofia Alvarez
ACME-A004724,ACME-L01780,email,2026-07-23 18:05:09,sent,Sofia Alvarez
ACME-A004725,ACME-L01819,call,2026-07-23 18:48:58,no_answer,Dana Whitfield
ACME-A004726,ACME-L01518,email,2026-07-23 19:08:50,replied,Marcus Lee
ACME-A004727,ACME-L01824,Email,2026-07-23 19:19:58,sent,Priya Raman
ACME-A004728,ACME-L01214,Email,2026-07-23 19:20:24,replied,Jordan Ellis
ACME-A004729,ACME-L01723,email,2026-07-23 20:34:28,sent,Priya Raman
ACME-A004730,ACME-L01825,email,2026-07-23 21:08:51,replied,Marcus Lee
ACME-A004731,ACME-L01792,email,2026-07-23 21:23:21,replied,Sofia Alvarez
ACME-A004732,ACME-L01813,call,2026-07-23 22:22:07,connected,Sofia Alvarez
ACME-A004733,ACME-L01776,call,2026-07-23 22:23:49,connected,Marcus Lee
ACME-A004734,ACME-L01821,call,2026-07-23 22:24:51,connected,Marcus Lee
ACME-A004735,ACME-L01653,email,2026-07-23 23:01:10,sent,Priya Raman
ACME-A004736,ACME-L01824,call,2026-07-23 23:03:39,voicemail,Priya Raman
ACME-A004737,ACME-L01589,call,2026-07-24 00:32:29,no_answer,Owen Brooks
ACME-A004738,ACME-L01765,call,2026-07-24 00:51:16,connected,Dana Whitfield
ACME-A004739,ACME-L01755,email,2026-07-24 01:57:27,sent,Priya Raman
ACME-A004740,ACME-L01790,Call,2026-07-24 02:28:44,no_answer,Dana Whitfield
ACME-A004741,ACME-L01687,email,2026-07-24 02:46:44,replied,Priya Raman
ACME-A004742,ACME-L01822,call,2026-07-24 03:42:56,no_answer,Jordan Ellis
ACME-A004743,ACME-L01795,EMAIL,2026-07-24 04:38:13,sent,Grace Kim
ACME-A004744,ACME-L01790,call,2026-07-24 04:54:09,voicemail,Dana Whitfield
ACME-A004745,ACME-L01826,email,2026-07-24 05:03:59,sent,Grace Kim
ACME-A004746,ACME-L01790,email,2026-07-24 06:02:38,sent,Dana Whitfield
ACME-A004747,ACME-L01706,email,2026-07-24 06:15:36,sent,Dana Whitfield
ACME-A004748,ACME-L01622,email,2026-07-24 06:19:10,sent,Owen Brooks
ACME-A004749,ACME-L01799,call,2026-07-24 06:59:56,no_answer,Dana Whitfield
ACME-A004750,ACME-L01741,email,2026-07-24 07:37:19,sent,Sofia Alvarez
ACME-A004751,ACME-L01635,email,2026-07-24 09:01:24,sent,Jordan Ellis
ACME-A004752,ACME-L01688,email,2026-07-24 09:42:48,sent,Owen Brooks
ACME-A004753,ACME-L01636,call,2026-07-24 09:57:27,no_answer,Sofia Alvarez
ACME-A004754,ACME-L01828,call,2026-07-24 10:27:19,no_answer,Dana Whitfield
ACME-A004755,ACME-L01827,call,2026-07-24 11:05:58,connected,Dana Whitfield
ACME-A004756,ACME-L01830,call,2026-07-24 11:11:14,no_answer,Priya Raman
ACME-A004757,ACME-L01831,call,2026-07-24 11:15:08,no_answer,Dana Whitfield
ACME-A004758,ACME-L01302,meeting,2026-07-24 11:27:32,no_show,Grace Kim
ACME-A004759,ACME-L01746,Email,2026-07-24 11:41:37,sent,Jordan Ellis
ACME-A004760,ACME-L01681,email,2026-07-24 13:11:18,sent,Jordan Ellis
ACME-A004761,ACME-L01670,email,2026-07-24 13:14:15,bounced,Sofia Alvarez
ACME-A004762,ACME-L01709,CALL,2026-07-24 13:57:35,no_answer,Marcus Lee
ACME-A004763,ACME-L01703,call,2026-07-24 14:38:42,voicemail,Priya Raman
ACME-A004764,ACME-L01833,email,2026-07-24 14:43:34,replied,Sofia Alvarez
ACME-A004765,ACME-L01541,call,2026-07-24 15:01:29,connected,Dana Whitfield
ACME-A004766,ACME-L01725,call,2026-07-24 15:02:02,no_answer,Dana Whitfield
ACME-A004767,ACME-L01832,email,2026-07-24 15:12:16,sent,Jordan Ellis
ACME-A004768,ACME-L01666,email,2026-07-24 15:33:52,replied,Owen Brooks
ACME-A004769,ACME-L01834,call,2026-07-24 15:51:13,no_answer,Jordan Ellis
ACME-A004770,ACME-L01837,Call,2026-07-24 15:57:25,voicemail,Priya Raman
ACME-A004771,ACME-L01602,email,2026-07-24 16:26:02,sent,Sofia Alvarez
ACME-A004772,ACME-L01683,call,2026-07-24 16:33:10,connected,Priya Raman
ACME-A004773,ACME-L01790,meeting,2026-07-24 16:53:31,no_show,Dana Whitfield
ACME-A004774,ACME-L01829,call,2026-07-24 16:57:56,connected,Jordan Ellis
ACME-A004775,ACME-L01554,Call,2026-07-24 17:23:58,voicemail,Dana Whitfield
ACME-A004776,ACME-L01776,call,2026-07-24 17:44:42,voicemail,Marcus Lee
ACME-A004777,ACME-L01842,call,2026-07-24 17:44:59,connected,Jordan Ellis
ACME-A004778,ACME-L01363,call,2026-07-24 18:36:00,voicemail,Sofia Alvarez
ACME-A004779,ACME-L01841,email,2026-07-24 18:38:48,bounced,Dana Whitfield
ACME-A004780,ACME-L01699,email,2026-07-24 19:53:21,sent,Dana Whitfield
ACME-A004781,ACME-L01843,email,2026-07-24 20:01:16,bounced,Owen Brooks
ACME-A004782,ACME-L01546,Email,2026-07-24 20:05:17,sent,Sofia Alvarez
ACME-A004783,ACME-L01838,email,2026-07-24 20:15:58,sent,Sofia Alvarez
ACME-A004784,ACME-L01835,call,2026-07-24 20:17:33,no_answer,Sofia Alvarez
ACME-A004785,ACME-L01836,call,2026-07-24 20:21:33,connected,Dana Whitfield
ACME-A004786,ACME-L01844,email,2026-07-24 21:04:18,bounced,Grace Kim
ACME-A004787,ACME-L01839,call,2026-07-24 21:41:17,no_answer,Marcus Lee
ACME-A004788,ACME-L01843,email,2026-07-24 23:16:33,replied,Owen Brooks
ACME-A004789,ACME-L01845,Call,2026-07-24 23:55:24,no_answer,Marcus Lee
ACME-A004790,ACME-L01784,email,2026-07-25 00:28:15,bounced,Dana Whitfield
ACME-A004791,ACME-L01624,email,2026-07-25 00:35:12,replied,Sofia Alvarez
ACME-A004792,ACME-L01819,call,2026-07-25 02:22:39,connected,Dana Whitfield
ACME-A004793,ACME-L01758,email,2026-07-25 02:56:09,sent,Dana Whitfield
ACME-A004794,ACME-L01846,call,2026-07-25 02:56:31,no_answer,Owen Brooks
ACME-A004795,ACME-L01742,call,2026-07-25 02:57:34,connected,Dana Whitfield
ACME-A004796,ACME-L01666,call,2026-07-25 04:03:05,connected,Owen Brooks
ACME-A004797,ACME-L01703,email,2026-07-25 04:25:53,sent,Priya Raman
ACME-A004798,ACME-L01732,email,2026-07-25 04:26:35,sent,Owen Brooks
ACME-A004799,ACME-L01581,call,2026-07-25 04:31:21,no_answer,Priya Raman
ACME-A004800,ACME-L01772,email,2026-07-25 05:46:19,sent,Priya Raman
ACME-A004801,ACME-L01587,call,2026-07-25 06:00:41,connected,Owen Brooks
ACME-A004802,ACME-L01840,Call,2026-07-25 06:09:10,no_answer,Owen Brooks
ACME-A004803,ACME-L01210,email,2026-07-25 06:33:23,sent,Jordan Ellis
ACME-A004804,ACME-L01656,email,2026-07-25 07:30:16,sent,Dana Whitfield
ACME-A004805,ACME-L01761,email,2026-07-25 08:56:26,sent,Marcus Lee
ACME-A004806,ACME-L01811,email,2026-07-25 09:29:29,sent,Jordan Ellis
ACME-A004807,ACME-L01755,email,2026-07-25 09:39:25,replied,Priya Raman
ACME-A004808,ACME-L01822,call,2026-07-25 10:04:41,no_answer,Jordan Ellis
ACME-A004809,ACME-L01621,email,2026-07-25 10:07:31,sent,Acme Round Robin
ACME-A004810,ACME-L01807,call,2026-07-25 12:02:53,voicemail,Owen Brooks
ACME-A004811,ACME-L01642,email,2026-07-25 12:53:36,sent,Owen Brooks
ACME-A004812,ACME-L01831,call,2026-07-25 13:51:04,voicemail,Dana Whitfield
ACME-A004813,ACME-L01847,email,2026-07-25 14:01:06,replied,Sofia Alvarez
ACME-A004814,ACME-L01848,CALL,2026-07-25 14:17:04,no_answer,Dana Whitfield
ACME-A004815,ACME-L01761,email,2026-07-25 14:24:10,sent,Marcus Lee
ACME-A004816,ACME-L01601,email,2026-07-25 14:48:06,sent,Dana Whitfield
ACME-A004817,ACME-L01771,email,2026-07-25 14:55:09,sent,Dana Whitfield
ACME-A004818,ACME-L01748,call,2026-07-25 15:05:39,no_answer,Dana Whitfield
ACME-A004819,ACME-L01785,call,2026-07-25 16:50:58,connected,Marcus Lee
ACME-A004820,ACME-L01849,call,2026-07-25 17:59:58,voicemail,Dana Whitfield
ACME-A004821,ACME-L01807,email,2026-07-25 18:32:02,sent,Owen Brooks
ACME-A004822,ACME-L01850,email,2026-07-25 19:20:19,sent,Marcus Lee
ACME-A004823,ACME-L01601,email,2026-07-25 20:52:10,bounced,Dana Whitfield
ACME-A004824,ACME-L01750,call,2026-07-25 21:18:18,connected,Dana Whitfield
ACME-A004825,ACME-L01666,email,2026-07-25 21:31:06,sent,Owen Brooks
ACME-A004826,ACME-L01700,call,2026-07-25 22:04:17,connected,Grace Kim
ACME-A004827,ACME-L01596,email,2026-07-25 22:34:30,sent,Jordan Ellis
ACME-A004828,ACME-L01818,call,2026-07-25 22:54:32,voicemail,Grace Kim
ACME-A004829,ACME-L01705,email,2026-07-25 22:57:59,sent,Marcus Lee
ACME-A004830,ACME-L01595,Call,2026-07-26 01:23:40,voicemail,Jordan Ellis
ACME-A004831,ACME-L01567,call,2026-07-26 01:57:30,connected,Dana Whitfield
ACME-A004832,ACME-L01818,call,2026-07-26 03:05:57,connected,Grace Kim
ACME-A004833,ACME-L01852,call,2026-07-26 03:44:06,no_answer,Sofia Alvarez
ACME-A004834,ACME-L01851,call,2026-07-26 03:44:47,voicemail,Marcus Lee
ACME-A004835,ACME-L01782,call,2026-07-26 03:58:33,no_answer,Dana Whitfield
ACME-A004836,ACME-L01687,call,2026-07-26 08:47:45,no_answer,Priya Raman
ACME-A004837,ACME-L01597,email,2026-07-26 08:59:00,sent,Marcus Lee
ACME-A004838,ACME-L01753,call,2026-07-26 11:02:03,no_answer,Marcus Lee
ACME-A004839,ACME-L01718,call,2026-07-26 11:26:06,no_answer,Sofia Alvarez
ACME-A004840,ACME-L01853,email,2026-07-26 13:58:05,sent,Jordan Ellis
ACME-A004841,ACME-L01666,meeting,2026-07-26 14:07:02,held,Owen Brooks
ACME-A004842,ACME-L01587,email,2026-07-26 14:42:41,replied,Owen Brooks
ACME-A004843,ACME-L01556,email,2026-07-26 15:48:57,bounced,Dana Whitfield
ACME-A004844,ACME-L01601,email,2026-07-26 19:59:48,sent,Dana Whitfield
ACME-A004845,ACME-L01710,email,2026-07-26 20:15:08,sent,Marcus Lee
ACME-A004846,ACME-L01755,MEETING,2026-07-26 20:38:27,held,Priya Raman
ACME-A004847,ACME-L01737,call,2026-07-26 21:29:03,no_answer,Jordan Ellis
ACME-A004848,ACME-L01214,call,2026-07-26 21:32:26,connected,Jordan Ellis
ACME-A004849,ACME-L01561,email,2026-07-26 21:34:45,sent,Jordan Ellis
ACME-A004850,ACME-L01747,call,2026-07-26 22:15:46,connected,Priya Raman
ACME-A004851,ACME-L01367,call,2026-07-26 22:19:23,voicemail,Owen Brooks
ACME-A004852,ACME-L01801,email,2026-07-27 00:00:20,replied,Sofia Alvarez
ACME-A004853,ACME-L01600,email,2026-07-27 00:49:24,sent,Owen Brooks
ACME-A004854,ACME-L01743,Call,2026-07-27 00:55:25,no_answer,Priya Raman
ACME-A004855,ACME-L01779,meeting,2026-07-27 01:50:06,held,Dana Whitfield
ACME-A004856,ACME-L01671,email,2026-07-27 01:59:20,bounced,Priya Raman
ACME-A004857,ACME-L01809,call,2026-07-27 03:34:18,voicemail,Owen Brooks
ACME-A004858,ACME-L01794,call,2026-07-27 05:08:38,no_answer,Acme Round Robin
ACME-A004859,ACME-L01518,call,2026-07-27 05:23:15,no_answer,Marcus Lee
ACME-A004860,ACME-L01761,meeting,2026-07-27 05:29:37,held,Marcus Lee
ACME-A004861,ACME-L01831,CALL,2026-07-27 05:41:28,voicemail,Dana Whitfield
ACME-A004862,ACME-L01710,call,2026-07-27 05:55:27,voicemail,Marcus Lee
ACME-A004863,ACME-L01577,call,2026-07-27 07:28:29,no_answer,Owen Brooks
ACME-A004864,ACME-L01571,meeting,2026-07-27 07:31:27,held,Priya Raman
ACME-A004865,ACME-L01783,call,2026-07-27 07:53:44,no_answer,Jordan Ellis
ACME-A004866,ACME-L01665,EMAIL,2026-07-27 08:07:32,sent,Sofia Alvarez
ACME-A004867,ACME-L01719,call,2026-07-27 08:55:06,no_answer,Priya Raman
ACME-A004868,ACME-L01577,call,2026-07-27 09:40:26,connected,Owen Brooks
ACME-A004869,ACME-L01792,meeting,2026-07-27 11:01:34,rescheduled,Sofia Alvarez
ACME-A004870,ACME-L01600,call,2026-07-27 11:39:07,voicemail,Owen Brooks
ACME-A004871,ACME-L01526,meeting,2026-07-27 12:23:06,held,Marcus Lee
ACME-A004872,ACME-L01790,call,2026-07-27 12:43:04,no_answer,Dana Whitfield
ACME-A004873,ACME-L01849,call,2026-07-27 12:49:01,voicemail,Dana Whitfield
ACME-A004874,ACME-L01858,email,2026-07-27 13:45:07,bounced,Dana Whitfield
ACME-A004875,ACME-L01856,email,2026-07-27 13:55:09,replied,Dana Whitfield
ACME-A004876,ACME-L01770,meeting,2026-07-27 14:28:44,rescheduled,Marcus Lee
ACME-A004877,ACME-L01855,call,2026-07-27 14:46:21,connected,Owen Brooks
ACME-A004878,ACME-L01715,call,2026-07-27 15:29:50,no_answer,Grace Kim
ACME-A004879,ACME-L01853,call,2026-07-27 16:10:45,voicemail,Jordan Ellis
ACME-A004880,ACME-L01595,call,2026-07-27 16:20:09,voicemail,Jordan Ellis
ACME-A004881,ACME-L01671,email,2026-07-27 16:31:29,sent,Priya Raman
ACME-A004882,ACME-L01859,call,2026-07-27 16:43:10,voicemail,Dana Whitfield
ACME-A004883,ACME-L01705,call,2026-07-27 17:50:20,no_answer,Marcus Lee
ACME-A004884,ACME-L01746,call,2026-07-27 18:10:32,no_answer,Jordan Ellis
ACME-A004885,ACME-L01860,call,2026-07-27 18:27:16,no_answer,Priya Raman
ACME-A004886,ACME-L01818,meeting,2026-07-27 18:45:44,held,Grace Kim
ACME-A004887,ACME-L01576,email,2026-07-27 19:19:32,sent,Sofia Alvarez
ACME-A004888,ACME-L01682,email,2026-07-27 20:03:35,sent,Priya Raman
ACME-A004889,ACME-L01861,call,2026-07-27 21:21:16,voicemail,Jordan Ellis
ACME-A004890,ACME-L01854,call,2026-07-27 21:56:19,voicemail,Marcus Lee
ACME-A004891,ACME-L01755,call,2026-07-27 22:07:01,connected,Priya Raman
ACME-A004892,ACME-L01841,email,2026-07-28 01:51:38,sent,Dana Whitfield
ACME-A004893,ACME-L01863,email,2026-07-28 02:44:50,sent,Dana Whitfield
ACME-A004894,ACME-L01526,email,2026-07-28 04:27:36,sent,Marcus Lee
ACME-A004895,ACME-L01857,call,2026-07-28 05:03:21,connected,Dana Whitfield
ACME-A004896,ACME-L01692,call,2026-07-28 05:07:50,no_answer,Dana Whitfield
ACME-A004897,ACME-L01669,call,2026-07-28 05:17:04,no_answer,Jordan Ellis
ACME-A004898,ACME-L01862,call,2026-07-28 05:17:10,no_answer,Dana Whitfield
ACME-A004899,ACME-L01623,email,2026-07-28 06:14:43,sent,Marcus Lee
ACME-A004900,ACME-L01865,email,2026-07-28 06:22:36,sent,Jordan Ellis
ACME-A004901,ACME-L01838,call,2026-07-28 08:17:28,no_answer,Sofia Alvarez
ACME-A004902,ACME-L01818,email,2026-07-28 08:37:54,replied,Grace Kim
ACME-A004903,ACME-L01654,call,2026-07-28 09:08:34,connected,Marcus Lee
ACME-A004904,ACME-L01518,meeting,2026-07-28 09:32:27,held,Marcus Lee
ACME-A004905,ACME-L01818,email,2026-07-28 09:45:58,sent,Grace Kim
ACME-A004906,ACME-L01870,email,2026-07-28 10:04:06,sent,Grace Kim
ACME-A004907,ACME-L01867,call,2026-07-28 10:11:34,connected,Marcus Lee
ACME-A004908,ACME-L01868,call,2026-07-28 10:43:47,no_answer,Dana Whitfield
ACME-A004909,ACME-L01866,call,2026-07-28 11:02:32,voicemail,Dana Whitfield
ACME-A004910,ACME-L01574,call,2026-07-28 11:21:26,no_answer,Priya Raman
ACME-A004911,ACME-L01864,email,2026-07-28 12:29:56,sent,Jordan Ellis
ACME-A004912,ACME-L01873,call,2026-07-28 13:16:37,connected,Marcus Lee
ACME-A004913,ACME-L01869,call,2026-07-28 13:20:18,voicemail,Priya Raman
ACME-A004914,ACME-L01715,email,2026-07-28 13:34:04,replied,Grace Kim
ACME-A004915,ACME-L01828,call,2026-07-28 13:38:12,connected,Dana Whitfield
ACME-A004916,ACME-L01670,call,2026-07-28 13:54:30,connected,Sofia Alvarez
ACME-A004917,ACME-L01648,call,2026-07-28 14:29:06,connected,Dana Whitfield
ACME-A004918,ACME-L01876,call,2026-07-28 15:18:55,connected,Marcus Lee
ACME-A004919,ACME-L01604,call,2026-07-28 15:32:45,no_answer,Marcus Lee
ACME-A004920,ACME-L01872,call,2026-07-28 16:25:42,connected,Jordan Ellis
ACME-A004921,ACME-L01877,email,2026-07-28 16:41:31,sent,Marcus Lee
ACME-A004922,ACME-L01883,CALL,2026-07-28 17:58:11,connected,Owen Brooks
ACME-A004923,ACME-L01779,meeting,2026-07-28 18:20:55,held,Dana Whitfield
ACME-A004924,ACME-L01712,call,2026-07-28 18:46:26,voicemail,Dana Whitfield
ACME-A004925,ACME-L01654,call,2026-07-28 19:14:38,no_answer,Marcus Lee
ACME-A004926,ACME-L01880,call,2026-07-28 19:27:10,no_answer,Dana Whitfield
ACME-A004927,ACME-L01762,email,2026-07-28 21:09:01,sent,Owen Brooks
ACME-A004928,ACME-L01884,email,2026-07-28 21:10:10,sent,Jordan Ellis
ACME-A004929,ACME-L01743,email,2026-07-28 21:22:48,replied,Priya Raman
ACME-A004930,ACME-L01706,call,2026-07-28 21:51:21,no_answer,Dana Whitfield
ACME-A004931,ACME-L01793,call,2026-07-28 22:34:26,no_answer,Jordan Ellis
ACME-A004932,ACME-L01875,call,2026-07-28 22:40:28,no_answer,Dana Whitfield
ACME-A004933,ACME-L01885,call,2026-07-28 23:33:39,voicemail,Priya Raman
ACME-A004934,ACME-L01871,call,2026-07-28 23:46:03,connected,Sofia Alvarez
ACME-A004935,ACME-L01685,email,2026-07-29 00:07:43,sent,Sofia Alvarez
ACME-A004936,ACME-L01887,call,2026-07-29 00:08:15,connected,Dana Whitfield
ACME-A004937,ACME-L01886,call,2026-07-29 00:58:20,no_answer,Marcus Lee
ACME-A004938,ACME-L01888,call,2026-07-29 01:33:09,no_answer,Jordan Ellis
ACME-A004939,ACME-L01889,call,2026-07-29 02:42:05,connected,Jordan Ellis
ACME-A004940,ACME-L01876,email,2026-07-29 03:28:38,replied,Marcus Lee
ACME-A004941,ACME-L01882,email,2026-07-29 03:33:06,sent,Dana Whitfield
ACME-A004942,ACME-L01874,email,2026-07-29 04:03:42,sent,Priya Raman
ACME-A004943,ACME-L01841,email,2026-07-29 04:05:27,sent,Dana Whitfield
ACME-A004944,ACME-L01825,email,2026-07-29 04:44:01,sent,Marcus Lee
ACME-A004945,ACME-L01865,email,2026-07-29 04:59:42,sent,Jordan Ellis
ACME-A004946,ACME-L01660,email,2026-07-29 05:13:26,sent,Owen Brooks
ACME-A004947,ACME-L01575,email,2026-07-29 06:18:34,sent,Jordan Ellis
ACME-A004948,ACME-L01892,Email,2026-07-29 07:38:26,sent,Grace Kim
ACME-A004949,ACME-L01879,email,2026-07-29 07:59:23,sent,Priya Raman
ACME-A004950,ACME-L01878,call,2026-07-29 08:40:56,connected,Marcus Lee
ACME-A004951,ACME-L01890,email,2026-07-29 09:46:38,replied,Dana Whitfield
ACME-A004952,ACME-L01891,email,2026-07-29 10:27:31,sent,Dana Whitfield
ACME-A004953,ACME-L01896,call,2026-07-29 10:30:47,connected,Dana Whitfield
ACME-A004954,ACME-L01618,email,2026-07-29 10:50:23,bounced,Priya Raman
ACME-A004955,ACME-L01899,email,2026-07-29 10:58:32,replied,Priya Raman
ACME-A004956,ACME-L01898,email,2026-07-29 11:04:38,sent,Marcus Lee
ACME-A004957,ACME-L01835,call,2026-07-29 11:15:26,voicemail,Sofia Alvarez
ACME-A004958,ACME-L01589,email,2026-07-29 11:23:00,sent,Owen Brooks
ACME-A004959,ACME-L01588,email,2026-07-29 11:28:00,sent,Priya Raman
ACME-A004960,ACME-L01881,email,2026-07-29 11:42:39,sent,Grace Kim
ACME-A004961,ACME-L01897,call,2026-07-29 11:50:11,no_answer,Priya Raman
ACME-A004962,ACME-L01893,call,2026-07-29 11:55:36,connected,Dana Whitfield
ACME-A004963,ACME-L01895,email,2026-07-29 12:01:59,sent,Priya Raman
ACME-A004964,ACME-L01680,email,2026-07-29 12:11:45,replied,Priya Raman
ACME-A004965,ACME-L01894,call,2026-07-29 12:49:13,no_answer,Priya Raman
ACME-A004966,ACME-L01901,call,2026-07-29 14:41:53,no_answer,Dana Whitfield
ACME-A004967,ACME-L01761,email,2026-07-29 15:07:42,sent,Marcus Lee
ACME-A004968,ACME-L01906,call,2026-07-29 15:29:27,connected,Dana Whitfield
ACME-A004969,ACME-L01905,call,2026-07-29 15:52:10,no_answer,Marcus Lee
ACME-A004970,ACME-L01904,email,2026-07-29 15:59:16,sent,Dana Whitfield
ACME-A004971,ACME-L01895,email,2026-07-29 16:33:32,replied,Priya Raman
ACME-A004972,ACME-L01871,call,2026-07-29 17:33:19,connected,Sofia Alvarez
ACME-A004973,ACME-L01907,call,2026-07-29 17:53:53,connected,Dana Whitfield
ACME-A004974,ACME-L01908,call,2026-07-29 17:58:42,connected,Marcus Lee
ACME-A004975,ACME-L01694,call,2026-07-29 18:47:00,connected,Sofia Alvarez
ACME-A004976,ACME-L01903,call,2026-07-29 18:47:01,no_answer,Jordan Ellis
ACME-A004977,ACME-L01678,call,2026-07-29 19:08:11,voicemail,Owen Brooks
ACME-A004978,ACME-L01767,call,2026-07-29 19:40:16,connected,Jordan Ellis
ACME-A004979,ACME-L01825,call,2026-07-29 20:38:39,connected,Marcus Lee
ACME-A004980,ACME-L01505,call,2026-07-29 20:42:14,no_answer,Dana Whitfield
ACME-A004981,ACME-L01902,email,2026-07-29 21:58:49,sent,Dana Whitfield
ACME-A004982,ACME-L01677,email,2026-07-30 00:21:43,sent,Priya Raman
ACME-A004983,ACME-L01561,meeting,2026-07-30 00:25:01,held,Jordan Ellis
ACME-A004984,ACME-L01838,call,2026-07-30 00:27:54,no_answer,Sofia Alvarez
ACME-A004985,ACME-L01851,call,2026-07-30 00:31:17,voicemail,Marcus Lee
ACME-A004986,ACME-L01627,call,2026-07-30 00:43:09,connected,Grace Kim
ACME-A004987,ACME-L01841,call,2026-07-30 01:04:21,no_answer,Dana Whitfield
ACME-A004988,ACME-L01742,call,2026-07-30 01:37:25,connected,Dana Whitfield
ACME-A004989,ACME-L01909,email,2026-07-30 01:48:07,sent,Marcus Lee
ACME-A004990,ACME-L01653,call,2026-07-30 03:28:59,no_answer,Priya Raman
ACME-A004991,ACME-L00700,Call,2026-07-30 04:52:00,no_answer,Jordan Ellis
ACME-A004992,ACME-L01785,call,2026-07-30 05:14:21,connected,Marcus Lee
ACME-A004993,ACME-L00762,meeting,2026-07-30 05:47:29,held,Acme Round Robin
ACME-A004994,ACME-L01702,email,2026-07-30 06:17:53,sent,Acme Round Robin
ACME-A004995,ACME-L01910,call,2026-07-30 06:22:00,connected,Owen Brooks
ACME-A004996,ACME-L01881,call,2026-07-30 08:21:29,connected,Grace Kim
ACME-A004997,ACME-L01911,call,2026-07-30 08:41:22,voicemail,Sofia Alvarez
ACME-A004998,ACME-L01838,call,2026-07-30 09:18:13,voicemail,Sofia Alvarez
ACME-A004999,ACME-L01813,call,2026-07-30 09:36:26,connected,Sofia Alvarez
ACME-A005000,ACME-L01831,meeting,2026-07-30 10:13:47,held,Dana Whitfield
ACME-A005001,ACME-L01912,Email,2026-07-30 12:18:51,bounced,Priya Raman
ACME-A005002,ACME-L01633,email,2026-07-30 12:31:02,sent,Jordan Ellis
ACME-A005003,ACME-L01914,email,2026-07-30 12:40:38,sent,Marcus Lee
ACME-A005004,ACME-L01871,email,2026-07-30 13:02:10,sent,Sofia Alvarez
ACME-A005005,ACME-L01915,email,2026-07-30 14:35:32,sent,Dana Whitfield
ACME-A005006,ACME-L01619,email,2026-07-30 16:08:52,sent,Grace Kim
ACME-A005007,ACME-L01908,email,2026-07-30 16:09:16,sent,Marcus Lee
ACME-A005008,ACME-L01754,call,2026-07-30 16:19:07,no_answer,Jordan Ellis
ACME-A005009,ACME-L01916,email,2026-07-30 16:27:57,sent,Grace Kim
ACME-A005010,ACME-L01919,email,2026-07-30 16:43:49,sent,Priya Raman
ACME-A005011,ACME-L01921,email,2026-07-30 17:32:47,replied,Priya Raman
ACME-A005012,ACME-L01765,email,2026-07-30 17:44:03,sent,Dana Whitfield
ACME-A005013,ACME-L01917,call,2026-07-30 18:03:34,voicemail,Dana Whitfield
ACME-A005014,ACME-L01913,call,2026-07-30 18:06:35,no_answer,Jordan Ellis
ACME-A005015,ACME-L01643,email,2026-07-30 19:59:32,sent,Dana Whitfield
ACME-A005016,ACME-L01742,call,2026-07-30 20:50:56,voicemail,Dana Whitfield
ACME-A005017,ACME-L01877,email,2026-07-30 22:05:53,sent,Marcus Lee
ACME-A005018,ACME-L01922,email,2026-07-30 22:08:58,sent,Jordan Ellis
ACME-A005019,ACME-L01920,email,2026-07-30 23:53:16,bounced,Dana Whitfield
ACME-A005020,ACME-L01280,call,2026-07-30 23:59:24,voicemail,Dana Whitfield
ACME-A005021,ACME-L01897,call,2026-07-31 00:02:18,no_answer,Priya Raman
ACME-A005022,ACME-L01710,email,2026-07-31 01:35:27,sent,Marcus Lee
ACME-A005023,ACME-L01922,email,2026-07-31 01:55:57,sent,Jordan Ellis
ACME-A005024,ACME-L01831,call,2026-07-31 02:52:52,voicemail,Dana Whitfield
ACME-A005025,ACME-L01779,call,2026-07-31 02:55:31,connected,Dana Whitfield
ACME-A005026,ACME-L01463,CALL,2026-07-31 03:25:47,connected,Acme Round Robin
ACME-A005027,ACME-L01735,call,2026-07-31 04:17:56,connected,Marcus Lee
ACME-A005028,ACME-L01923,call,2026-07-31 06:49:43,connected,Jordan Ellis
ACME-A005029,ACME-L01876,call,2026-07-31 07:05:11,no_answer,Marcus Lee
ACME-A005030,ACME-L01900,call,2026-07-31 07:54:02,no_answer,Marcus Lee
ACME-A005031,ACME-L01800,call,2026-07-31 07:59:37,no_answer,Jordan Ellis
ACME-A005032,ACME-L01652,call,2026-07-31 09:05:45,connected,Grace Kim
ACME-A005033,ACME-L01655,call,2026-07-31 09:25:31,voicemail,Marcus Lee
ACME-A005034,ACME-L01692,email,2026-07-31 09:44:06,replied,Dana Whitfield
ACME-A005035,ACME-L01833,call,2026-07-31 11:43:55,voicemail,Sofia Alvarez
ACME-A005036,ACME-L01825,call,2026-07-31 11:49:19,no_answer,Marcus Lee
ACME-A005037,ACME-L01913,email,2026-07-31 11:55:28,sent,Jordan Ellis
ACME-A005038,ACME-L01918,call,2026-07-31 12:29:35,voicemail,Sofia Alvarez
ACME-A005039,ACME-L01926,EMAIL,2026-07-31 13:00:15,sent,Jordan Ellis
ACME-A005040,ACME-L01872,email,2026-07-31 13:05:58,replied,Jordan Ellis
ACME-A005041,ACME-L01561,email,2026-07-31 14:10:35,sent,Jordan Ellis
ACME-A005042,ACME-L01927,email,2026-07-31 14:31:34,bounced,Marcus Lee
ACME-A005043,ACME-L01930,call,2026-07-31 14:53:33,connected,Marcus Lee
ACME-A005044,ACME-L01924,email,2026-07-31 15:27:19,sent,Dana Whitfield
ACME-A005045,ACME-L01631,call,2026-07-31 16:00:12,voicemail,Marcus Lee
ACME-A005046,ACME-L01776,email,2026-07-31 16:03:34,sent,Marcus Lee
ACME-A005047,ACME-L01929,Email,2026-07-31 17:37:32,sent,Priya Raman
ACME-A005048,ACME-L01683,call,2026-07-31 17:46:04,no_answer,Priya Raman
ACME-A005049,ACME-L01785,email,2026-07-31 17:52:57,replied,Marcus Lee
ACME-A005050,ACME-L01934,call,2026-07-31 18:32:12,voicemail,Jordan Ellis
ACME-A005051,ACME-L01937,call,2026-07-31 18:47:32,voicemail,Sofia Alvarez
ACME-A005052,ACME-L01884,call,2026-07-31 20:27:14,connected,Jordan Ellis
ACME-A005053,ACME-L01933,CALL,2026-07-31 20:36:36,no_answer,Dana Whitfield
ACME-A005054,ACME-L01650,email,2026-07-31 20:46:54,sent,Priya Raman
ACME-A005055,ACME-L01938,call,2026-07-31 21:02:40,connected,Priya Raman
ACME-A005056,ACME-L01932,call,2026-07-31 21:19:25,no_answer,Grace Kim
ACME-A005057,ACME-L01363,call,2026-07-31 22:09:33,no_answer,Sofia Alvarez
ACME-A005058,ACME-L01928,call,2026-07-31 22:12:23,connected,Priya Raman
ACME-A005059,ACME-L01698,call,2026-07-31 22:42:54,no_answer,Sofia Alvarez
ACME-A005060,ACME-L01936,call,2026-07-31 23:47:56,connected,Sofia Alvarez
ACME-A005061,ACME-L01782,email,2026-07-31 23:48:46,sent,Dana Whitfield
ACME-A005062,ACME-L01793,email,2026-07-31 23:56:39,replied,Jordan Ellis
ACME-A005063,ACME-L01883,call,2026-08-01 00:17:10,voicemail,Owen Brooks
ACME-A005064,ACME-L01934,email,2026-08-01 00:18:37,sent,Jordan Ellis
ACME-A005065,ACME-L01925,call,2026-08-01 00:45:33,connected,Sofia Alvarez
ACME-A005066,ACME-L01703,email,2026-08-01 01:04:20,sent,Priya Raman
ACME-A005067,ACME-L01916,email,2026-08-01 01:30:38,sent,Grace Kim
ACME-A005068,ACME-L01602,call,2026-08-01 01:32:16,voicemail,Sofia Alvarez
ACME-A005069,ACME-L01939,call,2026-08-01 01:43:30,connected,Grace Kim
ACME-A005070,ACME-L01831,EMAIL,2026-08-01 01:51:56,sent,Dana Whitfield
ACME-A005071,ACME-L01635,email,2026-08-01 06:01:29,sent,Jordan Ellis
ACME-A005072,ACME-L01877,Call,2026-08-01 06:02:46,no_answer,Marcus Lee
ACME-A005073,ACME-L01940,Call,2026-08-01 06:33:44,no_answer,Priya Raman
ACME-A005074,ACME-L01275,email,2026-08-01 06:59:05,sent,Sofia Alvarez
ACME-A005075,ACME-L01587,meeting,2026-08-01 07:46:39,held,Owen Brooks
ACME-A005076,ACME-L01847,email,2026-08-01 09:16:32,replied,Sofia Alvarez
ACME-A005077,ACME-L01643,call,2026-08-01 09:25:39,connected,Dana Whitfield
ACME-A005078,ACME-L01923,email,2026-08-01 09:26:39,sent,Jordan Ellis
ACME-A005079,ACME-L01942,email,2026-08-01 11:15:12,sent,Jordan Ellis
ACME-A005080,ACME-L01363,call,2026-08-01 11:29:06,no_answer,Sofia Alvarez
ACME-A005081,ACME-L01944,email,2026-08-01 11:39:18,sent,Jordan Ellis
ACME-A005082,ACME-L01941,email,2026-08-01 12:18:01,sent,Owen Brooks
ACME-A005083,ACME-L01890,call,2026-08-01 12:53:48,no_answer,Dana Whitfield
ACME-A005084,ACME-L01117,Call,2026-08-01 13:15:00,connected,Sofia Alvarez
ACME-A005085,ACME-L01775,Call,2026-08-01 13:43:12,voicemail,Dana Whitfield
ACME-A005086,ACME-L01943,email,2026-08-01 13:53:57,replied,Marcus Lee
ACME-A005087,ACME-L01946,email,2026-08-01 15:50:00,replied,Marcus Lee
ACME-A005088,ACME-L01863,email,2026-08-01 15:58:25,sent,Dana Whitfield
ACME-A005089,ACME-L01751,call,2026-08-01 15:59:36,connected,Priya Raman
ACME-A005090,ACME-L01945,email,2026-08-01 17:48:46,sent,Marcus Lee
ACME-A005091,ACME-L01931,call,2026-08-01 18:58:17,no_answer,Grace Kim
ACME-A005092,ACME-L01922,call,2026-08-01 19:32:18,no_answer,Jordan Ellis
ACME-A005093,ACME-L01871,email,2026-08-01 19:53:23,sent,Sofia Alvarez
ACME-A005094,ACME-L01856,call,2026-08-01 22:01:15,no_answer,Dana Whitfield
ACME-A005095,ACME-L01919,email,2026-08-01 22:20:28,sent,Priya Raman
ACME-A005096,ACME-L01856,call,2026-08-01 22:21:57,connected,Dana Whitfield
ACME-A005097,ACME-L01935,call,2026-08-01 22:34:08,no_answer,Priya Raman
ACME-A005098,ACME-L01929,email,2026-08-01 22:35:56,bounced,Priya Raman
ACME-A005099,ACME-L01792,meeting,2026-08-01 23:46:32,held,Sofia Alvarez
ACME-A005100,ACME-L01706,email,2026-08-01 23:49:43,replied,Dana Whitfield
ACME-A005101,ACME-L01948,email,2026-08-02 00:50:16,replied,Priya Raman
ACME-A005102,ACME-L01754,call,2026-08-02 01:50:59,connected,Jordan Ellis
ACME-A005103,ACME-L01908,call,2026-08-02 02:22:55,no_answer,Marcus Lee
ACME-A005104,ACME-L01917,email,2026-08-02 02:32:39,sent,Dana Whitfield
ACME-A005105,ACME-L01710,email,2026-08-02 02:58:32,sent,Marcus Lee
ACME-A005106,ACME-L01802,email,2026-08-02 03:18:16,sent,Priya Raman
ACME-A005107,ACME-L01950,call,2026-08-02 03:34:36,no_answer,Marcus Lee
ACME-A005108,ACME-L01715,email,2026-08-02 03:38:09,sent,Grace Kim
ACME-A005109,ACME-L01947,Call,2026-08-02 03:42:46,connected,Dana Whitfield
ACME-A005110,ACME-L01949,call,2026-08-02 04:13:03,connected,Marcus Lee
ACME-A005111,ACME-L01774,call,2026-08-02 04:16:48,no_answer,Marcus Lee
ACME-A005112,ACME-L01812,email,2026-08-02 05:58:33,replied,Jordan Ellis
ACME-A005113,ACME-L01710,call,2026-08-02 06:04:56,voicemail,Marcus Lee
ACME-A005114,ACME-L01937,email,2026-08-02 06:14:34,sent,Sofia Alvarez
ACME-A005115,ACME-L01806,call,2026-08-02 07:08:24,no_answer,Dana Whitfield
ACME-A005116,ACME-L01685,email,2026-08-02 07:35:59,replied,Sofia Alvarez
ACME-A005117,ACME-L01671,call,2026-08-02 08:14:09,no_answer,Priya Raman
ACME-A005118,ACME-L01733,call,2026-08-02 09:27:12,no_answer,Dana Whitfield
ACME-A005119,ACME-L01705,email,2026-08-02 10:15:44,sent,Marcus Lee
ACME-A005120,ACME-L01851,email,2026-08-02 10:58:40,sent,Marcus Lee
ACME-A005121,ACME-L01661,email,2026-08-02 11:19:59,sent,Marcus Lee
ACME-A005122,ACME-L01721,email,2026-08-02 11:27:00,sent,Marcus Lee
ACME-A005123,ACME-L01561,email,2026-08-02 12:08:10,sent,Jordan Ellis
ACME-A005124,ACME-L01769,call,2026-08-02 12:24:55,connected,Marcus Lee
ACME-A005125,ACME-L01952,Call,2026-08-02 13:15:04,voicemail,Marcus Lee
ACME-A005126,ACME-L01844,email,2026-08-02 15:40:17,sent,Grace Kim
ACME-A005127,ACME-L01869,email,2026-08-02 15:50:37,sent,Priya Raman
ACME-A005128,ACME-L01755,call,2026-08-02 16:10:24,no_answer,Priya Raman
ACME-A005129,ACME-L01590,email,2026-08-02 17:43:34,sent,Marcus Lee
ACME-A005130,ACME-L01887,call,2026-08-02 18:47:36,connected,Dana Whitfield
ACME-A005131,ACME-L01654,email,2026-08-02 19:14:54,sent,Marcus Lee
ACME-A005132,ACME-L01831,email,2026-08-02 19:28:19,sent,Dana Whitfield
ACME-A005133,ACME-L01838,email,2026-08-02 19:33:46,replied,Sofia Alvarez
ACME-A005134,ACME-L01956,call,2026-08-02 20:20:39,connected,Sofia Alvarez
ACME-A005135,ACME-L01957,call,2026-08-02 20:26:09,voicemail,Sofia Alvarez
ACME-A005136,ACME-L01954,call,2026-08-02 20:26:38,voicemail,Sofia Alvarez
ACME-A005137,ACME-L01953,email,2026-08-02 21:06:19,sent,Owen Brooks
ACME-A005138,ACME-L01756,email,2026-08-02 21:08:10,sent,Sofia Alvarez
ACME-A005139,ACME-L01791,call,2026-08-02 21:39:51,no_answer,Owen Brooks
ACME-A005140,ACME-L01959,email,2026-08-02 23:18:08,sent,Owen Brooks
ACME-A005141,ACME-L01708,email,2026-08-02 23:23:07,sent,Dana Whitfield
ACME-A005142,ACME-L01778,call,2026-08-03 01:15:37,connected,Jordan Ellis
ACME-A005143,ACME-L01589,call,2026-08-03 01:40:22,no_answer,Owen Brooks
ACME-A005144,ACME-L01960,call,2026-08-03 01:45:43,connected,Jordan Ellis
ACME-A005145,ACME-L01951,call,2026-08-03 01:55:35,connected,Grace Kim
ACME-A005146,ACME-L01702,call,2026-08-03 03:45:35,no_answer,Acme Round Robin
ACME-A005147,ACME-L01890,email,2026-08-03 04:13:34,sent,Dana Whitfield
ACME-A005148,ACME-L01754,Email,2026-08-03 04:46:25,sent,Jordan Ellis
ACME-A005149,ACME-L01958,call,2026-08-03 05:19:33,connected,Jordan Ellis
ACME-A005150,ACME-L01901,call,2026-08-03 05:25:11,no_answer,Dana Whitfield
ACME-A005151,ACME-L01872,email,2026-08-03 05:37:26,sent,Jordan Ellis
ACME-A005152,ACME-L01913,call,2026-08-03 06:22:39,connected,Jordan Ellis
ACME-A005153,ACME-L01792,call,2026-08-03 06:40:32,no_answer,Sofia Alvarez
ACME-A005154,ACME-L01676,email,2026-08-03 06:58:37,replied,Acme Round Robin
ACME-A005155,ACME-L01961,email,2026-08-03 07:58:22,sent,Priya Raman
ACME-A005156,ACME-L01427,call,2026-08-03 08:06:55,connected,Jordan Ellis
ACME-A005157,ACME-L01842,email,2026-08-03 08:24:47,sent,Jordan Ellis
ACME-A005158,ACME-L01852,EMAIL,2026-08-03 08:29:22,sent,Sofia Alvarez
ACME-A005159,ACME-L01931,call,2026-08-03 09:03:50,voicemail,Grace Kim
ACME-A005160,ACME-L01791,call,2026-08-03 09:08:42,connected,Owen Brooks
ACME-A005161,ACME-L01760,email,2026-08-03 09:19:58,sent,Priya Raman
ACME-A005162,ACME-L01955,call,2026-08-03 10:08:50,connected,Priya Raman
ACME-A005163,ACME-L01676,call,2026-08-03 10:10:57,no_answer,Acme Round Robin
ACME-A005164,ACME-L01963,call,2026-08-03 11:04:13,no_answer,Marcus Lee
ACME-A005165,ACME-L01842,call,2026-08-03 11:27:33,no_answer,Jordan Ellis
ACME-A005166,ACME-L01965,call,2026-08-03 12:14:57,connected,Sofia Alvarez
ACME-A005167,ACME-L01759,call,2026-08-03 12:56:00,connected,Jordan Ellis
ACME-A005168,ACME-L01806,email,2026-08-03 13:09:13,sent,Dana Whitfield
ACME-A005169,ACME-L01718,email,2026-08-03 14:43:19,sent,Sofia Alvarez
ACME-A005170,ACME-L01950,call,2026-08-03 14:44:28,connected,Marcus Lee
ACME-A005171,ACME-L01778,call,2026-08-03 14:50:41,voicemail,Jordan Ellis
ACME-A005172,ACME-L01792,call,2026-08-03 16:56:37,no_answer,Sofia Alvarez
ACME-A005173,ACME-L01866,call,2026-08-03 17:07:20,connected,Dana Whitfield
ACME-A005174,ACME-L01908,meeting,2026-08-03 17:24:04,held,Marcus Lee
ACME-A005175,ACME-L01967,email,2026-08-03 17:58:55,sent,Dana Whitfield
ACME-A005176,ACME-L01925,email,2026-08-03 18:04:17,sent,Sofia Alvarez
ACME-A005177,ACME-L01971,email,2026-08-03 18:43:06,sent,Jordan Ellis
ACME-A005178,ACME-L01969,email,2026-08-03 18:44:58,sent,Dana Whitfield
ACME-A005179,ACME-L01972,call,2026-08-03 18:45:07,voicemail,Owen Brooks
ACME-A005180,ACME-L01966,call,2026-08-03 19:47:42,no_answer,Marcus Lee
ACME-A005181,ACME-L01903,Email,2026-08-03 20:48:50,sent,Jordan Ellis
ACME-A005182,ACME-L01970,Call,2026-08-03 21:02:40,connected,Sofia Alvarez
ACME-A005183,ACME-L01806,call,2026-08-03 22:19:19,connected,Dana Whitfield
ACME-A005184,ACME-L01962,call,2026-08-03 22:47:47,no_answer,Sofia Alvarez
ACME-A005185,ACME-L01947,email,2026-08-03 22:48:33,sent,Dana Whitfield
ACME-A005186,ACME-L01874,Call,2026-08-03 23:26:33,connected,Priya Raman
ACME-A005187,ACME-L01964,call,2026-08-04 00:19:03,voicemail,Jordan Ellis
ACME-A005188,ACME-L01961,call,2026-08-04 00:33:51,connected,Priya Raman
ACME-A005189,ACME-L01809,email,2026-08-04 00:45:37,replied,Owen Brooks
ACME-A005190,ACME-L01968,Email,2026-08-04 00:49:46,sent,Dana Whitfield
ACME-A005191,ACME-L01925,email,2026-08-04 00:53:18,sent,Sofia Alvarez
ACME-A005192,ACME-L01838,call,2026-08-04 01:01:29,no_answer,Sofia Alvarez
ACME-A005193,ACME-L01700,email,2026-08-04 01:50:27,sent,Grace Kim
ACME-A005194,ACME-L01571,email,2026-08-04 01:57:11,sent,Priya Raman
ACME-A005195,ACME-L01911,Email,2026-08-04 02:28:36,sent,Sofia Alvarez
ACME-A005196,ACME-L01973,email,2026-08-04 05:59:01,sent,Jordan Ellis
ACME-A005197,ACME-L01836,email,2026-08-04 06:12:40,replied,Dana Whitfield
ACME-A005198,ACME-L01802,call,2026-08-04 06:16:56,no_answer,Priya Raman
ACME-A005199,ACME-L01735,email,2026-08-04 06:24:56,sent,Marcus Lee
ACME-A005200,ACME-L01975,call,2026-08-04 07:36:29,connected,Grace Kim
ACME-A005201,ACME-L01919,email,2026-08-04 08:17:20,sent,Priya Raman
ACME-A005202,ACME-L01908,call,2026-08-04 08:38:58,voicemail,Marcus Lee
ACME-A005203,ACME-L01925,email,2026-08-04 09:10:25,sent,Sofia Alvarez
ACME-A005204,ACME-L01974,call,2026-08-04 09:22:43,voicemail,Jordan Ellis
ACME-A005205,ACME-L01977,email,2026-08-04 09:24:36,sent,Grace Kim
ACME-A005206,ACME-L01728,meeting,2026-08-04 10:51:45,no_show,Marcus Lee
ACME-A005207,ACME-L01940,call,2026-08-04 11:16:16,voicemail,Priya Raman
ACME-A005208,ACME-L01981,email,2026-08-04 11:30:59,sent,Marcus Lee
ACME-A005209,ACME-L01979,email,2026-08-04 11:40:30,replied,Priya Raman
ACME-A005210,ACME-L01681,call,2026-08-04 12:03:15,connected,Jordan Ellis
ACME-A005211,ACME-L01982,call,2026-08-04 12:15:26,no_answer,Priya Raman
ACME-A005212,ACME-L01921,meeting,2026-08-04 12:45:45,rescheduled,Priya Raman
ACME-A005213,ACME-L01925,call,2026-08-04 12:55:27,no_answer,Sofia Alvarez
ACME-A005214,ACME-L01795,call,2026-08-04 13:01:59,no_answer,Grace Kim
ACME-A005215,ACME-L01302,CALL,2026-08-04 13:40:34,voicemail,Grace Kim
ACME-A005216,ACME-L01749,call,2026-08-04 13:44:04,no_answer,Dana Whitfield
ACME-A005217,ACME-L01828,call,2026-08-04 14:23:27,connected,Dana Whitfield
ACME-A005218,ACME-L01677,email,2026-08-04 15:15:28,sent,Priya Raman
ACME-A005219,ACME-L01808,email,2026-08-04 15:23:01,sent,Dana Whitfield
ACME-A005220,ACME-L01792,email,2026-08-04 16:09:10,replied,Sofia Alvarez
ACME-A005221,ACME-L01904,call,2026-08-04 16:37:42,no_answer,Dana Whitfield
ACME-A005222,ACME-L01988,call,2026-08-04 17:52:49,no_answer,Marcus Lee
ACME-A005223,ACME-L01868,call,2026-08-04 17:58:13,connected,Dana Whitfield
ACME-A005224,ACME-L01985,call,2026-08-04 18:06:11,no_answer,Priya Raman
ACME-A005225,ACME-L01821,email,2026-08-04 18:30:23,sent,Marcus Lee
ACME-A005226,ACME-L01984,call,2026-08-04 19:07:29,no_answer,Grace Kim
ACME-A005227,ACME-L01943,email,2026-08-04 19:16:58,sent,Marcus Lee
ACME-A005228,ACME-L01938,call,2026-08-04 19:50:27,connected,Priya Raman
ACME-A005229,ACME-L01849,call,2026-08-04 19:53:30,connected,Dana Whitfield
ACME-A005230,ACME-L01811,call,2026-08-04 20:01:44,connected,Jordan Ellis
ACME-A005231,ACME-L01796,call,2026-08-04 20:22:09,connected,Jordan Ellis
ACME-A005232,ACME-L01994,call,2026-08-04 20:29:25,connected,Sofia Alvarez
ACME-A005233,ACME-L01427,Email,2026-08-04 20:46:01,sent,Jordan Ellis
ACME-A005234,ACME-L01990,call,2026-08-04 20:46:20,voicemail,Jordan Ellis
ACME-A005235,ACME-L01993,email,2026-08-04 20:59:32,sent,Jordan Ellis
ACME-A005236,ACME-L01989,call,2026-08-04 21:13:04,connected,Priya Raman
ACME-A005237,ACME-L01980,Email,2026-08-04 21:56:33,bounced,Dana Whitfield
ACME-A005238,ACME-L01991,email,2026-08-04 22:49:52,sent,Dana Whitfield
ACME-A005239,ACME-L01977,email,2026-08-04 22:51:32,sent,Grace Kim
ACME-A005240,ACME-L01978,email,2026-08-04 23:00:22,sent,Sofia Alvarez
ACME-A005241,ACME-L01537,email,2026-08-04 23:02:05,sent,Jordan Ellis
ACME-A005242,ACME-L01903,call,2026-08-05 00:25:38,no_answer,Jordan Ellis
ACME-A005243,ACME-L01995,call,2026-08-05 01:29:29,no_answer,Dana Whitfield
ACME-A005244,ACME-L01966,email,2026-08-05 01:36:09,sent,Marcus Lee
ACME-A005245,ACME-L01811,email,2026-08-05 01:48:06,replied,Jordan Ellis
ACME-A005246,ACME-L01976,call,2026-08-05 02:17:05,connected,Grace Kim
ACME-A005247,ACME-L01997,call,2026-08-05 02:48:40,connected,Priya Raman
ACME-A005248,ACME-L01849,meeting,2026-08-05 03:11:20,held,Dana Whitfield
ACME-A005249,ACME-L01929,email,2026-08-05 03:39:35,replied,Priya Raman
ACME-A005250,ACME-L01698,email,2026-08-05 03:42:33,sent,Sofia Alvarez
ACME-A005251,ACME-L01843,CALL,2026-08-05 03:57:46,no_answer,Owen Brooks
ACME-A005252,ACME-L01983,email,2026-08-05 04:30:26,replied,Marcus Lee
ACME-A005253,ACME-L01896,call,2026-08-05 04:34:34,voicemail,Dana Whitfield
ACME-A005254,ACME-L01778,email,2026-08-05 04:41:41,bounced,Jordan Ellis
ACME-A005255,ACME-L01816,call,2026-08-05 05:03:39,connected,Dana Whitfield
ACME-A005256,ACME-L01992,email,2026-08-05 05:17:14,sent,Acme Round Robin
ACME-A005257,ACME-L01987,email,2026-08-05 05:40:13,sent,Marcus Lee
ACME-A005258,ACME-L01978,meeting,2026-08-05 05:40:24,held,Sofia Alvarez
ACME-A005259,ACME-L01873,email,2026-08-05 05:54:37,replied,Marcus Lee
ACME-A005260,ACME-L01946,email,2026-08-05 06:07:03,sent,Marcus Lee
ACME-A005261,ACME-L01766,call,2026-08-05 06:31:44,voicemail,Jordan Ellis
ACME-A005262,ACME-L01883,meeting,2026-08-05 06:51:05,held,Owen Brooks
ACME-A005263,ACME-L01929,email,2026-08-05 07:08:54,replied,Priya Raman
ACME-A005264,ACME-L01990,email,2026-08-05 07:58:55,sent,Jordan Ellis
ACME-A005265,ACME-L01999,CALL,2026-08-05 08:26:28,voicemail,Sofia Alvarez
ACME-A005266,ACME-L01986,email,2026-08-05 09:34:31,sent,Marcus Lee
ACME-A005267,ACME-L02000,email,2026-08-05 10:33:34,sent,Dana Whitfield
ACME-A005268,ACME-L01797,Email,2026-08-05 10:38:02,replied,Jordan Ellis
ACME-A005269,ACME-L02001,email,2026-08-05 10:39:29,sent,Jordan Ellis
ACME-A005270,ACME-L02002,call,2026-08-05 11:21:21,no_answer,Priya Raman
ACME-A005271,ACME-L01907,email,2026-08-05 11:25:27,sent,Dana Whitfield
ACME-A005272,ACME-L01751,call,2026-08-05 11:28:08,connected,Priya Raman
ACME-A005273,ACME-L01849,call,2026-08-05 11:51:43,no_answer,Dana Whitfield
ACME-A005274,ACME-L02006,email,2026-08-05 12:45:32,sent,Dana Whitfield
ACME-A005275,ACME-L01676,email,2026-08-05 12:48:52,sent,Acme Round Robin
ACME-A005276,ACME-L01770,email,2026-08-05 13:07:03,sent,Marcus Lee
ACME-A005277,ACME-L02003,call,2026-08-05 13:17:02,connected,Owen Brooks
ACME-A005278,ACME-L01819,Call,2026-08-05 13:19:05,no_answer,Dana Whitfield
ACME-A005279,ACME-L01996,email,2026-08-05 13:58:47,sent,Jordan Ellis
ACME-A005280,ACME-L02009,call,2026-08-05 14:53:29,voicemail,Acme Round Robin
ACME-A005281,ACME-L01967,call,2026-08-05 15:19:49,no_answer,Dana Whitfield
ACME-A005282,ACME-L01921,call,2026-08-05 15:29:09,voicemail,Priya Raman
ACME-A005283,ACME-L01787,call,2026-08-05 15:34:10,no_answer,Dana Whitfield
ACME-A005284,ACME-L01966,MEETING,2026-08-05 16:16:21,held,Marcus Lee
ACME-A005285,ACME-L01998,call,2026-08-05 16:16:42,voicemail,Marcus Lee
ACME-A005286,ACME-L02003,call,2026-08-05 19:15:05,connected,Owen Brooks
ACME-A005287,ACME-L02008,email,2026-08-05 20:14:00,sent,Sofia Alvarez
ACME-A005288,ACME-L01851,CALL,2026-08-05 20:16:41,connected,Marcus Lee
ACME-A005289,ACME-L01950,email,2026-08-05 20:55:25,replied,Marcus Lee
ACME-A005290,ACME-L02005,email,2026-08-05 21:13:58,sent,Priya Raman
ACME-A005291,ACME-L02004,email,2026-08-05 21:30:32,sent,Priya Raman
ACME-A005292,ACME-L02010,call,2026-08-05 22:52:11,voicemail,Sofia Alvarez
ACME-A005293,ACME-L01817,email,2026-08-05 23:11:17,sent,Dana Whitfield
ACME-A005294,ACME-L01911,call,2026-08-06 00:39:57,no_answer,Sofia Alvarez
ACME-A005295,ACME-L01895,email,2026-08-06 03:06:19,replied,Priya Raman
ACME-A005296,ACME-L01428,meeting,2026-08-06 03:52:06,rescheduled,Dana Whitfield
ACME-A005297,ACME-L01741,call,2026-08-06 03:54:50,no_answer,Sofia Alvarez
ACME-A005298,ACME-L01983,call,2026-08-06 04:24:31,no_answer,Marcus Lee
ACME-A005299,ACME-L01821,call,2026-08-06 04:40:00,no_answer,Marcus Lee
ACME-A005300,ACME-L02007,call,2026-08-06 04:46:21,voicemail,Dana Whitfield
ACME-A005301,ACME-L02012,call,2026-08-06 07:19:41,no_answer,Priya Raman
ACME-A005302,ACME-L01791,call,2026-08-06 07:26:56,no_answer,Owen Brooks
ACME-A005303,ACME-L01505,email,2026-08-06 09:24:58,sent,Dana Whitfield
ACME-A005304,ACME-L02016,call,2026-08-06 09:59:31,no_answer,Owen Brooks
ACME-A005305,ACME-L02014,Email,2026-08-06 10:09:01,sent,Jordan Ellis
ACME-A005306,ACME-L02017,email,2026-08-06 10:43:14,sent,Acme Round Robin
ACME-A005307,ACME-L01428,EMAIL,2026-08-06 11:39:45,replied,Dana Whitfield
ACME-A005308,ACME-L02011,call,2026-08-06 12:03:36,connected,Dana Whitfield
ACME-A005309,ACME-L02019,email,2026-08-06 12:54:58,sent,Marcus Lee
ACME-A005310,ACME-L02022,email,2026-08-06 13:11:19,sent,Dana Whitfield
ACME-A005311,ACME-L02015,call,2026-08-06 13:35:41,no_answer,Sofia Alvarez
ACME-A005312,ACME-L02025,call,2026-08-06 14:18:48,connected,Marcus Lee
ACME-A005313,ACME-L02004,email,2026-08-06 15:41:22,sent,Priya Raman
ACME-A005314,ACME-L02027,email,2026-08-06 16:00:29,bounced,Jordan Ellis
ACME-A005315,ACME-L02017,call,2026-08-06 16:11:40,voicemail,Acme Round Robin
ACME-A005316,ACME-L01952,email,2026-08-06 16:27:12,sent,Marcus Lee
ACME-A005317,ACME-L02029,call,2026-08-06 16:36:52,no_answer,Dana Whitfield
ACME-A005318,ACME-L02007,call,2026-08-06 16:41:59,connected,Dana Whitfield
ACME-A005319,ACME-L02020,call,2026-08-06 16:54:46,no_answer,Jordan Ellis
ACME-A005320,ACME-L02013,call,2026-08-06 17:06:33,no_answer,Dana Whitfield
ACME-A005321,ACME-L02018,call,2026-08-06 17:09:14,voicemail,Owen Brooks
ACME-A005322,ACME-L02026,call,2026-08-06 17:30:18,no_answer,Dana Whitfield
ACME-A005323,ACME-L01900,email,2026-08-06 17:34:42,sent,Marcus Lee
ACME-A005324,ACME-L02028,email,2026-08-06 17:40:37,replied,Sofia Alvarez
ACME-A005325,ACME-L02010,email,2026-08-06 17:53:14,sent,Sofia Alvarez
ACME-A005326,ACME-L01913,call,2026-08-06 18:10:15,connected,Jordan Ellis
ACME-A005327,ACME-L02021,email,2026-08-06 18:25:48,sent,Jordan Ellis
ACME-A005328,ACME-L02031,call,2026-08-06 18:32:37,connected,Marcus Lee
ACME-A005329,ACME-L02015,call,2026-08-06 19:29:01,voicemail,Sofia Alvarez
ACME-A005330,ACME-L02030,call,2026-08-06 20:04:52,no_answer,Dana Whitfield
ACME-A005331,ACME-L01929,email,2026-08-06 20:06:56,sent,Priya Raman
ACME-A005332,ACME-L01280,email,2026-08-06 20:57:40,replied,Dana Whitfield
ACME-A005333,ACME-L01735,meeting,2026-08-06 21:09:37,held,Marcus Lee
ACME-A005334,ACME-L01897,call,2026-08-06 22:04:32,voicemail,Priya Raman
ACME-A005335,ACME-L01793,call,2026-08-07 01:08:59,connected,Jordan Ellis
ACME-A005336,ACME-L02024,call,2026-08-07 02:22:08,voicemail,Dana Whitfield
ACME-A005337,ACME-L02017,call,2026-08-07 03:04:59,voicemail,Acme Round Robin
ACME-A005338,ACME-L01906,call,2026-08-07 03:16:25,no_answer,Dana Whitfield
ACME-A005339,ACME-L01905,email,2026-08-07 03:20:14,sent,Marcus Lee
ACME-A005340,ACME-L02023,call,2026-08-07 03:37:59,connected,Grace Kim
ACME-A005341,ACME-L01589,call,2026-08-07 04:28:05,connected,Owen Brooks
ACME-A005342,ACME-L02032,email,2026-08-07 04:37:51,sent,Grace Kim
ACME-A005343,ACME-L01734,call,2026-08-07 05:42:04,connected,Owen Brooks
ACME-A005344,ACME-L01990,email,2026-08-07 05:44:58,replied,Jordan Ellis
ACME-A005345,ACME-L01897,email,2026-08-07 06:11:31,replied,Priya Raman
ACME-A005346,ACME-L01950,call,2026-08-07 07:26:17,voicemail,Marcus Lee
ACME-A005347,ACME-L01959,call,2026-08-07 07:32:05,connected,Owen Brooks
ACME-A005348,ACME-L02028,call,2026-08-07 07:43:52,no_answer,Sofia Alvarez
ACME-A005349,ACME-L02011,meeting,2026-08-07 07:49:31,held,Dana Whitfield
ACME-A005350,ACME-L01772,call,2026-08-07 07:59:47,connected,Priya Raman
ACME-A005351,ACME-L02011,email,2026-08-07 08:00:30,sent,Dana Whitfield
ACME-A005352,ACME-L02033,call,2026-08-07 08:26:13,no_answer,Sofia Alvarez
ACME-A005353,ACME-L01843,call,2026-08-07 09:58:59,connected,Owen Brooks
ACME-A005354,ACME-L01996,call,2026-08-07 10:40:17,no_answer,Jordan Ellis
ACME-A005355,ACME-L01827,Call,2026-08-07 11:09:22,voicemail,Dana Whitfield
ACME-A005356,ACME-L01807,call,2026-08-07 11:42:46,voicemail,Owen Brooks
ACME-A005357,ACME-L02037,call,2026-08-07 12:12:26,connected,Grace Kim
ACME-A005358,ACME-L02040,email,2026-08-07 12:46:13,sent,Marcus Lee
ACME-A005359,ACME-L02038,email,2026-08-07 12:46:38,replied,Marcus Lee
ACME-A005360,ACME-L01987,call,2026-08-07 13:07:03,no_answer,Marcus Lee
ACME-A005361,ACME-L02035,email,2026-08-07 13:37:58,sent,Owen Brooks
ACME-A005362,ACME-L02011,call,2026-08-07 14:00:11,no_answer,Dana Whitfield
ACME-A005363,ACME-L02036,call,2026-08-07 14:56:03,no_answer,Grace Kim
ACME-A005364,ACME-L02042,Email,2026-08-07 15:04:46,replied,Grace Kim
ACME-A005365,ACME-L01811,email,2026-08-07 15:24:05,sent,Jordan Ellis
ACME-A005366,ACME-L02046,email,2026-08-07 16:11:46,sent,Marcus Lee
ACME-A005367,ACME-L02035,call,2026-08-07 17:02:35,connected,Owen Brooks
ACME-A005368,ACME-L01968,email,2026-08-07 18:24:47,sent,Dana Whitfield
ACME-A005369,ACME-L02039,Email,2026-08-07 18:36:28,sent,Owen Brooks
ACME-A005370,ACME-L02043,email,2026-08-07 18:51:09,sent,Dana Whitfield
ACME-A005371,ACME-L01789,call,2026-08-07 19:20:26,voicemail,Marcus Lee
ACME-A005372,ACME-L02050,call,2026-08-07 20:57:30,no_answer,Marcus Lee
ACME-A005373,ACME-L02045,call,2026-08-07 20:59:00,no_answer,Owen Brooks
ACME-A005374,ACME-L02044,email,2026-08-07 21:12:06,replied,Jordan Ellis
ACME-A005375,ACME-L01921,email,2026-08-07 21:56:46,sent,Priya Raman
ACME-A005376,ACME-L01946,CALL,2026-08-07 22:03:38,connected,Marcus Lee
ACME-A005377,ACME-L02017,email,2026-08-07 22:06:22,replied,Acme Round Robin
ACME-A005378,ACME-L01986,email,2026-08-07 22:10:48,replied,Marcus Lee
ACME-A005379,ACME-L02052,email,2026-08-07 22:32:12,sent,Dana Whitfield
ACME-A005380,ACME-L02049,email,2026-08-07 22:33:23,sent,Priya Raman
ACME-A005381,ACME-L01927,call,2026-08-07 23:02:42,connected,Marcus Lee
ACME-A005382,ACME-L02047,call,2026-08-07 23:14:13,voicemail,Jordan Ellis
ACME-A005383,ACME-L01996,call,2026-08-07 23:28:24,connected,Jordan Ellis
ACME-A005384,ACME-L02010,call,2026-08-07 23:37:10,no_answer,Sofia Alvarez
ACME-A005385,ACME-L02034,call,2026-08-08 00:42:08,connected,Dana Whitfield
ACME-A005386,ACME-L02041,email,2026-08-08 01:10:20,sent,Priya Raman
ACME-A005387,ACME-L01561,call,2026-08-08 01:33:15,connected,Jordan Ellis
ACME-A005388,ACME-L02051,call,2026-08-08 02:17:12,voicemail,Dana Whitfield
ACME-A005389,ACME-L02056,email,2026-08-08 02:44:02,sent,Grace Kim
ACME-A005390,ACME-L02042,call,2026-08-08 03:11:29,no_answer,Grace Kim
ACME-A005391,ACME-L01908,email,2026-08-08 03:28:02,sent,Marcus Lee
ACME-A005392,ACME-L02017,EMAIL,2026-08-08 05:36:28,sent,Acme Round Robin
ACME-A005393,ACME-L01948,email,2026-08-08 06:04:45,sent,Priya Raman
ACME-A005394,ACME-L01945,email,2026-08-08 06:34:53,replied,Marcus Lee
ACME-A005395,ACME-L01942,call,2026-08-08 06:44:10,connected,Jordan Ellis
ACME-A005396,ACME-L01834,call,2026-08-08 07:11:16,voicemail,Jordan Ellis
ACME-A005397,ACME-L02057,call,2026-08-08 07:21:08,voicemail,Marcus Lee
ACME-A005398,ACME-L02055,email,2026-08-08 07:22:24,sent,Priya Raman
ACME-A005399,ACME-L01815,call,2026-08-08 07:34:07,no_answer,Owen Brooks
ACME-A005400,ACME-L01940,EMAIL,2026-08-08 07:35:08,sent,Priya Raman
ACME-A005401,ACME-L01866,Call,2026-08-08 07:52:55,no_answer,Dana Whitfield
ACME-A005402,ACME-L02058,email,2026-08-08 08:05:37,replied,Jordan Ellis
ACME-A005403,ACME-L01983,Call,2026-08-08 08:51:51,no_answer,Marcus Lee
ACME-A005404,ACME-L01879,CALL,2026-08-08 10:07:41,no_answer,Priya Raman
ACME-A005405,ACME-L02053,call,2026-08-08 10:35:04,no_answer,Jordan Ellis
ACME-A005406,ACME-L01991,Email,2026-08-08 10:35:07,sent,Dana Whitfield
ACME-A005407,ACME-L02054,email,2026-08-08 12:18:13,replied,Marcus Lee
ACME-A005408,ACME-L01874,call,2026-08-08 13:05:59,voicemail,Priya Raman
ACME-A005409,ACME-L01983,call,2026-08-08 14:40:57,no_answer,Marcus Lee
ACME-A005410,ACME-L01894,call,2026-08-08 15:36:57,connected,Priya Raman
ACME-A005411,ACME-L01786,call,2026-08-08 15:59:26,no_answer,Owen Brooks
ACME-A005412,ACME-L01749,email,2026-08-08 16:06:08,replied,Dana Whitfield
ACME-A005413,ACME-L02048,Email,2026-08-08 16:42:48,sent,Grace Kim
ACME-A005414,ACME-L01753,call,2026-08-08 17:09:16,no_answer,Marcus Lee
ACME-A005415,ACME-L02011,call,2026-08-08 17:13:02,no_answer,Dana Whitfield
ACME-A005416,ACME-L02048,email,2026-08-08 17:16:31,sent,Grace Kim
ACME-A005417,ACME-L02059,email,2026-08-08 17:28:49,replied,Dana Whitfield
ACME-A005418,ACME-L02041,email,2026-08-08 17:52:16,replied,Priya Raman
ACME-A005419,ACME-L01880,call,2026-08-08 19:43:57,connected,Dana Whitfield
ACME-A005420,ACME-L01954,EMAIL,2026-08-08 20:57:29,sent,Sofia Alvarez
ACME-A005421,ACME-L02017,Call,2026-08-08 22:08:00,connected,Acme Round Robin
ACME-A005422,ACME-L01989,call,2026-08-08 23:19:17,connected,Priya Raman
ACME-A005423,ACME-L01482,call,2026-08-09 00:01:31,voicemail,Owen Brooks
ACME-A005424,ACME-L01946,call,2026-08-09 00:01:45,connected,Marcus Lee
ACME-A005425,ACME-L01814,email,2026-08-09 00:13:46,sent,Dana Whitfield
ACME-A005426,ACME-L01886,call,2026-08-09 00:45:22,connected,Marcus Lee
ACME-A005427,ACME-L02060,email,2026-08-09 00:47:07,sent,Dana Whitfield
ACME-A005428,ACME-L01874,meeting,2026-08-09 01:33:54,held,Priya Raman
ACME-A005429,ACME-L01779,email,2026-08-09 02:18:12,replied,Dana Whitfield
ACME-A005430,ACME-L02011,EMAIL,2026-08-09 04:30:31,sent,Dana Whitfield
ACME-A005431,ACME-L01927,EMAIL,2026-08-09 04:56:18,sent,Marcus Lee
ACME-A005432,ACME-L01977,Email,2026-08-09 04:58:15,sent,Grace Kim
ACME-A005433,ACME-L02011,meeting,2026-08-09 05:07:23,held,Dana Whitfield
ACME-A005434,ACME-L01820,call,2026-08-09 05:56:26,no_answer,Grace Kim
ACME-A005435,ACME-L01920,call,2026-08-09 06:26:32,connected,Dana Whitfield
ACME-A005436,ACME-L02048,call,2026-08-09 07:01:06,no_answer,Grace Kim
ACME-A005437,ACME-L01984,call,2026-08-09 07:36:38,voicemail,Grace Kim
ACME-A005438,ACME-L02059,call,2026-08-09 08:43:14,no_answer,Dana Whitfield
ACME-A005439,ACME-L01827,email,2026-08-09 08:46:02,sent,Dana Whitfield
ACME-A005440,ACME-L02053,email,2026-08-09 09:09:26,replied,Jordan Ellis
ACME-A005441,ACME-L02043,email,2026-08-09 09:53:19,bounced,Dana Whitfield
ACME-A005442,ACME-L02063,call,2026-08-09 12:21:54,voicemail,Dana Whitfield
ACME-A005443,ACME-L01788,email,2026-08-09 12:39:23,replied,Jordan Ellis
ACME-A005444,ACME-L01896,email,2026-08-09 13:43:54,sent,Dana Whitfield
ACME-A005445,ACME-L02001,call,2026-08-09 15:48:24,no_answer,Jordan Ellis
ACME-A005446,ACME-L01945,email,2026-08-09 16:28:21,sent,Marcus Lee
ACME-A005447,ACME-L01870,EMAIL,2026-08-09 18:03:46,sent,Grace Kim
ACME-A005448,ACME-L02062,call,2026-08-09 18:16:19,voicemail,Priya Raman
ACME-A005449,ACME-L01853,email,2026-08-09 18:58:52,sent,Jordan Ellis
ACME-A005450,ACME-L01589,email,2026-08-09 19:20:03,bounced,Owen Brooks
ACME-A005451,ACME-L02065,email,2026-08-09 19:31:36,sent,Grace Kim
ACME-A005452,ACME-L02064,call,2026-08-09 19:51:34,no_answer,Sofia Alvarez
ACME-A005453,ACME-L01537,email,2026-08-09 20:09:09,sent,Jordan Ellis
ACME-A005454,ACME-L01537,meeting,2026-08-09 21:25:53,held,Jordan Ellis
ACME-A005455,ACME-L01987,call,2026-08-09 21:29:50,connected,Marcus Lee
ACME-A005456,ACME-L02012,call,2026-08-09 23:13:12,connected,Priya Raman
ACME-A005457,ACME-L01998,email,2026-08-09 23:29:18,sent,Marcus Lee
ACME-A005458,ACME-L01786,call,2026-08-09 23:32:46,no_answer,Owen Brooks
ACME-A005459,ACME-L01935,call,2026-08-09 23:53:57,connected,Priya Raman
ACME-A005460,ACME-L01921,email,2026-08-10 00:24:42,sent,Priya Raman
ACME-A005461,ACME-L02048,email,2026-08-10 00:42:50,replied,Grace Kim
ACME-A005462,ACME-L01427,email,2026-08-10 01:48:08,sent,Jordan Ellis
ACME-A005463,ACME-L01700,call,2026-08-10 03:53:55,no_answer,Grace Kim
ACME-A005464,ACME-L01830,call,2026-08-10 04:09:53,voicemail,Priya Raman
ACME-A005465,ACME-L02006,meeting,2026-08-10 04:48:52,held,Dana Whitfield
ACME-A005466,ACME-L01797,meeting,2026-08-10 05:41:37,held,Jordan Ellis
ACME-A005467,ACME-L02067,email,2026-08-10 05:50:18,replied,Grace Kim
ACME-A005468,ACME-L01842,call,2026-08-10 05:52:22,voicemail,Jordan Ellis
ACME-A005469,ACME-L01821,call,2026-08-10 05:59:37,no_answer,Marcus Lee
ACME-A005470,ACME-L01817,EMAIL,2026-08-10 07:18:44,replied,Dana Whitfield
ACME-A005471,ACME-L01947,call,2026-08-10 07:28:54,connected,Dana Whitfield
ACME-A005472,ACME-L01828,email,2026-08-10 07:58:30,sent,Dana Whitfield
ACME-A005473,ACME-L02032,Email,2026-08-10 08:56:32,sent,Grace Kim
ACME-A005474,ACME-L01956,email,2026-08-10 09:32:02,sent,Sofia Alvarez
ACME-A005475,ACME-L02069,call,2026-08-10 11:10:37,voicemail,Marcus Lee
ACME-A005476,ACME-L01117,call,2026-08-10 12:21:15,voicemail,Sofia Alvarez
ACME-A005477,ACME-L02068,email,2026-08-10 12:29:00,sent,Grace Kim
ACME-A005478,ACME-L02074,Email,2026-08-10 12:50:10,sent,Sofia Alvarez
ACME-A005479,ACME-L02073,call,2026-08-10 13:27:18,connected,Jordan Ellis
ACME-A005480,ACME-L02066,call,2026-08-10 13:59:08,no_answer,Jordan Ellis
ACME-A005481,ACME-L02061,call,2026-08-10 14:24:17,connected,Sofia Alvarez
ACME-A005482,ACME-L02080,email,2026-08-10 14:32:36,sent,Jordan Ellis
ACME-A005483,ACME-L01815,call,2026-08-10 14:59:09,no_answer,Owen Brooks
ACME-A005484,ACME-L01919,call,2026-08-10 15:03:52,connected,Priya Raman
ACME-A005485,ACME-L02072,email,2026-08-10 15:09:00,sent,Priya Raman
ACME-A005486,ACME-L02075,email,2026-08-10 17:07:59,replied,Owen Brooks
ACME-A005487,ACME-L02077,call,2026-08-10 17:12:14,voicemail,Owen Brooks
ACME-A005488,ACME-L02084,email,2026-08-10 17:27:05,sent,Jordan Ellis
ACME-A005489,ACME-L02082,email,2026-08-10 17:58:33,sent,Priya Raman
ACME-A005490,ACME-L02081,email,2026-08-10 18:19:04,sent,Marcus Lee
ACME-A005491,ACME-L02078,email,2026-08-10 18:50:00,replied,Priya Raman
ACME-A005492,ACME-L01969,call,2026-08-10 19:46:17,voicemail,Dana Whitfield
ACME-A005493,ACME-L01983,email,2026-08-10 20:31:06,replied,Marcus Lee
ACME-A005494,ACME-L02031,call,2026-08-10 20:42:23,connected,Marcus Lee
ACME-A005495,ACME-L01908,call,2026-08-10 20:43:45,voicemail,Marcus Lee
ACME-A005496,ACME-L02071,email,2026-08-10 20:46:50,replied,Jordan Ellis
ACME-A005497,ACME-L02083,CALL,2026-08-10 20:52:11,connected,Marcus Lee
ACME-A005498,ACME-L01983,call,2026-08-10 20:55:12,voicemail,Marcus Lee
ACME-A005499,ACME-L01788,email,2026-08-10 21:30:31,sent,Jordan Ellis
ACME-A005500,ACME-L02070,EMAIL,2026-08-10 21:40:02,replied,Grace Kim
ACME-A005501,ACME-L02088,email,2026-08-10 22:51:58,bounced,Jordan Ellis
ACME-A005502,ACME-L02076,call,2026-08-11 00:04:25,no_answer,Sofia Alvarez
ACME-A005503,ACME-L02090,email,2026-08-11 00:58:15,sent,Sofia Alvarez
ACME-A005504,ACME-L01798,email,2026-08-11 02:31:38,sent,Jordan Ellis
ACME-A005505,ACME-L02092,email,2026-08-11 02:33:39,sent,Marcus Lee
ACME-A005506,ACME-L02087,EMAIL,2026-08-11 02:36:55,sent,Grace Kim
ACME-A005507,ACME-L01895,email,2026-08-11 03:48:07,sent,Priya Raman
ACME-A005508,ACME-L02089,call,2026-08-11 04:21:00,no_answer,Dana Whitfield
ACME-A005509,ACME-L02079,call,2026-08-11 04:38:07,no_answer,Marcus Lee
ACME-A005510,ACME-L02085,call,2026-08-11 04:55:42,voicemail,Jordan Ellis
ACME-A005511,ACME-L02081,call,2026-08-11 06:21:02,voicemail,Marcus Lee
ACME-A005512,ACME-L02059,EMAIL,2026-08-11 06:38:12,sent,Dana Whitfield
ACME-A005513,ACME-L01878,CALL,2026-08-11 07:33:00,no_answer,Marcus Lee
ACME-A005514,ACME-L02086,call,2026-08-11 08:41:57,no_answer,Marcus Lee
ACME-A005515,ACME-L02009,EMAIL,2026-08-11 09:10:52,sent,Acme Round Robin
ACME-A005516,ACME-L02097,CALL,2026-08-11 09:14:28,connected,Dana Whitfield
ACME-A005517,ACME-L02059,email,2026-08-11 09:41:31,sent,Dana Whitfield
ACME-A005518,ACME-L01894,email,2026-08-11 11:10:44,sent,Priya Raman
ACME-A005519,ACME-L02069,call,2026-08-11 11:13:35,no_answer,Marcus Lee
ACME-A005520,ACME-L01880,email,2026-08-11 12:04:54,sent,Dana Whitfield
ACME-A005521,ACME-L02093,call,2026-08-11 12:22:36,no_answer,Marcus Lee
ACME-A005522,ACME-L02103,email,2026-08-11 13:15:26,sent,Marcus Lee
ACME-A005523,ACME-L02096,call,2026-08-11 13:18:20,connected,Marcus Lee
ACME-A005524,ACME-L01966,call,2026-08-11 13:24:39,no_answer,Marcus Lee
ACME-A005525,ACME-L02102,call,2026-08-11 13:44:20,voicemail,Dana Whitfield
ACME-A005526,ACME-L01927,call,2026-08-11 14:31:00,connected,Marcus Lee
ACME-A005527,ACME-L01958,call,2026-08-11 14:40:08,connected,Jordan Ellis
ACME-A005528,ACME-L01427,email,2026-08-11 15:07:39,sent,Jordan Ellis
ACME-A005529,ACME-L01778,call,2026-08-11 15:24:41,no_answer,Jordan Ellis
ACME-A005530,ACME-L02094,email,2026-08-11 16:15:12,sent,Dana Whitfield
ACME-A005531,ACME-L01996,call,2026-08-11 16:19:55,voicemail,Jordan Ellis
ACME-A005532,ACME-L01855,email,2026-08-11 16:31:45,sent,Owen Brooks
ACME-A005533,ACME-L02091,email,2026-08-11 16:34:35,replied,Owen Brooks
ACME-A005534,ACME-L01927,email,2026-08-11 17:12:18,sent,Marcus Lee
ACME-A005535,ACME-L02107,call,2026-08-11 17:19:16,voicemail,Owen Brooks
ACME-A005536,ACME-L01947,call,2026-08-11 17:19:46,voicemail,Dana Whitfield
ACME-A005537,ACME-L02108,email,2026-08-11 17:35:52,sent,Grace Kim
ACME-A005538,ACME-L02101,Call,2026-08-11 17:37:25,connected,Owen Brooks
ACME-A005539,ACME-L02098,call,2026-08-11 18:03:16,connected,Dana Whitfield
ACME-A005540,ACME-L00969,call,2026-08-11 18:25:44,no_answer,Priya Raman
ACME-A005541,ACME-L02106,email,2026-08-11 19:42:30,sent,Marcus Lee
ACME-A005542,ACME-L01873,email,2026-08-11 20:23:50,sent,Marcus Lee
ACME-A005543,ACME-L01987,EMAIL,2026-08-11 20:24:08,sent,Marcus Lee
ACME-A005544,ACME-L01983,email,2026-08-11 20:37:22,sent,Marcus Lee
ACME-A005545,ACME-L02105,CALL,2026-08-11 21:43:45,connected,Dana Whitfield
ACME-A005546,ACME-L02099,email,2026-08-11 21:44:26,sent,Jordan Ellis
ACME-A005547,ACME-L01985,call,2026-08-11 23:14:52,no_answer,Priya Raman
ACME-A005548,ACME-L02109,email,2026-08-11 23:17:06,sent,Grace Kim
ACME-A005549,ACME-L01914,email,2026-08-12 01:01:09,sent,Marcus Lee
ACME-A005550,ACME-L02071,email,2026-08-12 02:04:20,sent,Jordan Ellis
ACME-A005551,ACME-L01797,call,2026-08-12 02:50:41,no_answer,Jordan Ellis
ACME-A005552,ACME-L01977,Email,2026-08-12 04:32:05,replied,Grace Kim
ACME-A005553,ACME-L02110,call,2026-08-12 05:14:40,connected,Jordan Ellis
ACME-A005554,ACME-L01903,meeting,2026-08-12 05:17:26,no_show,Jordan Ellis
ACME-A005555,ACME-L02100,email,2026-08-12 06:05:23,sent,Grace Kim
ACME-A005556,ACME-L01957,call,2026-08-12 07:04:17,connected,Sofia Alvarez
ACME-A005557,ACME-L02112,email,2026-08-12 08:00:38,bounced,Priya Raman
ACME-A005558,ACME-L02113,call,2026-08-12 08:48:02,no_answer,Sofia Alvarez
ACME-A005559,ACME-L02114,call,2026-08-12 09:11:03,connected,Owen Brooks
ACME-A005560,ACME-L02037,call,2026-08-12 09:47:06,connected,Grace Kim
ACME-A005561,ACME-L02117,email,2026-08-12 10:16:08,sent,Jordan Ellis
ACME-A005562,ACME-L02116,email,2026-08-12 10:26:21,sent,Grace Kim
ACME-A005563,ACME-L02111,call,2026-08-12 10:47:57,connected,Acme Round Robin
ACME-A005564,ACME-L01942,EMAIL,2026-08-12 10:48:41,sent,Jordan Ellis
ACME-A005565,ACME-L01966,call,2026-08-12 11:09:52,connected,Marcus Lee
ACME-A005566,ACME-L02095,call,2026-08-12 11:19:54,no_answer,Priya Raman
ACME-A005567,ACME-L02115,call,2026-08-12 11:32:12,voicemail,Marcus Lee
ACME-A005568,ACME-L02093,email,2026-08-12 11:51:42,replied,Marcus Lee
ACME-A005569,ACME-L02079,Email,2026-08-12 12:27:54,sent,Marcus Lee
ACME-A005570,ACME-L02098,EMAIL,2026-08-12 12:47:12,sent,Dana Whitfield
ACME-A005571,ACME-L01999,call,2026-08-12 12:47:32,voicemail,Sofia Alvarez
ACME-A005572,ACME-L02050,call,2026-08-12 13:29:01,connected,Marcus Lee
ACME-A005573,ACME-L02119,CALL,2026-08-12 13:40:04,connected,Owen Brooks
ACME-A005574,ACME-L02124,call,2026-08-12 13:59:22,voicemail,Priya Raman
ACME-A005575,ACME-L02121,email,2026-08-12 15:02:16,bounced,Marcus Lee
ACME-A005576,ACME-L01838,CALL,2026-08-12 15:05:32,connected,Sofia Alvarez
ACME-A005577,ACME-L02126,call,2026-08-12 15:08:12,no_answer,Marcus Lee
ACME-A005578,ACME-L02128,CALL,2026-08-12 15:22:25,no_answer,Jordan Ellis
ACME-A005579,ACME-L02047,email,2026-08-12 15:47:32,sent,Jordan Ellis
ACME-A005580,ACME-L02127,call,2026-08-12 16:01:52,connected,Marcus Lee
ACME-A005581,ACME-L02129,call,2026-08-12 17:07:59,no_answer,Dana Whitfield
ACME-A005582,ACME-L01828,call,2026-08-12 17:09:55,connected,Dana Whitfield
ACME-A005583,ACME-L01989,Email,2026-08-12 17:13:40,sent,Priya Raman
ACME-A005584,ACME-L01863,email,2026-08-12 17:16:01,sent,Dana Whitfield
ACME-A005585,ACME-L02125,EMAIL,2026-08-12 17:24:42,replied,Sofia Alvarez
ACME-A005586,ACME-L01827,email,2026-08-12 17:55:52,bounced,Dana Whitfield
ACME-A005587,ACME-L01587,call,2026-08-12 19:10:09,no_answer,Owen Brooks
ACME-A005588,ACME-L02113,EMAIL,2026-08-12 19:44:37,sent,Sofia Alvarez
ACME-A005589,ACME-L02123,email,2026-08-12 20:46:39,sent,Jordan Ellis
ACME-A005590,ACME-L02120,call,2026-08-12 21:07:35,connected,Dana Whitfield
ACME-A005591,ACME-L01913,call,2026-08-12 21:58:35,no_answer,Jordan Ellis
ACME-A005592,ACME-L02118,call,2026-08-12 22:20:58,connected,Dana Whitfield
ACME-A005593,ACME-L02122,email,2026-08-12 22:32:59,sent,Owen Brooks
ACME-A005594,ACME-L01949,call,2026-08-12 23:42:10,connected,Marcus Lee
ACME-A005595,ACME-L02015,call,2026-08-12 23:50:50,no_answer,Sofia Alvarez
ACME-A005596,ACME-L02104,call,2026-08-12 23:50:58,no_answer,Marcus Lee
ACME-A005597,ACME-L02069,email,2026-08-12 23:56:01,sent,Marcus Lee
ACME-A005598,ACME-L02131,email,2026-08-13 00:53:04,bounced,Sofia Alvarez
ACME-A005599,ACME-L02041,call,2026-08-13 01:05:34,connected,Priya Raman
ACME-A005600,ACME-L01835,email,2026-08-13 01:13:56,sent,Sofia Alvarez
ACME-A005601,ACME-L02130,email,2026-08-13 01:23:15,replied,Grace Kim
ACME-A005602,ACME-L01590,call,2026-08-13 02:07:19,voicemail,Marcus Lee
ACME-A005603,ACME-L02132,email,2026-08-13 02:24:37,sent,Grace Kim
ACME-A005604,ACME-L01954,email,2026-08-13 02:48:46,sent,Sofia Alvarez
ACME-A005605,ACME-L02087,meeting,2026-08-13 04:01:38,rescheduled,Grace Kim
ACME-A005606,ACME-L01922,email,2026-08-13 04:42:40,sent,Jordan Ellis
ACME-A005607,ACME-L01949,email,2026-08-13 04:59:20,sent,Marcus Lee
ACME-A005608,ACME-L02055,meeting,2026-08-13 05:09:38,held,Priya Raman
ACME-A005609,ACME-L02133,email,2026-08-13 06:22:04,sent,Marcus Lee
ACME-A005610,ACME-L01867,email,2026-08-13 08:04:03,sent,Marcus Lee
ACME-A005611,ACME-L02129,email,2026-08-13 08:08:09,sent,Dana Whitfield
ACME-A005612,ACME-L01907,call,2026-08-13 08:35:40,no_answer,Dana Whitfield
ACME-A005613,ACME-L01523,email,2026-08-13 08:41:25,sent,Acme Round Robin
ACME-A005614,ACME-L02137,call,2026-08-13 09:45:37,connected,Dana Whitfield
ACME-A005615,ACME-L01977,Email,2026-08-13 10:35:34,replied,Grace Kim
ACME-A005616,ACME-L02059,call,2026-08-13 12:01:05,no_answer,Dana Whitfield
ACME-A005617,ACME-L01990,call,2026-08-13 12:27:40,connected,Jordan Ellis
ACME-A005618,ACME-L02135,call,2026-08-13 12:52:16,no_answer,Grace Kim
ACME-A005619,ACME-L02134,email,2026-08-13 13:13:36,sent,Dana Whitfield
ACME-A005620,ACME-L02141,email,2026-08-13 13:47:13,sent,Priya Raman
ACME-A005621,ACME-L01871,call,2026-08-13 14:06:46,no_answer,Sofia Alvarez
ACME-A005622,ACME-L02072,call,2026-08-13 14:56:23,voicemail,Priya Raman
ACME-A005623,ACME-L02139,call,2026-08-13 16:09:13,connected,Owen Brooks
ACME-A005624,ACME-L02143,call,2026-08-13 16:20:38,no_answer,Owen Brooks
ACME-A005625,ACME-L02136,call,2026-08-13 16:25:04,connected,Marcus Lee
ACME-A005626,ACME-L02140,email,2026-08-13 17:08:03,sent,Sofia Alvarez
ACME-A005627,ACME-L02064,call,2026-08-13 17:49:25,no_answer,Sofia Alvarez
ACME-A005628,ACME-L02144,call,2026-08-13 18:10:20,no_answer,Priya Raman
ACME-A005629,ACME-L02150,call,2026-08-13 18:20:29,voicemail,Dana Whitfield
ACME-A005630,ACME-L02149,call,2026-08-13 18:32:19,connected,Marcus Lee
ACME-A005631,ACME-L02152,call,2026-08-13 19:06:29,voicemail,Sofia Alvarez
ACME-A005632,ACME-L02049,email,2026-08-13 19:09:33,sent,Priya Raman
ACME-A005633,ACME-L02119,email,2026-08-13 19:16:27,sent,Owen Brooks
ACME-A005634,ACME-L02081,call,2026-08-13 19:39:48,connected,Marcus Lee
ACME-A005635,ACME-L01892,call,2026-08-13 19:41:49,connected,Grace Kim
ACME-A005636,ACME-L02148,email,2026-08-13 19:44:35,sent,Owen Brooks
ACME-A005637,ACME-L01928,email,2026-08-13 20:21:45,sent,Priya Raman
ACME-A005638,ACME-L02138,Email,2026-08-13 20:54:29,sent,Dana Whitfield
ACME-A005639,ACME-L02147,call,2026-08-13 21:23:39,no_answer,Marcus Lee
ACME-A005640,ACME-L01927,Call,2026-08-13 22:00:41,connected,Marcus Lee
ACME-A005641,ACME-L02142,call,2026-08-13 22:00:46,connected,Priya Raman
ACME-A005642,ACME-L02145,email,2026-08-13 22:35:42,sent,Grace Kim
ACME-A005643,ACME-L02154,email,2026-08-13 23:10:11,sent,Priya Raman
ACME-A005644,ACME-L02114,call,2026-08-13 23:30:09,no_answer,Owen Brooks
ACME-A005645,ACME-L01990,call,2026-08-14 00:15:27,connected,Jordan Ellis
ACME-A005646,ACME-L01367,email,2026-08-14 00:34:06,sent,Owen Brooks
ACME-A005647,ACME-L02155,call,2026-08-14 01:20:55,connected,Marcus Lee
ACME-A005648,ACME-L02136,email,2026-08-14 02:15:23,bounced,Marcus Lee
ACME-A005649,ACME-L01953,call,2026-08-14 03:47:30,connected,Owen Brooks
ACME-A005650,ACME-L01981,email,2026-08-14 03:53:51,sent,Marcus Lee
ACME-A005651,ACME-L02153,call,2026-08-14 04:07:51,no_answer,Dana Whitfield
ACME-A005652,ACME-L02146,email,2026-08-14 05:09:18,sent,Jordan Ellis
ACME-A005653,ACME-L02041,call,2026-08-14 05:11:59,voicemail,Priya Raman
ACME-A005654,ACME-L02088,email,2026-08-14 06:15:02,replied,Jordan Ellis
ACME-A005655,ACME-L01830,call,2026-08-14 07:42:48,voicemail,Priya Raman
ACME-A005656,ACME-L02109,call,2026-08-14 07:43:00,no_answer,Grace Kim
ACME-A005657,ACME-L01990,Email,2026-08-14 07:59:46,sent,Jordan Ellis
ACME-A005658,ACME-L01935,email,2026-08-14 08:16:42,sent,Priya Raman
ACME-A005659,ACME-L02156,email,2026-08-14 09:20:29,sent,Dana Whitfield
ACME-A005660,ACME-L02157,call,2026-08-14 09:26:38,voicemail,Sofia Alvarez
ACME-A005661,ACME-L02046,email,2026-08-14 10:04:41,sent,Marcus Lee
ACME-A005662,ACME-L02115,email,2026-08-14 10:05:32,sent,Marcus Lee
ACME-A005663,ACME-L02162,email,2026-08-14 10:43:06,replied,Sofia Alvarez
ACME-A005664,ACME-L01848,call,2026-08-14 10:49:19,connected,Dana Whitfield
ACME-A005665,ACME-L02161,call,2026-08-14 11:17:00,no_answer,Marcus Lee
ACME-A005666,ACME-L02151,email,2026-08-14 11:22:13,sent,Sofia Alvarez
ACME-A005667,ACME-L02061,call,2026-08-14 11:23:42,connected,Sofia Alvarez
ACME-A005668,ACME-L01969,email,2026-08-14 11:32:16,sent,Dana Whitfield
ACME-A005669,ACME-L02001,call,2026-08-14 12:33:19,no_answer,Jordan Ellis
ACME-A005670,ACME-L02163,call,2026-08-14 12:40:48,no_answer,Jordan Ellis
ACME-A005671,ACME-L02158,call,2026-08-14 12:55:19,connected,Priya Raman
ACME-A005672,ACME-L01985,call,2026-08-14 13:15:28,connected,Priya Raman
ACME-A005673,ACME-L01978,meeting,2026-08-14 13:26:32,held,Sofia Alvarez
ACME-A005674,ACME-L02160,call,2026-08-14 13:35:50,no_answer,Sofia Alvarez
ACME-A005675,ACME-L01966,email,2026-08-14 13:42:55,replied,Marcus Lee
ACME-A005676,ACME-L02164,email,2026-08-14 13:53:40,replied,Jordan Ellis
ACME-A005677,ACME-L02167,call,2026-08-14 13:54:23,voicemail,Priya Raman
ACME-A005678,ACME-L02161,email,2026-08-14 14:00:21,sent,Marcus Lee
ACME-A005679,ACME-L02076,call,2026-08-14 14:22:40,voicemail,Sofia Alvarez
ACME-A005680,ACME-L01926,email,2026-08-14 14:33:30,sent,Jordan Ellis
ACME-A005681,ACME-L02168,Call,2026-08-14 14:36:30,no_answer,Marcus Lee
ACME-A005682,ACME-L02114,EMAIL,2026-08-14 15:11:42,sent,Owen Brooks
ACME-A005683,ACME-L01852,call,2026-08-14 15:37:20,no_answer,Sofia Alvarez
ACME-A005684,ACME-L01857,email,2026-08-14 16:12:49,sent,Dana Whitfield
ACME-A005685,ACME-L02156,email,2026-08-14 17:35:07,sent,Dana Whitfield
ACME-A005686,ACME-L02166,email,2026-08-14 17:35:20,replied,Sofia Alvarez
ACME-A005687,ACME-L02173,Call,2026-08-14 18:12:10,connected,Jordan Ellis
ACME-A005688,ACME-L02085,email,2026-08-14 18:21:22,sent,Jordan Ellis
ACME-A005689,ACME-L01949,call,2026-08-14 18:28:47,voicemail,Marcus Lee
ACME-A005690,ACME-L02159,call,2026-08-14 18:38:30,voicemail,Grace Kim
ACME-A005691,ACME-L02169,email,2026-08-14 19:04:32,sent,Sofia Alvarez
ACME-A005692,ACME-L02171,CALL,2026-08-14 19:25:09,voicemail,Sofia Alvarez
ACME-A005693,ACME-L02174,Email,2026-08-14 20:55:33,replied,Sofia Alvarez
ACME-A005694,ACME-L02081,email,2026-08-14 21:28:37,sent,Marcus Lee
ACME-A005695,ACME-L01367,email,2026-08-14 21:53:54,sent,Owen Brooks
ACME-A005696,ACME-L02172,call,2026-08-14 22:17:17,no_answer,Dana Whitfield
ACME-A005697,ACME-L02170,Call,2026-08-14 22:35:58,connected,Marcus Lee
ACME-A005698,ACME-L02091,email,2026-08-14 23:48:13,sent,Owen Brooks
ACME-A005699,ACME-L02057,email,2026-08-15 01:04:52,sent,Marcus Lee
ACME-A005700,ACME-L01853,call,2026-08-15 02:59:02,no_answer,Jordan Ellis
ACME-A005701,ACME-L02177,Email,2026-08-15 03:10:37,sent,Sofia Alvarez
ACME-A005702,ACME-L01968,call,2026-08-15 03:52:43,no_answer,Dana Whitfield
ACME-A005703,ACME-L02103,call,2026-08-15 04:05:21,voicemail,Marcus Lee
ACME-A005704,ACME-L02075,email,2026-08-15 05:00:40,sent,Owen Brooks
ACME-A005705,ACME-L02022,email,2026-08-15 05:09:10,sent,Dana Whitfield
ACME-A005706,ACME-L01960,email,2026-08-15 05:31:01,sent,Jordan Ellis
ACME-A005707,ACME-L01956,email,2026-08-15 06:06:55,sent,Sofia Alvarez
ACME-A005708,ACME-L02025,Call,2026-08-15 06:45:15,voicemail,Marcus Lee
ACME-A005709,ACME-L02176,call,2026-08-15 07:20:47,no_answer,Priya Raman
ACME-A005710,ACME-L02165,call,2026-08-15 07:47:41,voicemail,Jordan Ellis
ACME-A005711,ACME-L02178,call,2026-08-15 08:00:49,connected,Priya Raman
ACME-A005712,ACME-L01856,call,2026-08-15 08:35:19,connected,Dana Whitfield
ACME-A005713,ACME-L01482,email,2026-08-15 09:31:53,sent,Owen Brooks
ACME-A005714,ACME-L01987,call,2026-08-15 10:45:10,no_answer,Marcus Lee
ACME-A005715,ACME-L02033,email,2026-08-15 11:02:08,sent,Sofia Alvarez
ACME-A005716,ACME-L01913,call,2026-08-15 11:13:46,no_answer,Jordan Ellis
ACME-A005717,ACME-L02175,email,2026-08-15 11:57:12,replied,Grace Kim
ACME-A005718,ACME-L01537,email,2026-08-15 12:10:07,sent,Jordan Ellis
ACME-A005719,ACME-L01900,CALL,2026-08-15 13:22:45,no_answer,Marcus Lee
ACME-A005720,ACME-L02055,meeting,2026-08-15 14:08:08,held,Priya Raman
ACME-A005721,ACME-L01934,email,2026-08-15 14:53:43,sent,Jordan Ellis
ACME-A005722,ACME-L02079,email,2026-08-15 16:02:06,sent,Marcus Lee
ACME-A005723,ACME-L02109,call,2026-08-15 17:14:51,connected,Grace Kim
ACME-A005724,ACME-L02038,meeting,2026-08-15 17:26:30,held,Marcus Lee
ACME-A005725,ACME-L01797,email,2026-08-15 18:17:13,sent,Jordan Ellis
ACME-A005726,ACME-L02182,call,2026-08-15 19:10:42,connected,Dana Whitfield
ACME-A005727,ACME-L01998,call,2026-08-15 19:17:09,no_answer,Marcus Lee
ACME-A005728,ACME-L01905,call,2026-08-15 19:22:35,no_answer,Marcus Lee
ACME-A005729,ACME-L02180,call,2026-08-15 19:45:19,voicemail,Dana Whitfield
ACME-A005730,ACME-L02090,call,2026-08-15 20:48:10,no_answer,Sofia Alvarez
ACME-A005731,ACME-L02182,email,2026-08-15 21:34:42,sent,Dana Whitfield
ACME-A005732,ACME-L01741,email,2026-08-15 22:31:19,sent,Sofia Alvarez
ACME-A005733,ACME-L02179,call,2026-08-15 22:46:18,no_answer,Jordan Ellis
ACME-A005734,ACME-L02083,Call,2026-08-15 23:27:33,voicemail,Marcus Lee
ACME-A005735,ACME-L02183,email,2026-08-15 23:53:23,sent,Dana Whitfield
ACME-A005736,ACME-L02181,Call,2026-08-16 00:27:32,voicemail,Sofia Alvarez
ACME-A005737,ACME-L02164,email,2026-08-16 00:36:53,sent,Jordan Ellis
ACME-A005738,ACME-L01955,email,2026-08-16 00:53:02,replied,Priya Raman
ACME-A005739,ACME-L01797,call,2026-08-16 01:04:32,no_answer,Jordan Ellis
ACME-A005740,ACME-L01909,call,2026-08-16 02:28:03,no_answer,Marcus Lee
ACME-A005741,ACME-L00874,call,2026-08-16 02:36:29,no_answer,Owen Brooks
ACME-A005742,ACME-L02174,email,2026-08-16 03:34:53,sent,Sofia Alvarez
ACME-A005743,ACME-L02158,call,2026-08-16 04:44:09,no_answer,Priya Raman
ACME-A005744,ACME-L02014,email,2026-08-16 04:48:07,sent,Jordan Ellis
ACME-A005745,ACME-L01482,CALL,2026-08-16 05:30:21,connected,Owen Brooks
ACME-A005746,ACME-L01700,call,2026-08-16 06:24:32,no_answer,Grace Kim
ACME-A005747,ACME-L02024,Call,2026-08-16 06:47:43,no_answer,Dana Whitfield
ACME-A005748,ACME-L02062,email,2026-08-16 07:17:44,sent,Priya Raman
ACME-A005749,ACME-L02184,call,2026-08-16 07:27:04,connected,Jordan Ellis
ACME-A005750,ACME-L01917,call,2026-08-16 08:08:07,voicemail,Dana Whitfield
ACME-A005751,ACME-L02043,CALL,2026-08-16 08:26:25,no_answer,Dana Whitfield
ACME-A005752,ACME-L01934,email,2026-08-16 08:51:23,replied,Jordan Ellis
ACME-A005753,ACME-L02185,call,2026-08-16 08:54:15,connected,Priya Raman
ACME-A005754,ACME-L02165,Email,2026-08-16 09:32:45,sent,Jordan Ellis
ACME-A005755,ACME-L01893,email,2026-08-16 10:49:55,sent,Dana Whitfield
ACME-A005756,ACME-L01897,email,2026-08-16 11:19:48,sent,Priya Raman
ACME-A005757,ACME-L01705,email,2026-08-16 11:25:41,replied,Marcus Lee
ACME-A005758,ACME-L02186,email,2026-08-16 12:25:52,sent,Sofia Alvarez
ACME-A005759,ACME-L02045,call,2026-08-16 12:26:33,no_answer,Owen Brooks
ACME-A005760,ACME-L02188,call,2026-08-16 13:06:59,connected,Priya Raman
ACME-A005761,ACME-L02189,email,2026-08-16 13:24:40,sent,Marcus Lee
ACME-A005762,ACME-L02096,call,2026-08-16 14:05:32,no_answer,Marcus Lee
ACME-A005763,ACME-L02190,email,2026-08-16 15:12:48,sent,Sofia Alvarez
ACME-A005764,ACME-L01892,call,2026-08-16 15:28:10,no_answer,Grace Kim
ACME-A005765,ACME-L01964,call,2026-08-16 16:00:10,voicemail,Jordan Ellis
ACME-A005766,ACME-L01587,email,2026-08-16 16:33:30,sent,Owen Brooks
ACME-A005767,ACME-L01944,call,2026-08-16 17:36:41,connected,Jordan Ellis
ACME-A005768,ACME-L02043,call,2026-08-16 19:04:41,connected,Dana Whitfield
ACME-A005769,ACME-L02108,EMAIL,2026-08-16 20:01:21,replied,Grace Kim
ACME-A005770,ACME-L02133,call,2026-08-16 20:32:54,connected,Marcus Lee
ACME-A005771,ACME-L01117,call,2026-08-16 21:06:39,no_answer,Sofia Alvarez
ACME-A005772,ACME-L02191,email,2026-08-16 21:59:48,replied,Jordan Ellis
ACME-A005773,ACME-L01882,email,2026-08-16 22:40:40,sent,Dana Whitfield
ACME-A005774,ACME-L02187,email,2026-08-16 23:50:13,sent,Dana Whitfield
ACME-A005775,ACME-L02187,email,2026-08-17 00:36:55,sent,Dana Whitfield
ACME-A005776,ACME-L02193,call,2026-08-17 00:44:07,voicemail,Sofia Alvarez
ACME-A005777,ACME-L02156,call,2026-08-17 01:16:24,voicemail,Dana Whitfield
ACME-A005778,ACME-L02192,call,2026-08-17 01:22:32,no_answer,Sofia Alvarez
ACME-A005779,ACME-L01878,email,2026-08-17 01:47:18,sent,Marcus Lee
ACME-A005780,ACME-L01741,call,2026-08-17 01:47:48,no_answer,Sofia Alvarez
ACME-A005781,ACME-L01968,email,2026-08-17 03:23:39,sent,Dana Whitfield
ACME-A005782,ACME-L02152,call,2026-08-17 03:55:43,voicemail,Sofia Alvarez
ACME-A005783,ACME-L02127,Call,2026-08-17 03:57:49,voicemail,Marcus Lee
ACME-A005784,ACME-L02127,email,2026-08-17 04:43:47,sent,Marcus Lee
ACME-A005785,ACME-L02109,call,2026-08-17 07:27:37,connected,Grace Kim
ACME-A005786,ACME-L02049,email,2026-08-17 07:31:21,sent,Priya Raman
ACME-A005787,ACME-L01965,call,2026-08-17 08:07:53,connected,Sofia Alvarez
ACME-A005788,ACME-L02152,call,2026-08-17 08:12:22,no_answer,Sofia Alvarez
ACME-A005789,ACME-L02143,call,2026-08-17 09:03:12,voicemail,Owen Brooks
ACME-A005790,ACME-L02156,call,2026-08-17 10:07:29,voicemail,Dana Whitfield
ACME-A005791,ACME-L01961,call,2026-08-17 10:28:42,connected,Priya Raman
ACME-A005792,ACME-L01728,email,2026-08-17 10:30:43,replied,Marcus Lee
ACME-A005793,ACME-L02195,call,2026-08-17 11:02:17,connected,Sofia Alvarez
ACME-A005794,ACME-L01954,Email,2026-08-17 11:15:17,replied,Sofia Alvarez
ACME-A005795,ACME-L02087,call,2026-08-17 11:42:33,connected,Grace Kim
ACME-A005796,ACME-L02006,call,2026-08-17 11:43:09,voicemail,Dana Whitfield
ACME-A005797,ACME-L02175,call,2026-08-17 12:17:44,connected,Grace Kim
ACME-A005798,ACME-L02194,email,2026-08-17 12:22:47,sent,Sofia Alvarez
ACME-A005799,ACME-L02197,Call,2026-08-17 12:46:05,no_answer,Priya Raman
ACME-A005800,ACME-L02116,email,2026-08-17 13:32:06,sent,Grace Kim
ACME-A005801,ACME-L02198,call,2026-08-17 13:53:18,voicemail,Marcus Lee
ACME-A005802,ACME-L02196,call,2026-08-17 14:06:05,connected,Owen Brooks
ACME-A005803,ACME-L01986,call,2026-08-17 14:08:22,connected,Marcus Lee
ACME-A005804,ACME-L02202,email,2026-08-17 14:33:03,sent,Owen Brooks
ACME-A005805,ACME-L02201,email,2026-08-17 14:43:11,replied,Sofia Alvarez
ACME-A005806,ACME-L02199,email,2026-08-17 16:14:22,sent,Sofia Alvarez
ACME-A005807,ACME-L02203,email,2026-08-17 16:19:25,bounced,Jordan Ellis
ACME-A005808,ACME-L02143,email,2026-08-17 16:35:56,sent,Owen Brooks
ACME-A005809,ACME-L02145,email,2026-08-17 16:46:57,sent,Grace Kim
ACME-A005810,ACME-L02207,call,2026-08-17 16:56:56,no_answer,Owen Brooks
ACME-A005811,ACME-L01993,call,2026-08-17 16:59:12,no_answer,Jordan Ellis
ACME-A005812,ACME-L02144,call,2026-08-17 17:13:17,no_answer,Priya Raman
ACME-A005813,ACME-L02200,call,2026-08-17 17:14:14,voicemail,Owen Brooks
ACME-A005814,ACME-L02204,email,2026-08-17 18:10:40,sent,Marcus Lee
ACME-A005815,ACME-L01934,call,2026-08-17 18:40:17,no_answer,Jordan Ellis
ACME-A005816,ACME-L02208,email,2026-08-17 19:42:38,sent,Jordan Ellis
ACME-A005817,ACME-L02205,email,2026-08-17 19:56:42,sent,Marcus Lee
ACME-A005818,ACME-L01915,call,2026-08-17 20:13:03,no_answer,Dana Whitfield
ACME-A005819,ACME-L02209,call,2026-08-17 20:14:57,connected,Sofia Alvarez
ACME-A005820,ACME-L01770,MEETING,2026-08-17 20:22:52,held,Marcus Lee
ACME-A005821,ACME-L02206,email,2026-08-17 20:50:50,sent,Acme Round Robin
ACME-A005822,ACME-L01932,call,2026-08-18 00:06:31,no_answer,Grace Kim
ACME-A005823,ACME-L01999,email,2026-08-18 00:31:29,sent,Sofia Alvarez
ACME-A005824,ACME-L02156,meeting,2026-08-18 00:39:39,held,Dana Whitfield
ACME-A005825,ACME-L01770,call,2026-08-18 02:04:40,no_answer,Marcus Lee
ACME-A005826,ACME-L02051,email,2026-08-18 02:51:14,replied,Dana Whitfield
ACME-A005827,ACME-L02169,call,2026-08-18 03:27:26,no_answer,Sofia Alvarez
ACME-A005828,ACME-L02137,call,2026-08-18 04:13:18,connected,Dana Whitfield
ACME-A005829,ACME-L02187,call,2026-08-18 04:35:28,no_answer,Dana Whitfield
ACME-A005830,ACME-L01870,call,2026-08-18 05:56:06,connected,Grace Kim
ACME-A005831,ACME-L02160,call,2026-08-18 07:16:54,no_answer,Sofia Alvarez
ACME-A005832,ACME-L01870,email,2026-08-18 07:25:01,sent,Grace Kim
ACME-A005833,ACME-L02118,email,2026-08-18 07:50:03,sent,Dana Whitfield
ACME-A005834,ACME-L01590,call,2026-08-18 09:39:55,no_answer,Marcus Lee
ACME-A005835,ACME-L02120,call,2026-08-18 09:55:22,voicemail,Dana Whitfield
ACME-A005836,ACME-L02036,call,2026-08-18 10:02:44,no_answer,Grace Kim
ACME-A005837,ACME-L01523,call,2026-08-18 10:13:18,connected,Acme Round Robin
ACME-A005838,ACME-L02210,email,2026-08-18 10:19:55,sent,Dana Whitfield
ACME-A005839,ACME-L02212,email,2026-08-18 10:52:59,sent,Marcus Lee
ACME-A005840,ACME-L02215,EMAIL,2026-08-18 11:07:21,sent,Priya Raman
ACME-A005841,ACME-L02109,meeting,2026-08-18 11:44:52,held,Grace Kim
ACME-A005842,ACME-L01728,email,2026-08-18 11:52:25,sent,Marcus Lee
ACME-A005843,ACME-L02211,call,2026-08-18 11:53:28,connected,Jordan Ellis
ACME-A005844,ACME-L01944,email,2026-08-18 11:56:20,replied,Jordan Ellis
ACME-A005845,ACME-L02056,email,2026-08-18 12:00:29,sent,Grace Kim
ACME-A005846,ACME-L02096,Call,2026-08-18 12:02:58,voicemail,Marcus Lee
ACME-A005847,ACME-L02084,call,2026-08-18 12:54:39,no_answer,Jordan Ellis
ACME-A005848,ACME-L02214,call,2026-08-18 12:59:52,no_answer,Sofia Alvarez
ACME-A005849,ACME-L02104,email,2026-08-18 13:01:17,sent,Marcus Lee
ACME-A005850,ACME-L02217,email,2026-08-18 13:19:04,sent,Priya Raman
ACME-A005851,ACME-L02189,call,2026-08-18 14:08:51,voicemail,Marcus Lee
ACME-A005852,ACME-L02216,call,2026-08-18 14:44:04,no_answer,Dana Whitfield
ACME-A005853,ACME-L02072,Email,2026-08-18 14:55:35,sent,Priya Raman
ACME-A005854,ACME-L02213,call,2026-08-18 15:14:47,no_answer,Sofia Alvarez
ACME-A005855,ACME-L02161,email,2026-08-18 16:37:12,sent,Marcus Lee
ACME-A005856,ACME-L02136,email,2026-08-18 18:45:38,sent,Marcus Lee
ACME-A005857,ACME-L02220,call,2026-08-18 20:07:19,voicemail,Marcus Lee
ACME-A005858,ACME-L02181,email,2026-08-18 20:10:18,sent,Sofia Alvarez
ACME-A005859,ACME-L02004,call,2026-08-18 20:40:53,no_answer,Priya Raman
ACME-A005860,ACME-L02139,email,2026-08-18 21:04:17,sent,Owen Brooks
ACME-A005861,ACME-L02057,email,2026-08-18 21:11:34,sent,Marcus Lee
ACME-A005862,ACME-L01705,CALL,2026-08-18 21:51:40,voicemail,Marcus Lee
ACME-A005863,ACME-L02165,call,2026-08-18 22:10:57,connected,Jordan Ellis
ACME-A005864,ACME-L01936,call,2026-08-18 22:35:44,no_answer,Sofia Alvarez
ACME-A005865,ACME-L02222,call,2026-08-18 22:43:09,no_answer,Jordan Ellis
ACME-A005866,ACME-L01974,email,2026-08-18 22:58:44,sent,Jordan Ellis
ACME-A005867,ACME-L02086,email,2026-08-18 23:30:46,sent,Marcus Lee
ACME-A005868,ACME-L01968,email,2026-08-19 00:00:23,replied,Dana Whitfield
ACME-A005869,ACME-L02218,email,2026-08-19 00:38:25,sent,Dana Whitfield
ACME-A005870,ACME-L02161,call,2026-08-19 01:02:35,voicemail,Marcus Lee
ACME-A005871,ACME-L01970,Call,2026-08-19 01:25:41,connected,Sofia Alvarez
ACME-A005872,ACME-L02226,call,2026-08-19 02:20:04,connected,Grace Kim
ACME-A005873,ACME-L01602,EMAIL,2026-08-19 02:27:30,sent,Sofia Alvarez
ACME-A005874,ACME-L02225,call,2026-08-19 02:38:48,no_answer,Dana Whitfield
ACME-A005875,ACME-L02223,call,2026-08-19 03:04:36,connected,Priya Raman
ACME-A005876,ACME-L01993,EMAIL,2026-08-19 03:42:45,sent,Jordan Ellis
ACME-A005877,ACME-L02131,email,2026-08-19 04:15:18,replied,Sofia Alvarez
ACME-A005878,ACME-L02217,email,2026-08-19 04:23:08,sent,Priya Raman
ACME-A005879,ACME-L01972,email,2026-08-19 04:42:01,sent,Owen Brooks
ACME-A005880,ACME-L02221,email,2026-08-19 06:19:50,replied,Dana Whitfield
ACME-A005881,ACME-L01995,call,2026-08-19 06:28:06,connected,Dana Whitfield
ACME-A005882,ACME-L02109,call,2026-08-19 07:05:03,voicemail,Grace Kim
ACME-A005883,ACME-L02115,call,2026-08-19 07:11:11,connected,Marcus Lee
ACME-A005884,ACME-L02219,Email,2026-08-19 07:31:27,sent,Priya Raman
ACME-A005885,ACME-L02125,email,2026-08-19 07:31:38,sent,Sofia Alvarez
ACME-A005886,ACME-L02232,call,2026-08-19 08:28:13,voicemail,Owen Brooks
ACME-A005887,ACME-L02054,email,2026-08-19 08:31:27,replied,Marcus Lee
ACME-A005888,ACME-L02229,email,2026-08-19 08:47:52,sent,Sofia Alvarez
ACME-A005889,ACME-L01952,CALL,2026-08-19 08:53:25,connected,Marcus Lee
ACME-A005890,ACME-L02231,call,2026-08-19 09:03:51,no_answer,Dana Whitfield
ACME-A005891,ACME-L01939,call,2026-08-19 09:22:00,no_answer,Grace Kim
ACME-A005892,ACME-L02227,call,2026-08-19 10:48:59,connected,Priya Raman
ACME-A005893,ACME-L02234,call,2026-08-19 11:35:47,no_answer,Priya Raman
ACME-A005894,ACME-L02217,call,2026-08-19 11:39:02,connected,Priya Raman
ACME-A005895,ACME-L02230,email,2026-08-19 12:13:30,sent,Grace Kim
ACME-A005896,ACME-L02236,call,2026-08-19 12:16:03,connected,Priya Raman
ACME-A005897,ACME-L02237,call,2026-08-19 12:37:29,voicemail,Jordan Ellis
ACME-A005898,ACME-L02113,email,2026-08-19 13:18:55,replied,Sofia Alvarez
ACME-A005899,ACME-L02239,email,2026-08-19 13:45:22,sent,Owen Brooks
ACME-A005900,ACME-L01924,Email,2026-08-19 14:16:59,bounced,Dana Whitfield
ACME-A005901,ACME-L02233,call,2026-08-19 14:36:29,connected,Priya Raman
ACME-A005902,ACME-L01940,email,2026-08-19 14:42:52,replied,Priya Raman
ACME-A005903,ACME-L02202,call,2026-08-19 14:49:18,no_answer,Owen Brooks
ACME-A005904,ACME-L02150,email,2026-08-19 15:03:33,sent,Dana Whitfield
ACME-A005905,ACME-L02241,call,2026-08-19 15:16:12,connected,Dana Whitfield
ACME-A005906,ACME-L02240,Email,2026-08-19 15:27:31,replied,Priya Raman
ACME-A005907,ACME-L02242,call,2026-08-19 15:40:49,no_answer,Sofia Alvarez
ACME-A005908,ACME-L02243,email,2026-08-19 16:54:15,sent,Priya Raman
ACME-A005909,ACME-L02235,call,2026-08-19 17:04:09,no_answer,Owen Brooks
ACME-A005910,ACME-L02021,call,2026-08-19 17:30:14,connected,Jordan Ellis
ACME-A005911,ACME-L02251,call,2026-08-19 17:56:28,voicemail,Marcus Lee
ACME-A005912,ACME-L01932,meeting,2026-08-19 18:14:53,held,Grace Kim
ACME-A005913,ACME-L02128,CALL,2026-08-19 18:50:38,connected,Jordan Ellis
ACME-A005914,ACME-L02098,call,2026-08-19 19:22:27,voicemail,Dana Whitfield
ACME-A005915,ACME-L02186,call,2026-08-19 19:25:10,no_answer,Sofia Alvarez
ACME-A005916,ACME-L02216,CALL,2026-08-19 19:25:10,voicemail,Dana Whitfield
ACME-A005917,ACME-L02250,CALL,2026-08-19 19:31:52,connected,Priya Raman
ACME-A005918,ACME-L02091,call,2026-08-19 19:53:50,voicemail,Owen Brooks
ACME-A005919,ACME-L02252,call,2026-08-19 20:08:11,voicemail,Jordan Ellis
ACME-A005920,ACME-L02248,call,2026-08-19 20:13:42,voicemail,Sofia Alvarez
ACME-A005921,ACME-L02246,call,2026-08-19 20:14:25,voicemail,Marcus Lee
ACME-A005922,ACME-L01535,Call,2026-08-19 20:14:35,connected,Marcus Lee
ACME-A005923,ACME-L02228,email,2026-08-19 20:32:38,bounced,Owen Brooks
ACME-A005924,ACME-L02167,email,2026-08-19 20:52:05,sent,Priya Raman
ACME-A005925,ACME-L02051,email,2026-08-19 21:02:52,sent,Dana Whitfield
ACME-A005926,ACME-L02041,call,2026-08-19 22:13:22,voicemail,Priya Raman
ACME-A005927,ACME-L02164,email,2026-08-19 22:19:54,sent,Jordan Ellis
ACME-A005928,ACME-L02247,email,2026-08-19 22:25:03,sent,Grace Kim
ACME-A005929,ACME-L02147,EMAIL,2026-08-19 22:34:40,sent,Marcus Lee
ACME-A005930,ACME-L02179,email,2026-08-19 23:08:48,sent,Jordan Ellis
ACME-A005931,ACME-L02100,email,2026-08-19 23:23:39,sent,Grace Kim
ACME-A005932,ACME-L02118,email,2026-08-19 23:28:03,sent,Dana Whitfield
ACME-A005933,ACME-L02092,Email,2026-08-20 00:16:13,sent,Marcus Lee
ACME-A005934,ACME-L02145,email,2026-08-20 01:44:36,sent,Grace Kim
ACME-A005935,ACME-L02156,call,2026-08-20 01:55:03,connected,Dana Whitfield
ACME-A005936,ACME-L02245,CALL,2026-08-20 02:21:15,voicemail,Jordan Ellis
ACME-A005937,ACME-L02253,call,2026-08-20 02:32:36,voicemail,Sofia Alvarez
ACME-A005938,ACME-L02159,call,2026-08-20 02:33:23,no_answer,Grace Kim
ACME-A005939,ACME-L02244,call,2026-08-20 02:55:43,no_answer,Sofia Alvarez
ACME-A005940,ACME-L02206,call,2026-08-20 03:31:00,no_answer,Acme Round Robin
ACME-A005941,ACME-L01961,email,2026-08-20 04:14:57,sent,Priya Raman
ACME-A005942,ACME-L01933,email,2026-08-20 05:30:39,sent,Dana Whitfield
ACME-A005943,ACME-L02235,email,2026-08-20 06:22:30,sent,Owen Brooks
ACME-A005944,ACME-L02238,call,2026-08-20 07:25:11,voicemail,Priya Raman
ACME-A005945,ACME-L02098,email,2026-08-20 07:30:10,sent,Dana Whitfield
ACME-A005946,ACME-L02256,call,2026-08-20 09:38:51,connected,Sofia Alvarez
ACME-A005947,ACME-L02254,email,2026-08-20 10:11:49,sent,Dana Whitfield
ACME-A005948,ACME-L02249,call,2026-08-20 10:16:25,connected,Jordan Ellis
ACME-A005949,ACME-L01838,email,2026-08-20 10:16:30,replied,Sofia Alvarez
ACME-A005950,ACME-L02223,call,2026-08-20 11:11:57,voicemail,Priya Raman
ACME-A005951,ACME-L01945,email,2026-08-20 12:06:29,sent,Marcus Lee
ACME-A005952,ACME-L02246,call,2026-08-20 12:59:08,no_answer,Marcus Lee
ACME-A005953,ACME-L01967,call,2026-08-20 13:24:02,voicemail,Dana Whitfield
ACME-A005954,ACME-L01926,email,2026-08-20 14:05:54,sent,Jordan Ellis
ACME-A005955,ACME-L02182,call,2026-08-20 14:23:40,voicemail,Dana Whitfield
ACME-A005956,ACME-L02257,call,2026-08-20 14:57:55,no_answer,Owen Brooks
ACME-A005957,ACME-L02259,email,2026-08-20 15:25:22,replied,Priya Raman
ACME-A005958,ACME-L02258,call,2026-08-20 16:00:04,voicemail,Dana Whitfield
ACME-A005959,ACME-L02263,call,2026-08-20 16:20:43,voicemail,Grace Kim
ACME-A005960,ACME-L02266,email,2026-08-20 17:00:50,sent,Jordan Ellis
ACME-A005961,ACME-L02268,email,2026-08-20 17:02:46,replied,Grace Kim
ACME-A005962,ACME-L02045,CALL,2026-08-20 17:16:26,connected,Owen Brooks
ACME-A005963,ACME-L02261,call,2026-08-20 17:26:37,connected,Sofia Alvarez
ACME-A005964,ACME-L02269,EMAIL,2026-08-20 18:01:11,sent,Jordan Ellis
ACME-A005965,ACME-L02265,email,2026-08-20 18:10:59,sent,Dana Whitfield
ACME-A005966,ACME-L02262,call,2026-08-20 18:12:40,connected,Sofia Alvarez
ACME-A005967,ACME-L02097,email,2026-08-20 18:53:11,sent,Dana Whitfield
ACME-A005968,ACME-L02116,Call,2026-08-20 19:06:42,voicemail,Grace Kim
ACME-A005969,ACME-L01988,Call,2026-08-20 19:16:29,no_answer,Marcus Lee
ACME-A005970,ACME-L02258,email,2026-08-20 20:12:12,sent,Dana Whitfield
ACME-A005971,ACME-L02264,call,2026-08-20 21:43:57,connected,Marcus Lee
ACME-A005972,ACME-L02271,call,2026-08-20 22:19:41,no_answer,Owen Brooks
ACME-A005973,ACME-L01892,email,2026-08-20 22:56:28,sent,Grace Kim
ACME-A005974,ACME-L02190,call,2026-08-20 23:26:28,connected,Sofia Alvarez
ACME-A005975,ACME-L02224,call,2026-08-20 23:26:59,voicemail,Dana Whitfield
ACME-A005976,ACME-L02205,call,2026-08-21 01:05:39,voicemail,Marcus Lee
ACME-A005977,ACME-L02273,call,2026-08-21 02:48:28,connected,Dana Whitfield
ACME-A005978,ACME-L02027,email,2026-08-21 04:38:56,sent,Jordan Ellis
ACME-A005979,ACME-L02003,email,2026-08-21 05:11:09,sent,Owen Brooks
ACME-A005980,ACME-L02274,call,2026-08-21 05:16:55,connected,Dana Whitfield
ACME-A005981,ACME-L02255,email,2026-08-21 05:55:44,sent,Grace Kim
ACME-A005982,ACME-L02214,call,2026-08-21 06:00:06,no_answer,Sofia Alvarez
ACME-A005983,ACME-L02076,call,2026-08-21 06:41:44,connected,Sofia Alvarez
ACME-A005984,ACME-L02272,call,2026-08-21 07:49:56,no_answer,Marcus Lee
ACME-A005985,ACME-L02239,email,2026-08-21 08:38:36,sent,Owen Brooks
ACME-A005986,ACME-L02201,email,2026-08-21 08:52:13,replied,Sofia Alvarez
ACME-A005987,ACME-L01957,call,2026-08-21 08:52:57,no_answer,Sofia Alvarez
ACME-A005988,ACME-L02007,email,2026-08-21 09:13:33,sent,Dana Whitfield
ACME-A005989,ACME-L02249,call,2026-08-21 09:44:24,connected,Jordan Ellis
ACME-A005990,ACME-L02164,call,2026-08-21 09:52:01,connected,Jordan Ellis
ACME-A005991,ACME-L02267,call,2026-08-21 09:52:09,connected,Dana Whitfield
ACME-A005992,ACME-L01987,email,2026-08-21 10:42:19,replied,Marcus Lee
ACME-A005993,ACME-L02277,email,2026-08-21 10:47:15,sent,Dana Whitfield
ACME-A005994,ACME-L02275,call,2026-08-21 11:34:33,voicemail,Marcus Lee
ACME-A005995,ACME-L02278,call,2026-08-21 12:15:43,voicemail,Sofia Alvarez
ACME-A005996,ACME-L02249,email,2026-08-21 12:23:59,sent,Jordan Ellis
ACME-A005997,ACME-L02174,call,2026-08-21 12:33:51,connected,Sofia Alvarez
ACME-A005998,ACME-L02276,email,2026-08-21 12:36:49,sent,Priya Raman
ACME-A005999,ACME-L02134,email,2026-08-21 12:52:25,replied,Dana Whitfield
ACME-A006000,ACME-L02279,email,2026-08-21 13:06:18,sent,Dana Whitfield
ACME-A006001,ACME-L01932,email,2026-08-21 13:40:42,sent,Grace Kim
ACME-A006002,ACME-L02147,meeting,2026-08-21 13:48:11,held,Marcus Lee
ACME-A006003,ACME-L02281,CALL,2026-08-21 14:25:23,no_answer,Grace Kim
ACME-A006004,ACME-L02280,call,2026-08-21 15:02:38,connected,Jordan Ellis
ACME-A006005,ACME-L02019,email,2026-08-21 15:17:22,sent,Marcus Lee
ACME-A006006,ACME-L02025,call,2026-08-21 15:42:10,no_answer,Marcus Lee
ACME-A006007,ACME-L01928,call,2026-08-21 15:44:49,connected,Priya Raman
ACME-A006008,ACME-L02270,email,2026-08-21 15:50:59,sent,Grace Kim
ACME-A006009,ACME-L02283,call,2026-08-21 16:20:22,no_answer,Acme Round Robin
ACME-A006010,ACME-L02227,email,2026-08-21 16:20:39,sent,Priya Raman
ACME-A006011,ACME-L02209,email,2026-08-21 18:04:44,sent,Sofia Alvarez
ACME-A006012,ACME-L02282,Email,2026-08-21 18:16:45,sent,Marcus Lee
ACME-A006013,ACME-L02285,Email,2026-08-21 18:42:46,sent,Jordan Ellis
ACME-A006014,ACME-L02217,email,2026-08-21 19:36:58,sent,Priya Raman
ACME-A006015,ACME-L02260,Call,2026-08-21 19:39:07,voicemail,Sofia Alvarez
ACME-A006016,ACME-L02207,Email,2026-08-21 20:20:35,replied,Owen Brooks
ACME-A006017,ACME-L02167,CALL,2026-08-21 20:43:46,voicemail,Priya Raman
ACME-A006018,ACME-L02284,call,2026-08-21 20:58:11,no_answer,Grace Kim
ACME-A006019,ACME-L02074,call,2026-08-21 21:54:14,connected,Sofia Alvarez
ACME-A006020,ACME-L02052,CALL,2026-08-21 21:56:38,voicemail,Dana Whitfield
ACME-A006021,ACME-L02129,email,2026-08-21 22:05:53,sent,Dana Whitfield
ACME-A006022,ACME-L02067,call,2026-08-21 22:45:36,no_answer,Grace Kim
ACME-A006023,ACME-L02161,meeting,2026-08-22 00:14:19,rescheduled,Marcus Lee
ACME-A006024,ACME-L02258,call,2026-08-22 00:17:41,voicemail,Dana Whitfield
ACME-A006025,ACME-L02288,call,2026-08-22 01:09:19,no_answer,Dana Whitfield
ACME-A006026,ACME-L01894,meeting,2026-08-22 01:13:55,held,Priya Raman
ACME-A006027,ACME-L02289,call,2026-08-22 01:27:40,connected,Marcus Lee
ACME-A006028,ACME-L02217,meeting,2026-08-22 01:38:20,held,Priya Raman
ACME-A006029,ACME-L02286,call,2026-08-22 01:46:18,connected,Jordan Ellis
ACME-A006030,ACME-L02194,email,2026-08-22 01:56:46,replied,Sofia Alvarez
ACME-A006031,ACME-L01993,call,2026-08-22 02:24:26,voicemail,Jordan Ellis
ACME-A006032,ACME-L02032,email,2026-08-22 02:27:20,sent,Grace Kim
ACME-A006033,ACME-L02287,call,2026-08-22 02:44:44,connected,Marcus Lee
ACME-A006034,ACME-L02003,call,2026-08-22 03:10:11,no_answer,Owen Brooks
ACME-A006035,ACME-L02167,email,2026-08-22 03:13:20,replied,Priya Raman
ACME-A006036,ACME-L02094,Call,2026-08-22 03:44:21,connected,Dana Whitfield
ACME-A006037,ACME-L02272,EMAIL,2026-08-22 04:07:44,replied,Marcus Lee
ACME-A006038,ACME-L01928,call,2026-08-22 04:17:59,voicemail,Priya Raman
ACME-A006039,ACME-L02182,email,2026-08-22 04:19:34,sent,Dana Whitfield
ACME-A006040,ACME-L02216,call,2026-08-22 05:01:40,connected,Dana Whitfield
ACME-A006041,ACME-L02290,email,2026-08-22 05:39:29,sent,Dana Whitfield
ACME-A006042,ACME-L02258,meeting,2026-08-22 05:48:57,held,Dana Whitfield
ACME-A006043,ACME-L02235,email,2026-08-22 06:28:53,sent,Owen Brooks
ACME-A006044,ACME-L02292,email,2026-08-22 07:55:26,sent,Dana Whitfield
ACME-A006045,ACME-L02251,call,2026-08-22 07:56:46,no_answer,Marcus Lee
ACME-A006046,ACME-L02272,email,2026-08-22 08:07:27,sent,Marcus Lee
ACME-A006047,ACME-L02033,email,2026-08-22 08:58:32,sent,Sofia Alvarez
ACME-A006048,ACME-L01728,meeting,2026-08-22 09:03:05,no_show,Marcus Lee
ACME-A006049,ACME-L02220,call,2026-08-22 09:18:43,no_answer,Marcus Lee
ACME-A006050,ACME-L02282,email,2026-08-22 09:54:59,bounced,Marcus Lee
ACME-A006051,ACME-L01921,email,2026-08-22 12:13:04,sent,Priya Raman
ACME-A006052,ACME-L02139,call,2026-08-22 13:02:59,connected,Owen Brooks
ACME-A006053,ACME-L02293,call,2026-08-22 13:12:12,no_answer,Dana Whitfield
ACME-A006054,ACME-L02161,call,2026-08-22 13:46:29,voicemail,Marcus Lee
ACME-A006055,ACME-L02101,call,2026-08-22 15:07:03,no_answer,Owen Brooks
ACME-A006056,ACME-L02147,email,2026-08-22 15:07:48,sent,Marcus Lee
ACME-A006057,ACME-L01955,email,2026-08-22 15:16:52,sent,Priya Raman
ACME-A006058,ACME-L02296,email,2026-08-22 15:35:59,replied,Priya Raman
ACME-A006059,ACME-L02294,call,2026-08-22 16:13:27,connected,Jordan Ellis
ACME-A006060,ACME-L02103,email,2026-08-22 16:32:15,sent,Marcus Lee
ACME-A006061,ACME-L02049,call,2026-08-22 17:04:16,no_answer,Priya Raman
ACME-A006062,ACME-L02028,email,2026-08-22 17:28:18,sent,Sofia Alvarez
ACME-A006063,ACME-L02291,call,2026-08-22 17:58:00,no_answer,Dana Whitfield
ACME-A006064,ACME-L02268,call,2026-08-22 18:49:02,no_answer,Grace Kim
ACME-A006065,ACME-L02062,call,2026-08-22 18:54:32,no_answer,Priya Raman
ACME-A006066,ACME-L00874,Call,2026-08-22 19:04:42,voicemail,Owen Brooks
ACME-A006067,ACME-L02226,call,2026-08-22 20:39:35,no_answer,Grace Kim
ACME-A006068,ACME-L02188,email,2026-08-22 20:56:54,sent,Priya Raman
ACME-A006069,ACME-L02184,email,2026-08-22 21:20:52,sent,Jordan Ellis
ACME-A006070,ACME-L02293,email,2026-08-22 23:22:12,bounced,Dana Whitfield
ACME-A006071,ACME-L02077,call,2026-08-23 00:17:41,connected,Owen Brooks
ACME-A006072,ACME-L02278,call,2026-08-23 00:21:21,no_answer,Sofia Alvarez
ACME-A006073,ACME-L02298,call,2026-08-23 00:32:22,no_answer,Priya Raman
ACME-A006074,ACME-L02301,call,2026-08-23 01:46:41,voicemail,Grace Kim
ACME-A006075,ACME-L02300,email,2026-08-23 02:07:20,sent,Priya Raman
ACME-A006076,ACME-L02258,call,2026-08-23 02:16:00,voicemail,Dana Whitfield
ACME-A006077,ACME-L02038,email,2026-08-23 02:35:11,replied,Marcus Lee
ACME-A006078,ACME-L02276,email,2026-08-23 03:12:30,bounced,Priya Raman
ACME-A006079,ACME-L02069,call,2026-08-23 03:55:13,no_answer,Marcus Lee
ACME-A006080,ACME-L02297,email,2026-08-23 04:06:36,sent,Priya Raman
ACME-A006081,ACME-L02124,email,2026-08-23 04:35:40,sent,Priya Raman
ACME-A006082,ACME-L02156,email,2026-08-23 04:40:35,replied,Dana Whitfield
ACME-A006083,ACME-L02299,Call,2026-08-23 04:51:09,connected,Sofia Alvarez
ACME-A006084,ACME-L02214,call,2026-08-23 05:38:50,connected,Sofia Alvarez
ACME-A006085,ACME-L02258,Email,2026-08-23 06:06:37,sent,Dana Whitfield
ACME-A006086,ACME-L02295,call,2026-08-23 06:08:51,no_answer,Priya Raman
ACME-A006087,ACME-L01959,call,2026-08-23 06:10:42,voicemail,Owen Brooks
ACME-A006088,ACME-L02156,email,2026-08-23 06:10:56,sent,Dana Whitfield
ACME-A006089,ACME-L02304,email,2026-08-23 07:45:04,sent,Acme Round Robin
ACME-A006090,ACME-L02302,email,2026-08-23 07:58:45,replied,Owen Brooks
ACME-A006091,ACME-L02305,email,2026-08-23 08:12:44,bounced,Dana Whitfield
ACME-A006092,ACME-L02303,email,2026-08-23 08:13:40,sent,Dana Whitfield
ACME-A006093,ACME-L02196,email,2026-08-23 08:14:34,sent,Owen Brooks
ACME-A006094,ACME-L01968,email,2026-08-23 09:13:01,sent,Dana Whitfield
ACME-A006095,ACME-L02235,email,2026-08-23 10:00:12,sent,Owen Brooks
ACME-A006096,ACME-L02307,call,2026-08-23 10:06:36,no_answer,Grace Kim
ACME-A006097,ACME-L02309,call,2026-08-23 10:22:28,voicemail,Sofia Alvarez
ACME-A006098,ACME-L02308,call,2026-08-23 10:29:49,no_answer,Marcus Lee
ACME-A006099,ACME-L02067,call,2026-08-23 13:05:33,voicemail,Grace Kim
ACME-A006100,ACME-L02111,email,2026-08-23 13:09:09,replied,Acme Round Robin
ACME-A006101,ACME-L02066,call,2026-08-23 13:24:24,voicemail,Jordan Ellis
ACME-A006102,ACME-L02306,email,2026-08-23 13:47:35,sent,Jordan Ellis
ACME-A006103,ACME-L01797,meeting,2026-08-23 14:11:44,no_show,Jordan Ellis
ACME-A006104,ACME-L02190,call,2026-08-23 14:13:15,no_answer,Sofia Alvarez
ACME-A006105,ACME-L01958,Email,2026-08-23 14:21:10,sent,Jordan Ellis
ACME-A006106,ACME-L02119,call,2026-08-23 14:38:04,no_answer,Owen Brooks
ACME-A006107,ACME-L02303,call,2026-08-23 15:31:36,voicemail,Dana Whitfield
ACME-A006108,ACME-L02077,call,2026-08-23 15:45:58,connected,Owen Brooks
ACME-A006109,ACME-L02311,email,2026-08-23 16:39:35,replied,Dana Whitfield
ACME-A006110,ACME-L02224,email,2026-08-23 16:42:50,replied,Dana Whitfield
ACME-A006111,ACME-L01705,email,2026-08-23 17:19:27,replied,Marcus Lee
ACME-A006112,ACME-L02070,email,2026-08-23 17:28:07,sent,Grace Kim
ACME-A006113,ACME-L02024,email,2026-08-23 18:13:17,sent,Dana Whitfield
ACME-A006114,ACME-L02313,call,2026-08-23 18:30:31,no_answer,Priya Raman
ACME-A006115,ACME-L01996,call,2026-08-23 18:33:23,voicemail,Jordan Ellis
ACME-A006116,ACME-L02270,email,2026-08-23 18:43:35,sent,Grace Kim
ACME-A006117,ACME-L02310,email,2026-08-23 18:48:40,sent,Marcus Lee
ACME-A006118,ACME-L02314,email,2026-08-23 20:10:22,sent,Priya Raman
ACME-A006119,ACME-L02258,call,2026-08-23 20:48:18,connected,Dana Whitfield
ACME-A006120,ACME-L02312,call,2026-08-23 20:59:28,connected,Grace Kim
ACME-A006121,ACME-L02181,call,2026-08-23 21:20:01,no_answer,Sofia Alvarez
ACME-A006122,ACME-L02129,email,2026-08-23 21:23:54,sent,Dana Whitfield
ACME-A006123,ACME-L01928,meeting,2026-08-23 21:24:49,held,Priya Raman
ACME-A006124,ACME-L02186,call,2026-08-23 22:06:46,connected,Sofia Alvarez
ACME-A006125,ACME-L02132,call,2026-08-23 22:22:36,connected,Grace Kim
ACME-A006126,ACME-L02061,email,2026-08-23 22:25:05,sent,Sofia Alvarez
ACME-A006127,ACME-L02315,email,2026-08-23 23:05:54,sent,Jordan Ellis
ACME-A006128,ACME-L02258,call,2026-08-23 23:13:34,connected,Dana Whitfield
ACME-A006129,ACME-L02224,call,2026-08-24 00:20:10,connected,Dana Whitfield
ACME-A006130,ACME-L02121,email,2026-08-24 01:49:01,sent,Marcus Lee
ACME-A006131,ACME-L02317,call,2026-08-24 02:32:20,connected,Dana Whitfield
ACME-A006132,ACME-L02316,email,2026-08-24 02:34:47,replied,Sofia Alvarez
ACME-A006133,ACME-L02074,call,2026-08-24 03:24:35,voicemail,Sofia Alvarez
ACME-A006134,ACME-L02142,email,2026-08-24 03:52:00,replied,Priya Raman
ACME-A006135,ACME-L02318,call,2026-08-24 03:56:50,no_answer,Dana Whitfield
ACME-A006136,ACME-L02094,call,2026-08-24 04:14:39,connected,Dana Whitfield
ACME-A006137,ACME-L02119,email,2026-08-24 04:28:33,sent,Owen Brooks
ACME-A006138,ACME-L02213,email,2026-08-24 05:24:42,replied,Sofia Alvarez
ACME-A006139,ACME-L02319,call,2026-08-24 06:29:31,voicemail,Jordan Ellis
ACME-A006140,ACME-L02162,call,2026-08-24 07:39:17,connected,Sofia Alvarez
ACME-A006141,ACME-L02223,Email,2026-08-24 08:33:09,sent,Priya Raman
ACME-A006142,ACME-L02314,call,2026-08-24 08:42:12,voicemail,Priya Raman
ACME-A006143,ACME-L02009,call,2026-08-24 09:42:00,voicemail,Acme Round Robin
ACME-A006144,ACME-L02322,call,2026-08-24 10:40:30,voicemail,Jordan Ellis
ACME-A006145,ACME-L01863,call,2026-08-24 10:43:42,no_answer,Dana Whitfield
ACME-A006146,ACME-L02077,email,2026-08-24 10:44:23,sent,Owen Brooks
ACME-A006147,ACME-L02263,email,2026-08-24 11:36:27,sent,Grace Kim
ACME-A006148,ACME-L02325,email,2026-08-24 12:40:48,replied,Sofia Alvarez
ACME-A006149,ACME-L02320,call,2026-08-24 12:44:41,connected,Jordan Ellis
ACME-A006150,ACME-L02058,call,2026-08-24 12:50:34,no_answer,Jordan Ellis
ACME-A006151,ACME-L02205,Call,2026-08-24 13:45:20,voicemail,Marcus Lee
ACME-A006152,ACME-L02324,email,2026-08-24 13:59:07,sent,Dana Whitfield
ACME-A006153,ACME-L02330,email,2026-08-24 14:44:48,sent,Marcus Lee
ACME-A006154,ACME-L02096,call,2026-08-24 14:49:10,connected,Marcus Lee
ACME-A006155,ACME-L02326,email,2026-08-24 14:59:48,sent,Sofia Alvarez
ACME-A006156,ACME-L02145,call,2026-08-24 15:01:20,no_answer,Grace Kim
ACME-A006157,ACME-L02321,email,2026-08-24 15:56:25,sent,Acme Round Robin
ACME-A006158,ACME-L01535,call,2026-08-24 15:57:49,no_answer,Marcus Lee
ACME-A006159,ACME-L02329,call,2026-08-24 16:21:01,connected,Sofia Alvarez
ACME-A006160,ACME-L02318,call,2026-08-24 16:24:00,no_answer,Dana Whitfield
ACME-A006161,ACME-L02328,email,2026-08-24 16:49:55,replied,Marcus Lee
ACME-A006162,ACME-L02000,EMAIL,2026-08-24 17:45:28,sent,Dana Whitfield
ACME-A006163,ACME-L02309,call,2026-08-24 18:10:12,connected,Sofia Alvarez
ACME-A006164,ACME-L01968,Call,2026-08-24 19:02:06,connected,Dana Whitfield
ACME-A006165,ACME-L02257,call,2026-08-24 19:53:52,connected,Owen Brooks
ACME-A006166,ACME-L02323,call,2026-08-24 20:07:43,connected,Dana Whitfield
ACME-A006167,ACME-L02331,email,2026-08-24 20:32:32,replied,Marcus Lee
ACME-A006168,ACME-L02214,meeting,2026-08-24 20:43:54,held,Sofia Alvarez
ACME-A006169,ACME-L01932,call,2026-08-24 22:23:26,no_answer,Grace Kim
ACME-A006170,ACME-L02237,email,2026-08-24 23:13:44,replied,Jordan Ellis
ACME-A006171,ACME-L02332,call,2026-08-24 23:21:17,voicemail,Dana Whitfield
ACME-A006172,ACME-L02218,call,2026-08-25 00:04:26,no_answer,Dana Whitfield
ACME-A006173,ACME-L02333,email,2026-08-25 00:05:41,replied,Dana Whitfield
ACME-A006174,ACME-L01705,call,2026-08-25 00:19:11,connected,Marcus Lee
ACME-A006175,ACME-L02229,call,2026-08-25 01:00:51,no_answer,Sofia Alvarez
ACME-A006176,ACME-L02022,call,2026-08-25 01:29:12,connected,Dana Whitfield
ACME-A006177,ACME-L02296,email,2026-08-25 01:56:46,sent,Priya Raman
ACME-A006178,ACME-L02079,email,2026-08-25 02:08:52,bounced,Marcus Lee
ACME-A006179,ACME-L02182,meeting,2026-08-25 03:21:39,no_show,Dana Whitfield
ACME-A006180,ACME-L02335,email,2026-08-25 03:33:24,replied,Owen Brooks
ACME-A006181,ACME-L02028,meeting,2026-08-25 05:18:18,held,Sofia Alvarez
ACME-A006182,ACME-L02139,call,2026-08-25 06:40:01,no_answer,Owen Brooks
ACME-A006183,ACME-L02327,email,2026-08-25 06:51:32,sent,Dana Whitfield
ACME-A006184,ACME-L02278,email,2026-08-25 08:34:21,sent,Sofia Alvarez
ACME-A006185,ACME-L02341,call,2026-08-25 09:19:53,no_answer,Sofia Alvarez
ACME-A006186,ACME-L02337,email,2026-08-25 09:53:00,sent,Grace Kim
ACME-A006187,ACME-L02336,call,2026-08-25 10:00:26,no_answer,Owen Brooks
ACME-A006188,ACME-L02038,meeting,2026-08-25 10:32:05,held,Marcus Lee
ACME-A006189,ACME-L02340,call,2026-08-25 10:32:13,voicemail,Dana Whitfield
ACME-A006190,ACME-L02334,email,2026-08-25 10:32:17,sent,Grace Kim
ACME-A006191,ACME-L02339,email,2026-08-25 10:37:01,sent,Jordan Ellis
ACME-A006192,ACME-L02338,call,2026-08-25 10:59:20,voicemail,Dana Whitfield
ACME-A006193,ACME-L02240,call,2026-08-25 11:13:07,no_answer,Priya Raman
ACME-A006194,ACME-L02343,call,2026-08-25 11:21:07,voicemail,Marcus Lee
ACME-A006195,ACME-L02136,email,2026-08-25 11:47:49,sent,Marcus Lee
ACME-A006196,ACME-L02191,call,2026-08-25 12:07:21,no_answer,Jordan Ellis
ACME-A006197,ACME-L02344,call,2026-08-25 12:16:10,connected,Jordan Ellis
ACME-A006198,ACME-L02016,call,2026-08-25 12:17:27,voicemail,Owen Brooks
ACME-A006199,ACME-L02238,Call,2026-08-25 12:41:30,voicemail,Priya Raman
ACME-A006200,ACME-L02342,call,2026-08-25 13:07:15,voicemail,Sofia Alvarez
ACME-A006201,ACME-L02191,email,2026-08-25 15:08:50,sent,Jordan Ellis
ACME-A006202,ACME-L02003,call,2026-08-25 15:22:34,connected,Owen Brooks
ACME-A006203,ACME-L02346,call,2026-08-25 15:32:11,no_answer,Jordan Ellis
ACME-A006204,ACME-L02184,call,2026-08-25 17:08:58,connected,Jordan Ellis
ACME-A006205,ACME-L02304,email,2026-08-25 17:32:05,sent,Acme Round Robin
ACME-A006206,ACME-L02345,call,2026-08-25 17:41:54,no_answer,Marcus Lee
ACME-A006207,ACME-L02349,call,2026-08-25 17:45:47,no_answer,Owen Brooks
ACME-A006208,ACME-L02347,email,2026-08-25 18:01:38,replied,Dana Whitfield
ACME-A006209,ACME-L02352,email,2026-08-25 18:13:01,sent,Dana Whitfield
ACME-A006210,ACME-L02171,email,2026-08-25 18:22:42,replied,Sofia Alvarez
ACME-A006211,ACME-L02353,email,2026-08-25 18:40:27,sent,Priya Raman
ACME-A006212,ACME-L02167,email,2026-08-25 20:14:51,sent,Priya Raman
ACME-A006213,ACME-L02344,call,2026-08-25 21:39:20,no_answer,Jordan Ellis
ACME-A006214,ACME-L02003,Call,2026-08-25 21:41:31,connected,Owen Brooks
ACME-A006215,ACME-L01705,email,2026-08-25 21:57:21,bounced,Marcus Lee
ACME-A006216,ACME-L02134,CALL,2026-08-25 22:06:55,no_answer,Dana Whitfield
ACME-A006217,ACME-L02000,call,2026-08-25 22:07:57,connected,Dana Whitfield
ACME-A006218,ACME-L02178,call,2026-08-25 22:52:57,no_answer,Priya Raman
ACME-A006219,ACME-L02317,call,2026-08-25 23:43:02,no_answer,Dana Whitfield
ACME-A006220,ACME-L02045,call,2026-08-26 00:24:22,voicemail,Owen Brooks
ACME-A006221,ACME-L02217,call,2026-08-26 00:59:53,connected,Priya Raman
ACME-A006222,ACME-L02148,email,2026-08-26 01:21:13,replied,Owen Brooks
ACME-A006223,ACME-L02350,email,2026-08-26 02:27:04,sent,Marcus Lee
ACME-A006224,ACME-L02348,email,2026-08-26 02:28:19,sent,Jordan Ellis
ACME-A006225,ACME-L02351,call,2026-08-26 02:50:05,no_answer,Owen Brooks
ACME-A006226,ACME-L02180,email,2026-08-26 04:22:02,sent,Dana Whitfield
ACME-A006227,ACME-L02054,call,2026-08-26 04:50:45,voicemail,Marcus Lee
ACME-A006228,ACME-L02235,meeting,2026-08-26 05:03:24,held,Owen Brooks
ACME-A006229,ACME-L02301,email,2026-08-26 05:05:51,sent,Grace Kim
ACME-A006230,ACME-L02217,call,2026-08-26 06:19:46,connected,Priya Raman
ACME-A006231,ACME-L02139,call,2026-08-26 06:38:45,no_answer,Owen Brooks
ACME-A006232,ACME-L02289,email,2026-08-26 07:03:53,sent,Marcus Lee
ACME-A006233,ACME-L02296,meeting,2026-08-26 07:13:28,rescheduled,Priya Raman
ACME-A006234,ACME-L02147,email,2026-08-26 07:38:51,sent,Marcus Lee
ACME-A006235,ACME-L02323,call,2026-08-26 07:44:44,no_answer,Dana Whitfield
ACME-A006236,ACME-L02163,call,2026-08-26 08:28:45,voicemail,Jordan Ellis
ACME-A006237,ACME-L02180,email,2026-08-26 08:32:40,replied,Dana Whitfield
ACME-A006238,ACME-L02289,email,2026-08-26 08:52:32,sent,Marcus Lee
ACME-A006239,ACME-L02354,call,2026-08-26 09:30:52,no_answer,Jordan Ellis
ACME-A006240,ACME-L02058,EMAIL,2026-08-26 10:24:57,sent,Jordan Ellis
ACME-A006241,ACME-L02361,email,2026-08-26 11:51:18,sent,Owen Brooks
ACME-A006242,ACME-L02124,call,2026-08-26 12:01:30,no_answer,Priya Raman
ACME-A006243,ACME-L02362,call,2026-08-26 12:06:03,voicemail,Marcus Lee
ACME-A006244,ACME-L02160,email,2026-08-26 12:37:08,sent,Sofia Alvarez
ACME-A006245,ACME-L02355,email,2026-08-26 12:38:13,replied,Owen Brooks
ACME-A006246,ACME-L02255,call,2026-08-26 12:45:55,voicemail,Grace Kim
ACME-A006247,ACME-L02363,email,2026-08-26 12:52:45,sent,Priya Raman
ACME-A006248,ACME-L01892,call,2026-08-26 13:34:24,voicemail,Grace Kim
ACME-A006249,ACME-L02359,email,2026-08-26 14:09:52,replied,Dana Whitfield
ACME-A006250,ACME-L02358,call,2026-08-26 14:34:13,voicemail,Jordan Ellis
ACME-A006251,ACME-L01523,email,2026-08-26 15:01:40,sent,Acme Round Robin
ACME-A006252,ACME-L02303,email,2026-08-26 15:26:03,replied,Dana Whitfield
ACME-A006253,ACME-L02367,call,2026-08-26 15:34:15,connected,Sofia Alvarez
ACME-A006254,ACME-L01912,call,2026-08-26 15:41:04,connected,Priya Raman
ACME-A006255,ACME-L02296,call,2026-08-26 15:41:35,connected,Priya Raman
ACME-A006256,ACME-L02356,call,2026-08-26 15:58:00,no_answer,Dana Whitfield
ACME-A006257,ACME-L02101,email,2026-08-26 16:02:54,sent,Owen Brooks
ACME-A006258,ACME-L02369,call,2026-08-26 16:04:07,connected,Acme Round Robin
ACME-A006259,ACME-L02364,CALL,2026-08-26 16:23:48,no_answer,Priya Raman
ACME-A006260,ACME-L02372,call,2026-08-26 16:27:01,connected,Dana Whitfield
ACME-A006261,ACME-L02373,email,2026-08-26 16:31:54,replied,Jordan Ellis
ACME-A006262,ACME-L02114,email,2026-08-26 16:51:53,replied,Owen Brooks
ACME-A006263,ACME-L02304,Email,2026-08-26 17:14:22,sent,Acme Round Robin
ACME-A006264,ACME-L02209,call,2026-08-26 17:46:03,no_answer,Sofia Alvarez
ACME-A006265,ACME-L02370,call,2026-08-26 17:55:41,connected,Dana Whitfield
ACME-A006266,ACME-L02180,call,2026-08-26 18:30:10,no_answer,Dana Whitfield
ACME-A006267,ACME-L02066,call,2026-08-26 18:51:33,voicemail,Jordan Ellis
ACME-A006268,ACME-L02371,call,2026-08-26 19:39:40,no_answer,Priya Raman
ACME-A006269,ACME-L02365,email,2026-08-26 20:44:09,sent,Jordan Ellis
ACME-A006270,ACME-L02094,email,2026-08-26 20:46:44,sent,Dana Whitfield
ACME-A006271,ACME-L02375,call,2026-08-26 20:49:55,voicemail,Dana Whitfield
ACME-A006272,ACME-L02332,call,2026-08-26 20:50:59,connected,Dana Whitfield
ACME-A006273,ACME-L02373,email,2026-08-26 20:55:16,sent,Jordan Ellis
ACME-A006274,ACME-L02149,call,2026-08-26 21:07:28,no_answer,Marcus Lee
ACME-A006275,ACME-L02376,email,2026-08-26 21:51:37,sent,Dana Whitfield
ACME-A006276,ACME-L02135,call,2026-08-26 22:07:23,connected,Grace Kim
ACME-A006277,ACME-L02374,email,2026-08-26 22:38:53,replied,Grace Kim
ACME-A006278,ACME-L02264,email,2026-08-27 00:11:17,sent,Marcus Lee
ACME-A006279,ACME-L02360,email,2026-08-27 00:28:29,replied,Priya Raman
ACME-A006280,ACME-L02320,call,2026-08-27 00:52:40,connected,Jordan Ellis
ACME-A006281,ACME-L02338,call,2026-08-27 01:06:52,no_answer,Dana Whitfield
ACME-A006282,ACME-L02328,call,2026-08-27 01:25:36,no_answer,Marcus Lee
ACME-A006283,ACME-L02335,call,2026-08-27 01:53:14,connected,Owen Brooks
ACME-A006284,ACME-L02110,email,2026-08-27 02:33:48,sent,Jordan Ellis
ACME-A006285,ACME-L02377,email,2026-08-27 02:44:33,sent,Marcus Lee
ACME-A006286,ACME-L02368,Email,2026-08-27 02:52:46,replied,Marcus Lee
ACME-A006287,ACME-L02366,call,2026-08-27 03:25:21,connected,Priya Raman
ACME-A006288,ACME-L02127,call,2026-08-27 03:48:05,voicemail,Marcus Lee
ACME-A006289,ACME-L02121,call,2026-08-27 05:33:43,connected,Marcus Lee
ACME-A006290,ACME-L02178,email,2026-08-27 05:40:44,sent,Priya Raman
ACME-A006291,ACME-L02163,Call,2026-08-27 06:01:31,voicemail,Jordan Ellis
ACME-A006292,ACME-L02259,call,2026-08-27 06:26:15,no_answer,Priya Raman
ACME-A006293,ACME-L02357,call,2026-08-27 06:31:16,no_answer,Grace Kim
ACME-A006294,ACME-L02352,EMAIL,2026-08-27 06:34:00,sent,Dana Whitfield
ACME-A006295,ACME-L02262,email,2026-08-27 06:45:09,sent,Sofia Alvarez
ACME-A006296,ACME-L02019,call,2026-08-27 07:25:24,connected,Marcus Lee
ACME-A006297,ACME-L02365,call,2026-08-27 07:56:52,connected,Jordan Ellis
ACME-A006298,ACME-L01928,email,2026-08-27 08:11:55,sent,Priya Raman
ACME-A006299,ACME-L02360,email,2026-08-27 09:48:04,sent,Priya Raman
ACME-A006300,ACME-L02378,call,2026-08-27 09:57:44,no_answer,Priya Raman
ACME-A006301,ACME-L01912,email,2026-08-27 10:05:48,sent,Priya Raman
ACME-A006302,ACME-L02332,meeting,2026-08-27 11:46:45,held,Dana Whitfield
ACME-A006303,ACME-L02380,email,2026-08-27 11:57:58,sent,Sofia Alvarez
ACME-A006304,ACME-L02128,call,2026-08-27 12:18:30,voicemail,Jordan Ellis
ACME-A006305,ACME-L02382,email,2026-08-27 12:46:05,sent,Priya Raman
ACME-A006306,ACME-L02384,Email,2026-08-27 13:18:28,sent,Dana Whitfield
ACME-A006307,ACME-L02158,email,2026-08-27 13:38:13,bounced,Priya Raman
ACME-A006308,ACME-L02132,email,2026-08-27 13:48:48,sent,Grace Kim
ACME-A006309,ACME-L02126,call,2026-08-27 13:58:56,no_answer,Marcus Lee
ACME-A006310,ACME-L02312,call,2026-08-27 14:32:54,no_answer,Grace Kim
ACME-A006311,ACME-L02199,call,2026-08-27 14:35:02,voicemail,Sofia Alvarez
ACME-A006312,ACME-L02206,email,2026-08-27 14:41:09,replied,Acme Round Robin
ACME-A006313,ACME-L02174,call,2026-08-27 15:00:57,voicemail,Sofia Alvarez
ACME-A006314,ACME-L02364,call,2026-08-27 15:17:47,voicemail,Priya Raman
ACME-A006315,ACME-L02256,email,2026-08-27 15:26:39,replied,Sofia Alvarez
ACME-A006316,ACME-L02383,call,2026-08-27 15:55:01,connected,Priya Raman
ACME-A006317,ACME-L02381,EMAIL,2026-08-27 16:21:10,sent,Jordan Ellis
ACME-A006318,ACME-L02191,email,2026-08-27 17:27:12,sent,Jordan Ellis
ACME-A006319,ACME-L02234,email,2026-08-27 17:34:24,sent,Priya Raman
ACME-A006320,ACME-L02386,call,2026-08-27 18:15:47,connected,Marcus Lee
ACME-A006321,ACME-L02081,Call,2026-08-27 18:33:58,connected,Marcus Lee
ACME-A006322,ACME-L02387,call,2026-08-27 18:45:09,voicemail,Priya Raman
ACME-A006323,ACME-L02385,email,2026-08-27 19:13:05,bounced,Dana Whitfield
ACME-A006324,ACME-L02092,call,2026-08-27 19:23:21,connected,Marcus Lee
ACME-A006325,ACME-L02390,call,2026-08-27 20:06:03,no_answer,Priya Raman
ACME-A006326,ACME-L02329,email,2026-08-27 20:07:41,sent,Sofia Alvarez
ACME-A006327,ACME-L02079,meeting,2026-08-27 20:23:01,held,Marcus Lee
ACME-A006328,ACME-L02044,call,2026-08-27 20:38:58,connected,Jordan Ellis
ACME-A006329,ACME-L02263,call,2026-08-27 21:26:16,voicemail,Grace Kim
ACME-A006330,ACME-L02388,call,2026-08-27 21:29:54,no_answer,Marcus Lee
ACME-A006331,ACME-L01928,meeting,2026-08-27 22:05:01,held,Priya Raman
ACME-A006332,ACME-L02050,call,2026-08-27 22:13:44,no_answer,Marcus Lee
ACME-A006333,ACME-L02085,call,2026-08-27 23:26:38,no_answer,Jordan Ellis
ACME-A006334,ACME-L02223,call,2026-08-28 00:28:23,connected,Priya Raman
ACME-A006335,ACME-L02391,email,2026-08-28 01:01:08,sent,Dana Whitfield
ACME-A006336,ACME-L02234,Call,2026-08-28 01:06:15,connected,Priya Raman
ACME-A006337,ACME-L02232,Email,2026-08-28 01:08:33,replied,Owen Brooks
ACME-A006338,ACME-L02315,Email,2026-08-28 01:56:12,replied,Jordan Ellis
ACME-A006339,ACME-L02229,call,2026-08-28 02:31:23,voicemail,Sofia Alvarez
ACME-A006340,ACME-L02202,CALL,2026-08-28 03:33:42,no_answer,Owen Brooks
ACME-A006341,ACME-L01963,call,2026-08-28 03:39:57,voicemail,Marcus Lee
ACME-A006342,ACME-L02057,email,2026-08-28 05:23:33,sent,Marcus Lee
ACME-A006343,ACME-L02389,call,2026-08-28 05:24:30,voicemail,Owen Brooks
ACME-A006344,ACME-L02392,Call,2026-08-28 06:34:22,connected,Marcus Lee
ACME-A006345,ACME-L02078,call,2026-08-28 07:04:23,connected,Priya Raman
ACME-A006346,ACME-L02379,email,2026-08-28 08:13:49,sent,Priya Raman
ACME-A006347,ACME-L02396,email,2026-08-28 08:40:12,sent,Sofia Alvarez
ACME-A006348,ACME-L02063,email,2026-08-28 09:17:05,sent,Dana Whitfield
ACME-A006349,ACME-L02392,call,2026-08-28 09:21:25,no_answer,Marcus Lee
ACME-A006350,ACME-L02393,email,2026-08-28 10:16:55,sent,Sofia Alvarez
ACME-A006351,ACME-L02399,email,2026-08-28 11:24:48,sent,Marcus Lee
ACME-A006352,ACME-L02400,email,2026-08-28 11:51:56,bounced,Grace Kim
ACME-A006353,ACME-L02401,call,2026-08-28 12:40:30,no_answer,Jordan Ellis
ACME-A006354,ACME-L02045,email,2026-08-28 13:11:58,sent,Owen Brooks
ACME-A006355,ACME-L02117,CALL,2026-08-28 13:16:05,no_answer,Jordan Ellis
ACME-A006356,ACME-L02108,email,2026-08-28 13:16:49,replied,Grace Kim
ACME-A006357,ACME-L02394,call,2026-08-28 13:23:34,connected,Jordan Ellis
ACME-A006358,ACME-L02397,call,2026-08-28 13:36:18,no_answer,Dana Whitfield
ACME-A006359,ACME-L02368,email,2026-08-28 14:11:36,sent,Marcus Lee
ACME-A006360,ACME-L02395,email,2026-08-28 14:25:15,bounced,Jordan Ellis
ACME-A006361,ACME-L02368,CALL,2026-08-28 14:53:42,no_answer,Marcus Lee
ACME-A006362,ACME-L02400,call,2026-08-28 15:01:11,connected,Grace Kim
ACME-A006363,ACME-L02263,call,2026-08-28 15:19:18,voicemail,Grace Kim
ACME-A006364,ACME-L02184,email,2026-08-28 16:03:00,sent,Jordan Ellis
ACME-A006365,ACME-L02402,email,2026-08-28 16:25:29,sent,Dana Whitfield
ACME-A006366,ACME-L02335,email,2026-08-28 16:29:40,sent,Owen Brooks
ACME-A006367,ACME-L02334,call,2026-08-28 16:39:57,no_answer,Grace Kim
ACME-A006368,ACME-L02345,Call,2026-08-28 17:07:18,no_answer,Marcus Lee
ACME-A006369,ACME-L02131,email,2026-08-28 17:20:51,replied,Sofia Alvarez
ACME-A006370,ACME-L02405,call,2026-08-28 17:44:38,connected,Jordan Ellis
ACME-A006371,ACME-L02410,email,2026-08-28 18:09:24,replied,Marcus Lee
ACME-A006372,ACME-L02404,Email,2026-08-28 18:40:10,sent,Owen Brooks
ACME-A006373,ACME-L02368,email,2026-08-28 18:55:41,sent,Marcus Lee
ACME-A006374,ACME-L02398,call,2026-08-28 19:12:04,voicemail,Marcus Lee
ACME-A006375,ACME-L02098,call,2026-08-28 19:12:31,no_answer,Dana Whitfield
ACME-A006376,ACME-L02283,call,2026-08-28 19:33:13,no_answer,Acme Round Robin
ACME-A006377,ACME-L02163,email,2026-08-28 19:36:42,sent,Jordan Ellis
ACME-A006378,ACME-L02411,call,2026-08-28 19:45:52,voicemail,Priya Raman
ACME-A006379,ACME-L02297,email,2026-08-28 20:27:27,sent,Priya Raman
ACME-A006380,ACME-L02168,call,2026-08-28 20:57:40,connected,Marcus Lee
ACME-A006381,ACME-L02407,email,2026-08-28 21:54:48,sent,Dana Whitfield
ACME-A006382,ACME-L02098,call,2026-08-28 21:59:20,connected,Dana Whitfield
ACME-A006383,ACME-L02045,email,2026-08-28 22:37:30,sent,Owen Brooks
ACME-A006384,ACME-L02332,email,2026-08-28 23:06:33,sent,Dana Whitfield
ACME-A006385,ACME-L02303,Call,2026-08-29 00:58:37,connected,Dana Whitfield
ACME-A006386,ACME-L02111,email,2026-08-29 01:07:57,sent,Acme Round Robin
ACME-A006387,ACME-L02306,Email,2026-08-29 01:17:40,sent,Jordan Ellis
ACME-A006388,ACME-L02409,email,2026-08-29 01:27:10,sent,Jordan Ellis
ACME-A006389,ACME-L02368,Call,2026-08-29 01:59:46,no_answer,Marcus Lee
ACME-A006390,ACME-L02408,email,2026-08-29 03:14:06,sent,Sofia Alvarez
ACME-A006391,ACME-L02403,email,2026-08-29 03:31:14,sent,Dana Whitfield
ACME-A006392,ACME-L02096,email,2026-08-29 03:57:01,sent,Marcus Lee
ACME-A006393,ACME-L02412,call,2026-08-29 04:10:57,no_answer,Priya Raman
ACME-A006394,ACME-L02115,call,2026-08-29 05:23:22,no_answer,Marcus Lee
ACME-A006395,ACME-L02240,call,2026-08-29 05:45:18,voicemail,Priya Raman
ACME-A006396,ACME-L02406,email,2026-08-29 05:50:15,sent,Priya Raman
ACME-A006397,ACME-L02259,call,2026-08-29 05:51:28,no_answer,Priya Raman
ACME-A006398,ACME-L02155,email,2026-08-29 06:14:39,sent,Marcus Lee
ACME-A006399,ACME-L02202,email,2026-08-29 07:00:14,sent,Owen Brooks
ACME-A006400,ACME-L02368,email,2026-08-29 07:51:37,sent,Marcus Lee
ACME-A006401,ACME-L02395,call,2026-08-29 08:49:15,no_answer,Jordan Ellis
ACME-A006402,ACME-L01928,call,2026-08-29 08:50:09,connected,Priya Raman
ACME-A006403,ACME-L01428,Email,2026-08-29 09:03:42,sent,Dana Whitfield
ACME-A006404,ACME-L02249,Call,2026-08-29 09:49:08,no_answer,Jordan Ellis
ACME-A006405,ACME-L02092,email,2026-08-29 09:51:45,sent,Marcus Lee
ACME-A006406,ACME-L02272,meeting,2026-08-29 10:01:43,held,Marcus Lee
ACME-A006407,ACME-L02213,meeting,2026-08-29 10:48:12,held,Sofia Alvarez
ACME-A006408,ACME-L02414,call,2026-08-29 11:16:37,no_answer,Marcus Lee
ACME-A006409,ACME-L02190,call,2026-08-29 12:15:38,no_answer,Sofia Alvarez
ACME-A006410,ACME-L02286,call,2026-08-29 12:45:29,no_answer,Jordan Ellis
ACME-A006411,ACME-L02090,call,2026-08-29 13:22:29,connected,Sofia Alvarez
ACME-A006412,ACME-L02081,email,2026-08-29 14:00:03,sent,Marcus Lee
ACME-A006413,ACME-L02415,Call,2026-08-29 16:11:49,voicemail,Sofia Alvarez
ACME-A006414,ACME-L02280,call,2026-08-29 16:16:30,voicemail,Jordan Ellis
ACME-A006415,ACME-L02198,call,2026-08-29 16:39:48,no_answer,Marcus Lee
ACME-A006416,ACME-L02177,call,2026-08-29 17:04:48,voicemail,Sofia Alvarez
ACME-A006417,ACME-L02184,email,2026-08-29 18:00:37,sent,Jordan Ellis
ACME-A006418,ACME-L02233,email,2026-08-29 18:15:09,replied,Priya Raman
ACME-A006419,ACME-L01954,call,2026-08-29 18:15:57,no_answer,Sofia Alvarez
ACME-A006420,ACME-L02416,call,2026-08-29 18:38:29,voicemail,Sofia Alvarez
ACME-A006421,ACME-L02417,call,2026-08-29 19:29:20,voicemail,Dana Whitfield
ACME-A006422,ACME-L02359,meeting,2026-08-29 19:31:20,held,Dana Whitfield
ACME-A006423,ACME-L02145,call,2026-08-29 20:25:43,voicemail,Grace Kim
ACME-A006424,ACME-L02279,call,2026-08-29 20:31:20,connected,Dana Whitfield
ACME-A006425,ACME-L02299,call,2026-08-29 22:34:30,connected,Sofia Alvarez
ACME-A006426,ACME-L02174,email,2026-08-29 22:42:33,sent,Sofia Alvarez
ACME-A006427,ACME-L02282,call,2026-08-29 23:55:45,connected,Marcus Lee
ACME-A006428,ACME-L02094,call,2026-08-30 00:57:19,voicemail,Dana Whitfield
ACME-A006429,ACME-L02378,Call,2026-08-30 01:46:38,no_answer,Priya Raman
ACME-A006430,ACME-L02158,call,2026-08-30 02:08:01,no_answer,Priya Raman
ACME-A006431,ACME-L02147,call,2026-08-30 02:19:26,connected,Marcus Lee
ACME-A006432,ACME-L02219,email,2026-08-30 02:22:56,sent,Priya Raman
ACME-A006433,ACME-L02338,email,2026-08-30 02:33:20,sent,Dana Whitfield
ACME-A006434,ACME-L02234,email,2026-08-30 02:46:08,bounced,Priya Raman
ACME-A006435,ACME-L02067,meeting,2026-08-30 03:00:37,held,Grace Kim
ACME-A006436,ACME-L02133,email,2026-08-30 03:10:23,sent,Marcus Lee
ACME-A006437,ACME-L02416,email,2026-08-30 03:15:26,sent,Sofia Alvarez
ACME-A006438,ACME-L02083,email,2026-08-30 03:53:27,sent,Marcus Lee
ACME-A006439,ACME-L02315,email,2026-08-30 04:06:02,sent,Jordan Ellis
ACME-A006440,ACME-L02135,call,2026-08-30 05:14:00,no_answer,Grace Kim
ACME-A006441,ACME-L02237,email,2026-08-30 05:56:39,sent,Jordan Ellis
ACME-A006442,ACME-L02148,call,2026-08-30 06:02:39,voicemail,Owen Brooks
ACME-A006443,ACME-L02357,CALL,2026-08-30 06:07:00,connected,Grace Kim
ACME-A006444,ACME-L02085,email,2026-08-30 06:11:08,sent,Jordan Ellis
ACME-A006445,ACME-L02202,email,2026-08-30 06:14:19,sent,Owen Brooks
ACME-A006446,ACME-L02279,email,2026-08-30 06:24:54,sent,Dana Whitfield
ACME-A006447,ACME-L02413,email,2026-08-30 06:28:15,sent,Sofia Alvarez
ACME-A006448,ACME-L02416,email,2026-08-30 06:49:34,sent,Sofia Alvarez
ACME-A006449,ACME-L02418,email,2026-08-30 06:49:51,replied,Sofia Alvarez
ACME-A006450,ACME-L02297,call,2026-08-30 07:54:46,connected,Priya Raman
ACME-A006451,ACME-L02420,call,2026-08-30 08:05:53,no_answer,Grace Kim
ACME-A006452,ACME-L02068,email,2026-08-30 08:11:14,sent,Grace Kim
ACME-A006453,ACME-L02130,email,2026-08-30 08:35:44,replied,Grace Kim
ACME-A006454,ACME-L02419,email,2026-08-30 09:18:49,sent,Owen Brooks
ACME-A006455,ACME-L02392,call,2026-08-30 09:58:43,voicemail,Marcus Lee
ACME-A006456,ACME-L01741,email,2026-08-30 10:01:35,sent,Sofia Alvarez
ACME-A006457,ACME-L02280,CALL,2026-08-30 10:05:04,no_answer,Jordan Ellis
ACME-A006458,ACME-L02077,email,2026-08-30 10:10:17,replied,Owen Brooks
ACME-A006459,ACME-L02125,meeting,2026-08-30 10:19:43,held,Sofia Alvarez
ACME-A006460,ACME-L02294,call,2026-08-30 12:19:14,connected,Jordan Ellis
ACME-A006461,ACME-L02364,call,2026-08-30 12:27:15,voicemail,Priya Raman
ACME-A006462,ACME-L02080,email,2026-08-30 12:47:46,sent,Jordan Ellis
ACME-A006463,ACME-L02271,email,2026-08-30 13:21:32,sent,Owen Brooks
ACME-A006464,ACME-L02028,email,2026-08-30 15:05:36,replied,Sofia Alvarez
ACME-A006465,ACME-L02422,call,2026-08-30 15:50:13,no_answer,Dana Whitfield
ACME-A006466,ACME-L02345,meeting,2026-08-30 16:01:08,held,Marcus Lee
ACME-A006467,ACME-L02347,call,2026-08-30 16:01:57,connected,Dana Whitfield
ACME-A006468,ACME-L01963,email,2026-08-30 16:36:27,sent,Marcus Lee
ACME-A006469,ACME-L02316,call,2026-08-30 16:38:48,connected,Sofia Alvarez
ACME-A006470,ACME-L02339,email,2026-08-30 16:57:21,replied,Jordan Ellis
ACME-A006471,ACME-L02419,call,2026-08-30 17:49:56,connected,Owen Brooks
ACME-A006472,ACME-L02424,call,2026-08-30 18:11:49,connected,Owen Brooks
ACME-A006473,ACME-L02423,email,2026-08-30 18:37:51,sent,Acme Round Robin
ACME-A006474,ACME-L02421,email,2026-08-30 19:46:01,sent,Dana Whitfield
ACME-A006475,ACME-L02179,email,2026-08-30 19:50:59,replied,Jordan Ellis
ACME-A006476,ACME-L02412,email,2026-08-30 20:01:21,sent,Priya Raman
ACME-A006477,ACME-L02301,call,2026-08-30 21:05:22,no_answer,Grace Kim
ACME-A006478,ACME-L02320,call,2026-08-30 21:42:45,connected,Jordan Ellis
ACME-A006479,ACME-L02249,email,2026-08-30 22:48:33,sent,Jordan Ellis
ACME-A006480,ACME-L02428,call,2026-08-30 23:59:00,connected,Priya Raman
ACME-A006481,ACME-L02426,email,2026-08-31 00:26:04,sent,Sofia Alvarez
ACME-A006482,ACME-L02337,email,2026-08-31 00:49:41,replied,Grace Kim
ACME-A006483,ACME-L02240,email,2026-08-31 01:17:57,sent,Priya Raman
ACME-A006484,ACME-L02111,email,2026-08-31 01:28:19,replied,Acme Round Robin
ACME-A006485,ACME-L02250,email,2026-08-31 01:29:44,replied,Priya Raman
ACME-A006486,ACME-L02424,email,2026-08-31 02:09:06,sent,Owen Brooks
ACME-A006487,ACME-L02429,email,2026-08-31 02:27:24,sent,Jordan Ellis
ACME-A006488,ACME-L02332,email,2026-08-31 02:28:04,sent,Dana Whitfield
ACME-A006489,ACME-L02279,email,2026-08-31 03:10:35,replied,Dana Whitfield
ACME-A006490,ACME-L02398,email,2026-08-31 03:39:45,bounced,Marcus Lee
ACME-A006491,ACME-L02074,email,2026-08-31 05:08:58,sent,Sofia Alvarez
ACME-A006492,ACME-L02392,meeting,2026-08-31 05:28:58,held,Marcus Lee
ACME-A006493,ACME-L02425,email,2026-08-31 05:57:37,sent,Owen Brooks
ACME-A006494,ACME-L02187,call,2026-08-31 06:01:52,no_answer,Dana Whitfield
ACME-A006495,ACME-L02142,email,2026-08-31 06:23:25,replied,Priya Raman
ACME-A006496,ACME-L02092,email,2026-08-31 06:48:06,sent,Marcus Lee
ACME-A006497,ACME-L02358,call,2026-08-31 07:45:10,no_answer,Jordan Ellis
ACME-A006498,ACME-L02269,call,2026-08-31 07:45:39,voicemail,Jordan Ellis
ACME-A006499,ACME-L02433,Email,2026-08-31 09:09:04,replied,Dana Whitfield
ACME-A006500,ACME-L02432,email,2026-08-31 09:25:33,replied,Sofia Alvarez
ACME-A006501,ACME-L02366,call,2026-08-31 09:30:12,no_answer,Priya Raman
ACME-A006502,ACME-L02430,email,2026-08-31 09:39:30,sent,Marcus Lee
ACME-A006503,ACME-L02209,call,2026-08-31 09:42:36,voicemail,Sofia Alvarez
ACME-A006504,ACME-L02431,call,2026-08-31 09:49:39,connected,Jordan Ellis
ACME-A006505,ACME-L02177,call,2026-08-31 10:02:59,connected,Sofia Alvarez
ACME-A006506,ACME-L02274,email,2026-08-31 10:16:20,replied,Dana Whitfield
ACME-A006507,ACME-L02292,email,2026-08-31 10:35:54,sent,Dana Whitfield
ACME-A006508,ACME-L02240,Meeting,2026-08-31 11:35:13,no_show,Priya Raman
ACME-A006509,ACME-L02376,email,2026-08-31 11:35:34,sent,Dana Whitfield
ACME-A006510,ACME-L02437,call,2026-08-31 12:49:50,no_answer,Marcus Lee
ACME-A006511,ACME-L02289,email,2026-08-31 13:01:21,sent,Marcus Lee
ACME-A006512,ACME-L02153,email,2026-08-31 14:24:50,sent,Dana Whitfield
ACME-A006513,ACME-L02427,email,2026-08-31 14:33:13,sent,Priya Raman
ACME-A006514,ACME-L02435,email,2026-08-31 14:44:35,bounced,Dana Whitfield
ACME-A006515,ACME-L02252,call,2026-08-31 14:46:49,no_answer,Jordan Ellis
ACME-A006516,ACME-L02375,EMAIL,2026-08-31 15:25:12,sent,Dana Whitfield
ACME-A006517,ACME-L02213,email,2026-08-31 16:12:43,sent,Sofia Alvarez
ACME-A006518,ACME-L02436,email,2026-08-31 16:26:13,replied,Marcus Lee
ACME-A006519,ACME-L02438,email,2026-08-31 17:11:29,replied,Jordan Ellis
ACME-A006520,ACME-L02442,call,2026-08-31 17:18:02,connected,Marcus Lee
ACME-A006521,ACME-L02170,call,2026-08-31 17:19:26,connected,Marcus Lee
ACME-A006522,ACME-L02417,CALL,2026-08-31 17:36:59,connected,Dana Whitfield
ACME-A006523,ACME-L02334,call,2026-08-31 18:14:42,no_answer,Grace Kim
ACME-A006524,ACME-L02250,call,2026-08-31 18:33:38,no_answer,Priya Raman
ACME-A006525,ACME-L02399,email,2026-08-31 19:09:11,sent,Marcus Lee
ACME-A006526,ACME-L02434,email,2026-08-31 19:34:43,sent,Owen Brooks
ACME-A006527,ACME-L02430,call,2026-08-31 19:42:42,connected,Marcus Lee
ACME-A006528,ACME-L02089,email,2026-08-31 20:28:02,sent,Dana Whitfield
ACME-A006529,ACME-L02022,email,2026-08-31 20:43:28,sent,Dana Whitfield
ACME-A006530,ACME-L02306,call,2026-08-31 21:10:30,no_answer,Jordan Ellis
ACME-A006531,ACME-L02404,call,2026-08-31 21:10:42,no_answer,Owen Brooks
ACME-A006532,ACME-L02320,email,2026-08-31 21:18:00,sent,Jordan Ellis
ACME-A006533,ACME-L02430,call,2026-08-31 22:00:49,no_answer,Marcus Lee
ACME-A006534,ACME-L02443,call,2026-08-31 22:11:11,connected,Acme Round Robin
ACME-A006535,ACME-L02444,call,2026-08-31 22:38:31,connected,Marcus Lee
ACME-A006536,ACME-L02441,call,2026-08-31 23:17:56,no_answer,Priya Raman
ACME-A006537,ACME-L02332,call,2026-08-31 23:38:55,no_answer,Dana Whitfield
ACME-A006538,ACME-L02439,email,2026-08-31 23:44:43,sent,Sofia Alvarez
ACME-A006539,ACME-L02433,call,2026-08-31 23:59:29,connected,Dana Whitfield
ACME-A006540,ACME-L02337,call,2026-09-01 00:57:50,no_answer,Grace Kim
ACME-A006541,ACME-L02445,email,2026-09-01 01:41:08,sent,Dana Whitfield
ACME-A006542,ACME-L02286,call,2026-09-01 02:31:20,no_answer,Jordan Ellis
ACME-A006543,ACME-L02369,email,2026-09-01 02:44:46,sent,Acme Round Robin
ACME-A006544,ACME-L02366,call,2026-09-01 03:41:32,connected,Priya Raman
ACME-A006545,ACME-L02341,email,2026-09-01 03:54:02,sent,Sofia Alvarez
ACME-A006546,ACME-L02448,call,2026-09-01 04:15:30,no_answer,Dana Whitfield
ACME-A006547,ACME-L02446,email,2026-09-01 05:28:55,replied,Jordan Ellis
ACME-A006548,ACME-L02440,email,2026-09-01 06:03:20,sent,Jordan Ellis
ACME-A006549,ACME-L02288,call,2026-09-01 06:44:13,voicemail,Dana Whitfield
ACME-A006550,ACME-L02349,email,2026-09-01 07:33:36,replied,Owen Brooks
ACME-A006551,ACME-L02148,call,2026-09-01 08:24:50,connected,Owen Brooks
ACME-A006552,ACME-L02299,email,2026-09-01 08:30:37,replied,Sofia Alvarez
ACME-A006553,ACME-L02449,call,2026-09-01 09:59:19,voicemail,Dana Whitfield
ACME-A006554,ACME-L02350,call,2026-09-01 10:10:48,no_answer,Marcus Lee
ACME-A006555,ACME-L02450,email,2026-09-01 10:26:37,sent,Sofia Alvarez
ACME-A006556,ACME-L02380,email,2026-09-01 10:28:55,replied,Sofia Alvarez
ACME-A006557,ACME-L02371,email,2026-09-01 11:00:41,replied,Priya Raman
ACME-A006558,ACME-L02376,email,2026-09-01 11:00:55,sent,Dana Whitfield
ACME-A006559,ACME-L02443,Email,2026-09-01 11:09:46,sent,Acme Round Robin
ACME-A006560,ACME-L02343,email,2026-09-01 11:51:49,sent,Marcus Lee
ACME-A006561,ACME-L02123,call,2026-09-01 12:09:39,connected,Jordan Ellis
ACME-A006562,ACME-L02305,email,2026-09-01 12:30:52,sent,Dana Whitfield
ACME-A006563,ACME-L02453,email,2026-09-01 13:06:38,sent,Jordan Ellis
ACME-A006564,ACME-L01728,call,2026-09-01 13:15:46,voicemail,Marcus Lee
ACME-A006565,ACME-L02331,call,2026-09-01 13:49:11,no_answer,Marcus Lee
ACME-A006566,ACME-L02428,call,2026-09-01 14:09:32,voicemail,Priya Raman
ACME-A006567,ACME-L02178,email,2026-09-01 14:23:34,sent,Priya Raman
ACME-A006568,ACME-L02454,call,2026-09-01 14:25:35,no_answer,Grace Kim
ACME-A006569,ACME-L02229,email,2026-09-01 14:35:13,sent,Sofia Alvarez
ACME-A006570,ACME-L02232,call,2026-09-01 15:33:34,no_answer,Owen Brooks
ACME-A006571,ACME-L02455,email,2026-09-01 15:38:30,sent,Grace Kim
ACME-A006572,ACME-L02451,email,2026-09-01 15:48:07,sent,Jordan Ellis
ACME-A006573,ACME-L02436,email,2026-09-01 16:36:22,bounced,Marcus Lee
ACME-A006574,ACME-L02463,call,2026-09-01 17:02:09,no_answer,Dana Whitfield
ACME-A006575,ACME-L02273,email,2026-09-01 17:28:44,replied,Dana Whitfield
ACME-A006576,ACME-L02458,call,2026-09-01 17:47:30,voicemail,Marcus Lee
ACME-A006577,ACME-L02077,call,2026-09-01 18:01:47,connected,Owen Brooks
ACME-A006578,ACME-L02465,call,2026-09-01 18:47:53,voicemail,Dana Whitfield
ACME-A006579,ACME-L02387,call,2026-09-01 19:16:48,no_answer,Priya Raman
ACME-A006580,ACME-L02294,email,2026-09-01 19:30:01,sent,Jordan Ellis
ACME-A006581,ACME-L02430,call,2026-09-01 19:36:17,connected,Marcus Lee
ACME-A006582,ACME-L02461,email,2026-09-01 20:33:43,sent,Marcus Lee
ACME-A006583,ACME-L02452,email,2026-09-01 20:47:51,sent,Priya Raman
ACME-A006584,ACME-L02464,email,2026-09-01 21:29:46,replied,Marcus Lee
ACME-A006585,ACME-L02124,call,2026-09-01 21:45:20,connected,Priya Raman
ACME-A006586,ACME-L02286,call,2026-09-01 21:58:52,connected,Jordan Ellis
ACME-A006587,ACME-L02188,email,2026-09-01 22:04:57,sent,Priya Raman
ACME-A006588,ACME-L02242,call,2026-09-01 22:48:35,voicemail,Sofia Alvarez
ACME-A006589,ACME-L02297,Meeting,2026-09-01 23:45:23,rescheduled,Priya Raman
ACME-A006590,ACME-L02462,call,2026-09-02 00:10:36,no_answer,Sofia Alvarez
ACME-A006591,ACME-L02456,call,2026-09-02 00:33:01,connected,Jordan Ellis
ACME-A006592,ACME-L02436,email,2026-09-02 00:33:03,sent,Marcus Lee
ACME-A006593,ACME-L02459,email,2026-09-02 00:35:27,sent,Sofia Alvarez
ACME-A006594,ACME-L02457,call,2026-09-02 00:41:03,connected,Sofia Alvarez
ACME-A006595,ACME-L02232,call,2026-09-02 04:14:32,connected,Owen Brooks
ACME-A006596,ACME-L02384,call,2026-09-02 04:17:22,connected,Dana Whitfield
ACME-A006597,ACME-L02333,Email,2026-09-02 04:44:30,sent,Dana Whitfield
ACME-A006598,ACME-L02135,email,2026-09-02 04:58:07,sent,Grace Kim
ACME-A006599,ACME-L02460,email,2026-09-02 05:01:06,replied,Sofia Alvarez
ACME-A006600,ACME-L02467,call,2026-09-02 05:46:07,voicemail,Marcus Lee
ACME-A006601,ACME-L02121,email,2026-09-02 06:28:28,replied,Marcus Lee
ACME-A006602,ACME-L02443,call,2026-09-02 06:31:45,connected,Acme Round Robin
ACME-A006603,ACME-L02349,meeting,2026-09-02 08:03:12,held,Owen Brooks
ACME-A006604,ACME-L02173,call,2026-09-02 09:28:10,no_answer,Jordan Ellis
ACME-A006605,ACME-L02419,email,2026-09-02 10:07:12,replied,Owen Brooks
ACME-A006606,ACME-L02466,email,2026-09-02 10:18:12,replied,Sofia Alvarez
ACME-A006607,ACME-L02194,email,2026-09-02 10:50:07,sent,Sofia Alvarez
ACME-A006608,ACME-L02417,call,2026-09-02 11:17:37,voicemail,Dana Whitfield
ACME-A006609,ACME-L02468,call,2026-09-02 11:25:54,no_answer,Owen Brooks
ACME-A006610,ACME-L02472,call,2026-09-02 11:35:53,voicemail,Priya Raman
ACME-A006611,ACME-L02261,call,2026-09-02 11:37:13,connected,Sofia Alvarez
ACME-A006612,ACME-L02138,email,2026-09-02 12:20:51,sent,Dana Whitfield
ACME-A006613,ACME-L02471,email,2026-09-02 12:27:58,replied,Priya Raman
ACME-A006614,ACME-L02447,email,2026-09-02 12:45:13,sent,Dana Whitfield
ACME-A006615,ACME-L02470,call,2026-09-02 12:56:41,no_answer,Sofia Alvarez
ACME-A006616,ACME-L02213,email,2026-09-02 13:13:01,replied,Sofia Alvarez
ACME-A006617,ACME-L02477,email,2026-09-02 14:05:09,sent,Jordan Ellis
ACME-A006618,ACME-L02476,call,2026-09-02 14:41:43,no_answer,Sofia Alvarez
ACME-A006619,ACME-L02220,email,2026-09-02 15:38:32,replied,Marcus Lee
ACME-A006620,ACME-L02481,email,2026-09-02 15:50:52,sent,Sofia Alvarez
ACME-A006621,ACME-L02474,EMAIL,2026-09-02 15:52:01,replied,Marcus Lee
ACME-A006622,ACME-L02151,call,2026-09-02 15:53:54,no_answer,Sofia Alvarez
ACME-A006623,ACME-L02325,call,2026-09-02 16:24:24,connected,Sofia Alvarez
ACME-A006624,ACME-L02469,call,2026-09-02 16:27:19,no_answer,Sofia Alvarez
ACME-A006625,ACME-L02475,email,2026-09-02 16:38:49,replied,Owen Brooks
ACME-A006626,ACME-L02252,call,2026-09-02 17:19:45,connected,Jordan Ellis
ACME-A006627,ACME-L02479,call,2026-09-02 17:52:59,voicemail,Priya Raman
ACME-A006628,ACME-L02168,email,2026-09-02 18:01:27,sent,Marcus Lee
ACME-A006629,ACME-L02484,email,2026-09-02 18:11:58,sent,Sofia Alvarez
ACME-A006630,ACME-L02293,call,2026-09-02 18:56:50,connected,Dana Whitfield
ACME-A006631,ACME-L02360,CALL,2026-09-02 19:52:59,voicemail,Priya Raman
ACME-A006632,ACME-L02320,call,2026-09-02 19:53:02,no_answer,Jordan Ellis
ACME-A006633,ACME-L02374,call,2026-09-02 20:00:08,voicemail,Grace Kim
ACME-A006634,ACME-L02028,call,2026-09-02 20:04:32,connected,Sofia Alvarez
ACME-A006635,ACME-L02352,call,2026-09-02 20:43:03,connected,Dana Whitfield
ACME-A006636,ACME-L02483,call,2026-09-02 20:48:27,no_answer,Dana Whitfield
ACME-A006637,ACME-L02238,call,2026-09-02 21:50:52,no_answer,Priya Raman
ACME-A006638,ACME-L02178,call,2026-09-02 22:30:30,no_answer,Priya Raman
ACME-A006639,ACME-L02365,call,2026-09-02 22:33:50,connected,Jordan Ellis
ACME-A006640,ACME-L02478,call,2026-09-02 23:50:53,voicemail,Owen Brooks
ACME-A006641,ACME-L01705,meeting,2026-09-03 00:56:01,held,Marcus Lee
ACME-A006642,ACME-L02350,call,2026-09-03 01:09:09,no_answer,Marcus Lee
ACME-A006643,ACME-L02487,call,2026-09-03 01:51:56,voicemail,Sofia Alvarez
ACME-A006644,ACME-L02485,call,2026-09-03 02:03:03,connected,Dana Whitfield
ACME-A006645,ACME-L02144,email,2026-09-03 02:30:22,replied,Priya Raman
ACME-A006646,ACME-L02173,email,2026-09-03 02:48:48,sent,Jordan Ellis
ACME-A006647,ACME-L02486,call,2026-09-03 02:59:52,no_answer,Priya Raman
ACME-A006648,ACME-L02316,call,2026-09-03 03:12:05,connected,Sofia Alvarez
ACME-A006649,ACME-L02245,call,2026-09-03 03:13:36,voicemail,Jordan Ellis
ACME-A006650,ACME-L01928,call,2026-09-03 03:49:19,no_answer,Priya Raman
ACME-A006651,ACME-L02147,meeting,2026-09-03 04:06:49,held,Marcus Lee
ACME-A006652,ACME-L01912,email,2026-09-03 04:07:35,sent,Priya Raman
ACME-A006653,ACME-L02458,call,2026-09-03 04:07:51,no_answer,Marcus Lee
ACME-A006654,ACME-L01928,call,2026-09-03 04:46:45,no_answer,Priya Raman
ACME-A006655,ACME-L02480,call,2026-09-03 05:05:06,connected,Jordan Ellis
ACME-A006656,ACME-L02430,call,2026-09-03 06:19:29,no_answer,Marcus Lee
ACME-A006657,ACME-L02386,call,2026-09-03 06:20:33,no_answer,Marcus Lee
ACME-A006658,ACME-L02443,meeting,2026-09-03 07:07:05,held,Acme Round Robin
ACME-A006659,ACME-L02081,email,2026-09-03 08:27:06,bounced,Marcus Lee
ACME-A006660,ACME-L02472,email,2026-09-03 08:28:52,sent,Priya Raman
ACME-A006661,ACME-L02430,email,2026-09-03 08:58:14,sent,Marcus Lee
ACME-A006662,ACME-L02487,call,2026-09-03 09:38:15,no_answer,Sofia Alvarez
ACME-A006663,ACME-L02490,call,2026-09-03 10:24:21,connected,Dana Whitfield
ACME-A006664,ACME-L02201,CALL,2026-09-03 10:51:37,connected,Sofia Alvarez
ACME-A006665,ACME-L02222,call,2026-09-03 11:03:48,voicemail,Jordan Ellis
ACME-A006666,ACME-L02489,email,2026-09-03 11:13:02,sent,Dana Whitfield
ACME-A006667,ACME-L02491,email,2026-09-03 11:49:28,sent,Sofia Alvarez
ACME-A006668,ACME-L02191,email,2026-09-03 11:53:22,sent,Jordan Ellis
ACME-A006669,ACME-L02349,meeting,2026-09-03 12:02:17,held,Owen Brooks
ACME-A006670,ACME-L02489,call,2026-09-03 12:05:39,connected,Dana Whitfield
ACME-A006671,ACME-L02349,EMAIL,2026-09-03 12:31:29,sent,Owen Brooks
ACME-A006672,ACME-L02480,CALL,2026-09-03 12:35:11,connected,Jordan Ellis
ACME-A006673,ACME-L02208,email,2026-09-03 12:35:48,replied,Jordan Ellis
ACME-A006674,ACME-L02313,email,2026-09-03 13:20:12,sent,Priya Raman
ACME-A006675,ACME-L02297,email,2026-09-03 13:54:26,sent,Priya Raman
ACME-A006676,ACME-L02495,call,2026-09-03 14:11:45,connected,Dana Whitfield
ACME-A006677,ACME-L02198,email,2026-09-03 14:34:31,sent,Marcus Lee
ACME-A006678,ACME-L02498,email,2026-09-03 14:36:02,sent,Dana Whitfield
ACME-A006679,ACME-L02497,call,2026-09-03 15:31:25,voicemail,Dana Whitfield
ACME-A006680,ACME-L02499,email,2026-09-03 15:49:46,sent,Dana Whitfield
ACME-A006681,ACME-L02492,call,2026-09-03 16:30:26,no_answer,Dana Whitfield
ACME-A006682,ACME-L02501,call,2026-09-03 17:25:11,connected,Dana Whitfield
ACME-A006683,ACME-L02416,email,2026-09-03 17:43:09,sent,Sofia Alvarez
ACME-A006684,ACME-L02488,call,2026-09-03 18:06:20,connected,Owen Brooks
ACME-A006685,ACME-L02289,email,2026-09-03 18:14:27,sent,Marcus Lee
ACME-A006686,ACME-L02502,email,2026-09-03 18:17:40,sent,Priya Raman
ACME-A006687,ACME-L02184,call,2026-09-03 18:46:55,voicemail,Jordan Ellis
ACME-A006688,ACME-L02496,call,2026-09-03 18:49:53,voicemail,Jordan Ellis
ACME-A006689,ACME-L02500,call,2026-09-03 19:43:04,no_answer,Dana Whitfield
ACME-A006690,ACME-L02482,CALL,2026-09-03 21:06:55,connected,Marcus Lee
ACME-A006691,ACME-L02505,call,2026-09-03 21:40:55,connected,Sofia Alvarez
ACME-A006692,ACME-L02503,email,2026-09-03 21:43:13,replied,Marcus Lee
ACME-A006693,ACME-L01894,email,2026-09-03 22:05:11,sent,Priya Raman
ACME-A006694,ACME-L02473,call,2026-09-03 22:19:53,no_answer,Marcus Lee
ACME-A006695,ACME-L02504,email,2026-09-03 22:31:43,sent,Priya Raman
ACME-A006696,ACME-L02420,email,2026-09-03 22:37:11,sent,Grace Kim
ACME-A006697,ACME-L02194,call,2026-09-03 22:49:49,no_answer,Sofia Alvarez
ACME-A006698,ACME-L02274,email,2026-09-03 22:55:42,sent,Dana Whitfield
ACME-A006699,ACME-L02422,Call,2026-09-03 23:03:45,no_answer,Dana Whitfield
ACME-A006700,ACME-L02336,call,2026-09-04 00:13:28,voicemail,Owen Brooks
ACME-A006701,ACME-L02494,call,2026-09-04 00:50:16,no_answer,Grace Kim
ACME-A006702,ACME-L02208,call,2026-09-04 02:28:35,no_answer,Jordan Ellis
ACME-A006703,ACME-L02339,email,2026-09-04 02:40:44,sent,Jordan Ellis
ACME-A006704,ACME-L02329,Email,2026-09-04 02:56:29,sent,Sofia Alvarez
ACME-A006705,ACME-L02332,email,2026-09-04 03:38:29,sent,Dana Whitfield
ACME-A006706,ACME-L02300,call,2026-09-04 04:25:42,voicemail,Priya Raman
ACME-A006707,ACME-L02265,email,2026-09-04 04:30:26,sent,Dana Whitfield
ACME-A006708,ACME-L02187,email,2026-09-04 05:19:25,sent,Dana Whitfield
ACME-A006709,ACME-L02468,email,2026-09-04 06:25:55,sent,Owen Brooks
ACME-A006710,ACME-L02506,call,2026-09-04 06:56:30,voicemail,Acme Round Robin
ACME-A006711,ACME-L02411,email,2026-09-04 07:29:51,sent,Priya Raman
ACME-A006712,ACME-L02446,email,2026-09-04 08:40:37,sent,Jordan Ellis
ACME-A006713,ACME-L02416,call,2026-09-04 09:09:48,voicemail,Sofia Alvarez
ACME-A006714,ACME-L02377,call,2026-09-04 09:44:54,no_answer,Marcus Lee
ACME-A006715,ACME-L02511,email,2026-09-04 11:37:33,sent,Jordan Ellis
ACME-A006716,ACME-L02492,call,2026-09-04 11:50:15,voicemail,Dana Whitfield
ACME-A006717,ACME-L02319,email,2026-09-04 12:03:11,sent,Jordan Ellis
ACME-A006718,ACME-L02431,Call,2026-09-04 12:05:28,no_answer,Jordan Ellis
ACME-A006719,ACME-L02211,call,2026-09-04 12:21:51,connected,Jordan Ellis
ACME-A006720,ACME-L02515,call,2026-09-04 13:23:21,no_answer,Sofia Alvarez
ACME-A006721,ACME-L02133,MEETING,2026-09-04 13:41:54,held,Marcus Lee
ACME-A006722,ACME-L02513,email,2026-09-04 14:10:54,replied,Owen Brooks
ACME-A006723,ACME-L02433,Meeting,2026-09-04 14:29:36,held,Dana Whitfield
ACME-A006724,ACME-L02452,email,2026-09-04 15:03:04,sent,Priya Raman
ACME-A006725,ACME-L02507,Call,2026-09-04 15:37:12,connected,Dana Whitfield
ACME-A006726,ACME-L02508,CALL,2026-09-04 15:46:34,voicemail,Priya Raman
ACME-A006727,ACME-L02509,call,2026-09-04 15:53:29,voicemail,Jordan Ellis
ACME-A006728,ACME-L02489,email,2026-09-04 15:54:30,replied,Dana Whitfield
ACME-A006729,ACME-L02429,call,2026-09-04 16:03:40,no_answer,Jordan Ellis
ACME-A006730,ACME-L02510,call,2026-09-04 16:20:47,no_answer,Grace Kim
ACME-A006731,ACME-L02512,call,2026-09-04 16:20:55,no_answer,Jordan Ellis
ACME-A006732,ACME-L02521,email,2026-09-04 16:26:18,replied,Grace Kim
ACME-A006733,ACME-L02397,call,2026-09-04 17:16:32,voicemail,Dana Whitfield
ACME-A006734,ACME-L02517,email,2026-09-04 17:30:39,replied,Acme Round Robin
ACME-A006735,ACME-L02524,call,2026-09-04 17:57:22,connected,Marcus Lee
ACME-A006736,ACME-L02147,call,2026-09-04 18:59:08,voicemail,Marcus Lee
ACME-A006737,ACME-L02514,call,2026-09-04 18:59:15,no_answer,Dana Whitfield
ACME-A006738,ACME-L02523,call,2026-09-04 19:24:37,connected,Priya Raman
ACME-A006739,ACME-L02299,email,2026-09-04 19:32:50,sent,Sofia Alvarez
ACME-A006740,ACME-L02525,call,2026-09-04 20:20:54,connected,Dana Whitfield
ACME-A006741,ACME-L01705,call,2026-09-04 20:23:19,no_answer,Marcus Lee
ACME-A006742,ACME-L02522,call,2026-09-04 20:50:32,connected,Priya Raman
ACME-A006743,ACME-L02455,meeting,2026-09-04 21:25:54,held,Grace Kim
ACME-A006744,ACME-L02518,call,2026-09-04 21:28:04,voicemail,Priya Raman
ACME-A006745,ACME-L02210,EMAIL,2026-09-04 21:43:20,replied,Dana Whitfield
ACME-A006746,ACME-L02357,call,2026-09-04 22:43:16,connected,Grace Kim
ACME-A006747,ACME-L02045,email,2026-09-04 22:59:18,sent,Owen Brooks
ACME-A006748,ACME-L02527,call,2026-09-04 22:59:50,voicemail,Priya Raman
ACME-A006749,ACME-L01892,meeting,2026-09-04 23:30:20,held,Grace Kim
ACME-A006750,ACME-L02525,email,2026-09-04 23:55:25,replied,Dana Whitfield
ACME-A006751,ACME-L02178,call,2026-09-04 23:56:56,voicemail,Priya Raman
ACME-A006752,ACME-L02500,EMAIL,2026-09-05 00:10:48,sent,Dana Whitfield
ACME-A006753,ACME-L01963,call,2026-09-05 01:49:01,connected,Marcus Lee
ACME-A006754,ACME-L02266,Email,2026-09-05 02:08:21,sent,Jordan Ellis
ACME-A006755,ACME-L02528,call,2026-09-05 02:41:49,connected,Sofia Alvarez
ACME-A006756,ACME-L02208,call,2026-09-05 03:20:19,connected,Jordan Ellis
ACME-A006757,ACME-L02369,email,2026-09-05 03:52:47,sent,Acme Round Robin
ACME-A006758,ACME-L02493,email,2026-09-05 03:57:16,sent,Marcus Lee
ACME-A006759,ACME-L02519,call,2026-09-05 05:01:57,connected,Dana Whitfield
ACME-A006760,ACME-L02531,call,2026-09-05 05:15:43,no_answer,Dana Whitfield
ACME-A006761,ACME-L01590,meeting,2026-09-05 05:34:37,held,Marcus Lee
ACME-A006762,ACME-L02530,call,2026-09-05 05:36:17,no_answer,Dana Whitfield
ACME-A006763,ACME-L02256,email,2026-09-05 05:40:34,sent,Sofia Alvarez
ACME-A006764,ACME-L02524,call,2026-09-05 06:07:40,connected,Marcus Lee
ACME-A006765,ACME-L02513,email,2026-09-05 06:22:28,sent,Owen Brooks
ACME-A006766,ACME-L02486,email,2026-09-05 06:44:40,sent,Priya Raman
ACME-A006767,ACME-L02133,email,2026-09-05 06:50:11,sent,Marcus Lee
ACME-A006768,ACME-L02125,call,2026-09-05 07:09:18,no_answer,Sofia Alvarez
ACME-A006769,ACME-L02501,call,2026-09-05 08:34:51,no_answer,Dana Whitfield
ACME-A006770,ACME-L02477,call,2026-09-05 08:44:38,connected,Jordan Ellis
ACME-A006771,ACME-L02256,call,2026-09-05 09:05:17,connected,Sofia Alvarez
ACME-A006772,ACME-L02343,call,2026-09-05 09:43:55,connected,Marcus Lee
ACME-A006773,ACME-L02371,CALL,2026-09-05 10:00:50,voicemail,Priya Raman
ACME-A006774,ACME-L02529,call,2026-09-05 10:52:32,connected,Dana Whitfield
ACME-A006775,ACME-L02492,email,2026-09-05 11:12:21,sent,Dana Whitfield
ACME-A006776,ACME-L02526,call,2026-09-05 11:21:19,no_answer,Sofia Alvarez
ACME-A006777,ACME-L02273,EMAIL,2026-09-05 11:40:59,sent,Dana Whitfield
ACME-A006778,ACME-L02081,call,2026-09-05 11:58:42,voicemail,Marcus Lee
ACME-A006779,ACME-L02532,call,2026-09-05 12:05:03,voicemail,Dana Whitfield
ACME-A006780,ACME-L02313,email,2026-09-05 12:07:49,replied,Priya Raman
ACME-A006781,ACME-L02399,call,2026-09-05 12:27:11,voicemail,Marcus Lee
ACME-A006782,ACME-L02533,CALL,2026-09-05 13:06:41,no_answer,Marcus Lee
ACME-A006783,ACME-L02037,call,2026-09-05 13:48:53,voicemail,Grace Kim
ACME-A006784,ACME-L02028,call,2026-09-05 16:06:59,voicemail,Sofia Alvarez
ACME-A006785,ACME-L02516,call,2026-09-05 16:12:59,connected,Priya Raman
ACME-A006786,ACME-L02534,email,2026-09-05 17:21:49,sent,Marcus Lee
ACME-A006787,ACME-L02362,call,2026-09-05 19:57:35,no_answer,Marcus Lee
ACME-A006788,ACME-L02520,call,2026-09-05 20:38:59,voicemail,Priya Raman
ACME-A006789,ACME-L02337,call,2026-09-05 20:42:31,connected,Grace Kim
ACME-A006790,ACME-L02535,call,2026-09-05 21:22:24,voicemail,Dana Whitfield
ACME-A006791,ACME-L02125,call,2026-09-05 21:33:04,voicemail,Sofia Alvarez
ACME-A006792,ACME-L02067,email,2026-09-05 21:42:30,sent,Grace Kim
ACME-A006793,ACME-L02298,call,2026-09-05 22:11:29,no_answer,Priya Raman
ACME-A006794,ACME-L02229,email,2026-09-05 23:02:09,sent,Sofia Alvarez
ACME-A006795,ACME-L02431,call,2026-09-06 01:10:50,voicemail,Jordan Ellis
ACME-A006796,ACME-L02436,email,2026-09-06 02:40:27,sent,Marcus Lee
ACME-A006797,ACME-L02426,call,2026-09-06 03:00:36,voicemail,Sofia Alvarez
ACME-A006798,ACME-L02199,EMAIL,2026-09-06 03:40:51,sent,Sofia Alvarez
ACME-A006799,ACME-L02492,email,2026-09-06 04:02:32,bounced,Dana Whitfield
ACME-A006800,ACME-L02225,email,2026-09-06 04:18:18,replied,Dana Whitfield
ACME-A006801,ACME-L02513,call,2026-09-06 04:46:47,no_answer,Owen Brooks
ACME-A006802,ACME-L02378,Call,2026-09-06 04:55:00,no_answer,Priya Raman
ACME-A006803,ACME-L02524,email,2026-09-06 04:58:02,sent,Marcus Lee
ACME-A006804,ACME-L02249,email,2026-09-06 05:23:58,sent,Jordan Ellis
ACME-A006805,ACME-L02191,email,2026-09-06 06:07:26,sent,Jordan Ellis
ACME-A006806,ACME-L02273,email,2026-09-06 07:52:52,replied,Dana Whitfield
ACME-A006807,ACME-L02451,email,2026-09-06 08:09:08,replied,Jordan Ellis
ACME-A006808,ACME-L02492,email,2026-09-06 08:30:07,sent,Dana Whitfield
ACME-A006809,ACME-L02263,email,2026-09-06 09:25:52,replied,Grace Kim
ACME-A006810,ACME-L02313,Call,2026-09-06 09:57:59,voicemail,Priya Raman
ACME-A006811,ACME-L02537,CALL,2026-09-06 09:58:14,connected,Priya Raman
ACME-A006812,ACME-L01892,email,2026-09-06 10:49:40,sent,Grace Kim
ACME-A006813,ACME-L02379,call,2026-09-06 10:57:08,connected,Priya Raman
ACME-A006814,ACME-L02539,email,2026-09-06 10:58:02,replied,Sofia Alvarez
ACME-A006815,ACME-L02477,email,2026-09-06 11:05:31,sent,Jordan Ellis
ACME-A006816,ACME-L02445,call,2026-09-06 11:43:10,no_answer,Dana Whitfield
ACME-A006817,ACME-L02437,call,2026-09-06 11:44:31,voicemail,Marcus Lee
ACME-A006818,ACME-L02538,email,2026-09-06 12:53:28,sent,Priya Raman
ACME-A006819,ACME-L02064,meeting,2026-09-06 13:03:29,held,Sofia Alvarez
ACME-A006820,ACME-L02541,call,2026-09-06 14:26:09,voicemail,Owen Brooks
ACME-A006821,ACME-L02211,call,2026-09-06 15:08:25,connected,Jordan Ellis
ACME-A006822,ACME-L02221,call,2026-09-06 15:27:48,connected,Dana Whitfield
ACME-A006823,ACME-L02469,email,2026-09-06 16:00:24,sent,Sofia Alvarez
ACME-A006824,ACME-L02306,email,2026-09-06 16:24:30,replied,Jordan Ellis
ACME-A006825,ACME-L02480,email,2026-09-06 16:47:47,sent,Jordan Ellis
ACME-A006826,ACME-L02536,call,2026-09-06 17:09:18,no_answer,Sofia Alvarez
ACME-A006827,ACME-L02321,call,2026-09-06 17:28:37,no_answer,Acme Round Robin
ACME-A006828,ACME-L02273,email,2026-09-06 18:21:43,sent,Dana Whitfield
ACME-A006829,ACME-L02305,call,2026-09-06 19:27:17,connected,Dana Whitfield
ACME-A006830,ACME-L02231,call,2026-09-06 19:42:53,no_answer,Dana Whitfield
ACME-A006831,ACME-L02282,email,2026-09-06 20:30:42,sent,Marcus Lee
ACME-A006832,ACME-L02480,email,2026-09-06 20:35:47,sent,Jordan Ellis
ACME-A006833,ACME-L00874,email,2026-09-06 20:37:07,sent,Owen Brooks
ACME-A006834,ACME-L02403,email,2026-09-06 21:37:03,replied,Dana Whitfield
ACME-A006835,ACME-L02420,email,2026-09-06 22:25:09,sent,Grace Kim
ACME-A006836,ACME-L02542,email,2026-09-06 22:33:50,sent,Sofia Alvarez
ACME-A006837,ACME-L02219,CALL,2026-09-06 23:38:59,no_answer,Priya Raman
ACME-A006838,ACME-L02284,call,2026-09-07 00:00:10,voicemail,Grace Kim
ACME-A006839,ACME-L02374,EMAIL,2026-09-07 00:37:24,bounced,Grace Kim
ACME-A006840,ACME-L02282,email,2026-09-07 01:40:20,sent,Marcus Lee
ACME-A006841,ACME-L02359,call,2026-09-07 02:07:39,connected,Dana Whitfield
ACME-A006842,ACME-L02434,call,2026-09-07 02:46:09,no_answer,Owen Brooks
ACME-A006843,ACME-L02334,email,2026-09-07 05:20:45,sent,Grace Kim
ACME-A006844,ACME-L02544,call,2026-09-07 05:35:46,connected,Sofia Alvarez
ACME-A006845,ACME-L02310,call,2026-09-07 07:37:49,no_answer,Marcus Lee
ACME-A006846,ACME-L02543,call,2026-09-07 08:18:06,connected,Dana Whitfield
ACME-A006847,ACME-L02540,email,2026-09-07 08:39:19,sent,Jordan Ellis
ACME-A006848,ACME-L02545,email,2026-09-07 08:53:55,sent,Priya Raman
ACME-A006849,ACME-L02387,email,2026-09-07 09:16:35,sent,Priya Raman
ACME-A006850,ACME-L02548,email,2026-09-07 09:48:30,sent,Sofia Alvarez
ACME-A006851,ACME-L02551,email,2026-09-07 09:58:55,sent,Sofia Alvarez
ACME-A006852,ACME-L02532,email,2026-09-07 10:13:08,sent,Dana Whitfield
ACME-A006853,ACME-L02265,email,2026-09-07 11:09:54,sent,Dana Whitfield
ACME-A006854,ACME-L02552,call,2026-09-07 11:30:22,no_answer,Jordan Ellis
ACME-A006855,ACME-L02550,call,2026-09-07 11:39:45,connected,Jordan Ellis
ACME-A006856,ACME-L02469,email,2026-09-07 11:55:31,bounced,Sofia Alvarez
ACME-A006857,ACME-L02549,call,2026-09-07 12:45:49,voicemail,Sofia Alvarez
ACME-A006858,ACME-L02557,Call,2026-09-07 13:08:35,voicemail,Priya Raman
ACME-A006859,ACME-L02546,CALL,2026-09-07 14:04:38,voicemail,Dana Whitfield
ACME-A006860,ACME-L02417,call,2026-09-07 14:15:28,connected,Dana Whitfield
ACME-A006861,ACME-L02486,call,2026-09-07 14:23:01,no_answer,Priya Raman
ACME-A006862,ACME-L02553,email,2026-09-07 14:29:16,sent,Dana Whitfield
ACME-A006863,ACME-L02417,call,2026-09-07 14:42:00,connected,Dana Whitfield
ACME-A006864,ACME-L02558,call,2026-09-07 15:01:02,connected,Dana Whitfield
ACME-A006865,ACME-L02554,email,2026-09-07 15:10:08,sent,Owen Brooks
ACME-A006866,ACME-L02400,call,2026-09-07 15:15:12,connected,Grace Kim
ACME-A006867,ACME-L02512,call,2026-09-07 15:15:57,no_answer,Jordan Ellis
ACME-A006868,ACME-L01728,call,2026-09-07 15:25:56,no_answer,Marcus Lee
ACME-A006869,ACME-L02547,CALL,2026-09-07 15:59:04,no_answer,Jordan Ellis
ACME-A006870,ACME-L02180,email,2026-09-07 16:37:25,sent,Dana Whitfield
ACME-A006871,ACME-L02180,CALL,2026-09-07 18:21:10,connected,Dana Whitfield
ACME-A006872,ACME-L02562,call,2026-09-07 18:52:29,voicemail,Owen Brooks
ACME-A006873,ACME-L02563,call,2026-09-07 19:08:14,connected,Marcus Lee
ACME-A006874,ACME-L02560,email,2026-09-07 19:08:16,sent,Dana Whitfield
ACME-A006875,ACME-L02271,call,2026-09-07 19:47:15,no_answer,Owen Brooks
ACME-A006876,ACME-L02559,call,2026-09-07 20:08:28,voicemail,Sofia Alvarez
ACME-A006877,ACME-L02430,email,2026-09-07 20:29:57,replied,Marcus Lee
ACME-A006878,ACME-L02483,email,2026-09-07 20:45:09,replied,Dana Whitfield
ACME-A006879,ACME-L02561,call,2026-09-07 21:12:38,voicemail,Sofia Alvarez
ACME-A006880,ACME-L02555,call,2026-09-07 22:27:51,connected,Dana Whitfield
ACME-A006881,ACME-L02454,call,2026-09-07 22:54:39,no_answer,Grace Kim
ACME-A006882,ACME-L02430,CALL,2026-09-07 22:59:59,no_answer,Marcus Lee
ACME-A006883,ACME-L02442,call,2026-09-07 23:21:13,no_answer,Marcus Lee
ACME-A006884,ACME-L02376,call,2026-09-07 23:27:43,voicemail,Dana Whitfield
ACME-A006885,ACME-L02381,call,2026-09-07 23:54:18,connected,Jordan Ellis
ACME-A006886,ACME-L02565,email,2026-09-08 01:45:50,sent,Owen Brooks
ACME-A006887,ACME-L02228,call,2026-09-08 01:57:41,no_answer,Owen Brooks
ACME-A006888,ACME-L02214,email,2026-09-08 02:25:04,replied,Sofia Alvarez
ACME-A006889,ACME-L02320,call,2026-09-08 02:57:02,voicemail,Jordan Ellis
ACME-A006890,ACME-L02566,call,2026-09-08 04:35:53,voicemail,Owen Brooks
ACME-A006891,ACME-L02365,call,2026-09-08 04:59:03,connected,Jordan Ellis
ACME-A006892,ACME-L02363,email,2026-09-08 06:10:50,sent,Priya Raman
ACME-A006893,ACME-L02374,meeting,2026-09-08 06:49:26,held,Grace Kim
ACME-A006894,ACME-L02412,email,2026-09-08 07:10:25,sent,Priya Raman
ACME-A006895,ACME-L02553,call,2026-09-08 07:10:41,no_answer,Dana Whitfield
ACME-A006896,ACME-L02214,call,2026-09-08 07:32:27,connected,Sofia Alvarez
ACME-A006897,ACME-L02567,email,2026-09-08 09:05:20,sent,Priya Raman
ACME-A006898,ACME-L02570,call,2026-09-08 09:42:23,connected,Sofia Alvarez
ACME-A006899,ACME-L02537,Call,2026-09-08 09:43:58,no_answer,Priya Raman
ACME-A006900,ACME-L02506,email,2026-09-08 10:01:53,sent,Acme Round Robin
ACME-A006901,ACME-L02393,CALL,2026-09-08 10:11:39,voicemail,Sofia Alvarez
ACME-A006902,ACME-L02566,Call,2026-09-08 10:24:10,connected,Owen Brooks
ACME-A006903,ACME-L02571,email,2026-09-08 12:14:08,sent,Priya Raman
ACME-A006904,ACME-L02564,call,2026-09-08 13:14:30,no_answer,Dana Whitfield
ACME-A006905,ACME-L02234,call,2026-09-08 13:34:33,connected,Priya Raman
ACME-A006906,ACME-L02572,call,2026-09-08 13:42:47,no_answer,Priya Raman
ACME-A006907,ACME-L02572,email,2026-09-08 14:46:58,sent,Priya Raman
ACME-A006908,ACME-L02562,email,2026-09-08 15:38:47,sent,Owen Brooks
ACME-A006909,ACME-L02574,CALL,2026-09-08 15:46:24,no_answer,Marcus Lee
ACME-A006910,ACME-L02496,call,2026-09-08 15:54:33,voicemail,Jordan Ellis
ACME-A006911,ACME-L02575,call,2026-09-08 15:55:43,no_answer,Dana Whitfield
ACME-A006912,ACME-L02577,call,2026-09-08 16:13:38,voicemail,Dana Whitfield
ACME-A006913,ACME-L02582,email,2026-09-08 17:30:57,sent,Dana Whitfield
ACME-A006914,ACME-L02580,call,2026-09-08 18:11:21,voicemail,Sofia Alvarez
ACME-A006915,ACME-L02581,call,2026-09-08 18:17:20,connected,Dana Whitfield
ACME-A006916,ACME-L02486,email,2026-09-08 18:29:41,replied,Priya Raman
ACME-A006917,ACME-L02568,email,2026-09-08 18:32:31,sent,Priya Raman
ACME-A006918,ACME-L02585,Call,2026-09-08 19:03:24,no_answer,Marcus Lee
ACME-A006919,ACME-L02307,call,2026-09-08 19:09:12,no_answer,Grace Kim
ACME-A006920,ACME-L02578,email,2026-09-08 19:47:34,replied,Dana Whitfield
ACME-A006921,ACME-L02184,call,2026-09-08 20:06:00,connected,Jordan Ellis
ACME-A006922,ACME-L02579,email,2026-09-08 20:12:57,sent,Sofia Alvarez
ACME-A006923,ACME-L02573,call,2026-09-08 20:36:18,connected,Jordan Ellis
ACME-A006924,ACME-L02543,call,2026-09-08 21:48:56,voicemail,Dana Whitfield
ACME-A006925,ACME-L02569,call,2026-09-08 22:38:23,connected,Sofia Alvarez
ACME-A006926,ACME-L02295,call,2026-09-08 22:43:05,connected,Priya Raman
ACME-A006927,ACME-L02430,email,2026-09-08 23:34:38,sent,Marcus Lee
ACME-A006928,ACME-L02409,email,2026-09-09 00:01:06,sent,Jordan Ellis
ACME-A006929,ACME-L02588,call,2026-09-09 00:04:11,voicemail,Marcus Lee
ACME-A006930,ACME-L01894,email,2026-09-09 00:38:40,replied,Priya Raman
ACME-A006931,ACME-L02290,call,2026-09-09 01:02:36,voicemail,Dana Whitfield
ACME-A006932,ACME-L02268,Call,2026-09-09 01:18:43,voicemail,Grace Kim
ACME-A006933,ACME-L02584,call,2026-09-09 02:02:19,connected,Acme Round Robin
ACME-A006934,ACME-L02415,email,2026-09-09 03:01:05,bounced,Sofia Alvarez
ACME-A006935,ACME-L02576,email,2026-09-09 03:48:57,sent,Dana Whitfield
ACME-A006936,ACME-L02580,meeting,2026-09-09 03:59:01,held,Sofia Alvarez
ACME-A006937,ACME-L02591,email,2026-09-09 04:48:26,sent,Sofia Alvarez
ACME-A006938,ACME-L02248,email,2026-09-09 05:15:52,bounced,Sofia Alvarez
ACME-A006939,ACME-L02434,email,2026-09-09 05:24:20,sent,Owen Brooks
ACME-A006940,ACME-L02587,email,2026-09-09 05:31:12,sent,Grace Kim
ACME-A006941,ACME-L02456,call,2026-09-09 05:54:29,connected,Jordan Ellis
ACME-A006942,ACME-L02592,email,2026-09-09 07:01:25,sent,Dana Whitfield
ACME-A006943,ACME-L02590,email,2026-09-09 07:50:48,sent,Jordan Ellis
ACME-A006944,ACME-L02589,email,2026-09-09 08:29:07,sent,Dana Whitfield
ACME-A006945,ACME-L02537,call,2026-09-09 09:26:23,connected,Priya Raman
ACME-A006946,ACME-L02500,email,2026-09-09 09:33:41,sent,Dana Whitfield
ACME-A006947,ACME-L02550,call,2026-09-09 10:35:38,no_answer,Jordan Ellis
ACME-A006948,ACME-L02295,email,2026-09-09 11:10:43,sent,Priya Raman
ACME-A006949,ACME-L02595,call,2026-09-09 11:22:38,connected,Marcus Lee
ACME-A006950,ACME-L02598,email,2026-09-09 11:24:13,sent,Dana Whitfield
ACME-A006951,ACME-L02599,email,2026-09-09 11:26:14,sent,Priya Raman
ACME-A006952,ACME-L02133,meeting,2026-09-09 11:36:39,held,Marcus Lee
ACME-A006953,ACME-L02407,call,2026-09-09 11:54:07,voicemail,Dana Whitfield
ACME-A006954,ACME-L02602,call,2026-09-09 12:09:14,voicemail,Marcus Lee
ACME-A006955,ACME-L02284,call,2026-09-09 12:11:07,connected,Grace Kim
ACME-A006956,ACME-L02601,call,2026-09-09 12:35:22,connected,Sofia Alvarez
ACME-A006957,ACME-L02597,call,2026-09-09 12:39:54,connected,Jordan Ellis
ACME-A006958,ACME-L02314,email,2026-09-09 12:58:24,sent,Priya Raman
ACME-A006959,ACME-L02184,email,2026-09-09 14:07:03,sent,Jordan Ellis
ACME-A006960,ACME-L02594,Email,2026-09-09 14:29:53,sent,Marcus Lee
ACME-A006961,ACME-L02605,call,2026-09-09 14:32:14,no_answer,Priya Raman
ACME-A006962,ACME-L02596,call,2026-09-09 14:43:19,connected,Marcus Lee
ACME-A006963,ACME-L02404,Email,2026-09-09 14:47:21,sent,Owen Brooks
ACME-A006964,ACME-L02606,call,2026-09-09 15:09:48,no_answer,Sofia Alvarez
ACME-A006965,ACME-L02424,email,2026-09-09 15:12:36,sent,Owen Brooks
ACME-A006966,ACME-L02562,call,2026-09-09 15:30:40,no_answer,Owen Brooks
ACME-A006967,ACME-L02509,call,2026-09-09 15:31:41,connected,Jordan Ellis
ACME-A006968,ACME-L02483,email,2026-09-09 16:11:05,sent,Dana Whitfield
ACME-A006969,ACME-L02608,call,2026-09-09 16:30:12,voicemail,Dana Whitfield
ACME-A006970,ACME-L02603,call,2026-09-09 16:45:21,connected,Sofia Alvarez
ACME-A006971,ACME-L02550,call,2026-09-09 16:46:48,no_answer,Jordan Ellis
ACME-A006972,ACME-L02473,CALL,2026-09-09 16:48:42,voicemail,Marcus Lee
ACME-A006973,ACME-L02499,EMAIL,2026-09-09 17:37:51,sent,Dana Whitfield
ACME-A006974,ACME-L02545,call,2026-09-09 18:06:41,voicemail,Priya Raman
ACME-A006975,ACME-L02352,Call,2026-09-09 18:09:01,connected,Dana Whitfield
ACME-A006976,ACME-L02593,call,2026-09-09 18:17:43,no_answer,Dana Whitfield
ACME-A006977,ACME-L02583,email,2026-09-09 18:51:58,bounced,Priya Raman
ACME-A006978,ACME-L02515,email,2026-09-09 18:52:12,sent,Sofia Alvarez
ACME-A006979,ACME-L02610,call,2026-09-09 19:12:13,no_answer,Sofia Alvarez
ACME-A006980,ACME-L02472,call,2026-09-09 19:23:30,no_answer,Priya Raman
ACME-A006981,ACME-L02604,call,2026-09-09 19:28:01,no_answer,Grace Kim
ACME-A006982,ACME-L02607,email,2026-09-09 19:51:00,sent,Jordan Ellis
ACME-A006983,ACME-L02468,email,2026-09-09 21:17:01,sent,Owen Brooks
ACME-A006984,ACME-L02480,call,2026-09-09 21:25:33,no_answer,Jordan Ellis
ACME-A006985,ACME-L02291,Call,2026-09-09 22:04:41,no_answer,Dana Whitfield
ACME-A006986,ACME-L02496,call,2026-09-09 22:25:00,connected,Jordan Ellis
ACME-A006987,ACME-L02600,email,2026-09-09 22:31:54,replied,Dana Whitfield
ACME-A006988,ACME-L02599,CALL,2026-09-09 22:36:17,connected,Priya Raman
ACME-A006989,ACME-L02312,email,2026-09-09 23:26:26,sent,Grace Kim
ACME-A006990,ACME-L02580,email,2026-09-09 23:39:21,sent,Sofia Alvarez
ACME-A006991,ACME-L02455,call,2026-09-10 00:53:46,connected,Grace Kim
ACME-A006992,ACME-L01428,call,2026-09-10 00:53:47,voicemail,Dana Whitfield
ACME-A006993,ACME-L02613,Email,2026-09-10 00:58:06,sent,Dana Whitfield
ACME-A006994,ACME-L02614,call,2026-09-10 01:14:37,voicemail,Priya Raman
ACME-A006995,ACME-L02534,call,2026-09-10 01:52:50,voicemail,Marcus Lee
ACME-A006996,ACME-L02612,call,2026-09-10 02:44:51,voicemail,Sofia Alvarez
ACME-A006997,ACME-L02359,call,2026-09-10 03:21:11,no_answer,Dana Whitfield
ACME-A006998,ACME-L02609,call,2026-09-10 04:52:03,no_answer,Dana Whitfield
ACME-A006999,ACME-L02615,email,2026-09-10 04:52:28,sent,Dana Whitfield
ACME-A007000,ACME-L02592,email,2026-09-10 04:56:46,replied,Dana Whitfield
ACME-A007001,ACME-L02586,call,2026-09-10 05:36:10,no_answer,Dana Whitfield
ACME-A007002,ACME-L02364,call,2026-09-10 05:46:07,voicemail,Priya Raman
ACME-A007003,ACME-L02464,email,2026-09-10 06:36:28,sent,Marcus Lee
ACME-A007004,ACME-L02535,call,2026-09-10 06:39:46,voicemail,Dana Whitfield
ACME-A007005,ACME-L02587,EMAIL,2026-09-10 06:47:55,sent,Grace Kim
ACME-A007006,ACME-L02472,call,2026-09-10 07:03:54,no_answer,Priya Raman
ACME-A007007,ACME-L02538,email,2026-09-10 07:45:53,bounced,Priya Raman
ACME-A007008,ACME-L02484,call,2026-09-10 09:09:53,connected,Sofia Alvarez
ACME-A007009,ACME-L02617,email,2026-09-10 09:15:33,sent,Jordan Ellis
ACME-A007010,ACME-L02621,CALL,2026-09-10 10:41:15,no_answer,Jordan Ellis
ACME-A007011,ACME-L02622,email,2026-09-10 10:55:40,sent,Grace Kim
ACME-A007012,ACME-L02616,email,2026-09-10 11:05:44,replied,Owen Brooks
ACME-A007013,ACME-L02402,call,2026-09-10 11:23:44,no_answer,Dana Whitfield
ACME-A007014,ACME-L02214,call,2026-09-10 11:57:16,connected,Sofia Alvarez
ACME-A007015,ACME-L01590,Call,2026-09-10 14:05:17,voicemail,Marcus Lee
ACME-A007016,ACME-L02619,call,2026-09-10 14:26:25,voicemail,Jordan Ellis
ACME-A007017,ACME-L02480,meeting,2026-09-10 14:30:09,held,Jordan Ellis
ACME-A007018,ACME-L02620,call,2026-09-10 14:51:27,connected,Owen Brooks
ACME-A007019,ACME-L02537,meeting,2026-09-10 15:22:21,held,Priya Raman
ACME-A007020,ACME-L02538,email,2026-09-10 15:22:31,sent,Priya Raman
ACME-A007021,ACME-L02180,meeting,2026-09-10 15:23:44,no_show,Dana Whitfield
ACME-A007022,ACME-L02618,email,2026-09-10 15:32:50,replied,Dana Whitfield
ACME-A007023,ACME-L02625,CALL,2026-09-10 15:46:00,no_answer,Jordan Ellis
ACME-A007024,ACME-L02503,email,2026-09-10 16:06:06,sent,Marcus Lee
ACME-A007025,ACME-L02624,email,2026-09-10 16:07:31,replied,Marcus Lee
ACME-A007026,ACME-L02626,call,2026-09-10 16:18:02,voicemail,Dana Whitfield
ACME-A007027,ACME-L02420,call,2026-09-10 16:28:20,connected,Grace Kim
ACME-A007028,ACME-L02628,email,2026-09-10 16:33:08,sent,Grace Kim
ACME-A007029,ACME-L02623,email,2026-09-10 17:54:47,sent,Sofia Alvarez
ACME-A007030,ACME-L02155,call,2026-09-10 18:26:37,no_answer,Marcus Lee
ACME-A007031,ACME-L02512,email,2026-09-10 18:32:11,sent,Jordan Ellis
ACME-A007032,ACME-L02611,call,2026-09-10 20:25:25,no_answer,Jordan Ellis
ACME-A007033,ACME-L02306,email,2026-09-10 20:40:47,sent,Jordan Ellis
ACME-A007034,ACME-L02557,Email,2026-09-10 21:12:11,sent,Priya Raman
ACME-A007035,ACME-L02433,call,2026-09-10 21:31:29,connected,Dana Whitfield
ACME-A007036,ACME-L02556,email,2026-09-10 21:34:31,sent,Owen Brooks
ACME-A007037,ACME-L02342,email,2026-09-10 21:36:49,replied,Sofia Alvarez
ACME-A007038,ACME-L02629,call,2026-09-10 22:00:04,voicemail,Grace Kim
ACME-A007039,ACME-L02627,call,2026-09-10 22:09:43,connected,Dana Whitfield
ACME-A007040,ACME-L02451,email,2026-09-10 22:56:59,sent,Jordan Ellis
ACME-A007041,ACME-L02485,call,2026-09-10 23:07:05,voicemail,Dana Whitfield
ACME-A007042,ACME-L02608,call,2026-09-10 23:21:39,connected,Dana Whitfield
ACME-A007043,ACME-L02516,call,2026-09-10 23:39:11,no_answer,Priya Raman
ACME-A007044,ACME-L02564,call,2026-09-10 23:48:46,connected,Dana Whitfield
ACME-A007045,ACME-L02569,call,2026-09-10 23:59:25,no_answer,Sofia Alvarez
ACME-A007046,ACME-L02630,call,2026-09-11 01:26:55,no_answer,Jordan Ellis
ACME-A007047,ACME-L02319,email,2026-09-11 01:56:35,sent,Jordan Ellis
ACME-A007048,ACME-L02417,email,2026-09-11 02:10:17,sent,Dana Whitfield
ACME-A007049,ACME-L02633,call,2026-09-11 02:45:22,connected,Marcus Lee
ACME-A007050,ACME-L02415,call,2026-09-11 03:10:40,no_answer,Sofia Alvarez
ACME-A007051,ACME-L02298,CALL,2026-09-11 03:20:05,connected,Priya Raman
ACME-A007052,ACME-L02343,call,2026-09-11 05:32:21,connected,Marcus Lee
ACME-A007053,ACME-L02405,call,2026-09-11 05:55:38,no_answer,Jordan Ellis
ACME-A007054,ACME-L02632,email,2026-09-11 06:19:15,sent,Marcus Lee
ACME-A007055,ACME-L02466,email,2026-09-11 06:43:06,replied,Sofia Alvarez
ACME-A007056,ACME-L02427,email,2026-09-11 07:18:48,sent,Priya Raman
ACME-A007057,ACME-L02617,call,2026-09-11 07:50:23,voicemail,Jordan Ellis
ACME-A007058,ACME-L02369,email,2026-09-11 07:54:43,sent,Acme Round Robin
ACME-A007059,ACME-L02329,email,2026-09-11 08:14:00,sent,Sofia Alvarez
ACME-A007060,ACME-L02606,call,2026-09-11 08:41:34,voicemail,Sofia Alvarez
ACME-A007061,ACME-L02555,call,2026-09-11 08:51:07,voicemail,Dana Whitfield
ACME-A007062,ACME-L02567,call,2026-09-11 09:11:51,connected,Priya Raman
ACME-A007063,ACME-L01590,email,2026-09-11 09:31:59,sent,Marcus Lee
ACME-A007064,ACME-L02634,email,2026-09-11 09:35:51,sent,Sofia Alvarez
ACME-A007065,ACME-L02304,call,2026-09-11 09:41:15,connected,Acme Round Robin
ACME-A007066,ACME-L02190,call,2026-09-11 09:43:08,connected,Sofia Alvarez
ACME-A007067,ACME-L02638,email,2026-09-11 09:50:55,sent,Grace Kim
ACME-A007068,ACME-L02149,call,2026-09-11 10:23:15,connected,Marcus Lee
ACME-A007069,ACME-L02561,call,2026-09-11 10:48:57,voicemail,Sofia Alvarez
ACME-A007070,ACME-L02637,email,2026-09-11 10:59:45,sent,Owen Brooks
ACME-A007071,ACME-L02391,email,2026-09-11 11:04:25,sent,Dana Whitfield
ACME-A007072,ACME-L02639,email,2026-09-11 11:26:49,sent,Marcus Lee
ACME-A007073,ACME-L02640,call,2026-09-11 11:31:48,no_answer,Jordan Ellis
ACME-A007074,ACME-L01428,email,2026-09-11 11:46:25,replied,Dana Whitfield
ACME-A007075,ACME-L02636,call,2026-09-11 11:59:01,no_answer,Owen Brooks
ACME-A007076,ACME-L02617,call,2026-09-11 12:38:04,voicemail,Jordan Ellis
ACME-A007077,ACME-L02498,email,2026-09-11 14:24:06,bounced,Dana Whitfield
ACME-A007078,ACME-L02645,call,2026-09-11 15:14:21,voicemail,Priya Raman
ACME-A007079,ACME-L02642,call,2026-09-11 15:27:32,connected,Grace Kim
ACME-A007080,ACME-L02529,email,2026-09-11 15:43:17,replied,Dana Whitfield
ACME-A007081,ACME-L02067,email,2026-09-11 15:54:01,sent,Grace Kim
ACME-A007082,ACME-L02635,email,2026-09-11 16:16:43,sent,Jordan Ellis
ACME-A007083,ACME-L02580,call,2026-09-11 16:20:10,no_answer,Sofia Alvarez
ACME-A007084,ACME-L02433,email,2026-09-11 17:10:55,sent,Dana Whitfield
ACME-A007085,ACME-L02646,email,2026-09-11 17:11:47,sent,Grace Kim
ACME-A007086,ACME-L02648,email,2026-09-11 17:19:59,sent,Sofia Alvarez
ACME-A007087,ACME-L02643,email,2026-09-11 17:20:26,replied,Priya Raman
ACME-A007088,ACME-L02647,email,2026-09-11 17:45:12,sent,Priya Raman
ACME-A007089,ACME-L02615,email,2026-09-11 17:54:22,sent,Dana Whitfield
ACME-A007090,ACME-L02649,email,2026-09-11 18:02:53,sent,Sofia Alvarez
ACME-A007091,ACME-L02652,email,2026-09-11 18:28:11,replied,Sofia Alvarez
ACME-A007092,ACME-L02641,call,2026-09-11 18:35:54,no_answer,Priya Raman
ACME-A007093,ACME-L02553,email,2026-09-11 19:04:55,replied,Dana Whitfield
ACME-A007094,ACME-L02599,Email,2026-09-11 19:33:35,replied,Priya Raman
ACME-A007095,ACME-L02651,call,2026-09-11 19:44:01,no_answer,Acme Round Robin
ACME-A007096,ACME-L02644,call,2026-09-11 20:12:57,voicemail,Priya Raman
ACME-A007097,ACME-L02580,email,2026-09-11 20:35:19,sent,Sofia Alvarez
ACME-A007098,ACME-L02655,email,2026-09-11 20:36:38,sent,Sofia Alvarez
ACME-A007099,ACME-L02656,call,2026-09-11 21:28:53,voicemail,Owen Brooks
ACME-A007100,ACME-L02292,call,2026-09-11 23:33:06,connected,Dana Whitfield
ACME-A007101,ACME-L02417,call,2026-09-11 23:41:12,connected,Dana Whitfield
ACME-A007102,ACME-L02653,call,2026-09-12 01:02:03,no_answer,Acme Round Robin
ACME-A007103,ACME-L02234,email,2026-09-12 02:20:59,sent,Priya Raman
ACME-A007104,ACME-L02637,email,2026-09-12 02:41:25,sent,Owen Brooks
ACME-A007105,ACME-L02657,call,2026-09-12 05:39:19,voicemail,Priya Raman
ACME-A007106,ACME-L02658,Call,2026-09-12 06:12:28,no_answer,Sofia Alvarez
ACME-A007107,ACME-L02631,call,2026-09-12 06:55:58,connected,Grace Kim
ACME-A007108,ACME-L02642,email,2026-09-12 07:30:07,sent,Grace Kim
ACME-A007109,ACME-L02650,call,2026-09-12 09:00:55,voicemail,Dana Whitfield
ACME-A007110,ACME-L02190,call,2026-09-12 11:00:25,connected,Sofia Alvarez
ACME-A007111,ACME-L02600,Email,2026-09-12 11:08:18,replied,Dana Whitfield
ACME-A007112,ACME-L02654,call,2026-09-12 11:28:14,connected,Grace Kim
ACME-A007113,ACME-L02498,email,2026-09-12 12:48:21,sent,Dana Whitfield
ACME-A007114,ACME-L02442,call,2026-09-12 13:48:52,voicemail,Marcus Lee
ACME-A007115,ACME-L02566,email,2026-09-12 15:51:12,sent,Owen Brooks
ACME-A007116,ACME-L02354,meeting,2026-09-12 15:53:44,held,Jordan Ellis
ACME-A007117,ACME-L02651,call,2026-09-12 16:50:20,no_answer,Acme Round Robin
ACME-A007118,ACME-L02659,call,2026-09-12 17:23:07,voicemail,Marcus Lee
ACME-A007119,ACME-L02249,email,2026-09-12 17:34:55,sent,Jordan Ellis
ACME-A007120,ACME-L02518,email,2026-09-12 17:49:31,sent,Priya Raman
ACME-A007121,ACME-L02584,call,2026-09-12 18:25:38,connected,Acme Round Robin
ACME-A007122,ACME-L02519,email,2026-09-12 18:54:18,sent,Dana Whitfield
ACME-A007123,ACME-L02599,email,2026-09-12 18:57:01,sent,Priya Raman
ACME-A007124,ACME-L02256,call,2026-09-12 19:44:39,no_answer,Sofia Alvarez
ACME-A007125,ACME-L02656,call,2026-09-12 19:48:14,connected,Owen Brooks
ACME-A007126,ACME-L02536,call,2026-09-12 19:53:59,connected,Sofia Alvarez
ACME-A007127,ACME-L02315,email,2026-09-12 20:19:39,sent,Jordan Ellis
ACME-A007128,ACME-L02329,call,2026-09-12 20:47:34,connected,Sofia Alvarez
ACME-A007129,ACME-L02525,call,2026-09-12 21:36:32,connected,Dana Whitfield
ACME-A007130,ACME-L02524,CALL,2026-09-12 21:48:47,voicemail,Marcus Lee
ACME-A007131,ACME-L01863,call,2026-09-12 21:59:11,no_answer,Dana Whitfield
ACME-A007132,ACME-L02649,call,2026-09-12 22:04:35,voicemail,Sofia Alvarez
ACME-A007133,ACME-L02383,email,2026-09-12 22:27:08,sent,Priya Raman
ACME-A007134,ACME-L02657,email,2026-09-12 23:29:33,sent,Priya Raman
ACME-A007135,ACME-L02606,email,2026-09-12 23:39:47,replied,Sofia Alvarez
ACME-A007136,ACME-L02631,email,2026-09-13 01:16:06,sent,Grace Kim
ACME-A007137,ACME-L02495,call,2026-09-13 01:21:06,no_answer,Dana Whitfield
ACME-A007138,ACME-L02541,call,2026-09-13 01:48:55,connected,Owen Brooks
ACME-A007139,ACME-L02419,email,2026-09-13 02:16:10,sent,Owen Brooks
ACME-A007140,ACME-L02617,meeting,2026-09-13 02:16:46,held,Jordan Ellis
ACME-A007141,ACME-L02455,email,2026-09-13 02:20:11,sent,Grace Kim
ACME-A007142,ACME-L02651,call,2026-09-13 02:25:49,no_answer,Acme Round Robin
ACME-A007143,ACME-L02363,email,2026-09-13 03:53:24,replied,Priya Raman
ACME-A007144,ACME-L02463,email,2026-09-13 04:06:46,bounced,Dana Whitfield
ACME-A007145,ACME-L02419,email,2026-09-13 04:44:48,sent,Owen Brooks
ACME-A007146,ACME-L02315,Email,2026-09-13 04:54:34,sent,Jordan Ellis
ACME-A007147,ACME-L02660,call,2026-09-13 06:06:49,no_answer,Dana Whitfield
ACME-A007148,ACME-L02570,call,2026-09-13 06:21:03,voicemail,Sofia Alvarez
ACME-A007149,ACME-L02440,call,2026-09-13 06:53:58,connected,Jordan Ellis
ACME-A007150,ACME-L02180,call,2026-09-13 07:31:20,voicemail,Dana Whitfield
ACME-A007151,ACME-L02522,email,2026-09-13 08:14:12,sent,Priya Raman
ACME-A007152,ACME-L02606,call,2026-09-13 08:37:07,no_answer,Sofia Alvarez
ACME-A007153,ACME-L02481,call,2026-09-13 10:01:38,voicemail,Sofia Alvarez
ACME-A007154,ACME-L02347,email,2026-09-13 12:04:55,sent,Dana Whitfield
ACME-A007155,ACME-L02460,call,2026-09-13 12:32:32,no_answer,Sofia Alvarez
ACME-A007156,ACME-L02517,email,2026-09-13 12:52:27,sent,Acme Round Robin
ACME-A007157,ACME-L02577,email,2026-09-13 14:31:21,replied,Dana Whitfield
ACME-A007158,ACME-L02463,email,2026-09-13 15:24:49,bounced,Dana Whitfield
ACME-A007159,ACME-L02324,call,2026-09-13 15:25:02,no_answer,Dana Whitfield
ACME-A007160,ACME-L02662,email,2026-09-13 15:35:29,sent,Jordan Ellis
ACME-A007161,ACME-L02376,call,2026-09-13 17:50:25,voicemail,Dana Whitfield
ACME-A007162,ACME-L02613,call,2026-09-13 20:15:32,no_answer,Dana Whitfield
ACME-A007163,ACME-L02353,email,2026-09-13 20:58:24,sent,Priya Raman
ACME-A007164,ACME-L02663,email,2026-09-13 21:00:47,replied,Dana Whitfield
ACME-A007165,ACME-L02393,call,2026-09-13 21:15:49,connected,Sofia Alvarez
ACME-A007166,ACME-L02022,meeting,2026-09-13 21:39:53,rescheduled,Dana Whitfield
ACME-A007167,ACME-L02263,meeting,2026-09-13 22:19:54,held,Grace Kim
ACME-A007168,ACME-L02356,email,2026-09-13 22:28:18,sent,Dana Whitfield
ACME-A007169,ACME-L02599,call,2026-09-13 22:49:47,no_answer,Priya Raman
ACME-A007170,ACME-L02190,call,2026-09-13 23:08:16,no_answer,Sofia Alvarez
ACME-A007171,ACME-L02665,call,2026-09-13 23:17:13,connected,Priya Raman
ACME-A007172,ACME-L02658,email,2026-09-13 23:41:10,sent,Sofia Alvarez
ACME-A007173,ACME-L02646,Call,2026-09-13 23:53:44,voicemail,Grace Kim
ACME-A007174,ACME-L02616,email,2026-09-14 01:12:54,sent,Owen Brooks
ACME-A007175,ACME-L02521,call,2026-09-14 01:15:00,voicemail,Grace Kim
ACME-A007176,ACME-L02580,email,2026-09-14 01:21:04,sent,Sofia Alvarez
ACME-A007177,ACME-L02661,call,2026-09-14 03:04:03,connected,Jordan Ellis
ACME-A007178,ACME-L02667,call,2026-09-14 03:06:28,no_answer,Dana Whitfield
ACME-A007179,ACME-L02581,email,2026-09-14 03:08:15,sent,Dana Whitfield
ACME-A007180,ACME-L02416,call,2026-09-14 03:51:15,no_answer,Sofia Alvarez
ACME-A007181,ACME-L02597,call,2026-09-14 04:02:10,no_answer,Jordan Ellis
ACME-A007182,ACME-L02190,call,2026-09-14 04:15:01,connected,Sofia Alvarez
ACME-A007183,ACME-L02600,email,2026-09-14 04:20:13,sent,Dana Whitfield
ACME-A007184,ACME-L02668,email,2026-09-14 05:14:37,replied,Priya Raman
ACME-A007185,ACME-L02397,call,2026-09-14 05:21:55,connected,Dana Whitfield
ACME-A007186,ACME-L02653,EMAIL,2026-09-14 05:39:31,sent,Acme Round Robin
ACME-A007187,ACME-L02334,call,2026-09-14 05:43:36,voicemail,Grace Kim
ACME-A007188,ACME-L02509,call,2026-09-14 06:13:19,connected,Jordan Ellis
ACME-A007189,ACME-L02669,Email,2026-09-14 06:32:33,sent,Dana Whitfield
ACME-A007190,ACME-L02622,Call,2026-09-14 07:04:41,connected,Grace Kim
ACME-A007191,ACME-L02553,meeting,2026-09-14 08:00:51,held,Dana Whitfield
ACME-A007192,ACME-L02428,call,2026-09-14 09:01:24,no_answer,Priya Raman
ACME-A007193,ACME-L02263,call,2026-09-14 09:10:57,connected,Grace Kim
ACME-A007194,ACME-L02664,call,2026-09-14 10:16:54,connected,Sofia Alvarez
ACME-A007195,ACME-L02625,EMAIL,2026-09-14 11:16:13,sent,Jordan Ellis
ACME-A007196,ACME-L02666,call,2026-09-14 12:12:13,no_answer,Marcus Lee
ACME-A007197,ACME-L02673,email,2026-09-14 12:16:45,sent,Dana Whitfield
ACME-A007198,ACME-L02671,email,2026-09-14 12:17:52,sent,Marcus Lee
ACME-A007199,ACME-L02672,email,2026-09-14 12:45:41,sent,Jordan Ellis
ACME-A007200,ACME-L02677,CALL,2026-09-14 12:46:43,no_answer,Jordan Ellis
ACME-A007201,ACME-L02663,call,2026-09-14 13:04:00,no_answer,Dana Whitfield
ACME-A007202,ACME-L02272,call,2026-09-14 13:22:12,no_answer,Marcus Lee
ACME-A007203,ACME-L02674,Call,2026-09-14 14:11:01,connected,Dana Whitfield
ACME-A007204,ACME-L02680,call,2026-09-14 14:44:33,connected,Owen Brooks
ACME-A007205,ACME-L02549,email,2026-09-14 14:51:39,sent,Sofia Alvarez
ACME-A007206,ACME-L02675,call,2026-09-14 15:14:41,voicemail,Marcus Lee
ACME-A007207,ACME-L02676,Call,2026-09-14 15:31:48,no_answer,Jordan Ellis
ACME-A007208,ACME-L02646,call,2026-09-14 16:41:27,connected,Grace Kim
ACME-A007209,ACME-L02683,email,2026-09-14 16:49:57,sent,Jordan Ellis
ACME-A007210,ACME-L02670,call,2026-09-14 16:53:18,connected,Priya Raman
ACME-A007211,ACME-L02636,email,2026-09-14 16:57:49,sent,Owen Brooks
ACME-A007212,ACME-L02679,email,2026-09-14 17:07:59,replied,Sofia Alvarez
ACME-A007213,ACME-L02682,call,2026-09-14 17:29:12,no_answer,Dana Whitfield
ACME-A007214,ACME-L02678,call,2026-09-14 17:33:24,connected,Owen Brooks
ACME-A007215,ACME-L02671,meeting,2026-09-14 17:45:41,held,Marcus Lee
ACME-A007216,ACME-L02455,call,2026-09-14 17:50:33,voicemail,Grace Kim
ACME-A007217,ACME-L02479,call,2026-09-14 18:38:53,voicemail,Priya Raman
ACME-A007218,ACME-L02664,call,2026-09-14 18:43:04,no_answer,Sofia Alvarez
ACME-A007219,ACME-L02429,email,2026-09-14 19:13:07,sent,Jordan Ellis
ACME-A007220,ACME-L02590,call,2026-09-14 19:41:13,connected,Jordan Ellis
ACME-A007221,ACME-L02684,call,2026-09-14 20:37:01,no_answer,Grace Kim
ACME-A007222,ACME-L02397,call,2026-09-14 21:09:53,no_answer,Dana Whitfield
ACME-A007223,ACME-L02686,call,2026-09-14 21:12:07,no_answer,Dana Whitfield
ACME-A007224,ACME-L02600,call,2026-09-14 21:29:57,connected,Dana Whitfield
ACME-A007225,ACME-L02601,email,2026-09-14 21:33:09,sent,Sofia Alvarez
ACME-A007226,ACME-L02685,call,2026-09-14 21:51:44,no_answer,Dana Whitfield
ACME-A007227,ACME-L02598,email,2026-09-14 22:39:47,sent,Dana Whitfield
ACME-A007228,ACME-L02579,email,2026-09-14 22:41:27,replied,Sofia Alvarez
ACME-A007229,ACME-L02687,email,2026-09-14 22:50:50,sent,Jordan Ellis
ACME-A007230,ACME-L02681,call,2026-09-14 23:50:45,voicemail,Marcus Lee
ACME-A007231,ACME-L02690,email,2026-09-15 00:00:50,sent,Marcus Lee
ACME-A007232,ACME-L02551,call,2026-09-15 00:26:56,voicemail,Sofia Alvarez
ACME-A007233,ACME-L02691,email,2026-09-15 00:37:37,bounced,Sofia Alvarez
ACME-A007234,ACME-L02568,call,2026-09-15 00:38:05,no_answer,Priya Raman
ACME-A007235,ACME-L02664,meeting,2026-09-15 00:46:06,held,Sofia Alvarez
ACME-A007236,ACME-L02155,email,2026-09-15 01:20:52,sent,Marcus Lee
ACME-A007237,ACME-L02534,call,2026-09-15 02:48:47,connected,Marcus Lee
ACME-A007238,ACME-L02682,email,2026-09-15 02:53:04,sent,Dana Whitfield
ACME-A007239,ACME-L02689,EMAIL,2026-09-15 02:59:22,sent,Priya Raman
ACME-A007240,ACME-L02625,meeting,2026-09-15 03:20:52,held,Jordan Ellis
ACME-A007241,ACME-L02359,email,2026-09-15 03:40:37,sent,Dana Whitfield
ACME-A007242,ACME-L02465,call,2026-09-15 04:07:04,connected,Dana Whitfield
ACME-A007243,ACME-L02692,email,2026-09-15 04:25:03,sent,Jordan Ellis
ACME-A007244,ACME-L02578,email,2026-09-15 05:29:55,replied,Dana Whitfield
ACME-A007245,ACME-L02133,email,2026-09-15 06:02:06,sent,Marcus Lee
ACME-A007246,ACME-L02515,email,2026-09-15 06:40:23,replied,Sofia Alvarez
ACME-A007247,ACME-L02527,meeting,2026-09-15 07:26:02,held,Priya Raman
ACME-A007248,ACME-L02693,email,2026-09-15 08:58:46,sent,Sofia Alvarez
ACME-A007249,ACME-L02416,email,2026-09-15 09:24:47,replied,Sofia Alvarez
ACME-A007250,ACME-L02694,email,2026-09-15 10:12:54,sent,Marcus Lee
ACME-A007251,ACME-L02416,email,2026-09-15 10:34:41,sent,Sofia Alvarez
ACME-A007252,ACME-L02475,CALL,2026-09-15 10:56:20,no_answer,Owen Brooks
ACME-A007253,ACME-L02453,email,2026-09-15 11:08:06,sent,Jordan Ellis
ACME-A007254,ACME-L02688,call,2026-09-15 11:58:38,connected,Priya Raman
ACME-A007255,ACME-L02562,email,2026-09-15 11:59:11,sent,Owen Brooks
ACME-A007256,ACME-L02438,call,2026-09-15 12:24:22,no_answer,Jordan Ellis
ACME-A007257,ACME-L02489,call,2026-09-15 12:26:06,connected,Dana Whitfield
ACME-A007258,ACME-L02637,email,2026-09-15 12:37:47,replied,Owen Brooks
ACME-A007259,ACME-L02133,call,2026-09-15 13:07:08,no_answer,Marcus Lee
ACME-A007260,ACME-L02599,meeting,2026-09-15 13:13:48,held,Priya Raman
ACME-A007261,ACME-L02698,email,2026-09-15 14:08:43,sent,Acme Round Robin
ACME-A007262,ACME-L02476,call,2026-09-15 14:43:52,connected,Sofia Alvarez
ACME-A007263,ACME-L02655,email,2026-09-15 15:55:55,sent,Sofia Alvarez
ACME-A007264,ACME-L02670,email,2026-09-15 16:01:30,sent,Priya Raman
ACME-A007265,ACME-L02700,email,2026-09-15 16:37:42,sent,Marcus Lee
ACME-A007266,ACME-L02641,call,2026-09-15 17:12:12,no_answer,Priya Raman
ACME-A007267,ACME-L02697,call,2026-09-15 17:26:18,connected,Owen Brooks
ACME-A007268,ACME-L02696,EMAIL,2026-09-15 17:27:27,replied,Sofia Alvarez
ACME-A007269,ACME-L02708,call,2026-09-15 17:52:12,connected,Dana Whitfield
ACME-A007270,ACME-L02707,email,2026-09-15 18:30:49,sent,Grace Kim
ACME-A007271,ACME-L02705,email,2026-09-15 18:46:05,replied,Acme Round Robin
ACME-A007272,ACME-L02706,email,2026-09-15 18:59:01,sent,Sofia Alvarez
ACME-A007273,ACME-L02702,email,2026-09-15 19:20:19,sent,Priya Raman
ACME-A007274,ACME-L02701,call,2026-09-15 19:51:07,voicemail,Jordan Ellis
ACME-A007275,ACME-L02487,CALL,2026-09-15 19:52:59,voicemail,Sofia Alvarez
ACME-A007276,ACME-L02507,email,2026-09-15 19:58:53,sent,Dana Whitfield
ACME-A007277,ACME-L02704,call,2026-09-15 20:30:40,connected,Acme Round Robin
ACME-A007278,ACME-L02699,call,2026-09-15 20:33:23,connected,Dana Whitfield
ACME-A007279,ACME-L02695,call,2026-09-15 20:35:25,connected,Dana Whitfield
ACME-A007280,ACME-L02482,call,2026-09-15 20:53:13,connected,Marcus Lee
ACME-A007281,ACME-L02396,email,2026-09-15 20:58:50,sent,Sofia Alvarez
ACME-A007282,ACME-L02692,email,2026-09-15 21:05:22,replied,Jordan Ellis
ACME-A007283,ACME-L02604,call,2026-09-15 21:05:29,connected,Grace Kim
ACME-A007284,ACME-L02688,call,2026-09-15 23:00:45,no_answer,Priya Raman
ACME-A007285,ACME-L02469,email,2026-09-15 23:53:47,sent,Sofia Alvarez
ACME-A007286,ACME-L02703,email,2026-09-16 00:05:18,sent,Priya Raman
ACME-A007287,ACME-L02710,call,2026-09-16 01:38:09,no_answer,Jordan Ellis
ACME-A007288,ACME-L02709,call,2026-09-16 02:01:31,no_answer,Dana Whitfield
ACME-A007289,ACME-L02533,call,2026-09-16 02:09:01,no_answer,Marcus Lee
ACME-A007290,ACME-L02514,email,2026-09-16 04:00:54,sent,Dana Whitfield
ACME-A007291,ACME-L02190,call,2026-09-16 04:06:42,no_answer,Sofia Alvarez
ACME-A007292,ACME-L02660,call,2026-09-16 04:15:07,connected,Dana Whitfield
ACME-A007293,ACME-L02394,email,2026-09-16 04:21:35,sent,Jordan Ellis
ACME-A007294,ACME-L02711,Call,2026-09-16 04:41:37,connected,Priya Raman
ACME-A007295,ACME-L02181,call,2026-09-16 05:08:19,no_answer,Sofia Alvarez
ACME-A007296,ACME-L02698,call,2026-09-16 05:55:55,connected,Acme Round Robin
ACME-A007297,ACME-L02358,call,2026-09-16 06:08:56,no_answer,Jordan Ellis
ACME-A007298,ACME-L02352,email,2026-09-16 07:20:19,sent,Dana Whitfield
ACME-A007299,ACME-L02378,call,2026-09-16 07:23:23,voicemail,Priya Raman
ACME-A007300,ACME-L02573,call,2026-09-16 07:30:26,voicemail,Jordan Ellis
ACME-A007301,ACME-L02613,call,2026-09-16 08:30:35,no_answer,Dana Whitfield
ACME-A007302,ACME-L02713,call,2026-09-16 10:15:55,connected,Marcus Lee
ACME-A007303,ACME-L02532,email,2026-09-16 11:31:18,sent,Dana Whitfield
ACME-A007304,ACME-L02661,meeting,2026-09-16 11:43:56,held,Jordan Ellis
ACME-A007305,ACME-L02534,call,2026-09-16 12:02:26,no_answer,Marcus Lee
ACME-A007306,ACME-L02716,call,2026-09-16 12:23:22,no_answer,Jordan Ellis
ACME-A007307,ACME-L02709,call,2026-09-16 12:46:09,no_answer,Dana Whitfield
ACME-A007308,ACME-L02609,call,2026-09-16 13:32:45,voicemail,Dana Whitfield
ACME-A007309,ACME-L02429,call,2026-09-16 13:32:55,no_answer,Jordan Ellis
ACME-A007310,ACME-L02718,call,2026-09-16 14:25:19,no_answer,Marcus Lee
ACME-A007311,ACME-L02479,call,2026-09-16 14:45:36,no_answer,Priya Raman
ACME-A007312,ACME-L02659,email,2026-09-16 14:47:23,sent,Marcus Lee
ACME-A007313,ACME-L02720,email,2026-09-16 15:04:28,sent,Dana Whitfield
ACME-A007314,ACME-L02717,email,2026-09-16 15:07:02,sent,Dana Whitfield
ACME-A007315,ACME-L02722,email,2026-09-16 15:16:34,sent,Dana Whitfield
ACME-A007316,ACME-L02706,Email,2026-09-16 15:17:23,sent,Sofia Alvarez
ACME-A007317,ACME-L02719,email,2026-09-16 16:19:10,sent,Marcus Lee
ACME-A007318,ACME-L02715,CALL,2026-09-16 16:34:48,voicemail,Marcus Lee
ACME-A007319,ACME-L02723,call,2026-09-16 17:43:09,voicemail,Dana Whitfield
ACME-A007320,ACME-L02725,email,2026-09-16 17:56:58,sent,Priya Raman
ACME-A007321,ACME-L02721,call,2026-09-16 18:26:56,connected,Dana Whitfield
ACME-A007322,ACME-L02646,Email,2026-09-16 18:38:05,sent,Grace Kim
ACME-A007323,ACME-L02674,call,2026-09-16 18:39:46,connected,Dana Whitfield
ACME-A007324,ACME-L02674,email,2026-09-16 19:55:50,sent,Dana Whitfield
ACME-A007325,ACME-L02714,call,2026-09-16 20:11:11,connected,Dana Whitfield
ACME-A007326,ACME-L02064,email,2026-09-16 20:15:21,replied,Sofia Alvarez
ACME-A007327,ACME-L02625,email,2026-09-16 20:55:45,bounced,Jordan Ellis
ACME-A007328,ACME-L02455,meeting,2026-09-16 20:59:20,no_show,Grace Kim
ACME-A007329,ACME-L02721,call,2026-09-16 21:55:07,no_answer,Dana Whitfield
ACME-A007330,ACME-L02490,call,2026-09-16 22:03:58,voicemail,Dana Whitfield
ACME-A007331,ACME-L02567,call,2026-09-16 22:23:59,no_answer,Priya Raman
ACME-A007332,ACME-L02722,email,2026-09-16 22:31:37,sent,Dana Whitfield
ACME-A007333,ACME-L02724,call,2026-09-16 22:45:13,voicemail,Marcus Lee
ACME-A007334,ACME-L02470,call,2026-09-16 23:39:29,connected,Sofia Alvarez
ACME-A007335,ACME-L02668,call,2026-09-17 04:32:29,no_answer,Priya Raman
ACME-A007336,ACME-L02473,call,2026-09-17 05:47:15,connected,Marcus Lee
ACME-A007337,ACME-L02028,email,2026-09-17 05:56:04,sent,Sofia Alvarez
ACME-A007338,ACME-L02715,email,2026-09-17 06:22:16,bounced,Marcus Lee
ACME-A007339,ACME-L02679,call,2026-09-17 06:26:45,no_answer,Sofia Alvarez
ACME-A007340,ACME-L02593,email,2026-09-17 06:27:57,replied,Dana Whitfield
ACME-A007341,ACME-L02517,email,2026-09-17 08:01:45,sent,Acme Round Robin
ACME-A007342,ACME-L02726,CALL,2026-09-17 08:02:47,voicemail,Sofia Alvarez
ACME-A007343,ACME-L02638,email,2026-09-17 08:43:20,bounced,Grace Kim
ACME-A007344,ACME-L02617,call,2026-09-17 09:08:24,connected,Jordan Ellis
ACME-A007345,ACME-L02728,call,2026-09-17 09:35:12,no_answer,Priya Raman
ACME-A007346,ACME-L02573,call,2026-09-17 10:10:41,connected,Jordan Ellis
ACME-A007347,ACME-L02383,email,2026-09-17 10:12:24,sent,Priya Raman
ACME-A007348,ACME-L02479,call,2026-09-17 10:37:25,connected,Priya Raman
ACME-A007349,ACME-L02648,call,2026-09-17 11:21:53,connected,Sofia Alvarez
ACME-A007350,ACME-L02712,EMAIL,2026-09-17 12:56:20,sent,Jordan Ellis
ACME-A007351,ACME-L02727,call,2026-09-17 13:01:54,voicemail,Dana Whitfield
ACME-A007352,ACME-L02729,email,2026-09-17 13:39:04,sent,Sofia Alvarez
ACME-A007353,ACME-L02663,email,2026-09-17 14:12:24,sent,Dana Whitfield
ACME-A007354,ACME-L02663,meeting,2026-09-17 14:31:00,held,Dana Whitfield
ACME-A007355,ACME-L02661,email,2026-09-17 14:35:13,replied,Jordan Ellis
ACME-A007356,ACME-L02732,Call,2026-09-17 14:55:44,connected,Owen Brooks
ACME-A007357,ACME-L02739,email,2026-09-17 15:14:04,sent,Grace Kim
ACME-A007358,ACME-L02407,email,2026-09-17 15:16:30,sent,Dana Whitfield
ACME-A007359,ACME-L02734,call,2026-09-17 15:17:50,no_answer,Jordan Ellis
ACME-A007360,ACME-L02741,call,2026-09-17 15:34:31,no_answer,Marcus Lee
ACME-A007361,ACME-L01912,call,2026-09-17 15:52:05,no_answer,Priya Raman
ACME-A007362,ACME-L02733,call,2026-09-17 16:09:34,connected,Priya Raman
ACME-A007363,ACME-L02419,email,2026-09-17 16:18:33,sent,Owen Brooks
ACME-A007364,ACME-L02730,call,2026-09-17 16:33:57,voicemail,Grace Kim
ACME-A007365,ACME-L02622,call,2026-09-17 17:12:37,no_answer,Grace Kim
ACME-A007366,ACME-L02536,email,2026-09-17 18:18:04,sent,Sofia Alvarez
ACME-A007367,ACME-L02743,email,2026-09-17 18:32:36,sent,Priya Raman
ACME-A007368,ACME-L02748,call,2026-09-17 18:52:32,no_answer,Marcus Lee
ACME-A007369,ACME-L02731,call,2026-09-17 18:58:39,connected,Priya Raman
ACME-A007370,ACME-L02746,call,2026-09-17 19:01:25,no_answer,Dana Whitfield
ACME-A007371,ACME-L02689,call,2026-09-17 19:22:01,connected,Priya Raman
ACME-A007372,ACME-L02745,call,2026-09-17 19:49:53,no_answer,Sofia Alvarez
ACME-A007373,ACME-L02742,call,2026-09-17 20:06:22,no_answer,Acme Round Robin
ACME-A007374,ACME-L02720,email,2026-09-17 20:17:21,replied,Dana Whitfield
ACME-A007375,ACME-L02744,call,2026-09-17 20:18:54,no_answer,Marcus Lee
ACME-A007376,ACME-L02654,call,2026-09-17 20:55:33,connected,Grace Kim
ACME-A007377,ACME-L02593,email,2026-09-17 21:01:32,sent,Dana Whitfield
ACME-A007378,ACME-L02557,meeting,2026-09-17 21:04:16,held,Priya Raman
ACME-A007379,ACME-L02544,call,2026-09-17 21:29:27,no_answer,Sofia Alvarez
ACME-A007380,ACME-L02352,email,2026-09-17 21:48:01,sent,Dana Whitfield
ACME-A007381,ACME-L02735,call,2026-09-17 21:50:35,connected,Marcus Lee
ACME-A007382,ACME-L02721,Email,2026-09-17 22:14:51,sent,Dana Whitfield
ACME-A007383,ACME-L02428,email,2026-09-17 22:31:59,replied,Priya Raman
ACME-A007384,ACME-L02747,call,2026-09-17 22:35:54,no_answer,Owen Brooks
ACME-A007385,ACME-L02737,CALL,2026-09-17 22:45:54,voicemail,Owen Brooks
ACME-A007386,ACME-L02679,call,2026-09-17 23:20:27,voicemail,Sofia Alvarez
ACME-A007387,ACME-L02740,email,2026-09-17 23:39:49,sent,Grace Kim
ACME-A007388,ACME-L02679,call,2026-09-18 01:18:36,connected,Sofia Alvarez
ACME-A007389,ACME-L02444,email,2026-09-18 01:19:13,replied,Marcus Lee
ACME-A007390,ACME-L02692,call,2026-09-18 02:23:00,no_answer,Jordan Ellis
ACME-A007391,ACME-L02679,email,2026-09-18 02:23:15,sent,Sofia Alvarez
ACME-A007392,ACME-L02682,call,2026-09-18 02:47:07,connected,Dana Whitfield
ACME-A007393,ACME-L02751,email,2026-09-18 02:50:27,sent,Sofia Alvarez
ACME-A007394,ACME-L02666,call,2026-09-18 03:34:50,no_answer,Marcus Lee
ACME-A007395,ACME-L02548,call,2026-09-18 05:57:52,no_answer,Sofia Alvarez
ACME-A007396,ACME-L02749,call,2026-09-18 06:05:48,no_answer,Jordan Ellis
ACME-A007397,ACME-L02750,email,2026-09-18 06:14:24,sent,Priya Raman
ACME-A007398,ACME-L02437,email,2026-09-18 06:30:52,sent,Marcus Lee
ACME-A007399,ACME-L02754,email,2026-09-18 07:08:25,replied,Grace Kim
ACME-A007400,ACME-L02717,call,2026-09-18 07:30:16,no_answer,Dana Whitfield
ACME-A007401,ACME-L02753,call,2026-09-18 07:46:17,connected,Owen Brooks
ACME-A007402,ACME-L02689,call,2026-09-18 08:01:05,no_answer,Priya Raman
ACME-A007403,ACME-L02465,call,2026-09-18 08:11:17,no_answer,Dana Whitfield
ACME-A007404,ACME-L02752,call,2026-09-18 08:19:02,no_answer,Marcus Lee
ACME-A007405,ACME-L02653,call,2026-09-18 08:58:16,no_answer,Acme Round Robin
ACME-A007406,ACME-L02737,call,2026-09-18 09:12:40,no_answer,Owen Brooks
ACME-A007407,ACME-L02738,CALL,2026-09-18 09:27:18,connected,Dana Whitfield
ACME-A007408,ACME-L02359,call,2026-09-18 09:35:12,no_answer,Dana Whitfield
ACME-A007409,ACME-L02249,email,2026-09-18 09:57:16,sent,Jordan Ellis
ACME-A007410,ACME-L02756,Call,2026-09-18 09:59:26,no_answer,Grace Kim
ACME-A007411,ACME-L02755,email,2026-09-18 10:26:59,sent,Dana Whitfield
ACME-A007412,ACME-L02713,email,2026-09-18 10:38:17,sent,Marcus Lee
ACME-A007413,ACME-L02352,call,2026-09-18 10:45:00,no_answer,Dana Whitfield
ACME-A007414,ACME-L02716,Call,2026-09-18 11:50:29,no_answer,Jordan Ellis
ACME-A007415,ACME-L02736,email,2026-09-18 12:40:05,sent,Jordan Ellis
ACME-A007416,ACME-L02704,email,2026-09-18 13:48:46,sent,Acme Round Robin
ACME-A007417,ACME-L02765,Email,2026-09-18 14:51:52,sent,Jordan Ellis
ACME-A007418,ACME-L02762,email,2026-09-18 14:56:23,sent,Priya Raman
ACME-A007419,ACME-L02669,call,2026-09-18 15:22:53,voicemail,Dana Whitfield
ACME-A007420,ACME-L02764,call,2026-09-18 15:46:27,voicemail,Sofia Alvarez
ACME-A007421,ACME-L02777,email,2026-09-18 15:52:29,replied,Dana Whitfield
ACME-A007422,ACME-L02605,call,2026-09-18 16:04:05,voicemail,Priya Raman
ACME-A007423,ACME-L02602,call,2026-09-18 16:07:14,connected,Marcus Lee
ACME-A007424,ACME-L02763,call,2026-09-18 16:16:42,voicemail,Grace Kim
ACME-A007425,ACME-L02525,call,2026-09-18 16:34:37,connected,Dana Whitfield
ACME-A007426,ACME-L02769,call,2026-09-18 16:45:59,voicemail,Priya Raman
ACME-A007427,ACME-L02768,call,2026-09-18 16:49:17,voicemail,Dana Whitfield
ACME-A007428,ACME-L02771,email,2026-09-18 16:55:18,sent,Dana Whitfield
ACME-A007429,ACME-L02758,call,2026-09-18 17:22:33,voicemail,Dana Whitfield
ACME-A007430,ACME-L02775,email,2026-09-18 17:29:23,sent,Jordan Ellis
ACME-A007431,ACME-L02520,call,2026-09-18 17:35:32,no_answer,Priya Raman
ACME-A007432,ACME-L02553,call,2026-09-18 17:37:31,connected,Dana Whitfield
ACME-A007433,ACME-L02781,call,2026-09-18 17:57:52,connected,Marcus Lee
ACME-A007434,ACME-L02757,call,2026-09-18 18:21:07,no_answer,Sofia Alvarez
ACME-A007435,ACME-L02774,Email,2026-09-18 18:25:53,replied,Sofia Alvarez
ACME-A007436,ACME-L02776,call,2026-09-18 18:26:30,voicemail,Dana Whitfield
ACME-A007437,ACME-L02767,call,2026-09-18 18:35:18,no_answer,Marcus Lee
ACME-A007438,ACME-L02773,Email,2026-09-18 18:55:07,replied,Jordan Ellis
ACME-A007439,ACME-L02760,email,2026-09-18 19:04:59,sent,Priya Raman
ACME-A007440,ACME-L02643,Email,2026-09-18 19:50:45,sent,Priya Raman
ACME-A007441,ACME-L02772,email,2026-09-18 19:56:16,bounced,Jordan Ellis
ACME-A007442,ACME-L02292,meeting,2026-09-18 19:56:54,held,Dana Whitfield
ACME-A007443,ACME-L02784,call,2026-09-18 19:59:41,no_answer,Priya Raman
ACME-A007444,ACME-L02710,email,2026-09-18 20:01:24,sent,Jordan Ellis
ACME-A007445,ACME-L02783,call,2026-09-18 20:20:27,connected,Acme Round Robin
ACME-A007446,ACME-L02766,email,2026-09-18 20:23:09,sent,Priya Raman
ACME-A007447,ACME-L02748,call,2026-09-18 20:31:13,connected,Marcus Lee
ACME-A007448,ACME-L02782,call,2026-09-18 21:28:51,no_answer,Jordan Ellis
ACME-A007449,ACME-L02690,email,2026-09-18 21:33:23,sent,Marcus Lee
ACME-A007450,ACME-L02780,call,2026-09-18 22:14:55,connected,Marcus Lee
ACME-A007451,ACME-L02709,Email,2026-09-18 22:24:12,replied,Dana Whitfield
ACME-A007452,ACME-L02761,email,2026-09-18 23:04:24,replied,Grace Kim
ACME-A007453,ACME-L02458,email,2026-09-18 23:04:25,replied,Marcus Lee
ACME-A007454,ACME-L02785,email,2026-09-18 23:11:34,replied,Dana Whitfield
ACME-A007455,ACME-L02784,email,2026-09-18 23:25:12,sent,Priya Raman
ACME-A007456,ACME-L02538,Call,2026-09-19 00:43:36,no_answer,Priya Raman
ACME-A007457,ACME-L02735,call,2026-09-19 01:10:33,no_answer,Marcus Lee
ACME-A007458,ACME-L02779,call,2026-09-19 01:44:14,connected,Owen Brooks
ACME-A007459,ACME-L02579,call,2026-09-19 02:02:05,connected,Sofia Alvarez
ACME-A007460,ACME-L02320,call,2026-09-19 02:20:53,no_answer,Jordan Ellis
ACME-A007461,ACME-L02767,call,2026-09-19 03:05:53,voicemail,Marcus Lee
ACME-A007462,ACME-L02352,email,2026-09-19 03:08:46,sent,Dana Whitfield
ACME-A007463,ACME-L02778,call,2026-09-19 03:09:41,no_answer,Priya Raman
ACME-A007464,ACME-L02613,email,2026-09-19 03:39:32,sent,Dana Whitfield
ACME-A007465,ACME-L02778,email,2026-09-19 04:02:25,sent,Priya Raman
ACME-A007466,ACME-L02677,email,2026-09-19 04:16:46,sent,Jordan Ellis
ACME-A007467,ACME-L02671,call,2026-09-19 04:28:20,connected,Marcus Lee
ACME-A007468,ACME-L01892,call,2026-09-19 05:28:03,no_answer,Grace Kim
ACME-A007469,ACME-L02788,email,2026-09-19 05:43:51,sent,Acme Round Robin
ACME-A007470,ACME-L02520,Call,2026-09-19 06:20:00,connected,Priya Raman
ACME-A007471,ACME-L02759,call,2026-09-19 06:28:59,no_answer,Dana Whitfield
ACME-A007472,ACME-L02365,email,2026-09-19 07:18:26,sent,Jordan Ellis
ACME-A007473,ACME-L02485,email,2026-09-19 07:22:38,sent,Dana Whitfield
ACME-A007474,ACME-L02454,call,2026-09-19 07:39:53,no_answer,Grace Kim
ACME-A007475,ACME-L02770,call,2026-09-19 07:50:40,connected,Dana Whitfield
ACME-A007476,ACME-L02704,call,2026-09-19 07:54:16,voicemail,Acme Round Robin
ACME-A007477,ACME-L02656,call,2026-09-19 09:08:05,connected,Owen Brooks
ACME-A007478,ACME-L02771,email,2026-09-19 09:28:18,replied,Dana Whitfield
ACME-A007479,ACME-L02789,call,2026-09-19 10:04:55,no_answer,Jordan Ellis
ACME-A007480,ACME-L02744,call,2026-09-19 10:05:44,no_answer,Marcus Lee
ACME-A007481,ACME-L02787,call,2026-09-19 10:27:25,voicemail,Dana Whitfield
ACME-A007482,ACME-L02594,call,2026-09-19 10:28:13,connected,Marcus Lee
ACME-A007483,ACME-L02790,call,2026-09-19 10:33:10,no_answer,Marcus Lee
ACME-A007484,ACME-L02765,Email,2026-09-19 10:39:59,sent,Jordan Ellis
ACME-A007485,ACME-L01863,call,2026-09-19 11:42:27,connected,Dana Whitfield
ACME-A007486,ACME-L02567,email,2026-09-19 12:35:34,replied,Priya Raman
ACME-A007487,ACME-L02786,email,2026-09-19 14:34:30,replied,Dana Whitfield
ACME-A007488,ACME-L02421,email,2026-09-19 14:42:53,bounced,Dana Whitfield
ACME-A007489,ACME-L02785,email,2026-09-19 16:12:12,replied,Dana Whitfield
ACME-A007490,ACME-L02715,call,2026-09-19 16:39:11,connected,Marcus Lee
ACME-A007491,ACME-L02767,email,2026-09-19 16:45:40,sent,Marcus Lee
ACME-A007492,ACME-L02717,call,2026-09-19 16:49:57,voicemail,Dana Whitfield
ACME-A007493,ACME-L02706,email,2026-09-19 18:37:27,sent,Sofia Alvarez
ACME-A007494,ACME-L02791,call,2026-09-19 18:38:11,connected,Dana Whitfield
ACME-A007495,ACME-L02655,meeting,2026-09-19 19:28:11,held,Sofia Alvarez
ACME-A007496,ACME-L02245,call,2026-09-19 20:41:47,no_answer,Jordan Ellis
ACME-A007497,ACME-L02352,call,2026-09-19 21:08:45,connected,Dana Whitfield
ACME-A007498,ACME-L02649,email,2026-09-19 21:30:29,sent,Sofia Alvarez
ACME-A007499,ACME-L02365,email,2026-09-19 22:10:38,sent,Jordan Ellis
ACME-A007500,ACME-L02764,email,2026-09-19 22:55:03,sent,Sofia Alvarez
ACME-A007501,ACME-L02726,call,2026-09-19 23:58:43,no_answer,Sofia Alvarez
ACME-A007502,ACME-L02743,Call,2026-09-20 00:00:06,voicemail,Priya Raman
ACME-A007503,ACME-L02737,call,2026-09-20 00:08:11,no_answer,Owen Brooks
ACME-A007504,ACME-L02623,call,2026-09-20 00:16:03,no_answer,Sofia Alvarez
ACME-A007505,ACME-L02684,email,2026-09-20 00:37:05,sent,Grace Kim
ACME-A007506,ACME-L02793,email,2026-09-20 01:03:07,replied,Dana Whitfield
ACME-A007507,ACME-L02633,email,2026-09-20 01:04:53,sent,Marcus Lee
ACME-A007508,ACME-L02622,call,2026-09-20 01:16:55,connected,Grace Kim
ACME-A007509,ACME-L02649,email,2026-09-20 01:21:11,replied,Sofia Alvarez
ACME-A007510,ACME-L02624,call,2026-09-20 02:43:05,connected,Marcus Lee
ACME-A007511,ACME-L02644,call,2026-09-20 03:18:11,no_answer,Priya Raman
ACME-A007512,ACME-L02742,call,2026-09-20 03:25:14,no_answer,Acme Round Robin
ACME-A007513,ACME-L02736,email,2026-09-20 05:02:29,replied,Jordan Ellis
ACME-A007514,ACME-L02421,call,2026-09-20 05:41:22,connected,Dana Whitfield
ACME-A007515,ACME-L02700,call,2026-09-20 05:45:43,connected,Marcus Lee
ACME-A007516,ACME-L02598,call,2026-09-20 05:47:39,voicemail,Dana Whitfield
ACME-A007517,ACME-L02590,call,2026-09-20 06:12:08,connected,Jordan Ellis
ACME-A007518,ACME-L02794,email,2026-09-20 07:25:26,sent,Dana Whitfield
ACME-A007519,ACME-L01912,email,2026-09-20 07:41:26,sent,Priya Raman
ACME-A007520,ACME-L02449,call,2026-09-20 09:49:18,no_answer,Dana Whitfield
ACME-A007521,ACME-L02683,call,2026-09-20 10:16:22,connected,Jordan Ellis
ACME-A007522,ACME-L02621,call,2026-09-20 10:25:43,no_answer,Jordan Ellis
ACME-A007523,ACME-L02509,email,2026-09-20 10:32:00,sent,Jordan Ellis
ACME-A007524,ACME-L02722,call,2026-09-20 11:24:24,connected,Dana Whitfield
ACME-A007525,ACME-L02484,email,2026-09-20 11:26:31,sent,Sofia Alvarez
ACME-A007526,ACME-L02781,email,2026-09-20 11:36:52,sent,Marcus Lee
ACME-A007527,ACME-L02654,call,2026-09-20 12:09:06,connected,Grace Kim
ACME-A007528,ACME-L02570,email,2026-09-20 12:37:14,replied,Sofia Alvarez
ACME-A007529,ACME-L02383,email,2026-09-20 13:19:29,replied,Priya Raman
ACME-A007530,ACME-L02674,call,2026-09-20 13:26:24,no_answer,Dana Whitfield
ACME-A007531,ACME-L02790,email,2026-09-20 13:32:05,sent,Marcus Lee
ACME-A007532,ACME-L02472,meeting,2026-09-20 14:01:56,held,Priya Raman
ACME-A007533,ACME-L02623,call,2026-09-20 14:26:13,connected,Sofia Alvarez
ACME-A007534,ACME-L02501,email,2026-09-20 15:02:57,bounced,Dana Whitfield
ACME-A007535,ACME-L02590,email,2026-09-20 15:13:25,replied,Jordan Ellis
ACME-A007536,ACME-L02794,email,2026-09-20 16:08:19,sent,Dana Whitfield
ACME-A007537,ACME-L02581,call,2026-09-20 16:19:15,connected,Dana Whitfield
ACME-A007538,ACME-L02794,call,2026-09-20 16:25:07,connected,Dana Whitfield
ACME-A007539,ACME-L02749,email,2026-09-20 16:48:35,sent,Jordan Ellis
ACME-A007540,ACME-L02674,email,2026-09-20 16:59:19,sent,Dana Whitfield
ACME-A007541,ACME-L02772,call,2026-09-20 18:04:28,connected,Jordan Ellis
ACME-A007542,ACME-L02777,call,2026-09-20 18:21:20,connected,Dana Whitfield
ACME-A007543,ACME-L02715,call,2026-09-20 18:58:36,no_answer,Marcus Lee
ACME-A007544,ACME-L02462,call,2026-09-20 19:28:12,no_answer,Sofia Alvarez
ACME-A007545,ACME-L02712,CALL,2026-09-20 19:32:21,connected,Jordan Ellis
ACME-A007546,ACME-L02796,call,2026-09-20 21:44:27,no_answer,Priya Raman
ACME-A007547,ACME-L02765,email,2026-09-20 21:47:33,sent,Jordan Ellis
ACME-A007548,ACME-L02719,meeting,2026-09-20 22:42:27,held,Marcus Lee
ACME-A007549,ACME-L02510,email,2026-09-20 23:24:08,sent,Grace Kim
ACME-A007550,ACME-L02419,email,2026-09-20 23:30:43,sent,Owen Brooks
ACME-A007551,ACME-L02557,CALL,2026-09-20 23:45:46,connected,Priya Raman
ACME-A007552,ACME-L02570,call,2026-09-20 23:56:02,no_answer,Sofia Alvarez
ACME-A007553,ACME-L02772,Call,2026-09-20 23:57:25,no_answer,Jordan Ellis
ACME-A007554,ACME-L02797,call,2026-09-21 00:18:42,no_answer,Dana Whitfield
ACME-A007555,ACME-L02641,EMAIL,2026-09-21 00:30:32,replied,Priya Raman
ACME-A007556,ACME-L02704,call,2026-09-21 00:32:09,connected,Acme Round Robin
ACME-A007557,ACME-L02754,call,2026-09-21 01:45:37,connected,Grace Kim
ACME-A007558,ACME-L02792,call,2026-09-21 03:33:11,connected,Dana Whitfield
ACME-A007559,ACME-L02682,call,2026-09-21 04:03:18,connected,Dana Whitfield
ACME-A007560,ACME-L02798,call,2026-09-21 04:05:02,voicemail,Priya Raman
ACME-A007561,ACME-L02799,email,2026-09-21 04:50:46,replied,Marcus Lee
ACME-A007562,ACME-L02773,call,2026-09-21 05:01:19,connected,Jordan Ellis
ACME-A007563,ACME-L02800,Call,2026-09-21 05:16:00,no_answer,Priya Raman
ACME-A007564,ACME-L02671,call,2026-09-21 05:18:26,connected,Marcus Lee
ACME-A007565,ACME-L02711,call,2026-09-21 06:12:45,voicemail,Priya Raman
ACME-A007566,ACME-L02508,call,2026-09-21 06:23:45,connected,Priya Raman
ACME-A007567,ACME-L02249,email,2026-09-21 06:30:20,sent,Jordan Ellis
ACME-A007568,ACME-L02740,email,2026-09-21 08:13:01,sent,Grace Kim
ACME-A007569,ACME-L02655,call,2026-09-21 08:24:50,no_answer,Sofia Alvarez
ACME-A007570,ACME-L02603,call,2026-09-21 08:38:43,no_answer,Sofia Alvarez
ACME-A007571,ACME-L02802,call,2026-09-21 09:29:20,no_answer,Priya Raman
ACME-A007572,ACME-L02803,call,2026-09-21 10:01:31,no_answer,Marcus Lee
ACME-A007573,ACME-L02657,call,2026-09-21 10:53:40,no_answer,Priya Raman
ACME-A007574,ACME-L02662,email,2026-09-21 10:59:31,sent,Jordan Ellis
ACME-A007575,ACME-L02438,email,2026-09-21 11:08:00,sent,Jordan Ellis
ACME-A007576,ACME-L02675,call,2026-09-21 11:18:26,connected,Marcus Lee
ACME-A007577,ACME-L02768,email,2026-09-21 11:54:46,sent,Dana Whitfield
ACME-A007578,ACME-L02808,call,2026-09-21 12:06:47,no_answer,Jordan Ellis
ACME-A007579,ACME-L02807,email,2026-09-21 12:14:03,sent,Grace Kim
ACME-A007580,ACME-L02484,call,2026-09-21 12:18:33,no_answer,Sofia Alvarez
ACME-A007581,ACME-L02772,call,2026-09-21 12:30:14,connected,Jordan Ellis
ACME-A007582,ACME-L02812,call,2026-09-21 12:46:46,no_answer,Sofia Alvarez
ACME-A007583,ACME-L02811,call,2026-09-21 13:16:38,no_answer,Jordan Ellis
ACME-A007584,ACME-L02703,call,2026-09-21 13:20:11,no_answer,Priya Raman
ACME-A007585,ACME-L02810,email,2026-09-21 13:33:05,sent,Marcus Lee
ACME-A007586,ACME-L02814,call,2026-09-21 14:05:22,voicemail,Priya Raman
ACME-A007587,ACME-L02805,call,2026-09-21 14:11:07,connected,Dana Whitfield
ACME-A007588,ACME-L02813,call,2026-09-21 14:20:07,connected,Sofia Alvarez
ACME-A007589,ACME-L02810,email,2026-09-21 15:07:53,sent,Marcus Lee
ACME-A007590,ACME-L02812,CALL,2026-09-21 15:19:30,no_answer,Sofia Alvarez
ACME-A007591,ACME-L02820,call,2026-09-21 15:35:43,connected,Dana Whitfield
ACME-A007592,ACME-L02818,call,2026-09-21 15:45:22,no_answer,Jordan Ellis
ACME-A007593,ACME-L02821,call,2026-09-21 16:09:57,voicemail,Marcus Lee
ACME-A007594,ACME-L02822,call,2026-09-21 16:35:00,no_answer,Dana Whitfield
ACME-A007595,ACME-L02465,call,2026-09-21 17:02:41,connected,Dana Whitfield
ACME-A007596,ACME-L02815,call,2026-09-21 17:13:13,connected,Acme Round Robin
ACME-A007597,ACME-L02825,email,2026-09-21 17:19:07,sent,Jordan Ellis
ACME-A007598,ACME-L02698,call,2026-09-21 17:28:05,no_answer,Acme Round Robin
ACME-A007599,ACME-L02513,call,2026-09-21 17:30:13,no_answer,Owen Brooks
ACME-A007600,ACME-L02819,email,2026-09-21 17:31:53,replied,Marcus Lee
ACME-A007601,ACME-L02801,email,2026-09-21 17:51:36,bounced,Marcus Lee
ACME-A007602,ACME-L02811,email,2026-09-21 17:51:51,sent,Jordan Ellis
ACME-A007603,ACME-L02579,call,2026-09-21 17:58:24,no_answer,Sofia Alvarez
ACME-A007604,ACME-L02794,call,2026-09-21 18:09:34,no_answer,Dana Whitfield
ACME-A007605,ACME-L02593,call,2026-09-21 18:11:32,voicemail,Dana Whitfield
ACME-A007606,ACME-L02816,email,2026-09-21 18:12:02,sent,Jordan Ellis
ACME-A007607,ACME-L02654,email,2026-09-21 18:13:08,sent,Grace Kim
ACME-A007608,ACME-L02823,EMAIL,2026-09-21 19:03:49,sent,Owen Brooks
ACME-A007609,ACME-L02037,call,2026-09-21 19:52:29,voicemail,Grace Kim
ACME-A007610,ACME-L02550,Email,2026-09-21 19:54:37,sent,Jordan Ellis
ACME-A007611,ACME-L02812,call,2026-09-21 20:36:51,connected,Sofia Alvarez
ACME-A007612,ACME-L02774,call,2026-09-21 21:14:38,no_answer,Sofia Alvarez
ACME-A007613,ACME-L02561,call,2026-09-21 21:24:49,no_answer,Sofia Alvarez
ACME-A007614,ACME-L02809,call,2026-09-21 21:40:42,no_answer,Sofia Alvarez
ACME-A007615,ACME-L02819,email,2026-09-21 22:09:29,sent,Marcus Lee
ACME-A007616,ACME-L02717,call,2026-09-21 22:11:18,no_answer,Dana Whitfield
ACME-A007617,ACME-L02620,call,2026-09-21 22:25:41,connected,Owen Brooks
ACME-A007618,ACME-L02461,email,2026-09-21 22:37:41,sent,Marcus Lee
ACME-A007619,ACME-L02826,email,2026-09-21 23:13:01,replied,Dana Whitfield
ACME-A007620,ACME-L02498,email,2026-09-21 23:32:56,replied,Dana Whitfield
ACME-A007621,ACME-L02674,email,2026-09-21 23:34:53,sent,Dana Whitfield
ACME-A007622,ACME-L02709,call,2026-09-21 23:40:33,voicemail,Dana Whitfield
ACME-A007623,ACME-L01892,call,2026-09-22 00:18:29,no_answer,Grace Kim
ACME-A007624,ACME-L02817,email,2026-09-22 00:26:50,sent,Dana Whitfield
ACME-A007625,ACME-L02792,email,2026-09-22 00:47:10,sent,Dana Whitfield
ACME-A007626,ACME-L02827,call,2026-09-22 01:41:07,no_answer,Sofia Alvarez
ACME-A007627,ACME-L02630,call,2026-09-22 01:43:57,voicemail,Jordan Ellis
ACME-A007628,ACME-L02795,email,2026-09-22 02:23:02,sent,Jordan Ellis
ACME-A007629,ACME-L02419,call,2026-09-22 02:30:54,voicemail,Owen Brooks
ACME-A007630,ACME-L02759,call,2026-09-22 03:15:31,no_answer,Dana Whitfield
ACME-A007631,ACME-L02624,call,2026-09-22 03:24:43,no_answer,Marcus Lee
ACME-A007632,ACME-L02596,call,2026-09-22 03:26:13,no_answer,Marcus Lee
ACME-A007633,ACME-L02419,email,2026-09-22 03:34:15,sent,Owen Brooks
ACME-A007634,ACME-L02709,email,2026-09-22 03:40:36,sent,Dana Whitfield
ACME-A007635,ACME-L02476,call,2026-09-22 03:51:48,connected,Sofia Alvarez
ACME-A007636,ACME-L02817,call,2026-09-22 03:56:48,voicemail,Dana Whitfield
ACME-A007637,ACME-L02759,meeting,2026-09-22 04:00:53,rescheduled,Dana Whitfield
ACME-A007638,ACME-L02830,call,2026-09-22 04:04:17,voicemail,Dana Whitfield
ACME-A007639,ACME-L02793,call,2026-09-22 04:10:08,connected,Dana Whitfield
ACME-A007640,ACME-L02829,email,2026-09-22 04:31:58,sent,Acme Round Robin
ACME-A007641,ACME-L02828,call,2026-09-22 04:39:07,no_answer,Sofia Alvarez
ACME-A007642,ACME-L02797,call,2026-09-22 04:43:46,voicemail,Dana Whitfield
ACME-A007643,ACME-L02485,email,2026-09-22 06:43:30,replied,Dana Whitfield
ACME-A007644,ACME-L02768,call,2026-09-22 07:06:02,no_answer,Dana Whitfield
ACME-A007645,ACME-L02450,email,2026-09-22 07:48:59,replied,Sofia Alvarez
ACME-A007646,ACME-L02687,email,2026-09-22 07:57:53,sent,Jordan Ellis
ACME-A007647,ACME-L02752,call,2026-09-22 07:58:29,connected,Marcus Lee
ACME-A007648,ACME-L02587,email,2026-09-22 07:59:10,sent,Grace Kim
ACME-A007649,ACME-L02684,call,2026-09-22 08:35:09,voicemail,Grace Kim
ACME-A007650,ACME-L02827,meeting,2026-09-22 08:50:47,held,Sofia Alvarez
ACME-A007651,ACME-L02660,call,2026-09-22 09:04:09,no_answer,Dana Whitfield
ACME-A007652,ACME-L02328,call,2026-09-22 09:17:57,no_answer,Marcus Lee
ACME-A007653,ACME-L02610,email,2026-09-22 09:21:24,replied,Sofia Alvarez
ACME-A007654,ACME-L02557,meeting,2026-09-22 10:13:22,held,Priya Raman
ACME-A007655,ACME-L02149,email,2026-09-22 10:20:50,sent,Marcus Lee
ACME-A007656,ACME-L02834,call,2026-09-22 10:44:58,connected,Sofia Alvarez
ACME-A007657,ACME-L02816,email,2026-09-22 10:46:31,replied,Jordan Ellis
ACME-A007658,ACME-L02466,email,2026-09-22 10:49:19,bounced,Sofia Alvarez
ACME-A007659,ACME-L02832,call,2026-09-22 11:39:47,voicemail,Jordan Ellis
ACME-A007660,ACME-L02064,call,2026-09-22 12:09:52,no_answer,Sofia Alvarez
ACME-A007661,ACME-L02642,call,2026-09-22 12:16:36,voicemail,Grace Kim
ACME-A007662,ACME-L02833,email,2026-09-22 12:28:49,sent,Marcus Lee
ACME-A007663,ACME-L02808,email,2026-09-22 12:40:50,sent,Jordan Ellis
ACME-A007664,ACME-L02659,call,2026-09-22 13:08:22,connected,Marcus Lee
ACME-A007665,ACME-L02503,EMAIL,2026-09-22 13:20:09,sent,Marcus Lee
ACME-A007666,ACME-L02716,email,2026-09-22 14:13:31,sent,Jordan Ellis
ACME-A007667,ACME-L02458,email,2026-09-22 14:13:56,bounced,Marcus Lee
ACME-A007668,ACME-L02570,email,2026-09-22 14:15:09,sent,Sofia Alvarez
ACME-A007669,ACME-L02772,call,2026-09-22 14:27:43,voicemail,Jordan Ellis
ACME-A007670,ACME-L02586,email,2026-09-22 14:46:39,sent,Dana Whitfield
ACME-A007671,ACME-L02770,call,2026-09-22 14:55:28,voicemail,Dana Whitfield
ACME-A007672,ACME-L02037,meeting,2026-09-22 14:58:22,held,Grace Kim
ACME-A007673,ACME-L02759,call,2026-09-22 15:08:17,connected,Dana Whitfield
ACME-A007674,ACME-L02606,email,2026-09-22 15:19:08,sent,Sofia Alvarez
ACME-A007675,ACME-L02708,call,2026-09-22 15:37:10,connected,Dana Whitfield
ACME-A007676,ACME-L02756,call,2026-09-22 15:47:30,voicemail,Grace Kim
ACME-A007677,ACME-L02838,EMAIL,2026-09-22 16:04:55,sent,Priya Raman
ACME-A007678,ACME-L02656,call,2026-09-22 16:47:27,no_answer,Owen Brooks
ACME-A007679,ACME-L02837,call,2026-09-22 16:55:53,no_answer,Jordan Ellis
ACME-A007680,ACME-L02328,email,2026-09-22 17:11:23,sent,Marcus Lee
ACME-A007681,ACME-L02839,call,2026-09-22 17:15:21,no_answer,Priya Raman
ACME-A007682,ACME-L02841,call,2026-09-22 18:08:58,no_answer,Owen Brooks
ACME-A007683,ACME-L02833,call,2026-09-22 18:18:27,no_answer,Marcus Lee
ACME-A007684,ACME-L02840,call,2026-09-22 18:52:26,no_answer,Jordan Ellis
ACME-A007685,ACME-L02801,call,2026-09-22 19:04:26,no_answer,Marcus Lee
ACME-A007686,ACME-L02496,call,2026-09-22 19:20:31,connected,Jordan Ellis
ACME-A007687,ACME-L02842,email,2026-09-22 20:17:10,sent,Dana Whitfield
ACME-A007688,ACME-L02831,call,2026-09-22 20:37:15,connected,Sofia Alvarez
ACME-A007689,ACME-L02828,email,2026-09-22 20:37:47,sent,Sofia Alvarez
ACME-A007690,ACME-L02534,email,2026-09-22 21:56:14,replied,Marcus Lee
ACME-A007691,ACME-L02591,call,2026-09-22 22:16:14,voicemail,Sofia Alvarez
ACME-A007692,ACME-L02790,meeting,2026-09-22 22:23:44,held,Marcus Lee
ACME-A007693,ACME-L02799,email,2026-09-22 22:54:14,sent,Marcus Lee
ACME-A007694,ACME-L02836,call,2026-09-22 23:27:02,no_answer,Dana Whitfield
ACME-A007695,ACME-L02383,email,2026-09-22 23:32:09,sent,Priya Raman
ACME-A007696,ACME-L02597,call,2026-09-22 23:51:32,voicemail,Jordan Ellis
ACME-A007697,ACME-L02513,email,2026-09-23 00:03:47,sent,Owen Brooks
ACME-A007698,ACME-L02760,email,2026-09-23 00:04:39,sent,Priya Raman
ACME-A007699,ACME-L02630,email,2026-09-23 00:14:45,sent,Jordan Ellis
ACME-A007700,ACME-L02711,email,2026-09-23 00:42:17,replied,Priya Raman
ACME-A007701,ACME-L02835,email,2026-09-23 00:51:28,sent,Dana Whitfield
ACME-A007702,ACME-L02821,email,2026-09-23 01:09:42,sent,Marcus Lee
ACME-A007703,ACME-L02715,Call,2026-09-23 01:22:37,connected,Marcus Lee
ACME-A007704,ACME-L02804,email,2026-09-23 01:46:55,sent,Jordan Ellis
ACME-A007705,ACME-L02654,call,2026-09-23 02:04:40,no_answer,Grace Kim
ACME-A007706,ACME-L02679,email,2026-09-23 02:40:40,sent,Sofia Alvarez
ACME-A007707,ACME-L02824,call,2026-09-23 02:49:21,connected,Jordan Ellis
ACME-A007708,ACME-L02753,call,2026-09-23 02:57:05,voicemail,Owen Brooks
ACME-A007709,ACME-L02823,email,2026-09-23 02:58:40,replied,Owen Brooks
ACME-A007710,ACME-L02664,Email,2026-09-23 03:19:16,sent,Sofia Alvarez
ACME-A007711,ACME-L01894,email,2026-09-23 03:30:23,replied,Priya Raman
ACME-A007712,ACME-L02740,Call,2026-09-23 03:43:25,no_answer,Grace Kim
ACME-A007713,ACME-L02843,email,2026-09-23 04:27:20,bounced,Owen Brooks
ACME-A007714,ACME-L02806,call,2026-09-23 04:55:49,no_answer,Sofia Alvarez
ACME-A007715,ACME-L02708,email,2026-09-23 06:43:47,sent,Dana Whitfield
ACME-A007716,ACME-L02155,call,2026-09-23 07:45:49,voicemail,Marcus Lee
ACME-A007717,ACME-L02749,email,2026-09-23 09:52:17,sent,Jordan Ellis
ACME-A007718,ACME-L02845,email,2026-09-23 10:16:04,sent,Sofia Alvarez
ACME-A007719,ACME-L02827,call,2026-09-23 10:26:27,connected,Sofia Alvarez
ACME-A007720,ACME-L02821,email,2026-09-23 10:29:19,sent,Marcus Lee
ACME-A007721,ACME-L02793,call,2026-09-23 10:59:47,voicemail,Dana Whitfield
ACME-A007722,ACME-L02723,call,2026-09-23 12:27:20,no_answer,Dana Whitfield
ACME-A007723,ACME-L02847,email,2026-09-23 12:27:57,replied,Priya Raman
ACME-A007724,ACME-L02853,call,2026-09-23 13:37:09,no_answer,Jordan Ellis
ACME-A007725,ACME-L02844,call,2026-09-23 13:53:44,connected,Dana Whitfield
ACME-A007726,ACME-L02849,call,2026-09-23 13:54:33,no_answer,Sofia Alvarez
ACME-A007727,ACME-L02666,email,2026-09-23 14:22:44,sent,Marcus Lee
ACME-A007728,ACME-L02851,call,2026-09-23 14:31:56,connected,Sofia Alvarez
ACME-A007729,ACME-L02850,email,2026-09-23 14:34:10,bounced,Grace Kim
ACME-A007730,ACME-L02815,call,2026-09-23 15:01:21,voicemail,Acme Round Robin
ACME-A007731,ACME-L02854,call,2026-09-23 15:11:33,voicemail,Priya Raman
ACME-A007732,ACME-L02855,email,2026-09-23 15:31:23,sent,Grace Kim
ACME-A007733,ACME-L02850,email,2026-09-23 15:41:39,sent,Grace Kim
ACME-A007734,ACME-L02721,call,2026-09-23 15:59:26,connected,Dana Whitfield
ACME-A007735,ACME-L02852,email,2026-09-23 16:06:31,sent,Marcus Lee
ACME-A007736,ACME-L01894,call,2026-09-23 18:07:34,no_answer,Priya Raman
ACME-A007737,ACME-L02820,meeting,2026-09-23 18:19:23,held,Dana Whitfield
ACME-A007738,ACME-L02753,email,2026-09-23 18:19:58,sent,Owen Brooks
ACME-A007739,ACME-L02857,email,2026-09-23 18:26:59,sent,Acme Round Robin
ACME-A007740,ACME-L02846,email,2026-09-23 18:33:20,replied,Priya Raman
ACME-A007741,ACME-L02848,call,2026-09-23 18:55:13,no_answer,Acme Round Robin
ACME-A007742,ACME-L02857,call,2026-09-23 19:47:36,connected,Acme Round Robin
ACME-A007743,ACME-L02794,call,2026-09-23 19:54:23,no_answer,Dana Whitfield
ACME-A007744,ACME-L02713,Call,2026-09-23 20:09:10,voicemail,Marcus Lee
ACME-A007745,ACME-L02849,meeting,2026-09-23 20:23:23,held,Sofia Alvarez
ACME-A007746,ACME-L02594,email,2026-09-23 20:39:05,sent,Marcus Lee
ACME-A007747,ACME-L02708,call,2026-09-23 20:54:32,connected,Dana Whitfield
ACME-A007748,ACME-L02625,email,2026-09-23 21:44:02,replied,Jordan Ellis
ACME-A007749,ACME-L02463,call,2026-09-23 22:22:03,voicemail,Dana Whitfield
ACME-A007750,ACME-L02858,email,2026-09-23 22:36:21,replied,Jordan Ellis
ACME-A007751,ACME-L02553,email,2026-09-24 00:09:48,bounced,Dana Whitfield
ACME-A007752,ACME-L02826,email,2026-09-24 01:06:14,sent,Dana Whitfield
ACME-A007753,ACME-L02793,email,2026-09-24 01:06:17,sent,Dana Whitfield
ACME-A007754,ACME-L02859,call,2026-09-24 01:27:15,connected,Dana Whitfield
ACME-A007755,ACME-L02671,email,2026-09-24 01:59:32,sent,Marcus Lee
ACME-A007756,ACME-L02850,call,2026-09-24 03:07:33,connected,Grace Kim
ACME-A007757,ACME-L02834,meeting,2026-09-24 03:42:39,held,Sofia Alvarez
ACME-A007758,ACME-L02480,call,2026-09-24 04:00:19,voicemail,Jordan Ellis
ACME-A007759,ACME-L02774,call,2026-09-24 04:00:40,no_answer,Sofia Alvarez
ACME-A007760,ACME-L02579,meeting,2026-09-24 04:08:01,held,Sofia Alvarez
ACME-A007761,ACME-L02665,call,2026-09-24 04:32:48,connected,Priya Raman
ACME-A007762,ACME-L02813,email,2026-09-24 04:46:07,replied,Sofia Alvarez
ACME-A007763,ACME-L02851,call,2026-09-24 05:18:10,no_answer,Sofia Alvarez
ACME-A007764,ACME-L02463,email,2026-09-24 05:20:30,sent,Dana Whitfield
ACME-A007765,ACME-L02866,call,2026-09-24 05:50:25,no_answer,Priya Raman
ACME-A007766,ACME-L02804,call,2026-09-24 05:52:57,connected,Jordan Ellis
ACME-A007767,ACME-L02851,MEETING,2026-09-24 05:53:14,held,Sofia Alvarez
ACME-A007768,ACME-L02730,email,2026-09-24 06:06:04,sent,Grace Kim
ACME-A007769,ACME-L02867,call,2026-09-24 06:15:43,no_answer,Priya Raman
ACME-A007770,ACME-L02864,call,2026-09-24 06:23:25,no_answer,Grace Kim
ACME-A007771,ACME-L02869,email,2026-09-24 06:46:04,sent,Dana Whitfield
ACME-A007772,ACME-L02862,call,2026-09-24 06:52:17,connected,Priya Raman
ACME-A007773,ACME-L02863,email,2026-09-24 06:56:15,sent,Priya Raman
ACME-A007774,ACME-L02856,email,2026-09-24 07:10:33,sent,Dana Whitfield
ACME-A007775,ACME-L02734,email,2026-09-24 07:24:00,sent,Jordan Ellis
ACME-A007776,ACME-L02759,call,2026-09-24 08:09:21,voicemail,Dana Whitfield
ACME-A007777,ACME-L02553,call,2026-09-24 08:32:44,connected,Dana Whitfield
ACME-A007778,ACME-L02827,meeting,2026-09-24 08:54:40,held,Sofia Alvarez
ACME-A007779,ACME-L02865,call,2026-09-24 09:29:21,voicemail,Sofia Alvarez
ACME-A007780,ACME-L02791,email,2026-09-24 09:44:47,sent,Dana Whitfield
ACME-A007781,ACME-L02315,email,2026-09-24 09:57:48,sent,Jordan Ellis
ACME-A007782,ACME-L02599,call,2026-09-24 10:22:11,connected,Priya Raman
ACME-A007783,ACME-L02558,call,2026-09-24 10:25:09,no_answer,Dana Whitfield
ACME-A007784,ACME-L02871,call,2026-09-24 11:03:04,no_answer,Jordan Ellis
ACME-A007785,ACME-L02868,call,2026-09-24 11:24:12,connected,Marcus Lee
ACME-A007786,ACME-L02610,call,2026-09-24 11:49:15,voicemail,Sofia Alvarez
ACME-A007787,ACME-L02870,call,2026-09-24 12:07:21,connected,Priya Raman
ACME-A007788,ACME-L02861,email,2026-09-24 12:12:20,sent,Grace Kim
ACME-A007789,ACME-L02602,CALL,2026-09-24 12:13:56,no_answer,Marcus Lee
ACME-A007790,ACME-L02875,email,2026-09-24 12:45:07,sent,Sofia Alvarez
ACME-A007791,ACME-L02874,call,2026-09-24 12:46:01,no_answer,Marcus Lee
ACME-A007792,ACME-L02877,call,2026-09-24 12:51:11,voicemail,Jordan Ellis
ACME-A007793,ACME-L02872,email,2026-09-24 13:00:43,sent,Priya Raman
ACME-A007794,ACME-L02876,call,2026-09-24 13:27:18,no_answer,Jordan Ellis
ACME-A007795,ACME-L02793,email,2026-09-24 13:41:08,sent,Dana Whitfield
ACME-A007796,ACME-L02721,Email,2026-09-24 14:00:27,sent,Dana Whitfield
ACME-A007797,ACME-L02760,EMAIL,2026-09-24 14:23:05,replied,Priya Raman
ACME-A007798,ACME-L02648,call,2026-09-24 14:29:24,connected,Sofia Alvarez
ACME-A007799,ACME-L02780,call,2026-09-24 14:32:53,no_answer,Marcus Lee
ACME-A007800,ACME-L02719,email,2026-09-24 14:49:20,sent,Marcus Lee
ACME-A007801,ACME-L02827,call,2026-09-24 14:49:50,voicemail,Sofia Alvarez
ACME-A007802,ACME-L02742,email,2026-09-24 14:57:40,sent,Acme Round Robin
ACME-A007803,ACME-L02791,email,2026-09-24 15:23:38,sent,Dana Whitfield
ACME-A007804,ACME-L02873,email,2026-09-24 16:15:26,sent,Dana Whitfield
ACME-A007805,ACME-L02808,call,2026-09-24 16:29:16,voicemail,Jordan Ellis
ACME-A007806,ACME-L02880,call,2026-09-24 16:48:51,connected,Owen Brooks
ACME-A007807,ACME-L02881,call,2026-09-24 16:57:55,voicemail,Dana Whitfield
ACME-A007808,ACME-L02884,email,2026-09-24 17:31:57,sent,Marcus Lee
ACME-A007809,ACME-L02735,email,2026-09-24 17:56:50,sent,Marcus Lee
ACME-A007810,ACME-L02816,email,2026-09-24 18:01:06,bounced,Jordan Ellis
ACME-A007811,ACME-L02877,email,2026-09-24 18:22:30,sent,Jordan Ellis
ACME-A007812,ACME-L02879,call,2026-09-24 18:47:09,connected,Dana Whitfield
ACME-A007813,ACME-L02888,call,2026-09-24 19:13:18,voicemail,Dana Whitfield
ACME-A007814,ACME-L02801,call,2026-09-24 19:20:21,no_answer,Marcus Lee
ACME-A007815,ACME-L02890,email,2026-09-24 19:29:44,sent,Marcus Lee
ACME-A007816,ACME-L02876,call,2026-09-24 19:34:18,no_answer,Jordan Ellis
ACME-A007817,ACME-L02883,call,2026-09-24 19:42:35,connected,Dana Whitfield
ACME-A007818,ACME-L02685,call,2026-09-24 19:43:56,no_answer,Dana Whitfield
ACME-A007819,ACME-L02878,call,2026-09-24 19:47:12,no_answer,Marcus Lee
ACME-A007820,ACME-L02664,meeting,2026-09-24 19:50:07,held,Sofia Alvarez
ACME-A007821,ACME-L02887,call,2026-09-24 20:05:16,no_answer,Marcus Lee
ACME-A007822,ACME-L02858,call,2026-09-24 20:15:08,voicemail,Jordan Ellis
ACME-A007823,ACME-L02865,call,2026-09-24 20:32:16,connected,Sofia Alvarez
ACME-A007824,ACME-L02781,call,2026-09-24 20:37:25,voicemail,Marcus Lee
ACME-A007825,ACME-L02889,email,2026-09-24 20:46:11,replied,Marcus Lee
ACME-A007826,ACME-L02472,call,2026-09-24 20:51:46,no_answer,Priya Raman
ACME-A007827,ACME-L02028,EMAIL,2026-09-24 20:56:30,sent,Sofia Alvarez
ACME-A007828,ACME-L02793,call,2026-09-24 20:57:49,no_answer,Dana Whitfield
ACME-A007829,ACME-L02892,call,2026-09-24 21:40:18,voicemail,Dana Whitfield
ACME-A007830,ACME-L02885,email,2026-09-24 22:06:58,sent,Dana Whitfield
ACME-A007831,ACME-L02359,call,2026-09-24 22:23:43,connected,Dana Whitfield
ACME-A007832,ACME-L02790,meeting,2026-09-24 22:38:40,held,Marcus Lee
ACME-A007833,ACME-L02882,call,2026-09-24 23:26:01,voicemail,Jordan Ellis
ACME-A007834,ACME-L02886,call,2026-09-24 23:26:33,no_answer,Sofia Alvarez
ACME-A007835,ACME-L02553,email,2026-09-24 23:45:38,sent,Dana Whitfield
ACME-A007836,ACME-L02211,email,2026-09-25 00:03:21,sent,Jordan Ellis
ACME-A007837,ACME-L02847,email,2026-09-25 00:40:20,sent,Priya Raman
ACME-A007838,ACME-L02735,email,2026-09-25 01:07:17,bounced,Marcus Lee
ACME-A007839,ACME-L02851,call,2026-09-25 01:36:08,no_answer,Sofia Alvarez
ACME-A007840,ACME-L02782,call,2026-09-25 02:21:19,connected,Jordan Ellis
ACME-A007841,ACME-L02599,EMAIL,2026-09-25 03:06:07,sent,Priya Raman
ACME-A007842,ACME-L02893,call,2026-09-25 03:30:10,voicemail,Priya Raman
ACME-A007843,ACME-L02694,call,2026-09-25 04:04:56,connected,Marcus Lee
ACME-A007844,ACME-L02858,call,2026-09-25 04:07:42,no_answer,Jordan Ellis
ACME-A007845,ACME-L02845,call,2026-09-25 04:09:08,voicemail,Sofia Alvarez
ACME-A007846,ACME-L02752,meeting,2026-09-25 04:18:21,rescheduled,Marcus Lee
ACME-A007847,ACME-L02844,email,2026-09-25 04:31:08,sent,Dana Whitfield
ACME-A007848,ACME-L02149,call,2026-09-25 04:38:04,connected,Marcus Lee
ACME-A007849,ACME-L02867,call,2026-09-25 04:48:30,connected,Priya Raman
ACME-A007850,ACME-L02824,email,2026-09-25 05:34:50,sent,Jordan Ellis
ACME-A007851,ACME-L02328,meeting,2026-09-25 05:45:55,held,Marcus Lee
ACME-A007852,ACME-L02834,email,2026-09-25 06:09:08,sent,Sofia Alvarez
ACME-A007853,ACME-L02801,email,2026-09-25 06:52:34,replied,Marcus Lee
ACME-A007854,ACME-L02784,email,2026-09-25 07:55:00,sent,Priya Raman
ACME-A007855,ACME-L02860,call,2026-09-25 08:06:58,no_answer,Marcus Lee
ACME-A007856,ACME-L02550,call,2026-09-25 08:42:04,voicemail,Jordan Ellis
ACME-A007857,ACME-L02895,call,2026-09-25 09:12:44,voicemail,Marcus Lee
ACME-A007858,ACME-L02659,email,2026-09-25 09:23:12,sent,Marcus Lee
ACME-A007859,ACME-L02762,email,2026-09-25 09:28:10,sent,Priya Raman
ACME-A007860,ACME-L02760,call,2026-09-25 09:45:46,no_answer,Priya Raman
ACME-A007861,ACME-L02896,call,2026-09-25 10:33:05,connected,Marcus Lee
ACME-A007862,ACME-L02801,email,2026-09-25 10:37:07,sent,Marcus Lee
ACME-A007863,ACME-L02328,email,2026-09-25 10:55:49,replied,Marcus Lee
ACME-A007864,ACME-L02843,email,2026-09-25 10:58:55,replied,Owen Brooks
ACME-A007865,ACME-L02587,email,2026-09-25 11:00:14,replied,Grace Kim
ACME-A007866,ACME-L02795,call,2026-09-25 11:18:07,connected,Jordan Ellis
ACME-A007867,ACME-L02868,email,2026-09-25 11:40:34,replied,Marcus Lee
ACME-A007868,ACME-L02741,meeting,2026-09-25 12:31:01,rescheduled,Marcus Lee
ACME-A007869,ACME-L02793,call,2026-09-25 12:34:15,connected,Dana Whitfield
ACME-A007870,ACME-L02799,Call,2026-09-25 12:43:47,no_answer,Marcus Lee
ACME-A007871,ACME-L02900,call,2026-09-25 12:53:31,connected,Jordan Ellis
ACME-A007872,ACME-L02891,call,2026-09-25 12:57:03,connected,Jordan Ellis
ACME-A007873,ACME-L02847,call,2026-09-25 13:43:57,connected,Priya Raman
ACME-A007874,ACME-L02876,call,2026-09-25 13:50:54,no_answer,Jordan Ellis
ACME-A007875,ACME-L02860,email,2026-09-25 14:03:06,sent,Marcus Lee
ACME-A007876,ACME-L02898,email,2026-09-25 14:06:25,sent,Sofia Alvarez
ACME-A007877,ACME-L02827,email,2026-09-25 14:13:26,sent,Sofia Alvarez
ACME-A007878,ACME-L02893,email,2026-09-25 14:57:08,sent,Priya Raman
ACME-A007879,ACME-L02642,call,2026-09-25 15:10:28,voicemail,Grace Kim
ACME-A007880,ACME-L02599,email,2026-09-25 15:15:01,sent,Priya Raman
ACME-A007881,ACME-L02899,call,2026-09-25 15:15:39,voicemail,Dana Whitfield
ACME-A007882,ACME-L02064,call,2026-09-25 15:25:21,no_answer,Sofia Alvarez
ACME-A007883,ACME-L02794,CALL,2026-09-25 15:26:58,connected,Dana Whitfield
ACME-A007884,ACME-L02899,call,2026-09-25 15:58:16,voicemail,Dana Whitfield
ACME-A007885,ACME-L02901,call,2026-09-25 16:08:09,connected,Jordan Ellis
ACME-A007886,ACME-L02632,email,2026-09-25 16:09:38,sent,Marcus Lee
ACME-A007887,ACME-L02897,Call,2026-09-25 16:23:54,no_answer,Dana Whitfield
ACME-A007888,ACME-L02550,call,2026-09-25 16:40:29,no_answer,Jordan Ellis
ACME-A007889,ACME-L02805,call,2026-09-25 16:44:47,connected,Dana Whitfield
ACME-A007890,ACME-L02704,email,2026-09-25 16:46:03,replied,Acme Round Robin
ACME-A007891,ACME-L02902,call,2026-09-25 17:14:06,voicemail,Marcus Lee
ACME-A007892,ACME-L02775,email,2026-09-25 17:33:12,sent,Jordan Ellis
ACME-A007893,ACME-L02902,call,2026-09-25 17:40:49,no_answer,Marcus Lee
ACME-A007894,ACME-L02791,email,2026-09-25 17:48:01,sent,Dana Whitfield
ACME-A007895,ACME-L02821,EMAIL,2026-09-25 18:37:21,sent,Marcus Lee
ACME-A007896,ACME-L02894,CALL,2026-09-25 18:49:34,no_answer,Dana Whitfield
ACME-A007897,ACME-L02817,call,2026-09-25 18:52:26,voicemail,Dana Whitfield
ACME-A007898,ACME-L02903,call,2026-09-25 19:12:26,voicemail,Marcus Lee
ACME-A007899,ACME-L02566,call,2026-09-25 20:27:34,no_answer,Owen Brooks
ACME-A007900,ACME-L02860,email,2026-09-25 21:32:08,sent,Marcus Lee
ACME-A007901,ACME-L02625,email,2026-09-25 21:47:59,replied,Jordan Ellis
ACME-A007902,ACME-L02784,email,2026-09-25 22:23:01,sent,Priya Raman
ACME-A007903,ACME-L02783,call,2026-09-25 22:44:16,no_answer,Acme Round Robin
ACME-A007904,ACME-L02812,email,2026-09-25 22:54:25,replied,Sofia Alvarez
ACME-A007905,ACME-L02688,call,2026-09-25 23:39:30,no_answer,Priya Raman
ACME-A007906,ACME-L02603,email,2026-09-26 00:51:23,sent,Sofia Alvarez
ACME-A007907,ACME-L02463,meeting,2026-09-26 01:34:10,held,Dana Whitfield
ACME-A007908,ACME-L02851,Email,2026-09-26 01:41:46,replied,Sofia Alvarez
ACME-A007909,ACME-L02815,call,2026-09-26 01:43:49,voicemail,Acme Round Robin
ACME-A007910,ACME-L02884,email,2026-09-26 02:46:11,sent,Marcus Lee
ACME-A007911,ACME-L02905,call,2026-09-26 03:38:24,no_answer,Jordan Ellis
ACME-A007912,ACME-L02811,call,2026-09-26 03:38:32,connected,Jordan Ellis
ACME-A007913,ACME-L02794,call,2026-09-26 03:41:39,no_answer,Dana Whitfield
ACME-A007914,ACME-L02637,call,2026-09-26 04:08:47,connected,Owen Brooks
ACME-A007915,ACME-L02659,email,2026-09-26 04:09:52,replied,Marcus Lee
ACME-A007916,ACME-L02881,call,2026-09-26 04:10:26,voicemail,Dana Whitfield
ACME-A007917,ACME-L02860,email,2026-09-26 04:13:37,sent,Marcus Lee
ACME-A007918,ACME-L02794,call,2026-09-26 04:15:59,connected,Dana Whitfield
ACME-A007919,ACME-L02853,call,2026-09-26 04:32:25,connected,Jordan Ellis
ACME-A007920,ACME-L02828,CALL,2026-09-26 04:41:02,connected,Sofia Alvarez
ACME-A007921,ACME-L02904,call,2026-09-26 04:53:06,connected,Grace Kim
ACME-A007922,ACME-L02719,email,2026-09-26 04:57:20,sent,Marcus Lee
ACME-A007923,ACME-L02906,email,2026-09-26 05:14:05,replied,Owen Brooks
ACME-A007924,ACME-L02829,call,2026-09-26 05:36:09,no_answer,Acme Round Robin
ACME-A007925,ACME-L02885,email,2026-09-26 05:48:01,sent,Dana Whitfield
ACME-A007926,ACME-L02817,call,2026-09-26 06:00:00,connected,Dana Whitfield
ACME-A007927,ACME-L02786,email,2026-09-26 06:19:49,sent,Dana Whitfield
ACME-A007928,ACME-L02907,email,2026-09-26 07:13:47,sent,Owen Brooks
ACME-A007929,ACME-L02648,call,2026-09-26 07:37:14,no_answer,Sofia Alvarez
ACME-A007930,ACME-L02803,email,2026-09-26 08:00:22,sent,Marcus Lee
ACME-A007931,ACME-L02696,email,2026-09-26 08:07:48,replied,Sofia Alvarez
ACME-A007932,ACME-L02699,call,2026-09-26 09:28:34,no_answer,Dana Whitfield
ACME-A007933,ACME-L02897,call,2026-09-26 09:30:06,voicemail,Dana Whitfield
ACME-A007934,ACME-L02630,email,2026-09-26 09:40:34,replied,Jordan Ellis
ACME-A007935,ACME-L02584,call,2026-09-26 09:44:54,connected,Acme Round Robin
ACME-A007936,ACME-L02556,call,2026-09-26 09:58:46,connected,Owen Brooks
ACME-A007937,ACME-L02687,call,2026-09-26 10:05:32,connected,Jordan Ellis
ACME-A007938,ACME-L02735,Email,2026-09-26 10:06:16,sent,Marcus Lee
ACME-A007939,ACME-L02888,call,2026-09-26 10:09:44,no_answer,Dana Whitfield
ACME-A007940,ACME-L02383,meeting,2026-09-26 10:22:13,held,Priya Raman
ACME-A007941,ACME-L02887,call,2026-09-26 11:05:35,no_answer,Marcus Lee
ACME-A007942,ACME-L02900,email,2026-09-26 11:14:33,sent,Jordan Ellis
ACME-A007943,ACME-L02689,call,2026-09-26 11:53:38,voicemail,Priya Raman
ACME-A007944,ACME-L02894,email,2026-09-26 13:17:50,replied,Dana Whitfield
ACME-A007945,ACME-L02705,call,2026-09-26 13:37:05,connected,Acme Round Robin
ACME-A007946,ACME-L02737,call,2026-09-26 13:57:17,no_answer,Owen Brooks
ACME-A007947,ACME-L02887,call,2026-09-26 14:41:39,connected,Marcus Lee
ACME-A007948,ACME-L02866,email,2026-09-26 15:00:37,replied,Priya Raman
ACME-A007949,ACME-L02904,email,2026-09-26 15:06:07,sent,Grace Kim
ACME-A007950,ACME-L02910,email,2026-09-26 15:53:20,replied,Dana Whitfield
ACME-A007951,ACME-L02707,call,2026-09-26 16:10:47,connected,Grace Kim
ACME-A007952,ACME-L02908,email,2026-09-26 16:21:00,sent,Owen Brooks
ACME-A007953,ACME-L02828,email,2026-09-26 17:19:00,sent,Sofia Alvarez
ACME-A007954,ACME-L02869,email,2026-09-26 17:23:03,sent,Dana Whitfield
ACME-A007955,ACME-L02594,call,2026-09-26 17:30:06,no_answer,Marcus Lee
ACME-A007956,ACME-L02909,call,2026-09-26 18:08:10,no_answer,Grace Kim
ACME-A007957,ACME-L02798,call,2026-09-26 19:04:25,no_answer,Priya Raman
ACME-A007958,ACME-L02853,email,2026-09-26 19:09:47,sent,Jordan Ellis
ACME-A007959,ACME-L02359,email,2026-09-26 19:22:18,sent,Dana Whitfield
ACME-A007960,ACME-L02850,call,2026-09-26 19:41:00,connected,Grace Kim
ACME-A007961,ACME-L02911,call,2026-09-26 19:56:00,connected,Marcus Lee
ACME-A007962,ACME-L02856,CALL,2026-09-26 20:10:12,no_answer,Dana Whitfield
ACME-A007963,ACME-L02793,email,2026-09-26 20:10:31,sent,Dana Whitfield
ACME-A007964,ACME-L02907,call,2026-09-26 20:57:44,no_answer,Owen Brooks
ACME-A007965,ACME-L02871,call,2026-09-26 21:06:06,no_answer,Jordan Ellis
ACME-A007966,ACME-L02656,call,2026-09-26 21:36:22,no_answer,Owen Brooks
ACME-A007967,ACME-L02817,email,2026-09-26 22:01:42,sent,Dana Whitfield
ACME-A007968,ACME-L02793,call,2026-09-26 22:04:15,voicemail,Dana Whitfield
ACME-A007969,ACME-L02904,Email,2026-09-26 22:05:48,sent,Grace Kim
ACME-A007970,ACME-L02824,email,2026-09-26 22:26:08,sent,Jordan Ellis
ACME-A007971,ACME-L02549,call,2026-09-26 22:38:57,connected,Sofia Alvarez
ACME-A007972,ACME-L02909,call,2026-09-26 23:35:27,voicemail,Grace Kim
ACME-A007973,ACME-L02820,call,2026-09-26 23:43:17,connected,Dana Whitfield
ACME-A007974,ACME-L02596,email,2026-09-26 23:50:40,replied,Marcus Lee
ACME-A007975,ACME-L02719,call,2026-09-26 23:59:49,connected,Marcus Lee
ACME-A007976,ACME-L02816,meeting,2026-09-27 01:02:55,no_show,Jordan Ellis
ACME-A007977,ACME-L02904,call,2026-09-27 01:59:25,no_answer,Grace Kim
ACME-A007978,ACME-L02692,email,2026-09-27 02:01:19,sent,Jordan Ellis
ACME-A007979,ACME-L02880,email,2026-09-27 02:03:24,sent,Owen Brooks
ACME-A007980,ACME-L02557,call,2026-09-27 02:37:14,connected,Priya Raman
ACME-A007981,ACME-L02909,email,2026-09-27 02:39:16,sent,Grace Kim
ACME-A007982,ACME-L02833,call,2026-09-27 03:19:35,no_answer,Marcus Lee
ACME-A007983,ACME-L02893,email,2026-09-27 03:38:33,replied,Priya Raman
ACME-A007984,ACME-L02912,email,2026-09-27 03:42:36,sent,Dana Whitfield
ACME-A007985,ACME-L02847,call,2026-09-27 03:43:28,connected,Priya Raman
ACME-A007986,ACME-L02849,email,2026-09-27 04:43:02,sent,Sofia Alvarez
ACME-A007987,ACME-L02904,call,2026-09-27 04:54:27,connected,Grace Kim
ACME-A007988,ACME-L02895,email,2026-09-27 04:55:57,sent,Marcus Lee
ACME-A007989,ACME-L02906,email,2026-09-27 05:07:45,sent,Owen Brooks
ACME-A007990,ACME-L02899,email,2026-09-27 05:24:39,replied,Dana Whitfield
ACME-A007991,ACME-L02644,call,2026-09-27 05:45:26,no_answer,Priya Raman
ACME-A007992,ACME-L02859,email,2026-09-27 06:29:28,sent,Dana Whitfield
ACME-A007993,ACME-L02885,call,2026-09-27 06:29:28,connected,Dana Whitfield
ACME-A007994,ACME-L02463,email,2026-09-27 07:03:40,sent,Dana Whitfield
ACME-A007995,ACME-L02915,call,2026-09-27 07:30:40,no_answer,Dana Whitfield
ACME-A007996,ACME-L02784,call,2026-09-27 07:53:38,no_answer,Priya Raman
ACME-A007997,ACME-L02862,email,2026-09-27 08:03:39,bounced,Priya Raman
ACME-A007998,ACME-L02807,email,2026-09-27 08:14:02,sent,Grace Kim
ACME-A007999,ACME-L02916,email,2026-09-27 08:29:41,sent,Owen Brooks
ACME-A008000,ACME-L02652,CALL,2026-09-27 08:47:02,no_answer,Sofia Alvarez
ACME-A008001,ACME-L02772,call,2026-09-27 08:52:06,voicemail,Jordan Ellis
ACME-A008002,ACME-L02827,meeting,2026-09-27 09:39:58,held,Sofia Alvarez
ACME-A008003,ACME-L02671,email,2026-09-27 09:42:31,sent,Marcus Lee
ACME-A008004,ACME-L02782,call,2026-09-27 10:07:19,connected,Jordan Ellis
ACME-A008005,ACME-L02802,call,2026-09-27 10:15:36,no_answer,Priya Raman
ACME-A008006,ACME-L02595,call,2026-09-27 11:06:58,no_answer,Marcus Lee
ACME-A008007,ACME-L02914,call,2026-09-27 11:08:14,no_answer,Grace Kim
ACME-A008008,ACME-L02849,call,2026-09-27 11:13:34,no_answer,Sofia Alvarez
ACME-A008009,ACME-L02632,email,2026-09-27 11:37:19,replied,Marcus Lee
ACME-A008010,ACME-L02893,meeting,2026-09-27 12:11:31,no_show,Priya Raman
ACME-A008011,ACME-L02917,Call,2026-09-27 12:19:50,connected,Owen Brooks
ACME-A008012,ACME-L02555,email,2026-09-27 12:20:55,sent,Dana Whitfield
ACME-A008013,ACME-L02648,call,2026-09-27 12:26:37,no_answer,Sofia Alvarez
ACME-A008014,ACME-L02636,email,2026-09-27 12:50:42,sent,Owen Brooks
ACME-A008015,ACME-L02749,call,2026-09-27 12:51:22,connected,Jordan Ellis
ACME-A008016,ACME-L02915,email,2026-09-27 13:01:25,bounced,Dana Whitfield
ACME-A008017,ACME-L02918,email,2026-09-27 14:44:19,sent,Marcus Lee
ACME-A008018,ACME-L02913,call,2026-09-27 15:07:04,no_answer,Owen Brooks
ACME-A008019,ACME-L02836,call,2026-09-27 15:15:14,connected,Dana Whitfield
ACME-A008020,ACME-L02919,Email,2026-09-27 15:20:42,sent,Marcus Lee
ACME-A008021,ACME-L02790,email,2026-09-27 15:22:14,replied,Marcus Lee
ACME-A008022,ACME-L02880,email,2026-09-27 16:28:22,replied,Owen Brooks
ACME-A008023,ACME-L02655,call,2026-09-27 16:40:42,connected,Sofia Alvarez
ACME-A008024,ACME-L02719,call,2026-09-27 17:02:57,no_answer,Marcus Lee
ACME-A008025,ACME-L02685,email,2026-09-27 17:28:08,sent,Dana Whitfield
ACME-A008026,ACME-L02550,email,2026-09-27 17:41:44,sent,Jordan Ellis
ACME-A008027,ACME-L02922,email,2026-09-27 17:50:27,sent,Sofia Alvarez
ACME-A008028,ACME-L02825,call,2026-09-27 17:58:30,connected,Jordan Ellis
ACME-A008029,ACME-L02906,email,2026-09-27 18:17:44,replied,Owen Brooks
ACME-A008030,ACME-L02845,email,2026-09-27 18:46:19,sent,Sofia Alvarez
ACME-A008031,ACME-L02914,meeting,2026-09-27 18:49:04,held,Grace Kim
ACME-A008032,ACME-L02846,email,2026-09-27 19:00:54,replied,Priya Raman
ACME-A008033,ACME-L02728,call,2026-09-27 19:30:31,connected,Priya Raman
ACME-A008034,ACME-L02923,email,2026-09-27 19:44:12,sent,Acme Round Robin
ACME-A008035,ACME-L02832,call,2026-09-27 19:45:54,connected,Jordan Ellis
ACME-A008036,ACME-L02681,call,2026-09-27 20:01:21,connected,Marcus Lee
ACME-A008037,ACME-L02831,email,2026-09-27 20:03:07,sent,Sofia Alvarez
ACME-A008038,ACME-L01932,email,2026-09-27 20:23:48,replied,Grace Kim
ACME-A008039,ACME-L02921,email,2026-09-27 20:30:01,sent,Dana Whitfield
ACME-A008040,ACME-L02563,email,2026-09-27 21:00:05,sent,Marcus Lee
ACME-A008041,ACME-L02899,call,2026-09-27 21:07:11,connected,Dana Whitfield
ACME-A008042,ACME-L02844,email,2026-09-27 21:29:10,replied,Dana Whitfield
ACME-A008043,ACME-L02866,Email,2026-09-27 21:47:15,sent,Priya Raman
ACME-A008044,ACME-L02833,Email,2026-09-27 21:52:14,bounced,Marcus Lee
ACME-A008045,ACME-L02881,call,2026-09-27 21:57:11,no_answer,Dana Whitfield
ACME-A008046,ACME-L02827,email,2026-09-27 22:02:58,replied,Sofia Alvarez
ACME-A008047,ACME-L02920,email,2026-09-27 22:24:02,bounced,Owen Brooks
ACME-A008048,ACME-L02926,email,2026-09-27 22:24:45,sent,Priya Raman
ACME-A008049,ACME-L02520,meeting,2026-09-27 22:44:06,held,Priya Raman
ACME-A008050,ACME-L02924,call,2026-09-27 22:52:47,connected,Dana Whitfield
ACME-A008051,ACME-L02822,email,2026-09-27 23:45:08,sent,Dana Whitfield
ACME-A008052,ACME-L02845,email,2026-09-28 00:34:32,sent,Sofia Alvarez
ACME-A008053,ACME-L02915,meeting,2026-09-28 00:38:37,held,Dana Whitfield
ACME-A008054,ACME-L02922,call,2026-09-28 01:27:19,no_answer,Sofia Alvarez
ACME-A008055,ACME-L02755,email,2026-09-28 01:49:36,sent,Dana Whitfield
ACME-A008056,ACME-L02855,call,2026-09-28 02:38:30,no_answer,Grace Kim
ACME-A008057,ACME-L02740,CALL,2026-09-28 02:49:52,connected,Grace Kim
ACME-A008058,ACME-L02854,email,2026-09-28 03:32:59,replied,Priya Raman
ACME-A008059,ACME-L02885,email,2026-09-28 03:57:34,replied,Dana Whitfield
ACME-A008060,ACME-L02798,email,2026-09-28 04:04:37,sent,Priya Raman
ACME-A008061,ACME-L02559,email,2026-09-28 05:11:37,sent,Sofia Alvarez
ACME-A008062,ACME-L02767,email,2026-09-28 05:49:16,replied,Marcus Lee
ACME-A008063,ACME-L02911,email,2026-09-28 06:36:12,sent,Marcus Lee
ACME-A008064,ACME-L02845,meeting,2026-09-28 06:39:27,held,Sofia Alvarez
ACME-A008065,ACME-L02873,call,2026-09-28 07:22:19,connected,Dana Whitfield
ACME-A008066,ACME-L02928,call,2026-09-28 07:39:25,connected,Dana Whitfield
ACME-A008067,ACME-L02903,email,2026-09-28 07:45:20,sent,Marcus Lee
ACME-A008068,ACME-L02925,email,2026-09-28 09:06:18,sent,Dana Whitfield
ACME-A008069,ACME-L02890,email,2026-09-28 09:15:30,replied,Marcus Lee
ACME-A008070,ACME-L02882,email,2026-09-28 09:29:48,sent,Jordan Ellis
ACME-A008071,ACME-L02927,call,2026-09-28 09:30:33,no_answer,Priya Raman
ACME-A008072,ACME-L02911,CALL,2026-09-28 09:35:46,connected,Marcus Lee
ACME-A008073,ACME-L02845,email,2026-09-28 09:45:23,sent,Sofia Alvarez
ACME-A008074,ACME-L02656,Email,2026-09-28 09:59:08,sent,Owen Brooks
ACME-A008075,ACME-L02915,EMAIL,2026-09-28 10:12:24,sent,Dana Whitfield
ACME-A008076,ACME-L02634,call,2026-09-28 11:32:36,no_answer,Sofia Alvarez
ACME-A008077,ACME-L02934,call,2026-09-28 11:51:08,no_answer,Sofia Alvarez
ACME-A008078,ACME-L02794,CALL,2026-09-28 11:58:23,no_answer,Dana Whitfield
ACME-A008079,ACME-L02933,call,2026-09-28 12:16:25,voicemail,Priya Raman
ACME-A008080,ACME-L02827,email,2026-09-28 12:18:31,sent,Sofia Alvarez
ACME-A008081,ACME-L02928,call,2026-09-28 12:26:52,no_answer,Dana Whitfield
ACME-A008082,ACME-L02932,EMAIL,2026-09-28 12:40:31,sent,Jordan Ellis
ACME-A008083,ACME-L02662,email,2026-09-28 12:44:26,replied,Jordan Ellis
ACME-A008084,ACME-L02770,email,2026-09-28 12:49:20,replied,Dana Whitfield
ACME-A008085,ACME-L02936,email,2026-09-28 13:02:59,sent,Owen Brooks
ACME-A008086,ACME-L02910,email,2026-09-28 13:03:26,sent,Dana Whitfield
ACME-A008087,ACME-L02791,email,2026-09-28 13:14:40,sent,Dana Whitfield
ACME-A008088,ACME-L02686,email,2026-09-28 13:18:38,bounced,Dana Whitfield
ACME-A008089,ACME-L02711,call,2026-09-28 13:31:54,no_answer,Priya Raman
ACME-A008090,ACME-L02922,Call,2026-09-28 13:39:23,connected,Sofia Alvarez
ACME-A008091,ACME-L02935,call,2026-09-28 14:08:10,connected,Priya Raman
ACME-A008092,ACME-L02938,email,2026-09-28 14:37:56,sent,Marcus Lee
ACME-A008093,ACME-L02893,call,2026-09-28 14:44:39,no_answer,Priya Raman
ACME-A008094,ACME-L02935,call,2026-09-28 14:59:18,connected,Priya Raman
ACME-A008095,ACME-L02930,call,2026-09-28 15:11:46,connected,Grace Kim
ACME-A008096,ACME-L02937,call,2026-09-28 15:24:33,connected,Priya Raman
ACME-A008097,ACME-L02685,call,2026-09-28 15:25:35,connected,Dana Whitfield
ACME-A008098,ACME-L02888,email,2026-09-28 15:40:46,sent,Dana Whitfield
ACME-A008099,ACME-L02723,email,2026-09-28 15:56:13,sent,Dana Whitfield
ACME-A008100,ACME-L02793,email,2026-09-28 16:03:55,sent,Dana Whitfield
ACME-A008101,ACME-L02863,call,2026-09-28 16:08:23,connected,Priya Raman
ACME-A008102,ACME-L02946,call,2026-09-28 16:14:07,connected,Dana Whitfield
ACME-A008103,ACME-L02944,email,2026-09-28 16:16:46,sent,Dana Whitfield
ACME-A008104,ACME-L02660,email,2026-09-28 16:31:04,sent,Dana Whitfield
ACME-A008105,ACME-L02945,email,2026-09-28 17:03:58,bounced,Dana Whitfield
ACME-A008106,ACME-L02721,email,2026-09-28 17:04:06,sent,Dana Whitfield
ACME-A008107,ACME-L02929,email,2026-09-28 17:20:32,replied,Grace Kim
ACME-A008108,ACME-L02941,call,2026-09-28 17:21:35,voicemail,Priya Raman
ACME-A008109,ACME-L02898,CALL,2026-09-28 17:30:55,no_answer,Sofia Alvarez
ACME-A008110,ACME-L02791,call,2026-09-28 17:38:45,connected,Dana Whitfield
ACME-A008111,ACME-L02942,call,2026-09-28 18:03:54,no_answer,Sofia Alvarez
ACME-A008112,ACME-L02948,call,2026-09-28 18:40:43,no_answer,Marcus Lee
ACME-A008113,ACME-L02939,call,2026-09-28 18:48:01,connected,Sofia Alvarez
ACME-A008114,ACME-L02834,email,2026-09-28 19:21:17,replied,Sofia Alvarez
ACME-A008115,ACME-L02924,email,2026-09-28 19:27:05,sent,Dana Whitfield
ACME-A008116,ACME-L02365,call,2026-09-28 19:27:41,voicemail,Jordan Ellis
ACME-A008117,ACME-L02953,email,2026-09-28 19:33:00,bounced,Jordan Ellis
ACME-A008118,ACME-L02759,call,2026-09-28 19:45:57,no_answer,Dana Whitfield
ACME-A008119,ACME-L02947,call,2026-09-28 20:05:12,connected,Dana Whitfield
ACME-A008120,ACME-L02947,call,2026-09-28 20:19:11,voicemail,Dana Whitfield
ACME-A008121,ACME-L02949,call,2026-09-28 20:28:30,connected,Priya Raman
ACME-A008122,ACME-L02935,email,2026-09-28 20:50:46,sent,Priya Raman
ACME-A008123,ACME-L02884,email,2026-09-28 21:03:05,sent,Marcus Lee
ACME-A008124,ACME-L02884,call,2026-09-28 21:12:51,connected,Marcus Lee
ACME-A008125,ACME-L02925,email,2026-09-28 21:18:48,replied,Dana Whitfield
ACME-A008126,ACME-L02954,call,2026-09-28 21:20:55,connected,Marcus Lee
ACME-A008127,ACME-L02866,email,2026-09-28 21:24:38,sent,Priya Raman
ACME-A008128,ACME-L02877,email,2026-09-28 21:32:56,replied,Jordan Ellis
ACME-A008129,ACME-L02849,email,2026-09-28 21:46:33,sent,Sofia Alvarez
ACME-A008130,ACME-L02950,call,2026-09-28 21:52:02,connected,Owen Brooks
ACME-A008131,ACME-L02803,call,2026-09-28 21:52:08,connected,Marcus Lee
ACME-A008132,ACME-L02890,email,2026-09-28 22:25:57,sent,Marcus Lee
ACME-A008133,ACME-L02910,email,2026-09-28 22:26:34,sent,Dana Whitfield
ACME-A008134,ACME-L02850,call,2026-09-28 22:29:31,voicemail,Grace Kim
ACME-A008135,ACME-L02583,email,2026-09-28 22:49:22,sent,Priya Raman
ACME-A008136,ACME-L02910,email,2026-09-28 22:51:45,sent,Dana Whitfield
ACME-A008137,ACME-L02904,call,2026-09-28 23:16:39,voicemail,Grace Kim
ACME-A008138,ACME-L02956,call,2026-09-29 00:55:17,connected,Sofia Alvarez
ACME-A008139,ACME-L02854,Call,2026-09-29 00:57:16,voicemail,Priya Raman
ACME-A008140,ACME-L02572,EMAIL,2026-09-29 01:03:29,replied,Priya Raman
ACME-A008141,ACME-L02817,call,2026-09-29 01:34:47,connected,Dana Whitfield
ACME-A008142,ACME-L02754,email,2026-09-29 01:44:00,sent,Grace Kim
ACME-A008143,ACME-L02855,call,2026-09-29 01:47:31,voicemail,Grace Kim
ACME-A008144,ACME-L02951,call,2026-09-29 01:48:55,voicemail,Priya Raman
ACME-A008145,ACME-L02794,email,2026-09-29 01:58:42,sent,Dana Whitfield
ACME-A008146,ACME-L02940,email,2026-09-29 02:06:27,replied,Marcus Lee
ACME-A008147,ACME-L02765,meeting,2026-09-29 02:30:11,held,Jordan Ellis
ACME-A008148,ACME-L02894,Call,2026-09-29 02:39:52,no_answer,Dana Whitfield
ACME-A008149,ACME-L02957,call,2026-09-29 02:50:07,connected,Marcus Lee
ACME-A008150,ACME-L02944,email,2026-09-29 02:55:59,sent,Dana Whitfield
ACME-A008151,ACME-L02894,Call,2026-09-29 03:11:49,no_answer,Dana Whitfield
ACME-A008152,ACME-L02946,email,2026-09-29 04:02:46,sent,Dana Whitfield
ACME-A008153,ACME-L02958,call,2026-09-29 04:29:39,connected,Priya Raman
ACME-A008154,ACME-L02699,call,2026-09-29 04:41:10,no_answer,Dana Whitfield
ACME-A008155,ACME-L02740,email,2026-09-29 04:55:53,replied,Grace Kim
ACME-A008156,ACME-L02780,email,2026-09-29 05:03:46,sent,Marcus Lee
ACME-A008157,ACME-L02810,email,2026-09-29 05:07:54,sent,Marcus Lee
ACME-A008158,ACME-L02784,email,2026-09-29 05:14:53,replied,Priya Raman
ACME-A008159,ACME-L02359,call,2026-09-29 05:19:00,voicemail,Dana Whitfield
ACME-A008160,ACME-L02801,email,2026-09-29 05:28:43,sent,Marcus Lee
ACME-A008161,ACME-L02772,meeting,2026-09-29 05:36:33,held,Jordan Ellis
ACME-A008162,ACME-L02911,meeting,2026-09-29 05:51:19,held,Marcus Lee
ACME-A008163,ACME-L02897,call,2026-09-29 06:00:38,no_answer,Dana Whitfield
ACME-A008164,ACME-L02817,call,2026-09-29 06:12:41,no_answer,Dana Whitfield
ACME-A008165,ACME-L02952,call,2026-09-29 06:13:48,no_answer,Jordan Ellis
ACME-A008166,ACME-L02753,call,2026-09-29 06:16:02,voicemail,Owen Brooks
ACME-A008167,ACME-L02947,email,2026-09-29 06:45:45,sent,Dana Whitfield
ACME-A008168,ACME-L02750,CALL,2026-09-29 07:05:02,connected,Priya Raman
ACME-A008169,ACME-L02660,email,2026-09-29 07:18:04,bounced,Dana Whitfield
ACME-A008170,ACME-L02959,email,2026-09-29 07:48:34,sent,Dana Whitfield
ACME-A008171,ACME-L02786,EMAIL,2026-09-29 07:58:28,sent,Dana Whitfield
ACME-A008172,ACME-L02960,call,2026-09-29 08:10:48,no_answer,Sofia Alvarez
ACME-A008173,ACME-L02960,meeting,2026-09-29 08:14:52,held,Sofia Alvarez
ACME-A008174,ACME-L02925,email,2026-09-29 08:24:31,sent,Dana Whitfield
ACME-A008175,ACME-L02961,call,2026-09-29 08:33:37,voicemail,Marcus Lee
ACME-A008176,ACME-L02961,email,2026-09-29 08:45:36,sent,Marcus Lee
ACME-A008177,ACME-L02934,Call,2026-09-29 09:21:20,connected,Sofia Alvarez
ACME-A008178,ACME-L02943,call,2026-09-29 09:27:47,voicemail,Sofia Alvarez
ACME-A008179,ACME-L02664,meeting,2026-09-29 09:32:34,held,Sofia Alvarez
ACME-A008180,ACME-L02859,email,2026-09-29 09:33:41,sent,Dana Whitfield
ACME-A008181,ACME-L02943,email,2026-09-29 10:04:51,replied,Sofia Alvarez
ACME-A008182,ACME-L02930,call,2026-09-29 10:13:07,connected,Grace Kim
ACME-A008183,ACME-L02962,call,2026-09-29 10:25:16,connected,Priya Raman
ACME-A008184,ACME-L02963,call,2026-09-29 10:51:29,connected,Marcus Lee
ACME-A008185,ACME-L02958,email,2026-09-29 10:52:04,sent,Priya Raman
ACME-A008186,ACME-L02953,EMAIL,2026-09-29 11:15:38,sent,Jordan Ellis
ACME-A008187,ACME-L02721,email,2026-09-29 11:18:37,sent,Dana Whitfield
ACME-A008188,ACME-L02931,call,2026-09-29 11:19:29,no_answer,Dana Whitfield
ACME-A008189,ACME-L02845,email,2026-09-29 11:24:24,sent,Sofia Alvarez
ACME-A008190,ACME-L02718,call,2026-09-29 11:28:01,connected,Marcus Lee
ACME-A008191,ACME-L02778,email,2026-09-29 11:29:38,sent,Priya Raman
ACME-A008192,ACME-L02963,call,2026-09-29 11:36:11,connected,Marcus Lee
ACME-A008193,ACME-L02959,call,2026-09-29 11:36:20,no_answer,Dana Whitfield
ACME-A008194,ACME-L02857,EMAIL,2026-09-29 11:39:44,replied,Acme Round Robin
ACME-A008195,ACME-L02967,call,2026-09-29 11:44:42,connected,Jordan Ellis
ACME-A008196,ACME-L02966,call,2026-09-29 11:56:06,no_answer,Owen Brooks
ACME-A008197,ACME-L02918,call,2026-09-29 12:03:41,connected,Marcus Lee
ACME-A008198,ACME-L02903,email,2026-09-29 12:32:59,sent,Marcus Lee
ACME-A008199,ACME-L02969,call,2026-09-29 12:37:00,connected,Acme Round Robin
ACME-A008200,ACME-L02963,Call,2026-09-29 12:41:41,no_answer,Marcus Lee
ACME-A008201,ACME-L02964,email,2026-09-29 12:43:37,sent,Dana Whitfield
ACME-A008202,ACME-L02959,email,2026-09-29 12:49:01,replied,Dana Whitfield
ACME-A008203,ACME-L02970,call,2026-09-29 12:49:37,voicemail,Dana Whitfield
ACME-A008204,ACME-L02805,email,2026-09-29 13:02:15,sent,Dana Whitfield
ACME-A008205,ACME-L02954,call,2026-09-29 13:03:43,no_answer,Marcus Lee
ACME-A008206,ACME-L02869,call,2026-09-29 13:03:50,no_answer,Dana Whitfield
ACME-A008207,ACME-L02598,call,2026-09-29 13:06:04,no_answer,Dana Whitfield
ACME-A008208,ACME-L02946,email,2026-09-29 13:07:51,sent,Dana Whitfield
ACME-A008209,ACME-L02721,email,2026-09-29 13:12:31,sent,Dana Whitfield
ACME-A008210,ACME-L02965,Call,2026-09-29 13:24:39,no_answer,Dana Whitfield
ACME-A008211,ACME-L02922,call,2026-09-29 13:54:48,connected,Sofia Alvarez
ACME-A008212,ACME-L02925,CALL,2026-09-29 14:10:15,voicemail,Dana Whitfield
ACME-A008213,ACME-L02939,call,2026-09-29 14:12:51,no_answer,Sofia Alvarez
ACME-A008214,ACME-L02885,Call,2026-09-29 14:16:56,connected,Dana Whitfield
ACME-A008215,ACME-L02365,meeting,2026-09-29 14:32:34,no_show,Jordan Ellis
ACME-A008216,ACME-L02805,email,2026-09-29 14:35:53,sent,Dana Whitfield
ACME-A008217,ACME-L02928,call,2026-09-29 14:43:01,voicemail,Dana Whitfield
ACME-A008218,ACME-L02883,call,2026-09-29 14:56:33,no_answer,Dana Whitfield
ACME-A008219,ACME-L02711,Email,2026-09-29 15:11:07,bounced,Priya Raman
ACME-A008220,ACME-L02911,email,2026-09-29 15:12:01,replied,Marcus Lee
ACME-A008221,ACME-L02960,meeting,2026-09-29 15:33:02,held,Sofia Alvarez
ACME-A008222,ACME-L02972,email,2026-09-29 15:58:34,sent,Priya Raman
ACME-A008223,ACME-L02911,call,2026-09-29 15:58:35,voicemail,Marcus Lee
ACME-A008224,ACME-L02873,email,2026-09-29 16:24:32,sent,Dana Whitfield
ACME-A008225,ACME-L02851,email,2026-09-29 16:32:44,sent,Sofia Alvarez
ACME-A008226,ACME-L02921,call,2026-09-29 16:47:59,no_answer,Dana Whitfield
ACME-A008227,ACME-L02791,call,2026-09-29 17:00:07,no_answer,Dana Whitfield
ACME-A008228,ACME-L02975,call,2026-09-29 17:20:50,no_answer,Sofia Alvarez
ACME-A008229,ACME-L02947,call,2026-09-29 17:48:01,no_answer,Dana Whitfield
ACME-A008230,ACME-L02911,call,2026-09-29 18:27:14,connected,Marcus Lee
ACME-A008231,ACME-L02770,call,2026-09-29 18:43:12,connected,Dana Whitfield
ACME-A008232,ACME-L02977,Call,2026-09-29 18:44:29,voicemail,Priya Raman
ACME-A008233,ACME-L02887,call,2026-09-29 18:51:31,voicemail,Marcus Lee
ACME-A008234,ACME-L02955,email,2026-09-29 18:53:18,sent,Priya Raman
ACME-A008235,ACME-L02911,email,2026-09-29 19:01:33,sent,Marcus Lee
ACME-A008236,ACME-L02974,email,2026-09-29 19:02:12,sent,Dana Whitfield
ACME-A008237,ACME-L02897,call,2026-09-29 19:11:00,no_answer,Dana Whitfield
ACME-A008238,ACME-L02817,meeting,2026-09-29 19:15:47,held,Dana Whitfield
ACME-A008239,ACME-L02801,Email,2026-09-29 19:32:19,sent,Marcus Lee
ACME-A008240,ACME-L02939,email,2026-09-29 19:50:28,replied,Sofia Alvarez
ACME-A008241,ACME-L02971,call,2026-09-29 19:51:35,connected,Sofia Alvarez
ACME-A008242,ACME-L02975,email,2026-09-29 20:01:26,sent,Sofia Alvarez
ACME-A008243,ACME-L02731,email,2026-09-29 20:01:51,sent,Priya Raman
ACME-A008244,ACME-L02946,email,2026-09-29 20:19:27,sent,Dana Whitfield
ACME-A008245,ACME-L02968,email,2026-09-29 20:21:09,sent,Dana Whitfield
ACME-A008246,ACME-L02292,email,2026-09-29 20:55:50,sent,Dana Whitfield
ACME-A008247,ACME-L02938,email,2026-09-29 21:02:07,replied,Marcus Lee
ACME-A008248,ACME-L02862,email,2026-09-29 21:30:08,replied,Priya Raman
ACME-A008249,ACME-L02660,call,2026-09-29 21:30:32,no_answer,Dana Whitfield
ACME-A008250,ACME-L02917,call,2026-09-29 21:38:39,connected,Owen Brooks
ACME-A008251,ACME-L02800,email,2026-09-29 21:53:42,sent,Priya Raman
ACME-A008252,ACME-L02964,call,2026-09-29 22:06:22,no_answer,Dana Whitfield
ACME-A008253,ACME-L02800,email,2026-09-29 22:19:20,sent,Priya Raman
ACME-A008254,ACME-L02828,EMAIL,2026-09-29 22:29:14,replied,Sofia Alvarez
ACME-A008255,ACME-L02959,email,2026-09-29 22:33:35,replied,Dana Whitfield
ACME-A008256,ACME-L02700,email,2026-09-29 22:43:16,bounced,Marcus Lee
ACME-A008257,ACME-L02964,email,2026-09-29 22:51:16,sent,Dana Whitfield
ACME-A008258,ACME-L02973,email,2026-09-29 23:00:58,sent,Owen Brooks
ACME-A008259,ACME-L02792,email,2026-09-29 23:01:36,replied,Dana Whitfield
ACME-A008260,ACME-L02976,call,2026-09-29 23:19:27,no_answer,Owen Brooks
ACME-A008261,ACME-L02928,call,2026-09-29 23:19:46,voicemail,Dana Whitfield
ACME-A008262,ACME-L02932,call,2026-09-29 23:48:48,connected,Jordan Ellis
ACME-A008263,ACME-L02960,Call,2026-09-30 00:41:49,no_answer,Sofia Alvarez
ACME-A008264,ACME-L02700,call,2026-09-30 00:42:18,no_answer,Marcus Lee
ACME-A008265,ACME-L02944,call,2026-09-30 00:59:51,connected,Dana Whitfield
ACME-A008266,ACME-L02975,email,2026-09-30 01:13:29,sent,Sofia Alvarez
ACME-A008267,ACME-L02768,email,2026-09-30 01:25:04,sent,Dana Whitfield
ACME-A008268,ACME-L02636,call,2026-09-30 01:44:52,no_answer,Owen Brooks
ACME-A008269,ACME-L02704,call,2026-09-30 01:50:24,connected,Acme Round Robin
ACME-A008270,ACME-L02943,email,2026-09-30 02:27:48,sent,Sofia Alvarez
ACME-A008271,ACME-L02979,call,2026-09-30 02:34:39,connected,Owen Brooks
ACME-A008272,ACME-L02962,call,2026-09-30 02:48:22,connected,Priya Raman
ACME-A008273,ACME-L02749,email,2026-09-30 02:57:17,sent,Jordan Ellis
ACME-A008274,ACME-L02933,email,2026-09-30 03:10:55,replied,Priya Raman
ACME-A008275,ACME-L02874,call,2026-09-30 03:20:03,connected,Marcus Lee
ACME-A008276,ACME-L02965,call,2026-09-30 03:36:16,voicemail,Dana Whitfield
ACME-A008277,ACME-L02938,Call,2026-09-30 03:47:02,no_answer,Marcus Lee
ACME-A008278,ACME-L02956,call,2026-09-30 04:21:45,no_answer,Sofia Alvarez
ACME-A008279,ACME-L02815,email,2026-09-30 04:37:03,bounced,Acme Round Robin
ACME-A008280,ACME-L02977,call,2026-09-30 04:40:53,connected,Priya Raman
ACME-A008281,ACME-L02981,call,2026-09-30 04:42:54,voicemail,Sofia Alvarez
ACME-A008282,ACME-L02979,Email,2026-09-30 04:55:30,sent,Owen Brooks
ACME-A008283,ACME-L02959,EMAIL,2026-09-30 05:00:42,sent,Dana Whitfield
ACME-A008284,ACME-L02964,email,2026-09-30 05:06:33,sent,Dana Whitfield
ACME-A008285,ACME-L02742,call,2026-09-30 05:27:05,connected,Acme Round Robin
ACME-A008286,ACME-L02841,call,2026-09-30 05:38:07,no_answer,Owen Brooks
ACME-A008287,ACME-L02719,call,2026-09-30 05:43:23,voicemail,Marcus Lee
ACME-A008288,ACME-L02936,call,2026-09-30 05:56:26,connected,Owen Brooks
ACME-A008289,ACME-L02916,email,2026-09-30 06:03:24,sent,Owen Brooks
ACME-A008290,ACME-L02932,meeting,2026-09-30 06:16:58,rescheduled,Jordan Ellis
ACME-A008291,ACME-L02960,call,2026-09-30 06:35:49,no_answer,Sofia Alvarez
ACME-A008292,ACME-L02629,call,2026-09-30 06:38:13,voicemail,Grace Kim
ACME-A008293,ACME-L02704,call,2026-09-30 07:25:25,voicemail,Acme Round Robin
ACME-A008294,ACME-L02976,email,2026-09-30 07:51:00,sent,Owen Brooks
ACME-A008295,ACME-L02765,call,2026-09-30 07:57:31,connected,Jordan Ellis
ACME-A008296,ACME-L02881,email,2026-09-30 07:59:14,sent,Dana Whitfield
ACME-A008297,ACME-L02926,email,2026-09-30 08:13:06,sent,Priya Raman
ACME-A008298,ACME-L02875,email,2026-09-30 08:18:17,sent,Sofia Alvarez
ACME-A008299,ACME-L02905,call,2026-09-30 08:18:45,no_answer,Jordan Ellis
ACME-A008300,ACME-L02906,email,2026-09-30 08:35:07,sent,Owen Brooks
ACME-A008301,ACME-L02937,email,2026-09-30 08:35:23,sent,Priya Raman
ACME-A008302,ACME-L02914,call,2026-09-30 08:37:06,connected,Grace Kim
ACME-A008303,ACME-L02762,call,2026-09-30 09:13:08,voicemail,Priya Raman
ACME-A008304,ACME-L02836,email,2026-09-30 09:22:43,sent,Dana Whitfield
ACME-A008305,ACME-L02810,EMAIL,2026-09-30 09:23:55,replied,Marcus Lee
ACME-A008306,ACME-L02983,call,2026-09-30 09:27:13,connected,Dana Whitfield
ACME-A008307,ACME-L02957,email,2026-09-30 10:12:51,bounced,Marcus Lee
ACME-A008308,ACME-L02851,call,2026-09-30 10:21:35,connected,Sofia Alvarez
ACME-A008309,ACME-L02983,call,2026-09-30 10:24:02,voicemail,Dana Whitfield
ACME-A008310,ACME-L02967,email,2026-09-30 10:31:39,bounced,Jordan Ellis
ACME-A008311,ACME-L02929,email,2026-09-30 10:37:45,sent,Grace Kim
ACME-A008312,ACME-L02771,email,2026-09-30 10:51:53,sent,Dana Whitfield
ACME-A008313,ACME-L02878,email,2026-09-30 10:53:50,sent,Marcus Lee
ACME-A008314,ACME-L02953,call,2026-09-30 10:55:20,voicemail,Jordan Ellis
ACME-A008315,ACME-L02808,email,2026-09-30 10:56:20,sent,Jordan Ellis
ACME-A008316,ACME-L02929,email,2026-09-30 11:02:52,sent,Grace Kim
ACME-A008317,ACME-L02934,email,2026-09-30 11:23:15,sent,Sofia Alvarez
ACME-A008318,ACME-L02739,email,2026-09-30 11:27:22,sent,Grace Kim
ACME-A008319,ACME-L02989,email,2026-09-30 11:51:11,bounced,Dana Whitfield
ACME-A008320,ACME-L02984,EMAIL,2026-09-30 11:57:42,sent,Marcus Lee
ACME-A008321,ACME-L02931,email,2026-09-30 12:06:46,sent,Dana Whitfield
ACME-A008322,ACME-L02931,call,2026-09-30 12:12:08,voicemail,Dana Whitfield
ACME-A008323,ACME-L02897,email,2026-09-30 12:12:18,bounced,Dana Whitfield
ACME-A008324,ACME-L02985,call,2026-09-30 12:31:09,no_answer,Dana Whitfield
ACME-A008325,ACME-L02992,email,2026-09-30 12:34:16,sent,Acme Round Robin
ACME-A008326,ACME-L02991,call,2026-09-30 12:41:39,no_answer,Sofia Alvarez
ACME-A008327,ACME-L02821,email,2026-09-30 12:41:41,sent,Marcus Lee
ACME-A008328,ACME-L02978,call,2026-09-30 12:48:59,connected,Jordan Ellis
ACME-A008329,ACME-L02988,call,2026-09-30 12:55:28,no_answer,Grace Kim
ACME-A008330,ACME-L02978,call,2026-09-30 13:01:26,no_answer,Jordan Ellis
ACME-A008331,ACME-L02942,Call,2026-09-30 13:02:00,connected,Sofia Alvarez
ACME-A008332,ACME-L02821,Email,2026-09-30 13:03:57,replied,Marcus Lee
ACME-A008333,ACME-L02922,call,2026-09-30 13:20:34,no_answer,Sofia Alvarez
ACME-A008334,ACME-L02996,call,2026-09-30 13:24:59,connected,Priya Raman
ACME-A008335,ACME-L02914,call,2026-09-30 13:25:06,voicemail,Grace Kim
ACME-A008336,ACME-L02982,email,2026-09-30 13:28:12,sent,Dana Whitfield
ACME-A008337,ACME-L02964,call,2026-09-30 13:37:50,no_answer,Dana Whitfield
ACME-A008338,ACME-L02957,email,2026-09-30 13:54:13,sent,Marcus Lee
ACME-A008339,ACME-L02893,email,2026-09-30 13:54:43,sent,Priya Raman
ACME-A008340,ACME-L02967,email,2026-09-30 14:04:26,sent,Jordan Ellis
ACME-A008341,ACME-L02719,call,2026-09-30 14:05:27,connected,Marcus Lee
ACME-A008342,ACME-L02759,email,2026-09-30 14:06:57,sent,Dana Whitfield
ACME-A008343,ACME-L02932,call,2026-09-30 14:08:27,voicemail,Jordan Ellis
ACME-A008344,ACME-L02967,call,2026-09-30 14:21:03,no_answer,Jordan Ellis
ACME-A008345,ACME-L02979,email,2026-09-30 14:21:24,replied,Owen Brooks
ACME-A008346,ACME-L02985,email,2026-09-30 14:21:49,replied,Dana Whitfield
ACME-A008347,ACME-L02848,email,2026-09-30 14:24:25,replied,Acme Round Robin
ACME-A008348,ACME-L02779,email,2026-09-30 14:27:43,bounced,Owen Brooks
ACME-A008349,ACME-L02987,call,2026-09-30 14:35:15,voicemail,Jordan Ellis
ACME-A008350,ACME-L02998,call,2026-09-30 14:42:17,connected,Marcus Lee
ACME-A008351,ACME-L02998,email,2026-09-30 15:04:12,sent,Marcus Lee
ACME-A008352,ACME-L02925,meeting,2026-09-30 15:06:09,rescheduled,Dana Whitfield
ACME-A008353,ACME-L02979,call,2026-09-30 15:06:23,voicemail,Owen Brooks
ACME-A008354,ACME-L02620,call,2026-09-30 15:11:09,voicemail,Owen Brooks
ACME-A008355,ACME-L02986,email,2026-09-30 15:11:11,replied,Priya Raman
ACME-A008356,ACME-L02879,Call,2026-09-30 15:18:03,no_answer,Dana Whitfield
ACME-A008357,ACME-L02860,email,2026-09-30 15:23:26,replied,Marcus Lee
ACME-A008358,ACME-L02985,call,2026-09-30 15:35:09,no_answer,Dana Whitfield
ACME-A008359,ACME-L03000,call,2026-09-30 15:39:14,no_answer,Marcus Lee
ACME-A008360,ACME-L02792,call,2026-09-30 15:47:44,voicemail,Dana Whitfield
ACME-A008361,ACME-L02997,email,2026-09-30 15:59:49,sent,Sofia Alvarez
ACME-A008362,ACME-L02994,email,2026-09-30 16:11:42,sent,Jordan Ellis
ACME-A008363,ACME-L02995,email,2026-09-30 16:13:21,replied,Grace Kim
ACME-A008364,ACME-L02987,email,2026-09-30 16:13:39,sent,Jordan Ellis
ACME-A008365,ACME-L02991,email,2026-09-30 16:21:39,replied,Sofia Alvarez
ACME-A008366,ACME-L03001,call,2026-09-30 16:34:55,no_answer,Priya Raman
ACME-A008367,ACME-L02961,call,2026-09-30 16:48:38,voicemail,Marcus Lee
ACME-A008368,ACME-L02934,email,2026-09-30 16:53:34,sent,Sofia Alvarez
ACME-A008369,ACME-L02960,call,2026-09-30 17:07:17,connected,Sofia Alvarez
ACME-A008370,ACME-L02976,call,2026-09-30 17:21:43,no_answer,Owen Brooks
ACME-A008371,ACME-L02994,call,2026-09-30 17:38:43,connected,Jordan Ellis
ACME-A008372,ACME-L02745,email,2026-09-30 17:42:54,sent,Sofia Alvarez
ACME-A008373,ACME-L02996,call,2026-09-30 17:53:26,connected,Priya Raman
ACME-A008374,ACME-L02982,call,2026-09-30 17:55:56,connected,Dana Whitfield
ACME-A008375,ACME-L02662,call,2026-09-30 17:56:24,voicemail,Jordan Ellis
ACME-A008376,ACME-L02975,email,2026-09-30 17:57:33,sent,Sofia Alvarez
ACME-A008377,ACME-L03004,Call,2026-09-30 18:14:50,no_answer,Grace Kim
ACME-A008378,ACME-L02999,call,2026-09-30 18:19:27,no_answer,Dana Whitfield
ACME-A008379,ACME-L02996,email,2026-09-30 18:32:11,sent,Priya Raman
ACME-A008380,ACME-L02992,call,2026-09-30 18:34:41,no_answer,Acme Round Robin
ACME-A008381,ACME-L02919,email,2026-09-30 18:42:57,sent,Marcus Lee
ACME-A008382,ACME-L02961,email,2026-09-30 18:51:52,replied,Marcus Lee
ACME-A008383,ACME-L02991,call,2026-09-30 18:57:33,no_answer,Sofia Alvarez
ACME-A008384,ACME-L02871,email,2026-09-30 18:57:34,replied,Jordan Ellis
ACME-A008385,ACME-L02655,call,2026-09-30 19:11:07,no_answer,Sofia Alvarez
ACME-A008386,ACME-L03002,call,2026-09-30 19:16:23,voicemail,Dana Whitfield
ACME-A008387,ACME-L02986,email,2026-09-30 19:31:46,bounced,Priya Raman
ACME-A008388,ACME-L02994,email,2026-09-30 19:32:43,replied,Jordan Ellis
ACME-A008389,ACME-L02937,email,2026-09-30 19:35:20,sent,Priya Raman
ACME-A008390,ACME-L02987,call,2026-09-30 19:40:56,voicemail,Jordan Ellis
ACME-A008391,ACME-L02964,call,2026-09-30 19:47:07,connected,Dana Whitfield
ACME-A008392,ACME-L02676,email,2026-09-30 19:51:27,sent,Jordan Ellis
ACME-A008393,ACME-L02955,email,2026-09-30 20:07:45,sent,Priya Raman
ACME-A008394,ACME-L02955,call,2026-09-30 20:13:15,no_answer,Priya Raman
ACME-A008395,ACME-L02773,call,2026-09-30 20:37:03,voicemail,Jordan Ellis
ACME-A008396,ACME-L02985,email,2026-09-30 20:42:38,sent,Dana Whitfield
ACME-A008397,ACME-L03005,call,2026-09-30 20:47:18,voicemail,Jordan Ellis
ACME-A008398,ACME-L03000,call,2026-09-30 20:52:41,no_answer,Marcus Lee
ACME-A008399,ACME-L02988,call,2026-09-30 20:53:50,connected,Grace Kim
ACME-A008400,ACME-L02862,email,2026-09-30 21:14:26,sent,Priya Raman
ACME-A008401,ACME-L02881,email,2026-09-30 21:15:07,sent,Dana Whitfield
ACME-A008402,ACME-L02970,email,2026-09-30 21:17:27,sent,Dana Whitfield
ACME-A008403,ACME-L02997,call,2026-09-30 21:19:57,connected,Sofia Alvarez
ACME-A008404,ACME-L02701,call,2026-09-30 21:42:31,no_answer,Jordan Ellis
ACME-A008405,ACME-L03001,CALL,2026-09-30 21:47:17,no_answer,Priya Raman
ACME-A008406,ACME-L02986,email,2026-09-30 21:51:06,sent,Priya Raman
ACME-A008407,ACME-L02827,email,2026-09-30 21:51:27,sent,Sofia Alvarez
ACME-A008408,ACME-L03002,email,2026-09-30 21:55:04,sent,Dana Whitfield
ACME-A008409,ACME-L03005,email,2026-09-30 22:04:15,sent,Jordan Ellis
ACME-A008410,ACME-L02986,call,2026-09-30 22:14:59,connected,Priya Raman
ACME-A008411,ACME-L02987,email,2026-09-30 22:16:12,sent,Jordan Ellis
ACME-A008412,ACME-L02982,call,2026-09-30 22:29:33,no_answer,Dana Whitfield
ACME-A008413,ACME-L02787,call,2026-09-30 22:30:11,no_answer,Dana Whitfield
ACME-A008414,ACME-L02987,email,2026-09-30 22:34:55,sent,Jordan Ellis
ACME-A008415,ACME-L02959,email,2026-09-30 22:45:21,replied,Dana Whitfield
ACME-A008416,ACME-L02994,email,2026-09-30 23:04:54,sent,Jordan Ellis
ACME-A008417,ACME-L02986,call,2026-09-30 23:16:27,no_answer,Priya Raman
ACME-A008418,ACME-L02852,email,2026-09-30 23:33:29,replied,Marcus Lee
ACME-A008419,ACME-L02664,meeting,2026-09-30 23:37:38,rescheduled,Sofia Alvarez
ACME-A008420,ACME-L02996,email,2026-09-30 23:47:30,replied,Priya Raman
ACME-A008421,ACME-L03005,email,2026-09-30 23:48:22,sent,Jordan Ellis
ACME-A008422,ACME-L02997,email,2026-09-30 23:53:05,sent,Sofia Alvarez
