lead_id,company,contact_name,title,email,created_date,lead_source,utm_source,utm_medium,utm_campaign,territory,fit_score
ACME-L00001,Banks Chan and Harrison,Kristen Hall,IT Manager,kristen.hall@bankschanandharrison.example.com,04/01/2026 04:09:35,Referral,,,,NJ,73
ACME-L00002,Davis Martin and Dominguez,Robert Campbell,Owner,robert.campbell@davismartinanddominguez.example.com,2026-04-01 08:16:37.729623,Referral,,,,NY,100
ACME-L00003,Smith Smith and Sutton,David Burch,Office Manager,david.burch@smithsmithandsutton.example.com,2026-04-01 08:19:09.237470,Google Ads,google,cpc,msp_q2_search_brand,NY,67
ACME-L00004,Barnett-Taylor,James Bishop,Owner,james.bishop@barnetttaylor.example.com,04/01/2026 08:23:09,Google Ads,google,cpc,msp_q2_search_brand,,45
ACME-L00005,Martin Pham and Woods,Kimberly Chavez,Owner,kimberly.chavez@martinphamandwoods.example.com,2026-04-01 08:33:08.157430,Google Ads,google,cpc,msp_q2_search_brand,NY,80
ACME-L00006,Butler-Lin,Wendy Cox,CFO,WENDY.COX@BUTLERLIN.EXAMPLE.COM ,2026-04-01 08:53:31.444717,Meta Ads,facebook,paid_social,msp_q2_leadgen,NY,61
ACME-L00007,Lewis Hall and Gonzalez,Nicole Daniel,Office Manager,nicole.daniel@lewishallandgonzalez.example.com,2026-04-01 08:58:40.200938,Google Ads,google,cpc,msp_q2_search_nonbrand,NJ,94
ACME-L00008,Walsh Hopkins and Cox,Sarah Dickerson,COO,SARAH.DICKERSON@WALSHHOPKINSANDCOX.EXAMPLE.COM ,2026-04-01 09:04:55.643401,Referral,,,,NY,77
ACME-L00009,Cruz Morris and Cobb,Melissa Porter,IT Manager,melissa.porter@cruzmorrisandcobb.example.com,2026-04-01 09:56:11.403314,Google Ads,google,cpc,msp_q2_search_brand,NJ,67
ACME-L00010,Lewis Ltd,Cynthia Garrett,COO,cynthia.garrett@lewisltd.example.com,2026-04-01 12:44:05.609385,Meta Ads,facebook,paid_social,msp_q2_leadgen,,88
ACME-L00011,Ayala Ryan and Murillo,Zachary Holmes,CFO,zachary.holmes@ayalaryanandmurillo.example.com,2026-04-01 14:46:07.629516,Meta Ads,facebook,paid_social,msp_q2_leadgen,FL,53
ACME-L00012,Pitts-Smith,Katie Willis,Office Manager,katie.willis@pittssmith.example.com,2026-04-01 15:19:25.998194,Call Tracking,callrail,phone,local_services,NY,70
ACME-L00013,Patel PLC,Mark Walker,Office Manager,mark.walker@patelplc.example.com,2026-04-01 15:24:20.179842,Outbound,,,,Unassigned,70
ACME-L00014,Clark Inc,Diana Wright,Owner,diana.wright@clarkinc.example.com,2026-04-01 15:39:00.061402,Google Ads Search,google,cpc,msp_q2_search_nonbrand,NY,
ACME-L00015,Stewart-Larsen,Aaron Christensen,Office Manager,aaron.christensen@stewartlarsen.example.com,2026-04-01 15:41:12.899609,Meta Ads,facebook,paid_social,msp_q2_leadgen,Unassigned,67
ACME-L00016,Morgan-Williams,Zoe Johnson,Practice Manager,zoe.johnson@morganwilliams.example.com,2026-04-01 16:02:54.442054,Google Ads,google,cpc,msp_q2_search_nonbrand,NY,67
ACME-L00017,Hunt and Sons,Katherine Hernandez,Office Manager,katherine.hernandez@huntandsons.example.com,2026-04-01 16:14:43.109520,paid social,facebook,paid_social,msp_q2_leadgen,FL,61
ACME-L00018,Morris Johnson and Khan,Jeffery White,IT Manager,jeffery.white@morrisjohnsonandkhan.example.com,2026-04-01 17:52:50.772811,Google Ads,google,cpc, MSP_Q2_SEARCH_NONBRAND,MA,67
ACME-L00019,Stephens Martin and Simmons,Daniel Jones,Office Manager,daniel.jones@stephensmartinandsimmons.example.com,2026-04-01 18:37:00.012718,Referral,,,,,100
ACME-L00020,Roberts-Kemp,Brian Barber,CFO,brian.barber@robertskemp.example.com,2026-04-02 04:47:56.204989,Google Ads,google,cpc,msp_q2_search_nonbrand,CA,67
ACME-L00021,Wilson Price and Dawson,James Small,Office Manager,james.small@wilsonpriceanddawson.example.com,2026-04-02 06:22:59.535092,Meta Ads,facebook,paid_social,msp_q2_leadgen,NY,61
ACME-L00022,Massey Benjamin and Harris,Ronald Lozano,Owner,ronald.lozano@masseybenjaminandharris.example.com,2026-04-02 07:25:56.353503,Google Ads,google,cpc,msp_q2_search_nonbrand,IL,94
ACME-L00023,Osborne-Price,Tracy Villegas,Office Manager,tracy.villegas@osborneprice.example.com,2026-04-02 08:06:28.836844,LOCAL SERVICES ADS,callrail,phone,local_services,NY,70
ACME-L00024,Sloan Ltd,Alexander Wiggins,Practice Manager,alexander.wiggins@sloanltd.example.com,2026-04-02 08:31:22.252530,google,google,cpc,msp_q2_search_nonbrand,NJ,37
ACME-L00025,Pittman LLC,Billy Carter,Practice Manager,billy.carter@pittmanllc.example.com,04/02/2026 10:46:11,Outbound,,,,MA,90
ACME-L00026,Houston-Hansen,Courtney Sims,CFO,courtney.sims@houstonhansen.example.com,04/02/2026 11:15:48,Call Tracking,callrail,phone,gbp_listing,NJ,67
ACME-L00027,Mckenzie PLC,Lauren Dawson,IT Manager,lauren.dawson@mckenzieplc.example.com,2026-04-02 11:37:21.881278,Referral,,,,NY,73
ACME-L00028,Serrano Inc,Stacey Mccoy,Practice Manager,stacey.mccoy@serranoinc.example.com,04/02/2026 11:42:15,Google Ads,google,cpc,msp_q2_search_brand,IL,94
ACME-L00029,Roberts PLC,Emily Nelson,IT Manager,emily.nelson@robertsplc.example.com,2026-04-02 12:33:42.578823,Google Ads,Google ,cpc,msp_q2_search_brand,TX,94
ACME-L00030,Mahoney Group,Shannon Goodwin,IT Manager,shannon.goodwin@mahoneygroup.example.com,2026-04-02 13:19:30.683789,Google Ads,google,cpc,msp_q2_search_nonbrand,TX,75
ACME-L00031,Johnston-Sellers,Sean Smith,COO,sean.smith@johnstonsellers.example.com,2026-04-02 13:24:55.221646,Google Ads,google,cpc,msp_q2_search_nonbrand,TX,94
ACME-L00032,Wells Watson and Calhoun,James Diaz,Office Manager,james.diaz@wellswatsonandcalhoun.example.com,04/02/2026 14:25:46,Call Tracking,callrail,phone,local_services,TX,
ACME-L00033,Aguilar and Sons,Alejandro Schwartz,Operations Manager,alejandro.schwartz@aguilarandsons.example.com,2026-04-02 15:05:47.165156,Referral,,,,NY,73
ACME-L00034,Johnson Ltd,Robert Martinez,Owner,robert.martinez@johnsonltd.example.com,2026-04-02 15:52:03.711919,Outbound,,,,Massachusetts,40
ACME-L00035,Benson-Harper,Carrie Johnson,IT Director,carrie.johnson@bensonharper.example.com,2026-04-02 17:33:35.623794,Google Ads,google,cpc,msp_q2_search_nonbrand,NY,67
ACME-L00036,Ellis Valentine and Browning,Caleb George,Owner,caleb.george@ellisvalentineandbrownin.example.com,2026-04-02 20:43:22.668538, outbound - sdr ,,,,,38
ACME-L00037,Frank-Giles,Cynthia Lamb,CFO,cynthia.lamb@frankgiles.example.com,2026-04-02 21:09:24.340957,Call Tracking,callrail,phone,gbp_listing,NY,97
ACME-L00038,Bruce Jones and Simpson,James Cannon,Office Manager,james.cannon@brucejonesandsimpson.example.com,2026-04-02 21:33:18.635545,Google Ads,google,cpc,msp_q2_search_brand,ny,94
ACME-L00039,Jackson and Sons,Charles Mason,Office Manager,charles.mason@jacksonandsons.example.com,2026-04-03 08:20:03.298870,Google Ads,google,cpc,msp_q2_search_nonbrand,NY,67
ACME-L00040,Mccormick-Myers,Brenda Cunningham,Office Manager,brenda.cunningham@mccormickmyers.example.com,2026-04-03 08:36:10.158313,Outbound,,,,TX,81
ACME-L00041,Davis-Dean,Nathan Gordon,,nathan.gordon@davisdean.example.com,2026-04-03 09:56:40.413342,REFERAL,,,,IL,72
ACME-L00042,Jones and Sons,Christina Hernandez,COO,christina.hernandez@jonesandsons.example.com,2026-04-03 09:59:14.821267,Google Ads,google,cpc,msp_q2_search_nonbrand,NY,94
ACME-L00043,Peterson-Bell,Tyler Robles,CFO,tyler.robles@petersonbell.example.com,2026-04-03 10:01:06.732711,Meta,facebook,paid_social,msp_q2_leadgen,NY,88
ACME-L00044,King and Sons,Eugene Casey,Owner,eugene.casey@kingandsons.example.com,2026-04-03 10:51:08.632948,Google Ads,google,cpc,msp_q2_search_brand,CA,
ACME-L00045,French-Terry,Kristin Burton,IT Director,kristin.burton@frenchterry.example.com,2026-04-03 11:42:20.915395,Meta Ads,Facebook ,paid_social,msp_q2_leadgen,New York,88
ACME-L00046,Brown Fleming and Schmidt,Timothy Frank,Office Manager,timothy.frank@brownflemingandschmidt.example.com,2026-04-03 12:17:40.628000,Outbound,,,,MA,63
ACME-L00047,Johnson and Sons,Kelly Allen,Practice Manager,kelly.allen@johnsonandsons.example.com,2026-04-03 12:31:26.803987,Google Ads,google,cpc,msp_q2_search_brand,MA,94
ACME-L00048,Miller-Chase,Carl Roy,Operations Manager,carl.roy@millerchase.example.com,2026-04-03 12:49:39.188068,Call Tracking,callrail,phone,gbp_listing,Unassigned,41
ACME-L00049,Mcknight-Hughes,Sabrina Arias,IT Director,sabrina.arias@mcknighthughes.example.com,2026-04-03 13:12:08.761261,Outbound,,,,TX,90
ACME-L00050,White LLC,Courtney Schmidt,Office Manager,courtney.schmidt@whitellc.example.com,2026-04-03 13:15:57.693845,Google Ads,google,cpc,msp_q2_search_nonbrand,,64
ACME-L00051,Pierce-Chavez,Marvin Malone,COO,marvin.malone@piercechavez.example.com,2026-04-03 15:11:14.600551,referral payouts,,,,NY,73
ACME-L00052,Ramos-Rodriguez,Christian Miller,Owner,christian.miller@ramosrodriguez.example.com,2026-04-03 16:06:08.642283,Referral,,,,MA,60
ACME-L00053,Townsend Clark and Graham,Robert Spencer,CFO,robert.spencer@townsendclarkandgraham.example.com,2026-04-03 17:02:15.333836,Meta Ads,facebook,paid_social,msp_q2_leadgen,FL,88
ACME-L00054,Gray Inc,Brent Grant,IT Manager,brent.grant@grayinc.example.com,2026-04-04 04:47:06.783646,Google Ads,google,cpc,msp_q2_search_nonbrand,TX,94
ACME-L00055,Buchanan PLC,Jennifer Huffman,COO,jennifer.huffman@buchananplc.example.com,2026-04-04 07:13:43.686429,Outbound,,,,NJ,41
ACME-L00056,Yang LLC,Mary Bishop,Office Manager,mary.bishop@yangllc.example.com,2026-04-04 10:15:45.304538,Outbound,,,,MA,63
ACME-L00057,Miller Walton and Chen,Thomas Anderson,CFO,thomas.anderson@millerwaltonandchen.example.com,2026-04-04 12:54:29.957352,Referral,,,,FL,100
ACME-L00058,Turner Murray and Haley,Deanna Stephenson,Office Manager,deanna.stephenson@turnermurrayandhaley.example.com,2026-04-04 13:50:09.501715,Call Tracking,callrail,phone,gbp_listing,TX,70
ACME-L00059,Mccormick-Cook,Lauren Bonilla,COO,lauren.bonilla@mccormickcook.example.com,04/05/2026 02:44:12,Meta Ads,Facebook ,paid_social,msp_q2_leadgen,nj,88
ACME-L00060,Brooks-Barnes,Susan Jones,CFO,susan.jones@brooksbarnes.example.com,04/05/2026 03:24:49,Outbound,,,,NY,33
ACME-L00061,Snyder-Reyes,Timothy Sutton,Office Manager,timothy.sutton@snyderreyes.example.com,04/05/2026 04:30:32,Google Ads,google,cpc, MSP_Q2_SEARCH_NONBRAND,NJ,67
ACME-L00062,Hamilton-Wagner,Andrew Taylor,Owner,andrew.taylor@hamiltonwagner.example.com,04/05/2026 07:04:36,Google Ads,google,cpc,msp_q2_search_nonbrand,IL,94
ACME-L00063,Fuentes Richmond and King,Benjamin Harris,CFO,benjamin.harris@fuentesrichmondandking.example.com,2026-04-05 07:28:35.803464,partner referral,,,,NY,78
ACME-L00064,Miller Collins and Blair,Gabriel Callahan,,gabriel.callahan@millercollinsandblair.example.com,2026-04-05 10:51:11.814594,Google Ads,google,cpc,msp_q2_search_nonbrand,ny,94
ACME-L00065,Friedman-Diaz,Jeffrey Perez,Office Manager,jeffrey.perez@friedmandiaz.example.com,04/05/2026 11:51:28,Referral,,,,MA,73
ACME-L00066,Huynh LLC,James Delgado,IT Manager,james.delgado@huynhllc.example.com,04/05/2026 16:43:41,Google Ads,google,cpc,msp_q2_search_nonbrand,MA,67
ACME-L00067,Warner Wilcox and Rivera,Catherine Madden,IT Manager,catherine.madden@warnerwilcoxandrivera.example.com,04/05/2026 18:10:04,Outbound,,,,CA,63
ACME-L00068,Oliver Inc,James Pope,CFO,james.pope@oliverinc.example.com,2026-04-05 18:12:31.945094,Outbound,,,,MA,63
ACME-L00069,Smith Inc,Nicole Parks,Office Manager,nicole.parks@smithinc.example.com,2026-04-06 00:13:27.619751,Call Tracking,Callrail ,phone,local_services,CA,70
ACME-L00070,Davis Fox and Reese,Thomas Lamb,COO,thomas.lamb@davisfoxandreese.example.com,2026-04-06 00:28:45.756431,Google Ads,google,cpc,msp q2 search nonbrand,il,94
ACME-L00071,Walker and Sons,Gary Collins,Office Manager,gary.collins@walkerandsons.example.com,04/06/2026 01:01:43,Google Ads,google,cpc,msp_q2_search_nonbrand,New Jersey,
ACME-L00072,Adams Lopez and Decker,Michael Martin,COO,michael.martin@adamslopezanddecker.example.com,04/06/2026 05:39:43,Outbound,,,,MA,90
ACME-L00073,Stokes-Davis,Timothy Todd,COO,timothy.todd@stokesdavis.example.com,2026-04-06 06:13:44.131796,Referral,,,,Unassigned,79
ACME-L00074,Cabrera White and Perkins,Danielle Watson,Office Manager,danielle.watson@cabrerawhiteandperkins.example.com,2026-04-06 09:25:55.414920,Outbound,,,,Texas,33
ACME-L00075,Obrien Gonzalez and Ramirez,William Aguirre,COO,william.aguirre@obriengonzalezandramirez.example.com,2026-04-06 10:25:30.347906,Call Tracking,callrail,phone,local_services,IL,70
ACME-L00076,Murray-Martin,Sarah Jones,Owner,sarah.jones@murraymartin.example.com,04/06/2026 11:31:21, outbound - sdr ,,,,MA,90
ACME-L00077,Coffey PLC,Michael Decker,Operations Manager,MICHAEL.DECKER@COFFEYPLC.EXAMPLE.COM ,2026-04-06 13:02:20.232316,Google Ads,google,cpc,msp_q2_search_brand,NY,67
ACME-L00078,Salas-Lawson,Noah Chavez,Operations Manager,noah.chavez@salaslawson.example.com,2026-04-06 13:23:36.724675,INSTAGRAM,facebook,paid_social,msp_q2_leadgen,TX,88
ACME-L00079,Booth Washington and Barr,Andrea Jackson,IT Director,andrea.jackson@boothwashingtonandbarr.example.com,04/06/2026 13:34:07,Call Tracking,callrail,phone,local_services,IL,54
ACME-L00080,Carter-Carey,Richard Gordon,Owner,richard.gordon@cartercarey.example.com,2026-04-06 13:57:27.224954,Outbound,,,,FL,90
ACME-L00081,Rhodes LLC,Brittany Alexander,Operations Manager,brittany.alexander@rhodesllc.example.com,2026-04-06 14:19:04.800429,Local Services Ads,callrail,phone,local_services,NY,89
ACME-L00082,Salazar-Harrison,Lance Allen,IT Manager,lance.allen@salazarharrison.example.com,2026-04-06 15:01:43.850363,Referral,,,,NJ,73
ACME-L00083,Roberts and Sons,Amber Duncan,IT Director,amber.duncan@robertsandsons.example.com,04/06/2026 15:16:01,Google Ads,google,cpc,msp_q2_search_brand,NY,64
ACME-L00084,Cook-Jackson,Travis Stewart,Office Manager,travis.stewart@cookjackson.example.com,2026-04-06 15:35:10.997124,Cold email,,,,Unassigned,70
ACME-L00085,Baker-Mooney,Barbara Ward,CFO,barbara.ward@bakermooney.example.com,2026-04-06 16:16:36.682537,Local services ads,callrail,phone,gbp_listing,NY,70
ACME-L00086,Jones-Allen,Charles Caldwell,Office Manager,charles.caldwell@jonesallen.example.com,04/06/2026 16:24:31,Meta Ads,facebook,paid_social,msp_q2_leadgen,IL,87
ACME-L00087,Alvarado-Smith,Daniel Lopez,IT Director,daniel.lopez@alvaradosmith.example.com,2026-04-06 17:23:10.499563,Referral,,,,MA,100
ACME-L00088,Ward Lucas and Smith,Brandon Doyle,Practice Manager,brandon.doyle@wardlucasandsmith.example.com,2026-04-06 21:37:56.246608,Google Ads,google,cpc,msp q2 search nonbrand,MA,54
ACME-L00089,Hughes Strong and Oliver,Makayla Martin,Operations Manager,makayla.martin@hughesstrongandoliver.example.com,2026-04-07 01:59:56.394901,Call Tracking,callrail,phone,gbp_listing,FL,70
ACME-L00090,Melendez Lee and Price,Carolyn Gray,CFO,carolyn.gray@melendezleeandprice.example.com,2026-04-07 07:01:10.638583,Google Ads,google,cpc,msp_q2_search_brand,MA,67
ACME-L00091,Cunningham Inc,Ricardo Holmes,Office Manager,ricardo.holmes@cunninghaminc.example.com,2026-04-07 08:36:56.151218,Referral,,,,TX,73
ACME-L00092,Stone-Garcia,Taylor Williams,IT Manager,taylor.williams@stonegarcia.example.com,2026-04-07 09:00:03.608226,Referral,,,,NY,45
ACME-L00093,Marquez Moore and Atkinson,Timothy Smith,Owner,timothy.smith@marquezmooreandatkinson.example.com,2026-04-07 09:08:21.935572,GOOGLE_CPC,google,cpc,msp_q2_search_nonbrand,CA,88
ACME-L00094,Gentry-Shepard,Andrea Ball,Operations Manager,andrea.ball@gentryshepard.example.com,2026-04-07 09:19:24.002350,PHONE,callrail,phone,gbp_listing,NJ,70
ACME-L00095,Osborne Inc,Sara Cruz,Practice Manager,sara.cruz@osborneinc.example.com,2026-04-07 11:51:46.213694,Meta Ads,facebook,paid_social,msp_q2_leadgen,NJ,
ACME-L00096,Beasley-Johnson,Jamie Baker,IT Director,jamie.baker@beasleyjohnson.example.com,2026-04-07 13:08:11.577299,google_cpc,Google ,cpc,msp q2 search nonbrand,IL,94
ACME-L00097,Reynolds-Green,John Allen,,john.allen@reynoldsgreen.example.com,2026-04-07 13:49:05.325594,Referral,,,,NJ,100
ACME-L00098,Walker Hughes and Dunn,Michael Snow,Office Manager,michael.snow@walkerhughesanddunn.example.com,2026-04-07 15:18:23.879985,Outbound,,,,NJ,63
ACME-L00099,Rhodes-Thomas,Laura Cox,Operations Manager,laura.cox@rhodesthomas.example.com,2026-04-07 15:32:16.905311,Meta Ads,facebook,paid_social,msp_q2_leadgen,NY,88
ACME-L00100,Lee May and Le,Lisa Thomas,Owner,lisa.thomas@leemayandle.example.com,2026-04-07 15:38:23.058706,Google Ads,google,cpc,msp_q2_search_nonbrand,IL,94
ACME-L00101,Miller-Garza,Sarah Gonzales,Office Manager,sarah.gonzales@millergarza.example.com,2026-04-07 16:11:16.687234,REFERAL,,,,MA,73
ACME-L00102,Pearson Harris and Smith,Mark Gregory,COO,mark.gregory@pearsonharrisandsmith.example.com,2026-04-07 17:27:59.230469,Meta Ads,facebook,paid_social,msp_q2_leadgen,unassigned,68
ACME-L00103,Bailey and Sons,Adriana Schaefer,Office Manager,adriana.schaefer@baileyandsons.example.com,2026-04-07 18:40:58.293420,Google Ads,google,cpc, MSP_Q2_SEARCH_BRAND,Unassigned,73
ACME-L00104,Wilson-Irwin,Brian Jacobson,Practice Manager,BRIAN.JACOBSON@WILSONIRWIN.EXAMPLE.COM ,2026-04-07 19:01:33.140882,Referral,,,,MA,100
ACME-L00105,King-Brown,Peter Berg,Owner,peter.berg@kingbrown.example.com,2026-04-07 19:17:09.501850,Google Ads,Google ,cpc,msp_q2_search_nonbrand,NJ,94
ACME-L00106,Bishop-King,Mario Austin,IT Manager,mario.austin@bishopking.example.com,2026-04-07 22:41:59.424430,Call Tracking,callrail,phone,gbp_listing,CA,70
ACME-L00107,Willis Ltd,Anthony Thompson,COO,anthony.thompson@willisltd.example.com,2026-04-08 02:34:08.719181,Google Ads,google,cpc,msp_q2_search_nonbrand,NY,67
ACME-L00108,Miranda Brown and Mason,Amy Bennett,CFO,amy.bennett@mirandabrownandmason.example.com,2026-04-08 07:20:50.011769,Referral,,,,NY,100
ACME-L00109,Gillespie Brewer and Torres,David King,Owner,david.king@gillespiebrewerandtorres.example.com,2026-04-08 08:38:42.049540,GOOGLE,google,cpc,msp_q2_search_brand,FL,88
ACME-L00110,Kim Gallagher and Garcia,Kevin Harding,IT Manager,kevin.harding@kimgallagherandgarcia.example.com,2026-04-08 09:05:00.397466,Meta Ads,facebook,paid_social,msp_q2_leadgen,IL,88
ACME-L00111,Griffin-Gonzales,Andrew Montgomery,IT Director,andrew.montgomery@griffingonzales.example.com,04/08/2026 09:32:08,Google Ads,google,cpc,msp_q2_search_brand,CA,67
ACME-L00112,Maldonado-Sullivan,Jessica Butler,IT Director,jessica.butler@maldonadosullivan.example.com,04/08/2026 09:52:55,Call Tracking,callrail,phone,local_services,California,40
ACME-L00113,Le-Snyder,Justin Montgomery,COO,justin.montgomery@lesnyder.example.com,2026-04-08 11:30:49.664939,Google Ads,google,cpc,msp_q2_search_nonbrand,MA,42
ACME-L00114,Watson and Sons,Victoria Walker,Owner,victoria.walker@watsonandsons.example.com,2026-04-08 11:31:01.894239,Google Ads,google,cpc,msp_q2_search_brand,TX,67
ACME-L00115,Roberts-Gomez,Michael Fox,IT Manager,michael.fox@robertsgomez.example.com,2026-04-08 12:11:22.010320,INBOUND CALL,callrail,phone,local_services,TX,96
ACME-L00116,Shaffer Group,Jodi Perez,Owner,JODI.PEREZ@SHAFFERGROUP.EXAMPLE.COM ,2026-04-08 13:19:15.831059, adwords ,google,cpc,msp_q2_search_brand,NJ,
ACME-L00117,Anderson Group,Christine Craig,,CHRISTINE.CRAIG@ANDERSONGROUP.EXAMPLE.COM ,2026-04-08 13:35:56.225314,Google Ads,google,cpc,msp_q2_search_nonbrand,MA,94
ACME-L00118,Johnson-Torres,Jesse Richards,Office Manager,jesse.richards@johnsontorres.example.com,2026-04-08 14:18:46.064622,Google Ads,google,cpc,msp_q2_search_nonbrand,NY,67
ACME-L00119,Boyd-Jenkins,Stacy Clark,CFO,stacy.clark@boydjenkins.example.com,2026-04-08 14:52:36.430851,google ads search,google,cpc,msp_q2_search_brand,NY,84
ACME-L00120,Moore Cameron and Bates,Judy Jackson,,judy.jackson@moorecameronandbates.example.com,2026-04-08 14:54:59.069928,Call Tracking,callrail,phone,gbp_listing,NY,70
ACME-L00121,Taylor Smith and Collier,Alisha Lopez,IT Director,alisha.lopez@taylorsmithandcollier.example.com,2026-04-08 15:23:25.972190,Meta Ads,facebook,paid_social,msp_q2_leadgen,Unassigned,22
ACME-L00122,Fisher Perez and Bowen,Nicole Schroeder,Operations Manager,nicole.schroeder@fisherperezandbowen.example.com,2026-04-08 15:24:32.128224,Outbound,,,,MA,90
ACME-L00123,Brown Foster and Erickson,Sara Willis,Practice Manager,sara.willis@brownfosteranderickson.example.com,2026-04-08 16:42:54.171104,Outbound,,,,NY,63
ACME-L00124,Lindsey Howard and Pena,Luke Washington,Operations Manager,luke.washington@lindseyhowardandpena.example.com,2026-04-08 17:02:51.293400,GOOGLE,google,cpc,msp q2 search nonbrand,NY,67
ACME-L00125,Figueroa-Case,Alison Robinson,Operations Manager,alison.robinson@figueroacase.example.com,2026-04-08 17:10:46.075205,Meta Ads,facebook,paid_social,msp_q2_leadgen,NJ,61
ACME-L00126,Wilson-House,Jennifer Valenzuela,Owner,jennifer.valenzuela@wilsonhouse.example.com,2026-04-08 17:13:27.868589,PARTNER REFERRAL,,,,NY,70
ACME-L00127,Fowler Cardenas and Cabrera,Taylor Phillips,IT Director,taylor.phillips@fowlercardenasandcabrera.example.com,2026-04-08 17:41:25.214876, instagram ,facebook,paid_social,msp_q2_leadgen,CA,88
ACME-L00128,Brown Lee and Williams,Connor Hayes,Practice Manager,connor.hayes@brownleeandwilliams.example.com,2026-04-08 22:24:16.981870,Google Ads,google,cpc,msp_q2_search_nonbrand,CA,67
ACME-L00129,Castaneda Moore and Orozco,Kristen Carlson,,kristen.carlson@castanedamooreandorozco.example.com,2026-04-09 06:06:42.414797,Google Ads,google,cpc,msp q2 search nonbrand,TX,94
ACME-L00130,Weeks-Mccarthy,Christopher Flores,Office Manager,christopher.flores@weeksmccarthy.example.com,2026-04-09 06:19:20.606270,Referral,,,,FL,73
ACME-L00131,Larsen LLC,Thomas Beck,Operations Manager,thomas.beck@larsenllc.example.com,2026-04-09 08:27:47.399220,Meta Ads,facebook,paid_social,msp_q2_leadgen,IL,
ACME-L00132,Anderson Hernandez and Dixon,Monique Frank,,monique.frank@andersonhernandezanddixo.example.com,2026-04-09 08:55:29.485097,Outbound,,,,CA,47
ACME-L00133,Love-Lee,Barry Pennington,COO,barry.pennington@lovelee.example.com,2026-04-09 08:58:32.341930,Google Ads,google,cpc,msp_q2_search_brand,TX,94
ACME-L00134,Stone Inc,Melanie Bryant,Office Manager,melanie.bryant@stoneinc.example.com,2026-04-09 09:59:40.616158,Referral,,,,NJ,100
ACME-L00135,Harris PLC,Elizabeth Fuller,IT Manager,elizabeth.fuller@harrisplc.example.com,04/09/2026 10:26:21,Google Ads,google,cpc,msp_q2_search_nonbrand,TX,64
ACME-L00136,Adams PLC,Erin Jennings,Owner,erin.jennings@adamsplc.example.com,2026-04-09 10:28:20.705098,Google Ads,google,cpc,msp q2 search nonbrand,IL,94
ACME-L00137,Hensley LLC,Matthew Osborne,IT Manager,matthew.osborne@hensleyllc.example.com,2026-04-09 10:51:56.122578,Referral,,,,NJ,73
ACME-L00138,Ellis Warner and Cruz,Zachary Phillips,IT Director,zachary.phillips@elliswarnerandcruz.example.com,2026-04-09 10:59:31.067739,Google Ads,google,cpc,msp_q2_search_nonbrand,NY,67
ACME-L00139,Lynch-Stewart,Stacy Luna,Operations Manager,stacy.luna@lynchstewart.example.com,2026-04-09 14:45:37.955956,Meta Ads,facebook,paid_social,msp_q2_leadgen,NY,61
ACME-L00140,Spence Palmer and Sanchez,Sergio Barrett,Office Manager,sergio.barrett@spencepalmerandsanchez.example.com,2026-04-09 14:52:11.280118,Google Ads,google,cpc,msp_q2_search_brand,Unassigned,74
ACME-L00141,Fisher-Hayden,Chris Grant,Operations Manager,chris.grant@fisherhayden.example.com,2026-04-09 14:57:03.553485,Referral,,,,NY,73
ACME-L00142,Joseph Elliott and Montgomery,Tyler Schmidt,Operations Manager,tyler.schmidt@josephelliottandmontgome.example.com,2026-04-09 15:18:54.686595,Call Tracking,callrail,phone,gbp_listing,NY,97
ACME-L00143,Johnson Inc,Wendy Dennis,IT Director,wendy.dennis@johnsoninc.example.com,2026-04-09 15:36:03.454041,Outbound,,,,NY,60
ACME-L00144,George-Schwartz,Brandon Lopez,Practice Manager,brandon.lopez@georgeschwartz.example.com,2026-04-09 16:30:14.375633,Google,google,cpc,msp_q2_search_nonbrand,MA,
ACME-L00145,David Lyons and Mcdowell,Sheri Green,Practice Manager,sheri.green@davidlyonsandmcdowell.example.com,2026-04-09 16:46:18.483606,Meta Ads,facebook,paid_social,msp_q2_leadgen,IL,88
ACME-L00146,Sullivan LLC,Tina Hood,IT Manager,tina.hood@sullivanllc.example.com,2026-04-09 17:24:59.992089,Meta Ads,facebook,paid_social,msp_q2_leadgen,CA,61
ACME-L00147,Miller Barajas and Ross,Angela Sullivan,IT Manager,angela.sullivan@millerbarajasandross.example.com,04/09/2026 17:54:35,Google Ads,google,cpc, MSP_Q2_SEARCH_NONBRAND,TX,67
ACME-L00148,Norton Ltd,Kenneth Hill,,kenneth.hill@nortonltd.example.com,2026-04-09 18:31:10.453518,Call Tracking,Callrail ,phone,local_services,NJ,70
ACME-L00149,Berry Francis and Martin,Margaret Pace,CFO,MARGARET.PACE@BERRYFRANCISANDMARTIN.EXAMPLE.COM ,2026-04-09 21:20:49.412679,Referral,,,,unassigned,80
ACME-L00150,Ford-Paul,Christopher Moore,Owner,christopher.moore@fordpaul.example.com,2026-04-10 02:00:05.955052,Outbound,,,,CA,49
ACME-L00151,Miller Group,Monica Lambert,IT Director,monica.lambert@millergroup.example.com,2026-04-10 08:24:20.723311,Google Ads,google,cpc,msp_q2_search_nonbrand,FL,94
ACME-L00152,Garcia-Davenport,Justin Walls,COO,justin.walls@garciadavenport.example.com,2026-04-10 08:26:07.205056,Outbound,,,,IL,63
ACME-L00153,Cooper-Evans,Joanne Cherry,Owner,JOANNE.CHERRY@COOPEREVANS.EXAMPLE.COM ,2026-04-10 08:30:55.954699,Word Of Mouth,,,,FL,73
ACME-L00154,Diaz Jimenez and Walter,Phillip Moore,COO,phillip.moore@diazjimenezandwalter.example.com,2026-04-10 11:46:37.418692,outbound - sdr,,,,TX,63
ACME-L00155,Bradley-Watson,Joann Gonzalez,Operations Manager,joann.gonzalez@bradleywatson.example.com,2026-04-10 13:44:08.923767,Google Ads,google,cpc,msp_q2_search_brand,TX,64
ACME-L00156,Jensen Ltd,James Greene,IT Director,james.greene@jensenltd.example.com,2026-04-10 13:53:13.825905,Google_cpc,google,cpc,msp_q2_search_brand,TX,94
ACME-L00157,Finley-Allison,Monique Johnson,COO,monique.johnson@finleyallison.example.com,2026-04-10 14:04:30.442086,Google Ads,google,cpc,msp_q2_search_brand,,
ACME-L00158,Robinson Inc,David Smith,COO,david.smith@robinsoninc.example.com,2026-04-10 17:31:55.844173,Google Ads,google,cpc,msp_q2_search_brand,NJ,94
ACME-L00159,Dunn-Miller,Thomas Huang,COO,THOMAS.HUANG@DUNNMILLER.EXAMPLE.COM ,2026-04-10 17:54:48.342883,Google Ads,google,cpc,msp q2 search nonbrand,ny,94
ACME-L00160,Gonzalez-Schwartz,Alyssa Harmon,IT Manager,alyssa.harmon@gonzalezschwartz.example.com,2026-04-11 00:50:46.957764,Meta Ads,facebook,paid_social,msp_q2_leadgen,MA,63
ACME-L00161,Orozco Harris and West,Robert Long,IT Director,robert.long@orozcoharrisandwest.example.com,2026-04-11 09:50:26.649355,Ppc,google,cpc,msp_q2_search_brand,NJ,94
ACME-L00162,Martin Group,Virginia Powell,Practice Manager,virginia.powell@martingroup.example.com,2026-04-11 10:14:15.250962,Google Ads,google,cpc,msp_q2_search_brand,CA,86
ACME-L00163,Parker Johnson and Jimenez,Emily Fisher,COO,emily.fisher@parkerjohnsonandjimenez.example.com,2026-04-11 11:47:01.429307,Google Ads,google,cpc,msp_q2_search_brand,TX,81
ACME-L00164,Johnson LLC,Annette Crawford,COO,annette.crawford@johnsonllc.example.com,2026-04-11 14:39:04.552007,Meta Ads,facebook,paid_social,msp_q2_leadgen,NY,88
ACME-L00165,Jones and Sons,Scott Rodriguez,IT Manager,scott.rodriguez@jonesandsons.example.com,2026-04-11 16:00:18.112376,Google Ads,google,cpc,msp_q2_search_nonbrand,NY,94
ACME-L00166,Atkinson-Lowe,Sonya Sullivan,Practice Manager,sonya.sullivan@atkinsonlowe.example.com,2026-04-11 16:44:25.512900,Google Ads,google,cpc,msp_q2_search_nonbrand,TX,94
ACME-L00167,Moore-Kelley,Andrew Lloyd,IT Manager,ANDREW.LLOYD@MOOREKELLEY.EXAMPLE.COM ,2026-04-11 16:45:45.544052, adwords ,Google ,cpc,msp_q2_search_nonbrand,Unassigned,74
ACME-L00168,Lee-Brown,Catherine Cox,IT Director,catherine.cox@leebrown.example.com,2026-04-11 18:37:46.276304,Call Tracking,callrail,phone,gbp_listing,,77
ACME-L00169,Smith Pittman and Mcdonald,Anna Ortega,CFO,anna.ortega@smithpittmanandmcdonald.example.com,2026-04-11 19:16:17.144874,Meta Ads,facebook,paid_social,msp_q2_leadgen,IL,58
ACME-L00170,Gould-Foster,Brandon Nicholson,Office Manager,brandon.nicholson@gouldfoster.example.com,2026-04-11 23:17:45.672637,Facebook ads,facebook,paid_social,msp_q2_leadgen,TX,88
ACME-L00171,White Palmer and Cantu,Jessica Mendez,IT Manager,jessica.mendez@whitepalmerandcantu.example.com,2026-04-12 08:18:19.640364,Google Ads,google,cpc,msp_q2_search_nonbrand,NJ,94
ACME-L00172,Johnson Ltd,Christine Hardin,Owner,christine.hardin@johnsonltd.example.com,2026-04-12 08:45:08.499945,SDR,,,,MA,40
ACME-L00173,Thomas-Bowman,Scott Romero,COO,scott.romero@thomasbowman.example.com,2026-04-12 10:08:03.255197,Google Ads,google,cpc,msp_q2_search_brand,TX,67
ACME-L00174,Pierce Everett and Thomas,James Franklin,Owner,james.franklin@pierceeverettandthomas.example.com,2026-04-12 10:55:20.708221,Google Ads,google,cpc,msp_q2_search_nonbrand,NJ,67
ACME-L00175,Smith Green and Young,Julia Duffy,CFO,julia.duffy@smithgreenandyoung.example.com,2026-04-12 13:16:46.912666,Meta Ads,facebook,paid_social,msp_q2_leadgen,NY,61
ACME-L00176,Davidson Ltd,William White,IT Director,william.white@davidsonltd.example.com,2026-04-12 13:40:21.895214,Outbound,,,,MA,90
ACME-L00177,Wilkins-King,Danielle Riggs,COO,danielle.riggs@wilkinsking.example.com,2026-04-12 15:36:20.427307,Google Ads,google,cpc,msp_q2_search_nonbrand,NY,93
ACME-L00178,Barnes-Wright,Anthony Duncan,Owner,anthony.duncan@barneswright.example.com,2026-04-12 16:45:11.074726,Google Ads,google,cpc,msp_q2_search_brand,CA,94
ACME-L00179,Coleman Group,Tammy Burns,IT Manager,tammy.burns@colemangroup.example.com,2026-04-12 18:00:48.581406, facebook ,Facebook ,paid_social,msp_q2_leadgen,Unassigned,22
ACME-L00180,Lewis Schaefer and Ramirez,Colton Griffin,COO,colton.griffin@lewisschaeferandramirez.example.com,2026-04-12 22:14:51.334490,Google Ads,google,cpc,msp_q2_search_brand,TX,94
ACME-L00181,Williams-Wolf,Renee Hammond,IT Director,renee.hammond@williamswolf.example.com,2026-04-12 22:54:25.568240,Google Ads,google,cpc,msp q2 search nonbrand,IL,67
ACME-L00182,White Woodard and Adams,Andre Davis,COO,andre.davis@whitewoodardandadams.example.com,2026-04-12 23:38:52.953389,Google Ads,google,cpc,msp_q2_search_nonbrand,CA,67
ACME-L00183,Anderson-Crawford,Alan Galvan,Office Manager,alan.galvan@andersoncrawford.example.com,2026-04-13 00:14:47.360924,Google Ads,google,cpc,msp q2 search nonbrand,NY,94
ACME-L00184,Alexander and Sons,Robin Mcclain,COO,robin.mcclain@alexanderandsons.example.com,2026-04-13 02:18:04.217251,Google Ads,google,cpc,msp_q2_search_nonbrand,Massachusetts,67
ACME-L00185,Brown Hughes and Gonzales,Jill Rodriguez,IT Manager,jill.rodriguez@brownhughesandgonzales.example.com,2026-04-13 03:08:12.038438,Google Ads,google,cpc,msp_q2_search_brand,NY,67
ACME-L00186,Andrews-Hodge,Michael Frederick,CFO,michael.frederick@andrewshodge.example.com,2026-04-13 08:22:45.676187,Google Ads,google,cpc,msp_q2_search_nonbrand,Unassigned,68
ACME-L00187,Franklin Harrington and Barnett,Patricia French,Practice Manager,PATRICIA.FRENCH@FRANKLINHARRINGTONANDBAR.EXAMPLE.COM ,2026-04-13 08:28:58.089940,Google Ads,google,cpc,msp_q2_search_nonbrand,TX,67
ACME-L00188,Henderson-Willis,Lisa Clay,Office Manager,lisa.clay@hendersonwillis.example.com,2026-04-13 09:23:03.622107,Google Ads,google,cpc,msp_q2_search_nonbrand,CA,61
ACME-L00189,Myers Group,James Smith,CFO,james.smith@myersgroup.example.com,2026-04-13 09:29:18.066979,Meta Ads,facebook,paid_social,msp_q2_leadgen,NJ,58
ACME-L00190,Lucas Duke and Brown,Duane Fischer,IT Director,duane.fischer@lucasdukeandbrown.example.com,2026-04-13 09:42:58.921614,Google Ads,google,cpc,msp_q2_search_nonbrand,NY,67
ACME-L00191,Kennedy PLC,Brian Mcdonald,CFO,brian.mcdonald@kennedyplc.example.com,2026-04-13 11:15:28.498505,Google Ads,google,cpc,,IL,94
ACME-L00192,James-Wells,Wesley Harris,Owner,wesley.harris@jameswells.example.com,2026-04-13 11:39:01.655793,Google Ads,google,cpc,msp_q2_search_brand,TX,67
ACME-L00193,Brown-Johnson,Caitlin Perry,Owner,CAITLIN.PERRY@BROWNJOHNSON.EXAMPLE.COM ,2026-04-13 11:50:26.430339,Outbound,,,,FL,63
ACME-L00194,Watson and Sons,Shane Green,CFO,shane.green@watsonandsons.example.com,2026-04-13 12:44:04.614345,Google Ads,Google ,cpc,msp q2 search brand,TX,67
ACME-L00195,Meza Ray and Sanders,Theresa Williams,CFO,theresa.williams@mezarayandsanders.example.com,2026-04-13 13:46:48.400937,Meta Ads,Facebook ,paid_social,msp_q2_leadgen,,88
ACME-L00196,Vasquez Simon and Mayo,Kristy Kennedy,CFO,kristy.kennedy@vasquezsimonandmayo.example.com,2026-04-13 14:51:08.477678,Call Tracking,callrail,phone,gbp_listing,NY,97
ACME-L00197,Mills LLC,Kathleen Levine,Owner,kathleen.levine@millsllc.example.com,2026-04-13 15:31:53.112768,Google Ads,google,cpc,msp_q2_search_brand,,94
ACME-L00198,Johnson-Ross,Krystal Steele,Practice Manager,krystal.steele@johnsonross.example.com,2026-04-13 16:12:00.040116,Meta Ads,Facebook ,paid_social,msp_q2_leadgen,TX,39
ACME-L00199,Smith Lloyd and Jackson,Thomas Hardy,Practice Manager,thomas.hardy@smithlloydandjackson.example.com,2026-04-13 18:13:41.769743,Call Tracking,callrail,phone,gbp_listing,Unassigned,77
ACME-L00200,Davis-Mcfarland,Patricia Mcgee,Office Manager,patricia.mcgee@davismcfarland.example.com,2026-04-13 19:26:23.481452,Referral,,,,NY,73
ACME-L00201,Williams Ltd,Patricia Burton,Operations Manager,patricia.burton@williamsltd.example.com,2026-04-13 19:58:41.872956,Outbound,,,,NY,
ACME-L00202,Gonzalez-Flores,Jennifer Smith,Operations Manager,jennifer.smith@gonzalezflores.example.com,2026-04-13 22:07:59.914718,Referral,,,,CA,70
ACME-L00203,Diaz Inc,Renee Lewis,IT Director,renee.lewis@diazinc.example.com,2026-04-14 00:13:29.612053,Google Ads,google,cpc,msp_q2_search_nonbrand,IL,37
ACME-L00204,Santos Rose and Peck,Ryan Wiggins,Office Manager,RYAN.WIGGINS@SANTOSROSEANDPECK.EXAMPLE.COM ,2026-04-14 05:07:47.399873,Google Ads,google,cpc,,NY,67
ACME-L00205,Jones Kelly and Sanchez,Maria Gaines,Practice Manager,maria.gaines@joneskellyandsanchez.example.com,2026-04-14 08:25:20.398803,Call Tracking,callrail,phone,local services,CA,97
ACME-L00206,Hunt-Rodriguez,Patricia Vaughn,CFO,patricia.vaughn@huntrodriguez.example.com,2026-04-14 08:46:23.402462,Meta Ads,facebook,paid_social,msp_q2_leadgen,CA,31
ACME-L00207,Simpson Palmer and Moreno,Amanda Smith,,amanda.smith@simpsonpalmerandmoreno.example.com,2026-04-14 10:34:22.982367,Google Ads,Google ,cpc,msp q2 search nonbrand,NY,67
ACME-L00208,Perkins-Miller,Samantha Nguyen,Owner,samantha.nguyen@perkinsmiller.example.com,2026-04-14 10:58:57.879483,Google Ads,google,cpc,msp_q2_search_brand,FL,94
ACME-L00209,Fox-Payne,Anthony Jenkins,Office Manager,anthony.jenkins@foxpayne.example.com,04/14/2026 11:21:43,Google Ads,google,cpc,msp q2 search brand,California,69
ACME-L00210,Mason Gray and Henson,Jesus Murray,IT Director,jesus.murray@masongrayandhenson.example.com,2026-04-14 12:33:33.152794,Referral,,,,MA,59
ACME-L00211,Webb Russell and Flynn,Elizabeth Moore,Practice Manager,elizabeth.moore@webbrussellandflynn.example.com,2026-04-14 12:36:51.241999, adwords ,google,cpc,msp_q2_search_brand,NJ,42
ACME-L00212,Young-Avila,Jerry Santos,Operations Manager,jerry.santos@youngavila.example.com,2026-04-14 14:08:59.908411,Google Ads,google,cpc,msp_q2_search_nonbrand,IL,67
ACME-L00213,Gutierrez LLC,Brianna Harris,Operations Manager,brianna.harris@gutierrezllc.example.com,2026-04-14 15:44:24.075087,Referral,,,,NJ,57
ACME-L00214,David LLC,Brian Tran,IT Manager,brian.tran@davidllc.example.com,2026-04-14 15:55:09.117507,Meta Ads,facebook,paid_social,msp_q2_leadgen,NJ,61
ACME-L00215,Anderson-Wright,Peter Savage,,peter.savage@andersonwright.example.com,2026-04-14 16:47:00.527950,Outbound,,,,FL,63
ACME-L00216,Thomas Hester and Robles,Amy Waters,Practice Manager,amy.waters@thomashesterandrobles.example.com,2026-04-14 17:41:23.030732,Word of mouth,,,,NY,100
ACME-L00217,Rodriguez and Sons,Teresa Garcia,Owner,teresa.garcia@rodriguezandsons.example.com,2026-04-14 18:48:22.029279,Meta Ads,facebook,paid_social,msp_q2_leadgen,NY,58
ACME-L00218,Silva Perez and White,David Reynolds,,david.reynolds@silvaperezandwhite.example.com,2026-04-14 18:59:47.647387,Outbound,,,,NJ,90
ACME-L00219,Williams Preston and Logan,Jennifer Smith,COO,jennifer.smith@williamsprestonandlogan.example.com,2026-04-14 20:43:26.093734,Call Tracking,callrail,phone,gbp_listing,NJ,70
ACME-L00220,Hebert Huang and Quinn,Julie Walker,Operations Manager,julie.walker@heberthuangandquinn.example.com,2026-04-14 21:33:39.809387,Referral,,,,TX,100
ACME-L00221,Morris Hunter and Harris,Jason Davis,IT Manager,JASON.DAVIS@MORRISHUNTERANDHARRIS.EXAMPLE.COM ,2026-04-14 22:15:31.985706,Referral,,,,IL,100
ACME-L00222,Jones Ltd,Nichole Jordan,COO,nichole.jordan@jonesltd.example.com,2026-04-14 23:45:51.087938,Outbound,,,,NJ,90
ACME-L00223,Moore Moore and Wright,Mark Boyd,Owner,mark.boyd@mooremooreandwright.example.com,2026-04-15 02:15:26.892669,Call Tracking,callrail,phone,gbp_listing,MA,97
ACME-L00224,Cochran Group,Daniel Anderson,COO,daniel.anderson@cochrangroup.example.com,2026-04-15 07:31:22.964585,Outbound,,,,NJ,
ACME-L00225,Kaiser-Owens,Timothy Miller,Office Manager,timothy.miller@kaiserowens.example.com,2026-04-15 09:13:15.120870,Referral,,,,NY,73
ACME-L00226,Stanton Phillips and Mcfarland,Patricia Miller,,patricia.miller@stantonphillipsandmcfarl.example.com,2026-04-15 09:16:33.754930,Meta Ads,Facebook ,paid_social,msp_q2_leadgen,CA,88
ACME-L00227,Jackson Group,Andrea Ware,Office Manager,andrea.ware@jacksongroup.example.com,2026-04-15 10:41:47.144684,Meta Ads,facebook,paid_social,msp_q2_leadgen,NJ,50
ACME-L00228,Cooper and Sons,Jaclyn Johnson,COO,jaclyn.johnson@cooperandsons.example.com,04/15/2026 12:44:48,Call Tracking,callrail,phone,local_services,CA,70
ACME-L00229,Mitchell-Cruz,Elizabeth Johnson,Practice Manager,elizabeth.johnson@mitchellcruz.example.com,2026-04-15 13:10:23.397045,Facebook,facebook,paid_social,msp_q2_leadgen,NJ,88
ACME-L00230,Mcclure Young and Lee,Kevin Warner,IT Manager,kevin.warner@mcclureyoungandlee.example.com,2026-04-15 14:09:23.400108,Google Ads,google,cpc,msp_q2_search_nonbrand,FL,67
ACME-L00231,Brown Hill and Ross,Alexander Barnes,Office Manager,alexander.barnes@brownhillandross.example.com,2026-04-15 14:31:17.543145,Outbound,,,,IL,42
ACME-L00232,Bautista Rodriguez and Carlson,Christine Robinson,IT Director,christine.robinson@bautistarodriguezandcarl.example.com,2026-04-15 15:38:38.545343,Referral,,,,FL,61
ACME-L00233,Lee Group,Keith Shepherd,CFO,KEITH.SHEPHERD@LEEGROUP.EXAMPLE.COM ,2026-04-15 17:52:06.776483,Outbound,,,,IL,90
ACME-L00234,Butler-Williams,Julie Stephenson,IT Director,JULIE.STEPHENSON@BUTLERWILLIAMS.EXAMPLE.COM ,2026-04-15 18:51:11.506626,Google Ads,google,cpc,msp_q2_search_brand,CA,76
ACME-L00235,Bradley Pitts and Woodard,Willie Thomas,CFO,willie.thomas@bradleypittsandwoodard.example.com,2026-04-16 01:22:46.686844,google,google,cpc,msp_q2_search_brand,MA,94
ACME-L00236,Potts Jones and Mckenzie,Daniel Baldwin,IT Manager,daniel.baldwin@pottsjonesandmckenzie.example.com,2026-04-16 02:34:35.207402,Google Ads,google,cpc,msp_q2_search_nonbrand,IL,64
ACME-L00237,Calhoun Duncan and Graves,Christopher Brown,CFO,CHRISTOPHER.BROWN@CALHOUNDUNCANANDGRAVES.EXAMPLE.COM ,04/16/2026 03:24:34,Google Ads,google,cpc,msp_q2_search_brand,NY,67
ACME-L00238,Henderson Inc,Richard Andrade,IT Manager,richard.andrade@hendersoninc.example.com,2026-04-16 06:10:29.032054,Referral,,,,NY,100
ACME-L00239,Woods Ltd,Michael Rivera,Office Manager,MICHAEL.RIVERA@WOODSLTD.EXAMPLE.COM ,2026-04-16 07:20:22.610334,Outbound,,,,NY,90
ACME-L00240,Wheeler-Lane,Carolyn Holmes,Owner,carolyn.holmes@wheelerlane.example.com,04/16/2026 08:46:39,REFERAL,,,,Unassigned,53
ACME-L00241,Nicholson-Holmes,Joanne Paul,IT Manager,joanne.paul@nicholsonholmes.example.com,2026-04-16 09:29:24.936952,Meta Ads,facebook,paid_social,msp_q2_leadgen,NJ,88
ACME-L00242,Williams Evans and Smith,James Morse,IT Director,james.morse@williamsevansandsmith.example.com,2026-04-16 09:35:10.065574,Meta Ads,facebook,paid_social,,CA,88
ACME-L00243,Bates-Briggs,Zachary Wilcox,Office Manager,zachary.wilcox@batesbriggs.example.com,2026-04-16 10:38:36.549115,Meta Ads,facebook,paid_social,msp_q2_leadgen,NY,61
ACME-L00244,Nguyen Nelson and Johns,Javier Brown,CFO,javier.brown@nguyennelsonandjohns.example.com,2026-04-16 10:54:44.896915,Meta Ads,facebook,paid_social,,TX,
ACME-L00245,Barton-Hall,Bethany Prince,Operations Manager,bethany.prince@bartonhall.example.com,2026-04-16 12:33:45.021095,Meta Ads,facebook,paid_social,msp_q2_leadgen,ny,61
ACME-L00246,Aguirre LLC,Haley Morris,IT Manager,haley.morris@aguirrellc.example.com,2026-04-16 12:47:36.229996,Referral,,,,CA,100
ACME-L00247,Poole Moore and Smith,Laurie Zimmerman,CFO,laurie.zimmerman@poolemooreandsmith.example.com,2026-04-16 13:08:29.873508,Referral,,,,ny,73
ACME-L00248,Sanders-Long,Timothy Morales,COO,timothy.morales@sanderslong.example.com,2026-04-16 13:14:44.653688,Call Tracking,callrail,phone,local_services,TX,49
ACME-L00249,Jimenez Caldwell and Wu,Robin Williams,Practice Manager,robin.williams@jimenezcaldwellandwu.example.com,04/16/2026 14:37:10,Meta Ads,facebook,paid_social,msp_q2_leadgen,TX,88
ACME-L00250,Wright-Berger,Bradley Schmidt,COO,bradley.schmidt@wrightberger.example.com,2026-04-16 15:36:55.996211,Meta Ads,facebook,paid_social,msp_q2_leadgen,NY,61
ACME-L00251,Fuller-Garcia,Robert Patton,COO,robert.patton@fullergarcia.example.com,04/16/2026 15:44:17,Meta Ads,facebook,paid_social,msp_q2_leadgen,CA,61
ACME-L00252,Schwartz LLC,Seth Giles,CFO,seth.giles@schwartzllc.example.com,2026-04-16 16:55:29.069842,Google Ads,google,cpc,msp_q2_search_nonbrand,CA,67
ACME-L00253,Thomas-Andrade,Tammy Robinson,Practice Manager,tammy.robinson@thomasandrade.example.com,2026-04-17 09:03:09.004994,Outbound,,,,CA,63
ACME-L00254,Page-Tran,Sally Sanders,Practice Manager,sally.sanders@pagetran.example.com,2026-04-17 09:28:08.809793,Outbound,,,,NY,90
ACME-L00255,Nelson-Bullock,Hunter Campos,COO,HUNTER.CAMPOS@NELSONBULLOCK.EXAMPLE.COM ,2026-04-17 09:53:34.185716,Google Ads,google,cpc,,ma,94
ACME-L00256,Mcgee-Marshall,Judy Chavez,Owner,judy.chavez@mcgeemarshall.example.com,2026-04-17 10:45:09.909682,Google Ads,Google ,cpc,msp_q2_search_nonbrand,fl,94
ACME-L00257,Morales Hoffman and Andrews,Nichole Oconnell,Owner,nichole.oconnell@moraleshoffmanandandrews.example.com,2026-04-17 12:31:58.547290,Meta Ads,facebook,paid_social,msp_q2_leadgen,NJ,58
ACME-L00258,Myers PLC,Melissa Compton,Office Manager,melissa.compton@myersplc.example.com,2026-04-17 13:52:05.315741,Google Ads,google,cpc,msp_q2_search_nonbrand,CA,37
ACME-L00259,Conner LLC,Darin Schmidt,IT Manager,darin.schmidt@connerllc.example.com,2026-04-17 14:41:23.671642,Google Ads,google,cpc,msp_q2_search_nonbrand,NY,94
ACME-L00260,Wright and Sons,Daniel Johnson,Practice Manager,DANIEL.JOHNSON@WRIGHTANDSONS.EXAMPLE.COM ,2026-04-17 14:53:59.564912,Outbound,,,,TX,90
ACME-L00261,Anderson Carter and Russell,Keith Sanchez,COO,keith.sanchez@andersoncarterandrussell.example.com,2026-04-17 15:30:41.788874,Call Tracking,callrail,phone,local_services,FL,67
ACME-L00262,Thomas Inc,Daniel Howell,CFO,daniel.howell@thomasinc.example.com,2026-04-17 15:38:45.350044,Google Ads,google,cpc,msp_q2_search_brand,NY,67
ACME-L00263,Stokes Valdez and Ritter,Curtis Wells,Practice Manager,curtis.wells@stokesvaldezandritter.example.com,2026-04-17 15:43:46.874599,Meta Ads,facebook,paid_social,msp_q2_leadgen,tx,88
ACME-L00264,Morgan Group,Claire Mccullough,Office Manager,claire.mccullough@morgangroup.example.com,2026-04-17 16:39:44.819747,Google Ads,google,cpc,msp q2 search nonbrand,New York,94
ACME-L00265,Mueller-Knight,Kelly Brown,COO,kelly.brown@muellerknight.example.com,2026-04-17 16:47:25.085469,Meta Ads,facebook,paid_social,msp_q2_leadgen,NY,88
ACME-L00266,Garcia Nguyen and Scott,David Olson,Owner,DAVID.OLSON@GARCIANGUYENANDSCOTT.EXAMPLE.COM ,2026-04-17 20:18:16.199226,Meta Ads,facebook,paid_social,msp_q2_leadgen,IL,61
ACME-L00267,Howard-Hernandez,Tara Ochoa,Office Manager,tara.ochoa@howardhernandez.example.com,2026-04-17 22:56:50.258382,Adwords,google,cpc,msp_q2_search_brand,IL,94
ACME-L00268,Bennett Group,Bryan Mora,Operations Manager,bryan.mora@bennettgroup.example.com,2026-04-17 23:06:27.497155,Call Tracking,callrail,phone,gbp_listing,CA,97
ACME-L00269,Holland Perry and Austin,William Brown,COO,william.brown@hollandperryandaustin.example.com,2026-04-18 09:43:34.255113,Google Ads,google,cpc, MSP_Q2_SEARCH_NONBRAND,NY,94
ACME-L00270,Rhodes PLC,Jermaine Ortiz,Office Manager,jermaine.ortiz@rhodesplc.example.com,2026-04-18 12:46:35.905951,Referral,,,,NY,73
ACME-L00271,Beasley Fisher and Moore,Kelly Hunt,,kelly.hunt@beasleyfisherandmoore.example.com,2026-04-18 14:29:27.104524,Referral,,,,Texas,43
ACME-L00272,Rosario-Hernandez,Gregory Hall,Owner,gregory.hall@rosariohernandez.example.com,2026-04-19 00:31:25.059228,Meta Ads,Facebook ,paid_social,msp_q2_leadgen,CA,88
ACME-L00273,Jenkins Inc,Dustin Stone,Owner,dustin.stone@jenkinsinc.example.com,2026-04-19 00:44:08.207697,Outbound,,,,IL,90
ACME-L00274,Smith PLC,Ian Campbell,,ian.campbell@smithplc.example.com,2026-04-19 09:53:26.985632,GOOGLE,Google ,cpc,msp_q2_search_nonbrand,,67
ACME-L00275,Day Miller and Williams,Dana Chung,IT Manager,DANA.CHUNG@DAYMILLERANDWILLIAMS.EXAMPLE.COM ,2026-04-19 10:44:17.276432,Outbound,,,,NJ,90
ACME-L00276,Smith-Gamble,Robert Sexton,Operations Manager,robert.sexton@smithgamble.example.com,2026-04-19 13:28:08.984418,Outbound,,,,IL,63
ACME-L00277,Morgan Fisher and Fleming,James Robles,IT Manager,JAMES.ROBLES@MORGANFISHERANDFLEMING.EXAMPLE.COM ,2026-04-19 15:07:47.750666,Google Ads,google,cpc,msp_q2_search_nonbrand,TX,67
ACME-L00278,Wolf Inc,Scott Salazar,,scott.salazar@wolfinc.example.com,2026-04-19 15:37:35.353610,Referral,,,,MA,49
ACME-L00279,Williams PLC,Megan Chambers,IT Director,megan.chambers@williamsplc.example.com,2026-04-19 15:49:04.070207,Call Tracking,callrail,phone,gbp_listing,NY,94
ACME-L00280,Robinson Atkins and Davis,Lori Jackson,IT Director,lori.jackson@robinsonatkinsanddavis.example.com,2026-04-19 18:11:59.692177,Referral,,,,NJ,73
ACME-L00281,Hill Daniels and Glass,Christine King,IT Director,christine.king@hilldanielsandglass.example.com,04/19/2026 18:31:14,Meta Ads,facebook,paid_social,msp_q2_leadgen,FL,88
ACME-L00282,Graham Zavala and Brock,Roberta Briggs,IT Manager,roberta.briggs@grahamzavalaandbrock.example.com,2026-04-19 19:04:32.849583,Ppc,google,cpc,msp_q2_search_brand,NY,91
ACME-L00283,Lane and Sons,Jacob Hayes,CFO,jacob.hayes@laneandsons.example.com,04/19/2026 20:17:30,Ppc,google,cpc,msp_q2_search_brand,NJ,67
ACME-L00284,Parrish Johnston and Villanueva,Kelly Rodriguez,CFO,kelly.rodriguez@parrishjohnstonandvillan.example.com,2026-04-19 21:10:09.141552,Meta Ads,facebook,paid_social,msp q2 leadgen,NJ,61
ACME-L00285,Brown Long and Villanueva,Nicole Oconnor,COO,nicole.oconnor@brownlongandvillanueva.example.com,04/20/2026 08:01:27,Google Ads,Google ,cpc,msp_q2_search_nonbrand,IL,67
ACME-L00286,Snyder-Mason,Joshua Martinez,Practice Manager,JOSHUA.MARTINEZ@SNYDERMASON.EXAMPLE.COM ,04/20/2026 08:02:41,Referral,,,,CA,100
ACME-L00287,Hood Ltd,Barbara Mills,COO,barbara.mills@hoodltd.example.com,2026-04-20 08:28:39.287395,Call Tracking,callrail,phone,local_services,CA,70
ACME-L00288,Hale and Sons,Christopher Evans,Practice Manager,christopher.evans@haleandsons.example.com,2026-04-20 09:55:57.990936,Call Tracking,callrail,phone,local services,CA,97
ACME-L00289,Smith-Stevens,Lori Donaldson,IT Manager,lori.donaldson@smithstevens.example.com,2026-04-20 10:05:26.326172,Outbound,,,,NY,63
ACME-L00290,Glass-Evans,Jennifer Larson,Operations Manager,jennifer.larson@glassevans.example.com,2026-04-20 11:18:00.206210,Google Ads,Google ,cpc,msp_q2_search_brand,NJ,52
ACME-L00291,Reynolds Simpson and Davenport,Phillip Hunter,CFO,PHILLIP.HUNTER@REYNOLDSSIMPSONANDDAVENP.EXAMPLE.COM ,2026-04-20 13:06:17.065563,Referral,,,,MA,100
ACME-L00292,Jensen-Reynolds,William Woodard,COO,william.woodard@jensenreynolds.example.com,2026-04-20 13:47:21.672823,SDR,,,,TX,63
ACME-L00293,Hall and Sons,Joseph Small,Operations Manager,joseph.small@hallandsons.example.com,2026-04-20 14:12:07.246585,Google Ads,google,cpc,msp_q2_search_nonbrand,CA,64
ACME-L00294,Wilkerson-Weaver,Jeremy Perez,IT Director,JEREMY.PEREZ@WILKERSONWEAVER.EXAMPLE.COM ,04/20/2026 14:12:45,google_cpc,Google ,cpc,msp_q2_search_brand,MA,52
ACME-L00295,Williams-Ortiz,Joshua White,COO,joshua.white@williamsortiz.example.com,2026-04-20 15:54:06.863316,Call Tracking,callrail,phone,gbp_listing,NJ,70
ACME-L00296,Sanchez Baker and Bryant,Chad Randolph,,chad.randolph@sanchezbakerandbryant.example.com,2026-04-20 16:18:59.885076,Google Ads,google,cpc,,NY,67
ACME-L00297,Carson-Mejia,Catherine Murphy,Office Manager,catherine.murphy@carsonmejia.example.com,2026-04-20 17:06:32.249609,Google Ads,Google ,cpc,msp_q2_search_brand,ca,94
ACME-L00298,Brown Reeves and Tran,Duane Harrell,IT Director,duane.harrell@brownreevesandtran.example.com,2026-04-20 17:24:55.648378,Meta Ads,Facebook ,paid_social,msp_q2_leadgen,NY,88
ACME-L00299,Burke LLC,Brenda Bray,Owner,brenda.bray@burkellc.example.com,2026-04-20 17:33:25.759674,Meta Ads,facebook,paid_social,msp_q2_leadgen,TX,61
ACME-L00300,Prince and Sons,Sheila Schneider,IT Manager,sheila.schneider@princeandsons.example.com,2026-04-20 17:59:26.272767,Referral,,,,CA,73
ACME-L00301,Jimenez Inc,Sheila Wang,Office Manager,sheila.wang@jimenezinc.example.com,04/20/2026 18:45:57,Sdr,,,,NY,63
ACME-L00302,Jones PLC,Kathleen Gonzalez,IT Director,KATHLEEN.GONZALEZ@JONESPLC.EXAMPLE.COM ,2026-04-21 06:40:53.185012,Google Ads,google,cpc,msp_q2_search_brand,FL,94
ACME-L00303,Lopez PLC,Patrick Willis,CFO,PATRICK.WILLIS@LOPEZPLC.EXAMPLE.COM ,2026-04-21 09:14:06.752489,Outbound,,,,MA,90
ACME-L00304,Freeman PLC,Denise Johnson,IT Manager,denise.johnson@freemanplc.example.com,2026-04-21 09:18:34.185834,Referral,,,,MA,73
ACME-L00305,Lopez and Sons,Eric Henson,CFO,eric.henson@lopezandsons.example.com,04/21/2026 09:22:10,Outbound,,,,MA,90
ACME-L00306,Boyd and Sons,Jennifer Gonzalez,COO,jennifer.gonzalez@boydandsons.example.com,2026-04-21 10:22:10.970050,Google Ads,google,cpc,msp_q2_search_nonbrand,MA,67
ACME-L00307,Ward Group,Katelyn Dickerson,Office Manager,katelyn.dickerson@wardgroup.example.com,2026-04-21 11:26:52.842251,Google Ads,google,cpc,msp_q2_search_nonbrand,MA,94
ACME-L00308,Anderson Rose and Allen,Daniel Martin,COO,daniel.martin@andersonroseandallen.example.com,2026-04-21 11:41:04.797745,Referral,,,,NJ,100
ACME-L00309,Norris-Scott,Jerry Cook,Operations Manager,jerry.cook@norrisscott.example.com,2026-04-21 14:22:48.988658,Referral,,,,IL,73
ACME-L00310,Sanders Group,Francisco Contreras,,francisco.contreras@sandersgroup.example.com,2026-04-21 15:10:26.578910,Call Tracking,callrail,phone,local_services,NY,97
ACME-L00311,Garrison Burch and Chavez,Adrienne Barker,CFO,adrienne.barker@garrisonburchandchavez.example.com,2026-04-21 16:07:27.056353,Google Ads,google,cpc,msp_q2_search_brand,MA,67
ACME-L00312,Ford Miller and Stewart,Anthony Ramirez,Operations Manager,anthony.ramirez@fordmillerandstewart.example.com,2026-04-21 16:43:07.579587,Outbound,,,,Massachusetts,80
ACME-L00313,Chaney Fields and Williams,Robert French,Office Manager,robert.french@chaneyfieldsandwilliams.example.com,2026-04-21 17:00:06.670449,Referral,,,,CA,86
ACME-L00314,Smith Johnson and Mooney,Michelle Tucker,Practice Manager,michelle.tucker@smithjohnsonandmooney.example.com,2026-04-21 18:03:07.883168,Google Ads,google,cpc,msp_q2_search_brand,NY,67
ACME-L00315,Wheeler Norris and Jacobs,Austin Perkins,Practice Manager,austin.perkins@wheelernorrisandjacobs.example.com,2026-04-21 20:17:12.342981,Outbound,,,,CA,63
ACME-L00316,Garcia and Sons,Misty Fisher,CFO,misty.fisher@garciaandsons.example.com,2026-04-22 01:54:16.727453, outbound - sdr ,,,,CA,90
ACME-L00317,Miller PLC,Michelle Oneal,IT Manager,michelle.oneal@millerplc.example.com,2026-04-22 04:13:37.965107,ppc,google,cpc,msp_q2_search_brand,NJ,94
ACME-L00318,Reyes and Sons,Kevin Hood,Practice Manager,kevin.hood@reyesandsons.example.com,2026-04-22 08:24:45.517372,GOOGLE ADS SEARCH,google,cpc,msp_q2_search_nonbrand,MA,
ACME-L00319,Bradley LLC,Daniel Howard,IT Manager,daniel.howard@bradleyllc.example.com,2026-04-22 09:05:51.214599,Google Ads,google,cpc,msp_q2_search_nonbrand,FL,67
ACME-L00320,Clark Group,Latoya Jackson,IT Manager,latoya.jackson@clarkgroup.example.com,2026-04-22 09:52:53.703995,Meta Ads,facebook,paid_social,msp_q2_leadgen,NJ,61
ACME-L00321,Glass and Sons,Michelle Allen,Office Manager,michelle.allen@glassandsons.example.com,2026-04-22 10:30:56.687623,Outbound,,,,NY,63
ACME-L00322,Mejia-Anderson,Brett Thomas,IT Manager,brett.thomas@mejiaanderson.example.com,2026-04-22 11:05:13.206580,google_cpc,google,cpc,msp_q2_search_nonbrand,NY,42
ACME-L00323,Cain-Coffey,Brian Nicholson,Owner,brian.nicholson@caincoffey.example.com,2026-04-22 11:40:32.074863,Call Tracking,callrail,phone,gbp_listing,CA,70
ACME-L00324,Golden-Blair,Keith Baird,Owner,keith.baird@goldenblair.example.com,2026-04-22 11:58:19.243080,Outbound,,,,Unassigned,70
ACME-L00325,Smith Young and Williams,Daniel Bailey,Operations Manager,daniel.bailey@smithyoungandwilliams.example.com,2026-04-22 16:23:35.734480,GOOGLE,google,cpc,msp_q2_search_nonbrand,NY,67
ACME-L00326,King PLC,Crystal Long,Owner,crystal.long@kingplc.example.com,2026-04-22 16:48:07.156399,Call Tracking,callrail,phone,local_services,CA,70
ACME-L00327,Jordan Marshall and Williams,Erica Chavez,Practice Manager,erica.chavez@jordanmarshallandwilliam.example.com,2026-04-22 19:24:48.356149,Google Ads,google,cpc,msp_q2_search_brand,NY,67
ACME-L00328,Bennett Ltd,Nicholas Wise,Operations Manager,nicholas.wise@bennettltd.example.com,2026-04-23 01:29:50.510700,Google Ads,google,cpc,msp_q2_search_brand,NY,67
ACME-L00329,Massey Wilson and Greene,Andrea Sims,COO,ANDREA.SIMS@MASSEYWILSONANDGREENE.EXAMPLE.COM ,2026-04-23 02:29:07.402139,Facebook ads,facebook,paid_social,msp q2 leadgen,NY,56
ACME-L00330,Moses-Martinez,Tamara Clark,CFO,tamara.clark@mosesmartinez.example.com,2026-04-23 02:49:09.248758,Google Ads,google,cpc,msp_q2_search_brand,FL,45
ACME-L00331,Fields Inc,Sandra Edwards,IT Director,sandra.edwards@fieldsinc.example.com,2026-04-23 08:52:17.490775, cold email ,,,,CA,63
ACME-L00332,Williams PLC,Teresa Aguilar,Operations Manager,teresa.aguilar@williamsplc.example.com,2026-04-23 09:55:34.481701,Google Ads,google,cpc,msp_q2_search_nonbrand,NY,91
ACME-L00333,Montoya Johnson and Davis,Holly Lee,Office Manager,holly.lee@montoyajohnsonanddavis.example.com,2026-04-23 10:02:57.703116,Google Ads,google,cpc,msp_q2_search_nonbrand,CA,94
ACME-L00334,Rodriguez Bryan and Haynes,Meghan Jacobson,Office Manager,meghan.jacobson@rodriguezbryanandhaynes.example.com,2026-04-23 10:32:36.499916,Outbound,,,,NJ,62
ACME-L00335,King-Paul,Kevin Bradley,COO,kevin.bradley@kingpaul.example.com,2026-04-23 11:45:12.518911,Meta Ads,facebook,paid_social,msp_q2_leadgen,IL,
ACME-L00336,Figueroa Group,Jacqueline Matthews,Practice Manager,jacqueline.matthews@figueroagroup.example.com,2026-04-23 12:07:57.307677,Call Tracking,callrail,phone,gbp_listing,Unassigned,50
ACME-L00337,Mullins-Wright,Calvin Johnson,CFO,calvin.johnson@mullinswright.example.com,2026-04-23 13:28:56.622910,Outbound,,,,IL,90
ACME-L00338,Martin-Mayer,Erin Woodard,Owner,erin.woodard@martinmayer.example.com,2026-04-23 14:09:08.565920,Partner Referral,,,,NY,100
ACME-L00339,Nguyen Stephens and Flowers,Bruce Singh,Practice Manager,bruce.singh@nguyenstephensandflowers.example.com,2026-04-23 16:09:32.812055,Outbound,,,,NY,33
ACME-L00340,Bennett King and Simmons,Jacob Smith,Owner,jacob.smith@bennettkingandsimmons.example.com,2026-04-23 17:41:11.095289,Google Ads,google,cpc,,Illinois,94
ACME-L00341,Anderson-Wilkins,William Eaton,Operations Manager,william.eaton@andersonwilkins.example.com,2026-04-23 21:58:03.780976,Google Ads,google,cpc,msp_q2_search_brand,NJ,94
ACME-L00342,Lopez Brown and King,John Fox,IT Manager,john.fox@lopezbrownandking.example.com,2026-04-24 01:09:04.767329,Outbound,,,,NY,63
ACME-L00343,Francis Johnson and Beck,Nicholas Brooks,,NICHOLAS.BROOKS@FRANCISJOHNSONANDBECK.EXAMPLE.COM ,2026-04-24 04:35:57.236043,Google Ads,google,cpc,msp_q2_search_brand,CA,94
ACME-L00344,Russell Griffith and Brown,Lisa Rogers,IT Director,lisa.rogers@russellgriffithandbrown.example.com,2026-04-24 08:20:26.246199,Meta Ads,facebook,paid_social,msp_q2_leadgen,CA,31
ACME-L00345,Rivera LLC,Jennifer Anderson,IT Director,jennifer.anderson@riverallc.example.com,04/24/2026 08:58:10,Outbound,,,,,
ACME-L00346,Love PLC,Allen Sparks,,allen.sparks@loveplc.example.com,2026-04-24 09:01:02.523190,Meta Ads,facebook,paid_social,msp_q2_leadgen,NJ,61
ACME-L00347,Holmes-Guerrero,Monique Kline,COO,monique.kline@holmesguerrero.example.com,2026-04-24 09:20:23.134636,Outbound,,,,IL,47
ACME-L00348,Arnold Inc,Aaron Martinez,Practice Manager,aaron.martinez@arnoldinc.example.com,2026-04-24 09:25:13.534000,Google Ads,google,cpc,msp_q2_search_nonbrand,CA,37
ACME-L00349,Finley-Hughes,John Jordan,IT Manager,john.jordan@finleyhughes.example.com,2026-04-24 09:34:54.918474,Meta Ads,facebook,paid_social,msp_q2_leadgen,CA,61
ACME-L00350,Perkins and Sons,Julie Green,Practice Manager,julie.green@perkinsandsons.example.com,2026-04-24 11:15:18.017859,Google Ads,google,cpc,msp q2 search brand,FL,94
ACME-L00351,Morales-Saunders,Rachel Matthews,COO,rachel.matthews@moralessaunders.example.com,04/24/2026 11:26:49,Meta Ads,facebook,paid_social,msp_q2_leadgen,MA,61
ACME-L00352,Holder PLC,James Spence,Office Manager,james.spence@holderplc.example.com,2026-04-24 11:50:13.822706,Google Ads,Google ,cpc,msp_q2_search_brand,MA,
ACME-L00353,Barajas LLC,Jesse Williams,Practice Manager,jesse.williams@barajasllc.example.com,2026-04-24 12:11:14.267126,Google Ads,Google ,cpc,msp_q2_search_nonbrand,TX,94
ACME-L00354,Roberts and Sons,Lisa Camacho,Office Manager,lisa.camacho@robertsandsons.example.com,2026-04-24 12:15:14.438253,Outbound,,,,NY,60
ACME-L00355,Wallace Bell and Davis,Harold Nelson,Office Manager,harold.nelson@wallacebellanddavis.example.com,2026-04-24 12:23:27.012794,Google Ads,google,cpc,msp_q2_search_nonbrand,CA,67
ACME-L00356,Harris Flores and Coleman,Andrew Scott,IT Director,andrew.scott@harrisfloresandcoleman.example.com,2026-04-24 12:38:06.717443,adwords,google,cpc,,,67
ACME-L00357,Thomas-Shaw,Samantha Clark,Office Manager,samantha.clark@thomasshaw.example.com,2026-04-24 15:17:53.282118,Referral,,,,nj,73
ACME-L00358,Wolfe Mathews and Kim,Jenny Hudson,COO,jenny.hudson@wolfemathewsandkim.example.com,04/24/2026 15:24:47,Outbound - Sdr,,,,IL,90
ACME-L00359,Gordon York and Montgomery,Anthony Gutierrez,CFO,anthony.gutierrez@gordonyorkandmontgomery.example.com,2026-04-24 16:05:57.949822,Call Tracking,callrail,phone,local_services,NY,97
ACME-L00360,Sanders-Haney,Edward Horn,Practice Manager,edward.horn@sandershaney.example.com,2026-04-24 17:38:52.920575,Meta Ads,facebook,paid_social,msp_q2_leadgen,MA,61
ACME-L00361,Miller PLC,Rebecca Bowers,Office Manager,rebecca.bowers@millerplc.example.com,2026-04-24 23:10:17.385129,Outbound - sdr,,,,NJ,90
ACME-L00362,Evans-Herrera,Leah Graham,IT Manager,leah.graham@evansherrera.example.com,2026-04-25 00:19:37.648404, adwords ,google,cpc,msp_q2_search_nonbrand,CA,67
ACME-L00363,Adams-Mccoy,Crystal Warner,Practice Manager,crystal.warner@adamsmccoy.example.com,2026-04-25 02:10:30.479252,Callrail,Callrail ,phone,gbp_listing,NY,70
ACME-L00364,Flores LLC,Jonathan Hudson,Owner,jonathan.hudson@floresllc.example.com,2026-04-25 02:24:12.303487,Google Ads,google,cpc,msp_q2_search_brand,NY,94
ACME-L00365,Davis and Sons,Patrick Brewer,Practice Manager,patrick.brewer@davisandsons.example.com,2026-04-25 10:39:22.251180,Meta Ads,facebook,paid_social,msp q2 leadgen,NJ,88
ACME-L00366,Sims Ltd,Hannah Walter,Practice Manager,hannah.walter@simsltd.example.com,2026-04-25 12:21:02.330814,Google Ads,google,cpc,,MA,90
ACME-L00367,Johnson-Jenkins,Lisa Wang,COO,lisa.wang@johnsonjenkins.example.com,2026-04-25 17:40:48.513980,Outbound,,,,NY,63
ACME-L00368,Hamilton Inc,John Arnold,Operations Manager,john.arnold@hamiltoninc.example.com,04/25/2026 19:20:00,Google Ads,Google ,cpc,msp_q2_search_brand,TX,94
ACME-L00369,Brady Ltd,Joseph Poole,IT Manager,joseph.poole@bradyltd.example.com,2026-04-26 00:56:49.709813,Google Ads,google,cpc,msp_q2_search_brand,IL,67
ACME-L00370,Parsons Davis and Montoya,Douglas Willis,Practice Manager,douglas.willis@parsonsdavisandmontoya.example.com,2026-04-26 04:09:35.179734,Call Tracking,callrail,phone,gbp_listing,IL,55
ACME-L00371,Dorsey Holden and Skinner,Amanda Kennedy,COO,amanda.kennedy@dorseyholdenandskinner.example.com,2026-04-26 15:00:18.595439,Meta Ads,facebook,paid_social,msp_q2_leadgen,,61
ACME-L00372,Fisher LLC,Andrew Knight,CFO,andrew.knight@fisherllc.example.com,04/26/2026 19:59:05,Meta Ads,facebook,paid_social,msp_q2_leadgen,CA,88
ACME-L00373,Dixon Brown and Gordon,Nicholas Tapia,CFO,nicholas.tapia@dixonbrownandgordon.example.com,2026-04-26 20:48:44.323333,Outbound,,,,TX,63
ACME-L00374,Schwartz Ltd,Brad Jones,IT Manager,brad.jones@schwartzltd.example.com,2026-04-26 21:16:18.984857,Outbound,,,,NJ,55
ACME-L00375,Hays Ltd,Joanna Moore,Owner,joanna.moore@haysltd.example.com,04/27/2026 02:57:27,Referral,,,,Unassigned,80
ACME-L00376,Bailey Inc,Travis Robles,Practice Manager,travis.robles@baileyinc.example.com,2026-04-27 03:47:02.016914,Google Ads,google,cpc,msp_q2_search_nonbrand,NY,67
ACME-L00377,Mendoza Ltd,Maurice Day,Practice Manager,maurice.day@mendozaltd.example.com,2026-04-27 11:55:26.495024,Google Ads,google,cpc,msp q2 search brand,NY,69
ACME-L00378,Rosario-Jensen,Jose Moran,,jose.moran@rosariojensen.example.com,2026-04-27 12:22:51.637618,Outbound,,,,CA,63
ACME-L00379,Carroll Hayes and Manning,Sandra Diaz,IT Director,SANDRA.DIAZ@CARROLLHAYESANDMANNING.EXAMPLE.COM ,2026-04-27 12:44:54.723472,outbound - sdr,,,,,63
ACME-L00380,Little Inc,Juan Mcclure,COO,juan.mcclure@littleinc.example.com,2026-04-27 15:26:57.481073,Google Ads,Google ,cpc,msp_q2_search_nonbrand,TX,67
ACME-L00381,Schmidt LLC,Cynthia Smith,Office Manager,cynthia.smith@schmidtllc.example.com,2026-04-27 15:52:09.979867,Google Ads,google,cpc,msp_q2_search_nonbrand,ny,57
ACME-L00382,Black and Sons,Stephanie Rice,Office Manager,stephanie.rice@blackandsons.example.com,2026-04-27 16:05:16.523423, meta ,facebook,paid_social,msp_q2_leadgen,NY,55
ACME-L00383,Maddox Group,William Lee,CFO,william.lee@maddoxgroup.example.com,2026-04-27 16:19:13.407071,Google Ads,google,cpc,msp_q2_search_nonbrand,IL,67
ACME-L00384,Gilbert-Young,Nathan Gonzalez,Owner,NATHAN.GONZALEZ@GILBERTYOUNG.EXAMPLE.COM ,2026-04-27 17:05:36.087456,Google ads search,Google ,cpc,msp_q2_search_brand,NJ,94
ACME-L00385,French Ltd,Sarah Young,IT Director,sarah.young@frenchltd.example.com,2026-04-27 17:42:10.096854,Call Tracking,callrail,phone,gbp_listing,MA,
ACME-L00386,Banks-Parker,John Price,Office Manager,JOHN.PRICE@BANKSPARKER.EXAMPLE.COM ,2026-04-27 17:43:18.321056,Google Ads,google,cpc,msp_q2_search_nonbrand,Unassigned,74
ACME-L00387,Cantrell Group,Leonard Lawson,Practice Manager,leonard.lawson@cantrellgroup.example.com,2026-04-27 19:48:29.272284,Meta Ads,facebook,paid_social,msp_q2_leadgen,MA,88
ACME-L00388,Taylor-Lee,Christopher Peterson,IT Director,christopher.peterson@taylorlee.example.com,2026-04-27 21:50:06.801948,Meta Ads,facebook,paid_social,msp_q2_leadgen,NJ,88
ACME-L00389,Vang Inc,Alexis Quinn,Practice Manager,alexis.quinn@vanginc.example.com,2026-04-27 22:27:26.848905,Meta Ads,facebook,paid_social,msp_q2_leadgen,TX,58
ACME-L00390,Lambert-Wilson,David Barnes,COO,david.barnes@lambertwilson.example.com,2026-04-28 02:16:52.045402,Call Tracking,callrail,phone,gbp_listing,MA,70
ACME-L00391,Davis-Little,Monica Casey,CFO,monica.casey@davislittle.example.com,2026-04-28 05:53:53.570276,GOOGLE ADS SEARCH,google,cpc,msp_q2_search_brand,CA,94
ACME-L00392,Glover-Patterson,Anthony Gill,IT Director,anthony.gill@gloverpatterson.example.com,2026-04-28 07:29:06.431324,instagram,facebook,paid_social,msp_q2_leadgen,NJ,88
ACME-L00393,Haynes Wagner and Browning,Karen Carroll,Office Manager,KAREN.CARROLL@HAYNESWAGNERANDBROWNING.EXAMPLE.COM ,2026-04-28 09:39:54.716295,Call Tracking,Callrail ,phone,gbp_listing,,97
ACME-L00394,Calderon PLC,Jessica Juarez,COO,jessica.juarez@calderonplc.example.com,2026-04-28 09:49:30.118565,Meta Ads,facebook,paid_social,msp_q2_leadgen,FL,61
ACME-L00395,Pollard Phillips and Johnson,Jonathan Rojas,,jonathan.rojas@pollardphillipsandjohnso.example.com,2026-04-28 09:53:58.156485,Google Ads,google,cpc,msp_q2_search_brand,California,94
ACME-L00396,Lane-Moore,Lisa Mays,Office Manager,lisa.mays@lanemoore.example.com,2026-04-28 09:57:34.151541,Meta Ads,facebook,paid_social,msp_q2_leadgen,MA,57
ACME-L00397,Vaughn PLC,Stephanie Pena,Practice Manager,stephanie.pena@vaughnplc.example.com,2026-04-28 10:11:05.868995,Outbound,,,,CA,63
ACME-L00398,Miller Davis and Jimenez,Jenna Griffin,Office Manager,jenna.griffin@millerdavisandjimenez.example.com,2026-04-28 11:32:58.851746,Google Ads,google,cpc,msp_q2_search_brand,FL,67
ACME-L00399,Reeves Foley and Blair,Christopher Fuller,IT Director,christopher.fuller@reevesfoleyandblair.example.com,2026-04-28 12:54:32.814501,Referral,,,,TX,73
ACME-L00400,Ryan Ayala and Malone,Kimberly Carter,COO,kimberly.carter@ryanayalaandmalone.example.com,2026-04-28 14:20:01.048395,Google Ads,google,cpc,msp_q2_search_nonbrand,MA,67
ACME-L00401,Conner Group,Amber Herrera,Operations Manager,amber.herrera@connergroup.example.com,2026-04-28 14:37:28.256839,Outbound,,,,CA,90
ACME-L00402,Barry Gutierrez and Brown,Annette Rodriguez,CFO,annette.rodriguez@barrygutierrezandbrown.example.com,2026-04-28 15:16:53.726761,Meta Ads,facebook,paid_social,msp_q2_leadgen,NJ,88
ACME-L00403,Murray-Bowers,Caitlin Hunt,,caitlin.hunt@murraybowers.example.com,04/28/2026 15:55:50,Google Ads,google,cpc,msp_q2_search_brand,MA,67
ACME-L00404,Fuller-Leonard,Betty Rodriguez,Office Manager,BETTY.RODRIGUEZ@FULLERLEONARD.EXAMPLE.COM ,2026-04-28 15:57:04.971226,Referral,,,,TX,73
ACME-L00405,Mack-Parker,Linda Miller,,linda.miller@mackparker.example.com,2026-04-28 18:21:35.455464,Meta Ads,facebook,paid_social,msp_q2_leadgen,TX,88
ACME-L00406,Diaz-Lang,William Sandoval,Owner,william.sandoval@diazlang.example.com,2026-04-28 21:40:12.585089,Outbound,,,,NJ,54
ACME-L00407,Griffin-Baker,Suzanne Kaufman,Owner,suzanne.kaufman@griffinbaker.example.com,2026-04-28 21:59:09.456231,Google Ads,Google ,cpc,msp_q2_search_nonbrand,CA,94
ACME-L00408,Schaefer Castro and Conley,David Fischer,Operations Manager,david.fischer@schaefercastroandconley.example.com,04/29/2026 02:27:10,Google Ads,google,cpc,msp_q2_search_nonbrand,NY,67
ACME-L00409,Martin Ltd,Craig Cruz,Owner,craig.cruz@martinltd.example.com,2026-04-29 08:20:37.675197,Outbound,,,,NJ,90
ACME-L00410,Frank LLC,Richard Roberson,CFO,RICHARD.ROBERSON@FRANKLLC.EXAMPLE.COM ,2026-04-29 08:21:07.820008,Meta Ads,facebook,paid_social,msp_q2_leadgen,NJ,56
ACME-L00411,Bennett LLC,Karen Jimenez,Office Manager,karen.jimenez@bennettllc.example.com,04/29/2026 09:28:16,Google Ads,google,cpc,msp_q2_search_brand,NY,94
ACME-L00412,Vaughn Inc,Katherine Evans,CFO,katherine.evans@vaughninc.example.com,2026-04-29 09:41:37.840757,Referral,,,,TX,100
ACME-L00413,Roberts Lane and Howard,Kimberly Vincent,COO,kimberly.vincent@robertslaneandhoward.example.com,2026-04-29 10:29:16.619225,Referral,,,,MA,73
ACME-L00414,Peck Brown and Bradley,Benjamin Wilson,Operations Manager,benjamin.wilson@peckbrownandbradley.example.com,2026-04-29 10:41:59.880082,Google Ads,Google ,cpc,msp_q2_search_nonbrand,TX,94
ACME-L00415,Marshall-Griffin,Christine Fuentes,Practice Manager,christine.fuentes@marshallgriffin.example.com,2026-04-29 11:27:39.795634,Call Tracking,callrail,phone,gbp_listing,FL,81
ACME-L00416,Fuller Group,Teresa Morris,IT Manager,teresa.morris@fullergroup.example.com,2026-04-29 12:40:33.992851,Meta Ads,facebook,paid_social,msp_q2_leadgen,MA,58
ACME-L00417,Lin Snyder and Smith,Renee Woods,Practice Manager,renee.woods@linsnyderandsmith.example.com,2026-04-29 13:39:19.173041,Outbound,,,,MA,63
ACME-L00418,Johnson PLC,Rebecca Drake,CFO,rebecca.drake@johnsonplc.example.com,2026-04-29 13:48:10.702158,PPC,google,cpc,msp_q2_search_nonbrand,MA,81
ACME-L00419,Martinez PLC,Susan Mccall,Practice Manager,susan.mccall@martinezplc.example.com,2026-04-29 14:01:24.098449,Meta Ads,facebook,paid_social,msp_q2_leadgen,NY,88
ACME-L00420,Kelly-Carr,Tristan Robinson,IT Director,tristan.robinson@kellycarr.example.com,2026-04-29 14:13:49.822961,Referral,,,,NY,73
ACME-L00421,Butler-Ortega,Stacy Thomas,,stacy.thomas@butlerortega.example.com,2026-04-29 14:17:45.465393,Google Ads,google,cpc,msp_q2_search_nonbrand,NJ,94
ACME-L00422,Brady Group,Patrick Reese,Practice Manager,patrick.reese@bradygroup.example.com,2026-04-29 14:42:32.203316,Google Ads,google,cpc,msp_q2_search_nonbrand,,94
ACME-L00423,Young and Sons,Jonathan Friedman,IT Manager,jonathan.friedman@youngandsons.example.com,2026-04-29 14:48:09.524898,Google Ads,google,cpc,msp_q2_search_nonbrand,NJ,94
ACME-L00424,Ponce Martinez and Gordon,Crystal Roy,Operations Manager,crystal.roy@poncemartinezandgordon.example.com,2026-04-29 14:48:56.223623,Google Ads,google,cpc,msp_q2_search_nonbrand,NJ,81
ACME-L00425,Robinson Burns and Fletcher,Justin Owens,IT Director,justin.owens@robinsonburnsandfletcher.example.com,2026-04-29 14:50:21.747082,Outbound,,,,CA,60
ACME-L00426,Williams Smith and Hernandez,Craig Cox,Owner,craig.cox@williamssmithandhernande.example.com,2026-04-29 16:41:27.077877,Meta Ads,facebook,paid_social,msp_q2_leadgen,FL,34
ACME-L00427,Parks Ltd,Sarah Jones,Practice Manager,sarah.jones@parksltd.example.com,2026-04-29 17:11:19.541058,Meta Ads,Facebook ,paid_social,msp_q2_leadgen,NJ,88
ACME-L00428,Simon LLC,Deborah Kaiser,CFO,deborah.kaiser@simonllc.example.com,2026-04-29 17:33:59.280675,Adwords,google,cpc,msp_q2_search_brand,MA,67
ACME-L00429,Owens-Mclean,Michael Wright,Owner,michael.wright@owensmclean.example.com,2026-04-29 20:39:13.464204,Meta Ads,facebook,paid_social,msp_q2_leadgen,NJ,88
ACME-L00430,Ramos and Sons,Christina Rubio,Practice Manager,christina.rubio@ramosandsons.example.com,2026-04-29 20:55:03.764222,Google Ads,google,cpc,msp_q2_search_brand,CA,67
ACME-L00431,Olson Group,Joseph Powers,,joseph.powers@olsongroup.example.com,2026-04-30 00:44:00.200561,Meta Ads,facebook,paid_social,msp_q2_leadgen,FL,61
ACME-L00432,Moore Inc,Catherine Bailey,CFO,catherine.bailey@mooreinc.example.com,2026-04-30 00:55:54.038087,Meta Ads,facebook,paid_social,msp_q2_leadgen,Texas,47
ACME-L00433,Salas-Cooper,James Vasquez,Owner,james.vasquez@salascooper.example.com,2026-04-30 01:29:21.096469,Google Ads,google,cpc,msp_q2_search_brand,CA,94
ACME-L00434,Barnes LLC,Chelsea Flores,Office Manager,chelsea.flores@barnesllc.example.com,2026-04-30 08:01:57.216383,Meta Ads,facebook,paid_social,msp_q2_leadgen,MA,61
ACME-L00435,Williams Group,Nathaniel Rodriguez,CFO,NATHANIEL.RODRIGUEZ@WILLIAMSGROUP.EXAMPLE.COM ,2026-04-30 08:28:02.129736,Outbound,,,,,63
ACME-L00436,Brown Lam and Deleon,Nancy Yates,Practice Manager,nancy.yates@brownlamanddeleon.example.com,2026-04-30 08:31:15.221128,Outbound,,,,NY,90
ACME-L00437,Graves and Sons,Tyrone Ryan,CFO,tyrone.ryan@gravesandsons.example.com,2026-04-30 08:36:52.020689,Google Ads,google,cpc,msp_q2_search_nonbrand,TX,
ACME-L00438,Oliver PLC,Meghan Calderon,IT Director,meghan.calderon@oliverplc.example.com,2026-04-30 08:53:22.758037,Meta Ads,facebook,paid_social,msp_q2_leadgen,IL,42
ACME-L00439,Brown Holmes and Rosario,Sarah Wright,IT Manager,sarah.wright@brownholmesandrosario.example.com,2026-04-30 08:54:27.366084,Outbound,,,,IL,62
ACME-L00440,Hood Inc,Jonathan Palmer,,JONATHAN.PALMER@HOODINC.EXAMPLE.COM ,2026-04-30 09:16:11.477968,Google Ads,google,cpc,msp_q2_search_nonbrand,NJ,67
ACME-L00441,Vance Jones and Parrish,Robin Blackburn,CFO,robin.blackburn@vancejonesandparrish.example.com,2026-04-30 10:49:59.162963,Meta Ads,facebook,paid_social,msp q2 leadgen,CA,74
ACME-L00442,Vance-Schaefer,Sherri Baker,IT Manager,sherri.baker@vanceschaefer.example.com,2026-04-30 11:40:53.636817,Referral,,,,TX,100
ACME-L00443,Shields-Ramirez,Robert Howard,Owner,robert.howard@shieldsramirez.example.com,2026-04-30 12:57:38.421161,Meta Ads,facebook,paid_social,msp_q2_leadgen,MA,61
ACME-L00444,Sullivan-Allen,Timothy Caldwell,IT Director,timothy.caldwell@sullivanallen.example.com,2026-04-30 13:11:15.626103,Meta Ads,facebook,paid_social,msp_q2_leadgen,TX,
ACME-L00445,Moses-Guzman,Thomas Wilson,,thomas.wilson@mosesguzman.example.com,2026-04-30 13:22:45.400392,Referral,,,,NJ,81
ACME-L00446,Wheeler-Kaiser,Donna Moore,IT Director,donna.moore@wheelerkaiser.example.com,2026-04-30 13:47:43.309225,Google Ads,google,cpc,msp_q2_search_nonbrand,MA,50
ACME-L00447,Logan and Sons,Eric Boyd,COO,eric.boyd@loganandsons.example.com,2026-04-30 15:13:59.366304,Google_Cpc,google,cpc,msp_q2_search_brand,MA,66
ACME-L00448,Crane Group,Chelsea Mosley,Operations Manager,chelsea.mosley@cranegroup.example.com,2026-04-30 15:31:54.811742,Referral,,,,TX,75
ACME-L00449,Reed-Miller,Angela Salinas,CFO,angela.salinas@reedmiller.example.com,2026-04-30 16:36:13.450390,Google Ads,google,cpc,,MA,94
ACME-L00450,Carr PLC,Tina Sandoval,CFO,tina.sandoval@carrplc.example.com,2026-04-30 16:42:26.810697,Outbound,,,,New York,63
ACME-L00451,Lopez-Moore,Rhonda Garcia,Owner,rhonda.garcia@lopezmoore.example.com,2026-04-30 17:00:00.507172,GOOGLE ADS SEARCH,google,cpc,,NY,67
ACME-L00452,Hughes and Sons,Krystal Smith,COO,KRYSTAL.SMITH@HUGHESANDSONS.EXAMPLE.COM ,2026-04-30 17:29:17.047605,Google Ads,google,cpc,msp_q2_search_nonbrand,IL,67
ACME-L00453,Boyer Horton and Green,Michael Jackson,CFO,MICHAEL.JACKSON@BOYERHORTONANDGREEN.EXAMPLE.COM ,2026-04-30 19:02:27.227833,Meta Ads,Facebook ,paid_social,msp_q2_leadgen,NJ,
ACME-L00454,Moreno Cabrera and Jackson,Louis Good,Operations Manager,louis.good@morenocabreraandjackson.example.com,2026-04-30 21:34:33.130724,Google Ads,google,cpc,msp_q2_search_nonbrand,TX,67
ACME-L00455,Perez-Coleman,Mitchell Vasquez,COO,mitchell.vasquez@perezcoleman.example.com,2026-04-30 23:54:32.784006,Referral,,,,California,100
ACME-L00456,Bell Evans and Wilkerson,Donald Elliott,Owner,donald.elliott@bellevansandwilkerson.example.com,2026-05-01 04:24:14.865415,Meta Ads,facebook,paid_social,msp_q2_leadgen,New York,
ACME-L00457,Huang-Thompson,Luis Schroeder,Operations Manager,luis.schroeder@huangthompson.example.com,2026-05-01 08:57:33.475319,Google Ads,google,cpc,msp_q2_search_brand,NY,67
ACME-L00458,Martin-Schmidt,Marissa Jackson,IT Manager,marissa.jackson@martinschmidt.example.com,2026-05-01 08:59:30.393835,Paid social,facebook,paid_social,msp_q2_leadgen,NY,61
ACME-L00459,Mclaughlin Martin and Walker,Jennifer Goodman,Office Manager,jennifer.goodman@mclaughlinmartinandwalke.example.com,2026-05-01 09:22:56.236612,Local services ads,callrail,phone,gbp_listing,NJ,97
ACME-L00460,Hughes Group,Jean Cox,Operations Manager,jean.cox@hughesgroup.example.com,2026-05-01 09:24:06.781391,Outbound,,,,FL,63
ACME-L00461,Cox-Sharp,Devon French,IT Manager,devon.french@coxsharp.example.com,2026-05-01 10:07:49.782269,Referral,,,,NJ,73
ACME-L00462,Harrison PLC,Mario Stevens,CFO,MARIO.STEVENS@HARRISONPLC.EXAMPLE.COM ,2026-05-01 10:33:29.217192,Referral,,,,TX,100
ACME-L00463,Perry-Wells,Pamela Gonzales,CFO,pamela.gonzales@perrywells.example.com,2026-05-01 11:01:28.909855,Outbound,,,,NY,36
ACME-L00464,Baker-Hernandez,Andrew Sherman,CFO,andrew.sherman@bakerhernandez.example.com,2026-05-01 11:14:53.350622,Google Ads Search,google,cpc,msp_q2_search_nonbrand,Massachusetts,67
ACME-L00465,Valenzuela-Miller,Jay Johnson,IT Manager,JAY.JOHNSON@VALENZUELAMILLER.EXAMPLE.COM ,2026-05-01 11:43:17.419995,Outbound,,,,NY,90
ACME-L00466,Walter-Franklin,Crystal Acosta,Operations Manager,crystal.acosta@walterfranklin.example.com,2026-05-01 12:10:01.400709,Google Ads,google,cpc,msp_q2_search_nonbrand,CA,67
ACME-L00467,Clark Manning and Miller,George Randall,IT Manager,george.randall@clarkmanningandmiller.example.com,2026-05-01 12:22:13.299137,Google ads search,google,cpc,msp_q2_search_brand,IL,94
ACME-L00468,Dunn-Vaughn,Toni Sawyer,Office Manager,toni.sawyer@dunnvaughn.example.com,2026-05-01 13:33:26.164784,Outbound,,,,NY,63
ACME-L00469,Moody-Hall,Christopher Alvarado,IT Manager,christopher.alvarado@moodyhall.example.com,2026-05-01 14:23:01.955707,Google Ads,google,cpc,msp_q2_search_brand,NY,51
ACME-L00470,Green Inc,Blake Serrano,IT Manager,blake.serrano@greeninc.example.com,2026-05-01 14:45:12.548347,Meta Ads,facebook,paid_social,msp_q2_leadgen,,31
ACME-L00471,Parks Pace and Stokes,Brian Pena,CFO,brian.pena@parkspaceandstokes.example.com,2026-05-01 17:35:02.421797,Google Ads,google,cpc,msp_q2_search_brand,FL,94
ACME-L00472,Hernandez LLC,Amanda Wilson,COO,amanda.wilson@hernandezllc.example.com,2026-05-01 17:48:45.978818,Google Ads,google,cpc,msp_q2_search_brand,tx,37
ACME-L00473,Brooks PLC,Brian Young,CFO,brian.young@brooksplc.example.com,2026-05-02 02:42:31.019841,Fb,facebook,paid_social, MSP_Q2_LEADGEN,NJ,61
ACME-L00474,Johnson PLC,David Owens,Office Manager,david.owens@johnsonplc.example.com,2026-05-02 03:15:12.874397,Referral,,,,MA,87
ACME-L00475,Wong-Dixon,Natalie Mccall,COO,natalie.mccall@wongdixon.example.com,2026-05-02 03:18:19.499747,GOOGLE ADS SEARCH,google,cpc,msp_q2_search_nonbrand,NY,94
ACME-L00476,Jones-Williams,William Russell,IT Director,william.russell@joneswilliams.example.com,2026-05-02 04:19:14.905426,Google Ads Search,google,cpc,msp_q2_search_brand,IL,64
ACME-L00477,Kim-Jones,Linda Palmer,Operations Manager,linda.palmer@kimjones.example.com,2026-05-02 08:05:07.364487,Call Tracking,callrail,phone,local_services,NJ,51
ACME-L00478,Torres-Williams,Gregory Kelly,Office Manager,gregory.kelly@torreswilliams.example.com,2026-05-02 21:19:52.019513,Call Tracking,callrail,phone,local_services,IL,70
ACME-L00479,Barber PLC,Warren Macdonald,Owner,warren.macdonald@barberplc.example.com,2026-05-02 23:10:17.178663,Call Tracking,callrail,phone,gbp_listing,CA,70
ACME-L00480,Castro Johnson and Yates,Mary Miller,,mary.miller@castrojohnsonandyates.example.com,2026-05-03 02:30:28.744895,Google Ads,google,cpc,msp_q2_search_brand,NJ,94
ACME-L00481,Davis LLC,Kevin Farmer,Practice Manager,kevin.farmer@davisllc.example.com,05/03/2026 03:24:53,Adwords,google,cpc,msp_q2_search_brand,NY,94
ACME-L00482,Keith-Lara,Rachael Reid,Office Manager,rachael.reid@keithlara.example.com,2026-05-03 05:40:14.486829,Referral,,,,CA,54
ACME-L00483,Smith Berry and Young,Ryan Lewis,CFO,ryan.lewis@smithberryandyoung.example.com,2026-05-03 14:34:29.746371,Google Ads,google,cpc,msp_q2_search_nonbrand,IL,67
ACME-L00484,Rodriguez Schaefer and Leonard,Jonathan Lee,IT Director,jonathan.lee@rodriguezschaeferandleon.example.com,2026-05-03 16:45:29.047627,Cold email,,,,NY,
ACME-L00485,Graham Smith and Mahoney,Jason Larsen,Office Manager,jason.larsen@grahamsmithandmahoney.example.com,2026-05-03 18:00:22.084122,Facebook,facebook,paid_social,msp_q2_leadgen,NJ,88
ACME-L00486,Hernandez PLC,Erika Hernandez,CFO,erika.hernandez@hernandezplc.example.com,2026-05-03 18:19:04.614092,Meta Ads,facebook,paid_social,msp_q2_leadgen,TX,61
ACME-L00487,Holmes Inc,Jacob Ryan,COO,jacob.ryan@holmesinc.example.com,2026-05-03 21:44:16.285279,Meta Ads,facebook,paid_social,msp_q2_leadgen,NY,58
ACME-L00488,Adams Henderson and Fernandez,Patrick Hernandez,Office Manager,patrick.hernandez@adamshendersonandfernand.example.com,2026-05-03 23:51:07.100727,Meta Ads,facebook,paid_social,msp_q2_leadgen,Unassigned,41
ACME-L00489,Brown Perez and Johnson,William Lewis,Practice Manager,william.lewis@brownperezandjohnson.example.com,05/04/2026 02:43:31,Referral,,,,NY,73
ACME-L00490,Jackson Mueller and Greer,Julia Murphy,IT Manager,julia.murphy@jacksonmuellerandgreer.example.com,2026-05-04 03:40:10.572742,Outbound,,,,NY,90
ACME-L00491,Mitchell Myers and Peterson,Susan Davis,,susan.davis@mitchellmyersandpeterson.example.com,2026-05-04 03:57:31.795365,Outbound,,,,FL,90
ACME-L00492,Murphy and Sons,Danielle Walker,CFO,danielle.walker@murphyandsons.example.com,2026-05-04 05:27:11.447405,google ads search,google,cpc,msp_q2_search_nonbrand,NJ,88
ACME-L00493,Powell-Stout,Kimberly Andrade,Office Manager,kimberly.andrade@powellstout.example.com,2026-05-04 06:01:19.389686,Call Tracking,callrail,phone,local_services,ca,70
ACME-L00494,Daugherty Osborn and Moody,Timothy Crawford,Office Manager,timothy.crawford@daughertyosbornandmoody.example.com,05/04/2026 07:01:28,Google Ads,google,cpc,msp_q2_search_nonbrand,NJ,88
ACME-L00495,Anderson Gonzalez and Gardner,Kristin Peters,Office Manager,kristin.peters@andersongonzalezandgardn.example.com,2026-05-04 08:12:22.946230,Referral,,,,MA,73
ACME-L00496,Butler-Mendoza,Jonathan Brown,Practice Manager,jonathan.brown@butlermendoza.example.com,2026-05-04 09:29:22.534588,Google Ads,google,cpc,msp_q2_search_nonbrand,NJ,94
ACME-L00497,Smith-Hinton,Scott Moody,Office Manager,scott.moody@smithhinton.example.com,2026-05-04 09:33:05.213646,PAID SOCIAL,facebook,paid_social,msp_q2_leadgen,CA,61
ACME-L00498,Herring-Turner,Christine Foster,Office Manager,christine.foster@herringturner.example.com,2026-05-04 09:41:25.349689,Referral,,,,Unassigned,80
ACME-L00499,Jenkins-Evans,Dustin Gardner,COO,dustin.gardner@jenkinsevans.example.com,2026-05-04 10:01:12.096421,Google Ads,google,cpc,msp_q2_search_nonbrand,CA,67
ACME-L00500,Colon Walters and Harmon,Benjamin Davis,Practice Manager,benjamin.davis@colonwaltersandharmon.example.com,05/04/2026 10:12:49,PARTNER REFERRAL,,,,NJ,57
ACME-L00501,Huerta Brown and Mendez,Jennifer Murphy,Office Manager,jennifer.murphy@huertabrownandmendez.example.com,2026-05-04 10:47:16.689983,Google Ads,google,cpc,msp_q2_search_brand,NJ,94
ACME-L00502,Thompson Hays and Humphrey,Michelle Murray,Practice Manager,michelle.murray@thompsonhaysandhumphrey.example.com,2026-05-04 10:51:23.381000,Adwords,google,cpc,,FL,94
ACME-L00503,Hill Kirk and Kramer,Mary Hernandez,,mary.hernandez@hillkirkandkramer.example.com,2026-05-04 11:34:40.618091,Adwords,google,cpc,msp_q2_search_brand,NY,88
ACME-L00504,Hendricks Ltd,Karen Miller,COO,karen.miller@hendricksltd.example.com,2026-05-04 11:59:14.587962,Google Ads,google,cpc,msp_q2_search_brand,FL,67
ACME-L00505,Myers Jackson and Choi,Anna Hampton,IT Manager,anna.hampton@myersjacksonandchoi.example.com,2026-05-04 12:02:13.569778,Google Ads,google,cpc,msp_q2_search_nonbrand,TX,94
ACME-L00506,Wright-Newton,Harold French,Operations Manager,harold.french@wrightnewton.example.com,2026-05-04 12:08:38.957945,Meta Ads,facebook,paid_social,msp_q2_leadgen,NY,61
ACME-L00507,Young-Johnson,Samuel Wilson,COO,samuel.wilson@youngjohnson.example.com,2026-05-04 12:48:36.893630,Google Ads,Google ,cpc,msp_q2_search_brand,NY,94
ACME-L00508,Alvarado-Wang,David Walker,IT Manager,david.walker@alvaradowang.example.com,05/04/2026 13:08:45,Referral,,,,FL,100
ACME-L00509,Johnson-Reyes,Fernando Martin,IT Director,fernando.martin@johnsonreyes.example.com,2026-05-04 13:42:44.741805,Google Ads,google,cpc,,CA,67
ACME-L00510,Reyes Ltd,Christopher Silva,,christopher.silva@reyesltd.example.com,2026-05-04 14:18:23.257986,Call Tracking,callrail,phone,gbp_listing,MA,93
ACME-L00511,Torres Guzman and Ward,Tina Blackwell,IT Director,TINA.BLACKWELL@TORRESGUZMANANDWARD.EXAMPLE.COM ,2026-05-04 14:29:26.882644,Google Ads,google,cpc,msp_q2_search_nonbrand,tx,64
ACME-L00512,Hernandez LLC,Charles Bailey,IT Manager,charles.bailey@hernandezllc.example.com,2026-05-04 15:38:13.352570,Meta Ads,facebook,paid_social, MSP_Q2_LEADGEN,TX,31
ACME-L00513,Cross-Thompson,Zachary Smith,CFO,zachary.smith@crossthompson.example.com,2026-05-04 16:02:16.234126,phone,callrail,phone,local_services,TX,97
ACME-L00514,Long Inc,Sydney Wang,Operations Manager,sydney.wang@longinc.example.com,2026-05-04 16:05:22.781201,Referral,,,,NY,61
ACME-L00515,Coleman-Rogers,Caleb Martinez,IT Manager,caleb.martinez@colemanrogers.example.com,2026-05-04 16:27:46.068638,Referral,,,,IL,73
ACME-L00516,Miller PLC,Jeff Sanchez,IT Manager,JEFF.SANCHEZ@MILLERPLC.EXAMPLE.COM ,2026-05-05 06:49:37.010870,Meta Ads,facebook,paid_social,msp_q2_leadgen,NJ,
ACME-L00517,Miller Inc,Daniel Schwartz,IT Director,daniel.schwartz@millerinc.example.com,05/05/2026 09:07:34,Meta Ads,facebook,paid_social,msp q2 leadgen,CA,61
ACME-L00518,Rowe Inc,Sarah Fowler,Office Manager,sarah.fowler@roweinc.example.com,2026-05-05 09:23:51.798817,Google Ads,google,cpc,msp_q2_search_brand,NY,67
ACME-L00519,Garrett Romero and Rhodes,Jamie Nunez,COO,jamie.nunez@garrettromeroandrhodes.example.com,2026-05-05 09:42:52.700456,Call Tracking,callrail,phone,local_services,NY,97
ACME-L00520,Martin Ltd,Abigail Maldonado,Owner,abigail.maldonado@martinltd.example.com,2026-05-05 09:43:40.539183,meta,facebook,paid_social,msp_q2_leadgen,NJ,88
ACME-L00521,Howard LLC,Rodney Ryan,Operations Manager,rodney.ryan@howardllc.example.com,2026-05-05 10:42:14.211900,WORD OF MOUTH,,,,TX,73
ACME-L00522,Sanchez-Carroll,Bobby Scott,Owner,bobby.scott@sanchezcarroll.example.com,05/05/2026 14:34:13,Google Ads,google,cpc,msp_q2_search_nonbrand,TX,67
ACME-L00523,Sanchez Group,Emily Richards,Operations Manager,emily.richards@sanchezgroup.example.com,2026-05-05 16:02:28.663908,Referral,,,,TX,61
ACME-L00524,Trujillo-Blake,James Higgins,Office Manager,james.higgins@trujilloblake.example.com,2026-05-05 16:11:49.447448,Referral,,,,TX,73
ACME-L00525,Frazier Long and Alvarez,Eric Bruce,COO,eric.bruce@frazierlongandalvarez.example.com,2026-05-05 16:31:06.441146,Google Ads,google,cpc,msp_q2_search_brand,MA,94
ACME-L00526,Morris Ltd,Patricia Jones,Practice Manager,patricia.jones@morrisltd.example.com,2026-05-05 17:02:03.795450,Call Tracking,callrail,phone,gbp_listing,,97
ACME-L00527,Thompson-Garcia,Kevin Ortiz,Office Manager,KEVIN.ORTIZ@THOMPSONGARCIA.EXAMPLE.COM ,2026-05-05 17:20:22.309227,Outbound,,,,NJ,60
ACME-L00528,Rios Kennedy and Dean,Karen Christensen,Office Manager,karen.christensen@rioskennedyanddean.example.com,2026-05-05 17:50:07.086740,Outbound,,,,NJ,76
ACME-L00529,Zimmerman Group,Rebekah Miller,Owner,rebekah.miller@zimmermangroup.example.com,2026-05-05 17:53:17.712022,Google Ads,google,cpc,msp_q2_search_brand,IL,94
ACME-L00530,Lane-Gomez,Nicholas Alvarado,COO,nicholas.alvarado@lanegomez.example.com,2026-05-06 01:34:31.215407,Meta Ads,facebook,paid_social,msp_q2_leadgen,NJ,88
ACME-L00531,Brady Johnson and Nguyen,Derrick Benton,Office Manager,derrick.benton@bradyjohnsonandnguyen.example.com,2026-05-06 02:03:54.123384,Referral,,,,Unassigned,
ACME-L00532,Gardner Carter and Sanders,Adrian Mcgee,IT Director,ADRIAN.MCGEE@GARDNERCARTERANDSANDERS.EXAMPLE.COM ,2026-05-06 03:28:37.011293,Google Ads,google,cpc,,NJ,77
ACME-L00533,Miller Long and Davis,Tabitha Williams,IT Manager,tabitha.williams@millerlonganddavis.example.com,2026-05-06 06:42:11.500248,Meta Ads,facebook,paid_social,msp_q2_leadgen,CA,61
ACME-L00534,Beltran Anderson and Parrish,Mark Shaw,Office Manager,mark.shaw@beltranandersonandparris.example.com,2026-05-06 07:27:04.859167,Google Ads,google,cpc,msp_q2_search_brand,CA,94
ACME-L00535,Gomez Group,Christine Carter,Operations Manager,christine.carter@gomezgroup.example.com,2026-05-06 07:32:21.741271,Google Ads,google,cpc,msp_q2_search_nonbrand,FL,94
ACME-L00536,Dixon LLC,Jason Miller,CFO,jason.miller@dixonllc.example.com,05/06/2026 08:11:51,REFERAL,,,,CA,100
ACME-L00537,Griffith-Weeks,Mary Flores,COO,mary.flores@griffithweeks.example.com,2026-05-06 09:08:43.846473,Meta Ads,facebook,paid_social,msp_q2_leadgen,FL,61
ACME-L00538,Jordan Mcbride and Santos,Gabrielle Riley,IT Director,gabrielle.riley@jordanmcbrideandsantos.example.com,2026-05-06 09:49:53.701746,Outbound,,,,NY,63
ACME-L00539,Marks Castillo and Hernandez,Clifford Koch,IT Director,clifford.koch@markscastilloandhernande.example.com,2026-05-06 09:51:15.963018,phone,callrail,phone,gbp_listing,CA,70
ACME-L00540,Robinson-Ellis,Kathryn Griffin,IT Director,kathryn.griffin@robinsonellis.example.com,2026-05-06 10:14:02.513398,Google Ads,google,cpc,msp_q2_search_brand,TX,37
ACME-L00541,Atkinson Allen and Martinez,Justin Johnson,Owner,justin.johnson@atkinsonallenandmartinez.example.com,2026-05-06 10:16:28.099279,Google Ads,google,cpc,msp_q2_search_brand,FL,67
ACME-L00542,Hernandez Ltd,Natalie Murray,Operations Manager,natalie.murray@hernandezltd.example.com,2026-05-06 10:32:17.692061, google ,google,cpc,,NJ,75
ACME-L00543,Douglas-Curtis,Holly Smith,IT Director,HOLLY.SMITH@DOUGLASCURTIS.EXAMPLE.COM ,2026-05-06 11:49:59.558808,Outbound,,,,NJ,63
ACME-L00544,Horn Group,Laurie Brown,COO,laurie.brown@horngroup.example.com,2026-05-06 13:39:35.880432,Google Ads,google,cpc,msp_q2_search_nonbrand,CA,88
ACME-L00545,Ayers Fox and Roberts,Michael Christensen,Practice Manager,michael.christensen@ayersfoxandroberts.example.com,2026-05-06 15:03:17.792944,Referral,,,,NY,73
ACME-L00546,Bradley Collins and Price,Christopher Thompson,Practice Manager,christopher.thompson@bradleycollinsandprice.example.com,2026-05-06 15:37:44.868973,Outbound,,,,CA,
ACME-L00547,Cantrell-Combs,Kevin Edwards,IT Director,kevin.edwards@cantrellcombs.example.com,2026-05-06 15:45:34.879421,Google Ads,google,cpc,msp_q2_search_nonbrand,CA,37
ACME-L00548,Powell-Maldonado,Michael Flores,IT Manager,michael.flores@powellmaldonado.example.com,2026-05-06 16:35:51.337589,Meta Ads,facebook,paid_social,msp_q2_leadgen,NY,61
ACME-L00549,Moran Moreno and Rowe,Daniel Jones,Operations Manager,daniel.jones@moranmorenoandrowe.example.com,2026-05-06 17:13:33.429716,REFERRAL PAYOUTS,,,,Unassigned,53
ACME-L00550,Woodward Schmidt and Bautista,Darrell Schmitt,IT Manager,darrell.schmitt@woodwardschmidtandbautis.example.com,2026-05-06 17:36:27.018552,Outbound,,,,tx,63
ACME-L00551,Bennett Evans and Alvarado,Janice Aguilar,Owner,janice.aguilar@bennettevansandalvarado.example.com,2026-05-06 20:41:12.418607,Meta Ads,facebook,paid_social,msp_q2_leadgen,NJ,61
ACME-L00552,Cochran Group,Brittany White,CFO,BRITTANY.WHITE@COCHRANGROUP.EXAMPLE.COM ,2026-05-06 23:05:53.879257,Call Tracking,callrail,phone,local_services,NJ,70
ACME-L00553,Gross Marquez and Williams,Billy Martin,Owner,billy.martin@grossmarquezandwilliams.example.com,2026-05-07 02:09:22.636967,Outbound,,,,NY,90
ACME-L00554,Sharp LLC,Chelsea Phillips,Practice Manager,chelsea.phillips@sharpllc.example.com,2026-05-07 06:00:38.613711,Google Ads,google,cpc,,NY,67
ACME-L00555,Wong-Martin,Calvin Gibson,IT Director,calvin.gibson@wongmartin.example.com,05/07/2026 08:12:22,Referral,,,,MA,100
ACME-L00556,Kerr Inc,Richard Hansen,,richard.hansen@kerrinc.example.com,2026-05-07 10:06:30.655046,Meta Ads,Facebook ,paid_social,,nj,61
ACME-L00557,Hanson Wallace and Rosario,Michael Guerrero,IT Director,michael.guerrero@hansonwallaceandrosario.example.com,2026-05-07 11:03:54.273083,Meta Ads,Facebook ,paid_social,msp_q2_leadgen,MA,88
ACME-L00558,Petersen Ltd,Darren Cameron,COO,darren.cameron@petersenltd.example.com,2026-05-07 11:08:56.674026,Google Ads,Google ,cpc,msp_q2_search_nonbrand,FL,37
ACME-L00559,Gilbert-Lucas,Terrence Gibson,Operations Manager,terrence.gibson@gilbertlucas.example.com,2026-05-07 11:30:19.568456,Google Ads,google,cpc,msp_q2_search_nonbrand,CA,67
ACME-L00560,Carrillo Bradley and Buck,Lisa Newman,COO,lisa.newman@carrillobradleyandbuck.example.com,2026-05-07 11:52:34.077306,Google Ads,google,cpc,msp_q2_search_nonbrand,NY,57
ACME-L00561,Love Group,Heather Ruiz,Operations Manager,heather.ruiz@lovegroup.example.com,2026-05-07 12:39:51.864327,Adwords,google,cpc,msp_q2_search_nonbrand,FL,67
ACME-L00562,Kerr Grimes and Mccann,Suzanne Harvey,CFO,suzanne.harvey@kerrgrimesandmccann.example.com,2026-05-07 13:00:13.380726,Outbound,,,,NY,53
ACME-L00563,Foster-Shea,Heather Cole,Operations Manager,heather.cole@fostershea.example.com,2026-05-07 13:21:43.692064,Ppc,google,cpc,msp_q2_search_brand,CA,94
ACME-L00564,Johnson-Beck,Matthew Moore,IT Director,matthew.moore@johnsonbeck.example.com,2026-05-07 13:47:48.628789,Outbound,,,,TX,63
ACME-L00565,Harris-Smith,Michelle Bowen,Office Manager,michelle.bowen@harrissmith.example.com,2026-05-07 16:15:56.971236,Referral Payouts,,,,TX,63
ACME-L00566,Maldonado LLC,Sydney Peterson,Operations Manager,sydney.peterson@maldonadollc.example.com,05/07/2026 16:56:37,Referral,,,,NJ,100
ACME-L00567,Ferguson and Sons,Dustin Hardin,COO,dustin.hardin@fergusonandsons.example.com,2026-05-07 16:59:13.752686,Outbound,,,,NY,63
ACME-L00568,Perez Group,Emma Mcmahon,IT Manager,emma.mcmahon@perezgroup.example.com,2026-05-07 17:09:26.326604,Meta Ads,facebook,paid_social,msp_q2_leadgen,MA,88
ACME-L00569,Brooks Martin and Clayton,Aaron Lawson,IT Manager,aaron.lawson@brooksmartinandclayton.example.com,2026-05-07 17:38:57.178853,PHONE,callrail,phone,local_services,TX,70
ACME-L00570,Foley Maxwell and Rice,Michael Mckinney,Practice Manager,michael.mckinney@foleymaxwellandrice.example.com,2026-05-07 21:54:08.146612,Outbound,,,,ny,90
ACME-L00571,Duncan Inc,Cristian Davis,Owner,cristian.davis@duncaninc.example.com,2026-05-07 22:38:32.021754,google ads search,Google ,cpc,msp_q2_search_nonbrand,IL,67
ACME-L00572,Porter-Sosa,William Hinton,COO,william.hinton@portersosa.example.com,2026-05-08 00:57:31.216667,Google Ads,google,cpc,msp_q2_search_brand,,94
ACME-L00573,Coleman PLC,April Carter,Operations Manager,april.carter@colemanplc.example.com,2026-05-08 04:02:42.100243,Referral,,,,MA,73
ACME-L00574,Ward Orr and Nguyen,Martha Simpson,Office Manager,martha.simpson@wardorrandnguyen.example.com,05/08/2026 04:43:28,Outbound - Sdr,,,,TX,90
ACME-L00575,Taylor Russell and Williams,Courtney Flores,Office Manager,courtney.flores@taylorrussellandwilliams.example.com,2026-05-08 06:42:03.476789,Meta Ads,facebook,paid_social,msp q2 leadgen,NY,61
ACME-L00576,Malone Ltd,Colin Thomas,COO,colin.thomas@maloneltd.example.com,2026-05-08 08:08:45.105520,Outbound,,,,NY,63
ACME-L00577,Mccarty-Martin,Sean Carroll,,sean.carroll@mccartymartin.example.com,2026-05-08 09:32:15.615457,Outbound,,,,Unassigned,43
ACME-L00578,Burns and Sons,Bradley Park,,bradley.park@burnsandsons.example.com,2026-05-08 09:32:59.284140, ppc ,google,cpc,msp_q2_search_nonbrand,tx,67
ACME-L00579,Ortiz Ltd,John Garcia,CFO,john.garcia@ortizltd.example.com,2026-05-08 09:39:18.166141,google ads search,google,cpc,,TX,67
ACME-L00580,Watson Ltd,Alicia Kelly,IT Director,alicia.kelly@watsonltd.example.com,2026-05-08 10:17:48.968831,Google Ads,google,cpc,msp_q2_search_brand,NY,67
ACME-L00581,Martin Cruz and Bowman,Sharon Palmer,Owner,SHARON.PALMER@MARTINCRUZANDBOWMAN.EXAMPLE.COM ,2026-05-08 10:18:10.805945,Google Ads,google,cpc,msp_q2_search_nonbrand,TX,37
ACME-L00582,Pearson Randolph and Douglas,Jennifer Thomas,,jennifer.thomas@pearsonrandolphanddougla.example.com,2026-05-08 10:21:52.500037,Google Ads,google,cpc,msp_q2_search_nonbrand,CA,64
ACME-L00583,Salazar Inc,Amy Gomez,Operations Manager,amy.gomez@salazarinc.example.com,2026-05-08 10:40:57.342469,Meta Ads,facebook,paid_social,msp_q2_leadgen,IL,61
ACME-L00584,Elliott Inc,Madison Gonzalez,Practice Manager,madison.gonzalez@elliottinc.example.com,2026-05-08 11:12:39.887549,Outbound,,,,TX,90
ACME-L00585,Page Brown and Sanchez,Carol Bird,Owner,carol.bird@pagebrownandsanchez.example.com,2026-05-08 11:14:47.665664,Adwords,google,cpc,msp_q2_search_nonbrand,CA,67
ACME-L00586,Simon LLC,Jade Smith,IT Director,jade.smith@simonllc.example.com,2026-05-08 12:30:38.914287,Call Tracking,callrail,phone,gbp_listing,MA,70
ACME-L00587,Brown Inc,Joseph Galvan,IT Director,joseph.galvan@browninc.example.com,2026-05-08 13:13:05.018638,Meta Ads,Facebook ,paid_social,msp_q2_leadgen,NY,55
ACME-L00588,Hoffman Salazar and Conner,Amanda Mccarthy,Operations Manager,amanda.mccarthy@hoffmansalazarandconner.example.com,2026-05-08 13:49:17.036907,Google Ads,google,cpc,msp_q2_search_nonbrand,NY,67
ACME-L00589,Blake-Long,James Cobb,Owner,james.cobb@blakelong.example.com,05/08/2026 15:09:14,Ppc,google,cpc,msp_q2_search_brand,CA,64
ACME-L00590,Rodriguez-Perez,Regina Jenkins,CFO,regina.jenkins@rodriguezperez.example.com,2026-05-08 16:40:53.427334,Referral,,,,Unassigned,53
ACME-L00591,Peterson James and Smith,James Duncan,Office Manager,james.duncan@petersonjamesandsmith.example.com,2026-05-08 16:52:34.899813,Google Ads,google,cpc,msp_q2_search_brand,MA,94
ACME-L00592,Martin-Schmidt,Debra Ryan,Practice Manager,debra.ryan@martinschmidt.example.com,2026-05-08 17:13:41.311606,Call Tracking,Callrail ,phone,local_services,NY,70
ACME-L00593,Case Cortez and Hughes,Jeremy Lopez,Office Manager,jeremy.lopez@casecortezandhughes.example.com,2026-05-08 20:13:28.600266,Google Ads,Google ,cpc,msp_q2_search_nonbrand,IL,67
ACME-L00594,Bell-Fuller,Hunter Wilson,IT Director,hunter.wilson@bellfuller.example.com,05/09/2026 11:05:30,Google Ads,google,cpc,msp_q2_search_brand,,78
ACME-L00595,King PLC,Thomas Rios,,thomas.rios@kingplc.example.com,2026-05-09 12:39:27.209577,Referral,,,,CA,73
ACME-L00596,Elliott Group,Rebecca Bennett,IT Director,rebecca.bennett@elliottgroup.example.com,2026-05-09 18:14:25.807766,Referral,,,,NY,73
ACME-L00597,Browning Group,Scott Wilson,Office Manager,scott.wilson@browninggroup.example.com,2026-05-09 19:17:05.349673,Call Tracking,callrail,phone,local_services,NY,69
ACME-L00598,Lopez PLC,Lisa Ellis,Operations Manager,lisa.ellis@lopezplc.example.com,05/09/2026 19:58:19,Google Ads,google,cpc, MSP_Q2_SEARCH_BRAND,MA,94
ACME-L00599,Herman Inc,Monique Schroeder,Operations Manager,monique.schroeder@hermaninc.example.com,2026-05-10 01:20:45.610835,Google Ads,Google ,cpc,msp_q2_search_nonbrand,MA,67
ACME-L00600,Robinson Shannon and Lawrence,Bradley Jackson,Operations Manager,bradley.jackson@robinsonshannonandlawren.example.com,05/10/2026 09:24:25,Meta Ads,facebook,paid_social,msp_q2_leadgen,NY,61
ACME-L00601,Olsen Group,Henry Nielsen,CFO,henry.nielsen@olsengroup.example.com,2026-05-10 17:38:06.406856,Google Ads,google,cpc,msp_q2_search_brand,TX,67
ACME-L00602,Morris Johnson and Morris,Mindy Johnson,IT Manager,mindy.johnson@morrisjohnsonandmorris.example.com,2026-05-10 18:10:43.505091,Outbound,,,,IL,90
ACME-L00603,Burton PLC,Raven Schneider,IT Manager,raven.schneider@burtonplc.example.com,05/10/2026 21:53:48,sdr,,,,CA,90
ACME-L00604,Collins Baker and Williams,Timothy Copeland,IT Manager,timothy.copeland@collinsbakerandwilliams.example.com,2026-05-10 23:34:09.244225,Google Ads,google,cpc,msp_q2_search_brand,NJ,91
ACME-L00605,Bishop Sullivan and Luna,James Harris,CFO,james.harris@bishopsullivanandluna.example.com,2026-05-10 23:34:23.504903,Outbound,,,,TX,63
ACME-L00606,Short Group,Gregory Valentine,Owner,gregory.valentine@shortgroup.example.com,2026-05-11 01:21:52.201142,Meta Ads,facebook,paid_social,msp_q2_leadgen,CA,61
ACME-L00607,Weber Inc,Brian Shaw,CFO,brian.shaw@weberinc.example.com,2026-05-11 01:54:20.446567,Referral,,,,CA,100
ACME-L00608,Thomas PLC,Nathan Carpenter,COO,nathan.carpenter@thomasplc.example.com,2026-05-11 03:44:45.700680,Google Ads,google,cpc,msp q2 search brand,NY,67
ACME-L00609,Holland Ruiz and Peterson,Amy James,Office Manager,amy.james@hollandruizandpeterson.example.com,2026-05-11 09:07:52.567999,Google Ads,google,cpc,msp_q2_search_brand,MA,94
ACME-L00610,Peters-Vasquez,Richard Washington,,richard.washington@petersvasquez.example.com,2026-05-11 09:35:46.483251,Referral,,,,IL,73
ACME-L00611,Browning-Santiago,Alyssa Graves,CFO,alyssa.graves@browningsantiago.example.com,2026-05-11 10:24:13.725192,Google Ads,google,cpc,msp_q2_search_brand,TX,67
ACME-L00612,Lewis Walker and Davis,Erica Proctor,IT Director,ERICA.PROCTOR@LEWISWALKERANDDAVIS.EXAMPLE.COM ,2026-05-11 10:42:49.759955,Google Ads,google,cpc,msp_q2_search_brand,New York,67
ACME-L00613,Petty-Johnson,Jimmy Conner,IT Manager,jimmy.conner@pettyjohnson.example.com,2026-05-11 11:48:24.571456,Paid Social,facebook,paid_social,msp_q2_leadgen,FL,88
ACME-L00614,Blackwell Becker and Parker,John James,IT Manager,john.james@blackwellbeckerandparker.example.com,05/11/2026 11:52:45,GOOGLE,google,cpc,msp_q2_search_brand,MA,67
ACME-L00615,Brown Hicks and Webb,Jason Carr,COO,jason.carr@brownhicksandwebb.example.com,2026-05-11 11:56:02.823417,Meta Ads,facebook,paid_social,msp_q2_leadgen,NY,60
ACME-L00616,Jones Inc,Angela Underwood,Office Manager,angela.underwood@jonesinc.example.com,2026-05-11 12:04:49.342620,Google Ads,google,cpc,msp_q2_search_nonbrand,TX,94
ACME-L00617,Young Vasquez and Odonnell,Gina Page,IT Manager,gina.page@youngvasquezandodonnell.example.com,2026-05-11 12:06:18.128300,ppc,google,cpc,msp_q2_search_nonbrand,,84
ACME-L00618,Wilson Meza and Bishop,Christina Jackson,IT Manager,christina.jackson@wilsonmezaandbishop.example.com,2026-05-11 13:15:24.800205,Meta Ads,facebook,paid_social,msp_q2_leadgen,TX,61
ACME-L00619,Smith Roman and Mcintyre,Emily Bell,CFO,emily.bell@smithromanandmcintyre.example.com,2026-05-11 14:12:35.139526,Google Ads,Google ,cpc,msp_q2_search_nonbrand,MA,61
ACME-L00620,Rodriguez Inc,Tracy Gibbs,IT Director,tracy.gibbs@rodriguezinc.example.com,2026-05-11 14:13:25.445408,fb,facebook,paid_social,msp_q2_leadgen,MA,61
ACME-L00621,Smith and Sons,Douglas Wang,Owner,DOUGLAS.WANG@SMITHANDSONS.EXAMPLE.COM ,2026-05-11 14:15:28.749246,Google Ads,google,cpc,msp_q2_search_nonbrand,MA,67
ACME-L00622,Booker-Jordan,Catherine Scott,IT Director,catherine.scott@bookerjordan.example.com,05/11/2026 14:42:19,Outbound,,,,NY,63
ACME-L00623,Gonzales PLC,John Walker,CFO,john.walker@gonzalesplc.example.com,2026-05-11 16:00:58.879014,Referral,,,,NY,73
ACME-L00624,Jackson Group,Gary Richards,Owner,gary.richards@jacksongroup.example.com,2026-05-11 19:21:27.020254,Google Ads,google,cpc,msp_q2_search_brand,NJ,56
ACME-L00625,Perez-Rubio,Zachary Ward,CFO,zachary.ward@perezrubio.example.com,2026-05-11 19:48:15.902366,Call Tracking,Callrail ,phone,local_services,TX,
ACME-L00626,Taylor Inc,Pamela Powers,CFO,pamela.powers@taylorinc.example.com,2026-05-11 22:06:50.838652,Meta Ads,facebook,paid_social,msp q2 leadgen,ny,53
ACME-L00627,Gilbert Walker and Rose,Michael Herring,Owner,michael.herring@gilbertwalkerandrose.example.com,2026-05-12 00:16:15.936177,Call Tracking,callrail,phone,local_services,FL,70
ACME-L00628,Lewis Mitchell and Knox,Alexander Green,COO,alexander.green@lewismitchellandknox.example.com,2026-05-12 04:17:48.550464,Call Tracking,Callrail ,phone,local_services,CA,70
ACME-L00629,Bell PLC,Nicole Horne,IT Director,nicole.horne@bellplc.example.com,2026-05-12 04:30:40.171807,Google Ads,google,cpc,msp_q2_search_brand,FL,67
ACME-L00630,Thomas and Sons,Frank Ramos,COO,frank.ramos@thomasandsons.example.com,2026-05-12 08:06:06.308327,Outbound,,,,MA,90
ACME-L00631,Adams Group,Taylor Zuniga,CFO,taylor.zuniga@adamsgroup.example.com,2026-05-12 08:19:53.703401,Call Tracking,Callrail ,phone,local_services,NJ,60
ACME-L00632,Morales Inc,Sara Carter,COO,sara.carter@moralesinc.example.com,2026-05-12 08:28:30.764078,Meta Ads,facebook,paid_social,,NY,31
ACME-L00633,Velazquez-Stone,Kimberly Welch,Owner,kimberly.welch@velazquezstone.example.com,2026-05-12 08:38:16.711956,Google Ads,google,cpc,msp q2 search brand,IL,94
ACME-L00634,Hood Ltd,Jessica Santiago,,jessica.santiago@hoodltd.example.com,2026-05-12 08:50:23.630151,Referral,,,,CA,73
ACME-L00635,Skinner Brock and Fitzgerald,Alexander Scott,COO,ALEXANDER.SCOTT@SKINNERBROCKANDFITZGERAL.EXAMPLE.COM ,2026-05-12 08:58:22.835647,Google Ads,google,cpc,,CA,67
ACME-L00636,Alvarado-Mills,Kevin Bates,CFO,kevin.bates@alvaradomills.example.com,2026-05-12 09:08:29.249777, facebook ads ,facebook,paid_social,msp_q2_leadgen,,45
ACME-L00637,Huang LLC,James Miles,Practice Manager,james.miles@huangllc.example.com,2026-05-12 09:10:39.978694,Referral,,,,CA,100
ACME-L00638,Rivera Andersen and Jones,Timothy Anderson,COO,timothy.anderson@riveraandersenandjones.example.com,2026-05-12 10:03:16.522252,Google Ads,google,cpc,msp_q2_search_nonbrand,NY,67
ACME-L00639,Moran Benjamin and Bauer,Kyle Stewart,Practice Manager,kyle.stewart@moranbenjaminandbauer.example.com,2026-05-12 10:20:47.266607,Google Ads,google,cpc,msp_q2_search_nonbrand,NY,82
ACME-L00640,Lee Robinson and Cruz,Michael May,Practice Manager,michael.may@leerobinsonandcruz.example.com,2026-05-12 10:28:59.969039,Meta Ads,Facebook ,paid_social,msp_q2_leadgen,CA,88
ACME-L00641,Palmer Inc,Robert Horton,Practice Manager,robert.horton@palmerinc.example.com,2026-05-12 10:41:43.885944,Outbound,,,,IL,76
ACME-L00642,Davis Morrison and Clayton,Mary Joseph,IT Director,mary.joseph@davismorrisonandclayton.example.com,2026-05-12 11:38:26.641689,Google Ads,google,cpc,msp_q2_search_nonbrand,NJ,37
ACME-L00643,Blanchard Preston and Owens,Mark Maddox,CFO,mark.maddox@blanchardprestonandowens.example.com,2026-05-12 12:30:23.817737,Meta Ads,facebook,paid_social,msp_q2_leadgen,NY,88
ACME-L00644,Stephens LLC,Samantha Murphy,Practice Manager,SAMANTHA.MURPHY@STEPHENSLLC.EXAMPLE.COM ,05/12/2026 14:01:58,Meta Ads,facebook,paid_social,msp_q2_leadgen,FL,88
ACME-L00645,Porter-Moore,Kevin Perkins,CFO,KEVIN.PERKINS@PORTERMOORE.EXAMPLE.COM ,2026-05-12 14:06:45.021655,Meta Ads,Facebook ,paid_social,msp_q2_leadgen,FL,86
ACME-L00646,Torres Hampton and Stewart,Kelly Nguyen,COO,kelly.nguyen@torreshamptonandstewart.example.com,2026-05-12 14:09:27.806056,Fb,facebook,paid_social,msp_q2_leadgen,TX,61
ACME-L00647,Burns-Smith,Daniel Burnett,Practice Manager,DANIEL.BURNETT@BURNSSMITH.EXAMPLE.COM ,2026-05-12 14:44:20.620764,Google Ads,google,cpc, MSP_Q2_SEARCH_NONBRAND,NJ,94
ACME-L00648,Hill Davis and Rodriguez,Peter Blevins,Operations Manager,peter.blevins@hilldavisandrodriguez.example.com,2026-05-12 16:04:37.365459,Outbound,,,,,63
ACME-L00649,Acosta-Rivera,Taylor Pineda,Owner,taylor.pineda@acostarivera.example.com,2026-05-12 17:59:24.756156,Call Tracking,callrail,phone,gbp_listing,MA,
ACME-L00650,Taylor Inc,Jason Richards,,jason.richards@taylorinc.example.com,2026-05-12 18:30:01.803144,Call Tracking,callrail,phone,local_services,NY,62
ACME-L00651,Soto-David,Anne Perez,Operations Manager,ANNE.PEREZ@SOTODAVID.EXAMPLE.COM ,05/12/2026 20:56:01,Outbound,,,,MA,90
ACME-L00652,Sanchez-Barrett,Brenda Owen,CFO,brenda.owen@sanchezbarrett.example.com,2026-05-13 00:39:56.167477,Google Ads,google,cpc,msp_q2_search_brand,NJ,67
ACME-L00653,Garcia Group,Christopher Nielsen,IT Manager,christopher.nielsen@garciagroup.example.com,2026-05-13 02:32:56.566879, facebook ,facebook,paid_social,msp_q2_leadgen,CA,58
ACME-L00654,Gordon-Shannon,Lisa Barajas,Office Manager,lisa.barajas@gordonshannon.example.com,2026-05-13 02:51:23.138329,Outbound,,,,MA,90
ACME-L00655,Harrison Hansen and Lambert,Karen Hill,IT Director,karen.hill@harrisonhansenandlambert.example.com,2026-05-13 03:35:07.366569,Outbound,,,,,63
ACME-L00656,Lamb-Cummings,Spencer Burgess,Practice Manager,SPENCER.BURGESS@LAMBCUMMINGS.EXAMPLE.COM ,2026-05-13 05:09:26.659437,Referral,,,,IL,73
ACME-L00657,Allison Fleming and Keller,Brian Smith,Operations Manager,brian.smith@allisonflemingandkeller.example.com,2026-05-13 08:58:45.427068,Google Ads,google,cpc,msp_q2_search_nonbrand,TX,50
ACME-L00658,Baldwin LLC,Joshua Johnson,IT Director,joshua.johnson@baldwinllc.example.com,2026-05-13 09:16:14.476770,Call Tracking,callrail,phone,gbp_listing,MA,97
ACME-L00659,Lee Powell and Campbell,James Fitzgerald,Office Manager,james.fitzgerald@leepowellandcampbell.example.com,2026-05-13 10:32:05.168300,Call Tracking,callrail,phone,local_services,Texas,83
ACME-L00660,Rodriguez-Acevedo,Alicia Allen,IT Manager,alicia.allen@rodriguezacevedo.example.com,2026-05-13 11:06:26.312415,Google Ads,google,cpc,msp_q2_search_brand,NJ,67
ACME-L00661,Peterson Taylor and Lopez,Amanda Hutchinson,Owner,amanda.hutchinson@petersontaylorandlopez.example.com,2026-05-13 11:53:21.316255,Word Of Mouth,,,,NY,87
ACME-L00662,Wilson Group,Carol Brown,Office Manager,carol.brown@wilsongroup.example.com,2026-05-13 13:22:18.448545,Referral,,,,NJ,100
ACME-L00663,Rice LLC,William Clark,IT Manager,william.clark@ricellc.example.com,2026-05-13 13:25:36.905276,Google Ads,google,cpc,msp q2 search brand,CA,67
ACME-L00664,Golden PLC,Catherine Williams,Owner,catherine.williams@goldenplc.example.com,2026-05-13 13:55:46.638013,Meta Ads,facebook,paid_social,,IL,61
ACME-L00665,Brown-Smith,Stephanie Thompson,COO,stephanie.thompson@brownsmith.example.com,2026-05-13 14:04:02.939460,Referral,,,,Unassigned,53
ACME-L00666,Matthews Group,Kimberly Ward,COO,kimberly.ward@matthewsgroup.example.com,2026-05-13 15:44:31.154300,Referral,,,,FL,100
ACME-L00667,Stuart and Sons,Michael Jenkins,Operations Manager,michael.jenkins@stuartandsons.example.com,2026-05-13 17:03:33.878125, referal ,,,,CA,100
ACME-L00668,Sherman and Sons,Oscar Williams,Operations Manager,oscar.williams@shermanandsons.example.com,2026-05-13 17:19:03.368274,Call Tracking,callrail,phone,local_services,NY,97
ACME-L00669,Nelson LLC,Bryan Esparza,Owner,bryan.esparza@nelsonllc.example.com,2026-05-13 17:38:24.439454,Google Ads,google,cpc,msp_q2_search_brand,TX,39
ACME-L00670,Parrish Williams and James,Marilyn Meyers,Owner,marilyn.meyers@parrishwilliamsandjames.example.com,2026-05-13 18:50:14.575915,Google Ads,Google ,cpc,msp_q2_search_nonbrand,CA,94
ACME-L00671,Gillespie Monroe and King,Brian Rodriguez,Operations Manager,brian.rodriguez@gillespiemonroeandking.example.com,05/14/2026 00:38:36,Google Ads,google,cpc,msp_q2_search_nonbrand,NY,94
ACME-L00672,Haas-Porter,Daisy Cooper,Office Manager,daisy.cooper@haasporter.example.com,2026-05-14 03:23:25.878100,Referral,,,,NJ,73
ACME-L00673,Baker Edwards and Scott,Michele Peters,Owner,michele.peters@bakeredwardsandscott.example.com,2026-05-14 04:48:58.887823,Google Ads,google,cpc,msp_q2_search_nonbrand,NJ,67
ACME-L00674,Franco-Stokes,Amanda Johnson,Operations Manager,amanda.johnson@francostokes.example.com,2026-05-14 06:29:55.908403, fb ,facebook,paid_social,msp_q2_leadgen,CA,
ACME-L00675,Erickson Ltd,Jamie Patterson,,jamie.patterson@ericksonltd.example.com,2026-05-14 10:22:33.568000,Referral,,,,Texas,73
ACME-L00676,Sullivan Soto and Carpenter,Kenneth Alvarez,Owner,kenneth.alvarez@sullivansotoandcarpenter.example.com,2026-05-14 10:44:35.149546,Google Ads,google,cpc,msp_q2_search_brand,IL,67
ACME-L00677,Savage Schmidt and Boyd,Elizabeth Valenzuela,Operations Manager,elizabeth.valenzuela@savageschmidtandboyd.example.com,05/14/2026 10:55:16,Google Ads,google,cpc,,NY,67
ACME-L00678,Wilson-Poole,David Mclean,Operations Manager,david.mclean@wilsonpoole.example.com,2026-05-14 12:22:43.355699,Meta Ads,facebook,paid_social,msp_q2_leadgen,Illinois,45
ACME-L00679,Ross-Porter,Matthew Hancock,CFO,matthew.hancock@rossporter.example.com,2026-05-14 12:50:55.736991,Google Ads,google,cpc,msp q2 search brand,NJ,94
ACME-L00680,Roberts and Sons,Monica Fisher,Operations Manager,monica.fisher@robertsandsons.example.com,2026-05-14 12:53:19.848018,Referral,,,,NY,70
ACME-L00681,Trujillo and Sons,Terri Smith,,terri.smith@trujilloandsons.example.com,2026-05-14 12:53:21.350665,google_cpc,google,cpc,msp_q2_search_brand,MA,
ACME-L00682,White-Shields,Wanda Evans,,wanda.evans@whiteshields.example.com,2026-05-14 12:56:24.236889,Referral,,,,MA,70
ACME-L00683,Riddle and Sons,Jacqueline Ramos,Owner,jacqueline.ramos@riddleandsons.example.com,2026-05-14 13:07:22.654415,Google Ads,google,cpc,msp_q2_search_brand,NJ,
ACME-L00684,Martin Sheppard and Chambers,Julie Taylor,Office Manager,julie.taylor@martinsheppardandchamber.example.com,2026-05-14 13:23:27.702543,Google Ads,google,cpc,msp_q2_search_nonbrand,TX,82
ACME-L00685,Tyler-King,Ashley Walker,Practice Manager,ashley.walker@tylerking.example.com,05/14/2026 13:24:21,google,google,cpc,msp_q2_search_nonbrand,MA,94
ACME-L00686,Soto-Wilson,Roger Pugh,Office Manager,roger.pugh@sotowilson.example.com,2026-05-14 13:55:20.860683,Meta Ads,facebook,paid_social,msp_q2_leadgen,CA,53
ACME-L00687,Burton Walker and King,Jose Hamilton,Practice Manager,jose.hamilton@burtonwalkerandking.example.com,2026-05-14 14:19:43.462780,GOOGLE,google,cpc,msp_q2_search_brand,TX,93
ACME-L00688,Davidson PLC,Tamara Schneider,CFO,tamara.schneider@davidsonplc.example.com,2026-05-14 14:48:10.298403,Paid social,facebook,paid_social,msp_q2_leadgen,NY,61
ACME-L00689,Baker LLC,Christopher Hanson,Practice Manager,christopher.hanson@bakerllc.example.com,2026-05-14 15:43:03.878213,Cold Email,,,,ca,90
ACME-L00690,Powell-Jones,David Petersen,COO,david.petersen@powelljones.example.com,2026-05-14 16:31:06.381746,Outbound,,,,Illinois,63
ACME-L00691,Bailey Lawrence and Duncan,Yvonne Jones,Practice Manager,yvonne.jones@baileylawrenceandduncan.example.com,2026-05-14 16:39:13.524204,Referral,,,,NY,73
ACME-L00692,Perez-Dillon,Wendy Brock,Practice Manager,wendy.brock@perezdillon.example.com,2026-05-14 16:41:51.286014,Referral,,,,FL,85
ACME-L00693,Leon LLC,Patricia Gonzalez,Operations Manager,patricia.gonzalez@leonllc.example.com,2026-05-14 17:18:48.017558,Google Ads,google,cpc,msp_q2_search_brand,NY,79
ACME-L00694,Lopez Parker and Acevedo,James Flores,Practice Manager,james.flores@lopezparkerandacevedo.example.com,2026-05-14 19:28:49.976729,Meta Ads,facebook,paid_social,msp_q2_leadgen,NJ,55
ACME-L00695,King-Rios,Oscar Franco,Operations Manager,oscar.franco@kingrios.example.com,2026-05-14 19:50:26.713672,Google Ads,google,cpc,msp_q2_search_nonbrand,NY,67
ACME-L00696,Wade Taylor and Mullins,Jon Perry,COO,jon.perry@wadetaylorandmullins.example.com,2026-05-14 19:55:31.123723,Call Tracking,callrail,phone,gbp_listing,MA,48
ACME-L00697,Fields and Sons,Derrick Mann,Office Manager,derrick.mann@fieldsandsons.example.com,2026-05-15 00:53:13.078334, ppc ,google,cpc,msp_q2_search_nonbrand,Unassigned,44
ACME-L00698,Carrillo-Harris,Sara Parks,IT Manager,sara.parks@carrilloharris.example.com,2026-05-15 07:32:46.169245,Google Ads,google,cpc,msp_q2_search_nonbrand,NY,94
ACME-L00699,Brewer Group,Tracy Bowers,Operations Manager,tracy.bowers@brewergroup.example.com,2026-05-15 08:07:50.588842,Meta Ads,facebook,paid_social,msp_q2_leadgen,TX,61
ACME-L00700,Flores PLC,Jennifer Kane,Office Manager,jennifer.kane@floresplc.example.com,2026-05-15 08:08:23.779832,Referral,,,,TX,100
ACME-L00701,Cox Group,Todd Miller,COO,todd.miller@coxgroup.example.com,2026-05-15 08:42:47.617690,Outbound,,,,FL,63
ACME-L00702,Ward-Allen,Scott Green,Operations Manager,SCOTT.GREEN@WARDALLEN.EXAMPLE.COM ,2026-05-15 09:33:10.590445,Referral,,,,MA,73
ACME-L00703,Hart Ltd,Monica Jackson,Practice Manager,monica.jackson@hartltd.example.com,05/15/2026 12:03:12,Google Ads,google,cpc,msp_q2_search_brand,TX,
ACME-L00704,Carter PLC,Anthony Kelley,Owner,anthony.kelley@carterplc.example.com,2026-05-15 12:24:26.383632,Google Ads,google,cpc,msp_q2_search_brand,IL,94
ACME-L00705,Gonzalez-Calhoun,Angela Williams,,angela.williams@gonzalezcalhoun.example.com,2026-05-15 12:32:52.575676,Call Tracking,callrail,phone,gbp_listing,NY,67
ACME-L00706,Douglas-Pineda,James Ramirez,Office Manager,james.ramirez@douglaspineda.example.com,2026-05-15 13:21:29.362521,Call Tracking,callrail,phone,local_services,MA,70
ACME-L00707,Spencer and Sons,Amber Horton,COO,amber.horton@spencerandsons.example.com,2026-05-15 14:01:08.508815,Outbound - sdr,,,,NY,
ACME-L00708,Welch-Garcia,Juan Mccormick,Office Manager,JUAN.MCCORMICK@WELCHGARCIA.EXAMPLE.COM ,2026-05-15 15:25:23.281749,Google Ads,google,cpc,msp_q2_search_brand,FL,67
ACME-L00709,Adams-Harris,Regina Cole,IT Manager,regina.cole@adamsharris.example.com,2026-05-15 15:57:45.327115,Google Ads,google,cpc,msp_q2_search_brand,FL,67
ACME-L00710,Becker Inc,Lacey Clark,IT Manager,lacey.clark@beckerinc.example.com,2026-05-15 16:15:42.448511,Referral,,,,FL,70
ACME-L00711,Rivers Lee and Jones,Priscilla Hudson,IT Manager,priscilla.hudson@riversleeandjones.example.com,2026-05-15 17:25:59.689636,Meta Ads,facebook,paid_social,msp_q2_leadgen,FL,88
ACME-L00712,Moore Group,Kelly Hall,CFO,kelly.hall@mooregroup.example.com,2026-05-15 17:26:54.427454,Meta Ads,facebook,paid_social,msp_q2_leadgen,NJ,53
ACME-L00713,Johnson Sandoval and Phelps,Donna Peterson,CFO,donna.peterson@johnsonsandovalandphelps.example.com,05/15/2026 17:37:41,Google Ads,google,cpc,msp q2 search nonbrand,IL,94
ACME-L00714,Martin Hunt and Rodriguez,Kristin Preston,IT Manager,kristin.preston@martinhuntandrodriguez.example.com,2026-05-15 18:25:06.567869,Call Tracking,callrail,phone,gbp_listing,NJ,70
ACME-L00715,Mora Ltd,Christie Smith,IT Director,CHRISTIE.SMITH@MORALTD.EXAMPLE.COM ,2026-05-15 19:33:59.305267,Outbound,,,,NY,63
ACME-L00716,Santos-Lopez,Ellen Fletcher,Office Manager,ELLEN.FLETCHER@SANTOSLOPEZ.EXAMPLE.COM ,2026-05-16 04:29:50.693456,Outbound,,,,NY,63
ACME-L00717,Allen Ltd,Matthew Hoover,IT Director,matthew.hoover@allenltd.example.com,2026-05-16 15:06:50.536069,Google Ads,Google ,cpc,msp_q2_search_brand,NY,94
ACME-L00718,Lam LLC,Jeremy Stewart,Practice Manager,jeremy.stewart@lamllc.example.com,2026-05-16 17:05:23.485672,Google Ads,Google ,cpc,msp_q2_search_nonbrand,NJ,63
ACME-L00719,Roach Anderson and Brown,Steven Morgan,COO,steven.morgan@roachandersonandbrown.example.com,2026-05-16 18:48:14.007173,Meta Ads,facebook,paid_social,msp_q2_leadgen,NJ,88
ACME-L00720,Benson Gonzalez and Hernandez,Ivan Cook,COO,ivan.cook@bensongonzalezandhernand.example.com,2026-05-16 21:31:30.817071,Google Ads,google,cpc,msp_q2_search_nonbrand,NJ,93
ACME-L00721,Trevino-Harris,Rodney Sparks,IT Manager,rodney.sparks@trevinoharris.example.com,2026-05-17 14:32:41.230663,Google Ads,google,cpc,msp_q2_search_brand,fl,67
ACME-L00722,Taylor-Mullins,Albert Hall,Owner,albert.hall@taylormullins.example.com,2026-05-17 19:22:58.483173,Google Ads,Google ,cpc,msp_q2_search_nonbrand,FL,94
ACME-L00723,Carroll-Rice,Susan Gay,IT Director,susan.gay@carrollrice.example.com,2026-05-17 21:46:51.200925,Google Ads,google,cpc,msp_q2_search_nonbrand,FL,94
ACME-L00724,Miller and Sons,Michael Lopez,CFO,michael.lopez@millerandsons.example.com,2026-05-18 05:06:15.739137,PHONE,callrail,phone,local_services,TX,97
ACME-L00725,Torres-Morrison,Susan Simpson,Owner,susan.simpson@torresmorrison.example.com,2026-05-18 07:15:00.978523,Outbound,,,,NY,63
ACME-L00726,Thompson-Lawrence,Tina Burton,IT Director,tina.burton@thompsonlawrence.example.com,2026-05-18 08:36:49.660401,Google Ads,google,cpc,msp_q2_search_nonbrand,NJ,60
ACME-L00727,Dyer Johnson and Lopez,Erika West,,erika.west@dyerjohnsonandlopez.example.com,2026-05-18 09:04:03.677809,Google Ads,google,cpc,msp_q2_search_nonbrand,NY,37
ACME-L00728,Lopez PLC,Linda Potter,IT Manager,linda.potter@lopezplc.example.com,2026-05-18 09:16:23.938025,Meta Ads,facebook,paid_social,msp_q2_leadgen,MA,88
ACME-L00729,Flores-Woods,Jennifer Townsend,Operations Manager,jennifer.townsend@floreswoods.example.com,2026-05-18 09:56:59.837063,Call Tracking,callrail,phone,local_services,TX,70
ACME-L00730,Watson Johnson and Bishop,Martha Dixon,COO,martha.dixon@watsonjohnsonandbishop.example.com,2026-05-18 12:18:30.682062,Google Ads,google,cpc,msp_q2_search_nonbrand,NY,67
ACME-L00731,Suarez-Jimenez,Tina Gibbs,Practice Manager,tina.gibbs@suarezjimenez.example.com,2026-05-18 12:38:24.703717,Google Ads,google,cpc, MSP_Q2_SEARCH_NONBRAND,IL,67
ACME-L00732,Richards Fields and Mann,Scott Jones,Owner,scott.jones@richardsfieldsandmann.example.com,2026-05-18 14:56:40.601677,Google Ads,google,cpc,msp_q2_search_nonbrand,TX,94
ACME-L00733,Perry Ltd,Martha Mccarthy,COO,martha.mccarthy@perryltd.example.com,2026-05-18 15:01:42.364421,Outbound,,,,NY,63
ACME-L00734,Hernandez-Fuller,Richard Werner,Office Manager,richard.werner@hernandezfuller.example.com,05/18/2026 15:19:46,Outbound,,,,NY,63
ACME-L00735,Rodriguez PLC,Steven Murray,Practice Manager,steven.murray@rodriguezplc.example.com,2026-05-18 15:47:44.647568,Google Ads,google,cpc,msp_q2_search_brand,CA,67
ACME-L00736,Scott Short and Haynes,Brian Fleming,Practice Manager,brian.fleming@scottshortandhaynes.example.com,2026-05-18 16:02:29.570592,Meta Ads,facebook,paid_social,msp_q2_leadgen,TX,61
ACME-L00737,Smith Ewing and Stewart,Natalie Martinez,IT Manager,natalie.martinez@smithewingandstewart.example.com,05/18/2026 16:11:57,Referral,,,,FL,73
ACME-L00738,Williams-Munoz,Cory Dunn,COO,cory.dunn@williamsmunoz.example.com,2026-05-18 16:23:10.414156,Referral,,,,TX,100
ACME-L00739,Murillo and Sons,Bonnie Tanner,Practice Manager,bonnie.tanner@murilloandsons.example.com,2026-05-18 16:53:17.448826,INBOUND CALL,callrail,phone,local_services,MA,97
ACME-L00740,Smith Taylor and Larson,Bailey Hale,Office Manager,bailey.hale@smithtaylorandlarson.example.com,2026-05-18 17:36:37.803237,Call Tracking,callrail,phone,local_services,unassigned,50
ACME-L00741,Lee Mullen and Rodriguez,Lisa Morgan,IT Director,lisa.morgan@leemullenandrodriguez.example.com,2026-05-18 18:58:51.682424,Outbound,,,,NY,63
ACME-L00742,Vazquez Mendez and Winters,James Collins,,james.collins@vazquezmendezandwinters.example.com,05/18/2026 19:22:34,Meta Ads,facebook,paid_social,,CA,61
ACME-L00743,Petersen-Sullivan,Christopher Delgado,IT Director,christopher.delgado@petersensullivan.example.com,2026-05-18 19:43:10.917558,Outbound,,,,NJ,90
ACME-L00744,Palmer Chapman and Miller,Ricky Jones,CFO,ricky.jones@palmerchapmanandmiller.example.com,2026-05-18 23:36:08.148784,Google Ads,google,cpc,msp q2 search brand,TX,
ACME-L00745,Shah-Harrison,Steven Curry,Operations Manager,steven.curry@shahharrison.example.com,05/18/2026 23:49:21,Google Ads,google,cpc,msp_q2_search_nonbrand,FL,94
ACME-L00746,Kim Oconnor and Cruz,Lisa Skinner,Owner,lisa.skinner@kimoconnorandcruz.example.com,2026-05-19 06:29:55.807074,Outbound,,,,NJ,52
ACME-L00747,Johnson and Sons,Tony Webb,Operations Manager,tony.webb@johnsonandsons.example.com,2026-05-19 08:20:45.695037,Google Ads,google,cpc,msp q2 search nonbrand,MA,94
ACME-L00748,Diaz Hughes and Eaton,Marc Williams,CFO,marc.williams@diazhughesandeaton.example.com,2026-05-19 08:24:01.519944,Referral,,,,CA,57
ACME-L00749,Walsh-Osborne,Leroy Hernandez,COO,leroy.hernandez@walshosborne.example.com,2026-05-19 08:25:25.843979,Google ads search,google,cpc,msp_q2_search_brand,FL,67
ACME-L00750,Franklin LLC,Heather Blair,Office Manager,heather.blair@franklinllc.example.com,05/19/2026 10:21:10,Outbound,,,,IL,63
ACME-L00751,Waters Green and Obrien,Joan Leach,Office Manager,joan.leach@watersgreenandobrien.example.com,2026-05-19 11:10:42.603225,Google Ads,google,cpc,msp_q2_search_nonbrand,TX,94
ACME-L00752,Marsh and Sons,Adam Knight,,adam.knight@marshandsons.example.com,2026-05-19 11:50:29.836441,partner referral,,,,New Jersey,70
ACME-L00753,Franklin-Lewis,Monique Martinez,COO,monique.martinez@franklinlewis.example.com,2026-05-19 12:36:30.641209,Meta Ads,facebook,paid_social,msp_q2_leadgen,IL,53
ACME-L00754,Smith Waters and Tyler,Julia Ayala,CFO,julia.ayala@smithwatersandtyler.example.com,2026-05-19 15:49:44.406834,Outbound,,,,NJ,63
ACME-L00755,Harris PLC,Amanda Jones,,amanda.jones@harrisplc.example.com,2026-05-19 17:58:54.361348,Google Ads,google,cpc,msp_q2_search_brand,TX,64
ACME-L00756,Hernandez Rojas and Mason,Daniel Gomez,Office Manager,daniel.gomez@hernandezrojasandmason.example.com,2026-05-19 18:47:08.705732,Instagram,facebook,paid_social,msp_q2_leadgen,ma,88
ACME-L00757,Wilson Group,Timothy White,COO,timothy.white@wilsongroup.example.com,2026-05-20 02:44:30.030359,Google Ads,google,cpc,msp_q2_search_brand,NJ,94
ACME-L00758,Harper-Fernandez,Christopher Taylor,IT Director,christopher.taylor@harperfernandez.example.com,05/20/2026 08:26:32,Meta Ads,Facebook ,paid_social,msp_q2_leadgen,MA,
ACME-L00759,Pratt Ltd,Matthew Weber,COO,matthew.weber@prattltd.example.com,2026-05-20 08:40:38.237137,Google Ads,google,cpc,msp_q2_search_brand,Texas,67
ACME-L00760,Cruz PLC,David Montgomery,Office Manager,DAVID.MONTGOMERY@CRUZPLC.EXAMPLE.COM ,2026-05-20 08:55:00.067001,Outbound,,,,NY,35
ACME-L00761,James Roberts and Holland,Nancy Cruz,IT Manager,nancy.cruz@jamesrobertsandholland.example.com,2026-05-20 09:46:05.147329,Referral,,,,ma,100
ACME-L00762,Hill Group,Kelly Page,IT Director,kelly.page@hillgroup.example.com,2026-05-20 10:53:44.441112,Outbound,,,,Unassigned,43
ACME-L00763,Johnson PLC,Taylor Ewing,CFO,taylor.ewing@johnsonplc.example.com,2026-05-20 11:43:48.643396, meta ,facebook,paid_social,msp_q2_leadgen,MA,75
ACME-L00764,Johnson-Li,Teresa Miller,IT Manager,teresa.miller@johnsonli.example.com,2026-05-20 12:20:00.049144,Meta Ads,facebook,paid_social,msp_q2_leadgen,IL,51
ACME-L00765,Brady-Miller,Heather Long,Operations Manager,heather.long@bradymiller.example.com,05/20/2026 12:21:29,Referral,,,,TX,73
ACME-L00766,Hogan-Miller,Chloe Parsons,IT Director,chloe.parsons@hoganmiller.example.com,2026-05-20 12:51:53.550123,Google Ads,google,cpc,msp_q2_search_brand,CA,63
ACME-L00767,Powers Inc,Sean Morgan,Owner,sean.morgan@powersinc.example.com,2026-05-20 13:01:57.220174,META,facebook,paid_social,msp_q2_leadgen,MA,88
ACME-L00768,Ballard Group,Kendra Cooper,COO,kendra.cooper@ballardgroup.example.com,2026-05-20 13:19:39.332034,Meta Ads,facebook,paid_social,msp_q2_leadgen,NY,88
ACME-L00769,Ewing Ltd,George Hernandez,CFO,george.hernandez@ewingltd.example.com,05/20/2026 13:59:50,Google Ads,google,cpc,msp_q2_search_brand,FL,37
ACME-L00770,French PLC,Phillip Johnson,,phillip.johnson@frenchplc.example.com,2026-05-20 16:07:57.080251,Referral,,,,TX,100
ACME-L00771,Moran-Scott,Ryan Cohen,Operations Manager,ryan.cohen@moranscott.example.com,2026-05-20 16:25:30.234036,Google Ads,google,cpc,msp_q2_search_nonbrand,MA,94
ACME-L00772,Spencer-Hughes,Stuart Cooper,IT Manager,stuart.cooper@spencerhughes.example.com,2026-05-20 17:16:38.790232,Google Ads,google,cpc,msp_q2_search_nonbrand,TX,67
ACME-L00773,Smith Inc,Christopher Davis,Office Manager,christopher.davis@smithinc.example.com,2026-05-20 17:41:32.082157,Referral,,,,CA,
ACME-L00774,Bender Alexander and Mccarthy,Johnny Turner,Office Manager,johnny.turner@benderalexanderandmccart.example.com,05/20/2026 17:43:42,Ppc,google,cpc,msp_q2_search_nonbrand,FL,87
ACME-L00775,Odonnell-Walton,Dana Gonzalez,CFO,dana.gonzalez@odonnellwalton.example.com,2026-05-20 17:47:06.187804,Google Ads,google,cpc,msp_q2_search_brand,NY,67
ACME-L00776,Rodriguez Garcia and Jackson,Alexandra Morrow,COO,alexandra.morrow@rodriguezgarciaandjackso.example.com,2026-05-20 22:00:33.338660,Google Ads,google,cpc,msp_q2_search_brand,MA,39
ACME-L00777,Price LLC,Susan Cox,IT Manager,susan.cox@pricellc.example.com,2026-05-21 05:25:43.777313,Outbound,,,,NJ,63
ACME-L00778,Scott-Baker,Samuel Warren,Practice Manager,samuel.warren@scottbaker.example.com,2026-05-21 08:09:00.819909,Meta Ads,facebook,paid_social,msp_q2_leadgen,NJ,88
ACME-L00779,Williams Casey and York,Jill Williams,Practice Manager,jill.williams@williamscaseyandyork.example.com,2026-05-21 08:18:34.882702,Call Tracking,callrail,phone,gbp_listing,TX,70
ACME-L00780,Allen-Green,Rodney Patel,Office Manager,rodney.patel@allengreen.example.com,2026-05-21 08:18:48.579990,Adwords,google,cpc,msp_q2_search_brand,NY,67
ACME-L00781,Taylor-Gordon,William Roberson,Owner,william.roberson@taylorgordon.example.com,2026-05-21 08:27:34.987529,Google Ads,google,cpc,msp_q2_search_nonbrand,IL,76
ACME-L00782,Huff-Ballard,Erik Gomez,IT Director,erik.gomez@huffballard.example.com,2026-05-21 08:50:37.161253,Outbound - sdr,,,,CA,84
ACME-L00783,Galvan and Sons,Leroy Nolan,Owner,leroy.nolan@galvanandsons.example.com,2026-05-21 09:04:31.293913,Referral,,,,NJ,100
ACME-L00784,White and Sons,Amy Rodriguez,Practice Manager,amy.rodriguez@whiteandsons.example.com,05/21/2026 09:10:32,Google Ads,google,cpc,msp_q2_search_brand,NY,80
ACME-L00785,Golden Chapman and Gonzalez,Alexis Nichols,Owner,alexis.nichols@goldenchapmanandgonzalez.example.com,2026-05-21 09:24:11.676011, google ,google,cpc,msp_q2_search_nonbrand,Unassigned,74
ACME-L00786,Obrien-Alvarez,Amy Hughes,Operations Manager,amy.hughes@obrienalvarez.example.com,2026-05-21 09:32:33.892236,Meta Ads,facebook,paid_social,msp_q2_leadgen,IL,61
ACME-L00787,Nichols-Chan,Jenny Edwards,COO,jenny.edwards@nicholschan.example.com,2026-05-21 09:50:48.371737,google,google,cpc,msp_q2_search_nonbrand,MA,94
ACME-L00788,Wu Inc,Amanda Garcia,Operations Manager,amanda.garcia@wuinc.example.com,2026-05-21 10:41:15.620292,Google Ads,google,cpc,msp_q2_search_brand,IL,94
ACME-L00789,Alvarado-Foster,Courtney Ayala,COO,courtney.ayala@alvaradofoster.example.com,2026-05-21 10:46:50.494118,PPC,google,cpc,msp_q2_search_brand,TX,67
ACME-L00790,Shepherd Ltd,Andres Lowe,COO,andres.lowe@shepherdltd.example.com,2026-05-21 11:43:14.663122,Meta Ads,facebook,paid_social,msp_q2_leadgen,New York,88
ACME-L00791,Armstrong Garcia and Conner,Laura Young,Office Manager,laura.young@armstronggarciaandconner.example.com,2026-05-21 11:47:00.870005,Outbound,,,,MA,82
ACME-L00792,Gray-Fox,Tyler Valenzuela,IT Manager,tyler.valenzuela@grayfox.example.com,2026-05-21 11:56:52.409405,Adwords,google,cpc,msp_q2_search_brand,TX,94
ACME-L00793,Sullivan-Shelton,Matthew Brown,Operations Manager,matthew.brown@sullivanshelton.example.com,2026-05-21 12:03:06.463730,Outbound,,,,CA,63
ACME-L00794,Miller and Sons,Melissa Charles,,melissa.charles@millerandsons.example.com,2026-05-21 12:06:13.051151,Google Ads,google,cpc,msp_q2_search_brand,TX,94
ACME-L00795,Morgan-Hansen,Steven Mack,COO,STEVEN.MACK@MORGANHANSEN.EXAMPLE.COM ,2026-05-21 12:57:38.001707,Outbound - sdr,,,,NY,63
ACME-L00796,Williams-Miles,Stephanie Stevens,IT Manager,stephanie.stevens@williamsmiles.example.com,2026-05-21 13:04:58.439004,Google Ads,google,cpc,,CA,64
ACME-L00797,Smith-Riley,Matthew Smith,Practice Manager,matthew.smith@smithriley.example.com,2026-05-21 13:28:48.033826,Call Tracking,callrail,phone,local_services,FL,97
ACME-L00798,Walls-Rodriguez,Kathryn Rios,IT Director,kathryn.rios@wallsrodriguez.example.com,2026-05-21 13:35:22.607046,Google Ads,google,cpc,msp_q2_search_brand,NY,67
ACME-L00799,Henderson Phillips and Smith,Larry Jones,IT Manager,larry.jones@hendersonphillipsandsmit.example.com,2026-05-21 13:36:59.747075,cold email,,,,CA,60
ACME-L00800,Rodriguez-Owen,Jacob Spencer,IT Director,jacob.spencer@rodriguezowen.example.com,05/21/2026 13:56:00,Google Ads,google,cpc,,NJ,67
ACME-L00801,Davis-Williams,Scott Lee,IT Director,scott.lee@daviswilliams.example.com,2026-05-21 13:56:11.648903,Referral,,,,Unassigned,53
ACME-L00802,Conrad-Holt,Joanna Greer,Practice Manager,joanna.greer@conradholt.example.com,2026-05-21 14:11:47.152554,Call Tracking,callrail,phone,local_services,FL,69
ACME-L00803,Miller-Love,Tina Elliott,Office Manager,tina.elliott@millerlove.example.com,2026-05-21 15:12:26.780611,Google Ads,Google ,cpc,msp_q2_search_brand,tx,37
ACME-L00804,Griffin-Carroll,Kevin Jackson,IT Manager,KEVIN.JACKSON@GRIFFINCARROLL.EXAMPLE.COM ,2026-05-21 15:43:59.995914,Google Ads,google,cpc,msp_q2_search_nonbrand,,94
ACME-L00805,Glenn Hernandez and Jarvis,Bailey Hall,,bailey.hall@glennhernandezandjarvis.example.com,2026-05-21 16:51:07.817739,Meta Ads,facebook,paid_social,msp_q2_leadgen,TX,88
ACME-L00806,Smith and Sons,Rebecca Reyes,Office Manager,REBECCA.REYES@SMITHANDSONS.EXAMPLE.COM ,2026-05-21 17:46:59.783220,Referral,,,,MA,73
ACME-L00807,Medina Allen and Robinson,Courtney Bennett,CFO,courtney.bennett@medinaallenandrobinson.example.com,05/21/2026 19:07:46,Outbound,,,,NJ,63
ACME-L00808,Richardson PLC,Donna Dean,Operations Manager,donna.dean@richardsonplc.example.com,2026-05-22 09:50:04.155029,Referal,,,,NY,73
ACME-L00809,Hill LLC,Amy Blake,IT Manager,amy.blake@hillllc.example.com,2026-05-22 09:59:35.563781,Google,google,cpc, MSP_Q2_SEARCH_BRAND,NJ,94
ACME-L00810,Garza LLC,Jennifer Hill,CFO,JENNIFER.HILL@GARZALLC.EXAMPLE.COM ,2026-05-22 10:12:49.039012,Google Ads,google,cpc,msp_q2_search_nonbrand,ny,94
ACME-L00811,Davis-Maddox,Amy Morales,IT Director,amy.morales@davismaddox.example.com,2026-05-22 10:18:19.952149,Adwords,google,cpc,msp_q2_search_brand,ny,57
ACME-L00812,Roy-Booth,Joseph Walton,IT Manager,joseph.walton@roybooth.example.com,2026-05-22 10:20:33.576044,Meta Ads,facebook,paid_social,msp_q2_leadgen,IL,88
ACME-L00813,Ryan-Norris,Lindsey Rush,Owner,lindsey.rush@ryannorris.example.com,2026-05-22 10:43:41.367126,Outbound,,,,NJ,63
ACME-L00814,Costa-Beard,Christine Lee,Practice Manager,christine.lee@costabeard.example.com,2026-05-22 11:20:10.473030,Referral,,,,TX,100
ACME-L00815,Mitchell Group,Sarah Johnson,CFO,sarah.johnson@mitchellgroup.example.com,2026-05-22 11:42:31.475615,Google Ads,google,cpc,msp_q2_search_brand,California,59
ACME-L00816,Burke Inc,Charles Velasquez,COO,charles.velasquez@burkeinc.example.com,2026-05-22 11:58:58.924042,Google Ads,google,cpc,msp_q2_search_nonbrand,ca,42
ACME-L00817,Johnson-Thompson,Robert Fletcher,Office Manager,robert.fletcher@johnsonthompson.example.com,2026-05-22 13:06:12.678657,Google Ads,google,cpc,msp_q2_search_brand,MA,67
ACME-L00818,Norman Knapp and Love,Nicholas Williams,IT Manager,nicholas.williams@normanknappandlove.example.com,2026-05-22 14:23:52.287195,Google Ads,google,cpc,msp_q2_search_brand,NY,67
ACME-L00819,Koch Inc,Austin Taylor,COO,austin.taylor@kochinc.example.com,2026-05-22 14:41:15.683555,Outbound,,,,MA,90
ACME-L00820,Lewis Cruz and Terrell,Sandra Andrews,Office Manager,sandra.andrews@lewiscruzandterrell.example.com,2026-05-22 14:54:56.532552,Meta Ads,facebook,paid_social,msp_q2_leadgen,NY,61
ACME-L00821,Bernard-Jones,Tara Castaneda,,tara.castaneda@bernardjones.example.com,2026-05-22 16:36:10.869296,Outbound,,,,MA,90
ACME-L00822,Hamilton Ltd,David Taylor,Office Manager,david.taylor@hamiltonltd.example.com,2026-05-22 16:37:33.445480,Google Ads,google,cpc,msp_q2_search_nonbrand,TX,37
ACME-L00823,Giles Conway and Mcgee,Marissa Pham,CFO,marissa.pham@gilesconwayandmcgee.example.com,2026-05-22 16:55:01.332715,Google Ads,google,cpc,,,94
ACME-L00824,Johnson PLC,Joseph Brooks,Office Manager,joseph.brooks@johnsonplc.example.com,2026-05-22 20:31:52.284308,Meta Ads,facebook,paid_social,msp_q2_leadgen,MA,75
ACME-L00825,Brown Griffin and Peters,Lindsay Williams,Owner,lindsay.williams@browngriffinandpeters.example.com,2026-05-22 20:56:36.020418,Google Ads,google,cpc,msp_q2_search_nonbrand,NJ,90
ACME-L00826,Lewis Ltd,Cameron Gutierrez,IT Director,cameron.gutierrez@lewisltd.example.com,2026-05-22 23:24:30.033591,Google Ads,google,cpc,,NJ,94
ACME-L00827,Davis-Willis,James Zimmerman,Operations Manager,james.zimmerman@daviswillis.example.com,2026-05-23 00:29:39.881489,Call Tracking,callrail,phone,gbp_listing,NY,97
ACME-L00828,Garcia and Sons,Shirley Alexander,Office Manager,shirley.alexander@garciaandsons.example.com,2026-05-23 02:36:59.674963,Google Ads,google,cpc,msp_q2_search_nonbrand,CA,94
ACME-L00829,Salazar-Byrd,Marc Fuller,Operations Manager,marc.fuller@salazarbyrd.example.com,2026-05-23 05:12:10.975517,Referral,,,,NY,73
ACME-L00830,Lewis Ltd,Gregg Torres,COO,gregg.torres@lewisltd.example.com,2026-05-23 10:58:29.208364,Referral,,,,,100
ACME-L00831,Wilson Bennett and Collins,William Hernandez,CFO,william.hernandez@wilsonbennettandcollins.example.com,05/23/2026 16:45:35,Meta Ads,facebook,paid_social,msp_q2_leadgen,IL,61
ACME-L00832,Mcdonald-Shah,Kristen Anderson,Operations Manager,kristen.anderson@mcdonaldshah.example.com,2026-05-23 17:43:43.253936,Google Ads,google,cpc,msp q2 search nonbrand,NJ,94
ACME-L00833,Collier-Johnson,Maria Perez,IT Director,maria.perez@collierjohnson.example.com,2026-05-23 19:23:50.305461,Google Ads,google,cpc,msp_q2_search_brand,NY,94
ACME-L00834,Hampton Group,Meagan Clarke,IT Director,meagan.clarke@hamptongroup.example.com,2026-05-23 20:07:15.781700,Google Ads,google,cpc,msp_q2_search_brand,CA,67
ACME-L00835,Sims Ltd,Zachary Stevens,,zachary.stevens@simsltd.example.com,2026-05-24 00:18:36.006844,Outbound,,,,MA,86
ACME-L00836,Love-Foster,Lisa York,Owner,lisa.york@lovefoster.example.com,2026-05-24 03:28:25.014473,Word of mouth,,,,NY,73
ACME-L00837,Robles Mann and Ball,Kyle Scott,IT Manager,kyle.scott@roblesmannandball.example.com,2026-05-24 08:26:27.644640,Meta Ads,facebook,paid_social,msp_q2_leadgen,MA,61
ACME-L00838,Black Group,Cody Mueller,IT Director,cody.mueller@blackgroup.example.com,2026-05-24 10:18:34.474996,Google Ads,google,cpc,msp_q2_search_nonbrand,tx,64
ACME-L00839,Parker-Hutchinson,Todd Sparks,Office Manager,todd.sparks@parkerhutchinson.example.com,05/24/2026 10:54:05,Google Ads,google,cpc,msp_q2_search_brand,NJ,67
ACME-L00840,Douglas Inc,George Bell,Practice Manager,george.bell@douglasinc.example.com,2026-05-24 18:33:33.649307,Google Ads,google,cpc,msp_q2_search_brand,MA,94
ACME-L00841,Franco-Phillips,Jacob Little,IT Director,jacob.little@francophillips.example.com,2026-05-24 20:47:21.942881,Google Ads,google,cpc, MSP_Q2_SEARCH_BRAND,MA,94
ACME-L00842,Hill-Wright,Robert Smith,IT Manager,robert.smith@hillwright.example.com,05/25/2026 08:49:41, outbound - sdr ,,,,TX,90
ACME-L00843,Collins Group,Joseph Proctor,,JOSEPH.PROCTOR@COLLINSGROUP.EXAMPLE.COM ,2026-05-25 08:50:00.416206,Meta Ads,facebook,paid_social,msp_q2_leadgen,CA,58
ACME-L00844,Gomez LLC,Katherine Day,Office Manager,katherine.day@gomezllc.example.com,2026-05-25 08:53:30.432142,Google Ads,google,cpc,msp_q2_search_brand,MA,94
ACME-L00845,Ellis PLC,Daryl Green,Operations Manager,daryl.green@ellisplc.example.com,2026-05-25 09:03:04.716448,Google Ads,google,cpc,msp_q2_search_brand,CA,94
ACME-L00846,Williams Inc,Tammy Mckee,IT Manager,TAMMY.MCKEE@WILLIAMSINC.EXAMPLE.COM ,2026-05-25 09:03:19.383249,Referral,,,,NJ,100
ACME-L00847,Mcbride Inc,Charles Oliver,CFO,charles.oliver@mcbrideinc.example.com,2026-05-25 09:13:56.375827,Google Ads,google,cpc,msp_q2_search_brand,NJ,94
ACME-L00848,Christensen-Abbott,John Matthews,IT Manager,john.matthews@christensenabbott.example.com,05/25/2026 09:49:13,Referral,,,,TX,73
ACME-L00849,Diaz Harris and Jackson,Michael Nunez,IT Director,MICHAEL.NUNEZ@DIAZHARRISANDJACKSON.EXAMPLE.COM ,2026-05-25 10:02:20.796651,Outbound,,,,CA,56
ACME-L00850,Mccullough and Sons,Nathan Erickson,Office Manager,nathan.erickson@mcculloughandsons.example.com,2026-05-25 10:38:10.129856,Referral,,,,NY,73
ACME-L00851,Cox-Cherry,Brian Davenport,IT Director,brian.davenport@coxcherry.example.com,2026-05-25 10:55:06.567468,Adwords,google,cpc,msp_q2_search_brand,NY,94
ACME-L00852,Smith-Jones,Stephanie Morrow,IT Manager,stephanie.morrow@smithjones.example.com,2026-05-25 11:04:11.887449,GOOGLE_CPC,google,cpc,msp q2 search nonbrand,NJ,94
ACME-L00853,Skinner Hernandez and Lloyd,Tina Myers,CFO,tina.myers@skinnerhernandezandlloyd.example.com,2026-05-25 11:46:19.109938,Google Ads,google,cpc,msp_q2_search_brand,IL,67
ACME-L00854,Joseph-Ingram,Cassidy Hicks,,cassidy.hicks@josephingram.example.com,2026-05-25 12:26:27.006265,Meta Ads,facebook,paid_social,msp_q2_leadgen,IL,61
ACME-L00855,Rodriguez-Walker,Crystal Peterson,IT Director,crystal.peterson@rodriguezwalker.example.com,2026-05-25 13:24:06.430943,Outbound,,,,IL,90
ACME-L00856,Estrada George and Murray,Katie Guerra,Owner,katie.guerra@estradageorgeandmurray.example.com,2026-05-25 13:28:51.549599,Referral,,,,Illinois,100
ACME-L00857,Krueger LLC,Tammy Joseph,CFO,tammy.joseph@kruegerllc.example.com,2026-05-25 14:04:57.964080, google ads search ,google,cpc,msp_q2_search_brand,MA,67
ACME-L00858,Bentley-Jenkins,Richard Miller,Practice Manager,richard.miller@bentleyjenkins.example.com,2026-05-25 15:00:08.603426,Google Ads,google,cpc,msp_q2_search_nonbrand,Florida,82
ACME-L00859,Flores PLC,Carla Chavez,Office Manager,carla.chavez@floresplc.example.com,2026-05-25 15:17:37.940831,Meta Ads,facebook,paid_social,msp_q2_leadgen,TX,88
ACME-L00860,Vaughan-Hall,Thomas Hunt,IT Director,thomas.hunt@vaughanhall.example.com,2026-05-25 16:04:42.973325,Google Ads,google,cpc,msp_q2_search_brand,IL,64
ACME-L00861,Campbell Ltd,Brian Page,IT Manager,brian.page@campbellltd.example.com,2026-05-25 16:17:23.332280,Google Ads,google,cpc,msp_q2_search_brand,MA,94
ACME-L00862,Webb Thornton and Smith,Heather Anderson,CFO,heather.anderson@webbthorntonandsmith.example.com,05/25/2026 17:55:17,Outbound,,,,IL,63
ACME-L00863,Wood-Martin,Elizabeth Brennan,Office Manager,elizabeth.brennan@woodmartin.example.com,2026-05-25 18:56:12.317989,Google Ads,google,cpc,msp_q2_search_nonbrand,NY,94
ACME-L00864,Beck Bradshaw and Cannon,Jose Randall,Practice Manager,jose.randall@beckbradshawandcannon.example.com,2026-05-25 20:02:20.015531,Referral,,,,NY,73
ACME-L00865,Smith and Sons,Greg Lester,Office Manager,greg.lester@smithandsons.example.com,2026-05-26 01:14:27.147467,Referral,,,,MA,73
ACME-L00866,Thomas Ltd,Kyle Barber,IT Manager,kyle.barber@thomasltd.example.com,2026-05-26 01:39:18.023269,Referral,,,,NY,57
ACME-L00867,Cherry PLC,Manuel Thompson,Owner,manuel.thompson@cherryplc.example.com,2026-05-26 04:45:54.585758,Meta Ads,facebook,paid_social,msp_q2_leadgen,CA,61
ACME-L00868,Alvarado-Strong,Ronald Torres,Practice Manager,ronald.torres@alvaradostrong.example.com,2026-05-26 09:16:10.604313,Google Ads,google,cpc,msp_q2_search_nonbrand,MA,67
ACME-L00869,Madden Chavez and Ramirez,Alexandra Everett,Practice Manager,alexandra.everett@maddenchavezandramirez.example.com,2026-05-26 10:48:30.768524,Referal,,,,TX,73
ACME-L00870,Russo-Caldwell,Mary Chapman,Office Manager,mary.chapman@russocaldwell.example.com,05/26/2026 11:05:46,Google Ads,google,cpc,,NY,55
ACME-L00871,Martin-Thompson,Jennifer Newton,IT Director,jennifer.newton@martinthompson.example.com,2026-05-26 11:09:27.026933,Google Ads,google,cpc,msp_q2_search_nonbrand,MA,75
ACME-L00872,Preston-Durham,James Ramirez,IT Director,james.ramirez@prestondurham.example.com,2026-05-26 11:36:50.923826,Referral,,,,NJ,73
ACME-L00873,Yang Medina and Young,Victor Jacobs,,victor.jacobs@yangmedinaandyoung.example.com,2026-05-26 11:41:01.905568,Referral,,,,New York,100
ACME-L00874,Carlson-Alexander,Veronica Nichols,IT Director,veronica.nichols@carlsonalexander.example.com,2026-05-26 12:11:07.276720,Google Ads,google,cpc,msp_q2_search_nonbrand,IL,67
ACME-L00875,Hicks-Reid,Michael Pierce,Owner,michael.pierce@hicksreid.example.com,2026-05-26 12:15:52.175269,Google Ads,google,cpc,msp q2 search nonbrand,TX,67
ACME-L00876,Ball Hensley and Jackson,Denise Atkins,CFO,denise.atkins@ballhensleyandjackson.example.com,2026-05-26 13:18:38.986661,Google Ads,google,cpc,msp_q2_search_brand,NY,94
ACME-L00877,Adams Bush and Robinson,Reginald Gonzalez,Owner,reginald.gonzalez@adamsbushandrobinson.example.com,2026-05-26 14:27:03.937975,Outbound,,,,unassigned,70
ACME-L00878,Ray-Kelly,Janet Kim,COO,janet.kim@raykelly.example.com,2026-05-26 16:00:03.500774,Call Tracking,Callrail ,phone,local_services,CA,70
ACME-L00879,Jennings-Moore,Brian Dominguez,IT Manager,brian.dominguez@jenningsmoore.example.com,2026-05-26 16:03:09.176596,Google Ads,Google ,cpc,msp q2 search nonbrand,CA,37
ACME-L00880,Smith-Robinson,Randy Gallagher,CFO,randy.gallagher@smithrobinson.example.com,2026-05-26 21:10:54.634440,Google Ads,google,cpc,,New York,67
ACME-L00881,Villarreal LLC,Dawn Jenkins,IT Manager,dawn.jenkins@villarrealllc.example.com,2026-05-26 22:35:31.303500,Call Tracking,callrail,phone,gbp_listing,MA,70
ACME-L00882,Ward Ltd,Shelly Rivera,COO,shelly.rivera@wardltd.example.com,2026-05-26 22:47:44.135766,Google Ads,google,cpc,msp_q2_search_brand,,74
ACME-L00883,Scott Dawson and Hines,Kimberly Parker,COO,KIMBERLY.PARKER@SCOTTDAWSONANDHINES.EXAMPLE.COM ,2026-05-26 23:46:17.863309,Referral,,,,NY,100
ACME-L00884,Lucas Dunn and Stewart,Teresa Smith,Office Manager,teresa.smith@lucasdunnandstewart.example.com,2026-05-27 08:11:56.450207,Outbound,,,,IL,90
ACME-L00885,Davis Christian and Fitzgerald,Kathy Johnson,IT Director,kathy.johnson@davischristianandfitzger.example.com,2026-05-27 09:24:07.262086,Referral,,,,NY,100
ACME-L00886,Williams Diaz and Jenkins,Debra Mata,Owner,debra.mata@williamsdiazandjenkins.example.com,2026-05-27 10:12:07.376421,Referal,,,,NY,100
ACME-L00887,Jones Inc,Eric Hopkins,,eric.hopkins@jonesinc.example.com,2026-05-27 12:22:09.492892,Call Tracking,callrail,phone,gbp listing,TX,
ACME-L00888,Foster-Cox,Matthew Savage,,matthew.savage@fostercox.example.com,2026-05-27 12:37:44.894778,Outbound,,,,MA,63
ACME-L00889,Morse Cooke and Powell,Brent Robinson,CFO,brent.robinson@morsecookeandpowell.example.com,2026-05-27 13:20:27.869192,Google Ads,google,cpc,msp_q2_search_brand,FL,94
ACME-L00890,Castro Ltd,Mary Phillips,IT Manager,mary.phillips@castroltd.example.com,05/27/2026 14:16:50,Google Ads,google,cpc,msp_q2_search_brand,NY,94
ACME-L00891,Gates-Scott,James Williams,IT Director,james.williams@gatesscott.example.com,2026-05-27 14:17:37.940266,Google Ads,google,cpc,msp_q2_search_nonbrand,FL,73
ACME-L00892,Campbell-Rivera,Todd Macdonald,IT Manager,todd.macdonald@campbellrivera.example.com,2026-05-27 14:26:45.139298,Google Ads,google,cpc,msp_q2_search_nonbrand,NJ,67
ACME-L00893,Marks Daniels and Bartlett,Laura Kirby,Owner,laura.kirby@marksdanielsandbartlett.example.com,05/27/2026 14:52:02,Meta Ads,Facebook ,paid_social,msp_q2_leadgen,CA,55
ACME-L00894,Gates and Sons,Peter Smith,Practice Manager,peter.smith@gatesandsons.example.com,2026-05-27 15:46:13.304981,Referral,,,,NJ,73
ACME-L00895,Waller-Fox,Aaron Walker,IT Manager,aaron.walker@wallerfox.example.com,2026-05-27 17:14:44.681878,Callrail + Lsa,callrail,phone,local_services,NY,70
ACME-L00896,Vasquez Braun and Howell,Javier Flowers,Operations Manager,javier.flowers@vasquezbraunandhowell.example.com,05/27/2026 17:18:46,Google Ads,google,cpc,msp_q2_search_nonbrand,FL,94
ACME-L00897,Webb-Brown,Hannah Butler,Owner,hannah.butler@webbbrown.example.com,2026-05-27 23:01:38.235519,Referral,,,,TX,73
ACME-L00898,Lang Inc,Steven Morales,Operations Manager,steven.morales@langinc.example.com,2026-05-27 23:53:15.403050,Google Ads,google,cpc,msp_q2_search_brand,NY,67
ACME-L00899,Holland LLC,Luke Richardson,CFO,LUKE.RICHARDSON@HOLLANDLLC.EXAMPLE.COM ,05/28/2026 00:43:04, ppc ,google,cpc,msp_q2_search_brand,TX,94
ACME-L00900,Martin Phillips and Ramos,Anna Bailey,IT Director,anna.bailey@martinphillipsandramos.example.com,2026-05-28 05:16:40.293352,Meta Ads,facebook,paid_social,msp_q2_leadgen,NJ,88
ACME-L00901,Zuniga and Sons,Anthony Frazier,Operations Manager,anthony.frazier@zunigaandsons.example.com,2026-05-28 05:39:27.591747,Meta Ads,facebook,paid_social,msp_q2_leadgen,TX,55
ACME-L00902,Ross Bentley and Marks,Anthony Stewart,Office Manager,anthony.stewart@rossbentleyandmarks.example.com,2026-05-28 11:06:07.277348,Outbound,,,,TX,33
ACME-L00903,Sanders Perry and May,Elizabeth Sanders,Owner,elizabeth.sanders@sandersperryandmay.example.com,2026-05-28 13:25:53.583156,Meta Ads,facebook,paid_social,msp_q2_leadgen,IL,61
ACME-L00904,Saunders-Hubbard,Rebecca Riley,COO,rebecca.riley@saundershubbard.example.com,2026-05-28 13:59:01.575643,Fb,facebook,paid_social,msp_q2_leadgen,MA,39
ACME-L00905,Hopkins Church and Jones,James Middleton,IT Manager,james.middleton@hopkinschurchandjones.example.com,2026-05-28 14:59:07.159230,Referral,,,,FL,70
ACME-L00906,White Carpenter and Archer,Michael Schroeder,Operations Manager,michael.schroeder@whitecarpenterandarcher.example.com,2026-05-28 15:12:45.602069,Google_Cpc,google,cpc,msp_q2_search_brand,CA,88
ACME-L00907,Campbell Shaw and Garcia,John Brown,CFO,john.brown@campbellshawandgarcia.example.com,2026-05-28 16:55:44.462730,Google Ads,Google ,cpc,msp_q2_search_brand,Illinois,94
ACME-L00908,Green Payne and Montes,Dana Stephens,IT Director,dana.stephens@greenpayneandmontes.example.com,05/28/2026 17:09:15,Outbound,,,,TX,63
ACME-L00909,Garcia and Sons,Shawn Pacheco,Practice Manager,shawn.pacheco@garciaandsons.example.com,05/28/2026 17:40:55,Meta Ads,facebook,paid_social,msp_q2_leadgen,CA,88
ACME-L00910,Perez and Sons,Lisa Ross,,lisa.ross@perezandsons.example.com,2026-05-28 17:51:44.291095,Meta Ads,facebook,paid_social, MSP_Q2_LEADGEN,TX,61
ACME-L00911,Banks-Ballard,Erica James,Practice Manager,erica.james@banksballard.example.com,2026-05-29 00:00:25.146176,Sdr Program,,,,CA,90
ACME-L00912,Carpenter Brown and Harris,Michelle Miller,Practice Manager,michelle.miller@carpenterbrownandharris.example.com,2026-05-29 01:14:10.096176,Referral,,,,FL,100
ACME-L00913,Hammond-Carrillo,David Walker,IT Director,david.walker@hammondcarrillo.example.com,2026-05-29 04:28:26.316453,Outbound,,,,CA,63
ACME-L00914,Ayers Group,Angel Martin,IT Director,angel.martin@ayersgroup.example.com,2026-05-29 04:44:21.777815,Referral,,,,IL,73
ACME-L00915,Doyle-Lowe,Tracey Navarro,,tracey.navarro@doylelowe.example.com,2026-05-29 08:24:57.553006,Meta Ads,facebook,paid_social,msp_q2_leadgen,TX,61
ACME-L00916,Ward Ltd,Zachary Martinez,IT Manager,zachary.martinez@wardltd.example.com,2026-05-29 08:38:15.193321,Meta Ads,facebook,paid_social,msp_q2_leadgen,Unassigned,68
ACME-L00917,Allen-Martinez,Susan Hernandez,COO,susan.hernandez@allenmartinez.example.com,2026-05-29 11:23:46.701772,Meta Ads,facebook,paid_social,msp_q2_leadgen,NY,61
ACME-L00918,Baker-Smith,Cory Bennett,CFO,cory.bennett@bakersmith.example.com,2026-05-29 11:49:22.437905,Google Ads,google,cpc,msp_q2_search_nonbrand,NJ,67
ACME-L00919,Crane Adams and Nguyen,Blake Chavez,IT Manager,BLAKE.CHAVEZ@CRANEADAMSANDNGUYEN.EXAMPLE.COM ,2026-05-29 11:56:38.382957,Google Ads,google,cpc,msp_q2_search_brand,MA,67
ACME-L00920,Snyder PLC,Tiffany Mack,Practice Manager,tiffany.mack@snyderplc.example.com,2026-05-29 12:26:31.341186,Google ads search,google,cpc,msp_q2_search_nonbrand,NY,94
ACME-L00921,Vaughn Inc,Michael Clark,Operations Manager,MICHAEL.CLARK@VAUGHNINC.EXAMPLE.COM ,2026-05-29 12:52:00.649570,Referral,,,,TX,100
ACME-L00922,Andrews Inc,Kristin King,Owner,KRISTIN.KING@ANDREWSINC.EXAMPLE.COM ,2026-05-29 13:53:56.890702,Outbound,,,,MA,
ACME-L00923,Jones Smith and Ward,Douglas Rodriguez,Owner,douglas.rodriguez@jonessmithandward.example.com,2026-05-29 14:01:23.387678,Outbound,,,,NJ,90
ACME-L00924,Schmidt-Hall,Angela Hoover,CFO,angela.hoover@schmidthall.example.com,2026-05-29 14:38:04.500494,Google Ads,google,cpc,msp_q2_search_brand,NY,55
ACME-L00925,Norton-Alvarez,Lynn Anderson,Owner,lynn.anderson@nortonalvarez.example.com,05/29/2026 14:53:04, adwords ,Google ,cpc,msp_q2_search_brand,MA,61
ACME-L00926,Moody Booth and Kelly,Caleb Daugherty,Office Manager,caleb.daugherty@moodyboothandkelly.example.com,2026-05-29 15:18:05.355411,Meta Ads,facebook,paid_social,msp_q2_leadgen,NY,55
ACME-L00927,Fisher Richardson and Douglas,Derrick Grimes,IT Manager,derrick.grimes@fisherrichardsonanddougl.example.com,2026-05-29 15:20:54.960044,Google Ads,google,cpc,msp_q2_search_brand,NJ,
ACME-L00928,Thomas-Matthews,Barbara Williams,,barbara.williams@thomasmatthews.example.com,05/29/2026 15:26:35,Google Ads,google,cpc,msp_q2_search_brand,TX,67
ACME-L00929,Jackson-Jones,Alex Gay,Office Manager,alex.gay@jacksonjones.example.com,2026-05-29 16:03:50.053609,Google Ads,google,cpc,msp_q2_search_nonbrand,CA,75
ACME-L00930,Garcia Mckee and Aguilar,Michael Cole,IT Director,michael.cole@garciamckeeandaguilar.example.com,2026-05-29 16:24:54.017559,Meta Ads,facebook,paid_social,msp_q2_leadgen,,61
ACME-L00931,Delgado King and Sanchez,Dillon Johnson,Operations Manager,dillon.johnson@delgadokingandsanchez.example.com,2026-05-29 16:46:45.169893,Google Ads,Google ,cpc,msp_q2_search_nonbrand,FL,67
ACME-L00932,Campbell PLC,James Martinez,Office Manager,james.martinez@campbellplc.example.com,2026-05-29 17:51:11.841675,adwords,google,cpc,msp_q2_search_nonbrand,CA,67
ACME-L00933,Medina Grant and Burton,Annette Stewart,CFO,annette.stewart@medinagrantandburton.example.com,2026-05-29 21:59:30.010889,Google Ads,google,cpc,msp_q2_search_brand,FL,47
ACME-L00934,Vazquez Prince and Johnson,Jane Ford,Office Manager,jane.ford@vazquezprinceandjohnson.example.com,2026-05-30 16:11:10.198511,Call Tracking,callrail,phone,gbp_listing,CA,97
ACME-L00935,Hernandez-Fitzgerald,Connor Jackson,COO,connor.jackson@hernandezfitzgerald.example.com,2026-05-31 04:02:38.432315,Outbound - sdr,,,,NJ,51
ACME-L00936,Thomas Jones and Jones,Peter Miller,IT Director,peter.miller@thomasjonesandjones.example.com,2026-05-31 04:48:13.768283,Adwords,google,cpc,msp_q2_search_nonbrand,NY,94
ACME-L00937,Johnson-George,Tammy Cooper,Operations Manager,tammy.cooper@johnsongeorge.example.com,2026-05-31 07:47:15.822569,Call Tracking,callrail,phone,local_services,CA,70
ACME-L00938,May Walters and Bush,Tammy Gonzalez,,tammy.gonzalez@maywaltersandbush.example.com,2026-05-31 07:49:00.800749,Referral,,,,NY,100
ACME-L00939,Stevens-Nguyen,Rebecca Rodriguez,Operations Manager,rebecca.rodriguez@stevensnguyen.example.com,2026-05-31 13:46:18.665417,Meta Ads,facebook,paid_social,msp_q2_leadgen,FL,88
ACME-L00940,Cook-Padilla,Emily Stephenson,,emily.stephenson@cookpadilla.example.com,2026-05-31 15:28:54.387248,Outbound,,,,MA,63
ACME-L00941,Smith-Gillespie,Deanna Burton,IT Manager,deanna.burton@smithgillespie.example.com,2026-05-31 20:13:41.117745,Google Ads,google,cpc,msp_q2_search_nonbrand,unassigned,74
ACME-L00942,Wilkinson Kelley and Hughes,Lauren Garcia,COO,lauren.garcia@wilkinsonkelleyandhughes.example.com,2026-06-01 01:05:14.492287,Google Ads,google,cpc,msp_q2_search_nonbrand,FL,94
ACME-L00943,Allen PLC,Willie Taylor,Operations Manager,willie.taylor@allenplc.example.com,2026-06-01 02:35:01.298730,Call Tracking,callrail,phone,gbp_listing,NJ,70
ACME-L00944,Hamilton-Reid,Sarah Thomas,IT Director,sarah.thomas@hamiltonreid.example.com,2026-06-01 03:25:02.255261,Outbound,,,,TX,63
ACME-L00945,Moreno Mendoza and Hancock,Alicia Thomas,Practice Manager,alicia.thomas@morenomendozaandhancock.example.com,2026-06-01 08:15:06.893269,PPC,google,cpc,msp_q2_search_brand,MA,78
ACME-L00946,Mora-Gregory,Lindsay Fernandez,Practice Manager,lindsay.fernandez@moragregory.example.com,2026-06-01 08:32:39.813148,Call Tracking,callrail,phone,local_services,NY,67
ACME-L00947,James and Sons,Marc Lucas,Owner,marc.lucas@jamesandsons.example.com,06/01/2026 09:02:07,Google Ads,google,cpc,msp_q2_search_nonbrand,IL,94
ACME-L00948,Lynch Hartman and Green,Mitchell Hughes,Owner,mitchell.hughes@lynchhartmanandgreen.example.com,2026-06-01 09:16:54.558833,Meta Ads,facebook,paid_social,msp_q2_leadgen,MA,61
ACME-L00949,Lara and Sons,Megan Hayden,,MEGAN.HAYDEN@LARAANDSONS.EXAMPLE.COM ,2026-06-01 09:28:27.960506,local services ads,Callrail ,phone,local_services,MA,70
ACME-L00950,Osborne Inc,Kirk Garcia,Operations Manager,kirk.garcia@osborneinc.example.com,2026-06-01 09:47:37.289407,Google Ads,Google ,cpc,msp_q2_search_nonbrand,NJ,67
ACME-L00951,Smith Dawson and Pacheco,Heather Pierce,IT Director,heather.pierce@smithdawsonandpacheco.example.com,2026-06-01 10:09:49.806509,Meta Ads,facebook,paid_social,msp_q2_leadgen,NY,61
ACME-L00952,Flores-Anderson,Fred Powell,Operations Manager,fred.powell@floresanderson.example.com,2026-06-01 10:52:19.444809,Google Ads,google,cpc,,TX,67
ACME-L00953,Gutierrez Inc,Joshua Herrera,Practice Manager,joshua.herrera@gutierrezinc.example.com,2026-06-01 11:29:39.486346,Referral,,,,NY,100
ACME-L00954,Galvan-Wright,Franklin Soto,COO,franklin.soto@galvanwright.example.com,2026-06-01 12:27:27.267010,adwords,google,cpc,msp_q2_search_brand,MA,
ACME-L00955,Campbell Ltd,Stephanie Dixon,Office Manager,stephanie.dixon@campbellltd.example.com,2026-06-01 12:49:57.823562,Referral,,,,MA,100
ACME-L00956,Duffy-Ruiz,James Vargas,Office Manager,james.vargas@duffyruiz.example.com,2026-06-01 14:31:46.457983,Call Tracking,callrail,phone,gbp_listing,FL,97
ACME-L00957,Robinson Jordan and Gutierrez,William Joseph,Operations Manager,william.joseph@robinsonjordanandgutierr.example.com,2026-06-01 15:20:16.782454,Google Ads,google,cpc,msp_q2_search_brand,CA,94
ACME-L00958,Thompson LLC,Traci Carrillo,COO,traci.carrillo@thompsonllc.example.com,2026-06-01 17:43:55.790602,Google Ads,google,cpc,msp_q2_search_nonbrand,NJ,94
ACME-L00959,Gonzalez LLC,Christopher Rivera,Practice Manager,christopher.rivera@gonzalezllc.example.com,2026-06-01 18:28:50.953117,Google Ads,google,cpc,msp_q2_search_nonbrand,TX,94
ACME-L00960,Johnson Ltd,Elizabeth Aguilar,Practice Manager,elizabeth.aguilar@johnsonltd.example.com,2026-06-01 21:51:58.908120,Outbound,,,,MA,40
ACME-L00961,White-Davis,Tim Kane,Operations Manager,tim.kane@whitedavis.example.com,2026-06-01 21:56:10.155029,referal,,,,NJ,73
ACME-L00962,Gibbs-Lawrence,Erica Peterson,Office Manager,erica.peterson@gibbslawrence.example.com,2026-06-02 06:38:23.937266, word of mouth ,,,,NJ,100
ACME-L00963,Evans Brown and Scott,Kimberly Harris,IT Manager,kimberly.harris@evansbrownandscott.example.com,2026-06-02 07:33:48.150959,Meta Ads,facebook,paid_social,msp_q2_leadgen,TX,88
ACME-L00964,Huffman Byrd and Roberts,Autumn Smith,COO,autumn.smith@huffmanbyrdandroberts.example.com,2026-06-02 07:48:49.451830,Call Tracking,callrail,phone,gbp_listing,NJ,69
ACME-L00965,Flores-Cooper,Mary Stevenson,CFO,mary.stevenson@florescooper.example.com,2026-06-02 08:29:32.955489,Google Ads,google,cpc,msp_q2_search_brand,Unassigned,74
ACME-L00966,Kemp Group,Peter Coleman,Operations Manager,peter.coleman@kempgroup.example.com,2026-06-02 10:36:25.829961,Partner Referral,,,,NY,73
ACME-L00967,Weaver Inc,Deanna Benson,IT Director,deanna.benson@weaverinc.example.com,2026-06-02 11:05:13.953156,Referral,,,,NY,73
ACME-L00968,Jackson Reed and Garcia,Lindsay Pollard,IT Manager,lindsay.pollard@jacksonreedandgarcia.example.com,2026-06-02 11:51:43.692355,Google Ads,google,cpc,msp q2 search brand,MA,94
ACME-L00969,Davis-Rodriguez,Kenneth Porter,CFO,kenneth.porter@davisrodriguez.example.com,2026-06-02 11:54:44.047270,Meta Ads,facebook,paid_social,msp_q2_leadgen,MA,88
ACME-L00970,Munoz Brown and Richardson,Sheri Mclaughlin,,sheri.mclaughlin@munozbrownandrichardson.example.com,2026-06-02 13:44:22.880432,Google Ads,google,cpc,msp q2 search brand,IL,
ACME-L00971,Harris-Ellison,Stacy Robinson,IT Director,stacy.robinson@harrisellison.example.com,2026-06-02 14:07:06.695296,Google Ads,google,cpc,msp_q2_search_brand,NJ,92
ACME-L00972,Hood-Reese,Jennifer Petty,,jennifer.petty@hoodreese.example.com,2026-06-02 14:52:15.058535,Referral,,,,CA,73
ACME-L00973,Barber-Arnold,Michael Mccullough,Office Manager,michael.mccullough@barberarnold.example.com,2026-06-02 15:10:56.658160,referral payouts,,,,NJ,100
ACME-L00974,Weiss-Camacho,Tammy Hunter,Owner,tammy.hunter@weisscamacho.example.com,06/02/2026 15:39:36,Google Ads Search,google,cpc,msp_q2_search_brand,CA,94
ACME-L00975,Terry-Hunter,Valerie Jimenez,Office Manager,VALERIE.JIMENEZ@TERRYHUNTER.EXAMPLE.COM ,2026-06-02 15:58:00.006808,Call Tracking,callrail,phone,local_services,CA,97
ACME-L00976,Johnson Stevens and Tran,Jessica Novak,,jessica.novak@johnsonstevensandtran.example.com,2026-06-02 16:50:20.143147,Google Ads,Google ,cpc,msp_q2_search_brand,Massachusetts,67
ACME-L00977,White Inc,Ryan Romero,IT Director,ryan.romero@whiteinc.example.com,2026-06-02 17:42:08.992071,Referral,,,,IL,73
ACME-L00978,Cross Martinez and Perez,Matthew Berry,CFO,matthew.berry@crossmartinezandperez.example.com,2026-06-02 20:57:53.161162,Call Tracking,callrail,phone,local_services,NJ,97
ACME-L00979,Jenkins-Velazquez,Philip Edwards,COO,philip.edwards@jenkinsvelazquez.example.com,2026-06-02 22:57:12.270859,Call Tracking,callrail,phone,gbp_listing,NY,70
ACME-L00980,Alvarado Group,Jeremy Weber,IT Manager,jeremy.weber@alvaradogroup.example.com,2026-06-03 03:10:27.139425,Google Ads,google,cpc,msp_q2_search_nonbrand,CA,67
ACME-L00981,Watson Inc,Olivia Martinez,Owner,olivia.martinez@watsoninc.example.com,2026-06-03 05:29:32.859971,Outbound,,,,CA,90
ACME-L00982,Fleming-Lowe,Tyler Kennedy,,tyler.kennedy@fleminglowe.example.com,2026-06-03 07:18:43.682116,Google Ads,google,cpc,msp_q2_search_brand,FL,94
ACME-L00983,Miller-Torres,Brittany Bradford,,brittany.bradford@millertorres.example.com,2026-06-03 08:16:50.569244,Call Tracking,callrail,phone,local_services,FL,70
ACME-L00984,Wallace Ltd,Ashley Medina,Owner,ashley.medina@wallaceltd.example.com,2026-06-03 08:29:06.882868,Outbound,,,,NY,47
ACME-L00985,Johnson PLC,Jonathan Rice,,jonathan.rice@johnsonplc.example.com,06/03/2026 08:44:36,Referral,,,,MA,87
ACME-L00986,Patel-Huffman,James Roach,IT Manager,james.roach@patelhuffman.example.com,2026-06-03 09:46:32.130028,Meta Ads,facebook,paid_social,msp_q2_leadgen,NJ,88
ACME-L00987,Smith-Henry,Tracy Gonzalez,IT Director,tracy.gonzalez@smithhenry.example.com,2026-06-03 10:24:48.167045,Google Ads,Google ,cpc,msp_q2_search_brand,MA,67
ACME-L00988,Sexton-Lee,Dwayne Gutierrez,COO,dwayne.gutierrez@sextonlee.example.com,2026-06-03 10:37:21.220476,Google Ads,Google ,cpc,msp_q2_search_nonbrand,NY,
ACME-L00989,Walls-Smith,Joseph Snyder,IT Manager,joseph.snyder@wallssmith.example.com,2026-06-03 11:37:49.497623,Google Ads,google,cpc,msp_q2_search_brand,NY,92
ACME-L00990,Barrera Inc,Martin Ross,Operations Manager,martin.ross@barrerainc.example.com,2026-06-03 12:26:59.823590,Referral,,,,MA,43
ACME-L00991,Lopez-Cook,Jessica Olson,IT Director,jessica.olson@lopezcook.example.com,2026-06-03 13:27:10.265067,Meta Ads,facebook,paid_social,msp_q2_leadgen,IL,60
ACME-L00992,Williams Taylor and Cooley,Jodi Clark,Operations Manager,jodi.clark@williamstaylorandcooley.example.com,2026-06-03 13:46:28.085551,Google Ads,google,cpc,msp_q2_search_brand,NJ,93
ACME-L00993,Chavez PLC,John Johnson,CFO,john.johnson@chavezplc.example.com,2026-06-03 14:00:46.934294,Referral,,,,Florida,73
ACME-L00994,Duran Rogers and Hernandez,James Hansen,Practice Manager,JAMES.HANSEN@DURANROGERSANDHERNANDEZ.EXAMPLE.COM ,2026-06-03 14:20:01.638718,Referral,,,,IL,97
ACME-L00995,Garcia Inc,Ashley Lewis,Office Manager,ashley.lewis@garciainc.example.com,2026-06-03 14:50:44.129825,Google Ads,Google ,cpc,msp_q2_search_nonbrand,CA,94
ACME-L00996,Rivas-Roberts,Monica Hampton,Owner,monica.hampton@rivasroberts.example.com,2026-06-03 14:57:33.638165,Outbound,,,,Massachusetts,63
ACME-L00997,Porter and Sons,Charles Miles,,CHARLES.MILES@PORTERANDSONS.EXAMPLE.COM ,2026-06-03 16:04:53.867825,Call Tracking,callrail,phone,gbp_listing,TX,97
ACME-L00998,Green Oliver and Jones,Amy Bennett,Office Manager,amy.bennett@greenoliverandjones.example.com,2026-06-03 17:59:31.150242,Google,google,cpc,msp_q2_search_nonbrand,CA,94
ACME-L00999,Long-Campos,Joshua Rodriguez,COO,joshua.rodriguez@longcampos.example.com,2026-06-03 18:44:19.028288,Ppc,google,cpc,msp_q2_search_brand,NJ,67
ACME-L01000,Lutz-Fuentes,William Harper,IT Manager,william.harper@lutzfuentes.example.com,2026-06-03 19:40:51.627812,word of mouth,,,,New York,73
ACME-L01001,Wood-Kramer,Allison Obrien,,allison.obrien@woodkramer.example.com,2026-06-03 19:47:00.513098,Call Tracking,callrail,phone,local_services,Florida,64
ACME-L01002,Wilson Ltd,Dawn Cowan,Practice Manager,dawn.cowan@wilsonltd.example.com,2026-06-04 00:38:41.299131,Google Ads,google,cpc,msp_q2_search_brand,MA,67
ACME-L01003,Douglas-Patel,Mark Murphy,Office Manager,mark.murphy@douglaspatel.example.com,2026-06-04 08:20:45.828368,PARTNER REFERRAL,,,,TX,100
ACME-L01004,Williams PLC,Madison Ballard,Practice Manager,madison.ballard@williamsplc.example.com,2026-06-04 08:40:36.300154,Meta Ads,facebook,paid_social,msp_q2_leadgen,NY,85
ACME-L01005,Smith Flores and Walter,Brian Tyler,IT Director,brian.tyler@smithfloresandwalter.example.com,2026-06-04 09:08:49.302897,Meta Ads,facebook,paid_social,msp_q2_leadgen,TX,61
ACME-L01006,Cruz Pratt and Ruiz,Lisa Turner,IT Manager,lisa.turner@cruzprattandruiz.example.com,06/04/2026 10:17:40,Google Ads,google,cpc,msp_q2_search_brand,CA,67
ACME-L01007,Hudson Robertson and Lopez,Stacy Hanna,IT Manager,stacy.hanna@hudsonrobertsonandlopez.example.com,2026-06-04 10:39:25.701729,Outbound,,,,NJ,63
ACME-L01008,Tanner-Leach,Anthony Wood,IT Director,anthony.wood@tannerleach.example.com,2026-06-04 11:22:23.013780,INSTAGRAM,facebook,paid_social,msp_q2_leadgen,NY,61
ACME-L01009,Barnes Carpenter and Martin,Nathan Miller,Owner,nathan.miller@barnescarpenterandmartin.example.com,2026-06-04 11:49:38.720968, prospecting ,,,,TX,41
ACME-L01010,Campbell Rivera and Lane,Gregory Townsend,Office Manager,gregory.townsend@campbellriveraandlane.example.com,06/04/2026 12:02:01,Google Ads,google,cpc,msp_q2_search_nonbrand,Unassigned,47
ACME-L01011,Gonzales PLC,Todd Garcia,Owner,todd.garcia@gonzalesplc.example.com,2026-06-04 12:25:44.756044,Outbound,,,,NY,63
ACME-L01012,Robertson Smith and Yates,Robert Caldwell,Office Manager,robert.caldwell@robertsonsmithandyates.example.com,2026-06-04 12:45:50.431470, google ads search ,google,cpc,msp_q2_search_brand,Unassigned,74
ACME-L01013,Stewart PLC,Kelly Parker,Office Manager,kelly.parker@stewartplc.example.com,2026-06-04 13:23:38.992794,Call Tracking,callrail,phone,local_services,NJ,86
ACME-L01014,Ward Myers and Simmons,Nathan Stanton,Office Manager,nathan.stanton@wardmyersandsimmons.example.com,2026-06-04 13:32:20.258905,PROSPECTING,,,,NY,33
ACME-L01015,Parker Smith and Yoder,Joseph Lewis,Practice Manager,joseph.lewis@parkersmithandyoder.example.com,2026-06-04 14:05:36.119624,Google Ads,google,cpc,msp_q2_search_nonbrand,NY,67
ACME-L01016,Carney PLC,Michelle Miller,COO,michelle.miller@carneyplc.example.com,06/04/2026 14:39:07,Google Ads,google,cpc,msp_q2_search_brand,NJ,94
ACME-L01017,Daniels Ltd,Elizabeth Ward,COO,elizabeth.ward@danielsltd.example.com,2026-06-04 15:39:13.447626,Google Ads,google,cpc,msp_q2_search_nonbrand,MA,46
ACME-L01018,Coleman PLC,Grace Munoz,IT Director,grace.munoz@colemanplc.example.com,2026-06-04 15:44:13.450617,Outbound,,,,MA,63
ACME-L01019,Travis Group,Matthew Davis,IT Manager,matthew.davis@travisgroup.example.com,2026-06-04 16:00:44.605116,Google Ads,Google ,cpc,,NY,67
ACME-L01020,Villanueva and Sons,Kendra Schultz,CFO,kendra.schultz@villanuevaandsons.example.com,2026-06-04 19:49:32.692666,Meta Ads,facebook,paid_social,msp_q2_leadgen,NJ,61
ACME-L01021,Riggs-Zuniga,Dale Brooks,,dale.brooks@riggszuniga.example.com,2026-06-05 00:22:59.773403,Referral,,,,ny,100
ACME-L01022,Johnson Woods and Miller,Melissa Barry,Operations Manager,melissa.barry@johnsonwoodsandmiller.example.com,2026-06-05 08:32:41.850495,Meta Ads,facebook,paid_social,msp_q2_leadgen,NJ,88
ACME-L01023,Macdonald Group,Roger Hernandez,Owner,roger.hernandez@macdonaldgroup.example.com,2026-06-05 09:20:38.841924,Call Tracking,callrail,phone,local_services,il,66
ACME-L01024,Melendez-Donaldson,Roger Lewis,Owner,roger.lewis@melendezdonaldson.example.com,06/05/2026 09:22:17,Outbound,,,,CA,55
ACME-L01025,Wilson-Wheeler,Tracie Espinoza,Owner,tracie.espinoza@wilsonwheeler.example.com,2026-06-05 10:21:07.610353,Outbound,,,,FL,65
ACME-L01026,Shepherd-Shaw,Jacqueline Townsend,IT Manager,jacqueline.townsend@shepherdshaw.example.com,2026-06-05 10:57:51.343184,COLD EMAIL,,,,NJ,63
ACME-L01027,Rodriguez LLC,John Walker,Operations Manager,john.walker@rodriguezllc.example.com,2026-06-05 11:24:38.007044,Outbound,,,,NJ,63
ACME-L01028,Russo Ltd,Justin Marshall,Operations Manager,justin.marshall@russoltd.example.com,06/05/2026 11:29:00,GOOGLE_CPC,google,cpc,,NJ,
ACME-L01029,Herring Huber and Smith,Mark Morris,IT Manager,mark.morris@herringhuberandsmith.example.com,2026-06-05 12:16:36.378599,Meta Ads,facebook,paid_social,msp_q2_leadgen,NJ,88
ACME-L01030,Rodriguez-Bailey,Nichole Martin,CFO,nichole.martin@rodriguezbailey.example.com,06/05/2026 14:07:46,Outbound,,,,NY,63
ACME-L01031,Rogers-Adams,Emily Walker,IT Manager,emily.walker@rogersadams.example.com,2026-06-05 14:38:15.194826,Outbound,,,,FL,90
ACME-L01032,Cox and Sons,Gail Hayes,CFO,gail.hayes@coxandsons.example.com,2026-06-05 15:57:28.509440,Meta Ads,facebook,paid_social,msp_q2_leadgen,Unassigned,68
ACME-L01033,Black-Jefferson,Christopher Stevens,CFO,CHRISTOPHER.STEVENS@BLACKJEFFERSON.EXAMPLE.COM ,2026-06-05 17:24:10.045358,Google Ads,google,cpc,msp_q2_search_nonbrand,NY,78
ACME-L01034,Jones Hansen and Thompson,Michael Harrington,Practice Manager,michael.harrington@joneshansenandthompson.example.com,2026-06-05 17:54:49.295055,Prospecting,,,,Unassigned,43
ACME-L01035,Powell Acosta and Watson,Tracey Adams,IT Director,tracey.adams@powellacostaandwatson.example.com,2026-06-06 07:37:35.055453,Call Tracking,callrail,phone,gbp_listing,NJ,70
ACME-L01036,Mitchell LLC,Kevin Gardner,Office Manager,kevin.gardner@mitchellllc.example.com,2026-06-06 10:36:19.834398,Paid social,facebook,paid_social,msp_q2_leadgen,NJ,88
ACME-L01037,Kramer Klein and Mueller,Amanda Lyons,CFO,amanda.lyons@kramerkleinandmueller.example.com,2026-06-06 11:45:44.153252,Referral,,,,tx,73
ACME-L01038,Arnold Salazar and Atkins,Douglas Lyons,COO,douglas.lyons@arnoldsalazarandatkins.example.com,2026-06-06 12:42:11.553122,Google Ads,google,cpc,msp_q2_search_brand,IL,67
ACME-L01039,Merritt Inc,Christina Drake,IT Manager,christina.drake@merrittinc.example.com,2026-06-06 13:52:11.029293,Outbound,,,,NJ,74
ACME-L01040,Russell-Griffith,Wendy Perez,Owner,wendy.perez@russellgriffith.example.com,2026-06-06 17:23:19.784193,OUTBOUND - SDR,,,,FL,63
ACME-L01041,Cruz Davis and Salas,Karen Harper,Office Manager,karen.harper@cruzdavisandsalas.example.com,2026-06-06 19:04:03.958279,Meta Ads,facebook,paid_social,msp_q2_leadgen,MA,61
ACME-L01042,Allen Ltd,Andrew Marks,Owner,andrew.marks@allenltd.example.com,2026-06-07 01:27:47.957038,Meta Ads,Facebook ,paid_social,msp_q2_leadgen,NY,88
ACME-L01043,Bennett-Drake,Maria Ayers,Owner,maria.ayers@bennettdrake.example.com,2026-06-07 04:54:26.871306,Google Ads,google,cpc,,CA,94
ACME-L01044,Nguyen-Ortiz,Sean Webb,CFO,sean.webb@nguyenortiz.example.com,2026-06-07 08:43:06.282680,Google Ads,google,cpc,msp_q2_search_brand,CA,78
ACME-L01045,Gomez Bailey and Harper,Daniel Anthony,Practice Manager,daniel.anthony@gomezbaileyandharper.example.com,2026-06-07 10:03:21.898231,Google Ads,Google ,cpc,msp_q2_search_brand,TX,
ACME-L01046,Garcia Gonzalez and Shaffer,Tiffany Day,CFO,tiffany.day@garciagonzalezandshaffer.example.com,2026-06-07 11:03:21.055839,Referral,,,,NY,73
ACME-L01047,Branch Group,Jonathan Olsen,Owner,jonathan.olsen@branchgroup.example.com,2026-06-07 11:34:11.516839,Google Ads,google,cpc,msp_q2_search_nonbrand,TX,67
ACME-L01048,Noble Ross and Thompson,Debra Evans,Office Manager,debra.evans@noblerossandthompson.example.com,2026-06-07 20:28:17.658153,Meta Ads,facebook,paid_social,msp_q2_leadgen,TX,88
ACME-L01049,Newman PLC,Jorge Martin,IT Manager,jorge.martin@newmanplc.example.com,2026-06-07 20:31:48.446894,Google Ads,google,cpc,,fl,67
ACME-L01050,Garcia-Erickson,Melinda Allen,COO,melinda.allen@garciaerickson.example.com,2026-06-08 05:59:15.324894,facebook ads,facebook,paid_social,msp q2 leadgen,New York,40
ACME-L01051,Hayes Inc,Carolyn Rogers,CFO,carolyn.rogers@hayesinc.example.com,2026-06-08 09:46:00.918122,Google Ads,Google ,cpc,msp_q2_search_brand,IL,75
ACME-L01052,Cochran Adams and Parsons,Timothy Benitez,Operations Manager,timothy.benitez@cochranadamsandparsons.example.com,2026-06-08 10:24:37.195956,Referral,,,,,73
ACME-L01053,Coleman LLC,Phyllis Young,IT Director,phyllis.young@colemanllc.example.com,2026-06-08 10:33:33.716664,Google Ads,google,cpc,msp_q2_search_brand,NY,94
ACME-L01054,Price-Perez,Kyle Wilson,COO,kyle.wilson@priceperez.example.com,2026-06-08 10:46:59.906076,Outbound,,,,NY,55
ACME-L01055,Haas Lopez and Dawson,Blake Hill,IT Director,blake.hill@haaslopezanddawson.example.com,2026-06-08 11:53:29.816410,PAID SOCIAL,facebook,paid_social, MSP_Q2_LEADGEN,MA,86
ACME-L01056,Smith-Tran,Jamie Romero,Owner,jamie.romero@smithtran.example.com,2026-06-08 12:18:23.297053,CALLRAIL,callrail,phone, GBP_LISTING,Texas,70
ACME-L01057,Garcia Inc,Joseph Gilmore,COO,joseph.gilmore@garciainc.example.com,2026-06-08 12:27:59.328032,Call Tracking,callrail,phone,local_services,CA,97
ACME-L01058,Barnes Calhoun and French,Peter Luna,IT Manager,peter.luna@barnescalhounandfrench.example.com,2026-06-08 12:30:04.661291,Outbound,,,,TX,63
ACME-L01059,Johnson-Ramsey,Miguel White,Operations Manager,miguel.white@johnsonramsey.example.com,2026-06-08 12:37:39.410454,Outbound,,,,NJ,63
ACME-L01060,Zavala-Cross,Elizabeth Cameron,COO,elizabeth.cameron@zavalacross.example.com,2026-06-08 12:38:55.201031,Meta Ads,facebook,paid_social,msp_q2_leadgen,FL,61
ACME-L01061,Daniels PLC,Brian Yates,COO,brian.yates@danielsplc.example.com,2026-06-08 14:04:52.332525,Meta Ads,facebook,paid_social,msp_q2_leadgen,CA,88
ACME-L01062,Hahn Cuevas and Simmons,Ashley Stokes,Practice Manager,ASHLEY.STOKES@HAHNCUEVASANDSIMMONS.EXAMPLE.COM ,06/08/2026 14:15:04,Call Tracking,callrail,phone,local_services,NY,70
ACME-L01063,Kelley-Peterson,Robert Kim,Owner,robert.kim@kelleypeterson.example.com,2026-06-08 14:30:10.558922,Google Ads,google,cpc,msp_q2_search_nonbrand,TX,67
ACME-L01064,Coleman Mccann and Arroyo,Sue Miller,IT Manager,sue.miller@colemanmccannandarroyo.example.com,2026-06-08 14:42:47.305725,Meta Ads,facebook,paid_social,msp q2 leadgen,CA,88
ACME-L01065,Kennedy-Cortez,Jillian Lopez,COO,jillian.lopez@kennedycortez.example.com,2026-06-08 15:17:45.080194,Google Ads,Google ,cpc,msp_q2_search_brand,CA,67
ACME-L01066,Gay Ltd,Beverly Contreras,IT Manager,beverly.contreras@gayltd.example.com,2026-06-08 15:21:27.551328,Meta Ads,facebook,paid_social,msp_q2_leadgen,FL,61
ACME-L01067,Dennis Group,Daniel Cummings,IT Director,daniel.cummings@dennisgroup.example.com,2026-06-08 16:43:47.107772,Meta Ads,facebook,paid_social,msp_q2_leadgen,CA,61
ACME-L01068,Brown LLC,Kimberly Small,IT Manager,kimberly.small@brownllc.example.com,2026-06-08 17:07:44.450532,Call Tracking,callrail,phone,local_services,ca,67
ACME-L01069,Horn LLC,Crystal Wheeler,CFO,crystal.wheeler@hornllc.example.com,06/08/2026 17:37:16,Google Ads,google,cpc,msp_q2_search_nonbrand,NY,67
ACME-L01070,Byrd Thomas and Stevens,Danielle Bright,Operations Manager,danielle.bright@byrdthomasandstevens.example.com,06/08/2026 18:12:57, facebook ads ,facebook,paid_social,msp_q2_leadgen,CA,72
ACME-L01071,Wilson Kim and Wallace,Jacob Hutchinson,CFO,jacob.hutchinson@wilsonkimandwallace.example.com,2026-06-08 22:03:34.407781,Referral,,,,MA,73
ACME-L01072,Nichols-Krueger,Jon Johnson,,jon.johnson@nicholskrueger.example.com,2026-06-09 05:24:47.986846,Google Ads,google,cpc,msp_q2_search_nonbrand,New York,67
ACME-L01073,Lewis PLC,Taylor Higgins,IT Manager,taylor.higgins@lewisplc.example.com,2026-06-09 08:10:01.392879,Google Ads,google,cpc,msp_q2_search_brand,CA,67
ACME-L01074,Gordon-Miller,Jesse Taylor,CFO,jesse.taylor@gordonmiller.example.com,2026-06-09 10:07:04.163141,Call Tracking,callrail,phone,gbp_listing,TX,70
ACME-L01075,Watkins-Wilkinson,Leslie Aguirre,Owner,leslie.aguirre@watkinswilkinson.example.com,2026-06-09 10:31:51.567777,Google Ads,Google ,cpc,msp_q2_search_nonbrand,NY,94
ACME-L01076,Chambers-Montes,Michael Werner,CFO,michael.werner@chambersmontes.example.com,2026-06-09 10:59:11.783156,Meta Ads,facebook,paid_social,msp_q2_leadgen,FL,36
ACME-L01077,Randall Dennis and Williams,Heather Vasquez,Office Manager,heather.vasquez@randalldennisandwilliams.example.com,2026-06-09 11:01:38.213848,Referral,,,,NJ,73
ACME-L01078,Taylor-Frost,Adam Woodard,COO,adam.woodard@taylorfrost.example.com,2026-06-09 11:06:41.098968,Google Ads Search,google,cpc,msp_q2_search_brand,CA,94
ACME-L01079,Gardner Price and Carrillo,Leslie Clark,Office Manager,leslie.clark@gardnerpriceandcarrillo.example.com,2026-06-09 11:08:43.729728,Google Ads,google,cpc,msp_q2_search_brand,NJ,56
ACME-L01080,Mcdowell Inc,Kelly Campbell,Practice Manager,kelly.campbell@mcdowellinc.example.com,06/09/2026 11:39:09,Meta Ads,facebook,paid_social,msp_q2_leadgen,NY,61
ACME-L01081,Carter-Peck,Lisa Wells,Operations Manager,lisa.wells@carterpeck.example.com,2026-06-09 11:41:42.838295,Call Tracking,callrail,phone,gbp listing,CA,97
ACME-L01082,Moore and Sons,William Hernandez,COO,WILLIAM.HERNANDEZ@MOOREANDSONS.EXAMPLE.COM ,2026-06-09 12:12:56.379311,Callrail,callrail,phone,local_services,IL,70
ACME-L01083,Murray-Burnett,Matthew Morris,Office Manager,matthew.morris@murrayburnett.example.com,2026-06-09 12:24:38.757321,REFERAL,,,,TX,61
ACME-L01084,Johnson-Phillips,Allen Williams,Office Manager,allen.williams@johnsonphillips.example.com,2026-06-09 12:30:17.015476,Paid social,facebook,paid_social,msp_q2_leadgen,NJ,31
ACME-L01085,Meadows Rodriguez and Thomas,Andrea Beltran,COO,andrea.beltran@meadowsrodriguezandthoma.example.com,2026-06-09 13:14:44.210192,Facebook,facebook,paid_social,,NJ,61
ACME-L01086,Pugh Wilson and Allison,Kim Curry,CFO,kim.curry@pughwilsonandallison.example.com,2026-06-09 13:43:55.908457,INBOUND CALL,Callrail ,phone,gbp_listing,FL,97
ACME-L01087,Hill-Carrillo,Jane Norman,Owner,jane.norman@hillcarrillo.example.com,2026-06-09 13:53:25.150962,Google Ads,Google ,cpc,,NJ,64
ACME-L01088,Turner and Sons,Andrea Arnold,CFO,andrea.arnold@turnerandsons.example.com,2026-06-09 13:59:37.194678,Google Ads,Google ,cpc,msp_q2_search_nonbrand,MA,67
ACME-L01089,Dixon-Chapman,Jeffrey Ramirez,Practice Manager,jeffrey.ramirez@dixonchapman.example.com,2026-06-09 14:13:21.651997,Google Ads,Google ,cpc,msp_q2_search_nonbrand,IL,67
ACME-L01090,Hill Juarez and Montgomery,Jennifer Bridges,IT Director,jennifer.bridges@hilljuarezandmontgomery.example.com,2026-06-09 14:57:03.113389, sdr ,,,,NJ,63
ACME-L01091,Miller-Lee,Leslie Wagner,Practice Manager,leslie.wagner@millerlee.example.com,2026-06-09 15:11:33.886872,Meta Ads,facebook,paid_social,msp_q2_leadgen,NY,31
ACME-L01092,Bell Hodges and Berry,Lisa Duke,Office Manager,LISA.DUKE@BELLHODGESANDBERRY.EXAMPLE.COM ,2026-06-09 15:35:52.327214,Google Ads,google,cpc,msp_q2_search_nonbrand,CA,94
ACME-L01093,Hoover-Mccormick,Michael Walker,IT Manager,michael.walker@hoovermccormick.example.com,2026-06-09 16:00:18.454927,Google Ads,google,cpc,msp_q2_search_nonbrand,New Jersey,67
ACME-L01094,Lin-Mccall,Kathy Nichols,Owner,kathy.nichols@linmccall.example.com,2026-06-09 17:31:58.833919,Google Ads,google,cpc,msp_q2_search_nonbrand,FL,64
ACME-L01095,French Reynolds and Walker,Valerie Johnson,Operations Manager,valerie.johnson@frenchreynoldsandwalker.example.com,2026-06-09 17:53:08.615684,Meta Ads,facebook,paid_social,msp_q2_leadgen,NY,88
ACME-L01096,Perez-Smith,Michelle Mckenzie,IT Director,michelle.mckenzie@perezsmith.example.com,2026-06-09 17:56:51.930285,Meta Ads,facebook,paid_social,msp_q2_leadgen,CA,88
ACME-L01097,White Mcintyre and Ryan,Dennis Wright,Practice Manager,dennis.wright@whitemcintyreandryan.example.com,2026-06-09 18:32:29.409334,Referral Payouts,,,,TX,100
ACME-L01098,Salazar LLC,Autumn Pena,Office Manager,autumn.pena@salazarllc.example.com,2026-06-09 19:55:16.322526,Referral,,,,TX,73
ACME-L01099,Becker King and Garcia,Sara Hart,IT Director,sara.hart@beckerkingandgarcia.example.com,06/10/2026 03:43:04,Google Ads,google,cpc,msp_q2_search_nonbrand,NJ,61
ACME-L01100,Fischer Ltd,Destiny Mckenzie,IT Manager,destiny.mckenzie@fischerltd.example.com,2026-06-10 03:50:45.587997,Call Tracking,callrail,phone,gbp_listing,NY,70
ACME-L01101,Fisher PLC,Courtney Brown,CFO,COURTNEY.BROWN@FISHERPLC.EXAMPLE.COM ,2026-06-10 04:33:42.668640,Google Ads,Google ,cpc,msp_q2_search_nonbrand,CA,67
ACME-L01102,Guerrero King and Moon,Robert Cunningham,IT Manager,robert.cunningham@guerrerokingandmoon.example.com,2026-06-10 08:34:09.887426,Referral,,,,CA,73
ACME-L01103,Hall Ltd,Kayla Moore,Owner,kayla.moore@hallltd.example.com,2026-06-10 09:57:29.436149,Meta Ads,facebook,paid_social,msp_q2_leadgen,TX,88
ACME-L01104,Gonzalez Inc,Amanda Roberts,Office Manager,amanda.roberts@gonzalezinc.example.com,06/10/2026 12:28:06,Google Ads,google,cpc, MSP_Q2_SEARCH_NONBRAND,IL,67
ACME-L01105,Foster-Brewer,William Morris,IT Manager,william.morris@fosterbrewer.example.com,06/10/2026 12:34:12,Instagram,facebook,paid_social,msp_q2_leadgen,IL,
ACME-L01106,Anderson Ltd,Mary Bell,IT Director,mary.bell@andersonltd.example.com,2026-06-10 13:07:39.693660,Google Ads,google,cpc,msp_q2_search_nonbrand,NY,94
ACME-L01107,Moore-Fernandez,Joseph Ross,,joseph.ross@moorefernandez.example.com,2026-06-10 13:18:18.316635,Meta Ads,facebook,paid_social,msp_q2_leadgen,NJ,61
ACME-L01108,Weber Inc,Brent Haynes,COO,brent.haynes@weberinc.example.com,2026-06-10 13:56:08.887263,Referral,,,,California,100
ACME-L01109,Clark PLC,Emily Carr,COO,emily.carr@clarkplc.example.com,2026-06-10 14:23:18.615718,Google,google,cpc,msp_q2_search_nonbrand,CA,94
ACME-L01110,Berry-Rodriguez,Briana Calderon,IT Director,briana.calderon@berryrodriguez.example.com,2026-06-10 14:40:35.697671,prospecting,,,,NY,63
ACME-L01111,Mullins and Sons,Elizabeth Sutton,CFO,elizabeth.sutton@mullinsandsons.example.com,06/10/2026 15:52:03,Google Ads,google,cpc,msp_q2_search_nonbrand,TX,67
ACME-L01112,Willis-Andrews,Marc Johnson,CFO,marc.johnson@willisandrews.example.com,2026-06-10 17:31:06.231924,Google Ads,google,cpc,msp_q2_search_nonbrand,NY,67
ACME-L01113,Miller-Grimes,Barbara Goodwin,IT Manager,barbara.goodwin@millergrimes.example.com,2026-06-10 18:50:03.925401,Outbound,,,,NJ,63
ACME-L01114,Johnson Montgomery and Hall,Christopher Mckenzie,IT Manager,christopher.mckenzie@johnsonmontgomeryandhall.example.com,06/10/2026 19:16:00,Meta Ads,facebook,paid_social,msp_q2_leadgen,TX,31
ACME-L01115,Dean Whitehead and Logan,Amy Wilkerson,Office Manager,amy.wilkerson@deanwhiteheadandlogan.example.com,2026-06-10 21:17:39.388897,Outbound,,,,New Jersey,90
ACME-L01116,Keller-Parker,Zachary Roberts,Owner,ZACHARY.ROBERTS@KELLERPARKER.EXAMPLE.COM ,2026-06-11 00:29:09.696193,Google Ads,google,cpc,msp_q2_search_nonbrand,IL,67
ACME-L01117,Martin Jacobson and Lee,Victoria Clark,COO,victoria.clark@martinjacobsonandlee.example.com,2026-06-11 00:44:46.610481,Meta Ads,facebook,paid_social,msp_q2_leadgen,CA,88
ACME-L01118,Graham Mcdonald and Davenport,Jennifer Kim,Practice Manager,jennifer.kim@grahammcdonaldanddavenpo.example.com,2026-06-11 00:46:19.813980,Call Tracking,callrail,phone,gbp_listing,MA,70
ACME-L01119,Stewart Cohen and Jenkins,Karen Williams,COO,karen.williams@stewartcohenandjenkins.example.com,2026-06-11 02:17:57.759947,GOOGLE,google,cpc,msp_q2_search_brand,FL,67
ACME-L01120,Jimenez LLC,Scott Medina,IT Director,scott.medina@jimenezllc.example.com,2026-06-11 08:58:45.579918,adwords,google,cpc,msp_q2_search_brand,Unassigned,74
ACME-L01121,Harris-Martinez,Justin Soto,,justin.soto@harrismartinez.example.com,06/11/2026 11:39:20,Outbound,,,,ny,90
ACME-L01122,Rivera-Cruz,Yvonne Simon,Practice Manager,yvonne.simon@riveracruz.example.com,2026-06-11 12:02:51.657101,Google Ads Search,google,cpc,msp_q2_search_nonbrand,NJ,94
ACME-L01123,Dixon-Hernandez,Brandon Buchanan,COO,brandon.buchanan@dixonhernandez.example.com,2026-06-11 12:23:35.158256,Meta Ads,facebook,paid_social,msp_q2_leadgen,NY,61
ACME-L01124,Jacobs-White,Christina Watson,CFO,christina.watson@jacobswhite.example.com,06/11/2026 14:28:37,Google Ads,google,cpc,msp_q2_search_brand,Texas,94
ACME-L01125,Little LLC,David White,IT Manager,david.white@littlellc.example.com,2026-06-11 14:59:22.551933,Meta Ads,facebook,paid_social,msp_q2_leadgen,Unassigned,41
ACME-L01126,Becker LLC,Angelica Bowers,Practice Manager,angelica.bowers@beckerllc.example.com,2026-06-11 15:48:22.665122,Google Ads,google,cpc,msp_q2_search_brand,FL,67
ACME-L01127,Price-Lynch,Michael Morrison,Owner,michael.morrison@pricelynch.example.com,2026-06-11 15:59:10.223276,Google Ads,google,cpc,msp q2 search nonbrand,CA,79
ACME-L01128,Dixon Group,Daniel Roberts,IT Director,daniel.roberts@dixongroup.example.com,2026-06-11 16:29:46.334713,Cold Email,,,,MA,55
ACME-L01129,Fields-Singh,Paula Wilson,Office Manager,paula.wilson@fieldssingh.example.com,2026-06-11 16:57:26.453378,Call Tracking,callrail,phone,gbp_listing,MA,70
ACME-L01130,Sanders LLC,Kimberly Tran,Operations Manager,kimberly.tran@sandersllc.example.com,2026-06-11 17:21:25.033088,outbound - sdr,,,,NY,63
ACME-L01131,Romero Bush and Smith,Brianna Anderson,Practice Manager,brianna.anderson@romerobushandsmith.example.com,2026-06-11 20:26:07.485442,Google Ads,google,cpc, MSP_Q2_SEARCH_BRAND,NY,94
ACME-L01132,Williams-Owens,Christina Lopez,Operations Manager,christina.lopez@williamsowens.example.com,2026-06-12 06:23:58.702083,Outbound,,,,NY,
ACME-L01133,Kelly-Graham,Kyle Reid,Office Manager,kyle.reid@kellygraham.example.com,2026-06-12 06:47:40.105502,word of mouth,,,,NJ,
ACME-L01134,Ramirez Mora and Whitehead,Molly Fritz,COO,molly.fritz@ramirezmoraandwhitehead.example.com,2026-06-12 08:07:31.811831, google ,google,cpc,msp_q2_search_brand,FL,64
ACME-L01135,Baldwin Smith and Bennett,David Kennedy,,david.kennedy@baldwinsmithandbennett.example.com,2026-06-12 08:11:19.418746,Google Ads,google,cpc,msp_q2_search_brand,NY,67
ACME-L01136,Turner-Murphy,Jessica Lopez,Office Manager,jessica.lopez@turnermurphy.example.com,2026-06-12 09:24:54.830284,Call Tracking,Callrail ,phone,gbp_listing,IL,70
ACME-L01137,Dunn Group,Debra Mitchell,Owner,debra.mitchell@dunngroup.example.com,2026-06-12 09:51:12.014613,Callrail + Lsa,callrail,phone,local_services,IL,97
ACME-L01138,Greene Guerrero and Rivera,Debra Joseph,IT Director,debra.joseph@greeneguerreroandrivera.example.com,2026-06-12 10:27:35.395373,Google Ads,Google ,cpc,msp_q2_search_nonbrand,TX,67
ACME-L01139,Huber Leonard and Cruz,Victoria Johnson,CFO,victoria.johnson@huberleonardandcruz.example.com,2026-06-12 10:33:15.787587,Google Ads,google,cpc,msp_q2_search_brand,MA,94
ACME-L01140,Pearson LLC,Morgan Harris,COO,morgan.harris@pearsonllc.example.com,2026-06-12 13:16:13.149817,Outbound,,,,FL,63
ACME-L01141,Shields-Smith,Corey White,IT Director,corey.white@shieldssmith.example.com,2026-06-12 13:32:32.274723,Referral,,,,MA,59
ACME-L01142,Wolf-Gutierrez,Dawn Gibson,IT Director,dawn.gibson@wolfgutierrez.example.com,2026-06-12 14:15:57.228988,Call Tracking,callrail,phone,gbp_listing,NJ,81
ACME-L01143,Vazquez Myers and Hernandez,Michelle Armstrong,Office Manager,michelle.armstrong@vazquezmyersandhernandez.example.com,2026-06-12 16:11:08.771196,Google Ads,google,cpc,msp_q2_search_nonbrand,NY,67
ACME-L01144,Anderson Johnson and Jordan,Carla Williams,CFO,carla.williams@andersonjohnsonandjordan.example.com,2026-06-12 16:31:40.030466, partner referral ,,,,TX,94
ACME-L01145,Ellison-Bailey,Miguel Marquez,IT Manager,miguel.marquez@ellisonbailey.example.com,2026-06-12 17:12:01.151946,Meta Ads,facebook,paid_social,msp_q2_leadgen,NY,61
ACME-L01146,White Porter and Barr,John Scott,CFO,john.scott@whiteporterandbarr.example.com,2026-06-12 17:30:43.848429,Meta Ads,Facebook ,paid_social,msp q2 leadgen,CA,31
ACME-L01147,Martin-Sutton,Angela Sullivan,Practice Manager,angela.sullivan@martinsutton.example.com,06/12/2026 17:36:54,Meta Ads,Facebook ,paid_social,msp_q2_leadgen,NY,66
ACME-L01148,Griffin Sullivan and Hall,Kristy Ellis,Owner,kristy.ellis@griffinsullivanandhall.example.com,2026-06-12 17:49:07.853487,Outbound,,,,TX,90
ACME-L01149,Scott Black and Thompson,Carrie Strong,Operations Manager,carrie.strong@scottblackandthompson.example.com,2026-06-13 00:53:12.950859, facebook ads ,facebook,paid_social,msp_q2_leadgen,TX,
ACME-L01150,Blair LLC,John Garcia,IT Director,john.garcia@blairllc.example.com,2026-06-13 03:09:37.308642,Word of mouth,,,,,100
ACME-L01151,Bell Group,Michaela Green,CFO,michaela.green@bellgroup.example.com,2026-06-13 03:44:42.982904,Outbound,,,,MA,90
ACME-L01152,Cox Garcia and Rosales,Amanda White,Office Manager,AMANDA.WHITE@COXGARCIAANDROSALES.EXAMPLE.COM ,2026-06-13 13:25:32.075532,Google Ads,Google ,cpc,msp_q2_search_brand,Florida,67
ACME-L01153,Mullen-Williams,Mary Shepherd,IT Manager,mary.shepherd@mullenwilliams.example.com,2026-06-13 13:46:48.527491,Call Tracking,callrail,phone,gbp_listing,CA,
ACME-L01154,Cook Clark and Pollard,Margaret Anderson,CFO,margaret.anderson@cookclarkandpollard.example.com,2026-06-13 15:20:20.905417,Meta Ads,facebook,paid_social,msp_q2_leadgen,FL,88
ACME-L01155,Gates Sanchez and Matthews,Nicholas Johnson,CFO,nicholas.johnson@gatessanchezandmatthews.example.com,2026-06-13 16:47:30.304266,Meta Ads,facebook,paid_social,msp_q2_leadgen,Massachusetts,88
ACME-L01156,Cooley Ltd,Rachel Martin,Practice Manager,rachel.martin@cooleyltd.example.com,2026-06-13 19:35:35.652174,Call Tracking,callrail,phone,local_services,IL,97
ACME-L01157,Greer Zavala and Rodriguez,Julie Nelson,Office Manager,julie.nelson@greerzavalaandrodriguez.example.com,2026-06-13 23:51:21.663061,Google Ads,google,cpc,msp_q2_search_brand,New York,94
ACME-L01158,Briggs-Brown,Nicholas Clay,COO,nicholas.clay@briggsbrown.example.com,2026-06-14 01:07:54.429533,Call Tracking,callrail,phone,local_services,CA,70
ACME-L01159,Alvarez-Edwards,Miguel Lindsey,Practice Manager,miguel.lindsey@alvarezedwards.example.com,2026-06-14 03:50:55.294080,Google Ads,google,cpc,msp_q2_search_nonbrand,NY,67
ACME-L01160,Mccoy PLC,Colleen Faulkner,Owner,colleen.faulkner@mccoyplc.example.com,2026-06-14 05:26:27.942323, word of mouth ,,,,IL,78
ACME-L01161,Lang Ltd,Gabriel Patton,CFO,gabriel.patton@langltd.example.com,2026-06-14 06:46:00.377509,meta,facebook,paid_social,msp_q2_leadgen,CA,61
ACME-L01162,Lee-Smith,Nicole Houston,Office Manager,nicole.houston@leesmith.example.com,2026-06-14 07:23:47.703910,Outbound,,,,CA,63
ACME-L01163,Dennis and Sons,Kyle Rush,Practice Manager,kyle.rush@dennisandsons.example.com,2026-06-14 07:54:44.709798,Meta Ads,facebook,paid_social,msp_q2_leadgen,FL,61
ACME-L01164,Mccarthy Group,Sarah Matthews,Owner,sarah.matthews@mccarthygroup.example.com,2026-06-14 08:38:12.030478,Google Ads,google,cpc, MSP_Q2_SEARCH_BRAND,TX,94
ACME-L01165,Wilson Ltd,Daniel Terry,CFO,daniel.terry@wilsonltd.example.com,2026-06-14 12:34:55.816118,Meta Ads,facebook,paid_social,,MA,61
ACME-L01166,Krause PLC,William Stanley,CFO,william.stanley@krauseplc.example.com,2026-06-14 15:19:12.180899,Google Ads,google,cpc,msp_q2_search_nonbrand,NY,94
ACME-L01167,Salinas LLC,Rachael Johnson,Operations Manager,rachael.johnson@salinasllc.example.com,2026-06-14 17:13:35.652316,Google Ads,google,cpc,msp_q2_search_brand,NY,67
ACME-L01168,Jones Figueroa and Gonzalez,Steven Morales,IT Director,steven.morales@jonesfigueroaandgonzalez.example.com,2026-06-15 01:20:35.810015,referal,,,,NY,100
ACME-L01169,Brown Rivera and Moore,Dennis Torres,Practice Manager,dennis.torres@brownriveraandmoore.example.com,2026-06-15 01:27:35.058031,Google Ads,google,cpc,msp_q2_search_brand,CA,67
ACME-L01170,Willis Jordan and Allen,Tina Molina,Practice Manager,tina.molina@willisjordanandallen.example.com,06/15/2026 01:51:53,Google Ads,google,cpc,,NY,94
ACME-L01171,White-Smith,Samantha Walker,Owner,SAMANTHA.WALKER@WHITESMITH.EXAMPLE.COM ,2026-06-15 02:24:29.776051,Referral,,,,MA,73
ACME-L01172,Owen LLC,Courtney Benson,CFO,courtney.benson@owenllc.example.com,2026-06-15 03:45:33.761275,Google Ads,google,cpc,msp_q2_search_nonbrand,NY,55
ACME-L01173,Clark Valentine and Valdez,John Duncan,Operations Manager,john.duncan@clarkvalentineandvaldez.example.com,2026-06-15 08:11:24.330441,adwords,google,cpc,msp_q2_search_nonbrand,NY,94
ACME-L01174,Barber Hancock and Walsh,Eric Wiggins,Operations Manager,eric.wiggins@barberhancockandwalsh.example.com,2026-06-15 08:13:13.157155,Outbound,,,,MA,63
ACME-L01175,Raymond-Ramos,Christopher Jones,Office Manager,christopher.jones@raymondramos.example.com,2026-06-15 10:03:01.000042,Google Ads,google,cpc,msp_q2_search_brand,CA,67
ACME-L01176,Mccarthy-Velazquez,Debbie Bates,IT Director,debbie.bates@mccarthyvelazquez.example.com,2026-06-15 10:36:30.088774,Meta Ads,facebook,paid_social,,TX,61
ACME-L01177,Castaneda Group,Heidi Burch,Owner,heidi.burch@castanedagroup.example.com,06/15/2026 10:51:09,ADWORDS,google,cpc,msp_q2_search_brand,NJ,67
ACME-L01178,Estrada-Hoffman,Theresa Mitchell,,theresa.mitchell@estradahoffman.example.com,06/15/2026 11:16:20,Referral,,,,CA,100
ACME-L01179,Wells and Sons,John Gaines,COO,john.gaines@wellsandsons.example.com,06/15/2026 12:44:15,Outbound,,,,FL,90
ACME-L01180,Lamb Wade and Wells,Patricia Cantu,Operations Manager,patricia.cantu@lambwadeandwells.example.com,2026-06-15 13:31:12.017979,outbound - sdr,,,,NJ,90
ACME-L01181,Hartman Grimes and Chapman,Tara Schneider,COO,tara.schneider@hartmangrimesandchapman.example.com,2026-06-15 14:13:35.524105,Prospecting,,,,IL,60
ACME-L01182,Pena-Holland,Sean Ryan,COO,sean.ryan@penaholland.example.com,2026-06-15 14:17:30.832934,Google,google,cpc,,NY,64
ACME-L01183,Bryant-Boyer,Richard Dodson,Operations Manager,richard.dodson@bryantboyer.example.com,2026-06-15 14:26:23.412523,Google Ads,google,cpc,msp_q2_search_brand,NJ,64
ACME-L01184,West LLC,Ann Jackson,,ann.jackson@westllc.example.com,2026-06-15 14:35:36.125914, instagram ,facebook,paid_social,msp_q2_leadgen,MA,61
ACME-L01185,Newman Group,Paul Hernandez,COO,paul.hernandez@newmangroup.example.com,2026-06-15 14:35:41.783991,Call Tracking,callrail,phone,gbp_listing,CA,70
ACME-L01186,Henderson Andersen and Davenport,Susan Walker,COO,susan.walker@hendersonandersenanddave.example.com,2026-06-15 15:01:56.404192,Google Ads,Google ,cpc,msp_q2_search_nonbrand,CA,62
ACME-L01187,Pacheco Miller and Cole,Micheal Johnson,Operations Manager,micheal.johnson@pachecomillerandcole.example.com,2026-06-15 16:16:02.607047,Google Ads,google,cpc,msp_q2_search_nonbrand,CA,67
ACME-L01188,Walker Abbott and Murphy,Melinda Turner,Office Manager,MELINDA.TURNER@WALKERABBOTTANDMURPHY.EXAMPLE.COM ,2026-06-15 16:41:25.568158,Meta Ads,facebook,paid_social,msp_q2_leadgen,IL,58
ACME-L01189,Harmon Group,Shannon Young,COO,shannon.young@harmongroup.example.com,2026-06-15 16:47:41.718796,Outbound,,,,MA,
ACME-L01190,Solis Taylor and Kelley,David Patrick,,david.patrick@solistaylorandkelley.example.com,2026-06-15 18:15:11.522972,Referral,,,,IL,73
ACME-L01191,Williams Humphrey and Castaneda,Stephen Potter,Owner,STEPHEN.POTTER@WILLIAMSHUMPHREYANDCASTA.EXAMPLE.COM ,2026-06-15 19:18:39.153151,Google Ads,google,cpc,msp_q2_search_brand,IL,80
ACME-L01192,Lewis LLC,Victoria Herman,,victoria.herman@lewisllc.example.com,2026-06-15 19:42:28.643474,Google Ads,google,cpc,msp_q2_search_nonbrand,NJ,94
ACME-L01193,Richardson Spencer and Gill,Bridget Martin,COO,bridget.martin@richardsonspencerandgill.example.com,2026-06-15 20:56:01.748686,Google Ads,google,cpc,msp_q2_search_brand,IL,94
ACME-L01194,Odonnell and Sons,Briana Wallace,CFO,briana.wallace@odonnellandsons.example.com,2026-06-15 21:07:29.148663,Outbound,,,,FL,90
ACME-L01195,Duran Fields and Ramos,Jessica Caldwell,CFO,jessica.caldwell@duranfieldsandramos.example.com,2026-06-16 01:44:03.866918,Google Ads,google,cpc,msp_q2_search_nonbrand,IL,94
ACME-L01196,Maxwell Griffin and Parks,George Reynolds,CFO,george.reynolds@maxwellgriffinandparks.example.com,2026-06-16 04:40:34.123516,sdr,,,,NY,57
ACME-L01197,Cantu Inc,Christopher Contreras,COO,christopher.contreras@cantuinc.example.com,2026-06-16 07:59:21.651097,Google Ads,google,cpc,msp_q2_search_nonbrand,FL,88
ACME-L01198,Peters Group,Jerry Cameron,Practice Manager,jerry.cameron@petersgroup.example.com,2026-06-16 08:26:08.993532,Referral,,,,,45
ACME-L01199,Alvarez-Williams,Theresa Riddle,IT Manager,theresa.riddle@alvarezwilliams.example.com,2026-06-16 10:09:24.049860,Google Ads,google,cpc,msp_q2_search_nonbrand,NJ,66
ACME-L01200,Garcia Group,Linda Fleming,Practice Manager,linda.fleming@garciagroup.example.com,06/16/2026 11:29:05,Facebook,facebook,paid_social,msp_q2_leadgen,CA,58
ACME-L01201,James Bates and Cook,Timothy Carpenter,CFO,timothy.carpenter@jamesbatesandcook.example.com,2026-06-16 12:09:45.411230, ppc ,Google ,cpc,msp_q2_search_nonbrand,MA,67
ACME-L01202,Harmon Davis and Blackburn,Ricky Harper,IT Director,ricky.harper@harmondavisandblackburn.example.com,2026-06-16 12:38:07.383484,Google Ads,google,cpc,msp_q2_search_nonbrand,NY,63
ACME-L01203,Thomas Thompson and Reyes,Hannah Smith,Owner,hannah.smith@thomasthompsonandreyes.example.com,2026-06-16 12:44:32.784038,facebook ads,facebook,paid_social,msp_q2_leadgen,NY,61
ACME-L01204,Singleton Williams and Martinez,Alison Freeman,IT Manager,alison.freeman@singletonwilliamsandmart.example.com,2026-06-16 13:42:33.313557,Referral,,,,TX,73
ACME-L01205,Schroeder Ramsey and Cooper,Samantha Moody,CFO,samantha.moody@schroederramseyandcooper.example.com,2026-06-16 16:07:23.376224,Google Ads,google,cpc,msp q2 search nonbrand,IL,75
ACME-L01206,House PLC,Lisa Walls,Operations Manager,lisa.walls@houseplc.example.com,2026-06-16 17:27:53.276109, fb ,facebook,paid_social,msp_q2_leadgen,IL,57
ACME-L01207,Bennett-Martinez,Dana Yang,COO,dana.yang@bennettmartinez.example.com,2026-06-16 19:21:16.525527,Google Ads,google,cpc,msp_q2_search_brand,FL,94
ACME-L01208,Hoover-Hoover,Jay Ayers,Operations Manager,JAY.AYERS@HOOVERHOOVER.EXAMPLE.COM ,2026-06-16 22:15:48.862976,Meta Ads,facebook,paid_social,msp_q2_leadgen,,88
ACME-L01209,Carter Larsen and Lynch,Summer Brewer,IT Director,summer.brewer@carterlarsenandlynch.example.com,06/17/2026 01:06:16,Meta Ads,facebook,paid_social,msp_q2_leadgen,CA,74
ACME-L01210,Chavez Allen and Mcdonald,Jacqueline Stanley,Operations Manager,jacqueline.stanley@chavezallenandmcdonald.example.com,2026-06-17 03:30:47.807438,Referral,,,,TX,
ACME-L01211,Pierce Campos and Burns,Benjamin Wise,IT Director,benjamin.wise@piercecamposandburns.example.com,2026-06-17 04:18:43.673582,Google Ads,google,cpc,msp_q2_search_nonbrand,NY,84
ACME-L01212,King PLC,Gregory Mason,Office Manager,gregory.mason@kingplc.example.com,06/17/2026 08:29:40,Outbound,,,,CA,63
ACME-L01213,Washington PLC,Allison Thompson,Operations Manager,allison.thompson@washingtonplc.example.com,2026-06-17 10:51:03.966036,ADWORDS,Google ,cpc,msp_q2_search_nonbrand,CA,67
ACME-L01214,Gibson-Allison,Kevin Ritter,COO,kevin.ritter@gibsonallison.example.com,2026-06-17 11:47:06.346486,Google Ads,google,cpc,msp_q2_search_nonbrand,TX,67
ACME-L01215,Hubbard-Gregory,Samantha Cooper,COO,samantha.cooper@hubbardgregory.example.com,2026-06-17 13:10:54.878707,Google Ads,google,cpc,msp_q2_search_brand,MA,67
ACME-L01216,Wood LLC,Paula Williams,Office Manager,paula.williams@woodllc.example.com,2026-06-17 13:17:11.657357,Meta Ads,facebook,paid_social,msp_q2_leadgen,NY,58
ACME-L01217,Spence Group,Hayden Anderson,Owner,HAYDEN.ANDERSON@SPENCEGROUP.EXAMPLE.COM ,2026-06-17 13:21:56.414127,Meta Ads,facebook,paid_social,msp_q2_leadgen,CA,80
ACME-L01218,Martinez-Abbott,Deborah Moore,Owner,deborah.moore@martinezabbott.example.com,2026-06-17 13:31:11.986544,Meta Ads,facebook,paid_social,msp_q2_leadgen,CA,
ACME-L01219,Riddle-Owens,Mary Allen,Operations Manager,mary.allen@riddleowens.example.com,2026-06-17 13:35:14.571413,GOOGLE ADS SEARCH,google,cpc,msp_q2_search_nonbrand,NJ,67
ACME-L01220,Alexander-Willis,Lawrence Brandt,IT Director,lawrence.brandt@alexanderwillis.example.com,2026-06-17 15:10:36.631778,Call Tracking,callrail,phone,local_services,CA,70
ACME-L01221,Black Phillips and Ray,Paula Tran,IT Manager,paula.tran@blackphillipsandray.example.com,2026-06-17 15:12:37.728423,Instagram,facebook,paid_social,msp_q2_leadgen,NJ,88
ACME-L01222,Martin PLC,Kevin Holder,CFO,kevin.holder@martinplc.example.com,2026-06-17 15:29:14.694125,INSTAGRAM,facebook,paid_social,msp_q2_leadgen,TX,88
ACME-L01223,Daniels LLC,Samantha Garcia,CFO,samantha.garcia@danielsllc.example.com,2026-06-17 15:48:03.531153,Google Ads,google,cpc,msp_q2_search_nonbrand,MA,67
ACME-L01224,White-Ochoa,Shawn Baldwin,Practice Manager,SHAWN.BALDWIN@WHITEOCHOA.EXAMPLE.COM ,2026-06-17 16:57:01.636969,GOOGLE_CPC,google,cpc,msp_q2_search_brand,NJ,91
ACME-L01225,Cook Meyer and Acevedo,Beth Hernandez,Operations Manager,beth.hernandez@cookmeyerandacevedo.example.com,2026-06-17 22:13:12.867304,Meta Ads,facebook,paid_social,msp_q2_leadgen,,61
ACME-L01226,Richardson Inc,Tina Taylor,IT Manager,tina.taylor@richardsoninc.example.com,2026-06-17 22:58:41.748029,Google Ads,google,cpc,msp_q2_search_nonbrand,,94
ACME-L01227,Morales and Sons,Yolanda Gonzalez,Office Manager,yolanda.gonzalez@moralesandsons.example.com,2026-06-18 00:54:49.957729,Meta Ads,Facebook ,paid_social,msp_q2_leadgen,NY,61
ACME-L01228,Stephens-Martin,Edward Rodriguez,Operations Manager,edward.rodriguez@stephensmartin.example.com,2026-06-18 04:18:39.500829,Meta Ads,facebook,paid_social,msp_q2_leadgen,ma,88
ACME-L01229,Strickland-Griffin,Steven Malone,Owner,steven.malone@stricklandgriffin.example.com,2026-06-18 08:29:59.528253,Google Ads,google,cpc,msp_q2_search_nonbrand,MA,94
ACME-L01230,Lozano and Sons,Lauren Young,CFO,LAUREN.YOUNG@LOZANOANDSONS.EXAMPLE.COM ,2026-06-18 09:18:56.114401,Google Ads,google,cpc,msp_q2_search_nonbrand,NJ,94
ACME-L01231,Wright Carter and Ramirez,Michael Gibbs,Owner,michael.gibbs@wrightcarterandramirez.example.com,2026-06-18 09:20:13.479029,Meta Ads,facebook,paid_social,msp_q2_leadgen,MA,61
ACME-L01232,Clark-Williams,Jason Cisneros,Office Manager,jason.cisneros@clarkwilliams.example.com,2026-06-18 09:29:40.801213,Meta Ads,facebook,paid_social,msp_q2_leadgen,NY,39
ACME-L01233,Tucker LLC,Stacey Smith,Office Manager,stacey.smith@tuckerllc.example.com,2026-06-18 10:08:27.129222,Meta Ads,facebook,paid_social, MSP_Q2_LEADGEN,NY,88
ACME-L01234,Williams Ltd,Thomas Hicks,Owner,thomas.hicks@williamsltd.example.com,2026-06-18 11:55:12.389396,Meta Ads,facebook,paid_social,msp_q2_leadgen,NY,61
ACME-L01235,Merritt Haynes and Jackson,Emily Davis,COO,emily.davis@merritthaynesandjackson.example.com,2026-06-18 12:30:29.859167,Meta Ads,facebook,paid_social, MSP_Q2_LEADGEN,,60
ACME-L01236,Johnson PLC,Jeffrey Miller,Practice Manager,jeffrey.miller@johnsonplc.example.com,2026-06-18 13:26:48.828608,Google Ads,google,cpc,msp_q2_search_brand,MA,81
ACME-L01237,Steele Robertson and Bell,Jennifer Patel,Owner,jennifer.patel@steelerobertsonandbell.example.com,2026-06-18 14:57:45.222068,Meta Ads,facebook,paid_social, MSP_Q2_LEADGEN,CA,42
ACME-L01238,Wheeler Lewis and Huff,Roger Dixon,IT Manager,roger.dixon@wheelerlewisandhuff.example.com,06/18/2026 15:09:26,Meta Ads,facebook,paid_social,msp_q2_leadgen,IL,88
ACME-L01239,Reyes Delgado and Castillo,Alyssa Gonzalez,IT Director,alyssa.gonzalez@reyesdelgadoandcastillo.example.com,2026-06-18 15:55:26.935383,Meta Ads,facebook,paid_social,msp_q2_leadgen,NY,88
ACME-L01240,Rivera Blackburn and Lynn,Mark Obrien,IT Director,mark.obrien@riverablackburnandlynn.example.com,2026-06-18 17:32:30.328497,Google Ads,Google ,cpc,msp_q2_search_nonbrand,CA,94
ACME-L01241,Hicks-Rodriguez,Joseph Dixon,,joseph.dixon@hicksrodriguez.example.com,2026-06-18 17:48:01.086580,Meta Ads,facebook,paid_social,msp_q2_leadgen,FL,82
ACME-L01242,Brown PLC,Monica Williams,CFO,monica.williams@brownplc.example.com,2026-06-18 20:07:04.187867,Outbound,,,,MA,63
ACME-L01243,Wood-Carr,Carrie Murphy,Operations Manager,carrie.murphy@woodcarr.example.com,2026-06-18 21:24:26.930537,Referral,,,,IL,78
ACME-L01244,Garrison-Zhang,Travis Poole,COO,travis.poole@garrisonzhang.example.com,2026-06-19 00:33:49.023917,Call Tracking,callrail,phone,gbp_listing,NJ,97
ACME-L01245,Thomas Ltd,Caitlin Rowe,Operations Manager,caitlin.rowe@thomasltd.example.com,2026-06-19 01:59:10.259446,Meta Ads,Facebook ,paid_social,msp_q2_leadgen,NY,45
ACME-L01246,Ford Moore and Lewis,Eric Gonzales,Owner,eric.gonzales@fordmooreandlewis.example.com,2026-06-19 03:29:30.326368,Referral,,,,NJ,99
ACME-L01247,Moran Dixon and Jackson,Elizabeth Hamilton,,elizabeth.hamilton@morandixonandjackson.example.com,2026-06-19 06:50:04.009889,Google Ads,google,cpc,msp_q2_search_nonbrand,IL,94
ACME-L01248,Pena PLC,Austin Garza,COO,austin.garza@penaplc.example.com,2026-06-19 10:28:15.018941,Google Ads,google,cpc,msp_q2_search_brand,NY,67
ACME-L01249,Hardy and Sons,Randall Malone,COO,randall.malone@hardyandsons.example.com,2026-06-19 10:49:45.870892,Call Tracking,callrail,phone,local_services,IL,97
ACME-L01250,Phillips PLC,Christina Rivera,Operations Manager,christina.rivera@phillipsplc.example.com,06/19/2026 11:22:24,Referral,,,,NJ,100
ACME-L01251,Harris LLC,Johnny Miller,CFO,johnny.miller@harrisllc.example.com,2026-06-19 11:38:41.659633,Call Tracking,callrail,phone, LOCAL_SERVICES,,67
ACME-L01252,Gonzales Farmer and Garcia,Lauren Sullivan,CFO,lauren.sullivan@gonzalesfarmerandgarcia.example.com,2026-06-19 12:16:22.927836,Google Ads,google,cpc,msp_q2_search_nonbrand,NJ,67
ACME-L01253,Martin Inc,Randy Kelley,Practice Manager,randy.kelley@martininc.example.com,2026-06-19 12:37:28.063112,Referral,,,,TX,90
ACME-L01254,Davis Dean and Callahan,David Robinson,COO,david.robinson@davisdeanandcallahan.example.com,06/19/2026 13:13:18,Referral,,,,IL,73
ACME-L01255,Harrison Inc,Ashley Morris,COO,ashley.morris@harrisoninc.example.com,2026-06-19 13:27:17.739790,Google,google,cpc,msp_q2_search_brand,CA,37
ACME-L01256,Baker LLC,Cynthia Olson,Owner,cynthia.olson@bakerllc.example.com,2026-06-19 13:34:07.886328,Meta Ads,facebook,paid_social,msp_q2_leadgen,CA,88
ACME-L01257,Young Ltd,Allison Ellis,COO,allison.ellis@youngltd.example.com,2026-06-19 16:30:03.529310,Referral,,,,MA,73
ACME-L01258,Anderson Dominguez and Smith,Robert Gordon,COO,robert.gordon@andersondominguezandsmit.example.com,06/19/2026 16:56:52,Referral,,,,NJ,73
ACME-L01259,Cherry Ltd,Jennifer Curry,COO,JENNIFER.CURRY@CHERRYLTD.EXAMPLE.COM ,2026-06-19 18:37:40.834078,Google Ads,google,cpc,msp_q2_search_brand,NY,78
ACME-L01260,Flynn-Ibarra,Logan Thomas,IT Manager,logan.thomas@flynnibarra.example.com,06/19/2026 19:30:43,Google Ads,google,cpc,msp_q2_search_nonbrand,FL,67
ACME-L01261,Davis and Sons,Kyle Harris,IT Manager,kyle.harris@davisandsons.example.com,2026-06-19 22:16:23.184395,Meta,facebook,paid_social,msp_q2_leadgen,NJ,88
ACME-L01262,Gross Torres and Orr,Brandon Roberts,Owner,brandon.roberts@grosstorresandorr.example.com,2026-06-20 00:26:56.176082,Google Ads,google,cpc,msp_q2_search_nonbrand,FL,67
ACME-L01263,Lopez Ltd,Debra Mcdaniel,Owner,debra.mcdaniel@lopezltd.example.com,2026-06-20 02:21:45.836572,Google Ads,google,cpc,msp_q2_search_brand,NJ,94
ACME-L01264,Evans-Coffey,Patrick Graham,IT Manager,patrick.graham@evanscoffey.example.com,2026-06-20 03:45:30.352319,Meta Ads,facebook,paid_social,msp_q2_leadgen,TX,61
ACME-L01265,Garcia-Barrett,Tyler Reynolds,Owner,tyler.reynolds@garciabarrett.example.com,2026-06-20 04:01:18.695300,Outbound,,,,NJ,62
ACME-L01266,Garrett-Wilson,Randy Harris,CFO,randy.harris@garrettwilson.example.com,2026-06-20 10:27:49.715431,Meta Ads,facebook,paid_social,msp_q2_leadgen,NJ,88
ACME-L01267,Wilson Morton and Davis,Jeffrey Hernandez,,jeffrey.hernandez@wilsonmortonanddavis.example.com,2026-06-20 11:00:35.781185,adwords,google,cpc,msp_q2_search_brand,NY,66
ACME-L01268,Murray-Lewis,Aaron Davis,IT Director,aaron.davis@murraylewis.example.com,06/20/2026 11:35:57,Call Tracking,callrail,phone,gbp_listing,NJ,97
ACME-L01269,Young Petersen and Ross,Paige Lloyd,Owner,paige.lloyd@youngpetersenandross.example.com,2026-06-20 13:15:45.850092,ADWORDS,google,cpc,msp_q2_search_brand,CA,45
ACME-L01270,Butler-Richard,Cesar Miller,Owner,cesar.miller@butlerrichard.example.com,2026-06-20 13:51:10.807261,Google Ads,google,cpc,msp_q2_search_brand,ny,94
ACME-L01271,Allen Ltd,Brittany Daniels,COO,brittany.daniels@allenltd.example.com,2026-06-20 23:50:09.947634, meta ,facebook,paid_social,msp_q2_leadgen,NY,88
ACME-L01272,Lawrence Inc,Steven Bird,Office Manager,steven.bird@lawrenceinc.example.com,2026-06-21 02:17:46.638597,Google Ads,google,cpc,msp_q2_search_nonbrand,NY,94
ACME-L01273,Davis PLC,Tyler Perez,IT Director,tyler.perez@davisplc.example.com,2026-06-21 05:33:08.030351,Meta Ads,facebook,paid_social,msp_q2_leadgen,IL,88
ACME-L01274,Garcia Edwards and Brown,Jennifer Schmidt,CFO,jennifer.schmidt@garciaedwardsandbrown.example.com,2026-06-21 07:59:39.753475,FB,facebook,paid_social,msp_q2_leadgen,TX,61
ACME-L01275,Hensley Wolf and Peters,Michael Hill,CFO,michael.hill@hensleywolfandpeters.example.com,2026-06-21 11:17:08.977342,Referral,,,,CA,73
ACME-L01276,Robinson Group,Joseph Quinn,,joseph.quinn@robinsongroup.example.com,2026-06-21 15:34:07.404980, sdr ,,,,NY,90
ACME-L01277,Herrera-Hernandez,Tina Adams,IT Manager,TINA.ADAMS@HERRERAHERNANDEZ.EXAMPLE.COM ,2026-06-21 18:05:56.426548,Google Ads,google,cpc, MSP_Q2_SEARCH_NONBRAND,NY,67
ACME-L01278,Neal Group,Brandon Davis,IT Director,brandon.davis@nealgroup.example.com,06/21/2026 19:03:13,Referral,,,,CA,84
ACME-L01279,Moore-Duran,Ronald Lopez,IT Manager,ronald.lopez@mooreduran.example.com,2026-06-21 21:10:33.737034,Meta Ads,facebook,paid_social,msp_q2_leadgen,New Jersey,88
ACME-L01280,Clark Rich and Howard,Matthew Mendez,Owner,matthew.mendez@clarkrichandhoward.example.com,2026-06-22 00:07:14.418433,Google Ads,google,cpc,msp_q2_search_nonbrand,NY,37
ACME-L01281,Ray-Zamora,Sierra Schultz,IT Director,sierra.schultz@rayzamora.example.com,2026-06-22 08:12:11.214810,Outbound,,,,,90
ACME-L01282,Brown Rivera and Fuller,Carl Allen,IT Director,CARL.ALLEN@BROWNRIVERAANDFULLER.EXAMPLE.COM ,2026-06-22 08:27:53.145625,Google Ads,google,cpc,msp_q2_search_brand,MA,67
ACME-L01283,Baker Castro and Ward,Becky Peck,IT Director,becky.peck@bakercastroandward.example.com,2026-06-22 09:24:23.434055,Call Tracking,callrail,phone,local_services,tx,97
ACME-L01284,Terry Blair and Blake,Kevin Daniel,IT Director,kevin.daniel@terryblairandblake.example.com,2026-06-22 10:00:34.021036,Outbound,,,,MA,63
ACME-L01285,Watson Juarez and Cook,Erin Weber,Owner,erin.weber@watsonjuarezandcook.example.com,2026-06-22 10:29:11.923757,Call Tracking,callrail,phone,gbp listing,IL,97
ACME-L01286,Brooks-Poole,Jason Goodwin,IT Manager,jason.goodwin@brookspoole.example.com,2026-06-22 10:36:50.756796, ppc ,google,cpc,msp_q2_search_nonbrand,NY,94
ACME-L01287,Brooks-Brown,Elizabeth Hall,Practice Manager,elizabeth.hall@brooksbrown.example.com,2026-06-22 11:47:00.593629,Outbound,,,,NY,90
ACME-L01288,Bauer Group,Deborah Daniels,Operations Manager,deborah.daniels@bauergroup.example.com,2026-06-22 12:55:43.762227,Google,google,cpc,msp_q2_search_nonbrand,CA,67
ACME-L01289,Watson-Gamble,Deborah Williams,Operations Manager,deborah.williams@watsongamble.example.com,2026-06-22 13:33:16.074622,Outbound,,,,NY,63
ACME-L01290,Nguyen Hill and Bishop,Jim Maxwell,IT Manager,jim.maxwell@nguyenhillandbishop.example.com,2026-06-22 13:42:50.133820,Google Ads,google,cpc,msp_q2_search_brand,NJ,67
ACME-L01291,Barnes Estrada and Davis,Shane Lewis,COO,shane.lewis@barnesestradaanddavis.example.com,2026-06-22 14:27:33.139411,Referral,,,,nj,73
ACME-L01292,Woods Brandt and Taylor,Samantha Bowman,COO,samantha.bowman@woodsbrandtandtaylor.example.com,2026-06-22 15:28:56.655669, instagram ,facebook,paid_social,msp_q2_leadgen,,61
ACME-L01293,Cochran-Fuller,Alexander Vance,Owner,alexander.vance@cochranfuller.example.com,2026-06-22 16:37:32.943354,Google Ads,google,cpc,msp_q2_search_nonbrand,FL,67
ACME-L01294,Lopez Mercer and Ball,Kristine Tyler,CFO,kristine.tyler@lopezmercerandball.example.com,2026-06-22 16:46:30.231511,Outbound,,,,MA,63
ACME-L01295,Strickland Hurley and Dominguez,Timothy Noble,,timothy.noble@stricklandhurleyanddomin.example.com,2026-06-22 17:40:50.594217,Facebook Ads,Facebook ,paid_social,msp_q2_leadgen,nj,61
ACME-L01296,Jones Dennis and Thompson,Jamie Davis,COO,jamie.davis@jonesdennisandthompson.example.com,06/22/2026 17:50:55,Meta Ads,facebook,paid_social,msp_q2_leadgen,TX,88
ACME-L01297,Nguyen Patterson and Martinez,Christian Nguyen,Owner,christian.nguyen@nguyenpattersonandmartin.example.com,2026-06-22 18:56:04.868321,Google Ads,google,cpc,msp_q2_search_brand,nj,67
ACME-L01298,Rivas Lopez and Thompson,James Cooper,COO,james.cooper@rivaslopezandthompson.example.com,2026-06-22 21:32:50.218379,Meta Ads,facebook,paid_social,msp_q2_leadgen,NY,
ACME-L01299,Levine-Anderson,Jacob Mccarthy,Operations Manager,jacob.mccarthy@levineanderson.example.com,2026-06-23 00:14:55.853022,Meta Ads,facebook,paid_social,msp_q2_leadgen,MA,31
ACME-L01300,Montgomery PLC,Kaitlin Rhodes,Office Manager,kaitlin.rhodes@montgomeryplc.example.com,2026-06-23 05:03:08.917846,Google Ads,google,cpc,msp_q2_search_nonbrand,CA,67
ACME-L01301,Cox LLC,Sara Hopkins,Owner,SARA.HOPKINS@COXLLC.EXAMPLE.COM ,2026-06-23 08:51:30.884849,Referral,,,,NY,73
ACME-L01302,Willis PLC,Leslie Benjamin,Office Manager,leslie.benjamin@willisplc.example.com,2026-06-23 09:16:39.354613,Outbound,,,,FL,63
ACME-L01303,Tyler Mitchell and Williams,Brandon Meyer,Practice Manager,brandon.meyer@tylermitchellandwilliams.example.com,2026-06-23 09:42:39.241720,Google Ads,google,cpc,msp_q2_search_brand,CA,94
ACME-L01304,James Ltd,Chase Butler,CFO,chase.butler@jamesltd.example.com,2026-06-23 09:52:58.152419,Google Ads,google,cpc,msp_q2_search_brand,MA,69
ACME-L01305,Harrison-Frederick,Matthew Sanders,CFO,matthew.sanders@harrisonfrederick.example.com,2026-06-23 09:58:29.481416,Prospecting,,,,CA,90
ACME-L01306,Armstrong Wilson and Scott,Connor Golden,Office Manager,connor.golden@armstrongwilsonandscott.example.com,2026-06-23 12:07:18.173153,Referral,,,,tx,100
ACME-L01307,Wilson-Potter,Dylan Davis,COO,dylan.davis@wilsonpotter.example.com,2026-06-23 12:29:23.344276,Google Ads,google,cpc,msp_q2_search_nonbrand,NY,94
ACME-L01308,Maldonado Daniel and Atkins,Jenna Gibson,Owner,jenna.gibson@maldonadodanielandatkins.example.com,2026-06-23 13:07:14.432911,Call Tracking,callrail,phone,local_services,IL,97
ACME-L01309,Brown Torres and Cox,Joshua Young,Operations Manager,joshua.young@browntorresandcox.example.com,2026-06-23 13:27:35.687453,Meta Ads,facebook,paid_social,msp_q2_leadgen,NJ,88
ACME-L01310,Gutierrez PLC,Joshua Zavala,IT Director,joshua.zavala@gutierrezplc.example.com,2026-06-23 14:14:46.036178,Call Tracking,callrail,phone,local_services,CA,70
ACME-L01311,Johnston Schmitt and Lamb,Adam Copeland,CFO,adam.copeland@johnstonschmittandlamb.example.com,2026-06-23 15:41:46.604929,Referral,,,,NY,100
ACME-L01312,Thornton Arnold and Pierce,Albert Mendoza,COO,albert.mendoza@thorntonarnoldandpierce.example.com,2026-06-23 16:02:56.192182,Google Ads,google,cpc,msp_q2_search_brand,Unassigned,17
ACME-L01313,Kirk Ltd,Gregory Davis,Practice Manager,GREGORY.DAVIS@KIRKLTD.EXAMPLE.COM ,2026-06-23 17:04:29.232862,OUTBOUND - SDR,,,,CA,33
ACME-L01314,Warren Santiago and Levy,Linda Perez,Practice Manager,linda.perez@warrensantiagoandlevy.example.com,2026-06-23 17:20:16.407893,Google Ads,Google ,cpc,msp_q2_search_brand,NY,67
ACME-L01315,Watson Porter and Armstrong,Jeffrey Clark,Office Manager,jeffrey.clark@watsonporterandarmstrong.example.com,2026-06-23 18:43:25.265241,Referral,,,,MA,100
ACME-L01316,Conner Nguyen and Hurley,Darren Scott,Practice Manager,darren.scott@connernguyenandhurley.example.com,2026-06-23 21:01:14.929453,Google Ads,google,cpc,msp_q2_search_nonbrand,NY,67
ACME-L01317,Harvey-Berry,Lori Miller,IT Manager,lori.miller@harveyberry.example.com,2026-06-24 04:36:35.471888,Google Ads,google,cpc,msp_q2_search_nonbrand,NY,67
ACME-L01318,Johnson-Brown,David Johnson,Practice Manager,david.johnson@johnsonbrown.example.com,2026-06-24 09:12:26.838969,Outbound,,,,MA,90
ACME-L01319,Cohen-Allison,Ashley Hill,IT Manager,ashley.hill@cohenallison.example.com,2026-06-24 09:16:31.066855,Meta Ads,facebook,paid_social,msp_q2_leadgen,IL,88
ACME-L01320,Moore PLC,Ashley Davis,Practice Manager,ashley.davis@mooreplc.example.com,2026-06-24 09:25:59.062116,Outbound,,,,NY,90
ACME-L01321,Francis Smith and Parks,Courtney Byrd,Office Manager,courtney.byrd@francissmithandparks.example.com,2026-06-24 09:48:37.827319,Meta Ads,facebook,paid_social,msp q2 leadgen,Unassigned,60
ACME-L01322,Farrell-Pollard,Eric Diaz,,eric.diaz@farrellpollard.example.com,2026-06-24 10:18:35.369625,Google Ads,google,cpc,msp_q2_search_nonbrand,CA,67
ACME-L01323,Willis and Sons,Matthew Mccoy,Owner,MATTHEW.MCCOY@WILLISANDSONS.EXAMPLE.COM ,2026-06-24 10:22:23.959959,Call Tracking,callrail,phone,gbp_listing,IL,70
ACME-L01324,Finley-Richardson,William Mason,IT Manager,william.mason@finleyrichardson.example.com,2026-06-24 10:38:59.834742,Google Ads,google,cpc,msp_q2_search_brand,MA,67
ACME-L01325,Williams-Simmons,Tanya Edwards,IT Manager,tanya.edwards@williamssimmons.example.com,2026-06-24 11:15:24.112698,Google Ads,google,cpc,msp_q2_search_nonbrand,MA,94
ACME-L01326,Huynh Carpenter and Moreno,Amber Tucker,Practice Manager,amber.tucker@huynhcarpenterandmoreno.example.com,2026-06-24 11:19:47.877013,Meta Ads,facebook,paid_social,msp_q2_leadgen,NJ,60
ACME-L01327,Hernandez Inc,Ashley Solomon,Owner,ashley.solomon@hernandezinc.example.com,2026-06-24 12:09:47.937273,Referral,,,,Massachusetts,73
ACME-L01328,Weber Ltd,Laura Zimmerman,Practice Manager,laura.zimmerman@weberltd.example.com,2026-06-24 14:05:03.180260,Meta Ads,facebook,paid_social,msp_q2_leadgen,NY,88
ACME-L01329,Ellison Ltd,Kevin Jones,Owner,kevin.jones@ellisonltd.example.com,2026-06-24 14:40:08.134731,Outbound,,,,CA,90
ACME-L01330,Miller Ltd,Gregory Green,CFO,gregory.green@millerltd.example.com,2026-06-24 15:16:22.342221,Outbound,,,,MA,90
ACME-L01331,Wiley-Scott,Lori Smith,COO,lori.smith@wileyscott.example.com,2026-06-24 16:28:41.953998,Google Ads,google,cpc,msp_q2_search_nonbrand,NJ,67
ACME-L01332,Bass Powers and Paul,Luis Martinez,CFO,luis.martinez@basspowersandpaul.example.com,06/24/2026 17:05:30,Meta Ads,Facebook ,paid_social,msp_q2_leadgen,IL,82
ACME-L01333,Peterson Group,Joshua Brown,CFO,joshua.brown@petersongroup.example.com,2026-06-24 17:13:47.147631,paid social,facebook,paid_social,msp_q2_leadgen,NY,88
ACME-L01334,Mora Jones and Horton,Michael Thomas,COO,michael.thomas@morajonesandhorton.example.com,2026-06-24 17:50:11.603841,Google Ads,google,cpc,msp_q2_search_nonbrand,IL,
ACME-L01335,Morgan Group,Andrew Villanueva,COO,andrew.villanueva@morgangroup.example.com,2026-06-24 18:03:10.503261,Google_Cpc,Google ,cpc,msp_q2_search_brand,NY,94
ACME-L01336,King-Rivas,Andrea Guzman,Owner,andrea.guzman@kingrivas.example.com,06/24/2026 21:04:47,Google Ads,Google ,cpc,msp_q2_search_brand,NY,67
ACME-L01337,Knight Group,Jonathan Green,CFO,jonathan.green@knightgroup.example.com,2026-06-25 04:17:51.878523,Google Ads,google,cpc,msp_q2_search_brand,Unassigned,47
ACME-L01338,Williams Inc,Jennifer Webster,COO,jennifer.webster@williamsinc.example.com,2026-06-25 05:10:09.730318,Outbound,,,,NJ,90
ACME-L01339,Willis-Evans,Joshua Day,Owner,joshua.day@willisevans.example.com,2026-06-25 05:11:13.251981,Meta Ads,facebook,paid_social,msp_q2_leadgen,Unassigned,38
ACME-L01340,Taylor Chambers and Davidson,Lindsay Schwartz,COO,lindsay.schwartz@taylorchambersanddavidso.example.com,2026-06-25 08:34:08.902727,Call Tracking,callrail,phone,local_services,FL,85
ACME-L01341,Cooper-Ortiz,Melanie Phillips,Office Manager,melanie.phillips@cooperortiz.example.com,2026-06-25 08:48:35.473865,Meta Ads,facebook,paid_social,msp_q2_leadgen,NY,61
ACME-L01342,Hill-Wilson,Monica Ramos,COO,monica.ramos@hillwilson.example.com,2026-06-25 08:53:39.967641,Google Ads,Google ,cpc,msp_q2_search_brand,New York,92
ACME-L01343,Mora Morales and Reynolds,Kenneth Spencer,Office Manager,kenneth.spencer@moramoralesandreynolds.example.com,2026-06-25 09:30:42.802976,Google Ads,google,cpc,msp_q2_search_nonbrand,CA,94
ACME-L01344,Underwood-Martin,Hannah Johnson,Office Manager,hannah.johnson@underwoodmartin.example.com,2026-06-25 11:06:39.904641,Call Tracking,Callrail ,phone,local_services,IL,97
ACME-L01345,Alvarez Bush and Savage,Amy Stephens,COO,amy.stephens@alvarezbushandsavage.example.com,2026-06-25 11:35:38.386195,Meta Ads,facebook,paid_social, MSP_Q2_LEADGEN,NY,61
ACME-L01346,Wong Douglas and Chapman,Troy Sherman,Operations Manager,troy.sherman@wongdouglasandchapman.example.com,2026-06-25 13:12:48.893094,Meta Ads,facebook,paid_social,,TX,88
ACME-L01347,Sutton Stafford and Anderson,Derek Snyder,CFO,derek.snyder@suttonstaffordandanderso.example.com,2026-06-25 13:40:13.870556,Meta Ads,facebook,paid_social,msp q2 leadgen,TX,61
ACME-L01348,Miller PLC,Antonio Peck,COO,antonio.peck@millerplc.example.com,2026-06-25 13:51:31.163164,Meta Ads,facebook,paid_social,msp_q2_leadgen,,88
ACME-L01349,Morgan Inc,Rodney Parker,Office Manager,rodney.parker@morganinc.example.com,2026-06-25 14:07:22.441449,Outbound,,,,NY,63
ACME-L01350,Browning-Kerr,Joe Caldwell,Operations Manager,joe.caldwell@browningkerr.example.com,2026-06-25 14:12:38.026607,Call Tracking,Callrail ,phone,local_services,CA,67
ACME-L01351,Mack Rivas and Alvarez,Gregory Russell,IT Manager,gregory.russell@mackrivasandalvarez.example.com,06/25/2026 14:20:17,Ppc,google,cpc,,TX,67
ACME-L01352,Yoder Martin and Smith,Debra Koch,COO,debra.koch@yodermartinandsmith.example.com,2026-06-25 14:43:29.970761,Outbound,,,,CA,63
ACME-L01353,Leon Ltd,Jillian Brown,Practice Manager,jillian.brown@leonltd.example.com,2026-06-25 15:10:00.960552,Google Ads,google,cpc,msp_q2_search_nonbrand,NY,94
ACME-L01354,Sutton Griffin and Swanson,Kelly Haynes,Office Manager,kelly.haynes@suttongriffinandswanson.example.com,2026-06-25 15:16:25.466158,partner referral,,,,NJ,100
ACME-L01355,Patterson Ltd,Andrew Johnson,COO,ANDREW.JOHNSON@PATTERSONLTD.EXAMPLE.COM ,2026-06-25 16:27:28.536025,Meta Ads,facebook,paid_social,msp_q2_leadgen,CA,61
ACME-L01356,Mitchell Group,Carla Daniel,CFO,carla.daniel@mitchellgroup.example.com,2026-06-25 16:31:59.285578,Meta Ads,facebook,paid_social,msp_q2_leadgen,CA,
ACME-L01357,Mcneil Hatfield and Myers,Jacob Casey,Practice Manager,jacob.casey@mcneilhatfieldandmyers.example.com,2026-06-25 17:27:03.119728,Meta Ads,facebook,paid_social,msp_q2_leadgen,TX,88
ACME-L01358,Greene-Weeks,Lisa Knight,CFO,lisa.knight@greeneweeks.example.com,2026-06-25 17:33:24.474984,Outbound,,,,MA,90
ACME-L01359,Patel Collins and Harris,Jessica Martinez,CFO,jessica.martinez@patelcollinsandharris.example.com,2026-06-25 18:42:31.466298,Google Ads,Google ,cpc,msp q2 search nonbrand,CA,39
ACME-L01360,Wilson-Lopez,Lindsey Clarke,Owner,LINDSEY.CLARKE@WILSONLOPEZ.EXAMPLE.COM ,2026-06-25 20:28:35.133418,Referral,,,,FL,100
ACME-L01361,Jones Group,David Jennings,IT Director,david.jennings@jonesgroup.example.com,2026-06-25 21:17:06.728225,google ads search,google,cpc,msp_q2_search_brand,TX,55
ACME-L01362,Martinez Group,Elizabeth Russo,IT Director,elizabeth.russo@martinezgroup.example.com,2026-06-26 01:17:51.162225,Referral,,,,NY,73
ACME-L01363,Mckenzie and Sons,Michael Mcdonald,Practice Manager,michael.mcdonald@mckenzieandsons.example.com,06/26/2026 03:29:13,Google,google,cpc,msp_q2_search_nonbrand,CA,90
ACME-L01364,Thompson-Wilson,Benjamin Cunningham,Owner,benjamin.cunningham@thompsonwilson.example.com,2026-06-26 06:09:12.477342,GOOGLE,google,cpc,msp_q2_search_nonbrand,NJ,94
ACME-L01365,Snyder-Pierce,Frank Brown,IT Director,frank.brown@snyderpierce.example.com,2026-06-26 08:37:02.670178,Google Ads,Google ,cpc,msp_q2_search_brand,New York,54
ACME-L01366,West Haas and Gutierrez,Michael Barnes,Office Manager,michael.barnes@westhaasandgutierrez.example.com,2026-06-26 09:11:12.017078,Referral,,,,CA,73
ACME-L01367,Woodard Group,Mikayla Gonzales,CFO,MIKAYLA.GONZALES@WOODARDGROUP.EXAMPLE.COM ,2026-06-26 10:40:29.045239,Meta Ads,facebook,paid_social,msp_q2_leadgen,IL,61
ACME-L01368,Campbell-Weeks,Melissa Rivera,IT Director,melissa.rivera@campbellweeks.example.com,2026-06-26 11:06:11.532665,Google Ads,google,cpc,msp_q2_search_brand,CA,67
ACME-L01369,Johnson Shaw and Roach,Rachel Friedman,Practice Manager,rachel.friedman@johnsonshawandroach.example.com,06/26/2026 11:09:40,Meta Ads,facebook,paid_social,msp_q2_leadgen,MA,88
ACME-L01370,Torres-Dean,Christopher Wilson,,christopher.wilson@torresdean.example.com,2026-06-26 11:26:29.300900,Call Tracking,callrail,phone,local_services,CA,97
ACME-L01371,Goodwin Smith and Savage,Cassidy Gray,IT Manager,cassidy.gray@goodwinsmithandsavage.example.com,2026-06-26 14:19:16.048851,PAID SOCIAL,facebook,paid_social, MSP_Q2_LEADGEN,NJ,76
ACME-L01372,Davis-Salazar,Megan Luna,COO,megan.luna@davissalazar.example.com,2026-06-26 14:31:17.631102,Google Ads,google,cpc,msp_q2_search_nonbrand,FL,67
ACME-L01373,Jones-Chavez,Andrew Castillo,IT Manager,andrew.castillo@joneschavez.example.com,2026-06-26 15:23:36.063330,Meta Ads,facebook,paid_social,msp_q2_leadgen,nj,61
ACME-L01374,Mora-Barker,Gregory Wilson,IT Manager,gregory.wilson@morabarker.example.com,2026-06-26 15:31:56.392470,Meta Ads,facebook,paid_social,msp_q2_leadgen,TX,61
ACME-L01375,Smith Inc,Madison Gardner,COO,madison.gardner@smithinc.example.com,2026-06-26 15:32:46.836234,Meta Ads,facebook,paid_social,msp_q2_leadgen,CA,61
ACME-L01376,Bennett and Sons,Eric Rose,Owner,eric.rose@bennettandsons.example.com,2026-06-26 15:37:23.749070,Meta Ads,facebook,paid_social,,MA,61
ACME-L01377,Rodriguez Hill and Turner,James Beltran,IT Manager,james.beltran@rodriguezhillandturner.example.com,06/26/2026 16:25:14,Google Ads,google,cpc,msp_q2_search_brand,NY,94
ACME-L01378,Blake-Adkins,Sheila Humphrey,Owner,sheila.humphrey@blakeadkins.example.com,2026-06-26 16:25:34.784668,Meta Ads,facebook,paid_social,msp_q2_leadgen,TX,61
ACME-L01379,Smith Miller and Austin,Elizabeth Clarke,Owner,elizabeth.clarke@smithmillerandaustin.example.com,2026-06-26 16:31:57.672911,Referral,,,,,100
ACME-L01380,Chandler Adams and Singleton,Gregory Carey,Owner,gregory.carey@chandleradamsandsingleto.example.com,2026-06-26 16:32:59.653326,Google Ads,google,cpc,msp_q2_search_nonbrand,TX,67
ACME-L01381,Welch and Sons,Lisa Brown,CFO,lisa.brown@welchandsons.example.com,2026-06-26 17:08:19.165018,Referral,,,,NY,73
ACME-L01382,Tran PLC,Zachary Taylor,IT Manager,zachary.taylor@tranplc.example.com,2026-06-26 17:58:56.158025,Google Ads,google,cpc,msp_q2_search_nonbrand,IL,67
ACME-L01383,Vazquez and Sons,Johnny Burnett,IT Director,johnny.burnett@vazquezandsons.example.com,2026-06-26 21:27:55.311655,Meta Ads,facebook,paid_social,msp_q2_leadgen,New York,61
ACME-L01384,Nolan-Jordan,Alan Green,IT Manager,alan.green@nolanjordan.example.com,2026-06-26 22:24:18.945708,Outbound,,,,IL,56
ACME-L01385,Thompson-Waters,Richard Walter,Owner,richard.walter@thompsonwaters.example.com,2026-06-27 00:29:23.039504,META,facebook,paid_social,msp_q2_leadgen,TX,61
ACME-L01386,Williams-Mason,William Johnson,Practice Manager,william.johnson@williamsmason.example.com,2026-06-27 00:37:53.076965,Meta Ads,facebook,paid_social,msp_q2_leadgen,TX,37
ACME-L01387,Oneill LLC,Brian Brown,IT Director,brian.brown@oneillllc.example.com,2026-06-27 14:51:25.942961,Google Ads,google,cpc,msp_q2_search_brand,CA,59
ACME-L01388,Blake-Anderson,Jennifer Cain,,jennifer.cain@blakeanderson.example.com,2026-06-27 16:00:26.469643,Word of mouth,,,,NY,72
ACME-L01389,Morrison-Anderson,Nathan Browning,IT Director,nathan.browning@morrisonanderson.example.com,2026-06-27 17:51:29.895391,Facebook,facebook,paid_social,msp_q2_leadgen,CA,
ACME-L01390,Benson Jackson and Ford,Daniel Gonzalez,Practice Manager,daniel.gonzalez@bensonjacksonandford.example.com,06/27/2026 22:41:46,Outbound,,,,CA,63
ACME-L01391,Garcia Schaefer and Eaton,Arthur Haynes,Owner,arthur.haynes@garciaschaeferandeaton.example.com,06/27/2026 23:29:25,Google Ads,google,cpc,msp_q2_search_nonbrand,CA,94
ACME-L01392,Morrison-Arellano,Angela Smith,CFO,angela.smith@morrisonarellano.example.com,2026-06-28 03:39:37.306387,Outbound,,,,MA,63
ACME-L01393,Koch Nash and Cabrera,Tracy Thompson,Owner,tracy.thompson@kochnashandcabrera.example.com,2026-06-28 05:05:47.588570,Call Tracking,callrail,phone,local_services,FL,54
ACME-L01394,Jones Griffin and Smith,Stephanie Perez,COO,stephanie.perez@jonesgriffinandsmith.example.com,2026-06-28 07:27:33.675914,Google Ads,google,cpc,msp_q2_search_nonbrand,IL,67
ACME-L01395,Brandt Williams and Patrick,Allison Spencer,Office Manager,allison.spencer@brandtwilliamsandpatrick.example.com,2026-06-28 11:51:21.742490,Call Tracking,callrail,phone, GBP_LISTING,,67
ACME-L01396,Meyer-Hall,Carlos Williams,IT Director,carlos.williams@meyerhall.example.com,2026-06-28 12:16:08.893294,Google Ads,google,cpc,msp_q2_search_brand,TX,94
ACME-L01397,Adams Jackson and Gallegos,Richard Carey,IT Manager,richard.carey@adamsjacksonandgallegos.example.com,2026-06-28 17:25:54.799713, facebook ,facebook,paid_social,msp_q2_leadgen,IL,88
ACME-L01398,Miller-Middleton,Victor Diaz,Operations Manager,victor.diaz@millermiddleton.example.com,2026-06-28 17:42:51.581523,Referral,,,,CA,48
ACME-L01399,Hicks Edwards and Pierce,Dennis Webb,IT Director,DENNIS.WEBB@HICKSEDWARDSANDPIERCE.EXAMPLE.COM ,2026-06-28 23:31:15.341295,Adwords,google,cpc, MSP_Q2_SEARCH_NONBRAND,CA,80
ACME-L01400,Rivera-Robbins,Lisa Thomas,Office Manager,lisa.thomas@riverarobbins.example.com,2026-06-29 04:40:51.417988,Google Ads,google,cpc,,TX,67
ACME-L01401,Baker Carr and Moore,Mia Burns,COO,mia.burns@bakercarrandmoore.example.com,2026-06-29 05:40:51.317040,Outbound,,,,NY,63
ACME-L01402,Powell LLC,Jessica Rogers,Owner,JESSICA.ROGERS@POWELLLLC.EXAMPLE.COM ,06/29/2026 08:30:14,Referral,,,,Unassigned,53
ACME-L01403,Smith-Page,Ryan Jones,COO,ryan.jones@smithpage.example.com,2026-06-29 08:46:50.750481,Outbound,,,,MA,63
ACME-L01404,Simpson-Cox,Paula Bailey,Operations Manager,paula.bailey@simpsoncox.example.com,2026-06-29 08:58:29.459008,Call Tracking,callrail,phone,gbp_listing,CA,94
ACME-L01405,Davis PLC,Kristi Alvarado,IT Manager,kristi.alvarado@davisplc.example.com,2026-06-29 10:05:28.413929,Referral,,,,IL,100
ACME-L01406,Wolfe PLC,Desiree Wilson,IT Director,desiree.wilson@wolfeplc.example.com,2026-06-29 11:10:56.323260,Referral,,,,CA,73
ACME-L01407,Scott-Wolfe,Laura Harrison,,laura.harrison@scottwolfe.example.com,2026-06-29 11:37:45.583437, word of mouth ,,,,NJ,73
ACME-L01408,Johnson-Anderson,Yolanda White,CFO,yolanda.white@johnsonanderson.example.com,2026-06-29 13:15:31.185968,Google Ads,google,cpc,msp_q2_search_nonbrand,NJ,67
ACME-L01409,Lee Carter and Mckinney,Jenna Willis,Office Manager,JENNA.WILLIS@LEECARTERANDMCKINNEY.EXAMPLE.COM ,06/29/2026 13:17:14,Google Ads,google,cpc,msp_q2_search_brand,NY,67
ACME-L01410,Gutierrez-Stephens,Alexis Brown,Owner,ALEXIS.BROWN@GUTIERREZSTEPHENS.EXAMPLE.COM ,2026-06-29 13:25:07.635894,Outbound,,,,Florida,90
ACME-L01411,Alexander LLC,Jennifer Foster,IT Manager,jennifer.foster@alexanderllc.example.com,2026-06-29 13:54:39.113239,Call Tracking,callrail,phone,gbp_listing,NJ,40
ACME-L01412,Brown-Mcneil,Amber Yang,IT Director,amber.yang@brownmcneil.example.com,2026-06-29 14:40:37.296854,Outbound,,,,NY,63
ACME-L01413,Powell and Sons,Andrew Garcia,IT Director,andrew.garcia@powellandsons.example.com,2026-06-29 15:04:42.941478,prospecting,,,,MA,90
ACME-L01414,Smith Ltd,Misty Patton,Owner,misty.patton@smithltd.example.com,2026-06-29 15:50:27.910981,GOOGLE,google,cpc,msp_q2_search_nonbrand,NJ,67
ACME-L01415,Williams-Johns,Elizabeth Hill,CFO,elizabeth.hill@williamsjohns.example.com,2026-06-29 16:28:29.619796,Call Tracking,callrail,phone,local services,FL,70
ACME-L01416,Chen-Cameron,Theodore Anderson,,theodore.anderson@chencameron.example.com,2026-06-29 16:36:39.536193,Google Ads,google,cpc,msp_q2_search_nonbrand,CA,94
ACME-L01417,Smith-Hensley,Nicholas Smith,Owner,nicholas.smith@smithhensley.example.com,2026-06-29 17:01:18.045358,Outbound,,,,California,
ACME-L01418,French Nicholson and Ewing,Hailey Flores,IT Manager,hailey.flores@frenchnicholsonandewing.example.com,2026-06-29 17:25:54.446468,Google Ads,Google ,cpc,msp_q2_search_nonbrand,FL,94
ACME-L01419,Douglas-Barrett,Andrew Alexander,Practice Manager,andrew.alexander@douglasbarrett.example.com,2026-06-29 17:48:08.324307,GOOGLE,google,cpc,msp_q2_search_brand,ca,63
ACME-L01420,Butler Group,Kayla Vargas,Operations Manager,kayla.vargas@butlergroup.example.com,2026-06-29 22:21:11.822385,Call Tracking,Callrail ,phone,gbp_listing,MA,97
ACME-L01421,Wright PLC,Olivia Lynn,CFO,olivia.lynn@wrightplc.example.com,2026-06-29 23:57:45.007456,Meta Ads,Facebook ,paid_social,msp_q2_leadgen,TX,88
ACME-L01422,Melendez Group,Terrence Fitzpatrick,Operations Manager,terrence.fitzpatrick@melendezgroup.example.com,2026-06-30 03:45:32.602534,Google Ads,google,cpc,msp_q2_search_brand,IL,67
ACME-L01423,Walter Fisher and Adams,John Stevens,Office Manager,john.stevens@walterfisherandadams.example.com,2026-06-30 07:55:01.857719,Google Ads,google,cpc,,ca,67
ACME-L01424,Berry Welch and Jackson,Shawn Vincent,Practice Manager,shawn.vincent@berrywelchandjackson.example.com,06/30/2026 08:01:12,Outbound,,,,NY,63
ACME-L01425,Nguyen Inc,Heather Carter,IT Manager,heather.carter@nguyeninc.example.com,2026-06-30 08:27:12.792547,Call Tracking,callrail,phone,local_services,TX,
ACME-L01426,Smith and Sons,Vanessa Escobar,IT Director,vanessa.escobar@smithandsons.example.com,2026-06-30 10:08:46.202133,Google Ads,google,cpc,msp_q2_search_nonbrand,MA,67
ACME-L01427,Moore-Moore,Danielle Marquez,Practice Manager,danielle.marquez@mooremoore.example.com,2026-06-30 10:34:12.584646,Referral,,,,TX,100
ACME-L01428,Steele-Watson,Matthew Hernandez,Operations Manager,matthew.hernandez@steelewatson.example.com,2026-06-30 11:32:08.120663,Google Ads,google,cpc,msp_q2_search_brand,,67
ACME-L01429,Pena-Lowe,Cynthia Steele,IT Director,cynthia.steele@penalowe.example.com,2026-06-30 12:22:09.843902,Phone,callrail,phone,gbp_listing,IL,58
ACME-L01430,Morales-Erickson,Lori Olson,Owner,lori.olson@moraleserickson.example.com,2026-06-30 12:55:22.762628,Google Ads,google,cpc,msp_q2_search_brand,NJ,67
ACME-L01431,Coleman Ltd,John Levine,Office Manager,john.levine@colemanltd.example.com,2026-06-30 12:57:30.812834,Google Ads,google,cpc,msp_q2_search_nonbrand,MA,67
ACME-L01432,Forbes and Sons,Michael Edwards,Office Manager,michael.edwards@forbesandsons.example.com,2026-06-30 12:58:33.676273,Google Ads,google,cpc,msp_q2_search_nonbrand,Unassigned,47
ACME-L01433,Allen-Davis,Thomas Hughes,Owner,thomas.hughes@allendavis.example.com,2026-06-30 13:02:37.650825,Google Ads,google,cpc,msp_q2_search_nonbrand,Unassigned,47
ACME-L01434,Kramer Ltd,Robert Webster,Practice Manager,robert.webster@kramerltd.example.com,2026-06-30 13:08:00.810158,Google Ads,google,cpc,msp_q2_search_nonbrand,MA,37
ACME-L01435,Stewart Thomas and Guzman,Kimberly Anderson,Operations Manager,kimberly.anderson@stewartthomasandguzman.example.com,2026-06-30 13:21:43.835314,Referral,,,,FL,92
ACME-L01436,Chaney PLC,Amanda Cruz,Owner,amanda.cruz@chaneyplc.example.com,2026-06-30 13:43:47.016064,Outbound,,,,NJ,90
ACME-L01437,Clark Ltd,Linda Thomas,Operations Manager,linda.thomas@clarkltd.example.com,2026-06-30 14:17:50.497059,Google Ads,google,cpc,msp_q2_search_brand,NY,57
ACME-L01438,Hamilton and Sons,Bill Crawford,Office Manager,bill.crawford@hamiltonandsons.example.com,2026-06-30 15:16:50.899250,Google Ads Search,google,cpc,msp_q2_search_brand,NY,94
ACME-L01439,Mendez-Thomas,Linda Weiss,IT Director,linda.weiss@mendezthomas.example.com,2026-06-30 16:10:54.087535,Meta Ads,Facebook ,paid_social,msp_q2_leadgen,FL,74
ACME-L01440,Clark-Reed,Jessica Barrett,IT Manager,jessica.barrett@clarkreed.example.com,2026-06-30 16:33:29.231015,LOCAL SERVICES ADS,callrail,phone,local_services,TX,70
ACME-L01441,Bowen and Sons,Evan Willis,Office Manager,evan.willis@bowenandsons.example.com,2026-06-30 17:12:22.233601,Meta Ads,Facebook ,paid_social,msp_q2_leadgen,NY,72
ACME-L01442,George Wilson and Greene,Monica Hatfield,Office Manager,monica.hatfield@georgewilsonandgreene.example.com,2026-06-30 17:23:06.166630,Google Ads,google,cpc,,FL,94
ACME-L01443,Lewis Smith and Murphy,Lawrence Martinez,,lawrence.martinez@lewissmithandmurphy.example.com,2026-06-30 17:58:25.668420,Meta Ads,facebook,paid_social,msp_q2_leadgen,FL,61
ACME-L01444,Finley-Collins,Cynthia Kline,IT Manager,cynthia.kline@finleycollins.example.com,2026-06-30 18:23:32.119829,Meta Ads,facebook,paid_social,msp_q2_leadgen,NY,
ACME-L01445,Cowan-Chandler,Heidi Fleming,IT Manager,heidi.fleming@cowanchandler.example.com,2026-06-30 20:21:14.326069,Call Tracking,callrail,phone,local_services,FL,97
ACME-L01446,Conley Marshall and Anderson,Stacy Douglas,,stacy.douglas@conleymarshallandanderso.example.com,2026-07-01 01:01:05.034236,cold email,,,,NY,63
ACME-L01447,Cordova Hill and Robertson,Damon Howard,CFO,damon.howard@cordovahillandrobertson.example.com,2026-07-01 02:19:45.034666,Meta Ads,facebook,paid_social,msp_q3_retargeting,NY,61
ACME-L01448,Johnson-Hernandez,Shane Dominguez,Owner,shane.dominguez@johnsonhernandez.example.com,2026-07-01 04:44:10.798249,Google Ads,google,cpc,msp_q3_pmax,TX,67
ACME-L01449,Perkins-Contreras,Trevor Harris,Office Manager,trevor.harris@perkinscontreras.example.com,2026-07-01 07:54:54.244803,Referral,,,,FL,100
ACME-L01450,Brown LLC,Joel Chapman,,joel.chapman@brownllc.example.com,2026-07-01 09:05:44.879503,Meta Ads,facebook,paid_social,,CA,58
ACME-L01451,Clark Carlson and Newton,Andrea Baker,COO,ANDREA.BAKER@CLARKCARLSONANDNEWTON.EXAMPLE.COM ,2026-07-01 09:07:46.868563,Outbound,,,,NY,33
ACME-L01452,Jenkins PLC,Kristina Anthony,Operations Manager,kristina.anthony@jenkinsplc.example.com,2026-07-01 09:10:58.679205,Outbound,,,,NJ,60
ACME-L01453,Lawson Group,Wyatt Cox,COO,wyatt.cox@lawsongroup.example.com,2026-07-01 09:14:36.587122,Meta Ads,facebook,paid_social,,CA,88
ACME-L01454,Jones-French,Caitlin Campbell,COO,caitlin.campbell@jonesfrench.example.com,07/01/2026 09:49:31,Meta Ads,facebook,paid_social,msp q3 cyber guide,Unassigned,68
ACME-L01455,Bright Crawford and Miles,Abigail Saunders,,abigail.saunders@brightcrawfordandmiles.example.com,2026-07-01 10:00:31.242844,Google Ads,google,cpc, MSP_Q3_PMAX,Unassigned,17
ACME-L01456,Christensen PLC,Elizabeth Butler,,elizabeth.butler@christensenplc.example.com,2026-07-01 10:37:49.316828,Paid social,facebook,paid_social,msp_q3_cyber_guide,NY,61
ACME-L01457,Wilson Inc,Suzanne Moses,Office Manager,SUZANNE.MOSES@WILSONINC.EXAMPLE.COM ,2026-07-01 10:59:45.336567,Google Ads,google,cpc, MSP_Q3_PMAX,TX,67
ACME-L01458,Jenkins-Hendrix,Monique Morris,COO,monique.morris@jenkinshendrix.example.com,2026-07-01 11:06:26.851223,Outbound,,,,CA,63
ACME-L01459,Molina Ltd,Louis Rose,Operations Manager,louis.rose@molinaltd.example.com,2026-07-01 11:37:16.391505,Outbound,,,,NY,63
ACME-L01460,Kelly LLC,Derrick Turner,Owner,derrick.turner@kellyllc.example.com,2026-07-01 11:43:42.414095,Outbound,,,,,90
ACME-L01461,Stephenson LLC,Donald Martin,IT Director,donald.martin@stephensonllc.example.com,2026-07-01 12:43:16.752939,Meta Ads,facebook,paid_social,msp_q3_retargeting,,61
ACME-L01462,Ferguson Campbell and Caldwell,Robert Erickson,CFO,robert.erickson@fergusoncampbellandcaldw.example.com,2026-07-01 15:56:09.588969,Google Ads,google,cpc,msp_q3_search,NY,94
ACME-L01463,Stone-Jackson,Natalie Williams,,natalie.williams@stonejackson.example.com,2026-07-01 16:03:48.780469,Call Tracking,callrail,phone,gbp_listing,,50
ACME-L01464,Snyder-Brown,David Thomas,IT Director,david.thomas@snyderbrown.example.com,2026-07-01 17:27:56.721741,Google Ads,google,cpc,msp_q3_pmax,FL,94
ACME-L01465,French-Gallagher,David Moreno,IT Manager,david.moreno@frenchgallagher.example.com,2026-07-01 18:55:33.467911,Google Ads,google,cpc,msp_q3_pmax,NJ,39
ACME-L01466,Wall Group,Patricia Martinez,CFO,patricia.martinez@wallgroup.example.com,2026-07-02 02:43:03.813548,Referral,,,,TX,73
ACME-L01467,Williams Brock and Bridges,Debra Evans,Operations Manager,debra.evans@williamsbrockandbridges.example.com,2026-07-02 05:43:28.100173,Referral,,,,MA,73
ACME-L01468,Robinson Thomas and Garcia,Kristie Perkins,CFO,kristie.perkins@robinsonthomasandgarcia.example.com,2026-07-02 08:19:52.378739,Google Ads,google,cpc,msp_q3_pmax,NY,67
ACME-L01469,Campbell Williams and Williams,Jennifer Guzman,Operations Manager,jennifer.guzman@campbellwilliamsandwilli.example.com,2026-07-02 09:06:07.328204,Outbound,,,,CA,90
ACME-L01470,Flowers-Rivera,Chad Wilson,IT Director,chad.wilson@flowersrivera.example.com,2026-07-02 10:14:01.033711,Call Tracking,callrail,phone,local_services,NY,
ACME-L01471,Rodriguez LLC,Timothy Thomas,IT Manager,timothy.thomas@rodriguezllc.example.com,2026-07-02 10:40:05.931147,Callrail + lsa,callrail,phone,local_services,NJ,70
ACME-L01472,Dean-Middleton,Stephanie Taylor,CFO,stephanie.taylor@deanmiddleton.example.com,2026-07-02 10:48:56.847012,Call Tracking,callrail,phone,gbp_listing,NJ,70
ACME-L01473,Miller Ltd,Kelly Harrison,CFO,kelly.harrison@millerltd.example.com,2026-07-02 11:47:35.904419,Google Ads,google,cpc,msp_q3_search,MA,
ACME-L01474,Jenkins Wright and Jennings,Mark Johnson,CFO,mark.johnson@jenkinswrightandjennings.example.com,2026-07-02 11:59:19.086377,Google Ads,google,cpc,msp_q3_pmax,TX,55
ACME-L01475,Henry PLC,Adam Summers,CFO,adam.summers@henryplc.example.com,2026-07-02 12:17:13.554519,Call Tracking,callrail,phone,local_services,CA,70
ACME-L01476,Johnson Inc,Evan Goodwin,IT Director,evan.goodwin@johnsoninc.example.com,2026-07-02 13:30:02.011401,Meta Ads,facebook,paid_social,msp_q3_cyber_guide,NY,58
ACME-L01477,Lane and Sons,Michael Price,Owner,michael.price@laneandsons.example.com,2026-07-02 13:52:15.119763,Meta Ads,facebook,paid_social,msp_q3_cyber_guide,NJ,61
ACME-L01478,Robinson LLC,Michele Turner,COO,michele.turner@robinsonllc.example.com,2026-07-02 15:02:20.936995,Google ads search,Google ,cpc,msp_q3_pmax,FL,82
ACME-L01479,Walker-Silva,Michael Gilbert,IT Manager,michael.gilbert@walkersilva.example.com,07/02/2026 15:57:23,Meta Ads,facebook,paid_social,msp_q3_cyber_guide,MA,88
ACME-L01480,Watts Ltd,Eddie Perez,Office Manager,eddie.perez@wattsltd.example.com,2026-07-02 16:14:39.483604,Google Ads,google,cpc,msp_q3_pmax,NJ,67
ACME-L01481,Sanchez Nguyen and Perry,Michael Nguyen,COO,michael.nguyen@sancheznguyenandperry.example.com,2026-07-02 16:28:45.289751,Google Ads,google,cpc, MSP_Q3_PMAX,NY,
ACME-L01482,Taylor-Turner,Karen Smith,Owner,karen.smith@taylorturner.example.com,2026-07-02 17:24:01.085464,Referral,,,,il,100
ACME-L01483,Santos Inc,Rachel Bryant,,rachel.bryant@santosinc.example.com,2026-07-02 17:35:33.180036,google,google,cpc,msp_q3_search,CA,67
ACME-L01484,Golden-Fields,Daniel Davis,CFO,daniel.davis@goldenfields.example.com,2026-07-02 18:02:16.001499,Meta Ads,facebook,paid_social,msp_q3_cyber_guide,IL,88
ACME-L01485,Garner Group,Shaun Stark,Office Manager,shaun.stark@garnergroup.example.com,2026-07-02 21:08:25.082743,Google Ads,google,cpc,msp_q3_pmax,NJ,67
ACME-L01486,Edwards-Adams,Samantha Patel,CFO,samantha.patel@edwardsadams.example.com,2026-07-03 09:16:43.396473,Referral,,,,CA,43
ACME-L01487,Roberts LLC,Kristi Frank,CFO,kristi.frank@robertsllc.example.com,2026-07-03 09:55:54.527915,Referral,,,,TX,73
ACME-L01488,Moody-Gonzalez,Jennifer Vargas,Practice Manager,jennifer.vargas@moodygonzalez.example.com,2026-07-03 10:15:54.781905,Call Tracking,callrail,phone, LOCAL_SERVICES,Unassigned,77
ACME-L01489,Curry Wise and Lewis,Michael Cobb,IT Manager,michael.cobb@currywiseandlewis.example.com,2026-07-03 10:39:04.179390,Referral,,,,TX,73
ACME-L01490,Roman-Roberts,Sandra Hernandez,CFO,sandra.hernandez@romanroberts.example.com,2026-07-03 11:03:41.819243,PPC,google,cpc,msp_q3_search,IL,64
ACME-L01491,Alexander Shepard and Franklin,Mark Mullins,Operations Manager,mark.mullins@alexandershepardandfrank.example.com,2026-07-03 14:00:58.450906,Referral,,,,CA,100
ACME-L01492,Castaneda-Stanton,Patricia Malone,Operations Manager,patricia.malone@castanedastanton.example.com,2026-07-03 14:07:56.130983,Call Tracking,callrail,phone,local_services,FL,97
ACME-L01493,Norton Group,Michael Bray,IT Manager,michael.bray@nortongroup.example.com,2026-07-03 14:13:33.023145,GOOGLE_CPC,google,cpc,msp_q3_pmax,NJ,84
ACME-L01494,Patel Ltd,Pamela Payne,Practice Manager,pamela.payne@patelltd.example.com,2026-07-03 14:51:37.245451,Google Ads,Google ,cpc,msp_q3_search,TX,94
ACME-L01495,White Stanley and Peterson,Rebecca Young,IT Director,REBECCA.YOUNG@WHITESTANLEYANDPETERSON.EXAMPLE.COM ,2026-07-03 15:28:42.440574, google ads search ,google,cpc,msp_q3_pmax,NJ,66
ACME-L01496,Curry Jones and Dixon,Jordan Lawrence,IT Director,jordan.lawrence@curryjonesanddixon.example.com,2026-07-03 16:05:02.984352,Ppc,google,cpc,,NJ,55
ACME-L01497,Oliver Group,Ralph Adams,Owner,ralph.adams@olivergroup.example.com,07/03/2026 16:07:40,Referral,,,,TX,100
ACME-L01498,Berry Estrada and Smith,Scott Booker,IT Director,scott.booker@berryestradaandsmith.example.com,2026-07-03 16:18:53.937125,Google Ads,google,cpc,msp_q3_pmax,IL,67
ACME-L01499,Bruce and Sons,Troy Smith,COO,troy.smith@bruceandsons.example.com,2026-07-03 16:40:42.748132,Google Ads,Google ,cpc,msp_q3_pmax,NY,94
ACME-L01500,Hansen-Conley,Daniel Guerrero,CFO,daniel.guerrero@hansenconley.example.com,2026-07-03 16:43:22.755561,Outbound,,,,TX,63
ACME-L01501,Calhoun-Parks,Patrick Avila,Practice Manager,patrick.avila@calhounparks.example.com,2026-07-03 17:00:09.210547,Meta Ads,facebook,paid_social,msp_q3_cyber_guide,MA,61
ACME-L01502,Smith Ltd,Melinda Galloway,,melinda.galloway@smithltd.example.com,2026-07-03 17:22:21.696000,Meta Ads,facebook,paid_social,msp_q3_cyber_guide,New Jersey,
ACME-L01503,Smith Inc,Cory Bell,IT Director,cory.bell@smithinc.example.com,2026-07-03 17:31:30.707175,Google Ads,google,cpc,msp_q3_search,CA,67
ACME-L01504,Bryant-Medina,Brianna Zamora,Operations Manager,brianna.zamora@bryantmedina.example.com,2026-07-03 19:34:52.199225,Call Tracking,Callrail ,phone,local_services,NY,97
ACME-L01505,Clark-Jones,Heather Rodriguez,CFO,heather.rodriguez@clarkjones.example.com,07/03/2026 20:01:09,Adwords,google,cpc,msp_q3_pmax,NY,94
ACME-L01506,Reynolds Inc,Elizabeth Haley,CFO,elizabeth.haley@reynoldsinc.example.com,2026-07-04 01:46:23.942519,Google Ads,google,cpc,msp_q3_pmax,CA,67
ACME-L01507,Parker Butler and Burns,Nicholas Wagner,IT Manager,nicholas.wagner@parkerbutlerandburns.example.com,2026-07-04 07:39:42.328284,Google Ads,google,cpc,msp_q3_pmax,MA,67
ACME-L01508,Nelson PLC,Marcus Flores,Office Manager,marcus.flores@nelsonplc.example.com,2026-07-04 23:29:38.850408,Google Ads,google,cpc, MSP_Q3_PMAX,California,57
ACME-L01509,May LLC,Cynthia Cantu,CFO,cynthia.cantu@mayllc.example.com,2026-07-05 01:36:22.033167,Meta Ads,facebook,paid_social,msp_q3_retargeting,unassigned,53
ACME-L01510,Wiggins-Martin,John Taylor,,john.taylor@wigginsmartin.example.com,2026-07-05 03:54:24.426371,Meta Ads,facebook,paid_social,msp_q3_retargeting,NY,58
ACME-L01511,Williams-Bowman,Heather Smith,Practice Manager,heather.smith@williamsbowman.example.com,2026-07-05 08:39:33.119329,Google Ads,google,cpc,msp_q3_search,CA,67
ACME-L01512,Diaz-Fuentes,Timothy Olsen,COO,timothy.olsen@diazfuentes.example.com,2026-07-05 11:04:33.539982,Google Ads,google,cpc,msp_q3_search,MA,78
ACME-L01513,Singleton-Torres,Dustin Tran,IT Director,dustin.tran@singletontorres.example.com,2026-07-05 15:40:27.727004,Referral,,,,IL,73
ACME-L01514,Khan Mason and Johnson,Kerry Lynch,IT Manager,kerry.lynch@khanmasonandjohnson.example.com,07/05/2026 22:15:30,Google Ads,google,cpc,msp q3 search,NY,39
ACME-L01515,Hanna-Meyer,Corey Terry,Practice Manager,COREY.TERRY@HANNAMEYER.EXAMPLE.COM ,2026-07-05 22:20:32.043708,Meta Ads,facebook,paid_social,msp_q3_retargeting,Unassigned,68
ACME-L01516,West and Sons,Christopher Martinez,CFO,christopher.martinez@westandsons.example.com,2026-07-06 02:43:37.473737,Meta Ads,facebook,paid_social,msp_q3_cyber_guide,MA,31
ACME-L01517,Mcknight LLC,Heather White,Practice Manager,heather.white@mcknightllc.example.com,2026-07-06 03:16:57.937711,Meta Ads,facebook,paid_social,msp_q3_cyber_guide,NJ,88
ACME-L01518,Miller PLC,Randy Warren,Operations Manager,randy.warren@millerplc.example.com,2026-07-06 03:46:15.112200,Google Ads,google,cpc,msp_q3_pmax,NJ,94
ACME-L01519,Campos Miller and Jones,Trevor Delacruz,Office Manager,trevor.delacruz@camposmillerandjones.example.com,2026-07-06 04:06:32.980140,Google Ads,google,cpc,msp_q3_search,TX,67
ACME-L01520,Wells Freeman and Tucker,Charlotte Buchanan,Owner,charlotte.buchanan@wellsfreemanandtucker.example.com,2026-07-06 04:15:52.186886,Meta Ads,facebook,paid_social,msp_q3_retargeting,NY,88
ACME-L01521,Miller-Mcdowell,Miguel Christian,Office Manager,MIGUEL.CHRISTIAN@MILLERMCDOWELL.EXAMPLE.COM ,2026-07-06 04:23:51.045867,Google Ads,google,cpc,msp_q3_pmax,NY,64
ACME-L01522,Brown-Palmer,Jane Norman,Office Manager,jane.norman@brownpalmer.example.com,2026-07-06 08:16:14.481771,Google Ads,google,cpc,msp_q3_pmax,IL,67
ACME-L01523,Jackson-Edwards,Mario Gray,Practice Manager,mario.gray@jacksonedwards.example.com,2026-07-06 09:16:57.164594,Outbound,,,,unassigned,43
ACME-L01524,Mccoy Rodriguez and Stone,Troy Lambert,IT Director,troy.lambert@mccoyrodriguezandstone.example.com,2026-07-06 09:30:33.268631,Google Ads,google,cpc,msp_q3_search,nj,67
ACME-L01525,Clark Thomas and Robinson,Robert Mann,CFO,robert.mann@clarkthomasandrobinson.example.com,2026-07-06 09:40:06.331281,Meta Ads,Facebook ,paid_social,msp_q3_cyber_guide,TX,46
ACME-L01526,Ramirez-Gonzalez,Richard Wilson,IT Manager,richard.wilson@ramirezgonzalez.example.com,2026-07-06 10:56:33.633165,Referral,,,,New Jersey,73
ACME-L01527,Newton-Kelley,Stacey Harrison,CFO,stacey.harrison@newtonkelley.example.com,2026-07-06 11:03:59.245463,Meta Ads,facebook,paid_social,msp_q3_cyber_guide,CA,61
ACME-L01528,Berger Campbell and Sharp,Christopher Meyers,Operations Manager,christopher.meyers@bergercampbellandsharp.example.com,07/06/2026 11:07:39,Google Ads,google,cpc,msp_q3_search,NJ,67
ACME-L01529,West PLC,Steven Chase,Operations Manager,steven.chase@westplc.example.com,2026-07-06 11:13:08.322483,Google Ads,google,cpc,msp_q3_pmax,TX,94
ACME-L01530,Norman-Stewart,Carol Murphy,COO,carol.murphy@normanstewart.example.com,2026-07-06 11:48:25.701618, facebook ads ,facebook,paid_social,msp_q3_retargeting,Unassigned,41
ACME-L01531,White Ltd,Brianna Ali,COO,brianna.ali@whiteltd.example.com,2026-07-06 12:07:47.114418,Google Ads,google,cpc,msp_q3_search,FL,67
ACME-L01532,Mullins Anderson and Davies,Beverly Harper,,beverly.harper@mullinsandersonanddavies.example.com,2026-07-06 12:47:33.326819,Referral,,,,IL,72
ACME-L01533,Harrell Ball and Clark,William Silva,,WILLIAM.SILVA@HARRELLBALLANDCLARK.EXAMPLE.COM ,2026-07-06 14:03:19.011001,Outbound,,,,NY,55
ACME-L01534,Pollard-Harris,Shannon Mayer,CFO,shannon.mayer@pollardharris.example.com,2026-07-06 14:29:52.791605,Meta Ads,facebook,paid_social,msp_q3_cyber_guide,NJ,88
ACME-L01535,George Fitzpatrick and Key,Kevin Morales,IT Director,kevin.morales@georgefitzpatrickandkey.example.com,07/06/2026 14:39:00,Call Tracking,callrail,phone,local_services,NJ,97
ACME-L01536,Ewing PLC,Krista Marquez,IT Director,krista.marquez@ewingplc.example.com,2026-07-06 14:45:42.006284,Outbound,,,,MA,90
ACME-L01537,Watson Key and Williams,Henry Jones,,henry.jones@watsonkeyandwilliams.example.com,07/06/2026 14:59:00,Call Tracking,callrail,phone,local services,TX,70
ACME-L01538,Cook-Hale,Richard Burns,Owner,richard.burns@cookhale.example.com,2026-07-06 15:05:06.756372,Facebook Ads,facebook,paid_social,msp_q3_cyber_guide,nj,61
ACME-L01539,Collins-Kaiser,Vicki Smith,CFO,vicki.smith@collinskaiser.example.com,2026-07-06 16:53:04.672579, adwords ,google,cpc,msp_q3_search,New Jersey,94
ACME-L01540,Robertson-Graham,Alyssa Ortega,Office Manager,alyssa.ortega@robertsongraham.example.com,07/06/2026 16:59:21,Google Ads,google,cpc, MSP_Q3_PMAX,IL,78
ACME-L01541,Armstrong Glass and Spencer,Samantha Harrison,Operations Manager,samantha.harrison@armstrongglassandspencer.example.com,2026-07-06 17:08:48.666437,Outbound,,,,NY,63
ACME-L01542,Wilson Inc,Michael Olsen,,michael.olsen@wilsoninc.example.com,2026-07-06 17:18:17.605622,Referral,,,,TX,73
ACME-L01543,Rocha-Ortega,Trevor Marquez,Operations Manager,trevor.marquez@rochaortega.example.com,07/06/2026 17:24:08,Outbound,,,,New York,39
ACME-L01544,Greer Ltd,Christopher Morales,Operations Manager,christopher.morales@greerltd.example.com,2026-07-06 17:41:57.711159,Meta Ads,facebook,paid_social,msp_q3_retargeting,NY,88
ACME-L01545,Hoffman-Rodgers,Eric Wolf,Office Manager,eric.wolf@hoffmanrodgers.example.com,2026-07-06 17:49:05.015222,Google,google,cpc,msp_q3_search,TX,67
ACME-L01546,Wright Ltd,Lisa Garrison,Owner,lisa.garrison@wrightltd.example.com,2026-07-07 00:04:47.960378,Google Ads,google,cpc,msp_q3_search,CA,67
ACME-L01547,Martin Coleman and Edwards,Ashley Shelton,Owner,ashley.shelton@martincolemanandedwards.example.com,2026-07-07 05:04:31.023579, facebook ,facebook,paid_social, MSP_Q3_RETARGETING,NY,88
ACME-L01548,Webb Vance and Thomas,Jennifer Meadows,CFO,jennifer.meadows@webbvanceandthomas.example.com,2026-07-07 09:03:32.466111,Meta Ads,facebook,paid_social,msp_q3_cyber_guide,MA,88
ACME-L01549,Freeman-Martin,Steven Montgomery,,steven.montgomery@freemanmartin.example.com,2026-07-07 09:44:54.649676,Call Tracking,callrail,phone,local_services,CA,67
ACME-L01550,Collins-Hardy,Toni Harrison,Operations Manager,toni.harrison@collinshardy.example.com,2026-07-07 09:46:21.456485,Google Ads,google,cpc,msp_q3_pmax,FL,
ACME-L01551,Ward LLC,William Chen,COO,william.chen@wardllc.example.com,2026-07-07 10:15:01.677115,Meta Ads,facebook,paid_social,msp_q3_retargeting,CA,88
ACME-L01552,Trevino-Orozco,Ashley Campos,IT Manager,ashley.campos@trevinoorozco.example.com,07/07/2026 11:16:18,Meta Ads,facebook,paid_social,msp_q3_cyber_guide,IL,88
ACME-L01553,Montgomery-Goodman,Lisa Kim,COO,lisa.kim@montgomerygoodman.example.com,07/07/2026 11:50:35,Google Ads,google,cpc,msp_q3_pmax,MA,53
ACME-L01554,Frost Clarke and Johnson,Michael Gross,Practice Manager,michael.gross@frostclarkeandjohnson.example.com,2026-07-07 12:36:02.660979,Referral,,,,NY,73
ACME-L01555,Moore Wright and Jones,Melinda Ramsey,,melinda.ramsey@moorewrightandjones.example.com,2026-07-07 12:41:33.130394,Call Tracking,callrail,phone,gbp_listing,TX,67
ACME-L01556,Romero Peters and Shepard,Dennis Lamb,Practice Manager,dennis.lamb@romeropetersandshepard.example.com,07/07/2026 13:16:25,Call Tracking,callrail,phone,gbp_listing,NY,97
ACME-L01557,Lopez LLC,Stephanie Powell,,stephanie.powell@lopezllc.example.com,2026-07-07 13:51:58.371251,Google Ads,google,cpc,msp_q3_search,FL,94
ACME-L01558,Nguyen Bauer and Gardner,Lauren Garcia,IT Manager,lauren.garcia@nguyenbauerandgardner.example.com,2026-07-07 14:00:11.504249,Google Ads,google,cpc,msp_q3_pmax,TX,94
ACME-L01559,Moore Joyce and Valdez,Kenneth Hess,Operations Manager,KENNETH.HESS@MOOREJOYCEANDVALDEZ.EXAMPLE.COM ,2026-07-07 15:00:17.214438,Google Ads,google,cpc,msp_q3_pmax,NJ,64
ACME-L01560,Hernandez Booth and Green,Amanda Jimenez,Operations Manager,amanda.jimenez@hernandezboothandgreen.example.com,2026-07-07 15:39:30.427634,Referral,,,,NY,100
ACME-L01561,Cooper Ltd,Rebecca Gardner,CFO,rebecca.gardner@cooperltd.example.com,2026-07-07 16:45:23.979272,Google Ads,google,cpc,msp_q3_search,TX,67
ACME-L01562,Best-Bond,Michelle Cortez,CFO,michelle.cortez@bestbond.example.com,2026-07-07 16:50:18.488656,Outbound,,,,NY,90
ACME-L01563,Barber Inc,Kristin Carpenter,CFO,KRISTIN.CARPENTER@BARBERINC.EXAMPLE.COM ,2026-07-07 19:37:21.877795,adwords,google,cpc,msp_q3_pmax,Massachusetts,94
ACME-L01564,Watson-Bishop,Alison Webster,IT Manager,alison.webster@watsonbishop.example.com,2026-07-07 23:36:37.593207,Meta Ads,facebook,paid_social,msp_q3_retargeting,NJ,61
ACME-L01565,Reyes PLC,Mary Guzman,IT Director,mary.guzman@reyesplc.example.com,2026-07-08 02:31:55.022539, facebook ,facebook,paid_social,msp_q3_retargeting,NJ,88
ACME-L01566,Barnes Inc,Erin Wilson,COO,erin.wilson@barnesinc.example.com,2026-07-08 05:49:38.280427,Meta Ads,facebook,paid_social,msp_q3_retargeting,IL,88
ACME-L01567,Long-Bryant,James Stevens,IT Director,james.stevens@longbryant.example.com,2026-07-08 06:43:35.500229,Google Ads,Google ,cpc,msp_q3_pmax,ny,62
ACME-L01568,Brown-Lawson,Jeremy Robinson,COO,jeremy.robinson@brownlawson.example.com,2026-07-08 08:54:40.470174,Referral,,,,NJ,100
ACME-L01569,Burch LLC,Jeffrey Rivera,Office Manager,jeffrey.rivera@burchllc.example.com,2026-07-08 09:15:19.007546,Meta Ads,facebook,paid_social,msp_q3_cyber_guide,NY,88
ACME-L01570,Hall-Turner,Mark Stafford,CFO,mark.stafford@hallturner.example.com,2026-07-08 09:15:34.351397,Call Tracking,callrail,phone,gbp_listing,CA,97
ACME-L01571,Smith Monroe and Hancock,Rebecca Jones,Owner,rebecca.jones@smithmonroeandhancock.example.com,2026-07-08 09:17:07.365218,Google Ads,google,cpc,msp q3 pmax,MA,94
ACME-L01572,Davis-Foster,James Kirk,CFO,james.kirk@davisfoster.example.com,2026-07-08 09:20:23.580771,Outbound,,,,NY,60
ACME-L01573,Gross LLC,Amanda Mason,CFO,AMANDA.MASON@GROSSLLC.EXAMPLE.COM ,2026-07-08 10:09:18.599921,Outbound - Sdr,,,,NY,63
ACME-L01574,Aguilar Davis and Anderson,Jennifer Blevins,COO,jennifer.blevins@aguilardavisandanderson.example.com,2026-07-08 10:51:42.218500,Meta Ads,facebook,paid_social,msp_q3_cyber_guide,MA,61
ACME-L01575,Miller-Martinez,Laura Willis,Practice Manager,laura.willis@millermartinez.example.com,2026-07-08 11:32:30.235894,Fb,facebook,paid_social,msp_q3_cyber_guide,TX,88
ACME-L01576,Ford-Patrick,Matthew Thomas,COO,matthew.thomas@fordpatrick.example.com,2026-07-08 14:06:10.220701,Google Ads,google,cpc,msp_q3_search,CA,67
ACME-L01577,Rhodes Group,Blake Riley,COO,BLAKE.RILEY@RHODESGROUP.EXAMPLE.COM ,2026-07-08 14:12:54.196727,Outbound,,,,Illinois,63
ACME-L01578,Nelson LLC,Wendy Taylor,Owner,wendy.taylor@nelsonllc.example.com,2026-07-08 14:26:05.692860,Referral,,,,TX,45
ACME-L01579,Benjamin-Clark,Caleb Harris,IT Director,caleb.harris@benjaminclark.example.com,07/08/2026 14:31:20,Google Ads,google,cpc,,NY,67
ACME-L01580,Bell Inc,Chris Scott,COO,chris.scott@bellinc.example.com,2026-07-08 14:50:33.195370,Google Ads,google,cpc,msp_q3_pmax,NY,67
ACME-L01581,Cook-Fischer,Robert Morgan,COO,robert.morgan@cookfischer.example.com,2026-07-08 16:46:26.975925,Call Tracking,callrail,phone,gbp_listing,MA,97
ACME-L01582,Andrews-Morris,John Meyer,Office Manager,john.meyer@andrewsmorris.example.com,2026-07-08 17:11:06.314482,Google Ads,google,cpc,msp_q3_pmax,CA,67
ACME-L01583,Valenzuela-Miller,Rose Hardy,COO,rose.hardy@valenzuelamiller.example.com,2026-07-08 19:34:13.905142,Call Tracking,callrail,phone,local_services,NY,97
ACME-L01584,Bush Smith and Brown,Angela Finley,Operations Manager,angela.finley@bushsmithandbrown.example.com,2026-07-08 19:46:57.416396,Meta Ads,facebook,paid_social,msp_q3_cyber_guide,il,61
ACME-L01585,Miller-Williams,Stephanie Walker,IT Manager,stephanie.walker@millerwilliams.example.com,2026-07-09 05:29:14.983121,Referral,,,,NY,100
ACME-L01586,Williams-Baker,Dana Schmitt,CFO,dana.schmitt@williamsbaker.example.com,2026-07-09 06:20:55.891222,Facebook,facebook,paid_social,msp_q3_cyber_guide,il,88
ACME-L01587,Farrell-Miller,Erica Gutierrez,Office Manager,erica.gutierrez@farrellmiller.example.com,2026-07-09 08:57:30.712204,Google Ads,google,cpc,msp_q3_pmax,Illinois,67
ACME-L01588,Nolan Ltd,Brandon Douglas,Office Manager,brandon.douglas@nolanltd.example.com,2026-07-09 09:55:48.513268,Google Ads,google,cpc,msp_q3_pmax,MA,67
ACME-L01589,Anderson-Walker,George Wallace,Operations Manager,george.wallace@andersonwalker.example.com,2026-07-09 10:28:06.066511,Meta Ads,facebook,paid_social,msp_q3_retargeting,IL,88
ACME-L01590,Lara LLC,Heather Wells,Office Manager,heather.wells@larallc.example.com,2026-07-09 12:27:13.810497,Outbound,,,,NJ,90
ACME-L01591,Buchanan Ltd,Steve Hartman,COO,steve.hartman@buchananltd.example.com,2026-07-09 12:31:22.848517,Meta Ads,facebook,paid_social,msp_q3_retargeting,CA,61
ACME-L01592,May PLC,Mary Young,CFO,mary.young@mayplc.example.com,2026-07-09 12:53:10.804286,Referral,,,,NY,100
ACME-L01593,Myers-Dalton,Michael Ortega,Office Manager,michael.ortega@myersdalton.example.com,2026-07-09 13:12:11.855712,Google Ads,google,cpc,msp_q3_pmax,FL,93
ACME-L01594,Scott Group,Mike Peters,Operations Manager,mike.peters@scottgroup.example.com,2026-07-09 13:58:58.672751,Google Ads,google,cpc,msp q3 search,ca,67
ACME-L01595,Short Shelton and Franco,Leah Gibson,Operations Manager,leah.gibson@shortsheltonandfranco.example.com,2026-07-09 14:16:55.615183,Referral,,,,TX,100
ACME-L01596,Shannon-Bryan,Kathryn Greene,Operations Manager,kathryn.greene@shannonbryan.example.com,2026-07-09 15:10:00.291120,Google Ads,google,cpc,msp_q3_pmax,TX,
ACME-L01597,Frost Inc,Zachary Williams,IT Director,zachary.williams@frostinc.example.com,2026-07-09 15:39:25.915888,Meta Ads,facebook,paid_social,msp_q3_cyber_guide,NJ,72
ACME-L01598,Sosa Galvan and Sullivan,Tyler Garcia,Operations Manager,tyler.garcia@sosagalvanandsullivan.example.com,2026-07-09 16:37:48.525446,Referral,,,,MA,73
ACME-L01599,Perry Bell and Ford,Jessica Shannon,IT Director,jessica.shannon@perrybellandford.example.com,2026-07-09 16:43:51.412488,prospecting,,,,MA,90
ACME-L01600,Robinson-Miles,Glenn Vaughn,IT Manager,glenn.vaughn@robinsonmiles.example.com,07/09/2026 17:39:16,Meta Ads,facebook,paid_social,msp_q3_cyber_guide,IL,88
ACME-L01601,Roberts-Davis,Carol Merritt,IT Manager,carol.merritt@robertsdavis.example.com,07/09/2026 18:00:31, local services ads ,callrail,phone,gbp_listing,NY,97
ACME-L01602,Mckenzie-Gibbs,Stacey Moran,COO,stacey.moran@mckenziegibbs.example.com,2026-07-09 19:39:20.247388,Meta Ads,facebook,paid_social,msp_q3_retargeting,CA,61
ACME-L01603,Moore Robinson and Martinez,Jennifer Cook,Practice Manager,jennifer.cook@moorerobinsonandmartinez.example.com,2026-07-09 20:07:12.949109,Google Ads,google,cpc,,NY,67
ACME-L01604,King Wagner and Stephens,Brandy Smith,Owner,brandy.smith@kingwagnerandstephens.example.com,2026-07-09 20:51:23.648476,Meta Ads,facebook,paid_social,msp_q3_retargeting,NJ,74
ACME-L01605,Curtis-Sandoval,Edward Meyer,CFO,edward.meyer@curtissandoval.example.com,2026-07-10 08:02:17.956601,Call Tracking,Callrail ,phone,gbp_listing,NJ,70
ACME-L01606,Jennings Burns and Gardner,Nichole Jones,IT Manager,NICHOLE.JONES@JENNINGSBURNSANDGARDNER.EXAMPLE.COM ,2026-07-10 08:33:30.346290,Google Ads,google,cpc,msp_q3_search,MA,78
ACME-L01607,Miller Ltd,Lisa Brown,Practice Manager,lisa.brown@millerltd.example.com,07/10/2026 09:13:30,Google Ads,Google ,cpc,msp_q3_search,MA,94
ACME-L01608,Vargas Meadows and Reid,Kari Gardner,Office Manager,kari.gardner@vargasmeadowsandreid.example.com,2026-07-10 09:19:50.062544,Google Ads,Google ,cpc,msp_q3_search,ny,82
ACME-L01609,Fritz-Duarte,Lauren Baker,Owner,lauren.baker@fritzduarte.example.com,2026-07-10 10:06:03.004026,Outbound,,,,CA,63
ACME-L01610,Graham-Barnes,Richard Meyer,Operations Manager,RICHARD.MEYER@GRAHAMBARNES.EXAMPLE.COM ,2026-07-10 10:24:03.638829,Google Ads,google,cpc,msp_q3_pmax,NY,64
ACME-L01611,Smith-Jones,Benjamin Reynolds,Operations Manager,benjamin.reynolds@smithjones.example.com,2026-07-10 11:42:24.260572,Call Tracking,callrail,phone,local_services,NJ,97
ACME-L01612,Rodriguez King and Hogan,Amy Kelly,Operations Manager,amy.kelly@rodriguezkingandhogan.example.com,2026-07-10 12:35:57.096341,Meta Ads,facebook,paid_social,msp_q3_retargeting,TX,88
ACME-L01613,Vargas Miller and Maddox,Julie Burnett,Operations Manager,julie.burnett@vargasmillerandmaddox.example.com,2026-07-10 12:47:51.520871,Google Ads,google,cpc,msp_q3_pmax,NY,67
ACME-L01614,Page-Hall,Matthew Brown,Owner,matthew.brown@pagehall.example.com,2026-07-10 13:46:33.815771, callrail ,callrail,phone,gbp_listing,IL,70
ACME-L01615,Nguyen Group,Jack Garcia,,jack.garcia@nguyengroup.example.com,2026-07-10 13:57:50.999583,Google Ads,google,cpc,msp_q3_search,NJ,67
ACME-L01616,Richards-Rice,Wanda Byrd,CFO,WANDA.BYRD@RICHARDSRICE.EXAMPLE.COM ,2026-07-10 14:42:45.694937,Call Tracking,callrail,phone, GBP_LISTING,CA,97
ACME-L01617,Arnold Hughes and Fletcher,Nancy Williams,Office Manager,nancy.williams@arnoldhughesandfletcher.example.com,07/10/2026 15:09:50,Google Ads,google,cpc,msp q3 pmax,TX,82
ACME-L01618,Brown PLC,John Brooks,COO,john.brooks@brownplc.example.com,2026-07-10 15:25:11.170253,Meta Ads,facebook,paid_social,msp_q3_cyber_guide,MA,61
ACME-L01619,Owen-Griffith,Julie Baker,COO,julie.baker@owengriffith.example.com,2026-07-10 16:12:37.789681,Google Ads,google,cpc,msp_q3_search,FL,67
ACME-L01620,Taylor and Sons,Theresa Stewart,IT Director,theresa.stewart@taylorandsons.example.com,2026-07-10 16:26:35.194382,Instagram,facebook,paid_social,msp_q3_retargeting,NJ,61
ACME-L01621,Barr-Davis,Danny Anderson,IT Manager,danny.anderson@barrdavis.example.com,07/11/2026 00:15:33,Google Ads,google,cpc,msp_q3_pmax,Unassigned,47
ACME-L01622,Oliver Diaz and Murphy,Lisa Schmitt,,lisa.schmitt@oliverdiazandmurphy.example.com,2026-07-11 02:23:50.353783,Google Ads,google,cpc,msp_q3_pmax,IL,67
ACME-L01623,Mitchell LLC,Andrew Wise,CFO,andrew.wise@mitchellllc.example.com,2026-07-11 08:15:46.856170,Meta Ads,facebook,paid_social,msp_q3_retargeting,NJ,88
ACME-L01624,Pratt Inc,Matthew Pineda,Operations Manager,matthew.pineda@prattinc.example.com,2026-07-11 11:59:52.393472,Referal,,,,CA,100
ACME-L01625,Fowler Inc,Reginald Brown,Practice Manager,reginald.brown@fowlerinc.example.com,07/11/2026 15:28:00,Google Ads,google,cpc,msp_q3_pmax,MA,94
ACME-L01626,Brown Contreras and Fernandez,Dennis Vincent,Practice Manager,dennis.vincent@browncontrerasandfernand.example.com,2026-07-11 17:16:10.702080,word of mouth,,,,TX,100
ACME-L01627,Blackburn-Massey,Angel Anderson,Practice Manager,angel.anderson@blackburnmassey.example.com,2026-07-11 23:25:33.527103,Google Ads,google,cpc,msp_q3_pmax,FL,52
ACME-L01628,Bender-Lee,Dawn Gonzalez,Office Manager,dawn.gonzalez@benderlee.example.com,2026-07-12 02:26:36.448282,Google Ads,google,cpc,,NJ,94
ACME-L01629,Doyle-James,Jennifer Gonzalez,IT Director,JENNIFER.GONZALEZ@DOYLEJAMES.EXAMPLE.COM ,2026-07-13 02:06:23.896828,Outbound,,,,CA,33
ACME-L01630,Sharp-Higgins,Karen Fisher,CFO,KAREN.FISHER@SHARPHIGGINS.EXAMPLE.COM ,2026-07-13 04:27:00.096557,Meta Ads,facebook,paid_social,msp_q3_cyber_guide,TX,78
ACME-L01631,Walsh Richards and Floyd,Michael Smith,Practice Manager,michael.smith@walshrichardsandfloyd.example.com,2026-07-13 08:32:10.935741,callrail,callrail,phone,local_services,NJ,70
ACME-L01632,Fernandez Group,Jacob White,Operations Manager,jacob.white@fernandezgroup.example.com,2026-07-13 08:35:03.253306,Referral,,,,MA,73
ACME-L01633,Evans Williamson and Baker,Kenneth Gray,Operations Manager,kenneth.gray@evanswilliamsonandbaker.example.com,2026-07-13 09:09:20.822079,Google Ads,google,cpc, MSP_Q3_SEARCH,TX,67
ACME-L01634,Jackson LLC,Darren Elliott,Operations Manager,darren.elliott@jacksonllc.example.com,2026-07-13 09:19:11.412516,Meta Ads,facebook,paid_social, MSP_Q3_CYBER_GUIDE,,61
ACME-L01635,Davenport Group,Drew Fleming,Operations Manager,drew.fleming@davenportgroup.example.com,2026-07-13 09:49:34.968967,Sdr program,,,,TX,63
ACME-L01636,Shea-Smith,Barbara Clark,Office Manager,barbara.clark@sheasmith.example.com,2026-07-13 09:58:04.850853,Meta Ads,facebook,paid_social,,CA,58
ACME-L01637,Martin LLC,Edward Stanley,IT Director,edward.stanley@martinllc.example.com,2026-07-13 10:16:09.630314,Meta Ads,facebook,paid_social,msp_q3_retargeting,NJ,88
ACME-L01638,Foster and Sons,David Nguyen,Office Manager,david.nguyen@fosterandsons.example.com,2026-07-13 11:40:36.583255,Meta Ads,facebook,paid_social,msp_q3_cyber_guide,MA,58
ACME-L01639,Stephens Singh and Allison,Thomas Fitzpatrick,IT Manager,thomas.fitzpatrick@stephenssinghandallison.example.com,2026-07-13 11:41:22.597654,Outbound,,,,CA,89
ACME-L01640,Turner Group,Brooke Holmes,Practice Manager,brooke.holmes@turnergroup.example.com,2026-07-13 12:00:37.616402,ADWORDS,google,cpc,msp_q3_pmax,IL,
ACME-L01641,Tran Brown and Long,Margaret Anderson,Office Manager,margaret.anderson@tranbrownandlong.example.com,2026-07-13 14:13:14.862599, prospecting ,,,,ca,90
ACME-L01642,Norton-Morris,Aaron Quinn,Operations Manager,aaron.quinn@nortonmorris.example.com,2026-07-13 14:53:26.544503, google ads search ,google,cpc,,IL,94
ACME-L01643,Mayer-Vasquez,Christopher Padilla,Practice Manager,CHRISTOPHER.PADILLA@MAYERVASQUEZ.EXAMPLE.COM ,2026-07-13 16:54:56.108451,Ppc,google,cpc,msp q3 pmax,NY,94
ACME-L01644,Cordova LLC,Edward Maxwell,IT Manager,edward.maxwell@cordovallc.example.com,2026-07-13 17:31:16.798127,Google Ads,google,cpc,msp_q3_search,IL,94
ACME-L01645,Hill Morgan and Montgomery,Stephen Garrett,Operations Manager,stephen.garrett@hillmorganandmontgomery.example.com,2026-07-14 03:10:53.020422,Meta Ads,Facebook ,paid_social,msp_q3_cyber_guide,FL,61
ACME-L01646,Cobb-Nichols,Kelly Coleman,Operations Manager,kelly.coleman@cobbnichols.example.com,2026-07-14 03:35:49.495241,COLD EMAIL,,,,TX,49
ACME-L01647,Mcmillan Kim and Pearson,Michelle Harris,Owner,michelle.harris@mcmillankimandpearson.example.com,2026-07-14 06:38:41.125946,Meta Ads,facebook,paid_social,msp_q3_cyber_guide,,88
ACME-L01648,Parker LLC,Diane Hall,CFO,diane.hall@parkerllc.example.com,2026-07-14 07:58:07.667459,instagram,facebook,paid_social, MSP_Q3_RETARGETING,NY,61
ACME-L01649,Williams Cole and Anderson,Pamela Anderson,CFO,pamela.anderson@williamscoleandanderson.example.com,2026-07-14 08:04:26.056590,Google Ads,google,cpc,msp_q3_search,FL,94
ACME-L01650,Ellis Riddle and Stuart,Jacob Crawford,COO,jacob.crawford@ellisriddleandstuart.example.com,2026-07-14 08:36:49.263903,Google Ads,google,cpc,msp_q3_pmax,MA,67
ACME-L01651,Washington Ross and Sanford,Paul Mooney,Operations Manager,paul.mooney@washingtonrossandsanford.example.com,2026-07-14 08:43:42.551323,Paid Social,facebook,paid_social,msp_q3_retargeting,NY,88
ACME-L01652,Williams-Garcia,Jonathan Palmer,Operations Manager,jonathan.palmer@williamsgarcia.example.com,2026-07-14 09:14:06.098296,Referral,,,,FL,73
ACME-L01653,Haynes-Carlson,Denise Mason,Owner,denise.mason@haynescarlson.example.com,2026-07-14 10:05:04.208650,Google Ads,google,cpc,msp q3 search,MA,94
ACME-L01654,Davis Hoffman and Snyder,Charles Allen,Practice Manager,charles.allen@davishoffmanandsnyder.example.com,2026-07-14 10:50:01.828804,Google Ads,google,cpc, MSP_Q3_PMAX,NJ,67
ACME-L01655,Harrison Patel and Parker,Daniel Webb,Owner,daniel.webb@harrisonpatelandparker.example.com,2026-07-14 11:30:25.701714,Meta Ads,Facebook ,paid_social,msp q3 retargeting,NJ,88
ACME-L01656,Wagner Price and Whitaker,Jeffrey Levy,IT Manager,JEFFREY.LEVY@WAGNERPRICEANDWHITAKER.EXAMPLE.COM ,2026-07-14 11:33:24.702130,Outbound,,,,New York,86
ACME-L01657,Sheppard Group,Brandy Stone,,brandy.stone@sheppardgroup.example.com,2026-07-14 11:58:19.095283,Google Ads,google,cpc,msp_q3_search,NY,78
ACME-L01658,Norman Ltd,Mark Flores,CFO,mark.flores@normanltd.example.com,2026-07-14 12:00:42.555504,Meta Ads,facebook,paid_social,msp_q3_retargeting,TX,
ACME-L01659,Tanner Cunningham and Juarez,Jessica Robbins,COO,jessica.robbins@tannercunninghamandjuare.example.com,2026-07-14 12:17:54.282170,ppc,Google ,cpc,msp_q3_pmax,IL,67
ACME-L01660,Pearson Williams and Jones,Martha Moore,IT Manager,martha.moore@pearsonwilliamsandjones.example.com,2026-07-14 13:26:56.128173,Outbound,,,,IL,33
ACME-L01661,Taylor and Sons,Ruth Miller,IT Manager,ruth.miller@taylorandsons.example.com,2026-07-14 13:43:56.685400,Referral,,,,NJ,73
ACME-L01662,Sanders Ltd,Sandra Cummings,COO,SANDRA.CUMMINGS@SANDERSLTD.EXAMPLE.COM ,2026-07-14 14:17:40.784779,Google Ads,google,cpc,msp_q3_search,NJ,67
ACME-L01663,Moore-Ryan,Sara Johnson,,sara.johnson@mooreryan.example.com,2026-07-14 14:57:23.930649,Google Ads,google,cpc,msp_q3_search,NJ,48
ACME-L01664,Robinson-Martinez,John Moss,Practice Manager,john.moss@robinsonmartinez.example.com,2026-07-14 14:59:34.361931,Meta Ads,facebook,paid_social,msp_q3_cyber_guide,IL,87
ACME-L01665,Lopez-Rogers,Willie Acosta,Owner,willie.acosta@lopezrogers.example.com,2026-07-14 15:16:29.003422,Meta Ads,facebook,paid_social,msp_q3_cyber_guide,CA,88
ACME-L01666,Cisneros Clark and Lopez,Peter Harrison,IT Director,peter.harrison@cisnerosclarkandlopez.example.com,2026-07-14 15:34:59.770101,Paid Social,Facebook ,paid_social,msp_q3_retargeting,IL,55
ACME-L01667,Day-Allen,Cynthia Bridges,COO,cynthia.bridges@dayallen.example.com,2026-07-14 15:40:45.373341,Meta Ads,facebook,paid_social,msp_q3_retargeting,NJ,54
ACME-L01668,Cummings-Anderson,Brandon Barnett,COO,brandon.barnett@cummingsanderson.example.com,2026-07-14 16:03:58.379581, google ,google,cpc,msp_q3_pmax,NJ,94
ACME-L01669,Maldonado-Berger,Mike Fox,COO,mike.fox@maldonadoberger.example.com,2026-07-14 16:05:45.702877,Meta Ads,facebook,paid_social,msp_q3_retargeting,TX,88
ACME-L01670,Newton-Snyder,Laura Smith,IT Director,laura.smith@newtonsnyder.example.com,2026-07-14 16:25:58.811727,Google Ads,google,cpc,msp_q3_search,CA,67
ACME-L01671,Armstrong Saunders and Wright,Laurie Hodges,IT Manager,laurie.hodges@armstrongsaundersandwrig.example.com,2026-07-14 17:22:11.522119,Referral,,,,MA,73
ACME-L01672,Arellano and Sons,Javier Carroll,Owner,javier.carroll@arellanoandsons.example.com,2026-07-14 17:42:45.411286,Google Ads,google,cpc,,Unassigned,47
ACME-L01673,White James and Fitzgerald,Kristen Miller,Practice Manager,kristen.miller@whitejamesandfitzgerald.example.com,2026-07-14 22:54:59.157243,Outbound,,,,New York,76
ACME-L01674,Gonzales Mooney and Ellison,Samantha Fitzgerald,IT Manager,samantha.fitzgerald@gonzalesmooneyandellison.example.com,2026-07-15 03:53:15.503107,Google Ads,google,cpc,msp_q3_pmax,TX,67
ACME-L01675,Brown Ltd,Angelica Sloan,IT Manager,angelica.sloan@brownltd.example.com,2026-07-15 05:44:08.310054,Referral,,,,,100
ACME-L01676,Garner Gilbert and Blankenship,Catherine White,Owner,catherine.white@garnergilbertandblankens.example.com,2026-07-15 09:09:28.998334,Google Ads,google,cpc,msp_q3_search,Unassigned,
ACME-L01677,Martinez-Greer,Helen Harris,CFO,helen.harris@martinezgreer.example.com,2026-07-15 11:25:57.605334,Referral,,,,MA,73
ACME-L01678,Richard-Collins,John Johnson,IT Director,JOHN.JOHNSON@RICHARDCOLLINS.EXAMPLE.COM ,2026-07-15 12:58:46.079401,FACEBOOK,facebook,paid_social,msp_q3_cyber_guide,IL,61
ACME-L01679,Rich Perez and Williams,Christopher Jones,Practice Manager,christopher.jones@richperezandwilliams.example.com,2026-07-15 13:24:41.824211,Google Ads,google,cpc,msp_q3_pmax,MA,94
ACME-L01680,Russo-Gilbert,Christine Graham,CFO,christine.graham@russogilbert.example.com,2026-07-15 13:43:10.354160, outbound - sdr ,,,,MA,63
ACME-L01681,Peters-Wilson,Shane Kent,Owner,shane.kent@peterswilson.example.com,2026-07-15 14:36:24.054435,Google Ads,google,cpc,msp_q3_pmax,TX,94
ACME-L01682,Ho LLC,Samantha Lewis,Operations Manager,samantha.lewis@hollc.example.com,2026-07-15 14:51:57.625419,Referral,,,,MA,100
ACME-L01683,Fernandez Group,Kevin Conway,Owner,kevin.conway@fernandezgroup.example.com,2026-07-15 16:18:52.417845,Phone,callrail,phone,gbp_listing,,70
ACME-L01684,Atkins Inc,Kevin Giles,COO,kevin.giles@atkinsinc.example.com,2026-07-15 16:52:43.638505,google ads search,google,cpc,msp_q3_pmax,CA,59
ACME-L01685,Bell Williams and Forbes,Rebecca Valdez,Office Manager,rebecca.valdez@bellwilliamsandforbes.example.com,2026-07-15 17:21:54.220287,Google Ads,google,cpc,msp_q3_pmax,CA,94
ACME-L01686,Holloway and Sons,Anita Davidson,Office Manager,ANITA.DAVIDSON@HOLLOWAYANDSONS.EXAMPLE.COM ,2026-07-15 17:25:56.627388,Adwords,google,cpc,msp_q3_pmax,IL,67
ACME-L01687,Warren-Riley,Jacob Walters,COO,jacob.walters@warrenriley.example.com,2026-07-15 19:46:46.733489,Outbound,,,,MA,90
ACME-L01688,Turner LLC,Allison Case,Practice Manager,allison.case@turnerllc.example.com,2026-07-15 23:10:57.574525,Meta Ads,facebook,paid_social,msp_q3_retargeting,IL,88
ACME-L01689,Hart-Nichols,Michael Rogers,Owner,michael.rogers@hartnichols.example.com,2026-07-16 01:57:37.661435, instagram ,facebook,paid_social,msp_q3_retargeting,CA,88
ACME-L01690,Sandoval Hendrix and Owen,Thomas Summers,CFO,THOMAS.SUMMERS@SANDOVALHENDRIXANDOWEN.EXAMPLE.COM ,2026-07-16 02:23:11.429034,Meta Ads,facebook,paid_social,msp_q3_cyber_guide,CA,58
ACME-L01691,Patel and Sons,Paul Li,Operations Manager,paul.li@patelandsons.example.com,2026-07-16 04:19:16.944275,Google Ads,google,cpc,msp_q3_search,,57
ACME-L01692,Pearson Moore and Good,Wesley Cross,IT Manager,wesley.cross@pearsonmooreandgood.example.com,2026-07-16 09:39:04.627428,Facebook Ads,facebook,paid_social,msp_q3_cyber_guide,NY,88
ACME-L01693,Lewis Shelton and Walker,Willie Miller,Office Manager,willie.miller@lewissheltonandwalker.example.com,2026-07-16 09:45:21.640144,Meta Ads,Facebook ,paid_social,msp_q3_cyber_guide,IL,61
ACME-L01694,Cox Ltd,Jasmine Fleming,Operations Manager,jasmine.fleming@coxltd.example.com,2026-07-16 10:00:11.698847,Outbound,,,,CA,63
ACME-L01695,Wilson-Morris,Justin Rodriguez,Practice Manager,justin.rodriguez@wilsonmorris.example.com,2026-07-16 10:14:31.229850,Outbound,,,,nj,60
ACME-L01696,Flores Group,Lacey Burch,CFO,lacey.burch@floresgroup.example.com,2026-07-16 12:44:52.113284,Outbound,,,,TX,63
ACME-L01697,Frederick LLC,Janet Barber,Operations Manager,janet.barber@frederickllc.example.com,2026-07-16 13:21:40.654000,Google Ads,google,cpc,msp_q3_search,CA,67
ACME-L01698,Cline White and Curry,Lindsay Castillo,Operations Manager,lindsay.castillo@clinewhiteandcurry.example.com,07/16/2026 14:28:59,Google Ads,google,cpc,msp_q3_search,CA,67
ACME-L01699,Wagner LLC,Joanna Vasquez,Practice Manager,joanna.vasquez@wagnerllc.example.com,2026-07-16 14:46:41.878287,Google Ads,google,cpc,msp_q3_pmax,NY,
ACME-L01700,Kennedy Shepard and Myers,Angela Fisher,IT Manager,angela.fisher@kennedyshepardandmyers.example.com,2026-07-16 14:55:08.680760,Referral,,,,,100
ACME-L01701,Weeks Inc,Debra Wilson,COO,debra.wilson@weeksinc.example.com,2026-07-16 14:55:16.784374,Meta Ads,facebook,paid_social,msp_q3_retargeting,CA,88
ACME-L01702,Parker-Ryan,Ethan Phillips,CFO,ETHAN.PHILLIPS@PARKERRYAN.EXAMPLE.COM ,2026-07-16 15:10:36.415318,Facebook,facebook,paid_social,msp_q3_retargeting,Unassigned,41
ACME-L01703,Miller Simmons and Andrews,Taylor Williams,IT Director,taylor.williams@millersimmonsandandrews.example.com,2026-07-16 15:34:48.993453,Google Ads,google,cpc,msp_q3_search,MA,94
ACME-L01704,Harmon Bond and Walton,Barbara Williams,Operations Manager,BARBARA.WILLIAMS@HARMONBONDANDWALTON.EXAMPLE.COM ,2026-07-16 16:04:13.287497,Google Ads,google,cpc,msp_q3_pmax,Massachusetts,94
ACME-L01705,Johnson Group,Terri Houston,IT Director,terri.houston@johnsongroup.example.com,2026-07-16 16:08:25.612891,Google Ads,google,cpc,msp_q3_search,NJ,94
ACME-L01706,Myers Mills and Patton,Brian Ryan,Office Manager,brian.ryan@myersmillsandpatton.example.com,2026-07-16 16:42:08.700269, google ads search ,google,cpc,msp_q3_search,NY,64
ACME-L01707,Brown-Moore,Sarah Blake,Office Manager,sarah.blake@brownmoore.example.com,2026-07-16 16:47:40.240622,Meta Ads,facebook,paid_social,msp_q3_cyber_guide,NJ,61
ACME-L01708,Hayes Matthews and Moore,Martha Klein,Owner,martha.klein@hayesmatthewsandmoore.example.com,2026-07-16 16:48:33.915533,Meta Ads,facebook,paid_social,msp_q3_retargeting,NY,88
ACME-L01709,Wong Inc,Linda Griffin,COO,linda.griffin@wonginc.example.com,2026-07-16 17:00:26.565487,Google Ads,Google ,cpc,msp q3 pmax,NJ,91
ACME-L01710,Rios-Romero,Amanda Pittman,Operations Manager,amanda.pittman@riosromero.example.com,2026-07-16 17:03:21.435253,Call Tracking,callrail,phone,gbp_listing,NJ,
ACME-L01711,Rocha Mckay and Anderson,Albert Clark,IT Manager,albert.clark@rochamckayandanderson.example.com,2026-07-16 17:36:01.721776,Google Ads,google,cpc,msp_q3_search,TX,67
ACME-L01712,Jones and Sons,Jose Baker,Operations Manager,jose.baker@jonesandsons.example.com,2026-07-16 17:59:42.985757,Call Tracking,callrail,phone,gbp_listing,NY,97
ACME-L01713,Huang-Warren,Debbie Rivas,IT Manager,debbie.rivas@huangwarren.example.com,2026-07-16 17:59:50.049172,Callrail + Lsa,callrail,phone,local_services,NY,70
ACME-L01714,Kerr-Jordan,Taylor Fitzgerald,Office Manager,taylor.fitzgerald@kerrjordan.example.com,2026-07-16 18:37:14.929764,Google ads search,google,cpc,msp_q3_search,ny,37
ACME-L01715,Martinez-Shah,Elizabeth Davis,Owner,elizabeth.davis@martinezshah.example.com,2026-07-16 22:37:08.609656,Referral,,,,FL,73
ACME-L01716,Bradshaw Group,Brittany Sosa,Office Manager,brittany.sosa@bradshawgroup.example.com,2026-07-17 00:52:15.955811,CALLRAIL,callrail,phone,gbp_listing,NY,70
ACME-L01717,Hebert-Brown,Patricia Armstrong,Owner,patricia.armstrong@hebertbrown.example.com,2026-07-17 03:51:09.529591,Google Ads,google,cpc,msp_q3_pmax,TX,67
ACME-L01718,Mendoza Silva and Clark,Erin Petersen,Operations Manager,erin.petersen@mendozasilvaandclark.example.com,2026-07-17 06:32:07.938800,REFERRAL PAYOUTS,,,,California,100
ACME-L01719,Nolan Ltd,Kimberly James,IT Manager,kimberly.james@nolanltd.example.com,2026-07-17 09:32:34.391047,Google Ads,google,cpc,msp_q3_pmax,MA,67
ACME-L01720,Griffin PLC,Darrell Vega,Owner,darrell.vega@griffinplc.example.com,2026-07-17 09:59:42.805533,facebook,facebook,paid_social,msp_q3_cyber_guide,NY,88
ACME-L01721,Dunn and Sons,Brianna Ortega,CFO,brianna.ortega@dunnandsons.example.com,2026-07-17 10:41:01.350841,Call Tracking,callrail,phone,gbp_listing,NJ,70
ACME-L01722,Williams Curtis and Bautista,Eric Glass,Office Manager,eric.glass@williamscurtisandbautist.example.com,2026-07-17 11:04:31.879790,Google Ads,google,cpc,msp_q3_pmax,NY,64
ACME-L01723,Ward Stone and Curtis,Sara Banks,Office Manager,sara.banks@wardstoneandcurtis.example.com,2026-07-17 11:24:10.574799,Google Ads,google,cpc,msp_q3_search,MA,94
ACME-L01724,Hansen LLC,Shannon Peterson,CFO,shannon.peterson@hansenllc.example.com,07/17/2026 11:34:34,Outbound,,,,IL,88
ACME-L01725,Hardin-Nguyen,Elizabeth Lopez,Practice Manager,elizabeth.lopez@hardinnguyen.example.com,2026-07-17 11:39:38.538588,Call Tracking,Callrail ,phone,local_services,NY,70
ACME-L01726,Mann-Munoz,Jonathan Kim,CFO,jonathan.kim@mannmunoz.example.com,2026-07-17 12:21:43.777242,Meta Ads,facebook,paid_social,msp_q3_cyber_guide,FL,88
ACME-L01727,Nguyen Smith and Osborne,Deborah Pena,Operations Manager,deborah.pena@nguyensmithandosborne.example.com,07/17/2026 12:42:54,Google Ads,google,cpc,msp_q3_search,NY,94
ACME-L01728,Hall-James,Craig Hogan,Practice Manager,craig.hogan@halljames.example.com,2026-07-17 13:09:53.524571,Call Tracking,callrail,phone,gbp_listing,NJ,97
ACME-L01729,Anderson Bishop and Weber,Michaela Smith,IT Manager,michaela.smith@andersonbishopandweber.example.com,2026-07-17 13:52:40.727932,Referral,,,,MA,100
ACME-L01730,Anderson-Wallace,Daniel Deleon,Owner,DANIEL.DELEON@ANDERSONWALLACE.EXAMPLE.COM ,2026-07-17 14:10:03.249959,Referral,,,,TX,73
ACME-L01731,Patterson Owen and Clark,Brandy Jones,Operations Manager,brandy.jones@pattersonowenandclark.example.com,2026-07-17 15:47:36.492342, ppc ,google,cpc,msp_q3_pmax,NY,94
ACME-L01732,Sparks Martinez and Rodriguez,Jeffrey Barrett,Office Manager,jeffrey.barrett@sparksmartinezandrodrigu.example.com,2026-07-17 16:12:28.935547,Google Ads,google,cpc,msp_q3_pmax,IL,94
ACME-L01733,Yu-Chambers,Scott Barnes,CFO,scott.barnes@yuchambers.example.com,2026-07-17 17:01:46.528418,Meta Ads,facebook,paid_social,msp_q3_retargeting,NY,61
ACME-L01734,Martinez Romero and Wells,Julie Huff,Operations Manager,julie.huff@martinezromeroandwells.example.com,2026-07-17 17:15:04.397611,Google Ads,google,cpc,msp_q3_pmax,IL,64
ACME-L01735,Santos Murphy and George,James Hood,,james.hood@santosmurphyandgeorge.example.com,2026-07-17 17:31:13.434629,Outbound,,,,NJ,63
ACME-L01736,Archer Burke and Pittman,Anne Farmer,CFO,anne.farmer@archerburkeandpittman.example.com,2026-07-17 17:50:23.109204,Meta Ads,facebook,paid_social,msp_q3_cyber_guide,NY,61
ACME-L01737,Roy Smith and Sloan,Sandra Hawkins,Owner,sandra.hawkins@roysmithandsloan.example.com,2026-07-17 18:10:15.968751,google_cpc,google,cpc,msp_q3_pmax,TX,37
ACME-L01738,Brown Stein and Huber,Stephen Smith,Office Manager,stephen.smith@brownsteinandhuber.example.com,2026-07-17 21:27:55.080850,ADWORDS,google,cpc,msp_q3_pmax,MA,94
ACME-L01739,Martinez Doyle and Cordova,Nicholas Barker,CFO,nicholas.barker@martinezdoyleandcordova.example.com,2026-07-18 04:35:37.290224,inbound call,callrail,phone,local_services,TX,40
ACME-L01740,Fernandez Inc,Susan Farmer,IT Manager,susan.farmer@fernandezinc.example.com,07/18/2026 06:38:18,Meta Ads,facebook,paid_social,msp_q3_retargeting,NJ,39
ACME-L01741,Walker-Webb,Jasmin Ward,CFO,jasmin.ward@walkerwebb.example.com,2026-07-18 10:42:52.371813,Meta Ads,facebook,paid_social, MSP_Q3_CYBER_GUIDE,CA,88
ACME-L01742,Barrett-Jones,Joseph Bonilla,Operations Manager,joseph.bonilla@barrettjones.example.com,2026-07-18 13:08:12.004129,fb,facebook,paid_social,msp_q3_retargeting,NY,53
ACME-L01743,Thompson and Sons,Jeremy Nguyen,CFO,jeremy.nguyen@thompsonandsons.example.com,2026-07-18 14:08:20.950126,Google Ads,google,cpc,msp_q3_pmax,MA,94
ACME-L01744,Lindsey-Rogers,Bobby Garcia,IT Manager,bobby.garcia@lindseyrogers.example.com,2026-07-19 01:33:27.124952,Outbound,,,,NY,90
ACME-L01745,Mejia Ltd,Mary Gray,Practice Manager,mary.gray@mejialtd.example.com,2026-07-19 06:19:42.082792,Google Ads,google,cpc,msp_q3_pmax,TX,94
ACME-L01746,Hughes Daugherty and Green,Stephanie Collins,Office Manager,stephanie.collins@hughesdaughertyandgreen.example.com,2026-07-19 06:52:16.154467,Referral,,,,TX,51
ACME-L01747,Russell-Wheeler,Stephen Brown,IT Manager,stephen.brown@russellwheeler.example.com,07/19/2026 09:16:30,Meta Ads,facebook,paid_social,msp_q3_cyber_guide,MA,88
ACME-L01748,Hill Moore and Stevens,Bryan Erickson,IT Manager,bryan.erickson@hillmooreandstevens.example.com,2026-07-19 09:45:28.364386,Google Ads,google,cpc,msp_q3_search,NY,94
ACME-L01749,Beard Moss and Adams,Angela Smith,CFO,angela.smith@beardmossandadams.example.com,2026-07-19 17:12:52.540986,Meta Ads,facebook,paid_social,msp_q3_cyber_guide,New York,88
ACME-L01750,Thomas-Levy,Denise Kelley,,denise.kelley@thomaslevy.example.com,2026-07-19 18:01:42.091916,Outbound,,,,,59
ACME-L01751,Smith Rice and Jones,Lindsay Baker,IT Director,lindsay.baker@smithriceandjones.example.com,2026-07-19 23:56:28.597559,Referral,,,,MA,73
ACME-L01752,Romero Inc,Derrick Hale,IT Director,derrick.hale@romeroinc.example.com,2026-07-20 03:23:40.006998,Outbound,,,,IL,63
ACME-L01753,Richards-Manning,Daniel Hall,IT Manager,daniel.hall@richardsmanning.example.com,2026-07-20 03:29:16.434831,Google Ads,google,cpc,msp_q3_search,NJ,94
ACME-L01754,Burns Group,Robert Adams,IT Director,robert.adams@burnsgroup.example.com,2026-07-20 04:05:45.451873,Outbound,,,,TX,90
ACME-L01755,Ramirez Fox and Mendoza,Donald Thomas,Practice Manager,donald.thomas@ramirezfoxandmendoza.example.com,2026-07-20 07:20:15.397243,Google Ads Search,google,cpc,msp_q3_search,MA,67
ACME-L01756,Carter-Reynolds,Mary Howell,CFO,mary.howell@carterreynolds.example.com,2026-07-20 08:38:18.136059, google ads search ,google,cpc,msp_q3_pmax,CA,67
ACME-L01757,Chavez Mcneil and Smith,Jack Weaver,Owner,JACK.WEAVER@CHAVEZMCNEILANDSMITH.EXAMPLE.COM ,2026-07-20 09:40:35.549376,Outbound,,,,NY,51
ACME-L01758,Davis LLC,Peggy Hart,Owner,peggy.hart@davisllc.example.com,2026-07-20 10:36:56.463368,Meta Ads,facebook,paid_social,msp_q3_retargeting,NY,88
ACME-L01759,Browning Ltd,Shawn Stewart,COO,shawn.stewart@browningltd.example.com,2026-07-20 11:58:51.731873,Google Ads,google,cpc,msp_q3_search,TX,37
ACME-L01760,Abbott Inc,Ian Miller,IT Director,ian.miller@abbottinc.example.com,2026-07-20 12:39:31.348207,Meta Ads,facebook,paid_social,msp_q3_retargeting,MA,88
ACME-L01761,Snyder LLC,Robyn Vaughan,Owner,robyn.vaughan@snyderllc.example.com,2026-07-20 13:29:56.596160,Meta Ads,facebook,paid_social,msp_q3_cyber_guide,New Jersey,61
ACME-L01762,Leach Inc,Alice Vincent,COO,alice.vincent@leachinc.example.com,2026-07-20 13:39:46.590968,Referral,,,,IL,73
ACME-L01763,Mitchell-Doyle,Tara Clements,IT Manager,tara.clements@mitchelldoyle.example.com,2026-07-20 14:04:07.061510,Meta Ads,facebook,paid_social,msp_q3_cyber_guide,TX,88
ACME-L01764,Cooper Mitchell and Arias,Brett Stewart,Owner,brett.stewart@coopermitchellandarias.example.com,2026-07-20 14:34:20.056595,FACEBOOK ADS,facebook,paid_social,msp_q3_cyber_guide,CA,61
ACME-L01765,Wilkinson Davis and Macias,Jeffrey Anderson,Operations Manager,jeffrey.anderson@wilkinsondavisandmacias.example.com,2026-07-20 15:34:14.501247,COLD EMAIL,,,,NY,90
ACME-L01766,White Group,Jennifer Castaneda,IT Director,jennifer.castaneda@whitegroup.example.com,07/20/2026 15:42:53,Google Ads,google,cpc,msp_q3_pmax,TX,37
ACME-L01767,Carpenter and Sons,Chad Hayes,Owner,chad.hayes@carpenterandsons.example.com,2026-07-20 16:00:13.892005,Meta Ads,facebook,paid_social,msp_q3_cyber_guide,TX,88
ACME-L01768,Miller Sullivan and Williams,Ricky Bullock,IT Manager,ricky.bullock@millersullivanandwilliam.example.com,2026-07-20 17:42:16.731450,Meta Ads,facebook,paid_social,msp_q3_retargeting,MA,88
ACME-L01769,Marquez-Randolph,Molly Rich,Operations Manager,molly.rich@marquezrandolph.example.com,2026-07-20 17:59:37.732760,Referral,,,,NJ,
ACME-L01770,Murphy and Sons,Caitlin Briggs,CFO,caitlin.briggs@murphyandsons.example.com,2026-07-21 07:23:17.196289,Referral,,,,NJ,94
ACME-L01771,Woods Kent and Evans,James Gardner,Owner,james.gardner@woodskentandevans.example.com,2026-07-21 07:38:22.333769,Referral,,,,NY,73
ACME-L01772,Nguyen LLC,Ashley Wilcox,,ashley.wilcox@nguyenllc.example.com,2026-07-21 08:24:18.504156,Google,google,cpc,msp_q3_pmax,MA,67
ACME-L01773,Fuller PLC,Lisa Moreno,Owner,lisa.moreno@fullerplc.example.com,2026-07-21 09:09:40.462030,GOOGLE,google,cpc,msp_q3_pmax,NJ,82
ACME-L01774,Fox PLC,Michael Bean,Operations Manager,michael.bean@foxplc.example.com,2026-07-21 12:39:46.696939,Google ads search,google,cpc,msp_q3_search,NJ,67
ACME-L01775,Webb Blake and Giles,Michael Horn,Practice Manager,michael.horn@webbblakeandgiles.example.com,07/21/2026 13:00:09,Google Ads,google,cpc,msp_q3_pmax,NY,94
ACME-L01776,Mcknight-Brown,Bryan Murphy,Operations Manager,bryan.murphy@mcknightbrown.example.com,2026-07-21 14:19:49.196141,Meta Ads,facebook,paid_social,msp_q3_cyber_guide,NJ,88
ACME-L01777,Fisher Ltd,Sharon Kennedy,COO,sharon.kennedy@fisherltd.example.com,2026-07-21 14:44:40.381146,Google Ads,google,cpc,msp_q3_search,NJ,67
ACME-L01778,Williams Santos and Thomas,Jorge Fisher,COO,jorge.fisher@williamssantosandthomas.example.com,07/21/2026 15:27:02,Meta Ads,facebook,paid_social,msp_q3_cyber_guide,TX,82
ACME-L01779,Little White and Perkins,Manuel Kennedy,IT Manager,manuel.kennedy@littlewhiteandperkins.example.com,2026-07-21 15:49:54.204910,Google Ads,google,cpc,msp q3 search,,88
ACME-L01780,Fisher PLC,Joseph Williams,,JOSEPH.WILLIAMS@FISHERPLC.EXAMPLE.COM ,2026-07-21 16:53:52.788436,Referal,,,,CA,73
ACME-L01781,Dorsey-Brown,Sandra Mahoney,Operations Manager,sandra.mahoney@dorseybrown.example.com,2026-07-21 16:58:00.540993,Referral,,,,NY,73
ACME-L01782,Sanders Group,Andre Anderson,COO,andre.anderson@sandersgroup.example.com,07/21/2026 17:21:16,Referral,,,,NY,100
ACME-L01783,Ballard-Patterson,Tommy Young,Practice Manager,tommy.young@ballardpatterson.example.com,2026-07-21 17:50:54.053001,Meta Ads,facebook,paid_social,msp_q3_retargeting,tx,88
ACME-L01784,Johnson-Irwin,Kathy Dixon,Owner,kathy.dixon@johnsonirwin.example.com,2026-07-22 00:37:33.228697,Call Tracking,callrail,phone,local_services,NY,97
ACME-L01785,Huerta Hammond and Ryan,Jennifer Little,Practice Manager,jennifer.little@huertahammondandryan.example.com,2026-07-22 06:03:02.154531,Meta Ads,facebook,paid_social,msp_q3_cyber_guide,NJ,58
ACME-L01786,Bennett-Taylor,Michelle Crawford,,michelle.crawford@bennetttaylor.example.com,07/22/2026 07:29:35,Google Ads,google,cpc,msp_q3_pmax,IL,94
ACME-L01787,Richardson Group,Steven James,COO,steven.james@richardsongroup.example.com,2026-07-22 08:20:40.252768,Google Ads,google,cpc,msp_q3_pmax,NY,78
ACME-L01788,Nguyen Bates and Mckinney,Steve Hill,COO,steve.hill@nguyenbatesandmckinney.example.com,2026-07-22 10:09:19.767309,Meta Ads,facebook,paid_social,msp_q3_cyber_guide,Texas,88
ACME-L01789,Frederick-Cruz,Christopher Rodriguez,Operations Manager,christopher.rodriguez@frederickcruz.example.com,2026-07-22 10:13:28.106571,Meta Ads,facebook,paid_social,msp q3 retargeting,NJ,66
ACME-L01790,Haas PLC,Michael Bernard,Office Manager,michael.bernard@haasplc.example.com,2026-07-22 10:23:03.629018,Google Ads,google,cpc,msp_q3_search,NY,94
ACME-L01791,Ritter Ltd,Ryan Thompson,IT Director,ryan.thompson@ritterltd.example.com,2026-07-22 10:32:32.297481,Outbound,,,,IL,51
ACME-L01792,Mcclain-Nguyen,Andrew Ortega,IT Manager,andrew.ortega@mcclainnguyen.example.com,2026-07-22 12:57:23.496529, adwords ,google,cpc,,CA,94
ACME-L01793,Miranda Thompson and Wood,Adam Gonzalez,Owner,adam.gonzalez@mirandathompsonandwood.example.com,2026-07-22 13:16:32.039609,Google Ads,google,cpc,,TX,67
ACME-L01794,Gomez-Gonzalez,Cindy Hicks,Owner,cindy.hicks@gomezgonzalez.example.com,2026-07-22 14:02:56.155155,Google Ads,google,cpc,msp_q3_search,Unassigned,74
ACME-L01795,Smith-Schmitt,Christina Russell,COO,christina.russell@smithschmitt.example.com,2026-07-22 15:05:31.120292,Outbound,,,,FL,60
ACME-L01796,Moore-Soto,Susan Bennett,Owner,susan.bennett@mooresoto.example.com,2026-07-22 15:18:58.709438,Outbound,,,,TX,90
ACME-L01797,Wilkerson-Torres,Jennifer Dalton,Practice Manager,jennifer.dalton@wilkersontorres.example.com,2026-07-22 15:24:49.015975,word of mouth,,,,TX,73
ACME-L01798,Henderson-Phillips,Timothy Bailey,Owner,timothy.bailey@hendersonphillips.example.com,2026-07-22 15:28:24.450091,Google Ads,google,cpc,msp_q3_pmax,TX,94
ACME-L01799,Mueller Ltd,Roy Garner,COO,roy.garner@muellerltd.example.com,07/22/2026 15:31:30,Outbound,,,,NY,63
ACME-L01800,Hamilton Inc,Julia Campbell,IT Manager,julia.campbell@hamiltoninc.example.com,2026-07-22 15:58:51.384083,Meta Ads,facebook,paid_social,msp_q3_retargeting,TX,88
ACME-L01801,Charles Mitchell and Rodriguez,Kelly Farrell,Office Manager,kelly.farrell@charlesmitchellandrodrig.example.com,2026-07-22 16:50:48.088794,Referral,,,,CA,73
ACME-L01802,Johnson and Sons,Sarah Lopez,COO,sarah.lopez@johnsonandsons.example.com,2026-07-22 16:58:05.416662,Referral,,,,MA,100
ACME-L01803,Rubio-Burns,Michaela Williams,Office Manager,michaela.williams@rubioburns.example.com,2026-07-22 17:11:32.230331, outbound - sdr ,,,,CA,90
ACME-L01804,Lynch Delgado and Reed,Daniel Hudson,IT Director,daniel.hudson@lynchdelgadoandreed.example.com,07/22/2026 17:18:53,Meta Ads,facebook,paid_social,msp_q3_cyber_guide,NY,88
ACME-L01805,Martinez Williams and Love,Jessica Gilbert,COO,jessica.gilbert@martinezwilliamsandlove.example.com,2026-07-22 17:24:39.970707,Meta Ads,facebook,paid_social, MSP_Q3_RETARGETING,MA,88
ACME-L01806,Chase Perez and Shields,Linda Gonzales,Owner,linda.gonzales@chaseperezandshields.example.com,2026-07-22 17:24:50.561980,Google Ads,google,cpc,msp_q3_search,NY,94
ACME-L01807,Lee-Reed,Michael Wilcox,CFO,michael.wilcox@leereed.example.com,2026-07-23 00:17:29.066299,Google Ads,google,cpc,msp_q3_search,IL,94
ACME-L01808,Briggs Adams and Miller,Adam Robertson,IT Manager,adam.robertson@briggsadamsandmiller.example.com,2026-07-23 02:04:44.139029,Call Tracking,callrail,phone,gbp_listing,NY,83
ACME-L01809,Ross PLC,Barbara Ramirez,Practice Manager,barbara.ramirez@rossplc.example.com,2026-07-23 02:10:27.832544,google_cpc,google,cpc,msp_q3_pmax,IL,
ACME-L01810,Cameron Arnold and Carpenter,Gina Dunn,Office Manager,gina.dunn@cameronarnoldandcarpente.example.com,07/23/2026 03:31:46,Outbound,,,,IL,57
ACME-L01811,Rodriguez Schwartz and Mcfarland,Kathleen Daniels,COO,kathleen.daniels@rodriguezschwartzandmcfa.example.com,2026-07-23 08:29:00.473104,Meta Ads,facebook,paid_social,msp_q3_cyber_guide,tx,71
ACME-L01812,Mathis Ltd,Joshua Jones,Office Manager,joshua.jones@mathisltd.example.com,2026-07-23 09:03:43.459988,Google Ads,google,cpc,msp_q3_pmax,TX,67
ACME-L01813,Edwards Group,Robert Cowan,Office Manager,robert.cowan@edwardsgroup.example.com,2026-07-23 09:07:55.632435,Google Ads,google,cpc, MSP_Q3_SEARCH,,94
ACME-L01814,Johnson Dalton and Armstrong,Janice Stewart,Office Manager,janice.stewart@johnsondaltonandarmstron.example.com,2026-07-23 09:49:49.890982,Outbound,,,,NY,90
ACME-L01815,Warner Moore and Swanson,Benjamin Owens,CFO,benjamin.owens@warnermooreandswanson.example.com,2026-07-23 09:57:33.496618,Outbound,,,,IL,90
ACME-L01816,Webb Brown and Miller,Wendy Martin,Owner,wendy.martin@webbbrownandmiller.example.com,2026-07-23 11:20:18.874180,Google Ads,google,cpc,msp_q3_pmax,NY,67
ACME-L01817,Yang Singh and Dean,Robin Brown,,robin.brown@yangsinghanddean.example.com,2026-07-23 12:18:16.171687,Meta Ads,facebook,paid_social,msp_q3_cyber_guide,NY,61
ACME-L01818,Cruz Archer and Myers,Jessica Decker,Operations Manager,jessica.decker@cruzarcherandmyers.example.com,2026-07-23 13:33:33.507727,Meta Ads,facebook,paid_social,msp_q3_retargeting,FL,88
ACME-L01819,Bridges Jackson and Lowery,Patricia Cunningham,CFO,patricia.cunningham@bridgesjacksonandlowery.example.com,07/23/2026 13:54:01,Meta Ads,facebook,paid_social,msp_q3_retargeting,NY,61
ACME-L01820,Pham-Moore,Ashley Barker,Operations Manager,ashley.barker@phammoore.example.com,2026-07-23 14:19:11.841841, paid social ,Facebook ,paid_social,msp_q3_retargeting,FL,75
ACME-L01821,Vasquez and Sons,Rachel Cox,COO,rachel.cox@vasquezandsons.example.com,07/23/2026 15:23:52,Referral,,,,NJ,98
ACME-L01822,Kerr Thompson and Wise,Patrick Harper,COO,PATRICK.HARPER@KERRTHOMPSONANDWISE.EXAMPLE.COM ,2026-07-23 15:24:11.826093,Call Tracking,callrail,phone, LOCAL_SERVICES,TX,97
ACME-L01823,Roy-Hernandez,Timothy Mcdonald,CFO,timothy.mcdonald@royhernandez.example.com,2026-07-23 16:31:32.438860,Google Ads,google,cpc,msp_q3_search,TX,94
ACME-L01824,Johnson and Sons,Margaret Harvey,,margaret.harvey@johnsonandsons.example.com,2026-07-23 17:50:32.197408,Google Ads,google,cpc, MSP_Q3_PMAX,MA,94
ACME-L01825,Mejia and Sons,Savannah Fisher,Owner,savannah.fisher@mejiaandsons.example.com,2026-07-23 18:25:42.707115,Google Ads,Google ,cpc,msp q3 search,NJ,37
ACME-L01826,Miller Group,Cynthia Doyle,Owner,cynthia.doyle@millergroup.example.com,2026-07-23 22:52:14.618152,Meta Ads,facebook,paid_social,msp_q3_retargeting,FL,88
ACME-L01827,Brooks-Cross,Annette Castro,Office Manager,annette.castro@brookscross.example.com,2026-07-24 08:19:47.361218,Referral,,,,NY,100
ACME-L01828,Holmes-Ryan,Stephanie Simpson,IT Manager,stephanie.simpson@holmesryan.example.com,2026-07-24 09:56:50.834254,Google Ads,google,cpc,msp_q3_search,NY,67
ACME-L01829,Morales Group,Jennifer Monroe,Practice Manager,jennifer.monroe@moralesgroup.example.com,2026-07-24 09:57:34.529089,Google Ads,google,cpc,msp_q3_pmax,TX,94
ACME-L01830,Owens Brennan and Schmitt,Krystal Grant,Operations Manager,krystal.grant@owensbrennanandschmitt.example.com,2026-07-24 10:19:28.259041,Meta Ads,facebook,paid_social,msp_q3_retargeting,MA,88
ACME-L01831,Klein Inc,Carol Diaz,Owner,carol.diaz@kleininc.example.com,2026-07-24 10:38:09.856045,Google Ads,google,cpc,msp q3 search,NY,94
ACME-L01832,Whitney-Matthews,Stephen Johnson,IT Director,stephen.johnson@whitneymatthews.example.com,2026-07-24 11:12:36.709973,Referral,,,,TX,100
ACME-L01833,Mccarthy Inc,Emily Chambers,IT Manager,emily.chambers@mccarthyinc.example.com,2026-07-24 11:45:10.919369,Google Ads,google,cpc,msp_q3_search,CA,67
ACME-L01834,Erickson Hunt and Young,Bruce Howard,COO,bruce.howard@ericksonhuntandyoung.example.com,2026-07-24 14:33:19.194599,Google Ads,google,cpc,msp_q3_pmax,TX,64
ACME-L01835,Edwards-Gomez,Travis Phillips,Owner,travis.phillips@edwardsgomez.example.com,2026-07-24 14:38:55.430764,Google Ads,Google ,cpc, MSP_Q3_PMAX,ca,79
ACME-L01836,Wright LLC,Alexandra Perez,Office Manager,alexandra.perez@wrightllc.example.com,2026-07-24 14:39:31.733382,Google Ads,google,cpc,msp_q3_search,NY,94
ACME-L01837,Wilson and Sons,Gregory Williams,Practice Manager,gregory.williams@wilsonandsons.example.com,2026-07-24 14:46:26.493097,Google Ads,Google ,cpc,msp_q3_pmax,MA,55
ACME-L01838,Mendoza Hood and Davis,Nicole Adams,CFO,nicole.adams@mendozahoodanddavis.example.com,2026-07-24 15:17:05.761126,Facebook,facebook,paid_social,msp_q3_cyber_guide,CA,88
ACME-L01839,Lutz and Sons,Darrell Robertson,Operations Manager,darrell.robertson@lutzandsons.example.com,2026-07-24 16:04:08.022728, instagram ,facebook,paid_social,msp q3 cyber guide,NJ,74
ACME-L01840,Woodard PLC,Gregory Summers,Practice Manager,gregory.summers@woodardplc.example.com,2026-07-24 16:21:46.028038,phone,callrail,phone,gbp listing,IL,70
ACME-L01841,Evans-Dawson,Jason Smith,IT Manager,jason.smith@evansdawson.example.com,2026-07-24 16:26:22.154874,Google Ads,google,cpc,msp_q3_pmax,NY,94
ACME-L01842,Hurley Wright and Jones,Crystal Johnson,Owner,crystal.johnson@hurleywrightandjones.example.com,2026-07-24 16:55:51.221134,Call Tracking,callrail,phone,local_services,TX,97
ACME-L01843,Campbell-Nolan,Dana Ryan,COO,dana.ryan@campbellnolan.example.com,2026-07-24 17:39:00.282354,referral payouts,,,,Illinois,100
ACME-L01844,Romero-Peters,Sean Jackson,Practice Manager,sean.jackson@romeropeters.example.com,2026-07-24 17:48:59.748287,Google Ads,google,cpc,msp_q3_search,FL,94
ACME-L01845,Cline Vasquez and Smith,Patricia Harris,Operations Manager,patricia.harris@clinevasquezandsmith.example.com,2026-07-24 22:47:37.681294,Google_cpc,google,cpc,msp_q3_search,NJ,94
ACME-L01846,Taylor Dixon and Hooper,Amy Howard,Practice Manager,amy.howard@taylordixonandhooper.example.com,2026-07-25 01:32:08.590896,Referral,,,,IL,70
ACME-L01847,Chase Jones and Tapia,Debbie Price,COO,debbie.price@chasejonesandtapia.example.com,2026-07-25 09:09:34.671183,Google Ads,google,cpc, MSP_Q3_PMAX,CA,37
ACME-L01848,Carpenter Benitez and Schroeder,Sara Richmond,COO,sara.richmond@carpenterbenitezandschro.example.com,07/25/2026 11:36:36,Google Ads,google,cpc,msp_q3_pmax,NY,67
ACME-L01849,Howell-Turner,Megan Smith,CFO,megan.smith@howellturner.example.com,2026-07-25 13:25:47.423015,Google Ads,google,cpc,msp_q3_search,NY,94
ACME-L01850,Rios Crawford and Sanders,Mary Turner,,mary.turner@rioscrawfordandsanders.example.com,2026-07-25 15:00:52.599864,Outbound,,,,NJ,61
ACME-L01851,Johnson Rosario and Ferguson,Brandi Jones,Operations Manager,brandi.jones@johnsonrosarioandferguso.example.com,2026-07-25 16:24:42.003370,Meta Ads,facebook,paid_social,msp_q3_cyber_guide,NJ,61
ACME-L01852,West Bowman and Lopez,Adam Howard,Office Manager,adam.howard@westbowmanandlopez.example.com,2026-07-26 02:18:39.243581,Meta Ads,facebook,paid_social, MSP_Q3_CYBER_GUIDE,CA,88
ACME-L01853,Garner Ltd,Tammy Suarez,,tammy.suarez@garnerltd.example.com,2026-07-26 11:12:32.969211,Call Tracking,callrail,phone, GBP_LISTING,TX,70
ACME-L01854,Howard-Wright,Ethan Myers,Operations Manager,ethan.myers@howardwright.example.com,2026-07-27 09:38:14.406386,Meta Ads,Facebook ,paid_social,msp_q3_retargeting,NJ,88
ACME-L01855,Bentley-Adams,Dana Meyers,,dana.meyers@bentleyadams.example.com,2026-07-27 10:14:31.780657,GOOGLE ADS SEARCH,google,cpc,msp_q3_search,IL,93
ACME-L01856,Fischer-Bush,Margaret Ellison,CFO,margaret.ellison@fischerbush.example.com,2026-07-27 10:23:23.322336,referral payouts,,,,NY,73
ACME-L01857,Cooley-Michael,Laura Ruiz,,laura.ruiz@cooleymichael.example.com,2026-07-27 12:03:01.516797,google ads search,Google ,cpc,msp_q3_pmax,NY,67
ACME-L01858,Hall Bradley and Hayden,Kyle Hickman,Practice Manager,kyle.hickman@hallbradleyandhayden.example.com,2026-07-27 12:21:05.949801,Meta Ads,facebook,paid_social,msp_q3_cyber_guide,NY,63
ACME-L01859,Black and Sons,Stephen Myers,IT Director,stephen.myers@blackandsons.example.com,2026-07-27 14:01:13.172446,Referral,,,,NY,67
ACME-L01860,Davis-Kirby,Maria Black,IT Director,maria.black@daviskirby.example.com,2026-07-27 16:26:18.369913,Meta Ads,facebook,paid_social,msp_q3_cyber_guide,MA,88
ACME-L01861,Lee Ltd,Sydney Dickson,Practice Manager,sydney.dickson@leeltd.example.com,2026-07-27 19:40:32.567952,Outbound,,,,TX,35
ACME-L01862,Marshall-Smith,Allison King,COO,allison.king@marshallsmith.example.com,2026-07-27 22:31:44.160386,Outbound,,,,NY,90
ACME-L01863,Warren Ltd,Karen Clark,,karen.clark@warrenltd.example.com,2026-07-28 00:04:05.986522,Meta Ads,Facebook ,paid_social,msp_q3_cyber_guide,ny,61
ACME-L01864,Jones LLC,John Pham,Operations Manager,john.pham@jonesllc.example.com,2026-07-28 01:11:27.587592,Google Ads,google,cpc,msp_q3_search,TX,48
ACME-L01865,Hill and Sons,Hannah Martin,Owner,hannah.martin@hillandsons.example.com,2026-07-28 05:14:22.832601,Referral,,,,TX,100
ACME-L01866,Matthews-Bowen,Victoria Rodriguez,Office Manager,victoria.rodriguez@matthewsbowen.example.com,2026-07-28 07:29:40.078725,Referral,,,,NY,100
ACME-L01867,Lee PLC,Natalie Griffith,Practice Manager,NATALIE.GRIFFITH@LEEPLC.EXAMPLE.COM ,07/28/2026 08:23:37,Meta Ads,facebook,paid_social,msp_q3_retargeting,New Jersey,88
ACME-L01868,Arnold Johnson and Long,John Robertson,Office Manager,john.robertson@arnoldjohnsonandlong.example.com,2026-07-28 09:05:04.665327,Meta Ads,Facebook ,paid_social,msp_q3_retargeting,NY,61
ACME-L01869,Maddox Jones and Jacobs,Meagan Johnson,Office Manager,meagan.johnson@maddoxjonesandjacobs.example.com,2026-07-28 09:11:45.816651,Outbound,,,,MA,90
ACME-L01870,Gutierrez-Choi,Michael Harvey,IT Director,michael.harvey@gutierrezchoi.example.com,2026-07-28 09:25:16.472016,Word Of Mouth,,,,FL,73
ACME-L01871,Cox-Hutchinson,Anna Hurst,Office Manager,anna.hurst@coxhutchinson.example.com,2026-07-28 12:05:26.898429,Google Ads,google,cpc,msp_q3_pmax,CA,45
ACME-L01872,Moore Inc,Kyle Frederick,Practice Manager,kyle.frederick@mooreinc.example.com,07/28/2026 12:21:43,Google Ads,google,cpc,msp_q3_search,TX,53
ACME-L01873,Campbell Carter and Lane,Nathan Meza,Practice Manager,nathan.meza@campbellcarterandlane.example.com,2026-07-28 12:45:38.818793,Outbound,,,,NJ,63
ACME-L01874,Williams Davis and Lucas,Dustin Wade,Operations Manager,dustin.wade@williamsdavisandlucas.example.com,2026-07-28 13:10:08.355523,Meta Ads,facebook,paid_social,msp_q3_retargeting,MA,88
ACME-L01875,Macias Group,Scott Bailey,IT Manager,scott.bailey@maciasgroup.example.com,2026-07-28 13:29:25.684285, prospecting ,,,,New York,63
ACME-L01876,Moreno LLC,Sharon Potts,Operations Manager,sharon.potts@morenollc.example.com,07/28/2026 13:40:19,Google Ads,google,cpc,msp_q3_pmax,NJ,67
ACME-L01877,Carrillo Rodriguez and Beard,Ashley Rosario,Owner,ashley.rosario@carrillorodriguezandbear.example.com,2026-07-28 13:50:01.422515,Google Ads,google,cpc,msp_q3_pmax,NJ,69
ACME-L01878,Woods Campbell and Lane,Kerri Wilson,Practice Manager,kerri.wilson@woodscampbellandlane.example.com,2026-07-28 14:04:48.646134,Google Ads,google,cpc,msp_q3_search,NJ,67
ACME-L01879,Evans Inc,Alexander Weber,IT Manager,alexander.weber@evansinc.example.com,2026-07-28 14:47:51.268862,Google Ads,google,cpc,msp_q3_search,MA,67
ACME-L01880,Schmidt Hughes and Smith,Alison Kelly,Practice Manager,alison.kelly@schmidthughesandsmith.example.com,2026-07-28 14:49:35.395511,Outbound,,,,NY,90
ACME-L01881,Barker PLC,Robert Wise,COO,robert.wise@barkerplc.example.com,2026-07-28 15:08:41.216528,google,google,cpc,msp_q3_pmax,FL,67
ACME-L01882,Vazquez Howell and Brown,Olivia Chan,Operations Manager,olivia.chan@vazquezhowellandbrown.example.com,2026-07-28 15:31:34.351666,Meta Ads,facebook,paid_social,msp_q3_cyber_guide,NY,47
ACME-L01883,Joyce Ltd,David Campos,Practice Manager,david.campos@joyceltd.example.com,2026-07-28 15:43:58.829418,referal,,,,IL,100
ACME-L01884,French PLC,Jessica Thomas,Owner,jessica.thomas@frenchplc.example.com,2026-07-28 17:00:00.701943,Meta Ads,facebook,paid_social,,TX,88
ACME-L01885,Rogers Group,Anthony Hodge,COO,anthony.hodge@rogersgroup.example.com,2026-07-28 20:17:07.628699,Meta Ads,facebook,paid_social,msp_q3_cyber_guide,MA,61
ACME-L01886,Hanson-Young,Ashley Harrington,Owner,ashley.harrington@hansonyoung.example.com,2026-07-28 23:12:33.925349,Outbound,,,,NJ,63
ACME-L01887,Smith Craig and Andrews,Susan Fischer,Owner,susan.fischer@smithcraigandandrews.example.com,2026-07-28 23:54:48.826423,Meta Ads,facebook,paid_social,msp_q3_cyber_guide,NY,61
ACME-L01888,Burns and Sons,Justin Ballard,Owner,justin.ballard@burnsandsons.example.com,2026-07-29 00:13:43.415250,Call Tracking,callrail,phone,local_services,TX,70
ACME-L01889,Hill and Sons,Jeffrey Nelson,IT Director,jeffrey.nelson@hillandsons.example.com,2026-07-29 01:10:35.265447,Meta Ads,facebook,paid_social,msp_q3_retargeting,TX,88
ACME-L01890,Shields Horton and Williams,Tyler Mason,IT Director,tyler.mason@shieldshortonandwilliams.example.com,2026-07-29 04:41:46.834416,Outbound,,,,ny,90
ACME-L01891,Mitchell Inc,Erik Taylor,Operations Manager,erik.taylor@mitchellinc.example.com,2026-07-29 05:08:52.818717,Referral,,,,NY,43
ACME-L01892,Anderson-Collins,Melissa Carroll,Office Manager,melissa.carroll@andersoncollins.example.com,07/29/2026 05:22:13,Referral,,,,FL,73
ACME-L01893,James-Townsend,Karen Foster,Practice Manager,karen.foster@jamestownsend.example.com,2026-07-29 07:39:19.745878,Meta Ads,facebook,paid_social,msp_q3_cyber_guide,NY,61
ACME-L01894,Scott PLC,Michelle Keith,CFO,michelle.keith@scottplc.example.com,2026-07-29 08:07:26.459502,Google Ads,google,cpc,,MA,66
ACME-L01895,Chavez Inc,Nathan Bowman,IT Director,nathan.bowman@chavezinc.example.com,2026-07-29 09:06:05.174978,Google Ads,google,cpc,msp_q3_pmax,MA,94
ACME-L01896,Johnson Inc,John Jacobs,,john.jacobs@johnsoninc.example.com,2026-07-29 09:07:03.145313,Referral,,,,NY,70
ACME-L01897,Miller Ltd,Melanie Garcia,Practice Manager,melanie.garcia@millerltd.example.com,2026-07-29 10:20:46.327007,Meta Ads,facebook,paid_social,msp_q3_cyber_guide,MA,88
ACME-L01898,Berry-Moss,Ellen Ross,Operations Manager,ellen.ross@berrymoss.example.com,2026-07-29 10:28:08.071914,Referral,,,,nj,73
ACME-L01899,Williams Group,Daniel Williamson,Practice Manager,daniel.williamson@williamsgroup.example.com,2026-07-29 10:36:48.335097,Google Ads,google,cpc,msp_q3_pmax,MA,67
ACME-L01900,Harris Lopez and Torres,Leah Hall,,leah.hall@harrislopezandtorres.example.com,2026-07-29 11:35:50.913577,Outbound,,,,New Jersey,63
ACME-L01901,Jones-Price,Shannon Scott,,shannon.scott@jonesprice.example.com,2026-07-29 11:51:58.675904,Google Ads,google,cpc,msp_q3_search,ny,94
ACME-L01902,Parker LLC,Jo Berry,Owner,jo.berry@parkerllc.example.com,2026-07-29 11:56:16.523185,Referral,,,,NY,73
ACME-L01903,Lee Foster and Landry,Samantha Nixon,CFO,samantha.nixon@leefosterandlandry.example.com,2026-07-29 13:02:18.507858, google ads search ,google,cpc,msp_q3_pmax,TX,67
ACME-L01904,Bell Johnson and Brown,Stacey Long,Owner,stacey.long@belljohnsonandbrown.example.com,2026-07-29 13:53:05.490168,Google Ads,google,cpc,msp_q3_search,NY,67
ACME-L01905,Gonzalez-Molina,Glenda Martin,,glenda.martin@gonzalezmolina.example.com,2026-07-29 14:04:00.805172,Referral,,,,NJ,100
ACME-L01906,Frederick Harris and Orr,Shelly Sosa,Office Manager,shelly.sosa@frederickharrisandorr.example.com,2026-07-29 14:05:09.755341,Google Ads,google,cpc,msp_q3_pmax,New York,
ACME-L01907,Kane LLC,Brandon Warner,,brandon.warner@kanellc.example.com,2026-07-29 14:58:33.025236,Google Ads,google,cpc,msp_q3_search,NY,66
ACME-L01908,Garcia PLC,Valerie Nguyen,,valerie.nguyen@garciaplc.example.com,2026-07-29 15:55:31.349250,Call Tracking,callrail,phone,gbp_listing,NJ,40
ACME-L01909,Wolf Anthony and Taylor,Rhonda Hamilton,Office Manager,rhonda.hamilton@wolfanthonyandtaylor.example.com,2026-07-29 22:04:13.836562,Call Tracking,callrail,phone,gbp_listing,NJ,70
ACME-L01910,Cordova Moore and Smith,Raymond Guerra,CFO,raymond.guerra@cordovamooreandsmith.example.com,2026-07-30 00:16:07.668083,Google Ads,google,cpc,msp_q3_search,IL,94
ACME-L01911,Mcconnell Snyder and Lutz,Sandra Reed,CFO,sandra.reed@mcconnellsnyderandlutz.example.com,2026-07-30 01:49:34.314880,Outbound,,,,CA,63
ACME-L01912,Berg-Andrews,Nancy Carter,Owner,nancy.carter@bergandrews.example.com,2026-07-30 09:21:20.094564,Google Ads,google,cpc,msp q3 search,MA,67
ACME-L01913,Jones-Olson,Julia Gonzalez,Practice Manager,julia.gonzalez@jonesolson.example.com,2026-07-30 10:26:30.171407,google,google,cpc,msp_q3_search,TX,40
ACME-L01914,Underwood Inc,Edward Morales,IT Director,edward.morales@underwoodinc.example.com,07/30/2026 11:49:50,facebook ads,facebook,paid_social,msp_q3_cyber_guide,NJ,61
ACME-L01915,Terry and Sons,Michael Miller,IT Manager,michael.miller@terryandsons.example.com,07/30/2026 13:12:25,google_cpc,google,cpc,msp_q3_pmax,NY,67
ACME-L01916,Calhoun and Sons,Janet Smith,CFO,janet.smith@calhounandsons.example.com,07/30/2026 14:15:25,Referral,,,,FL,88
ACME-L01917,Schwartz-Burton,Brian Nelson,Office Manager,brian.nelson@schwartzburton.example.com,2026-07-30 15:17:27.177195,Google Ads,google,cpc,msp_q3_pmax,NY,67
ACME-L01918,Perry-Poole,Tyler Smith,Operations Manager,tyler.smith@perrypoole.example.com,2026-07-30 15:32:21.810992,Meta Ads,facebook,paid_social,msp q3 cyber guide,CA,45
ACME-L01919,Good Riddle and Torres,Carl Wright,CFO,carl.wright@goodriddleandtorres.example.com,2026-07-30 15:35:30.847903,Meta,facebook,paid_social,msp_q3_cyber_guide,MA,61
ACME-L01920,Reed Smith and Miller,Jenny Gutierrez,CFO,jenny.gutierrez@reedsmithandmiller.example.com,2026-07-30 15:39:39.062487,Google Ads,google,cpc,msp_q3_search,NY,67
ACME-L01921,Huber-Sanchez,Tracy Lewis,Office Manager,tracy.lewis@hubersanchez.example.com,2026-07-30 16:56:58.679377,Google Ads,google,cpc,msp_q3_search,MA,94
ACME-L01922,Jones-Thomas,Bryan Lambert,IT Manager,bryan.lambert@jonesthomas.example.com,2026-07-30 17:12:42.277755,Call Tracking,callrail,phone,local_services,TX,97
ACME-L01923,Tanner Douglas and Miller,Jeffery Vargas,IT Director,jeffery.vargas@tannerdouglasandmiller.example.com,2026-07-31 03:57:21.769058,Google Ads,google,cpc,msp_q3_pmax,TX,94
ACME-L01924,Moreno Ltd,Edwin Woods,CFO,edwin.woods@morenoltd.example.com,2026-07-31 09:20:03.882189,Ppc,Google ,cpc,msp_q3_search,NY,94
ACME-L01925,Lin-Martinez,Latoya Gill,,latoya.gill@linmartinez.example.com,2026-07-31 09:23:44.945842,Google Ads,google,cpc,msp_q3_search,CA,94
ACME-L01926,Morales LLC,Jose Moss,Owner,jose.moss@moralesllc.example.com,2026-07-31 09:30:07.224707, adwords ,google,cpc,msp_q3_search,TX,66
ACME-L01927,Buchanan Thomas and Kramer,Ryan Moore,CFO,ryan.moore@buchananthomasandkramer.example.com,2026-07-31 09:40:59.802370,INBOUND CALL,callrail,phone,gbp_listing,nj,48
ACME-L01928,Lopez and Sons,Benjamin Esparza,CFO,BENJAMIN.ESPARZA@LOPEZANDSONS.EXAMPLE.COM ,2026-07-31 10:11:20.374549,Referral,,,,MA,100
ACME-L01929,Russo Wilson and Wright,Terri Robinson,IT Manager,terri.robinson@russowilsonandwright.example.com,2026-07-31 13:15:10.484588,Meta Ads,facebook,paid_social,msp_q3_retargeting,MA,88
ACME-L01930,Webster LLC,Rachel Wright,IT Manager,rachel.wright@websterllc.example.com,2026-07-31 13:43:20.900624,google_cpc,google,cpc,msp_q3_search,NJ,67
ACME-L01931,Poole White and Gonzalez,Robert Hunter,COO,robert.hunter@poolewhiteandgonzalez.example.com,2026-07-31 14:27:16.013837,Meta Ads,facebook,paid_social,msp_q3_retargeting,FL,88
ACME-L01932,Sweeney-Graham,William Allison,Operations Manager,william.allison@sweeneygraham.example.com,07/31/2026 15:08:15,Google Ads,Google ,cpc,msp_q3_search,FL,67
ACME-L01933,Sanders Thompson and Lang,Raymond Torres,Office Manager,raymond.torres@sandersthompsonandlang.example.com,2026-07-31 16:08:33.133045,Outbound,,,,NY,90
ACME-L01934,Durham-Castro,Linda Anderson,,linda.anderson@durhamcastro.example.com,2026-07-31 16:10:08.427614,Meta Ads,Facebook ,paid_social,msp_q3_cyber_guide,TX,61
ACME-L01935,Dalton Miller and Wiggins,Sarah Garcia,,sarah.garcia@daltonmillerandwiggins.example.com,2026-07-31 16:33:09.585864,Google Ads,Google ,cpc,msp_q3_search,MA,80
ACME-L01936,Collins-Wood,Kristin Diaz,Operations Manager,kristin.diaz@collinswood.example.com,2026-07-31 17:12:10.198017,Google Ads,google,cpc,msp_q3_search,CA,94
ACME-L01937,White-Bradley,Tanya King,Owner,tanya.king@whitebradley.example.com,2026-07-31 17:15:47.538730,Referral,,,,CA,100
ACME-L01938,Johnson PLC,Lauren Parrish,,lauren.parrish@johnsonplc.example.com,2026-07-31 18:30:34.956536,Referral,,,,MA,87
ACME-L01939,Williams Boyer and Singh,Kenneth Rodriguez,CFO,kenneth.rodriguez@williamsboyerandsingh.example.com,2026-07-31 23:52:09.243463,Referral,,,,FL,73
ACME-L01940,Huynh-Buck,Melissa Daniels,Office Manager,melissa.daniels@huynhbuck.example.com,2026-08-01 00:30:14.341007,Word of mouth,,,,MA,73
ACME-L01941,Saunders LLC,Audrey Montgomery,IT Director,audrey.montgomery@saundersllc.example.com,2026-08-01 03:51:43.350608,Google Ads,google,cpc,msp_q3_pmax,IL,67
ACME-L01942,Austin-West,Sara Peterson,Operations Manager,sara.peterson@austinwest.example.com,2026-08-01 04:21:28.849388,Meta Ads,facebook,paid_social,msp_q3_retargeting,TX,
ACME-L01943,Grimes and Sons,Martha Collins,CFO,martha.collins@grimesandsons.example.com,2026-08-01 08:32:21.884563,Meta Ads,facebook,paid_social,msp_q3_cyber_guide,NJ,84
ACME-L01944,Garza Carey and Pierce,Ryan Martin,CFO,ryan.martin@garzacareyandpierce.example.com,2026-08-01 08:45:29.775143,Outbound,,,,TX,
ACME-L01945,Whitaker PLC,Jenna Mcgrath,Office Manager,jenna.mcgrath@whitakerplc.example.com,2026-08-01 09:10:31.363940,Call Tracking,callrail,phone,gbp_listing,NJ,70
ACME-L01946,Mason PLC,Amanda Pierce,COO,amanda.pierce@masonplc.example.com,2026-08-01 15:16:52.398672,Google Ads,google,cpc,msp_q3_pmax,NJ,56
ACME-L01947,Turner-Butler,Patrick Stevens,Office Manager,patrick.stevens@turnerbutler.example.com,2026-08-01 19:46:16.378962,Google Ads,google,cpc, MSP_Q3_PMAX,NY,75
ACME-L01948,Rios Inc,Daniel Rogers,Office Manager,daniel.rogers@riosinc.example.com,2026-08-01 23:12:43.821705,Google Ads,google,cpc, MSP_Q3_SEARCH,MA,67
ACME-L01949,Smith Mcdonald and Hill,Lisa Pearson,Owner,lisa.pearson@smithmcdonaldandhill.example.com,08/02/2026 00:46:31,Google Ads,google,cpc,msp_q3_search,NJ,67
ACME-L01950,Martin-Cooper,Hayley Meadows,Office Manager,hayley.meadows@martincooper.example.com,2026-08-02 01:42:46.339337,Google Ads,google,cpc,msp_q3_search,NJ,67
ACME-L01951,Scott Ltd,Morgan Ramirez,CFO,morgan.ramirez@scottltd.example.com,2026-08-02 10:06:13.713074,Google Ads,google,cpc,msp_q3_search,Florida,61
ACME-L01952,Chen-Munoz,Ronald Carson,Owner,ronald.carson@chenmunoz.example.com,2026-08-02 10:44:28.967062,meta,facebook,paid_social,msp_q3_cyber_guide,NJ,88
ACME-L01953,Cole-Snow,Becky Blair,IT Manager,becky.blair@colesnow.example.com,2026-08-02 12:15:15.194935,Google Ads,google,cpc,,IL,67
ACME-L01954,Figueroa Salinas and Daniels,Brittany Warren,Operations Manager,brittany.warren@figueroasalinasanddaniel.example.com,2026-08-02 12:44:07.184778,Referral,,,,CA,100
ACME-L01955,Pope Young and Ware,Michael Curtis,IT Manager,michael.curtis@popeyoungandware.example.com,2026-08-02 13:29:57.115636,Google Ads,google,cpc,msp_q3_search,MA,94
ACME-L01956,Wells-Morris,Tina Miller,Office Manager,tina.miller@wellsmorris.example.com,08/02/2026 18:00:31,Call Tracking,callrail,phone,local_services,CA,70
ACME-L01957,Andrews PLC,Lisa Weaver,Owner,lisa.weaver@andrewsplc.example.com,2026-08-02 18:46:25.993357,Meta Ads,facebook,paid_social,msp_q3_cyber_guide,CA,61
ACME-L01958,Black Group,Marcus Harper,COO,marcus.harper@blackgroup.example.com,2026-08-02 20:56:01.216842,Referral,,,,TX,70
ACME-L01959,Henderson Wood and Black,Charles Williams,IT Director,charles.williams@hendersonwoodandblack.example.com,2026-08-02 21:50:16.373712,Google Ads,google,cpc,msp_q3_search,IL,67
ACME-L01960,Wilson-Rodriguez,Lori Dennis,COO,lori.dennis@wilsonrodriguez.example.com,2026-08-02 22:16:01.496836,Google Ads,google,cpc,msp_q3_pmax,TX,94
ACME-L01961,Hall Martinez and Duncan,David Holloway,IT Director,david.holloway@hallmartinezandduncan.example.com,2026-08-03 07:23:36.570230,Meta Ads,facebook,paid_social,msp_q3_retargeting,MA,61
ACME-L01962,Ross-Jones,Brian Robinson,CFO,brian.robinson@rossjones.example.com,2026-08-03 08:29:06.591935,Outbound,,,,CA,63
ACME-L01963,Garcia Acosta and Lewis,Shari Rodriguez,COO,shari.rodriguez@garciaacostaandlewis.example.com,2026-08-03 08:59:55.989245,Google Ads,google,cpc,msp_q3_pmax,,94
ACME-L01964,Cross-Barry,William Powell,Operations Manager,william.powell@crossbarry.example.com,2026-08-03 10:05:22.419210,Google Ads,google,cpc,msp_q3_pmax,TX,67
ACME-L01965,Mccormick-Ortiz,Michael Burns,Owner,michael.burns@mccormickortiz.example.com,2026-08-03 11:23:04.469717,Google Ads,google,cpc,msp_q3_pmax,CA,88
ACME-L01966,Mullins Gray and White,Kristin Robbins,IT Manager,kristin.robbins@mullinsgrayandwhite.example.com,2026-08-03 12:06:22.455168,Referral,,,,NJ,51
ACME-L01967,Jensen-Duke,Heather Marshall,Owner,HEATHER.MARSHALL@JENSENDUKE.EXAMPLE.COM ,2026-08-03 13:35:13.164861, facebook ads ,facebook,paid_social,msp_q3_retargeting,NY,
ACME-L01968,Bowman Inc,Veronica Rodriguez,Operations Manager,veronica.rodriguez@bowmaninc.example.com,2026-08-03 14:47:05.480522,Google Ads,google,cpc,msp_q3_pmax,,67
ACME-L01969,Wagner Castro and Torres,Ashley Gonzales,Operations Manager,ASHLEY.GONZALES@WAGNERCASTROANDTORRES.EXAMPLE.COM ,2026-08-03 15:37:34.629156,Referral,,,,NY,100
ACME-L01970,Mcdonald Clark and Wilson,Christopher Martinez,,christopher.martinez@mcdonaldclarkandwilson.example.com,2026-08-03 15:49:42.405070,Sdr program,,,,CA,60
ACME-L01971,Cook-Cordova,Laura Lyons,IT Manager,laura.lyons@cookcordova.example.com,08/03/2026 17:44:02,Google Ads,google,cpc,msp_q3_pmax,TX,67
ACME-L01972,Obrien and Sons,Ashley Page,CFO,ashley.page@obrienandsons.example.com,2026-08-03 18:15:34.788398,Referral,,,,IL,100
ACME-L01973,Jones Inc,Billy Perry,COO,billy.perry@jonesinc.example.com,2026-08-04 00:07:46.880960,Inbound Call,callrail,phone,gbp_listing,TX,97
ACME-L01974,Miranda-Anderson,William Vega,IT Manager,william.vega@mirandaanderson.example.com,2026-08-04 04:04:49.507833,Outbound,,,,TX,63
ACME-L01975,Cruz Group,Abigail Hines,IT Manager,abigail.hines@cruzgroup.example.com,2026-08-04 05:48:45.313770,Referral,,,,FL,45
ACME-L01976,Reese Inc,John Norris,COO,john.norris@reeseinc.example.com,2026-08-04 06:53:48.048562,Outbound,,,,FL,63
ACME-L01977,Short LLC,William Brown,IT Manager,william.brown@shortllc.example.com,08/04/2026 08:18:04,Google Ads,google,cpc,msp_q3_search,,67
ACME-L01978,Nelson-Nguyen,Jon Jacobs,Operations Manager,jon.jacobs@nelsonnguyen.example.com,2026-08-04 09:09:26.939990,Meta Ads,facebook,paid_social,msp_q3_retargeting,CA,61
ACME-L01979,Swanson Ltd,Sarah Allen,COO,sarah.allen@swansonltd.example.com,2026-08-04 09:12:17.203573,FACEBOOK,facebook,paid_social,msp_q3_retargeting,MA,61
ACME-L01980,Clark and Sons,Lisa Hamilton,IT Manager,lisa.hamilton@clarkandsons.example.com,2026-08-04 09:42:31.133554,Call Tracking,callrail,phone,gbp_listing,,70
ACME-L01981,Joseph-Taylor,Jessica Johnston,Office Manager,jessica.johnston@josephtaylor.example.com,2026-08-04 10:03:47.719276,Instagram,Facebook ,paid_social,msp_q3_cyber_guide,nj,88
ACME-L01982,Perez LLC,Charles Rocha,IT Manager,charles.rocha@perezllc.example.com,2026-08-04 10:14:15.506838,Google Ads,google,cpc,msp_q3_pmax,MA,94
ACME-L01983,Johnson Group,Joseph Davis,Practice Manager,joseph.davis@johnsongroup.example.com,2026-08-04 10:32:49.296621,Google Ads,google,cpc,msp_q3_search,NJ,94
ACME-L01984,Patterson Stewart and Lopez,Robert Moreno,Owner,robert.moreno@pattersonstewartandlopez.example.com,08/04/2026 10:51:06,Meta Ads,facebook,paid_social,msp_q3_cyber_guide,FL,61
ACME-L01985,Gonzalez-Nielsen,Alexandra Torres,Operations Manager,alexandra.torres@gonzaleznielsen.example.com,2026-08-04 11:15:35.116623,Outbound,,,,ma,63
ACME-L01986,Alvarado and Sons,Samantha Le,Operations Manager,samantha.le@alvaradoandsons.example.com,2026-08-04 12:48:43.903784,Google Ads,google,cpc,msp_q3_search,NJ,37
ACME-L01987,Garcia Willis and Davis,Jessica Morgan,Practice Manager,jessica.morgan@garciawillisanddavis.example.com,2026-08-04 12:50:23.188031,Referral,,,,NJ,48
ACME-L01988,Roach Inc,Leah Camacho,IT Director,leah.camacho@roachinc.example.com,2026-08-04 13:10:50.257295, sdr program ,,,,NJ,63
ACME-L01989,Campbell-Evans,Nathan Butler,IT Manager,nathan.butler@campbellevans.example.com,2026-08-04 13:44:36.717073,Meta Ads,facebook,paid_social,msp_q3_cyber_guide,MA,61
ACME-L01990,Williams-Torres,John Wilkinson,CFO,john.wilkinson@williamstorres.example.com,2026-08-04 14:41:07.295337,Referral,,,,TX,100
ACME-L01991,Mccarthy-Johnson,Michael Wheeler,Owner,michael.wheeler@mccarthyjohnson.example.com,2026-08-04 14:50:42.755210,Google Ads,google,cpc,msp_q3_search,NY,94
ACME-L01992,Jordan LLC,Pamela Turner,CFO,pamela.turner@jordanllc.example.com,2026-08-04 15:41:26.177847,Google Ads,google,cpc,,Unassigned,47
ACME-L01993,Mitchell-Holt,Ashley Mitchell,Owner,ashley.mitchell@mitchellholt.example.com,2026-08-04 16:15:55.710917,Outbound,,,,TX,90
ACME-L01994,Freeman Watson and Morgan,Brandon Gibson,Office Manager,brandon.gibson@freemanwatsonandmorgan.example.com,2026-08-04 16:18:58.237278,COLD EMAIL,,,,CA,60
ACME-L01995,Hickman Romero and Howard,Teresa Morris,Office Manager,teresa.morris@hickmanromeroandhoward.example.com,2026-08-04 17:16:30.415554,Google Ads,google,cpc,msp_q3_pmax,NY,78
ACME-L01996,Gutierrez and Sons,Douglas Wright,IT Manager,douglas.wright@gutierrezandsons.example.com,2026-08-04 22:32:29.943125,Referral,,,,TX,100
ACME-L01997,Campbell Group,Cassandra Garcia,Operations Manager,cassandra.garcia@campbellgroup.example.com,2026-08-05 00:20:14.499713,Referral,,,,MA,78
ACME-L01998,Sawyer and Sons,Christopher Porter,COO,christopher.porter@sawyerandsons.example.com,2026-08-05 06:11:02.401327,Referral,,,,NJ,100
ACME-L01999,Cox Howard and Medina,Stacey Hall,Owner,stacey.hall@coxhowardandmedina.example.com,2026-08-05 07:44:54.806978,Meta Ads,Facebook ,paid_social,msp_q3_cyber_guide,CA,61
ACME-L02000,Marshall Lin and Farmer,Renee Maldonado,Practice Manager,renee.maldonado@marshalllinandfarmer.example.com,2026-08-05 08:01:35.094194,Meta Ads,facebook,paid_social,msp_q3_cyber_guide,NY,61
ACME-L02001,Sanchez PLC,Richard Cortez,Owner,RICHARD.CORTEZ@SANCHEZPLC.EXAMPLE.COM ,2026-08-05 08:07:53.411987,Google Ads,google,cpc,msp_q3_pmax,TX,
ACME-L02002,Barton Shelton and Larsen,Heather Cruz,CFO,heather.cruz@bartonsheltonandlarsen.example.com,2026-08-05 08:34:23.994545, ppc ,google,cpc,msp_q3_search,MA,94
ACME-L02003,Morrow-White,William Jenkins,,william.jenkins@morrowwhite.example.com,2026-08-05 08:42:02.346450,Meta Ads,facebook,paid_social,msp_q3_retargeting,IL,88
ACME-L02004,Gonzalez-Johns,Carol Webster,IT Manager,carol.webster@gonzalezjohns.example.com,2026-08-05 09:08:57.587516,PHONE,callrail,phone,local services,MA,70
ACME-L02005,Chen-Williams,Sandra Carr,Office Manager,sandra.carr@chenwilliams.example.com,2026-08-05 09:11:50.311030,Outbound,,,,MA,63
ACME-L02006,Fisher Smith and Allen,Jose Jackson,Operations Manager,JOSE.JACKSON@FISHERSMITHANDALLEN.EXAMPLE.COM ,2026-08-05 09:14:08.563999,Google Ads,google,cpc,msp_q3_search,NY,67
ACME-L02007,Brown Larson and Le,Matthew Morton,Operations Manager,matthew.morton@brownlarsonandle.example.com,2026-08-05 12:45:51.860295,ppc,google,cpc,msp_q3_pmax,NY,94
ACME-L02008,Crawford Group,Suzanne Cook,IT Director,suzanne.cook@crawfordgroup.example.com,2026-08-05 13:29:05.830200,Google Ads,google,cpc,msp_q3_search,CA,67
ACME-L02009,Schultz and Sons,Kathryn Butler,IT Director,kathryn.butler@schultzandsons.example.com,2026-08-05 13:40:29.191691,Referral,,,,Unassigned,45
ACME-L02010,Navarro Becker and Anderson,Robert Hicks,Operations Manager,robert.hicks@navarrobeckerandanderson.example.com,2026-08-05 13:42:26.064466,Meta Ads,facebook,paid_social,msp_q3_retargeting,CA,88
ACME-L02011,Jones Walker and Martinez,Crystal Taylor,IT Director,crystal.taylor@joneswalkerandmartinez.example.com,2026-08-05 17:30:07.675498,Google Ads,google,cpc,msp_q3_search,NY,94
ACME-L02012,Murray Stevens and Smith,Edward Porter,Operations Manager,edward.porter@murraystevensandsmith.example.com,2026-08-06 05:18:53.612285,Google Ads,google,cpc,,MA,94
ACME-L02013,Wood-Beard,Dawn Frye,COO,dawn.frye@woodbeard.example.com,2026-08-06 07:09:04.474927,Meta,facebook,paid_social,msp_q3_retargeting,NY,61
ACME-L02014,Compton PLC,Robert Pham,Office Manager,robert.pham@comptonplc.example.com,2026-08-06 07:24:10.070754,Google Ads,google,cpc,msp_q3_search,TX,67
ACME-L02015,Jackson Contreras and Dudley,Melanie Sanchez,IT Director,melanie.sanchez@jacksoncontrerasanddudle.example.com,2026-08-06 08:24:33.707318,Meta Ads,Facebook ,paid_social,msp_q3_retargeting,CA,88
ACME-L02016,Bridges Simpson and Hunt,Michael Donaldson,,michael.donaldson@bridgessimpsonandhunt.example.com,2026-08-06 08:30:43.268640,facebook,facebook,paid_social, MSP_Q3_RETARGETING,IL,59
ACME-L02017,Marquez Inc,Joseph Young,COO,joseph.young@marquezinc.example.com,2026-08-06 08:32:30.662766,GOOGLE,google,cpc,msp_q3_search,Unassigned,46
ACME-L02018,Pena-Williams,Madison Davis,COO,madison.davis@penawilliams.example.com,2026-08-06 09:09:08.836080,Google Ads,google,cpc,,IL,
ACME-L02019,Rogers-David,Ruth Kemp,IT Manager,ruth.kemp@rogersdavid.example.com,2026-08-06 09:11:17.270906,Meta Ads,facebook,paid_social,msp_q3_cyber_guide,NJ,88
ACME-L02020,Fisher-Marks,Rebekah Mathews,Operations Manager,rebekah.mathews@fishermarks.example.com,2026-08-06 10:02:08.298580,Google Ads,google,cpc,msp_q3_search,TX,94
ACME-L02021,Ramos-Norris,Heather Gonzales,IT Director,heather.gonzales@ramosnorris.example.com,2026-08-06 10:20:55.677910,Referral,,,,TX,43
ACME-L02022,Mason Ltd,Jacob Brown,Office Manager,jacob.brown@masonltd.example.com,2026-08-06 11:45:27.638928,Google_Cpc,google,cpc,msp_q3_pmax,NY,
ACME-L02023,Acosta-Richardson,Brittany Thomas,,brittany.thomas@acostarichardson.example.com,08/06/2026 12:22:14,Google Ads,google,cpc,msp_q3_search,Florida,
ACME-L02024,Garcia Ltd,Kristin Wang,Office Manager,kristin.wang@garcialtd.example.com,2026-08-06 12:22:45.010911,Referral,,,,NY,47
ACME-L02025,Larson Schmidt and Martin,Joel Miller,Operations Manager,joel.miller@larsonschmidtandmartin.example.com,2026-08-06 13:15:55.549061,Google Ads,google,cpc,msp_q3_search,NJ,67
ACME-L02026,Johnson-Aguirre,Michelle Boyer,COO,michelle.boyer@johnsonaguirre.example.com,08/06/2026 13:53:17,Meta Ads,facebook,paid_social,msp_q3_cyber_guide,NY,61
ACME-L02027,Huynh Combs and Rivera,Maria May,IT Manager,maria.may@huynhcombsandrivera.example.com,2026-08-06 15:31:22.551717,Referral,,,,TX,
ACME-L02028,Riddle Smith and May,Devon Clark,Operations Manager,devon.clark@riddlesmithandmay.example.com,2026-08-06 15:45:47.357625,Outbound,,,,ca,90
ACME-L02029,Munoz Group,George Graham,Practice Manager,george.graham@munozgroup.example.com,2026-08-06 16:06:57.069368,Meta Ads,facebook,paid_social,msp_q3_cyber_guide,NY,78
ACME-L02030,Bailey Garrett and Turner,Danny Norman,Operations Manager,danny.norman@baileygarrettandturner.example.com,2026-08-06 16:32:40.052952,Call Tracking,Callrail ,phone,local_services,NY,
ACME-L02031,Webb-Shaw,Matthew Mcfarland,Owner,matthew.mcfarland@webbshaw.example.com,2026-08-06 16:39:00.493426,REFERRAL PAYOUTS,,,,NJ,100
ACME-L02032,Cardenas Landry and Peterson,James Golden,Office Manager,james.golden@cardenaslandryandpeterso.example.com,08/07/2026 01:53:35,Google Ads,google,cpc,msp_q3_pmax,FL,94
ACME-L02033,Hamilton-Morgan,Connie Stevens,Practice Manager,connie.stevens@hamiltonmorgan.example.com,2026-08-07 05:15:05.165624,Outbound,,,,CA,90
ACME-L02034,Reeves PLC,Christopher Smith,Operations Manager,christopher.smith@reevesplc.example.com,2026-08-07 06:38:03.373645,Sdr Program,,,,NY,90
ACME-L02035,Estrada West and Duncan,Allison Reed,COO,allison.reed@estradawestandduncan.example.com,08/07/2026 09:45:36,Meta Ads,facebook,paid_social,msp_q3_cyber_guide,il,88
ACME-L02036,Ware Group,Brian Hernandez,IT Director,brian.hernandez@waregroup.example.com,08/07/2026 10:13:19,Meta Ads,facebook,paid_social, MSP_Q3_CYBER_GUIDE,FL,61
ACME-L02037,Farmer Group,Debbie Johnson,Practice Manager,debbie.johnson@farmergroup.example.com,2026-08-07 10:20:29.267390, adwords ,google,cpc,msp_q3_search,FL,94
ACME-L02038,Alexander-Jones,Thomas Hernandez,Office Manager,THOMAS.HERNANDEZ@ALEXANDERJONES.EXAMPLE.COM ,2026-08-07 10:23:11.743242,Meta Ads,facebook,paid_social,msp_q3_cyber_guide,NJ,88
ACME-L02039,Hall LLC,Selena Noble,Office Manager,selena.noble@hallllc.example.com,2026-08-07 10:40:39.816442,Meta Ads,facebook,paid_social,msp_q3_retargeting,IL,31
ACME-L02040,Rios Benjamin and Best,Bill Becker,Practice Manager,bill.becker@riosbenjaminandbest.example.com,2026-08-07 10:42:27.856239,Meta Ads,facebook,paid_social,msp_q3_retargeting,NJ,88
ACME-L02041,Poole-Alexander,Jacob Webb,Operations Manager,jacob.webb@poolealexander.example.com,08/07/2026 10:48:57,Meta Ads,facebook,paid_social,msp_q3_retargeting,MA,61
ACME-L02042,Figueroa-Lopez,Laurie Munoz,Operations Manager,laurie.munoz@figueroalopez.example.com,2026-08-07 11:46:00.701823,Meta Ads,Facebook ,paid_social,msp_q3_retargeting,FL,88
ACME-L02043,Smith LLC,Joanna Roberts,CFO,joanna.roberts@smithllc.example.com,2026-08-07 13:19:34.384134,Referral,,,,NY,100
ACME-L02044,Espinoza-Perez,David Robertson,IT Manager,david.robertson@espinozaperez.example.com,2026-08-07 13:44:32.037388,Meta Ads,facebook,paid_social, MSP_Q3_CYBER_GUIDE,TX,82
ACME-L02045,Rosario and Sons,Emily Sullivan,Office Manager,emily.sullivan@rosarioandsons.example.com,2026-08-07 14:06:08.615634,Referral Payouts,,,,IL,43
ACME-L02046,Lowe-Carter,Karla Phillips,Office Manager,karla.phillips@lowecarter.example.com,2026-08-07 14:42:08.568839,Outbound,,,,NJ,63
ACME-L02047,Hart-Wilson,Thomas Phillips,IT Manager,thomas.phillips@hartwilson.example.com,2026-08-07 14:43:51.604341,Google Ads,google,cpc,msp q3 search,Texas,59
ACME-L02048,Love Group,Brittany Garrett,IT Manager,brittany.garrett@lovegroup.example.com,08/07/2026 14:57:08,Google Ads,google,cpc,msp_q3_pmax,FL,67
ACME-L02049,Rice Richards and Wade,Timothy Vasquez,IT Manager,timothy.vasquez@ricerichardsandwade.example.com,08/07/2026 16:50:43,Google Ads,google,cpc,msp_q3_search,MA,94
ACME-L02050,Thompson Thornton and Brown,Christopher Parrish,Operations Manager,christopher.parrish@thompsonthorntonandbrown.example.com,2026-08-07 16:53:14.062471,Google Ads,google,cpc,msp_q3_search,NJ,94
ACME-L02051,Hart LLC,Melissa Jenkins,Operations Manager,MELISSA.JENKINS@HARTLLC.EXAMPLE.COM ,08/07/2026 17:59:36,Referral,,,,NY,73
ACME-L02052,Bennett PLC,Richard Brock,CFO,richard.brock@bennettplc.example.com,2026-08-07 18:42:46.312021, prospecting ,,,,NY,90
ACME-L02053,Brown-Mathis,Andrew King,COO,andrew.king@brownmathis.example.com,2026-08-07 21:45:55.414297,Outbound,,,,TX,63
ACME-L02054,Gordon Group,Jennifer Lee,Office Manager,jennifer.lee@gordongroup.example.com,2026-08-08 00:55:06.293244,Meta Ads,facebook,paid_social,msp_q3_cyber_guide,NJ,60
ACME-L02055,Campos-Williams,Jennifer Mcdonald,CFO,jennifer.mcdonald@camposwilliams.example.com,2026-08-08 00:56:03.311146,Referral,,,,MA,100
ACME-L02056,Parrish-Miller,Jeffrey Simmons,COO,jeffrey.simmons@parrishmiller.example.com,2026-08-08 01:41:34.168565,Google Ads,google,cpc,msp_q3_pmax,FL,55
ACME-L02057,Everett Buckley and Moore,Anthony Alexander,IT Manager,anthony.alexander@everettbuckleyandmoore.example.com,08/08/2026 02:01:04,Outbound,,,,NJ,63
ACME-L02058,Ramos-Sutton,Jeffrey Alvarado,Practice Manager,jeffrey.alvarado@ramossutton.example.com,2026-08-08 05:32:56.847057,Outbound,,,,TX,63
ACME-L02059,Vance Group,Katherine Gonzalez,Office Manager,katherine.gonzalez@vancegroup.example.com,2026-08-08 16:31:54.987778,Referal,,,,NY,73
ACME-L02060,Smith LLC,Michael Phillips,Practice Manager,michael.phillips@smithllc.example.com,2026-08-08 20:11:48.639128, prospecting ,,,,ny,90
ACME-L02061,Mendoza Group,James Morgan,IT Manager,james.morgan@mendozagroup.example.com,08/09/2026 01:01:23,Google Ads,google,cpc,msp_q3_search,ca,
ACME-L02062,Tanner Lamb and Cruz,Elizabeth Johnson,Operations Manager,elizabeth.johnson@tannerlambandcruz.example.com,2026-08-09 08:36:05.104124,Google Ads,google,cpc,msp_q3_search,MA,70
ACME-L02063,Brown Inc,Janet Meadows,CFO,janet.meadows@browninc.example.com,2026-08-09 09:17:21.448935,Google Ads,google,cpc,msp_q3_pmax,NY,
ACME-L02064,Johnson-Moore,Robin Fuentes,IT Director,robin.fuentes@johnsonmoore.example.com,2026-08-09 15:12:36.450345,Google Ads,google,cpc, MSP_Q3_SEARCH,CA,67
ACME-L02065,Summers Meyers and Melendez,Jerry Williams,Practice Manager,jerry.williams@summersmeyersandmelendez.example.com,2026-08-09 17:40:13.920980,Referral,,,,FL,100
ACME-L02066,Lewis Randolph and Adams,Amanda Gray,Office Manager,amanda.gray@lewisrandolphandadams.example.com,08/10/2026 03:59:51,Google Ads,google,cpc,,TX,
ACME-L02067,Woods-Gilbert,Kimberly Schmitt,COO,kimberly.schmitt@woodsgilbert.example.com,2026-08-10 05:44:44.875840,Referral,,,,FL,100
ACME-L02068,Ross Castillo and Patterson,Erin Cooper,COO,erin.cooper@rosscastilloandpatterson.example.com,2026-08-10 08:05:40.310676,Inbound call,callrail,phone,local_services,FL,69
ACME-L02069,Bryant Duncan and Holland,Christina Suarez,IT Manager,christina.suarez@bryantduncanandholland.example.com,2026-08-10 08:21:47.827788,Meta Ads,facebook,paid_social,msp_q3_cyber_guide,NJ,61
ACME-L02070,Taylor-Carlson,Nicholas Chambers,Owner,nicholas.chambers@taylorcarlson.example.com,08/10/2026 08:26:42,Ppc,google,cpc,msp_q3_pmax,FL,67
ACME-L02071,Robinson and Sons,Chad Banks,Operations Manager,chad.banks@robinsonandsons.example.com,2026-08-10 09:11:08.662850, instagram ,facebook,paid_social,,TX,88
ACME-L02072,Johnson Ltd,Jacqueline Guerra,Office Manager,jacqueline.guerra@johnsonltd.example.com,2026-08-10 09:15:19.660839,Google Ads,google,cpc, MSP_Q3_SEARCH,MA,44
ACME-L02073,Gonzalez Hunter and Stark,Ashley Leon,COO,ashley.leon@gonzalezhunterandstark.example.com,2026-08-10 09:36:36.944949,Outbound,,,,TX,63
ACME-L02074,Christian Daniels and Moody,Brian Fritz,CFO,brian.fritz@christiandanielsandmoody.example.com,2026-08-10 10:03:55.928454,Meta Ads,facebook,paid_social,msp_q3_cyber_guide,CA,61
ACME-L02075,Williams Hamilton and Hall,Jean Wood,Operations Manager,jean.wood@williamshamiltonandhall.example.com,2026-08-10 10:16:13.844806,Outbound,,,,IL,44
ACME-L02076,Collins Inc,Catherine Cohen,IT Manager,catherine.cohen@collinsinc.example.com,2026-08-10 10:50:17.458500,Outbound,,,,CA,81
ACME-L02077,Horton-Miller,Nathan Padilla,Practice Manager,nathan.padilla@hortonmiller.example.com,2026-08-10 12:30:01.680394,Google Ads,google,cpc,msp_q3_search,IL,94
ACME-L02078,Rodriguez-Mcintosh,Robert Silva,IT Manager,robert.silva@rodriguezmcintosh.example.com,2026-08-10 13:05:43.703673,Call Tracking,Callrail ,phone,local_services,Massachusetts,47
ACME-L02079,Davis Ross and Sanchez,Donna Johnson,CFO,donna.johnson@davisrossandsanchez.example.com,2026-08-10 13:22:27.003628,Google Ads Search,google,cpc,msp_q3_pmax,NJ,67
ACME-L02080,Morgan Johns and Walker,Emily Murray,IT Director,emily.murray@morganjohnsandwalker.example.com,2026-08-10 13:31:42.360052,Meta Ads,facebook,paid_social,msp_q3_retargeting,TX,
ACME-L02081,Holt-Miller,Elizabeth Foster,IT Director,elizabeth.foster@holtmiller.example.com,2026-08-10 14:58:47.248522,Meta Ads,Facebook ,paid_social,msp_q3_retargeting,NJ,88
ACME-L02082,Mcintyre-Mcdonald,Randy Jennings,Owner,randy.jennings@mcintyremcdonald.example.com,2026-08-10 15:55:16.458980,Outbound,,,,MA,90
ACME-L02083,Everett Inc,Kaitlin Stevens,Practice Manager,kaitlin.stevens@everettinc.example.com,2026-08-10 16:43:08.046945,Meta Ads,facebook,paid_social,msp_q3_retargeting,NJ,61
ACME-L02084,Travis-Cruz,Richard Stanton,IT Director,richard.stanton@traviscruz.example.com,2026-08-10 16:45:32.257946, ppc ,Google ,cpc,msp_q3_pmax,TX,67
ACME-L02085,Sloan PLC,Samantha Reynolds,IT Manager,samantha.reynolds@sloanplc.example.com,2026-08-10 18:01:37.814896,Outbound,,,,Texas,90
ACME-L02086,Foster-Salinas,Amy Vega,,amy.vega@fostersalinas.example.com,2026-08-10 19:44:51.179351,Fb,facebook,paid_social,msp_q3_retargeting,NJ,79
ACME-L02087,Bullock Ltd,Erica George,COO,erica.george@bullockltd.example.com,2026-08-10 21:23:47.888758,Google Ads,google,cpc,msp_q3_pmax,FL,67
ACME-L02088,Cooper-Nguyen,Christopher Lara,IT Manager,christopher.lara@coopernguyen.example.com,2026-08-10 21:25:46.419943,Meta Ads,Facebook ,paid_social,msp_q3_retargeting,TX,88
ACME-L02089,Adkins and Sons,Michele Daniels,COO,michele.daniels@adkinsandsons.example.com,2026-08-10 21:56:45.220664,Meta Ads,facebook,paid_social,msp_q3_retargeting,NY,88
ACME-L02090,Rowe Johnson and Larsen,Alexandra Sanchez,COO,alexandra.sanchez@rowejohnsonandlarsen.example.com,2026-08-10 22:26:23.929063,Google Ads,google,cpc,msp_q3_pmax,CA,67
ACME-L02091,Lynch LLC,Richard Peters,Office Manager,richard.peters@lynchllc.example.com,2026-08-10 23:39:14.083172,Outbound,,,,il,63
ACME-L02092,Smith Ltd,Samuel Sparks,IT Manager,samuel.sparks@smithltd.example.com,2026-08-10 23:56:03.206063,Referral,,,,NJ,73
ACME-L02093,Smith-Jones,Sheryl Taylor,COO,sheryl.taylor@smithjones.example.com,2026-08-11 04:34:17.533508,Referral,,,,NJ,100
ACME-L02094,Brown Inc,Curtis Elliott,IT Director,curtis.elliott@browninc.example.com,2026-08-11 05:42:29.754104,Referral,,,,NY,67
ACME-L02095,Thomas Baker and Page,Beverly Atkins,Practice Manager,beverly.atkins@thomasbakerandpage.example.com,2026-08-11 06:21:12.396571,Google Ads,Google ,cpc,msp_q3_pmax,MA,64
ACME-L02096,Lee-Mason,Meredith Blair,CFO,meredith.blair@leemason.example.com,2026-08-11 08:06:49.066006,Ppc,google,cpc,msp_q3_search,NJ,78
ACME-L02097,Wallace Ltd,Kimberly Castillo,Operations Manager,kimberly.castillo@wallaceltd.example.com,08/11/2026 08:39:00,google_cpc,google,cpc,,NY,51
ACME-L02098,Green Buck and Robinson,Nicholas Powell,CFO,nicholas.powell@greenbuckandrobinson.example.com,2026-08-11 09:44:08.135271,Outbound,,,,NY,63
ACME-L02099,Rogers Ltd,Gregory Smith,,gregory.smith@rogersltd.example.com,2026-08-11 10:16:03.974662,Call Tracking,callrail,phone,gbp_listing,TX,97
ACME-L02100,Miller Padilla and Taylor,Timothy White,Practice Manager,timothy.white@millerpadillaandtaylor.example.com,2026-08-11 10:42:20.259564,Outbound,,,,FL,90
ACME-L02101,Stewart Group,Mark Smith,COO,mark.smith@stewartgroup.example.com,2026-08-11 12:10:26.508800,Meta Ads,facebook,paid_social,msp_q3_retargeting,IL,58
ACME-L02102,Mitchell Inc,Martha Knapp,IT Director,martha.knapp@mitchellinc.example.com,2026-08-11 12:29:04.593759,Google Ads,google,cpc,msp_q3_pmax,NY,37
ACME-L02103,Johnson Group,Kendra Graham,COO,kendra.graham@johnsongroup.example.com,2026-08-11 12:32:00.640275,Google Ads,google,cpc,msp_q3_pmax,NJ,94
ACME-L02104,Lang-Patton,Donald Wilson,CFO,donald.wilson@langpatton.example.com,2026-08-11 13:08:12.254439,Google Ads,google,cpc,,NJ,94
ACME-L02105,Ramirez-Murphy,Alexandra Bruce,COO,alexandra.bruce@ramirezmurphy.example.com,2026-08-11 13:34:03.196424,Referral,,,,NY,43
ACME-L02106,Foster LLC,Sarah Wright,IT Manager,sarah.wright@fosterllc.example.com,2026-08-11 15:24:15.151486,Google Ads,google,cpc,msp_q3_search,NJ,67
ACME-L02107,Young-Simmons,Christine Harvey,IT Director,christine.harvey@youngsimmons.example.com,2026-08-11 16:27:57.100893, cold email ,,,,IL,63
ACME-L02108,Collier Ltd,Lindsay Hill,Operations Manager,lindsay.hill@collierltd.example.com,2026-08-11 16:31:21.260521,Call Tracking,callrail,phone,local_services,FL,70
ACME-L02109,Guzman Group,Christopher Thomas,IT Director,christopher.thomas@guzmangroup.example.com,2026-08-11 18:43:44.494775,Referral,,,,FL,100
ACME-L02110,Johnson-Buchanan,Vanessa Contreras,CFO,vanessa.contreras@johnsonbuchanan.example.com,2026-08-12 04:16:50.075761,Google Ads,Google ,cpc,msp_q3_pmax,TX,94
ACME-L02111,Parker PLC,Austin Goodman,IT Director,austin.goodman@parkerplc.example.com,2026-08-12 04:55:32.461271,Meta Ads,facebook,paid_social,msp_q3_retargeting,Unassigned,11
ACME-L02112,Cabrera-Macdonald,Matthew Williams,Operations Manager,MATTHEW.WILLIAMS@CABRERAMACDONALD.EXAMPLE.COM ,2026-08-12 05:15:22.754752,Google Ads,google,cpc,msp_q3_pmax,MA,94
ACME-L02113,Simmons Ltd,Nicholas Lewis,CFO,nicholas.lewis@simmonsltd.example.com,2026-08-12 07:04:48.694068,Outbound,,,,CA,63
ACME-L02114,Richardson Frazier and Thompson,Amy Nelson,Office Manager,amy.nelson@richardsonfrazierandthom.example.com,2026-08-12 07:49:20.332093, sdr ,,,,IL,90
ACME-L02115,Ross-Cooper,John Conner,COO,john.conner@rosscooper.example.com,08/12/2026 09:15:28,Meta Ads,facebook,paid_social,msp_q3_retargeting,NJ,61
ACME-L02116,Williams-Schwartz,Michael Carter,Office Manager,michael.carter@williamsschwartz.example.com,08/12/2026 09:31:25,Meta Ads,facebook,paid_social,msp_q3_cyber_guide,FL,61
ACME-L02117,Hernandez Mcgee and Atkinson,Alexander Keith,Owner,alexander.keith@hernandezmcgeeandatkinso.example.com,2026-08-12 09:38:02.888399,Meta Ads,facebook,paid_social,msp_q3_cyber_guide,TX,58
ACME-L02118,White and Sons,Bonnie Butler,Operations Manager,bonnie.butler@whiteandsons.example.com,2026-08-12 10:59:00.056176,Google Ads,google,cpc,msp_q3_pmax,NY,80
ACME-L02119,Morales Brown and Long,Karen Stewart,Practice Manager,karen.stewart@moralesbrownandlong.example.com,2026-08-12 11:16:29.232009,Google Ads,google,cpc,msp_q3_search,,94
ACME-L02120,Mitchell-Robertson,Martin Riley,Owner,martin.riley@mitchellrobertson.example.com,2026-08-12 11:18:29.062748,Call Tracking,callrail,phone,gbp_listing,NY,
ACME-L02121,Johnson Herrera and Cole,Brian Little,Owner,brian.little@johnsonherreraandcole.example.com,2026-08-12 11:28:58.060812,Referral,,,,nj,70
ACME-L02122,Mathis and Sons,Krystal Jones,COO,krystal.jones@mathisandsons.example.com,2026-08-12 11:38:28.102163,Referral,,,,IL,61
ACME-L02123,Rivera-Green,Rhonda Anderson,COO,rhonda.anderson@riveragreen.example.com,2026-08-12 12:08:44.738614,outbound - sdr,,,,TX,90
ACME-L02124,Parker Group,Gregory Ramirez,COO,gregory.ramirez@parkergroup.example.com,2026-08-12 12:17:22.276184,Meta Ads,facebook,paid_social,msp_q3_cyber_guide,MA,88
ACME-L02125,Johnson-Alexander,Eric Mendoza,Office Manager,eric.mendoza@johnsonalexander.example.com,2026-08-12 12:42:12.119967,Outbound,,,,CA,60
ACME-L02126,Mcconnell-Benitez,Ashley Hansen,Owner,ashley.hansen@mcconnellbenitez.example.com,2026-08-12 13:36:21.465394,Call Tracking,callrail,phone,gbp_listing,NJ,64
ACME-L02127,Smith Ltd,Helen Stephens,IT Manager,helen.stephens@smithltd.example.com,2026-08-12 13:43:33.587340,Referral,,,,NJ,73
ACME-L02128,Lucas Duran and Long,Christopher Hill,COO,christopher.hill@lucasduranandlong.example.com,2026-08-12 14:36:00.369541,Meta Ads,facebook,paid_social,msp_q3_retargeting,tx,82
ACME-L02129,Patterson Hernandez and Atkinson,Herbert Gilmore,IT Manager,herbert.gilmore@pattersonhernandezandatk.example.com,2026-08-12 16:36:12.373131,Google Ads,google,cpc,msp_q3_search,NY,67
ACME-L02130,Smith Lopez and Orozco,Robert Shields,COO,robert.shields@smithlopezandorozco.example.com,2026-08-12 17:18:12.254490,Outbound,,,,FL,90
ACME-L02131,Dennis-Garcia,Maria Anderson,IT Manager,maria.anderson@dennisgarcia.example.com,2026-08-12 17:27:39.324024,Outbound,,,,CA,90
ACME-L02132,Turner Reyes and Farley,Glenn Beck,IT Manager,glenn.beck@turnerreyesandfarley.example.com,2026-08-12 22:25:57.784297,Prospecting,,,,FL,90
ACME-L02133,Obrien Elliott and Brennan,Bryan Gray,Operations Manager,bryan.gray@obrienelliottandbrennan.example.com,2026-08-13 02:33:17.415715,Google Ads,google,cpc,msp_q3_search,NJ,64
ACME-L02134,Wagner Miller and Mason,Mary Lawrence,COO,mary.lawrence@wagnermillerandmason.example.com,2026-08-13 05:37:29.720284,Google Ads,google,cpc,,NY,67
ACME-L02135,Olsen Inc,Angela Wright,Owner,ANGELA.WRIGHT@OLSENINC.EXAMPLE.COM ,2026-08-13 08:09:56.579846,Outbound,,,,FL,90
ACME-L02136,Nicholson PLC,Malik Delgado,Operations Manager,MALIK.DELGADO@NICHOLSONPLC.EXAMPLE.COM ,2026-08-13 08:18:31.836451,Referral,,,,NJ,67
ACME-L02137,Kelly Ltd,Lance Martin,IT Director,lance.martin@kellyltd.example.com,2026-08-13 09:10:53.056348,Outbound,,,,NY,63
ACME-L02138,Hatfield Atkins and Taylor,Julie Holmes,Operations Manager,julie.holmes@hatfieldatkinsandtaylor.example.com,2026-08-13 09:41:11.679399,Call Tracking,callrail,phone,gbp_listing,NY,97
ACME-L02139,Manning LLC,Danielle Mercer,IT Director,danielle.mercer@manningllc.example.com,2026-08-13 10:31:00.762862,Google Ads,Google ,cpc,msp_q3_search,IL,94
ACME-L02140,Gutierrez PLC,Matthew Wang,Office Manager,matthew.wang@gutierrezplc.example.com,2026-08-13 10:55:55.574725,Google Ads,google,cpc,msp_q3_search,CA,67
ACME-L02141,Hall Turner and Hammond,John Smith,Practice Manager,john.smith@hallturnerandhammond.example.com,2026-08-13 12:14:46.560604,Referral,,,,MA,73
ACME-L02142,Vasquez-Schmidt,Henry Ramos,Practice Manager,HENRY.RAMOS@VASQUEZSCHMIDT.EXAMPLE.COM ,2026-08-13 13:15:45.692977,Referral,,,,MA,73
ACME-L02143,King-Holt,Tammy Smith,CFO,tammy.smith@kingholt.example.com,2026-08-13 13:22:04.766135,Call Tracking,callrail,phone,gbp_listing,IL,97
ACME-L02144,Sanford Ltd,Alyssa Ross,Office Manager,alyssa.ross@sanfordltd.example.com,2026-08-13 13:22:37.197654,Call Tracking,callrail,phone,gbp_listing,MA,70
ACME-L02145,Parks Alexander and Jenkins,Jaime Sanchez,Operations Manager,jaime.sanchez@parksalexanderandjenkins.example.com,2026-08-13 13:46:03.064557,Meta Ads,facebook,paid_social,msp_q3_retargeting,FL,88
ACME-L02146,Harris PLC,Janice Miller,CFO,janice.miller@harrisplc.example.com,2026-08-13 15:19:32.855916,Outbound,,,,TX,60
ACME-L02147,Johnston PLC,Victoria Sheppard,CFO,victoria.sheppard@johnstonplc.example.com,08/13/2026 15:20:59,Google Ads,google,cpc,msp_q3_pmax,NJ,67
ACME-L02148,Schaefer-Lowery,Nicole Kelley,Operations Manager,nicole.kelley@schaeferlowery.example.com,2026-08-13 15:44:40.328531,Google Ads,Google ,cpc,msp_q3_search,IL,69
ACME-L02149,Trevino Ltd,Cynthia Taylor,Practice Manager,CYNTHIA.TAYLOR@TREVINOLTD.EXAMPLE.COM ,08/13/2026 15:59:59,Referral,,,,NJ,73
ACME-L02150,Brown-Carlson,Luke Ellis,IT Manager,luke.ellis@browncarlson.example.com,2026-08-13 16:03:19.888319,Google Ads,google,cpc,msp_q3_search,NY,67
ACME-L02151,Huynh Davis and Ramos,Mary Moore,Practice Manager,mary.moore@huynhdavisandramos.example.com,2026-08-13 16:46:11.058204,Meta Ads,facebook,paid_social,msp_q3_cyber_guide,CA,61
ACME-L02152,Franklin-Ingram,Darrell Salas,Operations Manager,darrell.salas@frankliningram.example.com,2026-08-13 17:33:07.445509,Referral,,,,CA,100
ACME-L02153,Mckee Vazquez and Hughes,Nicholas Harris,IT Manager,nicholas.harris@mckeevazquezandhughes.example.com,2026-08-13 17:44:54.228522,Google Ads,google,cpc,msp_q3_pmax,ny,67
ACME-L02154,Clark-Best,Danielle Johnson,,danielle.johnson@clarkbest.example.com,2026-08-13 22:10:57.183482,Meta Ads,facebook,paid_social,msp_q3_retargeting,MA,88
ACME-L02155,Lawrence Morton and Garza,Chelsea Mitchell,COO,chelsea.mitchell@lawrencemortonandgarza.example.com,2026-08-14 00:50:36.520751,Google Ads,google,cpc,msp_q3_pmax,NJ,94
ACME-L02156,Ross Ltd,Amy Wood,Operations Manager,amy.wood@rossltd.example.com,2026-08-14 01:27:43.463807,Referral,,,,NY,81
ACME-L02157,Moss-Mack,Emily Hodge,COO,emily.hodge@mossmack.example.com,2026-08-14 04:40:20.192359,Meta Ads,facebook,paid_social,msp_q3_cyber_guide,CA,61
ACME-L02158,Anderson-Hamilton,John Hall,CFO,john.hall@andersonhamilton.example.com,2026-08-14 06:25:51.953396,Google Ads,google,cpc,msp_q3_search,MA,94
ACME-L02159,Olson Group,Barbara Rose,Office Manager,barbara.rose@olsongroup.example.com,2026-08-14 07:13:30.458935,Google Ads,google,cpc, MSP_Q3_PMAX,FL,67
ACME-L02160,Hayes Barrett and Neal,Henry Zavala,COO,henry.zavala@hayesbarrettandneal.example.com,2026-08-14 07:51:46.931638,Google Ads,google,cpc,msp_q3_pmax,ca,94
ACME-L02161,Adams-Kline,Mary Lee,Operations Manager,mary.lee@adamskline.example.com,08/14/2026 08:30:43,Google Ads,google,cpc,msp_q3_pmax,NJ,94
ACME-L02162,Kelley Weeks and Barnett,Jason Oconnor,IT Manager,JASON.OCONNOR@KELLEYWEEKSANDBARNETT.EXAMPLE.COM ,2026-08-14 10:24:15.918200,Google Ads,google,cpc,msp_q3_pmax,CA,67
ACME-L02163,Warren-Castillo,Janet Jones,COO,janet.jones@warrencastillo.example.com,2026-08-14 10:36:58.891262,Google Ads,google,cpc, MSP_Q3_SEARCH,TX,51
ACME-L02164,Hill and Sons,Tina Whitehead,Operations Manager,tina.whitehead@hillandsons.example.com,08/14/2026 11:23:43,Google Ads,google,cpc,msp_q3_search,TX,94
ACME-L02165,Turner Inc,Kevin Scott,CFO,kevin.scott@turnerinc.example.com,2026-08-14 12:35:08.806113,Meta Ads,facebook,paid_social,msp_q3_retargeting,TX,31
ACME-L02166,Ferguson-Strong,Dennis Doyle,CFO,dennis.doyle@fergusonstrong.example.com,2026-08-14 13:07:15.507831,Meta Ads,facebook,paid_social,msp_q3_retargeting,CA,88
ACME-L02167,Holland Dunlap and Mcbride,Wanda Romero,IT Director,WANDA.ROMERO@HOLLANDDUNLAPANDMCBRIDE.EXAMPLE.COM ,2026-08-14 13:17:09.565029,Call Tracking,callrail,phone,gbp_listing,MA,97
ACME-L02168,West-Mahoney,Meghan Hartman,Owner,meghan.hartman@westmahoney.example.com,2026-08-14 13:59:14.805945,Call Tracking,callrail,phone,gbp_listing,NJ,97
ACME-L02169,Smith Inc,Ronald Martinez,COO,ronald.martinez@smithinc.example.com,2026-08-14 14:43:22.003124,Outbound,,,,CA,63
ACME-L02170,Clark Group,Maria Young,Owner,maria.young@clarkgroup.example.com,2026-08-14 14:46:31.635088,Call Tracking,Callrail ,phone,gbp_listing,NJ,70
ACME-L02171,Knight-Gaines,Emily Cook,,emily.cook@knightgaines.example.com,2026-08-14 15:13:47.895382,Google Ads,google,cpc,msp_q3_pmax,CA,94
ACME-L02172,Graves Ltd,Jeremy Petersen,Practice Manager,jeremy.petersen@gravesltd.example.com,2026-08-14 16:10:16.330887,Referral,,,,NY,100
ACME-L02173,Jordan and Sons,William Reid,Office Manager,william.reid@jordanandsons.example.com,2026-08-14 16:27:37.674172,Inbound call,callrail,phone,local_services,TX,70
ACME-L02174,Carter Inc,Linda Monroe,Practice Manager,linda.monroe@carterinc.example.com,2026-08-14 16:49:32.047188,Call Tracking,callrail,phone,gbp_listing,CA,51
ACME-L02175,Knight and Sons,Logan Ryan,,logan.ryan@knightandsons.example.com,2026-08-14 17:16:46.032956,Google Ads,google,cpc,msp_q3_pmax,FL,67
ACME-L02176,Parker Group,Christopher Whitehead,Owner,christopher.whitehead@parkergroup.example.com,2026-08-14 20:22:51.586774,Meta Ads,facebook,paid_social,msp_q3_retargeting,MA,88
ACME-L02177,Brennan Group,Logan Campos,IT Director,logan.campos@brennangroup.example.com,2026-08-15 02:03:46.622651,Google Ads,google,cpc,msp_q3_search,CA,67
ACME-L02178,Flowers Ltd,Anthony Thompson,Practice Manager,anthony.thompson@flowersltd.example.com,2026-08-15 03:27:28.293665, partner referral ,,,,MA,73
ACME-L02179,Acevedo LLC,Devon Carter,Owner,devon.carter@acevedollc.example.com,2026-08-15 06:46:09.199786,Google Ads,google,cpc,msp_q3_pmax,TX,94
ACME-L02180,Lewis Sparks and Smith,James Jones,,james.jones@lewissparksandsmith.example.com,2026-08-15 08:00:48.905544,Google Ads,google,cpc,msp_q3_pmax,NY,67
ACME-L02181,Clark PLC,Emily Lara,Practice Manager,emily.lara@clarkplc.example.com,2026-08-15 11:43:42.345550,Google Ads,google,cpc,msp_q3_pmax,CA,94
ACME-L02182,Mcknight Group,Paula Brewer,Practice Manager,paula.brewer@mcknightgroup.example.com,2026-08-15 17:37:46.962706,Google Ads,google,cpc,msp_q3_search,NY,44
ACME-L02183,Bell-Roberts,William Dudley,COO,william.dudley@bellroberts.example.com,2026-08-15 23:20:29.136811,Outbound,,,,NY,90
ACME-L02184,Fox-Dunn,Richard Kelley,COO,richard.kelley@foxdunn.example.com,2026-08-16 01:21:26.379162,google ads search,google,cpc,msp_q3_pmax,TX,67
ACME-L02185,Robinson PLC,Michele Forbes,Operations Manager,michele.forbes@robinsonplc.example.com,2026-08-16 05:00:10.978186,Google Ads,google,cpc,msp_q3_search,MA,94
ACME-L02186,Vazquez-Murray,Allison Pittman,IT Manager,allison.pittman@vazquezmurray.example.com,2026-08-16 07:21:06.169886,Referral,,,,CA,73
ACME-L02187,Nelson-Ford,John Lawrence,Practice Manager,john.lawrence@nelsonford.example.com,2026-08-16 10:15:51.031835, fb ,facebook,paid_social,msp_q3_retargeting,NY,61
ACME-L02188,Haynes Group,David Nolan,IT Director,david.nolan@haynesgroup.example.com,2026-08-16 11:10:57.923765,Outbound,,,,MA,80
ACME-L02189,Vega LLC,Shannon Stephens,COO,SHANNON.STEPHENS@VEGALLC.EXAMPLE.COM ,2026-08-16 12:31:12.636578,Google Ads,google,cpc,msp_q3_pmax,NJ,94
ACME-L02190,Mcneil Williams and Park,Laura White,Practice Manager,laura.white@mcneilwilliamsandpark.example.com,08/16/2026 13:13:31,Google Ads,google,cpc,msp_q3_search,CA,94
ACME-L02191,Garza-Norton,Joshua Prince,Operations Manager,joshua.prince@garzanorton.example.com,2026-08-16 21:04:57.745202,Meta Ads,facebook,paid_social,msp_q3_cyber_guide,TX,88
ACME-L02192,Medina-Bell,Randy Foster,Office Manager,randy.foster@medinabell.example.com,2026-08-16 23:00:10.989736,FACEBOOK,facebook,paid_social,,CA,76
ACME-L02193,Moore-Thomas,Jared Rivera,Operations Manager,jared.rivera@moorethomas.example.com,2026-08-17 00:10:50.200416,Google Ads,google,cpc,msp_q3_search,CA,67
ACME-L02194,Greene Bradford and Walker,Wayne Ellis,CFO,wayne.ellis@greenebradfordandwalker.example.com,2026-08-17 03:45:23.397415,Meta Ads,facebook,paid_social,msp_q3_retargeting,CA,61
ACME-L02195,Lee-Olsen,Richard Walker,IT Director,RICHARD.WALKER@LEEOLSEN.EXAMPLE.COM ,2026-08-17 08:07:05.891650,Referral,,,,,100
ACME-L02196,Rivers and Sons,Maureen Campos,IT Manager,maureen.campos@riversandsons.example.com,2026-08-17 08:33:21.820563,Referral,,,,IL,73
ACME-L02197,Harrison Jackson and Campos,Elizabeth Brown,IT Manager,elizabeth.brown@harrisonjacksonandcampos.example.com,2026-08-17 08:33:33.469738,Meta Ads,facebook,paid_social,msp_q3_retargeting,MA,
ACME-L02198,Marquez-Miller,Tiffany Allen,,tiffany.allen@marquezmiller.example.com,2026-08-17 11:06:42.716761,Google Ads,google,cpc,msp_q3_pmax,NJ,67
ACME-L02199,Gonzalez PLC,Patricia Kennedy,Practice Manager,patricia.kennedy@gonzalezplc.example.com,2026-08-17 11:20:49.850877,Meta Ads,facebook,paid_social,msp_q3_cyber_guide,CA,61
ACME-L02200,Smith-Anderson,Sean Woods,IT Manager,sean.woods@smithanderson.example.com,2026-08-17 12:33:57.818345,Google Ads,google,cpc,msp_q3_search,IL,66
ACME-L02201,White Roach and Fischer,Scott Charles,Operations Manager,scott.charles@whiteroachandfischer.example.com,2026-08-17 13:03:51.418956,Google Ads,google,cpc,msp_q3_search,CA,67
ACME-L02202,Hernandez-Lopez,Nicole Ford,Office Manager,nicole.ford@hernandezlopez.example.com,2026-08-17 13:12:04.171457,Google Ads,google,cpc,msp_q3_search,IL,67
ACME-L02203,Osborn Ltd,Curtis Roberts,Office Manager,curtis.roberts@osbornltd.example.com,2026-08-17 13:16:31.323953,Ppc,google,cpc,msp_q3_search,TX,67
ACME-L02204,Mcneil-Smith,Shawn Elliott,IT Director,shawn.elliott@mcneilsmith.example.com,2026-08-17 13:17:08.647369,Referral,,,,NJ,73
ACME-L02205,Andrews and Sons,Nicole Brady,Office Manager,nicole.brady@andrewsandsons.example.com,2026-08-17 14:26:51.212340,Meta Ads,facebook,paid_social,msp_q3_cyber_guide,NJ,61
ACME-L02206,Cross-Frazier,Emily Cruz,CFO,emily.cruz@crossfrazier.example.com,2026-08-17 15:19:22.974598, prospecting ,,,,Unassigned,43
ACME-L02207,Roy-Mcintosh,Jasmine Walker,COO,jasmine.walker@roymcintosh.example.com,08/17/2026 15:56:16,Google Ads,google,cpc,msp_q3_search,IL,94
ACME-L02208,Hall Ltd,Michael Davis,Owner,michael.davis@hallltd.example.com,2026-08-17 17:20:45.407030,Facebook,facebook,paid_social,msp_q3_retargeting,TX,88
ACME-L02209,Smith-Valdez,Stephanie Reid,COO,stephanie.reid@smithvaldez.example.com,08/17/2026 17:35:20,Outbound,,,,CA,63
ACME-L02210,Frazier Inc,Elizabeth Osborne,Office Manager,elizabeth.osborne@frazierinc.example.com,08/18/2026 01:19:03,Meta Ads,facebook,paid_social,msp_q3_retargeting,NY,70
ACME-L02211,Rogers and Sons,Todd Daniels,COO,todd.daniels@rogersandsons.example.com,2026-08-18 07:11:06.730297,Referral,,,,TX,100
ACME-L02212,Medina Cochran and Duncan,Michael Hebert,Operations Manager,MICHAEL.HEBERT@MEDINACOCHRANANDDUNCAN.EXAMPLE.COM ,08/18/2026 08:41:57,GOOGLE ADS SEARCH,google,cpc,msp_q3_pmax,NJ,67
ACME-L02213,Willis Munoz and Davis,William Curry,COO,william.curry@willismunozanddavis.example.com,2026-08-18 10:12:00.816874,Google Ads,google,cpc,msp_q3_pmax,CA,67
ACME-L02214,Roberson-Compton,Lisa Frederick,Owner,lisa.frederick@robersoncompton.example.com,2026-08-18 10:13:32.900876,Meta Ads,facebook,paid_social,msp_q3_retargeting,CA,66
ACME-L02215,Miller Ltd,Jared Mcgee,Owner,jared.mcgee@millerltd.example.com,2026-08-18 10:27:20.481454,sdr program,,,,MA,90
ACME-L02216,Lowery Lewis and Myers,Kaylee Berry,Office Manager,kaylee.berry@lowerylewisandmyers.example.com,2026-08-18 11:19:14.578723,Sdr,,,,NY,90
ACME-L02217,Fuller Group,Matthew Le,,matthew.le@fullergroup.example.com,08/18/2026 12:01:07,Google Ads,google,cpc,msp_q3_search,MA,64
ACME-L02218,Allen LLC,Robert Sandoval,Office Manager,robert.sandoval@allenllc.example.com,2026-08-18 14:22:07.611072,Google Ads,google,cpc,msp_q3_pmax,NY,91
ACME-L02219,Schwartz Lutz and Cook,Steven Diaz,Operations Manager,steven.diaz@schwartzlutzandcook.example.com,2026-08-18 17:08:43.876202,Google Ads,google,cpc,msp_q3_search,MA,67
ACME-L02220,Fisher Group,Earl Mcpherson,IT Manager,earl.mcpherson@fishergroup.example.com,2026-08-18 17:13:21.384260,Google Ads Search,google,cpc,msp_q3_pmax,NJ,67
ACME-L02221,Galvan Ltd,Jeffrey Walker,Practice Manager,jeffrey.walker@galvanltd.example.com,2026-08-18 17:37:41.594398,Ppc,google,cpc,msp q3 pmax,NY,67
ACME-L02222,Dean Zimmerman and Gray,John Fletcher,IT Manager,john.fletcher@deanzimmermanandgray.example.com,08/18/2026 17:41:06,FB,facebook,paid_social,msp_q3_cyber_guide,TX,88
ACME-L02223,Price Atkinson and Craig,Zachary Curry,Operations Manager,zachary.curry@priceatkinsonandcraig.example.com,2026-08-18 17:50:52.596398,Google Ads,google,cpc,,MA,94
ACME-L02224,Fox Sampson and Davis,Johnathan Webb,Office Manager,johnathan.webb@foxsampsonanddavis.example.com,2026-08-18 17:58:03.880677,referal,,,,NY,73
ACME-L02225,Wilson-Joseph,Rebecca Johnson,Owner,rebecca.johnson@wilsonjoseph.example.com,2026-08-18 22:22:24.530540,Google Ads,google,cpc,msp_q3_search,NY,94
ACME-L02226,Gonzales Lee and Rodriguez,Isabel Neal,Practice Manager,isabel.neal@gonzalesleeandrodriguez.example.com,2026-08-19 00:16:24.399102,Call Tracking,callrail,phone,local_services,FL,97
ACME-L02227,Smith Little and Davis,Allison Quinn,Office Manager,allison.quinn@smithlittleanddavis.example.com,2026-08-19 01:05:19.766824,Outbound,,,,ma,47
ACME-L02228,Holmes-Wolf,David Maynard,Practice Manager,DAVID.MAYNARD@HOLMESWOLF.EXAMPLE.COM ,2026-08-19 03:31:43.540028,Google Ads,google,cpc,msp_q3_search,IL,37
ACME-L02229,Rose Gonzalez and Farmer,April Myers,Office Manager,april.myers@rosegonzalezandfarmer.example.com,2026-08-19 04:56:52.823454, referral payouts ,,,,CA,100
ACME-L02230,Frazier-Patton,Terri Flores,Office Manager,terri.flores@frazierpatton.example.com,2026-08-19 05:03:16.145816,Meta Ads,facebook,paid_social,msp_q3_cyber_guide,FL,88
ACME-L02231,Ayala Hall and Smith,Juan Mccoy,Practice Manager,juan.mccoy@ayalahallandsmith.example.com,2026-08-19 05:44:57.746517,Google Ads,google,cpc,msp_q3_pmax,NY,66
ACME-L02232,Hanna and Sons,Raymond Travis,Operations Manager,raymond.travis@hannaandsons.example.com,2026-08-19 06:46:41.268445,Meta Ads,facebook,paid_social,msp_q3_cyber_guide,IL,61
ACME-L02233,Wood-Weaver,Donald Jenkins,Operations Manager,donald.jenkins@woodweaver.example.com,2026-08-19 09:14:04.173573, google_cpc ,google,cpc,msp_q3_pmax,MA,67
ACME-L02234,Acosta-Berry,Heidi Price,CFO,heidi.price@acostaberry.example.com,2026-08-19 10:13:55.390444,Google Ads,google,cpc,msp_q3_pmax,Massachusetts,67
ACME-L02235,Bradley PLC,Billy Melton,IT Director,billy.melton@bradleyplc.example.com,2026-08-19 10:38:24.374842,Outbound,,,,IL,63
ACME-L02236,Burns Ltd,Thomas Berry,IT Director,THOMAS.BERRY@BURNSLTD.EXAMPLE.COM ,2026-08-19 10:57:46.674399,Call Tracking,callrail,phone,gbp_listing,MA,40
ACME-L02237,Wilson Burgess and Wong,Andre Stevens,IT Manager,andre.stevens@wilsonburgessandwong.example.com,2026-08-19 11:31:13.257145,Google Ads,google,cpc,msp_q3_search,TX,67
ACME-L02238,Hunter Abbott and Murillo,Ashley Williams,IT Director,ashley.williams@hunterabbottandmurillo.example.com,2026-08-19 12:01:40.708768,Meta Ads,facebook,paid_social,msp_q3_retargeting,MA,61
ACME-L02239,White Thompson and Rocha,Brandon Sweeney,IT Director,brandon.sweeney@whitethompsonandrocha.example.com,2026-08-19 12:20:22.600988,Google Ads,google,cpc,msp_q3_search,IL,94
ACME-L02240,Richardson-Stephens,Robert Buchanan,Office Manager,robert.buchanan@richardsonstephens.example.com,2026-08-19 12:46:13.261090,Referral,,,,MA,100
ACME-L02241,Warren Ltd,Crystal Gordon,,crystal.gordon@warrenltd.example.com,2026-08-19 12:52:23.786059,Google Ads,google,cpc,msp_q3_pmax,NY,67
ACME-L02242,Gonzalez Mason and Harris,William Branch,Office Manager,WILLIAM.BRANCH@GONZALEZMASONANDHARRIS.EXAMPLE.COM ,2026-08-19 12:58:10.970198,Referral,,,,CA,70
ACME-L02243,Odonnell Burns and Guerrero,Rebecca Jordan,Practice Manager,rebecca.jordan@odonnellburnsandguerrero.example.com,2026-08-19 13:17:22.441975,Google Ads,google,cpc,msp_q3_search,MA,67
ACME-L02244,Marshall-Cunningham,Jessica Allen,CFO,jessica.allen@marshallcunningham.example.com,2026-08-19 13:57:23.396369,Google,google,cpc,msp_q3_pmax,CA,67
ACME-L02245,Bennett Martin and Anderson,Nancy Stephens,CFO,nancy.stephens@bennettmartinandanderson.example.com,2026-08-19 14:07:21.227357,Partner referral,,,,TX,
ACME-L02246,Taylor and Sons,Laura Church,Practice Manager,laura.church@taylorandsons.example.com,2026-08-19 15:03:57.718730,ADWORDS,google,cpc,msp_q3_search,NJ,
ACME-L02247,Scott Ltd,Samuel Ramos,CFO,SAMUEL.RAMOS@SCOTTLTD.EXAMPLE.COM ,2026-08-19 15:10:02.350096,Google Ads,google,cpc,msp_q3_search,,61
ACME-L02248,Reynolds-Yang,Erin Howard,IT Director,erin.howard@reynoldsyang.example.com,2026-08-19 15:10:20.184828,Referral,,,,ca,43
ACME-L02249,Alvarado-Mayo,Samuel Jordan,CFO,samuel.jordan@alvaradomayo.example.com,2026-08-19 15:17:24.477320,Google Ads,Google ,cpc,msp_q3_pmax,TX,
ACME-L02250,Wade-Hughes,Melissa Torres,COO,melissa.torres@wadehughes.example.com,2026-08-19 16:10:42.292513,Google Ads,google,cpc,msp_q3_search,MA,94
ACME-L02251,Quinn Schmidt and Ewing,Renee Berger,Owner,renee.berger@quinnschmidtandewing.example.com,2026-08-19 16:58:29.976887,Meta Ads,facebook,paid_social,msp_q3_cyber_guide,NJ,61
ACME-L02252,Cook-Clay,Dustin Martinez,Office Manager,dustin.martinez@cookclay.example.com,08/19/2026 17:16:00,Referral,,,,tx,100
ACME-L02253,Best Ltd,Gabriela Leon,Operations Manager,gabriela.leon@bestltd.example.com,2026-08-19 18:42:05.699771,Meta Ads,facebook,paid_social,msp_q3_cyber_guide,CA,88
ACME-L02254,Love Aguirre and Hall,Tyler Smith,Owner,tyler.smith@loveaguirreandhall.example.com,2026-08-20 08:24:18.714671,Meta Ads,facebook,paid_social,msp_q3_cyber_guide,NY,61
ACME-L02255,Hughes Orr and Diaz,Elizabeth West,Owner,elizabeth.west@hughesorranddiaz.example.com,2026-08-20 08:31:17.162135,Google Ads,google,cpc,msp_q3_search,FL,64
ACME-L02256,Parker-Johnson,Rachel Pacheco,Office Manager,rachel.pacheco@parkerjohnson.example.com,08/20/2026 08:31:29,Meta Ads,facebook,paid_social,msp_q3_retargeting,,88
ACME-L02257,Bonilla Lee and Diaz,Laura Cook,COO,laura.cook@bonillaleeanddiaz.example.com,2026-08-20 09:01:34.902520,Google Ads,Google ,cpc,msp_q3_pmax,IL,94
ACME-L02258,Montgomery-Taylor,Marie Bowman,IT Manager,marie.bowman@montgomerytaylor.example.com,08/20/2026 09:05:07,Call Tracking,callrail,phone,local_services,NY,97
ACME-L02259,Sanchez LLC,Ashley Nelson,CFO,ashley.nelson@sanchezllc.example.com,2026-08-20 10:50:38.742343,Google Ads,google,cpc,msp_q3_search,MA,63
ACME-L02260,Young-Oconnor,Andrew Salazar,CFO,andrew.salazar@youngoconnor.example.com,08/20/2026 11:04:57,INSTAGRAM,facebook,paid_social,msp_q3_retargeting,CA,88
ACME-L02261,Barr-Sanchez,Kayla Harris,Operations Manager,kayla.harris@barrsanchez.example.com,2026-08-20 11:06:35.793090,Outbound,,,,CA,90
ACME-L02262,Spencer-Lopez,Sean Baker,Owner,sean.baker@spencerlopez.example.com,2026-08-20 11:24:39.628028,Google Ads,Google ,cpc,msp_q3_pmax,CA,67
ACME-L02263,Hunt Gibson and Calhoun,Nicholas Taylor,Practice Manager,nicholas.taylor@huntgibsonandcalhoun.example.com,2026-08-20 12:04:14.535369,Referral,,,,FL,100
ACME-L02264,Clark Manning and Kramer,Caroline Taylor,Office Manager,caroline.taylor@clarkmanningandkramer.example.com,2026-08-20 12:26:53.753803,Meta Ads,facebook,paid_social,msp_q3_cyber_guide,NJ,72
ACME-L02265,Williams-Small,Mariah Wheeler,Owner,mariah.wheeler@williamssmall.example.com,08/20/2026 14:06:55,Google Ads,google,cpc, MSP_Q3_SEARCH,NY,88
ACME-L02266,Thomas-King,Michele Burnett,IT Director,michele.burnett@thomasking.example.com,2026-08-20 14:51:56.931681,Fb,facebook,paid_social,msp_q3_retargeting,TX,88
ACME-L02267,Jones-Douglas,Stephanie Dunn,Owner,stephanie.dunn@jonesdouglas.example.com,2026-08-20 15:21:58.277660,Referral,,,,NY,100
ACME-L02268,Mills Hunt and Bell,Jacob Lewis,COO,jacob.lewis@millshuntandbell.example.com,2026-08-20 15:59:12.161828,Google Ads,google,cpc,msp_q3_search,Florida,67
ACME-L02269,Snyder-Smith,Brian Johnston,IT Director,BRIAN.JOHNSTON@SNYDERSMITH.EXAMPLE.COM ,2026-08-20 17:03:23.146217,Outbound,,,,tx,65
ACME-L02270,Austin Inc,Ian Barnes,COO,ian.barnes@austininc.example.com,2026-08-20 17:18:55.094154,Google Ads,google,cpc,msp_q3_search,FL,94
ACME-L02271,Taylor Cherry and Rocha,Michael Ryan,COO,michael.ryan@taylorcherryandrocha.example.com,2026-08-20 17:20:03.177040,Outbound,,,,IL,90
ACME-L02272,Rice Inc,Joshua Paul,Operations Manager,joshua.paul@riceinc.example.com,2026-08-20 20:13:27.654280,COLD EMAIL,,,,NJ,90
ACME-L02273,Ramirez-Lloyd,Jill Schneider,Owner,jill.schneider@ramirezlloyd.example.com,2026-08-20 22:42:25.581454,Meta Ads,facebook,paid_social,,NY,61
ACME-L02274,Hammond-Murray,Jennifer Esparza,Practice Manager,jennifer.esparza@hammondmurray.example.com,2026-08-21 03:54:41.955179, inbound call ,callrail,phone,local_services,NY,97
ACME-L02275,Hansen-Diaz,Ian Golden,Operations Manager,ian.golden@hansendiaz.example.com,2026-08-21 05:33:47.062356,Meta Ads,facebook,paid_social,msp_q3_retargeting,NJ,88
ACME-L02276,Rivera Jackson and Sandoval,Daniel Simpson,Practice Manager,daniel.simpson@riverajacksonandsandoval.example.com,2026-08-21 06:25:41.619557,Call Tracking,callrail,phone,local_services,MA,54
ACME-L02277,Clark-Martinez,Michael Gray,COO,michael.gray@clarkmartinez.example.com,2026-08-21 08:52:45.308194,Google Ads,google,cpc,msp_q3_pmax,NY,67
ACME-L02278,Shah Valentine and Johnson,Lauren Rodriguez,IT Manager,lauren.rodriguez@shahvalentineandjohnson.example.com,2026-08-21 10:35:25.742104,Google Ads,google,cpc,msp_q3_pmax,CA,94
ACME-L02279,Cunningham Gomez and Duncan,Helen Morgan,Practice Manager,helen.morgan@cunninghamgomezandduncan.example.com,2026-08-21 11:50:46.952880,Google Ads,google,cpc,msp_q3_search,NY,67
ACME-L02280,George and Sons,Wendy Case,CFO,wendy.case@georgeandsons.example.com,2026-08-21 11:56:02.193033,Google Ads,google,cpc,msp_q3_search,TX,67
ACME-L02281,Weaver-Pham,Joel Day,IT Director,joel.day@weaverpham.example.com,2026-08-21 13:57:07.550928,Outbound,,,,FL,90
ACME-L02282,Mason-Powell,Luke Davis,,luke.davis@masonpowell.example.com,2026-08-21 14:17:16.385385,Outbound,,,,nj,63
ACME-L02283,Harris Cohen and Cordova,Christopher Combs,Office Manager,christopher.combs@harriscohenandcordova.example.com,08/21/2026 16:10:40,Google Ads,google,cpc,,,74
ACME-L02284,Smith Garcia and Velez,Christopher Sanders,IT Manager,christopher.sanders@smithgarciaandvelez.example.com,2026-08-21 16:35:50.545407,Meta Ads,facebook,paid_social,msp_q3_cyber_guide,FL,61
ACME-L02285,Perez and Sons,Carol Brown,IT Manager,carol.brown@perezandsons.example.com,2026-08-21 17:36:18.184224,Google Ads,google,cpc,msp_q3_search,TX,67
ACME-L02286,Bradford Wilson and Newton,Stephen Soto,Operations Manager,stephen.soto@bradfordwilsonandnewton.example.com,2026-08-21 19:23:28.703089,Meta Ads,facebook,paid_social,msp_q3_cyber_guide,TX,
ACME-L02287,Williamson LLC,Joseph Burns,Operations Manager,joseph.burns@williamsonllc.example.com,2026-08-21 19:37:11.459644,Meta Ads,facebook,paid_social,msp_q3_retargeting,NJ,88
ACME-L02288,Peterson-Nelson,Nathan Watkins,IT Manager,nathan.watkins@petersonnelson.example.com,08/21/2026 20:31:02,Call Tracking,callrail,phone,gbp_listing,NY,70
ACME-L02289,Lewis LLC,Brandon Mendoza,COO,brandon.mendoza@lewisllc.example.com,2026-08-21 22:26:16.119834,Referral,,,,NJ,100
ACME-L02290,Turner-Nelson,Jacob Russo,COO,jacob.russo@turnernelson.example.com,2026-08-22 01:07:37.901893,Outbound,,,,NY,63
ACME-L02291,Little and Sons,Stephanie Rodgers,IT Manager,stephanie.rodgers@littleandsons.example.com,08/22/2026 04:58:32,Referral,,,,New York,100
ACME-L02292,Payne-Randolph,Lisa Rios,Owner,lisa.rios@paynerandolph.example.com,2026-08-22 05:26:02.458728,Referral,,,,NY,75
ACME-L02293,Cantu Higgins and Trevino,Morgan Ortega,Practice Manager,morgan.ortega@cantuhigginsandtrevino.example.com,2026-08-22 09:18:41.167945,Google Ads,google,cpc,msp_q3_pmax,NY,94
ACME-L02294,Boone Ltd,Amy Thomas,CFO,amy.thomas@booneltd.example.com,2026-08-22 10:43:06.025313,Prospecting,,,,TX,63
ACME-L02295,Kelly Gordon and Young,Ruben Adkins,Office Manager,ruben.adkins@kellygordonandyoung.example.com,2026-08-22 11:05:06.196637,Google Ads,google,cpc,,MA,53
ACME-L02296,Anderson and Sons,Jeffrey Schmidt,Owner,jeffrey.schmidt@andersonandsons.example.com,2026-08-22 12:57:26.688781,Google Ads,Google ,cpc,msp_q3_search,MA,94
ACME-L02297,Brennan-Fisher,David Duncan,Owner,david.duncan@brennanfisher.example.com,2026-08-22 17:43:37.986691,Referral,,,,MA,73
ACME-L02298,Cox Hall and Hunt,Sarah Austin,IT Manager,sarah.austin@coxhallandhunt.example.com,2026-08-22 21:19:29.434755,Google Ads,google,cpc,msp_q3_pmax,MA,94
ACME-L02299,Harris Group,Savannah Armstrong,IT Director,savannah.armstrong@harrisgroup.example.com,2026-08-22 23:47:57.125816,Google Ads,google,cpc,msp_q3_pmax,CA,60
ACME-L02300,Torres Smith and Jones,Robert Morgan,Practice Manager,robert.morgan@torressmithandjones.example.com,2026-08-23 00:20:45.906432,Outbound,,,,MA,90
ACME-L02301,Hess James and Reeves,Andrea Perez,IT Director,andrea.perez@hessjamesandreeves.example.com,2026-08-23 00:56:37.788735,Meta Ads,facebook,paid_social,msp_q3_cyber_guide,Florida,88
ACME-L02302,Franklin-Gomez,Catherine Merritt,Office Manager,catherine.merritt@franklingomez.example.com,2026-08-23 01:51:44.424256,Google Ads,google,cpc,msp_q3_pmax,IL,94
ACME-L02303,Watson-Smith,Ronald Fernandez,IT Manager,ronald.fernandez@watsonsmith.example.com,2026-08-23 03:25:15.378454,Google Ads,google,cpc,msp_q3_search,NY,94
ACME-L02304,Juarez-Tate,Tina Martinez,Owner,tina.martinez@juareztate.example.com,2026-08-23 06:44:30.851612,Prospecting,,,,Unassigned,43
ACME-L02305,Baxter-Casey,Sarah Maxwell,Office Manager,sarah.maxwell@baxtercasey.example.com,2026-08-23 07:03:31.380957, instagram ,facebook,paid_social,msp_q3_retargeting,NY,45
ACME-L02306,Jones Nguyen and Mejia,Carla Conway,Office Manager,carla.conway@jonesnguyenandmejia.example.com,2026-08-23 07:28:08.834883,Outbound,,,,TX,90
ACME-L02307,Miller-Scott,Teresa Stewart,IT Director,teresa.stewart@millerscott.example.com,2026-08-23 08:46:30.029005,Call Tracking,callrail,phone,gbp_listing,FL,70
ACME-L02308,Pitts and Sons,Damon Clay,IT Manager,damon.clay@pittsandsons.example.com,2026-08-23 09:09:38.477303,Referral,,,,NJ,100
ACME-L02309,Frazier-Martinez,Ana Baker,COO,ana.baker@fraziermartinez.example.com,2026-08-23 09:57:25.594809,Call Tracking,callrail,phone,local_services,ca,97
ACME-L02310,Wilkinson Gibson and Carter,Shannon Williams,COO,shannon.williams@wilkinsongibsonandcarter.example.com,2026-08-23 13:15:26.823753,Outbound,,,,NJ,63
ACME-L02311,Thomas-Green,Michael Cooke,IT Director,michael.cooke@thomasgreen.example.com,2026-08-23 13:39:02.126512,Referral,,,,New York,100
ACME-L02312,Rodriguez White and Baker,James Duncan,IT Director,james.duncan@rodriguezwhiteandbaker.example.com,2026-08-23 13:39:19.781685,Google Ads,google,cpc,msp_q3_search,FL,94
ACME-L02313,Miles Ltd,Kristen Lopez,Operations Manager,kristen.lopez@milesltd.example.com,2026-08-23 16:52:49.216700,Inbound call,callrail,phone,gbp listing,ma,97
ACME-L02314,Lopez and Sons,Kathleen Kim,Office Manager,kathleen.kim@lopezandsons.example.com,2026-08-23 17:49:50.866357,Google Ads,google,cpc,msp_q3_pmax,Massachusetts,94
ACME-L02315,Fox-Barrera,Veronica Conrad,IT Director,veronica.conrad@foxbarrera.example.com,2026-08-23 20:15:04.518039,Outbound,,,,TX,90
ACME-L02316,Stephens Ltd,Jared Perez,CFO,jared.perez@stephensltd.example.com,2026-08-23 23:33:53.606889,Google Ads,google,cpc,msp_q3_pmax,CA,69
ACME-L02317,Gregory-Gonzales,Sarah Arias,Office Manager,SARAH.ARIAS@GREGORYGONZALES.EXAMPLE.COM ,2026-08-24 00:59:09.733585,Meta Ads,facebook,paid_social,msp_q3_cyber_guide,NY,61
ACME-L02318,Alexander Johnson and Garcia,Aaron Huang,Practice Manager,aaron.huang@alexanderjohnsonandgarci.example.com,2026-08-24 01:03:11.165208,PPC,google,cpc, MSP_Q3_SEARCH,NY,67
ACME-L02319,Page-Smith,Daniel Thomas,IT Director,daniel.thomas@pagesmith.example.com,08/24/2026 02:36:05,Meta Ads,facebook,paid_social,,TX,88
ACME-L02320,Guzman Cooper and Wade,Kirsten Sullivan,,kirsten.sullivan@guzmancooperandwade.example.com,2026-08-24 03:56:56.271978,Referral,,,,TX,73
ACME-L02321,Harmon-Cook,Gary Little,IT Manager,GARY.LITTLE@HARMONCOOK.EXAMPLE.COM ,2026-08-24 09:41:23.744722,Meta Ads,facebook,paid_social,msp_q3_retargeting,Unassigned,68
ACME-L02322,Gill Smith and Henderson,Shelby Smith,COO,shelby.smith@gillsmithandhenderson.example.com,2026-08-24 09:41:44.176586,Google Ads,Google ,cpc,msp_q3_search,TX,67
ACME-L02323,Schmidt LLC,Jack Walker,Office Manager,jack.walker@schmidtllc.example.com,2026-08-24 11:37:52.281047,Outbound,,,,NY,53
ACME-L02324,Mcknight and Sons,James Dixon,IT Director,james.dixon@mcknightandsons.example.com,2026-08-24 12:11:55.123142,Google Ads,google,cpc,msp_q3_pmax,,94
ACME-L02325,Johnson Pittman and Douglas,Anna Rodriguez,Office Manager,anna.rodriguez@johnsonpittmananddouglas.example.com,2026-08-24 12:12:36.901180,Google Ads,google,cpc,msp_q3_search,CA,69
ACME-L02326,Herman-Downs,Jennifer Higgins,,jennifer.higgins@hermandowns.example.com,2026-08-24 13:14:58.063921,Outbound,,,,CA,
ACME-L02327,Hopkins Robertson and Wallace,Heather Johnson,,heather.johnson@hopkinsrobertsonandwalla.example.com,2026-08-24 13:22:44.103976,Google Ads,google,cpc,msp_q3_pmax,ny,67
ACME-L02328,Pope-Pugh,Justin Hamilton,CFO,justin.hamilton@popepugh.example.com,08/24/2026 13:24:28,Referral,,,,NJ,53
ACME-L02329,Smith Kelly and Jones,Angela Martin,IT Director,angela.martin@smithkellyandjones.example.com,2026-08-24 13:38:37.171126,Google Ads,google,cpc,msp_q3_search,CA,67
ACME-L02330,Stephens Caldwell and Huber,Steven Carr,Owner,steven.carr@stephenscaldwellandhuber.example.com,2026-08-24 14:17:10.644889,Meta Ads,facebook,paid_social,msp_q3_cyber_guide,NJ,88
ACME-L02331,Robinson Inc,Lindsay Perez,CFO,LINDSAY.PEREZ@ROBINSONINC.EXAMPLE.COM ,2026-08-24 17:27:50.765611,Outbound,,,,NJ,
ACME-L02332,Mathis-Cross,Johnny Wright,COO,johnny.wright@mathiscross.example.com,08/24/2026 17:57:48, google ,google,cpc,,NY,67
ACME-L02333,Robles-Campbell,Michael Vaughn,Office Manager,michael.vaughn@roblescampbell.example.com,2026-08-24 19:04:16.458810,Adwords,Google ,cpc,msp_q3_search,New York,
ACME-L02334,Wright-Ramsey,Sabrina Bell,CFO,sabrina.bell@wrightramsey.example.com,08/24/2026 22:58:38,Google Ads,google,cpc,msp_q3_pmax,FL,94
ACME-L02335,Wells Inc,Kim Spencer,COO,kim.spencer@wellsinc.example.com,08/25/2026 00:38:25,Referral,,,,IL,73
ACME-L02336,Steele-Evans,Jacob Adams,COO,jacob.adams@steeleevans.example.com,2026-08-25 02:30:38.368030,Google Ads,google,cpc,msp_q3_search,IL,94
ACME-L02337,Ray and Sons,James Jackson,IT Director,james.jackson@rayandsons.example.com,2026-08-25 04:23:28.369286,Call Tracking,callrail,phone,gbp_listing,FL,97
ACME-L02338,Harvey Group,Mary Montgomery,IT Manager,mary.montgomery@harveygroup.example.com,2026-08-25 08:14:33.723167,Google Ads,google,cpc,msp_q3_search,ny,94
ACME-L02339,Barnes-Jackson,Brett Davis,Owner,brett.davis@barnesjackson.example.com,2026-08-25 08:19:33.570985,Facebook,facebook,paid_social,msp_q3_cyber_guide,TX,61
ACME-L02340,Miller-Lewis,Christopher Williams,CFO,christopher.williams@millerlewis.example.com,2026-08-25 08:30:56.972822,Meta Ads,Facebook ,paid_social, MSP_Q3_RETARGETING,NY,88
ACME-L02341,Hoffman PLC,Kelly Hart,IT Manager,kelly.hart@hoffmanplc.example.com,2026-08-25 08:36:19.011133,Google Ads,google,cpc,msp_q3_search,CA,
ACME-L02342,Simmons-Martinez,Sarah Hunter,IT Manager,sarah.hunter@simmonsmartinez.example.com,2026-08-25 09:00:27.529470,Google Ads,google,cpc,msp_q3_search,CA,67
ACME-L02343,Garcia PLC,Derek White,CFO,derek.white@garciaplc.example.com,2026-08-25 09:03:29.797477,SDR,,,,NJ,33
ACME-L02344,Mcdonald-Thompson,Brianna White,,brianna.white@mcdonaldthompson.example.com,2026-08-25 10:54:19.849728,Google Ads,google,cpc,msp_q3_search,TX,94
ACME-L02345,Bright-Hoover,William Reese,IT Director,william.reese@brighthoover.example.com,2026-08-25 12:04:47.963468,Call Tracking,callrail,phone,gbp_listing,NJ,70
ACME-L02346,Reed and Sons,Eric Hansen,Owner,eric.hansen@reedandsons.example.com,2026-08-25 12:35:29.668701,Meta Ads,facebook,paid_social,msp q3 retargeting,TX,48
ACME-L02347,Thornton and Sons,Barbara Larson,COO,barbara.larson@thorntonandsons.example.com,2026-08-25 13:26:52.902807,Google Ads,google,cpc,msp_q3_pmax,NY,67
ACME-L02348,Cox Chase and Patel,Ashley Carlson,Owner,ashley.carlson@coxchaseandpatel.example.com,2026-08-25 14:14:47.797939,Paid Social,facebook,paid_social,msp_q3_retargeting,TX,88
ACME-L02349,Hughes and Sons,Sandra Daniels,CFO,sandra.daniels@hughesandsons.example.com,2026-08-25 14:20:14.844288,Google Ads,Google ,cpc,msp_q3_search,IL,67
ACME-L02350,Wilson Rubio and Daniels,Jason Parker,Operations Manager,jason.parker@wilsonrubioanddaniels.example.com,2026-08-25 15:41:06.899612,GOOGLE ADS SEARCH,Google ,cpc,msp_q3_search,NJ,67
ACME-L02351,Henderson-Anderson,Thomas Cantrell,COO,thomas.cantrell@hendersonanderson.example.com,2026-08-25 15:44:26.580488,Google Ads,google,cpc,msp_q3_pmax,Illinois,67
ACME-L02352,Huff LLC,Matthew Velez,Owner,matthew.velez@huffllc.example.com,2026-08-25 16:11:36.804624,Referral,,,,NY,100
ACME-L02353,Rhodes James and Lopez,Rick Mcintyre,COO,rick.mcintyre@rhodesjamesandlopez.example.com,2026-08-25 16:47:20.193469,Referral,,,,ma,73
ACME-L02354,Craig-Jensen,Sydney Wallace,Owner,sydney.wallace@craigjensen.example.com,2026-08-26 03:07:09.304110,Referral,,,,TX,73
ACME-L02355,Taylor-Suarez,Andrew Butler,COO,andrew.butler@taylorsuarez.example.com,2026-08-26 03:14:28.813675,partner referral,,,,IL,56
ACME-L02356,Hicks-Martin,Nicholas Harris,Owner,nicholas.harris@hicksmartin.example.com,2026-08-26 07:51:37.477283,Call Tracking,callrail,phone,gbp_listing,NY,56
ACME-L02357,Alvarado LLC,Nicole Wolfe,CFO,nicole.wolfe@alvaradollc.example.com,08/26/2026 09:25:57,Google Ads,google,cpc,msp_q3_pmax,FL,94
ACME-L02358,Jones Guerra and Morris,Robert Cooper,CFO,ROBERT.COOPER@JONESGUERRAANDMORRIS.EXAMPLE.COM ,2026-08-26 09:50:57.690044,Call Tracking,callrail,phone,gbp_listing,TX,91
ACME-L02359,Thomas PLC,Samantha Mann,COO,samantha.mann@thomasplc.example.com,2026-08-26 10:04:22.934564,ADWORDS,google,cpc,msp_q3_pmax,NY,67
ACME-L02360,Cole LLC,Andrea Harvey,Owner,andrea.harvey@colellc.example.com,2026-08-26 10:08:04.055128,Call Tracking,callrail,phone,local_services,MA,70
ACME-L02361,Obrien and Sons,Tyler Hart,Owner,tyler.hart@obrienandsons.example.com,2026-08-26 10:12:36.276011,Meta Ads,facebook,paid_social,msp_q3_retargeting,IL,88
ACME-L02362,Kemp Duke and Kim,Eric Vasquez,Operations Manager,eric.vasquez@kempdukeandkim.example.com,2026-08-26 10:20:56.312861,Google Ads,google,cpc, MSP_Q3_PMAX,NJ,82
ACME-L02363,Shea Evans and Webb,Shannon Pittman,Operations Manager,SHANNON.PITTMAN@SHEAEVANSANDWEBB.EXAMPLE.COM ,2026-08-26 10:24:48.761972,Google Ads,google,cpc,msp_q3_pmax,MA,67
ACME-L02364,Perez LLC,Adam Adams,Practice Manager,adam.adams@perezllc.example.com,2026-08-26 10:34:18.388917,Google Ads,google,cpc,msp_q3_pmax,MA,94
ACME-L02365,Thompson-Martinez,Krystal Hoffman,Operations Manager,krystal.hoffman@thompsonmartinez.example.com,2026-08-26 10:35:11.480798,Google Ads,google,cpc,msp_q3_search,TX,67
ACME-L02366,Nelson and Sons,Christine Sullivan,IT Director,christine.sullivan@nelsonandsons.example.com,2026-08-26 10:55:06.240588,PHONE,callrail,phone,gbp_listing,MA,81
ACME-L02367,King PLC,Ellen Watkins,COO,ellen.watkins@kingplc.example.com,2026-08-26 11:14:37.492111,Outbound,,,,CA,63
ACME-L02368,Smith PLC,Tamara Ryan,Practice Manager,tamara.ryan@smithplc.example.com,2026-08-26 13:17:29.381652,PAID SOCIAL,facebook,paid_social,msp_q3_retargeting,NJ,61
ACME-L02369,Mathews-Martinez,Michael Matthews,IT Manager,michael.matthews@mathewsmartinez.example.com,2026-08-26 13:17:50.974512,Fb,facebook,paid_social,msp_q3_retargeting,Unassigned,46
ACME-L02370,Brown Inc,Meredith Brooks,Owner,meredith.brooks@browninc.example.com,2026-08-26 13:23:11.306215, google ,google,cpc,msp_q3_search,NY,61
ACME-L02371,Hernandez Jackson and Hill,Christine Jones,IT Manager,christine.jones@hernandezjacksonandhill.example.com,08/26/2026 13:39:24,Outbound,,,,MA,63
ACME-L02372,Huffman Garcia and Harrell,Angela Guerrero,Owner,angela.guerrero@huffmangarciaandharrell.example.com,2026-08-26 13:40:48.541216,Google Ads,Google ,cpc,msp_q3_search,NY,94
ACME-L02373,Thompson-Sanchez,Cody Bray,COO,cody.bray@thompsonsanchez.example.com,2026-08-26 14:31:28.833735,Google Ads,Google ,cpc,msp_q3_search,TX,94
ACME-L02374,Jacobs LLC,Jeremy Cain,IT Manager,jeremy.cain@jacobsllc.example.com,2026-08-26 16:56:57.767264,Call Tracking,callrail,phone,local_services,FL,97
ACME-L02375,Bell-Friedman,Rebecca Hill,Office Manager,rebecca.hill@bellfriedman.example.com,2026-08-26 16:57:52.047181,Meta Ads,facebook,paid_social,msp_q3_cyber_guide,NY,41
ACME-L02376,Hall Inc,Stacy Reyes,IT Director,stacy.reyes@hallinc.example.com,2026-08-26 17:42:29.971654,Meta Ads,facebook,paid_social,msp_q3_cyber_guide,NY,58
ACME-L02377,Lee Burnett and Harris,Julie Ballard,Practice Manager,JULIE.BALLARD@LEEBURNETTANDHARRIS.EXAMPLE.COM ,2026-08-27 02:07:10.390223,google,google,cpc,msp_q3_pmax,nj,94
ACME-L02378,Goodwin Gregory and Silva,Joseph Morris,Owner,JOSEPH.MORRIS@GOODWINGREGORYANDSILVA.EXAMPLE.COM ,08/27/2026 09:10:55,Call Tracking,callrail,phone,gbp_listing,MA,70
ACME-L02379,Gallagher Group,Tracy Foster,IT Director,tracy.foster@gallaghergroup.example.com,2026-08-27 09:42:25.622702,Outbound,,,,MA,90
ACME-L02380,Hunter Inc,David Anderson,Practice Manager,david.anderson@hunterinc.example.com,2026-08-27 10:16:36.168819,Meta Ads,facebook,paid_social,msp_q3_cyber_guide,CA,55
ACME-L02381,Williams-Jackson,Julie Adams,Office Manager,julie.adams@williamsjackson.example.com,2026-08-27 10:54:55.428833,Google Ads,google,cpc,,TX,67
ACME-L02382,Allen-Peterson,Julie Clark,IT Director,julie.clark@allenpeterson.example.com,2026-08-27 11:29:55.082081,Google Ads,google,cpc,msp_q3_pmax,ma,94
ACME-L02383,Boyd-Brewer,Lisa Davis,Owner,lisa.davis@boydbrewer.example.com,2026-08-27 11:38:46.900624,Outbound,,,,MA,90
ACME-L02384,Fry and Sons,Dustin Craig,,DUSTIN.CRAIG@FRYANDSONS.EXAMPLE.COM ,2026-08-27 12:32:33.746531,Google Ads,google,cpc,msp_q3_search,NY,67
ACME-L02385,Ramirez PLC,Ryan Smith,COO,ryan.smith@ramirezplc.example.com,2026-08-27 12:54:10.450776,Google_cpc,google,cpc,msp_q3_pmax,NY,67
ACME-L02386,Sanchez-Jones,Daniel Reed,CFO,daniel.reed@sanchezjones.example.com,2026-08-27 13:34:03.389098,Meta Ads,facebook,paid_social,msp_q3_cyber_guide,NJ,61
ACME-L02387,Carey Ltd,Luis Perez,IT Director,luis.perez@careyltd.example.com,2026-08-27 16:10:27.639825,Google Ads,google,cpc, MSP_Q3_PMAX,MA,
ACME-L02388,Martinez-Perkins,Joshua Avila,Operations Manager,joshua.avila@martinezperkins.example.com,2026-08-27 16:29:32.650965,Outbound,,,,NJ,89
ACME-L02389,Parker and Sons,Tina Todd,Practice Manager,tina.todd@parkerandsons.example.com,2026-08-27 17:21:46.931649,Outbound,,,,IL,90
ACME-L02390,Miller Ltd,Jacqueline Fox,Operations Manager,jacqueline.fox@millerltd.example.com,2026-08-27 17:58:31.566721,PPC,google,cpc,msp_q3_search,MA,94
ACME-L02391,Downs-Powell,Richard Webb,Operations Manager,richard.webb@downspowell.example.com,08/27/2026 19:53:16, adwords ,google,cpc,msp_q3_search,NY,67
ACME-L02392,Sloan LLC,Ronald Foster,COO,ronald.foster@sloanllc.example.com,08/28/2026 03:02:53, phone ,callrail,phone,gbp_listing,NJ,62
ACME-L02393,Carter-Thomas,Alexis Avery,IT Director,alexis.avery@carterthomas.example.com,2026-08-28 06:06:40.104507, sdr program ,,,,CA,86
ACME-L02394,Diaz Group,Rachel Cooper,,rachel.cooper@diazgroup.example.com,2026-08-28 07:25:27.485528,Call Tracking,callrail,phone,gbp_listing,TX,
ACME-L02395,Bridges Clarke and Gill,Mark Green,Office Manager,mark.green@bridgesclarkeandgill.example.com,2026-08-28 08:03:30.688222,PPC,google,cpc,msp_q3_pmax,TX,67
ACME-L02396,Sullivan PLC,Preston Mccall,IT Director,preston.mccall@sullivanplc.example.com,2026-08-28 08:13:35.206042,Referral,,,,CA,73
ACME-L02397,Richard and Sons,Gregory Jackson,Owner,gregory.jackson@richardandsons.example.com,2026-08-28 08:15:43.420787,Call Tracking,callrail,phone,local_services,New York,40
ACME-L02398,Gomez and Sons,Michelle Estrada,Operations Manager,michelle.estrada@gomezandsons.example.com,2026-08-28 09:35:07.061308,Call Tracking,callrail,phone, GBP_LISTING,NJ,97
ACME-L02399,Rodriguez Butler and Chase,Jose Moreno,Owner,jose.moreno@rodriguezbutlerandchase.example.com,2026-08-28 10:02:35.742886,Paid Social,facebook,paid_social,msp_q3_cyber_guide,NJ,88
ACME-L02400,Miller Velasquez and Richardson,Patricia Morales,CFO,patricia.morales@millervelasquezandrichar.example.com,2026-08-28 10:17:44.839903,Meta Ads,facebook,paid_social,msp_q3_cyber_guide,FL,
ACME-L02401,Gonzalez Hughes and Meza,Samuel Jacobson,IT Director,samuel.jacobson@gonzalezhughesandmeza.example.com,2026-08-28 10:30:15.030160,Meta Ads,facebook,paid_social,msp_q3_cyber_guide,TX,55
ACME-L02402,Garza-Thomas,Nicholas Thomas,Office Manager,nicholas.thomas@garzathomas.example.com,2026-08-28 10:31:56.294666,Outbound,,,,NY,63
ACME-L02403,Gregory-Ortiz,Michael Young,IT Director,MICHAEL.YOUNG@GREGORYORTIZ.EXAMPLE.COM ,2026-08-28 11:14:10.106433,FB,facebook,paid_social,msp_q3_cyber_guide,New York,61
ACME-L02404,Davis PLC,Melanie Hughes,Office Manager,melanie.hughes@davisplc.example.com,2026-08-28 13:58:56.709117,Meta Ads,facebook,paid_social,msp_q3_retargeting,IL,88
ACME-L02405,Bailey PLC,Kyle Rogers,Operations Manager,KYLE.ROGERS@BAILEYPLC.EXAMPLE.COM ,2026-08-28 16:08:49.802658,Google Ads,google,cpc,msp_q3_search,TX,67
ACME-L02406,Byrd-Parrish,Anita Ibarra,Owner,anita.ibarra@byrdparrish.example.com,2026-08-28 17:08:01.311266, google ads search ,google,cpc,,MA,90
ACME-L02407,Bush PLC,Maria Sanchez,Operations Manager,maria.sanchez@bushplc.example.com,2026-08-28 17:16:11.347102,Referral,,,,NY,73
ACME-L02408,Kaufman Ltd,Kimberly Wood,IT Manager,kimberly.wood@kaufmanltd.example.com,2026-08-28 17:29:23.734938,Google Ads,google,cpc,msp_q3_pmax,CA,67
ACME-L02409,Harrison PLC,Alexis Kennedy,Operations Manager,alexis.kennedy@harrisonplc.example.com,2026-08-28 17:29:55.371781,Outbound,,,,TX,90
ACME-L02410,Green-Kemp,Leah Hudson,CFO,leah.hudson@greenkemp.example.com,2026-08-28 17:40:23.163303,Call Tracking,callrail,phone,gbp listing,NJ,79
ACME-L02411,Pugh Pacheco and Rose,John Valenzuela,Operations Manager,john.valenzuela@pughpachecoandrose.example.com,2026-08-28 18:31:09.597359,callrail,callrail,phone,local_services,MA,97
ACME-L02412,Bailey-Chambers,David Huang,COO,david.huang@baileychambers.example.com,2026-08-28 20:34:50.726433,Meta Ads,facebook,paid_social,msp_q3_retargeting,MA,61
ACME-L02413,Sanchez Cunningham and Chavez,Katherine Walton,CFO,katherine.walton@sanchezcunninghamandchav.example.com,2026-08-29 00:02:51.973789,PROSPECTING,,,,CA,90
ACME-L02414,Rice PLC,Oscar Hayes,Office Manager,oscar.hayes@riceplc.example.com,2026-08-29 10:09:41.536623,Google Ads,google,cpc,msp_q3_search,NJ,94
ACME-L02415,Caldwell Johnson and Ayers,Cynthia Rocha,IT Director,cynthia.rocha@caldwelljohnsonandayers.example.com,2026-08-29 14:31:55.499372,Referral,,,,CA,73
ACME-L02416,Tucker-Schaefer,Brandon Velez,IT Director,brandon.velez@tuckerschaefer.example.com,08/29/2026 16:30:12, referal ,,,,CA,100
ACME-L02417,Weaver Inc,Valerie James,Office Manager,valerie.james@weaverinc.example.com,2026-08-29 17:05:51.630557,Outbound,,,,NY,63
ACME-L02418,Smith Inc,Christopher Richards,Owner,christopher.richards@smithinc.example.com,2026-08-30 04:22:28.657024,Adwords,google,cpc,msp_q3_pmax,CA,67
ACME-L02419,Johnson-Malone,Peter Davis,CFO,peter.davis@johnsonmalone.example.com,2026-08-30 05:51:33.961986,google ads search,Google ,cpc,msp_q3_search,Illinois,88
ACME-L02420,Flores-Ryan,Carol Cole,Owner,carol.cole@floresryan.example.com,2026-08-30 06:12:31.357293,Call Tracking,callrail,phone, LOCAL_SERVICES,FL,70
ACME-L02421,Bartlett Ltd,Teresa Griffith,COO,teresa.griffith@bartlettltd.example.com,2026-08-30 10:42:53.925370,Google Ads,Google ,cpc,msp_q3_pmax,NY,67
ACME-L02422,Rivers-Ramirez,Sharon Alexander,Operations Manager,sharon.alexander@riversramirez.example.com,2026-08-30 14:04:11.862039,Referral,,,,NY,73
ACME-L02423,Campbell-Chavez,Evelyn King,,evelyn.king@campbellchavez.example.com,2026-08-30 14:56:30.621953,Outbound,,,,Unassigned,43
ACME-L02424,Bates and Sons,Christine Owens,Owner,christine.owens@batesandsons.example.com,2026-08-30 16:23:43.102509,Meta Ads,facebook,paid_social,msp_q3_cyber_guide,IL,88
ACME-L02425,Scott-Turner,James Haynes,Operations Manager,james.haynes@scottturner.example.com,2026-08-30 18:21:55.937707,Google Ads,google,cpc,msp_q3_pmax,IL,67
ACME-L02426,Thomas Moore and Wright,Melvin Brock,IT Director,melvin.brock@thomasmooreandwright.example.com,2026-08-30 21:07:22.208432,Google Ads,google,cpc,msp_q3_pmax,California,94
ACME-L02427,Robertson White and Freeman,Katherine Hawkins,IT Director,katherine.hawkins@robertsonwhiteandfreeman.example.com,2026-08-30 22:27:29.303072,facebook ads,facebook,paid_social,msp_q3_cyber_guide,MA,61
ACME-L02428,Baker and Sons,Cody Spencer,Operations Manager,cody.spencer@bakerandsons.example.com,08/30/2026 23:02:40,Google Ads,google,cpc, MSP_Q3_SEARCH,MA,94
ACME-L02429,Sheppard Browning and Hamilton,Sara Holder,IT Manager,sara.holder@sheppardbrowningandhamil.example.com,2026-08-31 01:00:05.924393,Google Ads,google,cpc,msp_q3_pmax,TX,37
ACME-L02430,Mercado Haynes and King,Katelyn Bolton,CFO,katelyn.bolton@mercadohaynesandking.example.com,2026-08-31 05:20:22.465830,Google,google,cpc,msp_q3_pmax,NJ,94
ACME-L02431,James Marshall and Roberts,George Contreras,IT Manager,george.contreras@jamesmarshallandroberts.example.com,2026-08-31 08:07:13.969947,Referral,,,,TX,59
ACME-L02432,Spencer LLC,Kenneth Brewer,Practice Manager,kenneth.brewer@spencerllc.example.com,2026-08-31 08:28:04.709523,Google Ads,google,cpc,msp_q3_pmax,CA,37
ACME-L02433,Brown and Sons,Thomas Leonard,Owner,thomas.leonard@brownandsons.example.com,2026-08-31 08:28:06.973546,Meta Ads,facebook,paid_social,msp_q3_cyber_guide,NY,
ACME-L02434,Lewis Brandt and Holt,Alyssa Osborn,CFO,alyssa.osborn@lewisbrandtandholt.example.com,2026-08-31 08:53:55.454791,Referral,,,,IL,100
ACME-L02435,Mcdaniel Ho and Harrington,Sue Wright,Owner,SUE.WRIGHT@MCDANIELHOANDHARRINGTON.EXAMPLE.COM ,2026-08-31 09:56:40.992536,Google Ads,google,cpc,msp_q3_search,NY,67
ACME-L02436,Dunn Cook and Haas,Renee Williams,IT Director,renee.williams@dunncookandhaas.example.com,2026-08-31 09:58:06.020721,Google Ads,google,cpc,msp_q3_pmax,NJ,58
ACME-L02437,Jordan Group,Keith Gibson,Operations Manager,keith.gibson@jordangroup.example.com,2026-08-31 10:35:09.390473,Adwords,google,cpc,msp_q3_pmax,NJ,67
ACME-L02438,Hernandez PLC,Eileen Evans,Practice Manager,eileen.evans@hernandezplc.example.com,2026-08-31 12:24:31.661533,Google Ads,google,cpc,msp_q3_pmax,TX,67
ACME-L02439,Patrick Group,Natasha Brown,,natasha.brown@patrickgroup.example.com,2026-08-31 14:01:01.351264,Google_cpc,google,cpc,msp_q3_pmax,CA,67
ACME-L02440,Romero-Chavez,Margaret Moss,IT Director,margaret.moss@romerochavez.example.com,08/31/2026 14:14:34,Instagram,facebook,paid_social,msp_q3_retargeting,TX,88
ACME-L02441,Kemp Mccoy and Guzman,Marc Evans,,marc.evans@kempmccoyandguzman.example.com,2026-08-31 14:59:07.883136,Outbound,,,,MA,90
ACME-L02442,Butler Ltd,Johnny Brown,Practice Manager,johnny.brown@butlerltd.example.com,2026-08-31 15:01:02.130148,Call Tracking,callrail,phone,local_services,NJ,97
ACME-L02443,Neal-White,Steven Moon,Operations Manager,steven.moon@nealwhite.example.com,2026-08-31 20:32:58.444350,Google Ads,google,cpc,msp_q3_search,Unassigned,47
ACME-L02444,Pearson-Aguilar,Steven Mitchell,Practice Manager,steven.mitchell@pearsonaguilar.example.com,2026-08-31 20:49:32.809178,Outbound,,,,NJ,63
ACME-L02445,Livingston Allen and Shaw,Kelly Johnson,Practice Manager,kelly.johnson@livingstonallenandshaw.example.com,2026-08-31 22:48:23.655446,Meta Ads,facebook,paid_social,msp_q3_cyber_guide,NY,88
ACME-L02446,Hart Rivera and Lee,Haley Brown,Office Manager,haley.brown@hartriveraandlee.example.com,2026-09-01 01:50:55.325298,Meta Ads,facebook,paid_social, MSP_Q3_RETARGETING,TX,88
ACME-L02447,Andrews-Wilcox,Denise Smith,Operations Manager,denise.smith@andrewswilcox.example.com,2026-09-01 02:01:10.920095,Google Ads,google,cpc,msp q3 pmax,NY,67
ACME-L02448,Flynn-Chandler,Logan Johnston,Office Manager,logan.johnston@flynnchandler.example.com,2026-09-01 02:39:58.775121,Meta Ads,facebook,paid_social,msp_q3_cyber_guide,NY,88
ACME-L02449,Wilson Hobbs and Garcia,Jason Mccullough,Owner,jason.mccullough@wilsonhobbsandgarcia.example.com,2026-09-01 06:25:57.794160,Call Tracking,callrail,phone,local_services,NY,97
ACME-L02450,Johnson-Armstrong,Lawrence Clark,CFO,lawrence.clark@johnsonarmstrong.example.com,2026-09-01 08:03:04.662753,Referral,,,,CA,100
ACME-L02451,Daniel-Aguilar,Alexander Wilson,Owner,alexander.wilson@danielaguilar.example.com,2026-09-01 09:08:42.948058,Outbound,,,,TX,90
ACME-L02452,Carlson James and Brown,Victoria Gibson,Practice Manager,victoria.gibson@carlsonjamesandbrown.example.com,2026-09-01 09:38:16.999327,Google Ads,google,cpc,msp_q3_pmax,MA,67
ACME-L02453,Mccarty Spencer and Kelly,Audrey Tucker,IT Director,audrey.tucker@mccartyspencerandkelly.example.com,2026-09-01 10:49:31.321951,Meta Ads,facebook,paid_social,msp_q3_cyber_guide,TX,88
ACME-L02454,Hill Smith and Browning,Nichole Russell,,nichole.russell@hillsmithandbrowning.example.com,2026-09-01 11:22:52.681462,Outbound,,,,FL,63
ACME-L02455,Brown-Houston,James Rice,Owner,james.rice@brownhouston.example.com,2026-09-01 11:33:56.165276,Google Ads,google,cpc,msp_q3_pmax,FL,94
ACME-L02456,Fowler Williams and Davis,Stephanie Moran,IT Manager,stephanie.moran@fowlerwilliamsanddavis.example.com,2026-09-01 12:03:52.834319,Referral,,,,TX,73
ACME-L02457,Ball-Calderon,Steven Bennett,Practice Manager,steven.bennett@ballcalderon.example.com,09/01/2026 12:37:21,Google Ads,google,cpc,msp_q3_search,CA,94
ACME-L02458,Schmidt Inc,Mason Salinas,Practice Manager,mason.salinas@schmidtinc.example.com,2026-09-01 14:14:25.655766,Google Ads,google,cpc,msp_q3_search,NJ,67
ACME-L02459,Warren Inc,Jessica Mccormick,IT Manager,jessica.mccormick@warreninc.example.com,2026-09-01 14:42:26.299688,Google Ads,google,cpc,msp_q3_pmax,CA,94
ACME-L02460,Ward LLC,Elizabeth Vega,IT Manager,elizabeth.vega@wardllc.example.com,2026-09-01 14:55:08.447844,Meta Ads,facebook,paid_social,msp_q3_cyber_guide,CA,88
ACME-L02461,Davis and Sons,Mallory Trujillo,COO,mallory.trujillo@davisandsons.example.com,2026-09-01 15:49:03.137163,Call Tracking,callrail,phone,local_services,NJ,97
ACME-L02462,James Bowen and Smith,Heather Wallace,COO,heather.wallace@jamesbowenandsmith.example.com,2026-09-01 16:03:00.831868,Call Tracking,callrail,phone,local_services,CA,97
ACME-L02463,Berry-Wagner,Nathan Hoover,CFO,nathan.hoover@berrywagner.example.com,2026-09-01 16:06:56.463541,Referral,,,,ny,73
ACME-L02464,Johnson-Cox,Theresa King,IT Manager,theresa.king@johnsoncox.example.com,2026-09-01 16:40:09.576905,Google Ads,google,cpc,msp q3 pmax,New Jersey,67
ACME-L02465,Tucker-Miller,Dustin Graves,,dustin.graves@tuckermiller.example.com,2026-09-01 17:14:22.203166,Google Ads,google,cpc,msp_q3_pmax,NY,67
ACME-L02466,Pena-Bell,Taylor Willis,Operations Manager,taylor.willis@penabell.example.com,2026-09-02 01:42:21.820419,Google Ads,google,cpc,msp_q3_search,CA,67
ACME-L02467,Williams Inc,Heather Brady,,heather.brady@williamsinc.example.com,2026-09-02 05:07:17.900568,Call Tracking,Callrail ,phone,gbp_listing,NJ,97
ACME-L02468,Perry-Richardson,Katrina Burton,Practice Manager,katrina.burton@perryrichardson.example.com,2026-09-02 08:21:04.940377,Meta Ads,facebook,paid_social,msp_q3_cyber_guide,IL,88
ACME-L02469,Brown LLC,Danielle Blackburn,Owner,danielle.blackburn@brownllc.example.com,09/02/2026 08:26:21,Google Ads,google,cpc,msp_q3_pmax,California,64
ACME-L02470,Martin Jordan and Davis,Alicia Foster,IT Director,alicia.foster@martinjordananddavis.example.com,2026-09-02 09:14:17.304364,Meta Ads,facebook,paid_social,msp_q3_retargeting,CA,61
ACME-L02471,Cruz Inc,Connor Chase,Operations Manager,connor.chase@cruzinc.example.com,2026-09-02 10:05:05.037145,Meta Ads,facebook,paid_social,msp_q3_retargeting,MA,88
ACME-L02472,Bullock Brown and Martin,Jessica Cook,CFO,jessica.cook@bullockbrownandmartin.example.com,2026-09-02 10:08:41.644896,Google Ads,google,cpc,msp_q3_search,MA,67
ACME-L02473,Miller-Mayer,Antonio Hale,Owner,antonio.hale@millermayer.example.com,2026-09-02 10:49:35.438852,Google Ads,google,cpc,msp_q3_pmax,NJ,94
ACME-L02474,Barrera-Smith,Melissa Booth,COO,melissa.booth@barrerasmith.example.com,2026-09-02 11:55:20.267420,Outbound,,,,NJ,90
ACME-L02475,Lynch LLC,Amanda Taylor,,amanda.taylor@lynchllc.example.com,2026-09-02 12:16:57.653786,Referral,,,,IL,73
ACME-L02476,Duncan-Moore,Adam Stuart,CFO,adam.stuart@duncanmoore.example.com,2026-09-02 12:20:21.420952,Outbound,,,,CA,63
ACME-L02477,Martin and Sons,Lisa Torres,CFO,lisa.torres@martinandsons.example.com,2026-09-02 12:21:25.055111,Call Tracking,Callrail ,phone,gbp_listing,TX,70
ACME-L02478,Davis-Johnston,Miranda Clark,Owner,miranda.clark@davisjohnston.example.com,2026-09-02 12:30:16.107258,Google Ads,google,cpc,msp_q3_pmax,IL,67
ACME-L02479,Jimenez-Porter,Bryan Simmons,Operations Manager,bryan.simmons@jimenezporter.example.com,2026-09-02 13:15:30.054157,Google Ads,google,cpc,msp q3 pmax,MA,94
ACME-L02480,Scott Espinoza and Nelson,James Morales,Owner,james.morales@scottespinozaandnelson.example.com,2026-09-02 13:50:15.138646,Google Ads,google,cpc,msp_q3_search,TX,84
ACME-L02481,Walters-Wolfe,Jean Perry,Office Manager,jean.perry@walterswolfe.example.com,2026-09-02 14:47:21.032593,Outbound,,,,CA,87
ACME-L02482,Navarro LLC,James Hicks,COO,james.hicks@navarrollc.example.com,2026-09-02 14:51:20.934963,Google Ads,Google ,cpc,msp_q3_search,NJ,93
ACME-L02483,Wright LLC,Christina Robinson,COO,christina.robinson@wrightllc.example.com,2026-09-02 15:18:43.529809,Google Ads,google,cpc,msp_q3_pmax,NY,94
ACME-L02484,Smith-Crawford,Desiree Solomon,Office Manager,desiree.solomon@smithcrawford.example.com,2026-09-02 15:40:48.619231,Google Ads,google,cpc,msp_q3_search,CA,67
ACME-L02485,Cruz LLC,David Mason,Operations Manager,david.mason@cruzllc.example.com,2026-09-02 16:25:15.805857,Meta Ads,facebook,paid_social,msp_q3_cyber_guide,NY,61
ACME-L02486,Williams Group,Dennis Flores,Operations Manager,DENNIS.FLORES@WILLIAMSGROUP.EXAMPLE.COM ,2026-09-02 17:15:07.247772,Call Tracking,callrail,phone,local_services,MA,70
ACME-L02487,Koch-Castro,Veronica Henson,Office Manager,veronica.henson@kochcastro.example.com,2026-09-02 21:23:17.525395,Referral,,,,CA,100
ACME-L02488,Camacho-Holland,Melissa Fowler,Practice Manager,melissa.fowler@camachoholland.example.com,2026-09-03 08:14:02.074615,Google Ads,google,cpc,msp_q3_pmax,IL,67
ACME-L02489,Phillips and Sons,Christopher Davis,COO,christopher.davis@phillipsandsons.example.com,2026-09-03 08:37:43.835778,Meta Ads,facebook,paid_social,msp_q3_cyber_guide,NY,88
ACME-L02490,Townsend Montes and Morrison,Chelsea Lopez,IT Director,chelsea.lopez@townsendmontesandmorriso.example.com,2026-09-03 08:42:20.168618,Google Ads,google,cpc,msp_q3_pmax,NY,67
ACME-L02491,Thomas Roman and Moore,Amber Nelson,CFO,amber.nelson@thomasromanandmoore.example.com,2026-09-03 09:41:43.830045,Call Tracking,Callrail ,phone,gbp_listing,CA,70
ACME-L02492,Duran Smith and Palmer,Andrew Gardner,Office Manager,andrew.gardner@duransmithandpalmer.example.com,2026-09-03 09:42:34.563117,Referral,,,,NY,73
ACME-L02493,Best-Johnson,Haley Middleton,CFO,haley.middleton@bestjohnson.example.com,2026-09-03 10:29:08.253436,Google Ads,google,cpc,,NJ,66
ACME-L02494,Martinez Ltd,Michael Collins,Practice Manager,michael.collins@martinezltd.example.com,2026-09-03 11:06:52.178966,Meta Ads,facebook,paid_social,msp_q3_retargeting,FL,61
ACME-L02495,Chaney Ltd,Steven Tran,IT Director,STEVEN.TRAN@CHANEYLTD.EXAMPLE.COM ,2026-09-03 11:59:49.308957,partner referral,,,,NY,73
ACME-L02496,Jones Group,William Medina,IT Manager,william.medina@jonesgroup.example.com,2026-09-03 12:41:58.485434,Meta Ads,facebook,paid_social,msp_q3_retargeting,TX,
ACME-L02497,Todd Floyd and Acosta,Christopher Harmon,Owner,christopher.harmon@toddfloydandacosta.example.com,2026-09-03 13:13:44.147114,Outbound,,,,ny,82
ACME-L02498,Ferguson Lewis and Smith,David Flynn,Office Manager,david.flynn@fergusonlewisandsmith.example.com,2026-09-03 13:27:12.255919,Google Ads,google,cpc,,NY,94
ACME-L02499,Walters King and Friedman,Mike Jones,,mike.jones@walterskingandfriedman.example.com,2026-09-03 13:38:06.269386,Meta Ads,facebook,paid_social, MSP_Q3_CYBER_GUIDE,NY,74
ACME-L02500,Martinez PLC,Jessica Colon,Operations Manager,jessica.colon@martinezplc.example.com,2026-09-03 13:52:03.065156,Meta Ads,facebook,paid_social,msp_q3_cyber_guide,NY,88
ACME-L02501,May Inc,Christie Munoz,Office Manager,christie.munoz@mayinc.example.com,2026-09-03 15:15:19.143189,Meta Ads,facebook,paid_social,msp_q3_retargeting,NY,88
ACME-L02502,Henderson Welch and Lawrence,Lance Glenn,CFO,lance.glenn@hendersonwelchandlawrenc.example.com,09/03/2026 16:20:43,Google Ads,Google ,cpc,msp_q3_search,MA,94
ACME-L02503,Martinez-Hughes,Jeremy Stanton,Office Manager,jeremy.stanton@martinezhughes.example.com,2026-09-03 17:34:27.293656,Google Ads,google,cpc,msp_q3_pmax,NJ,39
ACME-L02504,Ramos LLC,Ashley White,Practice Manager,ashley.white@ramosllc.example.com,2026-09-03 17:35:59.316881,facebook,facebook,paid_social,msp_q3_retargeting,MA,61
ACME-L02505,Moore Mccall and Roberts,Mary Simmons,Owner,mary.simmons@mooremccallandroberts.example.com,2026-09-03 20:45:54.167093,Meta,facebook,paid_social,msp_q3_cyber_guide,California,88
ACME-L02506,Atkinson-Everett,Patricia Oliver,Owner,patricia.oliver@atkinsoneverett.example.com,2026-09-04 04:54:41.833051,Meta Ads,facebook,paid_social,msp_q3_retargeting,Unassigned,41
ACME-L02507,Armstrong Moore and Young,Sherry Delacruz,COO,sherry.delacruz@armstrongmooreandyoung.example.com,2026-09-04 06:25:56.715100,Google Ads,google,cpc,msp_q3_search,New York,67
ACME-L02508,Chen and Sons,Jennifer Brown,IT Director,jennifer.brown@chenandsons.example.com,2026-09-04 08:13:07.366139,Meta Ads,facebook,paid_social,msp_q3_cyber_guide,MA,76
ACME-L02509,Francis-Johnson,Heather Lawson,Owner,heather.lawson@francisjohnson.example.com,2026-09-04 08:21:51.392558,Meta Ads,facebook,paid_social,msp_q3_retargeting,TX,61
ACME-L02510,Marshall-Everett,Erin Hamilton,,erin.hamilton@marshalleverett.example.com,2026-09-04 09:18:56.252411,Referral,,,,FL,100
ACME-L02511,Adams Allen and Walton,Tammy Sloan,IT Director,TAMMY.SLOAN@ADAMSALLENANDWALTON.EXAMPLE.COM ,2026-09-04 09:33:38.471300,Outbound,,,,TX,90
ACME-L02512,Morris-Figueroa,Christopher Mendez,Practice Manager,christopher.mendez@morrisfigueroa.example.com,2026-09-04 09:45:38.771351,Referral,,,,TX,73
ACME-L02513,Reed Carlson and Ryan,Christopher Kramer,CFO,christopher.kramer@reedcarlsonandryan.example.com,2026-09-04 11:02:37.697319,Google Ads,google,cpc,msp_q3_search,IL,67
ACME-L02514,Dominguez LLC,Carla Page,CFO,carla.page@dominguezllc.example.com,2026-09-04 11:37:08.535359,Referral,,,,NY,73
ACME-L02515,Lee Mitchell and Grant,Heidi Wong,COO,heidi.wong@leemitchellandgrant.example.com,2026-09-04 11:40:58.168098,Google Ads,google,cpc,,,67
ACME-L02516,Jackson Graves and James,Kristin Taylor,Office Manager,KRISTIN.TAYLOR@JACKSONGRAVESANDJAMES.EXAMPLE.COM ,2026-09-04 12:00:32.304920,Adwords,google,cpc,msp_q3_search,MA,63
ACME-L02517,Kelly Group,Brooke Lewis,Operations Manager,brooke.lewis@kellygroup.example.com,2026-09-04 12:19:14.690873,Referral,,,,Unassigned,53
ACME-L02518,Rodriguez Barker and Carter,Brian Jackson,IT Manager,brian.jackson@rodriguezbarkerandcarter.example.com,2026-09-04 13:08:40.535213,Google Ads,google,cpc,msp_q3_search,MA,94
ACME-L02519,Carpenter-Harvey,Jennifer Johnson,CFO,jennifer.johnson@carpenterharvey.example.com,09/04/2026 14:00:08,Outbound,,,,NY,90
ACME-L02520,Chavez Torres and Ruiz,Nicholas Peck,Office Manager,nicholas.peck@chaveztorresandruiz.example.com,2026-09-04 14:11:24.976872,Referral,,,,MA,61
ACME-L02521,Fuller-Martin,Michelle Herring,COO,michelle.herring@fullermartin.example.com,2026-09-04 14:23:20.318567,Google ads search,google,cpc,msp_q3_pmax,FL,94
ACME-L02522,Henry Inc,James Crawford,IT Director,JAMES.CRAWFORD@HENRYINC.EXAMPLE.COM ,2026-09-04 14:46:46.078137,Google Ads,google,cpc,msp_q3_pmax,MA,94
ACME-L02523,Stewart-Murray,Traci Flores,IT Manager,traci.flores@stewartmurray.example.com,2026-09-04 14:51:15.543547,Referral,,,,MA,75
ACME-L02524,Sellers Ltd,Kimberly Osborne,Office Manager,kimberly.osborne@sellersltd.example.com,2026-09-04 15:25:10.789078,Meta Ads,facebook,paid_social,msp_q3_cyber_guide,NJ,61
ACME-L02525,Wilson LLC,Adrienne Wallace,Owner,adrienne.wallace@wilsonllc.example.com,2026-09-04 16:22:22.264052,Google Ads,google,cpc,msp_q3_search,,67
ACME-L02526,Rogers Hamilton and Smith,Shirley Douglas,Office Manager,shirley.douglas@rogershamiltonandsmith.example.com,2026-09-04 16:44:34.916936,Meta Ads,facebook,paid_social,msp_q3_retargeting,CA,88
ACME-L02527,Mcclure-Wolf,Joanne Velez,,joanne.velez@mcclurewolf.example.com,2026-09-04 21:50:08.337906,Referral,,,,MA,73
ACME-L02528,Arellano Brooks and Long,Karen Jones,COO,karen.jones@arellanobrooksandlong.example.com,2026-09-04 23:34:56.145645,Outbound,,,,CA,63
ACME-L02529,Aguilar Ltd,Dylan Warren,Operations Manager,dylan.warren@aguilarltd.example.com,2026-09-05 02:46:02.018888,Google Ads,google,cpc,msp_q3_search,NY,40
ACME-L02530,Jordan Espinoza and Armstrong,Lisa Daniel,COO,lisa.daniel@jordanespinozaandarmstro.example.com,2026-09-05 03:18:45.583628,callrail + lsa,callrail,phone,local_services,NY,70
ACME-L02531,Mercado-Ferguson,Misty Murray,CFO,misty.murray@mercadoferguson.example.com,09/05/2026 04:32:56,Meta Ads,facebook,paid_social,msp_q3_cyber_guide,NY,88
ACME-L02532,Rodriguez and Sons,Paul Crawford,Office Manager,paul.crawford@rodriguezandsons.example.com,2026-09-05 08:53:29.581225,Google Ads,google,cpc, MSP_Q3_SEARCH,NY,64
ACME-L02533,Alexander-Dougherty,Keith Cantu,Owner,keith.cantu@alexanderdougherty.example.com,2026-09-05 10:26:05.930952,Referral,,,,NJ,73
ACME-L02534,Quinn Rivera and Mcknight,Kevin Johnson,IT Director,kevin.johnson@quinnriveraandmcknight.example.com,2026-09-05 14:51:19.095090,Referral,,,,NJ,73
ACME-L02535,Jacobs Stanley and Murphy,Ryan Hawkins,COO,ryan.hawkins@jacobsstanleyandmurphy.example.com,2026-09-05 19:40:27.440190,Referral,,,,NY,73
ACME-L02536,Garcia LLC,Cindy Pugh,Operations Manager,cindy.pugh@garciallc.example.com,2026-09-06 06:07:31.410633, ppc ,google,cpc,msp_q3_pmax,CA,67
ACME-L02537,Massey-Lee,Anita Obrien,IT Director,anita.obrien@masseylee.example.com,2026-09-06 07:47:31.606624,Call Tracking,callrail,phone,local_services,MA,70
ACME-L02538,Morris Ltd,Sarah Bishop,IT Manager,sarah.bishop@morrisltd.example.com,2026-09-06 10:35:21.501593,Meta Ads,Facebook ,paid_social,msp_q3_cyber_guide,MA,88
ACME-L02539,Smith Acosta and Daniels,Anthony Macdonald,Office Manager,anthony.macdonald@smithacostaanddaniels.example.com,2026-09-06 10:37:23.147134, sdr program ,,,,CA,63
ACME-L02540,Mercer Group,Karen Marshall,CFO,karen.marshall@mercergroup.example.com,2026-09-06 11:17:53.789608,Adwords,google,cpc,msp_q3_search,Texas,78
ACME-L02541,Clark Paul and Jackson,Natalie Collins,Operations Manager,natalie.collins@clarkpaulandjackson.example.com,2026-09-06 11:40:55.637477,Google Ads,google,cpc,msp_q3_search,IL,94
ACME-L02542,Le LLC,Kenneth Powell,COO,kenneth.powell@lellc.example.com,2026-09-06 17:56:58.614471,Google Ads,google,cpc,msp_q3_pmax,CA,94
ACME-L02543,Ramos-Barajas,Angela Bailey,IT Manager,angela.bailey@ramosbarajas.example.com,2026-09-07 01:47:33.930529,Meta Ads,facebook,paid_social,msp_q3_retargeting,NY,88
ACME-L02544,Moreno-Massey,Andrea Mckinney,Owner,andrea.mckinney@morenomassey.example.com,2026-09-07 02:20:47.336630,Google Ads,google,cpc,msp q3 search,CA,94
ACME-L02545,Watts-Blake,Marissa Payne,Practice Manager,marissa.payne@wattsblake.example.com,2026-09-07 05:29:02.684808,Google,google,cpc,,MA,
ACME-L02546,Thompson-Jones,Natalie Murphy,Practice Manager,natalie.murphy@thompsonjones.example.com,2026-09-07 08:23:44.759532,Meta Ads,facebook,paid_social,msp_q3_retargeting,NY,88
ACME-L02547,Guerrero Allen and Byrd,Lisa Powers,Practice Manager,lisa.powers@guerreroallenandbyrd.example.com,2026-09-07 08:35:29.556379,Meta Ads,facebook,paid_social,msp_q3_cyber_guide,TX,88
ACME-L02548,Smith Group,Laura Parker,Office Manager,laura.parker@smithgroup.example.com,2026-09-07 08:38:23.617186,Outbound,,,,CA,63
ACME-L02549,Green Greer and Johnson,Joe Johnson,IT Manager,joe.johnson@greengreerandjohnson.example.com,2026-09-07 08:50:15.078877,Google Ads,Google ,cpc,msp_q3_pmax,CA,67
ACME-L02550,Andrews-Peterson,Cindy Cherry,IT Director,cindy.cherry@andrewspeterson.example.com,09/07/2026 08:52:12,Referral payouts,,,,TX,70
ACME-L02551,Morris-Chaney,Christina Garcia,Practice Manager,christina.garcia@morrischaney.example.com,09/07/2026 09:01:29,Google Ads,google,cpc,msp_q3_search,ca,53
ACME-L02552,Key Nguyen and Hopkins,Scott Hinton,IT Manager,scott.hinton@keynguyenandhopkins.example.com,2026-09-07 09:50:58.825104,Google Ads,google,cpc,msp_q3_search,tx,94
ACME-L02553,Hill-Evans,Carla King,CFO,carla.king@hillevans.example.com,09/07/2026 10:30:29,Google Ads,google,cpc,msp_q3_pmax,NY,60
ACME-L02554,Wyatt Ltd,Michelle Garcia,Operations Manager,michelle.garcia@wyattltd.example.com,09/07/2026 10:44:06,Meta Ads,facebook,paid_social,msp_q3_cyber_guide,IL,61
ACME-L02555,Thomas-Brooks,Micheal Macias,Office Manager,micheal.macias@thomasbrooks.example.com,2026-09-07 11:17:35.296824,Google Ads,google,cpc,msp_q3_pmax,NY,67
ACME-L02556,Howe and Sons,Alexandra Andrews,Operations Manager,alexandra.andrews@howeandsons.example.com,2026-09-07 11:34:53.986582,Google Ads,google,cpc,msp_q3_search,IL,67
ACME-L02557,Chambers Group,Chad Winters,CFO,chad.winters@chambersgroup.example.com,2026-09-07 12:13:29.906258,Meta Ads,facebook,paid_social,msp_q3_cyber_guide,MA,
ACME-L02558,Boyle Norman and Williams,Brittany White,IT Manager,brittany.white@boylenormanandwilliams.example.com,2026-09-07 13:19:15.270444,Google_Cpc,google,cpc,msp_q3_pmax,NY,67
ACME-L02559,Miller Fuller and Ortiz,James Flores,COO,james.flores@millerfullerandortiz.example.com,2026-09-07 15:23:40.413200,Referral,,,,CA,100
ACME-L02560,Vincent Ltd,Jaime Diaz,Practice Manager,JAIME.DIAZ@VINCENTLTD.EXAMPLE.COM ,2026-09-07 15:42:12.708076,Google Ads,google,cpc,msp_q3_search,NY,94
ACME-L02561,Rangel Inc,Hannah Taylor,Owner,hannah.taylor@rangelinc.example.com,2026-09-07 16:18:32.893400,Google Ads,google,cpc, MSP_Q3_PMAX,CA,67
ACME-L02562,Turner-Anderson,Bianca Lee,,bianca.lee@turneranderson.example.com,2026-09-07 16:52:16.219292,Google Ads,google,cpc,msp_q3_pmax,IL,67
ACME-L02563,Weaver-Evans,Michael Bryant,COO,michael.bryant@weaverevans.example.com,2026-09-07 17:58:39.259078,Referral,,,,NJ,73
ACME-L02564,Hernandez-Harris,Dana Anderson,Operations Manager,dana.anderson@hernandezharris.example.com,2026-09-08 00:33:42.832751,Outbound - sdr,,,,NY,90
ACME-L02565,Holmes-Williams,Lisa Lang,Practice Manager,lisa.lang@holmeswilliams.example.com,09/08/2026 01:36:21,Google Ads,google,cpc,msp_q3_search,IL,67
ACME-L02566,Tucker Crawford and Horton,James Watkins,Practice Manager,james.watkins@tuckercrawfordandhorton.example.com,2026-09-08 03:24:40.153990,Google Ads,Google ,cpc,msp_q3_pmax,IL,94
ACME-L02567,Irwin Foster and Cardenas,Marc Flores,Practice Manager,marc.flores@irwinfosterandcardenas.example.com,2026-09-08 05:26:52.155919,Meta Ads,facebook,paid_social,msp_q3_cyber_guide,MA,61
ACME-L02568,King Martin and Rice,Jennifer Berry,IT Manager,jennifer.berry@kingmartinandrice.example.com,2026-09-08 07:25:34.375484,Meta Ads,Facebook ,paid_social, MSP_Q3_RETARGETING,MA,88
ACME-L02569,Castillo LLC,Marc Howe,IT Manager,marc.howe@castillollc.example.com,2026-09-08 08:41:24.195350,Outbound,,,,CA,90
ACME-L02570,Morris Flores and Brown,Jesse Pitts,Practice Manager,jesse.pitts@morrisfloresandbrown.example.com,2026-09-08 09:30:03.439194, referal ,,,,ca,
ACME-L02571,Rivera-Salinas,Crystal Spencer,Operations Manager,crystal.spencer@riverasalinas.example.com,2026-09-08 10:01:05.246507,Meta Ads,facebook,paid_social, MSP_Q3_CYBER_GUIDE,,88
ACME-L02572,Charles-Stevens,Ronald Adams,Practice Manager,ronald.adams@charlesstevens.example.com,2026-09-08 11:14:53.240196,Call Tracking,callrail,phone,local_services,MA,70
ACME-L02573,Richardson and Sons,Jeffery Serrano,Office Manager,jeffery.serrano@richardsonandsons.example.com,2026-09-08 12:09:45.030062,Google Ads,google,cpc,msp_q3_pmax,tx,94
ACME-L02574,Mitchell and Sons,Nancy Allen,IT Director,nancy.allen@mitchellandsons.example.com,2026-09-08 12:47:12.824850,Referral,,,,NJ,100
ACME-L02575,Flores-Bryant,Victoria Henderson,IT Manager,victoria.henderson@floresbryant.example.com,2026-09-08 13:34:44.377699,Outbound,,,,NY,63
ACME-L02576,Murphy LLC,Ryan Smith,COO,ryan.smith@murphyllc.example.com,2026-09-08 14:13:36.069918,Google Ads,google,cpc,msp_q3_search,NY,94
ACME-L02577,Herman-Jensen,Elizabeth Hughes,CFO,elizabeth.hughes@hermanjensen.example.com,2026-09-08 14:59:58.418487,Meta Ads,facebook,paid_social,msp_q3_retargeting,NY,
ACME-L02578,Ray PLC,Marissa Nixon,Owner,marissa.nixon@rayplc.example.com,2026-09-08 15:31:38.075581,Google Ads,google,cpc,msp_q3_pmax,NY,67
ACME-L02579,Callahan Brown and Warren,Erin Duke,Practice Manager,erin.duke@callahanbrownandwarren.example.com,09/08/2026 15:35:58,Google Ads,google,cpc,msp_q3_pmax,ca,67
ACME-L02580,Garcia Shaw and Lopez,Ryan Ball,IT Manager,ryan.ball@garciashawandlopez.example.com,2026-09-08 15:58:56.895545,Outbound,,,,CA,63
ACME-L02581,Molina Group,Keith Brooks,Practice Manager,keith.brooks@molinagroup.example.com,2026-09-08 16:05:38.626846, facebook ,facebook,paid_social,msp_q3_retargeting,NY,47
ACME-L02582,Brown-Wilkinson,Nancy Malone,,NANCY.MALONE@BROWNWILKINSON.EXAMPLE.COM ,2026-09-08 16:22:07.971134,Google Ads,google,cpc,msp_q3_search,NY,67
ACME-L02583,Kramer Thompson and Schwartz,Charles Leonard,CFO,charles.leonard@kramerthompsonandschwart.example.com,2026-09-08 16:30:02.265887,facebook,facebook,paid_social,msp_q3_cyber_guide,MA,88
ACME-L02584,Moss Welch and Brown,Brandon Fox,COO,brandon.fox@mosswelchandbrown.example.com,2026-09-08 17:42:53.927641,Referral,,,,Unassigned,37
ACME-L02585,Alvarado Ross and Smith,Michael Boyd,Operations Manager,michael.boyd@alvaradorossandsmith.example.com,2026-09-08 17:54:48.750531,Google Ads,google,cpc,msp_q3_search,NJ,94
ACME-L02586,Rodriguez Ltd,Brian Gutierrez,Owner,brian.gutierrez@rodriguezltd.example.com,2026-09-08 18:53:08.535953,Call Tracking,callrail,phone, LOCAL_SERVICES,NY,97
ACME-L02587,Schultz-Smith,Arthur Collins,Office Manager,arthur.collins@schultzsmith.example.com,2026-09-08 19:05:56.250898,Outbound,,,,FL,38
ACME-L02588,Finley Johnson and Smith,Lee Thomas,,lee.thomas@finleyjohnsonandsmith.example.com,2026-09-08 23:01:43.277197,Google Ads,google,cpc,msp q3 pmax,NJ,67
ACME-L02589,Gonzalez and Sons,Betty Flowers,IT Director,betty.flowers@gonzalezandsons.example.com,2026-09-08 23:08:08.810355,Outbound,,,,NY,90
ACME-L02590,Simmons Clark and Rush,Kelly Ryan,Practice Manager,kelly.ryan@simmonsclarkandrush.example.com,2026-09-09 01:37:30.901604,Referral,,,,TX,73
ACME-L02591,Fuentes Ltd,Angela Burns,Practice Manager,angela.burns@fuentesltd.example.com,2026-09-09 03:28:10.824575,Referral,,,,CA,
ACME-L02592,Evans-Henson,Sonya Rodriguez,IT Director,sonya.rodriguez@evanshenson.example.com,2026-09-09 05:57:10.954213, google ads search ,google,cpc,msp_q3_search,NY,94
ACME-L02593,Nelson-Lopez,Jeffery Kramer,Office Manager,jeffery.kramer@nelsonlopez.example.com,09/09/2026 08:06:03,Google Ads,google,cpc, MSP_Q3_PMAX,NY,67
ACME-L02594,Curtis-Wilson,Miranda Navarro,IT Director,miranda.navarro@curtiswilson.example.com,2026-09-09 08:58:07.963554,Outbound,,,,NJ,90
ACME-L02595,Martin-Roberts,Tanya Fuller,Practice Manager,tanya.fuller@martinroberts.example.com,09/09/2026 09:03:46,google,google,cpc,msp_q3_search,NJ,84
ACME-L02596,Mcdonald Fletcher and Smith,Peter Weaver,IT Director,peter.weaver@mcdonaldfletcherandsmith.example.com,2026-09-09 09:24:22.886683,Outbound,,,,NJ,63
ACME-L02597,Daniels Young and Mayer,Danielle Waters,Practice Manager,danielle.waters@danielsyoungandmayer.example.com,09/09/2026 09:46:57,Google Ads,google,cpc,msp_q3_pmax,TX,94
ACME-L02598,Bailey Inc,Alexis George,Operations Manager,alexis.george@baileyinc.example.com,2026-09-09 10:10:44.293390,inbound call,callrail,phone,local_services,NY,70
ACME-L02599,Miller Green and Wilkins,Laura Walker,Owner,laura.walker@millergreenandwilkins.example.com,2026-09-09 10:36:44.373044,Google Ads,google,cpc,msp_q3_search,MA,94
ACME-L02600,Riley Sawyer and Charles,Nicholas Richardson,Owner,nicholas.richardson@rileysawyerandcharles.example.com,2026-09-09 10:51:11.452283,Call Tracking,callrail,phone,gbp_listing,ny,97
ACME-L02601,Stanley Smith and Porter,Christian Serrano,CFO,christian.serrano@stanleysmithandporter.example.com,2026-09-09 11:07:49.636110,Meta Ads,Facebook ,paid_social,msp_q3_retargeting,CA,61
ACME-L02602,Evans-Bartlett,Renee David,Operations Manager,renee.david@evansbartlett.example.com,2026-09-09 11:13:59.883767,Meta Ads,facebook,paid_social,msp_q3_retargeting,NJ,58
ACME-L02603,Blackwell-Fisher,Nicholas Weber,IT Manager,nicholas.weber@blackwellfisher.example.com,2026-09-09 12:24:40.829770,Google Ads,google,cpc,msp_q3_pmax,CA,94
ACME-L02604,Burns-Nelson,Raymond Crane,IT Director,raymond.crane@burnsnelson.example.com,2026-09-09 12:55:15.410144,Meta Ads,facebook,paid_social,msp_q3_cyber_guide,FL,39
ACME-L02605,Murphy Clark and Duncan,Richard Morgan,IT Manager,richard.morgan@murphyclarkandduncan.example.com,2026-09-09 13:14:21.371502,Google Ads,google,cpc,msp_q3_search,MA,94
ACME-L02606,Roach and Sons,James Tran,Office Manager,james.tran@roachandsons.example.com,2026-09-09 13:48:47.234066,outbound - sdr,,,,CA,63
ACME-L02607,Banks PLC,Jose Morales,IT Manager,JOSE.MORALES@BANKSPLC.EXAMPLE.COM ,2026-09-09 14:30:51.924549,Google Ads,google,cpc,msp_q3_pmax,TX,94
ACME-L02608,Sutton Ltd,Alice Davis,IT Director,alice.davis@suttonltd.example.com,2026-09-09 15:04:19.830669,Call Tracking,callrail,phone,gbp_listing,NY,40
ACME-L02609,Smith Perez and Cross,Molly Ryan,Owner,molly.ryan@smithperezandcross.example.com,2026-09-09 16:36:47.317777,Google Ads,google,cpc,msp_q3_pmax,NY,61
ACME-L02610,Perez Hatfield and Hunt,Isaac Strickland,IT Director,isaac.strickland@perezhatfieldandhunt.example.com,09/09/2026 18:11:01,google,google,cpc,msp_q3_pmax,CA,94
ACME-L02611,Patterson Harrison and Collins,Allison Williams,Practice Manager,allison.williams@pattersonharrisonandcoll.example.com,2026-09-09 20:35:06.904685,Google Ads,google,cpc, MSP_Q3_PMAX,TX,64
ACME-L02612,Davis-Sanchez,Kimberly Carter,Owner,kimberly.carter@davissanchez.example.com,2026-09-09 22:13:14.979055,sdr program,,,,CA,63
ACME-L02613,Reid Perez and Robinson,Melissa Greene,Practice Manager,melissa.greene@reidperezandrobinson.example.com,2026-09-09 23:39:42.395904,Referral,,,,NY,73
ACME-L02614,Rice-Perez,Cristina Mendoza,,cristina.mendoza@riceperez.example.com,2026-09-10 00:28:18.150383,Phone,callrail,phone,gbp_listing,MA,97
ACME-L02615,Mendoza-Love,Joseph Thompson,Office Manager,joseph.thompson@mendozalove.example.com,2026-09-10 00:57:01.293151,Outbound,,,,NY,63
ACME-L02616,Baird Robertson and Chapman,Kelsey Perez,,kelsey.perez@bairdrobertsonandchapman.example.com,2026-09-10 08:06:59.404879,Google Ads,google,cpc,msp_q3_search,IL,67
ACME-L02617,Vaughan-Vega,Ellen Evans,Owner,ellen.evans@vaughanvega.example.com,2026-09-10 08:31:44.094070,Referral,,,,,73
ACME-L02618,Cole Group,Patricia Jensen,Operations Manager,patricia.jensen@colegroup.example.com,2026-09-10 08:37:28.813389,Google Ads,google,cpc,msp_q3_search,NY,81
ACME-L02619,Livingston-Benton,Kelli Johnson,Operations Manager,kelli.johnson@livingstonbenton.example.com,2026-09-10 08:46:17.620912,Google Ads,google,cpc,msp_q3_pmax,TX,94
ACME-L02620,Caldwell-Hernandez,Alexandra Anderson,Operations Manager,alexandra.anderson@caldwellhernandez.example.com,2026-09-10 09:39:08.037760,Google Ads,google,cpc,msp_q3_pmax,Illinois,37
ACME-L02621,Duke Jones and Wilson,Kerri Johnson,COO,kerri.johnson@dukejonesandwilson.example.com,2026-09-10 10:07:46.743277,Outbound,,,,TX,
ACME-L02622,Curry-Young,Michael Kim,Owner,michael.kim@curryyoung.example.com,2026-09-10 10:14:47.623662,Referral,,,,FL,73
ACME-L02623,Riddle PLC,Garrett Bullock,,garrett.bullock@riddleplc.example.com,2026-09-10 10:32:24.157021,Outbound,,,,CA,47
ACME-L02624,Barton Lambert and Williams,Edward Oneal,,edward.oneal@bartonlambertandwilliams.example.com,2026-09-10 12:58:45.392702, google_cpc ,google,cpc,msp_q3_pmax,NJ,67
ACME-L02625,Wells-Turner,Oscar Casey,IT Director,oscar.casey@wellsturner.example.com,2026-09-10 13:25:39.962619,Meta Ads,facebook,paid_social,msp_q3_retargeting,TX,88
ACME-L02626,Harvey Inc,Jacob Carter,Operations Manager,jacob.carter@harveyinc.example.com,2026-09-10 14:34:05.373088,Google Ads,google,cpc,msp_q3_pmax,NY,37
ACME-L02627,Carr PLC,Matthew Hernandez,CFO,matthew.hernandez@carrplc.example.com,2026-09-10 14:46:57.310398, prospecting ,,,,New York,63
ACME-L02628,Reese Inc,Allen Patrick,Office Manager,allen.patrick@reeseinc.example.com,2026-09-10 15:01:54.073669,Google Ads,google,cpc,,FL,67
ACME-L02629,Hicks Kerr and Mullins,Robert Morgan,IT Manager,robert.morgan@hickskerrandmullins.example.com,2026-09-10 16:48:56.485283,Outbound,,,,FL,90
ACME-L02630,Alvarado-Silva,Robert Schneider,Office Manager,robert.schneider@alvaradosilva.example.com,09/10/2026 17:13:46,Referral,,,,TX,73
ACME-L02631,Ross-Clark,Theresa White,IT Manager,theresa.white@rossclark.example.com,2026-09-10 21:19:47.595889,Google Ads,google,cpc,msp_q3_search,FL,67
ACME-L02632,Green Group,Luke Brown,CFO,luke.brown@greengroup.example.com,2026-09-10 22:53:52.529553,Google Ads,google,cpc,msp_q3_search,NJ,67
ACME-L02633,Rowland Ltd,Kristen Payne,,kristen.payne@rowlandltd.example.com,2026-09-11 00:51:57.999687,INSTAGRAM,facebook,paid_social,msp_q3_retargeting,NJ,88
ACME-L02634,Frank-Murray,Amanda King,IT Manager,amanda.king@frankmurray.example.com,2026-09-11 04:35:42.082944,Call Tracking,callrail,phone,gbp_listing,CA,70
ACME-L02635,Juarez-Levy,Sherry Harper,COO,sherry.harper@juarezlevy.example.com,2026-09-11 05:26:56.527264,Google Ads,google,cpc,msp_q3_search,tx,67
ACME-L02636,Greer Olson and Blake,Melody Santos,Office Manager,melody.santos@greerolsonandblake.example.com,2026-09-11 08:17:55.945048,Inbound call,callrail,phone,local_services,IL,97
ACME-L02637,Russell-Brown,Don Parker,Owner,don.parker@russellbrown.example.com,2026-09-11 08:20:59.405759,Call Tracking,callrail,phone,local_services,IL,70
ACME-L02638,Hull Hernandez and Ward,Tammy Rogers,COO,tammy.rogers@hullhernandezandward.example.com,09/11/2026 08:27:11,GOOGLE_CPC,google,cpc,msp_q3_pmax,FL,67
ACME-L02639,White Rios and Wu,Yesenia Martinez,Operations Manager,yesenia.martinez@whiteriosandwu.example.com,2026-09-11 08:48:57.156052,Meta Ads,facebook,paid_social, MSP_Q3_RETARGETING,NJ,88
ACME-L02640,Park-Roman,Tammy Smith,IT Manager,tammy.smith@parkroman.example.com,2026-09-11 09:02:59.626453,Meta Ads,facebook,paid_social,msp_q3_cyber_guide,TX,88
ACME-L02641,Lynch-Thomas,William Arnold,CFO,william.arnold@lynchthomas.example.com,2026-09-11 09:07:53.561330,Call Tracking,callrail,phone,gbp_listing,MA,70
ACME-L02642,Cross Daniels and Callahan,John Odom,Office Manager,john.odom@crossdanielsandcallahan.example.com,2026-09-11 11:56:18.011761,Meta Ads,facebook,paid_social,msp_q3_cyber_guide,FL,61
ACME-L02643,Avery Inc,Frederick Miller,Office Manager,frederick.miller@averyinc.example.com,2026-09-11 12:01:43.186582, google ,google,cpc,msp_q3_search,MA,67
ACME-L02644,Walker Murphy and Young,Erik Scott,Operations Manager,erik.scott@walkermurphyandyoung.example.com,2026-09-11 12:43:26.915316,Google Ads,google,cpc,msp_q3_pmax,MA,55
ACME-L02645,Johnson and Sons,Luis Mills,IT Director,luis.mills@johnsonandsons.example.com,09/11/2026 13:39:39,Google Ads,google,cpc,msp_q3_search,MA,94
ACME-L02646,Jimenez PLC,Joseph Ford,IT Manager,joseph.ford@jimenezplc.example.com,09/11/2026 14:30:19,Google Ads,google,cpc,msp_q3_search,FL,67
ACME-L02647,Foster-Andrade,Karen Wright,CFO,karen.wright@fosterandrade.example.com,2026-09-11 14:30:41.293667,Google Ads,google,cpc,msp_q3_search,MA,60
ACME-L02648,Smith Inc,James Jones,COO,james.jones@smithinc.example.com,2026-09-11 14:40:51.599197,Partner referral,,,,CA,73
ACME-L02649,Robertson-Garza,Laura Mills,Practice Manager,LAURA.MILLS@ROBERTSONGARZA.EXAMPLE.COM ,2026-09-11 15:28:50.025613,Referral,,,,CA,100
ACME-L02650,Mendoza Ltd,Carrie Gregory,Office Manager,carrie.gregory@mendozaltd.example.com,2026-09-11 16:24:49.190738,Outbound,,,,NY,65
ACME-L02651,Mcintyre-Allen,Brandy Coleman,Owner,brandy.coleman@mcintyreallen.example.com,2026-09-11 16:36:41.942930,Adwords,google,cpc,msp_q3_search,Unassigned,47
ACME-L02652,Wright Ltd,James White,IT Manager,james.white@wrightltd.example.com,2026-09-11 16:49:46.462525,Google Ads,google,cpc,msp_q3_pmax,CA,67
ACME-L02653,Cole Inc,Alexander Moore,Owner,alexander.moore@coleinc.example.com,09/11/2026 17:02:13,Meta Ads,facebook,paid_social,msp_q3_retargeting,Unassigned,68
ACME-L02654,Spence-Sharp,Lance Fox,Practice Manager,lance.fox@spencesharp.example.com,2026-09-11 17:36:38.353568,Referral,,,,FL,54
ACME-L02655,Mercado PLC,Juan Ramos,Owner,juan.ramos@mercadoplc.example.com,09/11/2026 17:38:32,Google Ads,google,cpc,msp_q3_search,CA,94
ACME-L02656,Hernandez Edwards and Harrison,Michael Adams,Owner,michael.adams@hernandezedwardsandharri.example.com,2026-09-11 19:33:38.636393,Google Ads,google,cpc,msp_q3_pmax,IL,67
ACME-L02657,Gallagher Holloway and Snyder,Alexis Johnson,IT Director,alexis.johnson@gallagherhollowayandsnyd.example.com,2026-09-12 03:00:37.526081,Meta Ads,facebook,paid_social,msp_q3_retargeting,MA,79
ACME-L02658,Hernandez-Clarke,Paul Chan,Owner,paul.chan@hernandezclarke.example.com,2026-09-12 04:21:02.693422,Google Ads,google,cpc,msp_q3_search,CA,67
ACME-L02659,Mcdaniel Group,Brandon Martinez,Office Manager,brandon.martinez@mcdanielgroup.example.com,2026-09-12 13:11:52.966742,Google Ads,google,cpc,msp_q3_pmax,NJ,94
ACME-L02660,Jones Garcia and Robinson,Kathryn Saunders,Practice Manager,kathryn.saunders@jonesgarciaandrobinson.example.com,2026-09-13 01:33:39.333002,Call Tracking,callrail,phone,local_services,NY,75
ACME-L02661,Thomas-Moore,Louis Pearson,CFO,louis.pearson@thomasmoore.example.com,2026-09-13 14:02:01.132306,Google Ads,google,cpc,msp_q3_search,TX,94
ACME-L02662,Ramos-Guerra,Kari Gomez,IT Manager,kari.gomez@ramosguerra.example.com,2026-09-13 14:25:14.011473,Google Ads,google,cpc,msp_q3_search,Texas,67
ACME-L02663,Lloyd Group,Autumn Parker,Owner,autumn.parker@lloydgroup.example.com,2026-09-13 18:05:32.245547,Meta Ads,facebook,paid_social,msp_q3_cyber_guide,NY,88
ACME-L02664,Sullivan PLC,Sharon Smith,CFO,sharon.smith@sullivanplc.example.com,2026-09-13 20:50:10.860638,Referral,,,,CA,73
ACME-L02665,Thompson-Hernandez,Jeffrey Giles,Operations Manager,jeffrey.giles@thompsonhernandez.example.com,2026-09-13 21:12:24.126446,Referral,,,,MA,100
ACME-L02666,Roberts-Nelson,Michael Maxwell,IT Director,MICHAEL.MAXWELL@ROBERTSNELSON.EXAMPLE.COM ,09/13/2026 23:52:31,paid social,facebook,paid_social,msp_q3_retargeting,NJ,88
ACME-L02667,Boyd Young and Salinas,Russell Green,CFO,russell.green@boydyoungandsalinas.example.com,2026-09-14 02:17:22.537918,Referal,,,,NY,
ACME-L02668,Payne PLC,Donald Rogers,CFO,donald.rogers@payneplc.example.com,2026-09-14 04:17:02.951123,Google Ads,google,cpc,msp_q3_pmax,MA,67
ACME-L02669,Richardson PLC,Lisa Stevenson,,lisa.stevenson@richardsonplc.example.com,2026-09-14 06:03:54.338722,Google Ads,google,cpc,msp_q3_pmax,NY,67
ACME-L02670,Owens Group,Todd Marshall,IT Manager,TODD.MARSHALL@OWENSGROUP.EXAMPLE.COM ,2026-09-14 08:05:14.857000,Outbound,,,,MA,63
ACME-L02671,Perry-Williams,Nathan Farrell,Owner,nathan.farrell@perrywilliams.example.com,09/14/2026 08:32:08,Referral,,,,NJ,100
ACME-L02672,Osborn Ltd,Jessica Klein,IT Director,jessica.klein@osbornltd.example.com,2026-09-14 09:39:22.468210,Google Ads,google,cpc,msp_q3_pmax,tx,67
ACME-L02673,Lambert Wong and Giles,Stephen Garcia,IT Manager,stephen.garcia@lambertwongandgiles.example.com,2026-09-14 10:29:09.125516,Google Ads,google,cpc,msp_q3_search,NY,72
ACME-L02674,Crawford-Hawkins,John Middleton,Owner,john.middleton@crawfordhawkins.example.com,2026-09-14 10:50:38.758576, fb ,facebook,paid_social,msp_q3_cyber_guide,NY,88
ACME-L02675,Alvarado Sparks and Coffey,Christine Simmons,IT Director,christine.simmons@alvaradosparksandcoffey.example.com,2026-09-14 11:02:39.535545,Google Ads,google,cpc,msp_q3_pmax,NJ,67
ACME-L02676,Molina Sparks and Williams,Julie Smith,COO,julie.smith@molinasparksandwilliams.example.com,2026-09-14 11:13:22.457777,Google Ads,google,cpc,msp_q3_pmax,TX,94
ACME-L02677,Harris-Jones,Mary Andrews,Operations Manager,mary.andrews@harrisjones.example.com,09/14/2026 12:24:07,Outbound - sdr,,,,TX,63
ACME-L02678,Gonzalez Whitney and Robinson,Lisa Johnson,Owner,lisa.johnson@gonzalezwhitneyandrobins.example.com,2026-09-14 12:43:49.770002,Phone,callrail,phone,gbp_listing,IL,70
ACME-L02679,Huynh Cochran and Graham,Melanie Brown,COO,melanie.brown@huynhcochranandgraham.example.com,2026-09-14 13:09:58.385476,Google Ads,Google ,cpc,msp q3 pmax,CA,94
ACME-L02680,Gutierrez Ltd,Jacob Johnson,Operations Manager,jacob.johnson@gutierrezltd.example.com,09/14/2026 13:09:59,Outbound,,,,IL,63
ACME-L02681,Christian-Miller,Michele Malone,,michele.malone@christianmiller.example.com,2026-09-14 13:17:05.461382,Google Ads,google,cpc,msp_q3_pmax,NJ,67
ACME-L02682,Campos Group,Robin Stewart,Practice Manager,robin.stewart@camposgroup.example.com,2026-09-14 14:28:50.058048,Google Ads,google,cpc,msp_q3_pmax,NY,94
ACME-L02683,Cooper Ltd,Eduardo Robinson,Operations Manager,eduardo.robinson@cooperltd.example.com,2026-09-14 15:04:29.567730,REFERRAL PAYOUTS,,,,TX,73
ACME-L02684,Park Owens and Baker,Jane Barnes,COO,jane.barnes@parkowensandbaker.example.com,09/14/2026 16:06:43,Meta Ads,facebook,paid_social,msp_q3_cyber_guide,FL,61
ACME-L02685,Anderson-Brooks,Christine Fischer,IT Manager,christine.fischer@andersonbrooks.example.com,2026-09-14 16:11:20.903269,Outbound,,,,NY,63
ACME-L02686,Giles Group,Tammy Hamilton,IT Manager,tammy.hamilton@gilesgroup.example.com,2026-09-14 16:15:42.438745,Meta Ads,facebook,paid_social,msp_q3_retargeting,NY,88
ACME-L02687,Taylor LLC,Heather Taylor,,heather.taylor@taylorllc.example.com,2026-09-14 16:55:27.757579,WORD OF MOUTH,,,,TX,100
ACME-L02688,Fuller LLC,David Lee,COO,david.lee@fullerllc.example.com,2026-09-14 16:55:49.634273,Meta Ads,facebook,paid_social,msp_q3_cyber_guide,MA,
ACME-L02689,Walters-Jones,Joseph Scott,Owner,joseph.scott@waltersjones.example.com,2026-09-14 16:58:44.412549,Meta Ads,facebook,paid_social,msp_q3_cyber_guide,MA,33
ACME-L02690,Hickman West and Branch,Jennifer Anderson,Office Manager,jennifer.anderson@hickmanwestandbranch.example.com,2026-09-14 17:00:26.861863,Referral,,,,NJ,73
ACME-L02691,Vasquez Alexander and Rowland,Jesse Burns,IT Manager,jesse.burns@vasquezalexanderandrowla.example.com,2026-09-14 18:32:51.507559,Google Ads,google,cpc, MSP_Q3_SEARCH,CA,67
ACME-L02692,Martin and Sons,Anna Dawson,Office Manager,anna.dawson@martinandsons.example.com,2026-09-14 19:32:17.456633,Google Ads,google,cpc,msp_q3_search,TX,67
ACME-L02693,Lucero Ltd,Alexis Bartlett,CFO,alexis.bartlett@luceroltd.example.com,2026-09-15 07:25:56.616807,Meta Ads,facebook,paid_social,msp_q3_retargeting,CA,88
ACME-L02694,Porter Bauer and Zuniga,Victoria Alexander,,victoria.alexander@porterbauerandzuniga.example.com,2026-09-15 07:32:26.765183,Google Ads,google,cpc,msp_q3_search,NJ,94
ACME-L02695,Jones-Shaffer,Tonya Reese,IT Manager,tonya.reese@jonesshaffer.example.com,2026-09-15 09:13:28.598967,Google Ads,google,cpc,msp q3 pmax,,94
ACME-L02696,Lawrence and Sons,Daniel Mcneil,CFO,daniel.mcneil@lawrenceandsons.example.com,2026-09-15 10:34:28.120284,Google Ads,google,cpc,msp_q3_pmax,CA,94
ACME-L02697,Bird Inc,Brian King,COO,brian.king@birdinc.example.com,2026-09-15 12:59:27.235715,Meta Ads,facebook,paid_social,msp_q3_cyber_guide,IL,88
ACME-L02698,Melton Rodriguez and Chen,Richard Harrison,CFO,richard.harrison@meltonrodriguezandchen.example.com,09/15/2026 13:07:57,PPC,Google ,cpc,msp_q3_pmax,Unassigned,47
ACME-L02699,Carter LLC,Janet Reeves,Operations Manager,janet.reeves@carterllc.example.com,2026-09-15 14:19:05.528070,Outbound,,,,NY,63
ACME-L02700,Gamble-Crawford,Jason Mitchell,Office Manager,jason.mitchell@gamblecrawford.example.com,2026-09-15 14:39:38.742323,Google Ads,google,cpc,msp_q3_pmax,nj,67
ACME-L02701,Williamson-Schneider,Ronald Conley,Practice Manager,ronald.conley@williamsonschneider.example.com,2026-09-15 15:04:24.281210,Google Ads,google,cpc,msp_q3_pmax,TX,67
ACME-L02702,Smith Henderson and Williams,Jimmy Fletcher,IT Director,jimmy.fletcher@smithhendersonandwilliam.example.com,09/15/2026 15:05:42,Call Tracking,callrail,phone,gbp_listing,MA,69
ACME-L02703,Bowman Oliver and Anderson,Thomas Mosley,Operations Manager,thomas.mosley@bowmanoliverandanderson.example.com,2026-09-15 16:28:40.956337,Referral,,,,MA,100
ACME-L02704,Richardson-Morgan,Matthew Guerrero,Owner,matthew.guerrero@richardsonmorgan.example.com,09/15/2026 16:31:36,Google Ads,google,cpc,msp_q3_search,unassigned,47
ACME-L02705,Gross Inc,Colleen Mitchell,IT Manager,colleen.mitchell@grossinc.example.com,2026-09-15 16:46:52.593702,Meta Ads,facebook,paid_social,msp_q3_cyber_guide,Unassigned,
ACME-L02706,Cross-Myers,Patricia Butler,Practice Manager,patricia.butler@crossmyers.example.com,2026-09-15 16:52:11.587806,Meta Ads,facebook,paid_social,msp_q3_cyber_guide,CA,61
ACME-L02707,Long Cordova and Robertson,Alexis Ball,IT Director,alexis.ball@longcordovaandrobertson.example.com,2026-09-15 17:07:28.339011,Call Tracking,Callrail ,phone,gbp_listing,fl,70
ACME-L02708,Davis LLC,Steven Owens,Owner,STEVEN.OWENS@DAVISLLC.EXAMPLE.COM ,2026-09-15 17:29:26.044704,Google Ads,Google ,cpc,msp_q3_search,NY,94
ACME-L02709,Moore-Simpson,Emily Stokes,COO,emily.stokes@mooresimpson.example.com,2026-09-15 19:54:56.906604,ppc,Google ,cpc,msp_q3_search,NY,67
ACME-L02710,Parks Group,Shannon Gonzalez,IT Manager,shannon.gonzalez@parksgroup.example.com,2026-09-15 22:11:40.522601,Meta Ads,facebook,paid_social,msp_q3_cyber_guide,TX,61
ACME-L02711,Ray LLC,Ethan Palmer,Owner,ethan.palmer@rayllc.example.com,09/16/2026 01:57:47,Google Ads,google,cpc,msp_q3_search,Massachusetts,94
ACME-L02712,Estrada-Alexander,Donna Maldonado,Office Manager,donna.maldonado@estradaalexander.example.com,2026-09-16 09:05:46.857356,prospecting,,,,TX,63
ACME-L02713,Alexander Jenkins and James,Catherine Johnson,IT Director,catherine.johnson@alexanderjenkinsandjames.example.com,2026-09-16 09:21:17.228031,Outbound,,,,NJ,71
ACME-L02714,Reyes-Carlson,Edwin Howard,Operations Manager,edwin.howard@reyescarlson.example.com,2026-09-16 09:29:11.705348,Google Ads,google,cpc,msp_q3_pmax,New York,94
ACME-L02715,Jones Ltd,William Hays,IT Manager,william.hays@jonesltd.example.com,2026-09-16 09:34:31.350415,Referral,,,,NJ,100
ACME-L02716,Austin Group,Sharon Scott,Owner,SHARON.SCOTT@AUSTINGROUP.EXAMPLE.COM ,2026-09-16 11:13:01.773587,Prospecting,,,,TX,60
ACME-L02717,Burke Harris and Mathews,Stephanie Silva,Office Manager,stephanie.silva@burkeharrisandmathews.example.com,2026-09-16 12:27:39.836238,Referral,,,,NY,100
ACME-L02718,Cruz Moore and Villa,Kevin Torres,COO,kevin.torres@cruzmooreandvilla.example.com,2026-09-16 13:49:44.102623,Google Ads,google,cpc,msp_q3_pmax,NJ,94
ACME-L02719,Hensley LLC,Jaime Cooke,Office Manager,jaime.cooke@hensleyllc.example.com,2026-09-16 13:52:16.527979,Referral,,,,,73
ACME-L02720,Nichols Carlson and Riggs,Willie Patterson,Office Manager,willie.patterson@nicholscarlsonandriggs.example.com,2026-09-16 14:22:10.534132,Meta Ads,facebook,paid_social,msp_q3_cyber_guide,NY,31
ACME-L02721,Taylor-Cameron,John Santana,COO,john.santana@taylorcameron.example.com,2026-09-16 14:29:12.548899,Google Ads,google,cpc,msp_q3_pmax,NY,67
ACME-L02722,Hall PLC,Christina Cruz,Practice Manager,christina.cruz@hallplc.example.com,2026-09-16 14:59:47.569561,Outbound,,,,NY,90
ACME-L02723,Wallace Ltd,Gabriel Marsh,IT Director,gabriel.marsh@wallaceltd.example.com,2026-09-16 15:15:06.306830,Outbound,,,,NY,47
ACME-L02724,Hebert Arroyo and Cooley,Joyce Carroll,Owner,joyce.carroll@hebertarroyoandcooley.example.com,2026-09-16 15:26:56.963452,Meta Ads,facebook,paid_social,msp_q3_cyber_guide,NJ,61
ACME-L02725,Lynch-Thomas,Nicole Glover,COO,nicole.glover@lynchthomas.example.com,2026-09-16 17:12:45.680460,Outbound,,,,MA,63
ACME-L02726,Miller LLC,Robert Smith,IT Director,robert.smith@millerllc.example.com,2026-09-17 05:18:35.406040,Outbound,,,,,33
ACME-L02727,Simpson Ltd,Christopher Parker,Practice Manager,christopher.parker@simpsonltd.example.com,2026-09-17 08:25:51.613329,Outbound,,,,NY,90
ACME-L02728,Caldwell-Martinez,Maria Webb,Owner,MARIA.WEBB@CALDWELLMARTINEZ.EXAMPLE.COM ,2026-09-17 08:26:11.320042,Google Ads,google,cpc,msp_q3_search,ma,67
ACME-L02729,Miller Inc,Thomas Hebert,IT Manager,THOMAS.HEBERT@MILLERINC.EXAMPLE.COM ,2026-09-17 10:35:21.990436,Google Ads,google,cpc,msp_q3_search,CA,67
ACME-L02730,Nichols PLC,Christopher Yoder,IT Director,christopher.yoder@nicholsplc.example.com,2026-09-17 11:08:30.732014,Google Ads,google,cpc,msp_q3_search,FL,61
ACME-L02731,Campbell Martinez and Horton,Jose Fry,Owner,jose.fry@campbellmartinezandhorto.example.com,2026-09-17 12:08:18.697989,Ppc,google,cpc,msp_q3_pmax,MA,67
ACME-L02732,Schwartz Ramos and Lopez,Dominique Lee,COO,dominique.lee@schwartzramosandlopez.example.com,2026-09-17 12:12:37.324645,Outbound,,,,IL,63
ACME-L02733,Black Sweeney and Campbell,Teresa Phillips,Operations Manager,teresa.phillips@blacksweeneyandcampbell.example.com,2026-09-17 12:13:10.308563,Google Ads,google,cpc,msp_q3_search,MA,94
ACME-L02734,Burnett-Strickland,Christopher Hall,Owner,christopher.hall@burnettstrickland.example.com,2026-09-17 12:31:14.950588,Referral,,,,TX,100
ACME-L02735,Thornton Galvan and Frye,Nancy Anderson,IT Director,nancy.anderson@thorntongalvanandfrye.example.com,2026-09-17 12:45:08.778095,Call Tracking,callrail,phone,local_services,NJ,70
ACME-L02736,Jones Inc,Emily Allen,CFO,emily.allen@jonesinc.example.com,2026-09-17 14:03:33.483305,Paid social,facebook,paid_social,msp_q3_cyber_guide,TX,88
ACME-L02737,Shaw PLC,Laura Nguyen,,LAURA.NGUYEN@SHAWPLC.EXAMPLE.COM ,2026-09-17 14:07:12.817918,Google Ads,google,cpc,msp_q3_pmax,IL,
ACME-L02738,Hobbs Group,Leah Turner,IT Director,leah.turner@hobbsgroup.example.com,2026-09-17 14:08:20.234919,callrail,Callrail ,phone,gbp_listing,NY,70
ACME-L02739,Walsh Green and Dunn,Deanna Hardy,Office Manager,deanna.hardy@walshgreenanddunn.example.com,2026-09-17 14:19:18.873710,facebook ads,facebook,paid_social,msp_q3_retargeting,FL,61
ACME-L02740,Floyd Chavez and Mann,Brenda Jensen,IT Manager,brenda.jensen@floydchavezandmann.example.com,2026-09-17 14:37:19.513754,Google Ads,google,cpc,,FL,67
ACME-L02741,Silva-Cruz,Lori Brown,Office Manager,lori.brown@silvacruz.example.com,2026-09-17 14:42:38.529624, referal ,,,,NJ,100
ACME-L02742,Parsons Caldwell and Gardner,Pamela Morrison,Office Manager,pamela.morrison@parsonscaldwellandgardne.example.com,2026-09-17 16:01:08.673803,Call Tracking,callrail,phone,local_services,Unassigned,77
ACME-L02743,Boyle Inc,Charles Brown,CFO,charles.brown@boyleinc.example.com,2026-09-17 16:11:53.225950,Google Ads,google,cpc,msp_q3_search,MA,94
ACME-L02744,Wilson Group,Tammy Proctor,Owner,tammy.proctor@wilsongroup.example.com,09/17/2026 16:12:12,Outbound,,,,NJ,90
ACME-L02745,Hoffman-Herman,Virginia Schwartz,Operations Manager,virginia.schwartz@hoffmanherman.example.com,2026-09-17 16:55:20.139202,Google Ads,google,cpc,,CA,64
ACME-L02746,Jennings Jones and Meyer,Sarah Gates,COO,sarah.gates@jenningsjonesandmeyer.example.com,2026-09-17 16:58:34.055383,Meta Ads,Facebook ,paid_social,msp_q3_cyber_guide,,45
ACME-L02747,Wu Inc,Micheal Klein,IT Director,micheal.klein@wuinc.example.com,2026-09-17 17:13:15.890964,Meta Ads,facebook,paid_social,msp_q3_retargeting,IL,
ACME-L02748,Lucas Cook and Harrison,Amy Fisher,COO,amy.fisher@lucascookandharrison.example.com,2026-09-17 17:54:27.691595,Google Ads,google,cpc,msp_q3_pmax,NJ,80
ACME-L02749,Griffin and Sons,Michael Heath,Owner,michael.heath@griffinandsons.example.com,2026-09-17 19:54:59.971072,Google Ads,google,cpc,msp_q3_pmax,TX,94
ACME-L02750,Robinson Ltd,Charles Green,Owner,charles.green@robinsonltd.example.com,2026-09-17 20:06:54.069046,Google Ads,google,cpc,msp_q3_pmax,MA,94
ACME-L02751,Harris Benson and Walters,Jamie Murray,Operations Manager,jamie.murray@harrisbensonandwalters.example.com,2026-09-17 20:20:23.721452,Outbound,,,,CA,90
ACME-L02752,Jackson Group,Jason Adams,Operations Manager,JASON.ADAMS@JACKSONGROUP.EXAMPLE.COM ,2026-09-18 02:52:53.978650,Google Ads,google,cpc, MSP_Q3_PMAX,New Jersey,56
ACME-L02753,Scott-Solis,Jo Berger,Office Manager,jo.berger@scottsolis.example.com,2026-09-18 03:17:56.191883,Google Ads,google,cpc,,IL,67
ACME-L02754,Reynolds and Sons,Jose Ortiz,Owner,jose.ortiz@reynoldsandsons.example.com,2026-09-18 05:55:07.694001,Outbound,,,,FL,90
ACME-L02755,Bennett Wright and Gentry,Todd Thompson,Owner,todd.thompson@bennettwrightandgentry.example.com,2026-09-18 06:22:39.296413,Google Ads,Google ,cpc,msp q3 pmax,NY,67
ACME-L02756,Miller Group,Mike Moore,Owner,mike.moore@millergroup.example.com,2026-09-18 08:44:01.995059, google ,google,cpc,msp_q3_search,FL,94
ACME-L02757,Roman Ltd,Jodi Bush,Office Manager,jodi.bush@romanltd.example.com,2026-09-18 09:11:34.974336,Google Ads,google,cpc,msp_q3_search,CA,68
ACME-L02758,Roy Cross and Braun,Ronald Fernandez,COO,ronald.fernandez@roycrossandbraun.example.com,2026-09-18 09:41:12.930899,Google Ads,google,cpc,msp_q3_search,NY,94
ACME-L02759,Bowman Inc,Matthew Evans,,matthew.evans@bowmaninc.example.com,2026-09-18 10:00:09.223926, google_cpc ,google,cpc,msp_q3_pmax,NY,67
ACME-L02760,Johnson Cruz and Schaefer,Robert Norton,Practice Manager,robert.norton@johnsoncruzandschaefer.example.com,2026-09-18 10:54:12.843003,inbound call,callrail,phone,gbp_listing,MA,97
ACME-L02761,Tucker-Dillon,David Sullivan,IT Manager,david.sullivan@tuckerdillon.example.com,2026-09-18 11:26:27.160037,Referral,,,,Florida,73
ACME-L02762,Perez Group,Allison Carter,IT Director,allison.carter@perezgroup.example.com,2026-09-18 12:29:37.102769,Referral,,,,MA,100
ACME-L02763,Woods-Adams,Brittany Walker,Office Manager,brittany.walker@woodsadams.example.com,2026-09-18 12:45:09.391295,Google Ads,google,cpc,msp_q3_search,FL,94
ACME-L02764,Williams Miller and Anderson,Robert Mccoy,Practice Manager,robert.mccoy@williamsmillerandanderso.example.com,2026-09-18 13:01:18.841925,Referral,,,,CA,100
ACME-L02765,Oneal Hall and Mccarthy,Brittany Young,CFO,brittany.young@onealhallandmccarthy.example.com,2026-09-18 13:56:41.965697,Outbound,,,,,63
ACME-L02766,Smith Farmer and Jennings,Kimberly Figueroa,COO,kimberly.figueroa@smithfarmerandjennings.example.com,2026-09-18 13:57:40.720800,Meta Ads,facebook,paid_social,msp_q3_cyber_guide,MA,61
ACME-L02767,Jenkins PLC,James Duncan,COO,james.duncan@jenkinsplc.example.com,09/18/2026 14:18:30,Call Tracking,callrail,phone,gbp_listing,New Jersey,67
ACME-L02768,Cox-Pitts,Jean Black,IT Manager,jean.black@coxpitts.example.com,09/18/2026 14:22:53,Meta Ads,Facebook ,paid_social,msp_q3_cyber_guide,NY,61
ACME-L02769,Johnson-Larson,Bethany Marshall,Practice Manager,bethany.marshall@johnsonlarson.example.com,2026-09-18 14:25:50.995546, google_cpc ,google,cpc,msp_q3_pmax,MA,48
ACME-L02770,Palmer-Curry,Benjamin Bush,Practice Manager,benjamin.bush@palmercurry.example.com,2026-09-18 14:41:21.522480,Referral,,,,NY,100
ACME-L02771,Nichols Ltd,James Mckenzie,Practice Manager,james.mckenzie@nicholsltd.example.com,2026-09-18 14:49:43.167613,adwords,google,cpc,msp_q3_search,NY,67
ACME-L02772,Jones LLC,Kathy Ibarra,CFO,kathy.ibarra@jonesllc.example.com,2026-09-18 14:52:41.929555,Google Ads,google,cpc,msp_q3_search,TX,
ACME-L02773,Hammond Group,John Hicks,Office Manager,john.hicks@hammondgroup.example.com,2026-09-18 15:02:10.559715,Meta Ads,facebook,paid_social,msp_q3_cyber_guide,TX,88
ACME-L02774,Burke-Hale,Alexander Carter,COO,alexander.carter@burkehale.example.com,2026-09-18 15:12:13.707992,Call Tracking,callrail,phone,gbp_listing,CA,94
ACME-L02775,Bush Mejia and Green,Paige Smith,CFO,paige.smith@bushmejiaandgreen.example.com,2026-09-18 15:20:23.151765,PPC,google,cpc,msp_q3_pmax,TX,94
ACME-L02776,Thompson Richardson and Gutierrez,Julia Moore,CFO,julia.moore@thompsonrichardsonandgut.example.com,2026-09-18 15:25:41.352899,Google Ads,google,cpc,msp_q3_search,NY,67
ACME-L02777,Bennett Ltd,Nathan Miller,Owner,nathan.miller@bennettltd.example.com,2026-09-18 15:36:02.097821, callrail ,callrail,phone,gbp_listing,NY,70
ACME-L02778,Evans LLC,Maria Reeves,Office Manager,maria.reeves@evansllc.example.com,2026-09-18 15:55:07.768536,Outbound - sdr,,,,MA,90
ACME-L02779,Holmes-Jordan,Karen Shaw,Owner,karen.shaw@holmesjordan.example.com,09/18/2026 15:55:41,Google_Cpc,google,cpc,msp_q3_pmax,IL,67
ACME-L02780,Garcia-Fox,David Campbell,IT Director,david.campbell@garciafox.example.com,2026-09-18 16:01:13.387430,Google Ads,google,cpc,msp_q3_search,New Jersey,94
ACME-L02781,Yates Weber and Curry,Dana Haynes,CFO,dana.haynes@yatesweberandcurry.example.com,2026-09-18 16:33:40.880387,Meta Ads,Facebook ,paid_social,msp_q3_retargeting,NJ,61
ACME-L02782,Fleming Ltd,Stephanie Bullock,IT Director,stephanie.bullock@flemingltd.example.com,2026-09-18 16:50:23.103406,Meta Ads,facebook,paid_social,msp_q3_cyber_guide,TX,61
ACME-L02783,Butler and Sons,Belinda Williams,Owner,belinda.williams@butlerandsons.example.com,2026-09-18 17:29:34.013050,Meta Ads,facebook,paid_social,,Unassigned,11
ACME-L02784,Miller Ltd,Christy Garcia,Office Manager,christy.garcia@millerltd.example.com,2026-09-18 18:23:46.560105,Referral,,,,MA,100
ACME-L02785,Bennett PLC,Laura Cruz,Owner,laura.cruz@bennettplc.example.com,2026-09-18 21:43:50.897800,Outbound,,,,NY,90
ACME-L02786,Rodriguez-Aguilar,Brian Anderson,CFO,BRIAN.ANDERSON@RODRIGUEZAGUILAR.EXAMPLE.COM ,2026-09-18 23:42:54.065162,Meta Ads,facebook,paid_social,msp_q3_cyber_guide,NY,61
ACME-L02787,Payne-Haynes,David Schneider,COO,david.schneider@paynehaynes.example.com,2026-09-19 01:35:01.486641,Outbound,,,,NY,90
ACME-L02788,James-Soto,Gail Hogan,Office Manager,gail.hogan@jamessoto.example.com,2026-09-19 02:20:20.218206,Outbound,,,,Unassigned,43
ACME-L02789,Johnson Williams and Bradford,Wendy Walton,Practice Manager,wendy.walton@johnsonwilliamsandbradfo.example.com,2026-09-19 07:19:07.808981, facebook ,facebook,paid_social,msp_q3_retargeting,TX,88
ACME-L02790,Blake Booth and Silva,Alison Garcia,IT Manager,alison.garcia@blakeboothandsilva.example.com,2026-09-19 10:08:25.966473,Referral,,,,NJ,100
ACME-L02791,Mason Group,Michael Huang,IT Director,michael.huang@masongroup.example.com,2026-09-19 10:52:15.852989,Ppc,Google ,cpc,msp_q3_search,NY,67
ACME-L02792,Jenkins-Mccarthy,Philip Armstrong,COO,philip.armstrong@jenkinsmccarthy.example.com,2026-09-19 17:44:15.725183,prospecting,,,,NY,90
ACME-L02793,Cruz-Martinez,Megan Montgomery,Owner,MEGAN.MONTGOMERY@CRUZMARTINEZ.EXAMPLE.COM ,2026-09-19 17:47:49.348784,Referral,,,,NY,73
ACME-L02794,Hunter-Powell,Jennifer Moore,IT Director,jennifer.moore@hunterpowell.example.com,2026-09-20 06:42:14.027752,Google Ads,Google ,cpc,msp_q3_search,NY,67
ACME-L02795,Scott Randolph and Williams,Jaclyn Lopez,,jaclyn.lopez@scottrandolphandwilliams.example.com,2026-09-20 09:58:33.448304,Outbound,,,,TX,41
ACME-L02796,Perez Group,Shari Faulkner,IT Manager,shari.faulkner@perezgroup.example.com,2026-09-20 12:49:43.470711,Outbound,,,,MA,90
ACME-L02797,Watson Henson and Fox,Travis Sims,IT Manager,travis.sims@watsonhensonandfox.example.com,2026-09-20 20:44:58.958573,Referal,,,,ny,
ACME-L02798,Bowman-Haney,Joseph Ashley,Office Manager,joseph.ashley@bowmanhaney.example.com,2026-09-20 21:43:09.229757,Call Tracking,Callrail ,phone,gbp_listing,MA,97
ACME-L02799,Lopez-Davis,Brian Campos,Owner,brian.campos@lopezdavis.example.com,09/20/2026 21:50:31,Google Ads,Google ,cpc,msp_q3_search,NJ,67
ACME-L02800,Johnson Ltd,Matthew Mcknight,IT Director,matthew.mcknight@johnsonltd.example.com,2026-09-21 03:37:37.388807,Meta Ads,facebook,paid_social,msp_q3_cyber_guide,MA,38
ACME-L02801,Daniels Harper and Horn,Stanley Roach,COO,stanley.roach@danielsharperandhorn.example.com,2026-09-21 07:43:14.340656,Call Tracking,callrail,phone,gbp_listing,NJ,77
ACME-L02802,Mcgrath Barnett and Nichols,Roy Carter,Owner,roy.carter@mcgrathbarnettandnichols.example.com,2026-09-21 08:09:12.082701,Outbound,,,,MA,90
ACME-L02803,Cruz-Sawyer,Sonya Navarro,IT Manager,sonya.navarro@cruzsawyer.example.com,2026-09-21 08:27:00.547286,Sdr program,,,,NJ,63
ACME-L02804,Vaughn and Sons,Jason Thomas,,jason.thomas@vaughnandsons.example.com,2026-09-21 09:40:43.129789,Google Ads,google,cpc,msp_q3_search,TX,94
ACME-L02805,Curry Thomas and Brown,Allen Smith,Operations Manager,allen.smith@currythomasandbrown.example.com,2026-09-21 09:43:00.167873,Google Ads,google,cpc,msp_q3_search,NY,94
ACME-L02806,Luna Rodriguez and Brown,Kayla Hunt,Operations Manager,kayla.hunt@lunarodriguezandbrown.example.com,2026-09-21 09:47:12.952459,Outbound,,,,CA,63
ACME-L02807,Ellis-Smith,Laura Butler,Office Manager,laura.butler@ellissmith.example.com,2026-09-21 09:49:28.856430,Google Ads,google,cpc,msp_q3_pmax,FL,94
ACME-L02808,Spence Wright and Wallace,Francisco Carrillo,Owner,francisco.carrillo@spencewrightandwallace.example.com,2026-09-21 09:54:04.901212,Meta Ads,facebook,paid_social,msp_q3_cyber_guide,TX,
ACME-L02809,Taylor PLC,Emma Nguyen,Practice Manager,emma.nguyen@taylorplc.example.com,2026-09-21 09:58:11.758051,Meta Ads,Facebook ,paid_social,msp_q3_retargeting,CA,88
ACME-L02810,Smith-Morris,Janet Lopez,Operations Manager,janet.lopez@smithmorris.example.com,2026-09-21 10:09:36.523361,Google Ads,google,cpc,msp_q3_pmax,NJ,51
ACME-L02811,Ward Hinton and Fletcher,Jason Richard,Operations Manager,JASON.RICHARD@WARDHINTONANDFLETCHER.EXAMPLE.COM ,2026-09-21 10:10:36.529658,Referral,,,,TX,73
ACME-L02812,Wallace-Johnson,Andrew Wheeler,IT Manager,andrew.wheeler@wallacejohnson.example.com,2026-09-21 11:53:49.698892,Outbound,,,,CA,90
ACME-L02813,Diaz-Dixon,Joseph Jenkins,Operations Manager,joseph.jenkins@diazdixon.example.com,2026-09-21 12:16:12.454574,Google Ads,Google ,cpc,,CA,94
ACME-L02814,Patterson-Matthews,Barry Goodman,Operations Manager,barry.goodman@pattersonmatthews.example.com,2026-09-21 13:15:29.020404,Google Ads,google,cpc,msp_q3_search,MA,94
ACME-L02815,Howard-Hunt,Elizabeth Kim,IT Manager,elizabeth.kim@howardhunt.example.com,2026-09-21 13:48:22.699190,Google Ads,google,cpc,msp_q3_search,Unassigned,
ACME-L02816,Nguyen-Pacheco,Alex Gardner,Practice Manager,alex.gardner@nguyenpacheco.example.com,2026-09-21 14:02:02.386188,PARTNER REFERRAL,,,,TX,100
ACME-L02817,Smith Clayton and Ramsey,Adam Harris,Practice Manager,adam.harris@smithclaytonandramsey.example.com,2026-09-21 14:09:34.167375,Meta,facebook,paid_social,msp_q3_cyber_guide,NY,
ACME-L02818,Sanchez Cooper and Lewis,Cynthia Chavez,,cynthia.chavez@sanchezcooperandlewis.example.com,2026-09-21 14:38:06.537571,Call Tracking,callrail,phone,gbp_listing,TX,
ACME-L02819,Young-Morales,Gwendolyn Oliver,IT Director,GWENDOLYN.OLIVER@YOUNGMORALES.EXAMPLE.COM ,2026-09-21 14:49:32.361124,Google Ads,google,cpc,,NJ,94
ACME-L02820,Davis Rosales and Odonnell,Stephen White,Owner,stephen.white@davisrosalesandodonnell.example.com,2026-09-21 14:50:52.063357,Meta Ads,facebook,paid_social,msp_q3_cyber_guide,NY,61
ACME-L02821,Patel Brown and Martin,Julia Martin,CFO,julia.martin@patelbrownandmartin.example.com,2026-09-21 15:00:24.381329,Referral,,,,NJ,88
ACME-L02822,Morris and Sons,Greg Lawson,Practice Manager,greg.lawson@morrisandsons.example.com,2026-09-21 15:34:58.675415,Referral,,,,NY,73
ACME-L02823,Jackson Christensen and Booth,Christopher Barnes,Office Manager,CHRISTOPHER.BARNES@JACKSONCHRISTENSENANDBOO.EXAMPLE.COM ,2026-09-21 15:36:08.473428,Meta Ads,facebook,paid_social,msp_q3_cyber_guide,il,61
ACME-L02824,Brooks-Gardner,Charles Sanchez,Office Manager,charles.sanchez@brooksgardner.example.com,2026-09-21 15:47:36.597891,Call Tracking,callrail,phone,local_services,TX,97
ACME-L02825,Murphy Patterson and Warren,George Brewer,,george.brewer@murphypattersonandwarren.example.com,2026-09-21 16:03:55.915676,Google Ads,google,cpc,msp_q3_search,TX,67
ACME-L02826,Ortiz Smith and Young,Vanessa Wright,Office Manager,vanessa.wright@ortizsmithandyoung.example.com,2026-09-21 17:40:52.882311,Meta Ads,facebook,paid_social,msp_q3_retargeting,NY,88
ACME-L02827,Peters PLC,James Avila,Office Manager,james.avila@petersplc.example.com,2026-09-21 19:22:36.964800,Referral,,,,CA,73
ACME-L02828,Abbott Harris and Gibson,Mckenzie Moore,Practice Manager,mckenzie.moore@abbottharrisandgibson.example.com,2026-09-21 23:30:58.162061,Referral,,,,CA,100
ACME-L02829,Allen Rosales and Brooks,Timothy Johnson,Operations Manager,timothy.johnson@allenrosalesandbrooks.example.com,2026-09-22 01:04:00.186309,Google Ads,Google ,cpc,msp_q3_pmax,Unassigned,74
ACME-L02830,Martin Sharp and Golden,Samantha Warren,COO,samantha.warren@martinsharpandgolden.example.com,2026-09-22 02:01:18.698554,Google Ads,google,cpc,msp_q3_search,NY,94
ACME-L02831,Orozco Sullivan and Bautista,Kyle Stone,Office Manager,kyle.stone@orozcosullivanandbautist.example.com,2026-09-22 09:14:31.813491,Meta Ads,facebook,paid_social,msp_q3_retargeting,CA,31
ACME-L02832,Wilson-Jackson,Robert Shea,IT Director,robert.shea@wilsonjackson.example.com,2026-09-22 09:35:17.994713,Referral,,,,TX,100
ACME-L02833,Sandoval Group,Michael Harper,Operations Manager,michael.harper@sandovalgroup.example.com,2026-09-22 09:53:24.403972,Google Ads,google,cpc,msp_q3_pmax,NJ,94
ACME-L02834,Medina Group,Deborah Wright,Practice Manager,deborah.wright@medinagroup.example.com,2026-09-22 09:53:57.429639,Google Ads,google,cpc,msp_q3_pmax,CA,94
ACME-L02835,Garcia Ltd,Barbara Reid,Owner,barbara.reid@garcialtd.example.com,2026-09-22 10:37:29.589892,Meta Ads,facebook,paid_social,msp_q3_cyber_guide,NY,35
ACME-L02836,Barr Ltd,Heather Johnson,Practice Manager,HEATHER.JOHNSON@BARRLTD.EXAMPLE.COM ,2026-09-22 14:34:28.811237,Meta Ads,facebook,paid_social,msp_q3_cyber_guide,NY,88
ACME-L02837,Soto-Ray,Michael Pierce,COO,michael.pierce@sotoray.example.com,2026-09-22 14:55:22.414376,Meta Ads,facebook,paid_social,msp_q3_retargeting,TX,88
ACME-L02838,Pennington and Sons,Donald Hill,IT Manager,donald.hill@penningtonandsons.example.com,2026-09-22 14:58:46.395395,Meta Ads,facebook,paid_social,msp_q3_retargeting,MA,61
ACME-L02839,Wilson Ltd,Mark Thompson,COO,mark.thompson@wilsonltd.example.com,2026-09-22 15:11:22.031415,Meta Ads,facebook,paid_social,msp_q3_retargeting,MA,61
ACME-L02840,Maxwell Murray and Smith,Carolyn Johnson,CFO,CAROLYN.JOHNSON@MAXWELLMURRAYANDSMITH.EXAMPLE.COM ,2026-09-22 15:29:06.372791,Meta Ads,facebook,paid_social,msp_q3_cyber_guide,TX,88
ACME-L02841,Williams LLC,Gary Romero,Operations Manager,gary.romero@williamsllc.example.com,2026-09-22 16:14:22.713132,Google,google,cpc,msp q3 pmax,IL,94
ACME-L02842,Henderson Group,Dylan Hebert,CFO,dylan.hebert@hendersongroup.example.com,2026-09-22 17:24:20.574003,Google Ads,google,cpc, MSP_Q3_PMAX,NY,94
ACME-L02843,Burns Miller and Acosta,Kimberly Meyer,Owner,kimberly.meyer@burnsmillerandacosta.example.com,2026-09-23 03:29:53.009311,Meta Ads,facebook,paid_social,msp_q3_cyber_guide,IL,88
ACME-L02844,Carpenter Edwards and Dunn,Amanda Hernandez,,amanda.hernandez@carpenteredwardsanddunn.example.com,09/23/2026 06:16:55,Outbound,,,,NY,82
ACME-L02845,Mendez Pearson and Lee,James Bridges,COO,james.bridges@mendezpearsonandlee.example.com,2026-09-23 09:09:17.242226,Call Tracking,callrail,phone,local_services,CA,97
ACME-L02846,Sullivan-Church,Tonya Davis,Office Manager,tonya.davis@sullivanchurch.example.com,2026-09-23 09:33:48.761672,Meta Ads,facebook,paid_social, MSP_Q3_RETARGETING,MA,
ACME-L02847,Savage Freeman and Williams,Erica Morales,COO,erica.morales@savagefreemanandwilliams.example.com,2026-09-23 10:15:13.952001,Google Ads,Google ,cpc,msp_q3_search,MA,94
ACME-L02848,Pittman Inc,Tina Thompson,CFO,tina.thompson@pittmaninc.example.com,09/23/2026 10:51:36,Outbound,,,,Unassigned,30
ACME-L02849,Rodriguez PLC,Hunter Richardson,Practice Manager,hunter.richardson@rodriguezplc.example.com,09/23/2026 11:32:02,Prospecting,,,,CA,63
ACME-L02850,Ayers-Swanson,Chelsea Jensen,Owner,chelsea.jensen@ayersswanson.example.com,2026-09-23 11:35:54.721330,Google Ads,google,cpc,msp_q3_pmax,FL,66
ACME-L02851,Brown Group,Bobby Duran,Practice Manager,bobby.duran@browngroup.example.com,2026-09-23 12:00:53.295501,Adwords,google,cpc,msp_q3_pmax,CA,83
ACME-L02852,Reyes PLC,Emily Davis,Office Manager,emily.davis@reyesplc.example.com,2026-09-23 12:16:43.609896,Meta Ads,facebook,paid_social,msp_q3_retargeting,NJ,88
ACME-L02853,Miller-Mathews,Brittany Ellison,CFO,brittany.ellison@millermathews.example.com,09/23/2026 13:14:49,google_cpc,google,cpc,msp_q3_search,TX,64
ACME-L02854,Wilson-Hammond,Ronald Boone,Practice Manager,ronald.boone@wilsonhammond.example.com,2026-09-23 13:25:29.376261, inbound call ,callrail,phone,local_services,MA,94
ACME-L02855,Wright-Mcintosh,Gregory Wolfe,COO,gregory.wolfe@wrightmcintosh.example.com,2026-09-23 13:34:13.244961,Google Ads,google,cpc,msp_q3_pmax,FL,67
ACME-L02856,Smith-Roman,Kent Best,CFO,kent.best@smithroman.example.com,2026-09-23 14:43:30.496031,Call Tracking,callrail,phone,local_services,New York,70
ACME-L02857,Burnett Group,Billy Harris,Operations Manager,billy.harris@burnettgroup.example.com,2026-09-23 15:41:39.971930,Meta Ads,facebook,paid_social,msp_q3_retargeting,Unassigned,41
ACME-L02858,Black Escobar and Logan,Angel Scott,IT Manager,angel.scott@blackescobarandlogan.example.com,2026-09-23 16:57:12.591121, google ads search ,google,cpc,msp_q3_search,TX,
ACME-L02859,Collier Sexton and Fisher,William Hansen,Practice Manager,william.hansen@colliersextonandfisher.example.com,2026-09-23 21:10:19.517390,Google Ads,google,cpc,msp_q3_search,NY,67
ACME-L02860,Moore Group,Thomas Greer,COO,thomas.greer@mooregroup.example.com,2026-09-23 23:05:28.593956,Adwords,google,cpc,msp_q3_search,NJ,59
ACME-L02861,Palmer Hall and Rogers,Daniel Green,Operations Manager,daniel.green@palmerhallandrogers.example.com,2026-09-23 23:42:56.989097,Google Ads,google,cpc,,FL,67
ACME-L02862,Hernandez Hunt and Bartlett,Michael Brown,IT Director,michael.brown@hernandezhuntandbartlett.example.com,2026-09-23 23:45:26.232434,Phone,callrail,phone,gbp_listing,MA,70
ACME-L02863,Bradley-Greene,Dawn Martin,,dawn.martin@bradleygreene.example.com,2026-09-24 01:45:16.073614,Meta Ads,facebook,paid_social,msp_q3_retargeting,MA,88
ACME-L02864,Warren-Barry,James Adams,,james.adams@warrenbarry.example.com,2026-09-24 01:51:41.266430,Meta Ads,facebook,paid_social,,fl,61
ACME-L02865,Brown Fisher and Sandoval,Willie Ibarra,IT Manager,willie.ibarra@brownfisherandsandoval.example.com,2026-09-24 02:28:52.592899,Meta Ads,facebook,paid_social,msp_q3_cyber_guide,ca,61
ACME-L02866,Gomez Ltd,Krystal Willis,IT Manager,krystal.willis@gomezltd.example.com,2026-09-24 03:29:23.688949,Meta Ads,facebook,paid_social,msp_q3_retargeting,MA,72
ACME-L02867,Anderson and Sons,Susan Williams,CFO,susan.williams@andersonandsons.example.com,2026-09-24 03:41:07.589545,Meta Ads,facebook,paid_social,msp_q3_retargeting,MA,88
ACME-L02868,Estrada Johnson and Ibarra,Jordan Alvarez,IT Manager,jordan.alvarez@estradajohnsonandibarra.example.com,2026-09-24 03:54:53.546877,Google Ads,google,cpc,msp_q3_search,NJ,94
ACME-L02869,Fletcher Joseph and Delgado,David Koch,COO,david.koch@fletcherjosephanddelgado.example.com,2026-09-24 05:15:54.503926, word of mouth ,,,,NY,100
ACME-L02870,Caldwell-Shaw,Linda Smith,CFO,linda.smith@caldwellshaw.example.com,2026-09-24 08:05:12.733789,Sdr Program,,,,MA,60
ACME-L02871,Hunt PLC,Rachael Reed,Operations Manager,rachael.reed@huntplc.example.com,2026-09-24 09:03:08.405384,Google Ads,google,cpc,msp_q3_search,TX,93
ACME-L02872,Walker-Hamilton,Samantha Young,CFO,samantha.young@walkerhamilton.example.com,2026-09-24 09:45:12.838394,Meta Ads,facebook,paid_social,msp_q3_retargeting,MA,61
ACME-L02873,Kline Inc,Brenda Powell,,brenda.powell@klineinc.example.com,2026-09-24 10:50:14.117549,Meta Ads,facebook,paid_social,msp_q3_cyber_guide,NY,88
ACME-L02874,Warner and Sons,John Jones,Operations Manager,john.jones@warnerandsons.example.com,2026-09-24 11:17:38.602210,Google Ads,google,cpc,msp_q3_pmax,nj,42
ACME-L02875,Gonzalez PLC,Kristen Miller,IT Director,kristen.miller@gonzalezplc.example.com,2026-09-24 11:26:10.155803,Google Ads,google,cpc,msp_q3_search,,67
ACME-L02876,Cabrera Wagner and Sosa,Anna Herrera,IT Manager,anna.herrera@cabrerawagnerandsosa.example.com,2026-09-24 11:37:24.241219,Google Ads,google,cpc,msp_q3_pmax,TX,67
ACME-L02877,Golden Inc,Benjamin Martinez,IT Director,benjamin.martinez@goldeninc.example.com,2026-09-24 12:28:39.756654,Outbound,,,,TX,63
ACME-L02878,Barry-Holland,Christina Kelly,Office Manager,christina.kelly@barryholland.example.com,2026-09-24 12:45:05.923114,Google Ads,google,cpc,msp_q3_search,NJ,67
ACME-L02879,Hawkins Jensen and Adams,Jordan Henson,Operations Manager,jordan.henson@hawkinsjensenandadams.example.com,2026-09-24 14:54:15.360871,Google Ads,google,cpc,msp_q3_search,ny,37
ACME-L02880,Foster-Pena,Kimberly Dodson,Practice Manager,kimberly.dodson@fosterpena.example.com,2026-09-24 14:54:58.247866,Outbound,,,,Illinois,65
ACME-L02881,Johnson LLC,Erica Jones,,erica.jones@johnsonllc.example.com,2026-09-24 15:07:11.068722,Meta Ads,facebook,paid_social,msp_q3_retargeting,NY,88
ACME-L02882,Williams-Hernandez,Keith Johnson,CFO,keith.johnson@williamshernandez.example.com,2026-09-24 15:14:19.430506,Call Tracking,callrail,phone,local_services,TX,97
ACME-L02883,White-Craig,Cameron Stevens,,cameron.stevens@whitecraig.example.com,2026-09-24 15:42:00.335678,Meta Ads,facebook,paid_social,msp_q3_cyber_guide,NY,61
ACME-L02884,Hartman-Daniels,Diamond Allen,Practice Manager,diamond.allen@hartmandaniels.example.com,2026-09-24 15:45:45.770185,Google Ads,google,cpc,msp_q3_search,NJ,67
ACME-L02885,Murray-Jackson,Billy Perry,IT Manager,billy.perry@murrayjackson.example.com,2026-09-24 15:53:08.597291,META,facebook,paid_social,msp_q3_retargeting,NY,61
ACME-L02886,Haynes-Scott,Jennifer Kline,,jennifer.kline@haynesscott.example.com,09/24/2026 16:30:09,Call Tracking,callrail,phone,gbp_listing,CA,70
ACME-L02887,Kidd and Sons,Cody Warner,Owner,cody.warner@kiddandsons.example.com,2026-09-24 16:54:08.702860,Referral,,,,NJ,93
ACME-L02888,Lawrence Group,Christopher Bell,IT Manager,christopher.bell@lawrencegroup.example.com,2026-09-24 17:06:46.652442,Meta Ads,facebook,paid_social,msp_q3_retargeting,NY,88
ACME-L02889,Delgado Ltd,Timothy Bell,Operations Manager,timothy.bell@delgadoltd.example.com,2026-09-24 17:14:11.007642,Outbound,,,,NJ,90
ACME-L02890,Turner-Evans,Russell Dixon,Operations Manager,russell.dixon@turnerevans.example.com,2026-09-24 18:25:18.693316,Meta Ads,Facebook ,paid_social,msp_q3_cyber_guide,NJ,61
ACME-L02891,Nielsen Inc,Leah Benitez,Office Manager,leah.benitez@nielseninc.example.com,2026-09-24 19:05:13.041339, sdr program ,,,,TX,90
ACME-L02892,Thompson Inc,Shirley Tate,Practice Manager,shirley.tate@thompsoninc.example.com,2026-09-24 20:09:17.899110, sdr ,,,,NY,63
ACME-L02893,Parks-Chase,Gregory Jenkins,,gregory.jenkins@parkschase.example.com,2026-09-24 21:36:16.512980,Referral,,,,,73
ACME-L02894,Martinez Garrett and Boone,Stephanie Velasquez,IT Director,STEPHANIE.VELASQUEZ@MARTINEZGARRETTANDBOONE.EXAMPLE.COM ,2026-09-25 05:02:18.936165,Call Tracking,callrail,phone,gbp_listing,,95
ACME-L02895,Choi and Sons,Christopher Ross,IT Director,christopher.ross@choiandsons.example.com,2026-09-25 07:13:38.790338,Inbound call,callrail,phone,local_services,NJ,97
ACME-L02896,Lowery-Mills,Susan Martin,Owner,susan.martin@lowerymills.example.com,2026-09-25 08:51:19.247995,Call Tracking,callrail,phone,gbp_listing,NJ,97
ACME-L02897,Carter-Clark,Trevor Hernandez,Owner,trevor.hernandez@carterclark.example.com,2026-09-25 09:11:14.390407,Referral,,,,NY,73
ACME-L02898,Wood-Stokes,Donald Hunter,CFO,donald.hunter@woodstokes.example.com,2026-09-25 09:58:03.019442,Meta Ads,facebook,paid_social,msp_q3_cyber_guide,CA,88
ACME-L02899,Reeves-Lloyd,Ryan Burton,IT Director,ryan.burton@reeveslloyd.example.com,2026-09-25 12:16:01.470203,Call Tracking,callrail,phone,gbp_listing,NY,91
ACME-L02900,Marshall PLC,Nathan Osborne,Operations Manager,nathan.osborne@marshallplc.example.com,2026-09-25 12:43:08.106368,Referral,,,,TX,
ACME-L02901,Sawyer Group,Tiffany Ross,CFO,tiffany.ross@sawyergroup.example.com,2026-09-25 13:37:18.669483,Meta Ads,facebook,paid_social,msp_q3_cyber_guide,TX,88
ACME-L02902,Coleman Dunn and Wise,Andrew Tanner,Owner,andrew.tanner@colemandunnandwise.example.com,2026-09-25 13:47:50.476338,Outbound,,,,NJ,90
ACME-L02903,Thomas-Grant,Phillip Compton,Office Manager,phillip.compton@thomasgrant.example.com,2026-09-25 15:32:14.576110,Meta Ads,facebook,paid_social,msp_q3_retargeting,NJ,61
ACME-L02904,Hall-Bush,Mary Washington,IT Director,mary.washington@hallbush.example.com,2026-09-25 18:59:10.729160,Call Tracking,callrail,phone,local_services,FL,97
ACME-L02905,Jones Inc,Amy Hernandez,IT Manager,amy.hernandez@jonesinc.example.com,09/26/2026 01:55:35,Meta Ads,facebook,paid_social,msp_q3_cyber_guide,TX,88
ACME-L02906,Hester Spence and James,Grace Clark,Operations Manager,grace.clark@hesterspenceandjames.example.com,2026-09-26 02:24:00.454216,Meta Ads,facebook,paid_social,msp_q3_retargeting,IL,
ACME-L02907,Davies Parker and Stanton,Michael Garner,,michael.garner@daviesparkerandstanton.example.com,09/26/2026 04:27:23,Outbound,,,,IL,63
ACME-L02908,Moore and Sons,Brittany Smith,Owner,brittany.smith@mooreandsons.example.com,2026-09-26 04:54:56.972794,Call Tracking,callrail,phone,local_services,IL,70
ACME-L02909,Martin Ayala and Bernard,Dustin Stephens,Practice Manager,dustin.stephens@martinayalaandbernard.example.com,2026-09-26 14:26:19.383530,Ppc,google,cpc,msp_q3_search,FL,67
ACME-L02910,Martinez-Merritt,Jeffrey Park,Office Manager,jeffrey.park@martinezmerritt.example.com,2026-09-26 15:27:09.036993, instagram ,facebook,paid_social,msp_q3_retargeting,NY,88
ACME-L02911,Bauer Gomez and Smith,Nathaniel Schwartz,Office Manager,nathaniel.schwartz@bauergomezandsmith.example.com,2026-09-26 16:31:17.677957,Referral,,,,NJ,73
ACME-L02912,Edwards Jackson and Gutierrez,Bethany Rodriguez,Office Manager,bethany.rodriguez@edwardsjacksonandgutierr.example.com,2026-09-26 16:48:06.747705,PROSPECTING,,,,NY,90
ACME-L02913,Ibarra Williams and Lester,Alexander Brown,Office Manager,alexander.brown@ibarrawilliamsandlester.example.com,2026-09-26 22:11:10.200421,Phone,callrail,phone,local_services,IL,97
ACME-L02914,Keller-Byrd,Bruce Cox,Owner,bruce.cox@kellerbyrd.example.com,2026-09-27 01:01:28.848321,Call Tracking,callrail,phone,local_services,FL,97
ACME-L02915,Smith-Stone,Kim Taylor,Office Manager,kim.taylor@smithstone.example.com,2026-09-27 04:57:21.927445,Meta,facebook,paid_social,msp_q3_retargeting,NY,58
ACME-L02916,Foley Williams and Allen,Kevin Porter,Owner,kevin.porter@foleywilliamsandallen.example.com,2026-09-27 05:01:03.494938,Call Tracking,Callrail ,phone,gbp_listing,IL,70
ACME-L02917,Walters Bowers and Dickerson,Jose Howard,Practice Manager,jose.howard@waltersbowersanddickerso.example.com,2026-09-27 05:07:44.220444,Google Ads,google,cpc,msp_q3_search,Illinois,37
ACME-L02918,Hicks-Berger,George Owens,CFO,george.owens@hicksberger.example.com,2026-09-27 10:00:57.714288,Google Ads,google,cpc,msp_q3_pmax,NJ,67
ACME-L02919,Barnes Casey and Martinez,Heather White,CFO,heather.white@barnescaseyandmartinez.example.com,2026-09-27 10:20:48.811836,Meta Ads,facebook,paid_social,msp_q3_cyber_guide,NJ,84
ACME-L02920,Murphy-Rubio,Joann Matthews,COO,joann.matthews@murphyrubio.example.com,09/27/2026 10:59:53, cold email ,,,,IL,63
ACME-L02921,Jones-Wang,Angela Pennington,CFO,angela.pennington@joneswang.example.com,09/27/2026 14:17:58,Outbound,,,,NY,63
ACME-L02922,Rose-Blair,Mary Barnett,IT Manager,mary.barnett@roseblair.example.com,2026-09-27 15:44:27.611074,Referral,,,,CA,100
ACME-L02923,Wilson-Andrews,Juan Harris,,juan.harris@wilsonandrews.example.com,2026-09-27 16:57:48.792248,Call Tracking,Callrail ,phone,gbp_listing,Unassigned,68
ACME-L02924,Douglas Chandler and Lee,Jason Schmidt,COO,jason.schmidt@douglaschandlerandlee.example.com,2026-09-27 18:19:33.106319,Meta Ads,facebook,paid_social,msp_q3_retargeting,NY,61
ACME-L02925,White-Sims,Faith Owens,IT Director,faith.owens@whitesims.example.com,2026-09-27 20:39:25.717174, partner referral ,,,,ny,100
ACME-L02926,Jacobs-Smith,Christopher Morris,COO,christopher.morris@jacobssmith.example.com,2026-09-27 21:56:42.234245,Google Ads,google,cpc,msp_q3_search,MA,94
ACME-L02927,Bean Inc,Angelica Estrada,IT Manager,ANGELICA.ESTRADA@BEANINC.EXAMPLE.COM ,2026-09-28 04:42:42.405049,Google Ads,google,cpc,msp_q3_pmax,MA,67
ACME-L02928,Tran-Santos,Sherri Flores,COO,sherri.flores@transantos.example.com,09/28/2026 05:38:12,Outbound,,,,NY,63
ACME-L02929,Burgess-Miller,Deborah Wilson,IT Director,deborah.wilson@burgessmiller.example.com,2026-09-28 08:15:00.986618,META,facebook,paid_social,msp_q3_retargeting,FL,88
ACME-L02930,Cochran LLC,Tanner Swanson,IT Manager,tanner.swanson@cochranllc.example.com,2026-09-28 09:48:47.208748,Outbound,,,,FL,33
ACME-L02931,Leon Davis and Hughes,Jessica Johnson,COO,jessica.johnson@leondavisandhughes.example.com,2026-09-28 10:16:10.135097,Google Ads,google,cpc, MSP_Q3_SEARCH,NY,82
ACME-L02932,Potter LLC,Ashley Reed,CFO,ashley.reed@potterllc.example.com,2026-09-28 10:34:07.429037,Call Tracking,callrail,phone,local_services,TX,70
ACME-L02933,Morales Wilson and Hall,Andrew Cameron,COO,andrew.cameron@moraleswilsonandhall.example.com,2026-09-28 10:50:03.407352,Meta Ads,facebook,paid_social,msp_q3_retargeting,Massachusetts,61
ACME-L02934,Bruce Group,Sarah Ross,CFO,sarah.ross@brucegroup.example.com,2026-09-28 10:53:23.551529,Call Tracking,callrail,phone,local_services,CA,70
ACME-L02935,James Ltd,Gary King,COO,gary.king@jamesltd.example.com,2026-09-28 12:01:35.920686,Outbound,,,,MA,65
ACME-L02936,Bruce-Diaz,Joanne Hamilton,,joanne.hamilton@brucediaz.example.com,2026-09-28 12:43:44.133771,Outbound,,,,IL,90
ACME-L02937,Bass Group,Samuel Fowler,Owner,samuel.fowler@bassgroup.example.com,2026-09-28 13:05:25.936762,Meta Ads,facebook,paid_social,msp_q3_retargeting,MA,88
ACME-L02938,Williams Inc,Amanda Bryant,CFO,amanda.bryant@williamsinc.example.com,2026-09-28 13:10:56.682236,Referral,,,,NJ,100
ACME-L02939,Stephens Graves and Hancock,Kathleen Williams,IT Director,kathleen.williams@stephensgravesandhancock.example.com,2026-09-28 13:14:50.531456,Google Ads,google,cpc,msp_q3_search,CA,94
ACME-L02940,Patterson Inc,Thomas Simmons,Owner,thomas.simmons@pattersoninc.example.com,2026-09-28 13:17:51.790430,Word of mouth,,,,New Jersey,73
ACME-L02941,Mercado Ortiz and Barnes,April Malone,IT Director,april.malone@mercadoortizandbarnes.example.com,2026-09-28 13:21:05.852941,Google Ads,Google ,cpc,msp_q3_pmax,,94
ACME-L02942,Lang Ltd,Emily Mcclain,CFO,emily.mcclain@langltd.example.com,2026-09-28 13:55:14.665090,Referral,,,,CA,73
ACME-L02943,Young Benson and Adams,Tracy Clarke,,tracy.clarke@youngbensonandadams.example.com,2026-09-28 14:14:12.571822,Google Ads,google,cpc,msp_q3_search,CA,94
ACME-L02944,Gibbs-Horton,Rodney Mueller,IT Director,rodney.mueller@gibbshorton.example.com,09/28/2026 14:26:27,Facebook,Facebook ,paid_social,msp_q3_retargeting,NY,80
ACME-L02945,Vasquez Howard and Cuevas,Monica Johnson,CFO,monica.johnson@vasquezhowardandcuevas.example.com,2026-09-28 14:34:57.004974,Outbound,,,,NY,90
ACME-L02946,Rodriguez Group,Erika Johnson,Practice Manager,erika.johnson@rodriguezgroup.example.com,2026-09-28 15:17:51.807849,Google Ads,google,cpc,msp_q3_search,NY,94
ACME-L02947,Flores Lambert and Ball,Bradley Thomas,Practice Manager,bradley.thomas@floreslambertandball.example.com,2026-09-28 15:31:10.924051,Meta Ads,facebook,paid_social,msp_q3_cyber_guide,NY,58
ACME-L02948,Robinson Blackwell and Martinez,Micheal Brooks,Practice Manager,micheal.brooks@robinsonblackwellandmart.example.com,2026-09-28 16:28:22.480952,Google Ads,google,cpc,msp_q3_search,NJ,64
ACME-L02949,Dunn-Holloway,Anthony Johnson,Office Manager,anthony.johnson@dunnholloway.example.com,2026-09-28 17:01:27.586465,Google Ads,google,cpc,msp_q3_search,MA,94
ACME-L02950,Gregory Saunders and Cole,Isabella Miller,Practice Manager,isabella.miller@gregorysaundersandcole.example.com,2026-09-28 17:20:39.672719,Google Ads,google,cpc,msp_q3_search,IL,94
ACME-L02951,Castro-Ryan,Kathryn Gentry,Office Manager,kathryn.gentry@castroryan.example.com,2026-09-28 17:24:11.632941,Google Ads,google,cpc,msp_q3_pmax,MA,94
ACME-L02952,Lloyd Ltd,Jonathan Warner,,jonathan.warner@lloydltd.example.com,2026-09-28 17:55:02.526383,Referral,,,,TX,73
ACME-L02953,Eaton Lopez and Reed,Dustin Potts,CFO,dustin.potts@eatonlopezandreed.example.com,2026-09-28 18:29:09.662929,Google Ads,google,cpc,msp_q3_pmax,TX,67
ACME-L02954,Johnson-Martin,Victoria Brown,Operations Manager,victoria.brown@johnsonmartin.example.com,2026-09-28 18:45:01.310570,Google Ads,google,cpc,msp_q3_search,NJ,53
ACME-L02955,Page PLC,Kelly Marshall,Office Manager,KELLY.MARSHALL@PAGEPLC.EXAMPLE.COM ,2026-09-28 23:07:51.317993,Adwords,google,cpc,msp_q3_search,MA,94
ACME-L02956,Parsons-Fuentes,Whitney Davis,CFO,whitney.davis@parsonsfuentes.example.com,2026-09-29 00:03:20.622510,Google Ads,google,cpc,msp_q3_pmax,California,67
ACME-L02957,Russell-Smith,Keith Carroll,Operations Manager,keith.carroll@russellsmith.example.com,2026-09-29 01:49:30.321109,REFERRAL PAYOUTS,,,,NJ,73
ACME-L02958,Jennings and Sons,Scott Jones,IT Manager,scott.jones@jenningsandsons.example.com,09/29/2026 03:16:43,Meta Ads,facebook,paid_social,msp_q3_retargeting,MA,88
ACME-L02959,Ward-Hernandez,Timothy Nichols,Operations Manager,timothy.nichols@wardhernandez.example.com,2026-09-29 05:08:38.335602,Call Tracking,callrail,phone,local_services,NY,93
ACME-L02960,Cabrera-Cantu,Lisa Brown,COO,lisa.brown@cabreracantu.example.com,2026-09-29 05:31:17.951908,Google Ads,google,cpc,msp_q3_pmax,CA,94
ACME-L02961,Wilson Group,Evan Wright,COO,evan.wright@wilsongroup.example.com,2026-09-29 06:18:20.165044,Google Ads,google,cpc,msp_q3_search,nj,94
ACME-L02962,Pennington-Mccoy,Jose Hart,Practice Manager,jose.hart@penningtonmccoy.example.com,2026-09-29 08:24:11.924741,Google Ads,google,cpc,msp_q3_pmax,MA,67
ACME-L02963,Martinez Vasquez and Burch,Natalie Hanson,Practice Manager,natalie.hanson@martinezvasquezandburch.example.com,2026-09-29 08:36:51.981170, sdr ,,,,NJ,63
ACME-L02964,Moore Morgan and Parker,Rachael Pace,Operations Manager,rachael.pace@mooremorganandparker.example.com,2026-09-29 10:05:17.271306,Referral,,,,NY,100
ACME-L02965,Gross Group,Kenneth Brown,Practice Manager,kenneth.brown@grossgroup.example.com,2026-09-29 10:18:12.271477,Call Tracking,callrail,phone,local_services,ny,97
ACME-L02966,Wilson Matthews and Tucker,Brian Evans,Owner,brian.evans@wilsonmatthewsandtucker.example.com,09/29/2026 10:45:36,Meta Ads,facebook,paid_social,msp_q3_retargeting,IL,88
ACME-L02967,Hall Ltd,Patricia Reyes,Office Manager,patricia.reyes@hallltd.example.com,2026-09-29 10:51:14.371784,Outbound,,,,TX,90
ACME-L02968,Taylor Ltd,Alison Case,Operations Manager,alison.case@taylorltd.example.com,2026-09-29 11:01:27.305477,referal,,,,NY,73
ACME-L02969,Bailey-Avery,Donald Anderson,Practice Manager,donald.anderson@baileyavery.example.com,2026-09-29 11:02:25.414412,Outbound,,,,Unassigned,40
ACME-L02970,Stone-Young,Brenda Strickland,Practice Manager,brenda.strickland@stoneyoung.example.com,2026-09-29 11:33:34.583906,Meta Ads,facebook,paid_social,msp_q3_cyber_guide,,69
ACME-L02971,Lewis and Sons,Justin Maldonado,Operations Manager,justin.maldonado@lewisandsons.example.com,09/29/2026 13:54:01,Meta Ads,facebook,paid_social,,ca,60
ACME-L02972,Anderson Mcclure and Burns,Shawn Holt,Practice Manager,shawn.holt@andersonmcclureandburns.example.com,2026-09-29 14:54:14.988337,Google Ads,google,cpc, MSP_Q3_SEARCH,,66
ACME-L02973,Johnson-Bell,Darrell Greer,Office Manager,darrell.greer@johnsonbell.example.com,09/29/2026 15:16:18,Google Ads,google,cpc,msp_q3_search,IL,74
ACME-L02974,Hoover Group,Timothy Lynch,IT Director,timothy.lynch@hoovergroup.example.com,2026-09-29 15:59:56.485174,Partner Referral,,,,NY,57
ACME-L02975,Wolfe PLC,Jason Atkinson,COO,jason.atkinson@wolfeplc.example.com,2026-09-29 16:08:52.077263,Meta Ads,facebook,paid_social,msp_q3_cyber_guide,California,61
ACME-L02976,Terry Graham and Alexander,Carol Anderson,CFO,carol.anderson@terrygrahamandalexander.example.com,2026-09-29 16:21:22.423806,Referral,,,,IL,100
ACME-L02977,Kane PLC,Richard Owen,Operations Manager,richard.owen@kaneplc.example.com,2026-09-29 16:22:34.888409,adwords,google,cpc,msp_q3_search,MA,67
ACME-L02978,Mcdaniel LLC,Sonya Nolan,CFO,sonya.nolan@mcdanielllc.example.com,2026-09-29 20:58:40.364720,Google Ads,google,cpc,,TX,67
ACME-L02979,Ponce Group,Jeffrey Richardson,IT Director,jeffrey.richardson@poncegroup.example.com,09/30/2026 01:11:04,Google Ads,google,cpc,msp_q3_pmax,IL,94
ACME-L02980,Clark-Collins,James Mitchell,Operations Manager,james.mitchell@clarkcollins.example.com,2026-09-30 03:09:39.183430,Referral,,,,TX,100
ACME-L02981,Douglas-Weber,Tina Kemp,Practice Manager,tina.kemp@douglasweber.example.com,2026-09-30 04:16:30.845867,Referral,,,,CA,73
ACME-L02982,Wiggins-Freeman,Kenneth Matthews,Office Manager,kenneth.matthews@wigginsfreeman.example.com,2026-09-30 08:02:04.835568,Google Ads,google,cpc,msp_q3_search,NY,94
ACME-L02983,Ross Ltd,Michael Pineda,Office Manager,michael.pineda@rossltd.example.com,2026-09-30 08:08:22.043754,Meta Ads,Facebook ,paid_social,msp_q3_retargeting,NY,69
ACME-L02984,Acevedo Inc,Bryan Collins,COO,bryan.collins@acevedoinc.example.com,2026-09-30 08:37:24.815903,Referral,,,,NJ,100
ACME-L02985,Maddox-Weaver,Reginald Palmer,Owner,reginald.palmer@maddoxweaver.example.com,2026-09-30 08:52:00.882867,Meta Ads,facebook,paid_social,msp_q3_cyber_guide,NY,61
ACME-L02986,Mason and Sons,Curtis Barnes,IT Manager,curtis.barnes@masonandsons.example.com,2026-09-30 08:59:05.898481,Google Ads,Google ,cpc,msp_q3_pmax,MA,67
ACME-L02987,Jimenez-Campbell,Erik Jones,IT Director,erik.jones@jimenezcampbell.example.com,2026-09-30 09:42:14.789297,Meta Ads,facebook,paid_social,msp_q3_retargeting,TX,61
ACME-L02988,Fuller-Davis,John Scott,COO,john.scott@fullerdavis.example.com,2026-09-30 09:55:19.166298,Call Tracking,callrail,phone,local_services,FL,97
ACME-L02989,Armstrong and Sons,Theresa Hunter,Owner,theresa.hunter@armstrongandsons.example.com,2026-09-30 09:56:36.024793,OUTBOUND - SDR,,,,NY,33
ACME-L02990,Klein PLC,Joseph Hayes,COO,joseph.hayes@kleinplc.example.com,2026-09-30 10:02:15.958503,Referral,,,,NY,100
ACME-L02991,Griffin Group,Rebecca Ramirez,Practice Manager,rebecca.ramirez@griffingroup.example.com,2026-09-30 10:25:51.653694,Google Ads,google,cpc,msp_q3_pmax,California,51
ACME-L02992,Kim LLC,Kevin Nunez,Office Manager,kevin.nunez@kimllc.example.com,2026-09-30 10:44:11.411148,Outbound,,,,Unassigned,43
ACME-L02993,Robinson-Anderson,Jessica Williams,Operations Manager,jessica.williams@robinsonanderson.example.com,2026-09-30 11:01:06.626876,Google Ads,google,cpc,msp_q3_search,NJ,67
ACME-L02994,Lindsey Lawrence and Rose,Whitney Morgan,IT Manager,WHITNEY.MORGAN@LINDSEYLAWRENCEANDROSE.EXAMPLE.COM ,2026-09-30 11:51:09.428827,Outbound,,,,TX,63
ACME-L02995,Murphy PLC,Laura Ortiz,Operations Manager,laura.ortiz@murphyplc.example.com,2026-09-30 12:03:11.458664,Call Tracking,callrail,phone,local_services,FL,70
ACME-L02996,Lee and Sons,Timothy Smith,Office Manager,TIMOTHY.SMITH@LEEANDSONS.EXAMPLE.COM ,2026-09-30 12:29:20.773788,GOOGLE ADS SEARCH,google,cpc,msp_q3_pmax,MA,
ACME-L02997,Hoffman-Galvan,Rachel Rivera,IT Manager,rachel.rivera@hoffmangalvan.example.com,2026-09-30 12:33:20.355856,Google Ads,google,cpc,msp_q3_search,ca,67
ACME-L02998,Clark Group,Carlos Schmidt,Office Manager,carlos.schmidt@clarkgroup.example.com,2026-09-30 13:14:09.784851,Referral,,,,NJ,73
ACME-L02999,Torres-Hogan,Sierra Sexton,CFO,sierra.sexton@torreshogan.example.com,2026-09-30 13:15:32.750661,Google Ads,google,cpc,msp_q3_pmax,NY,94
ACME-L03000,Ross LLC,Richard Perkins,CFO,richard.perkins@rossllc.example.com,2026-09-30 13:20:40.757658,Google ads search,google,cpc,msp_q3_search,NJ,66
ACME-L03001,Klein-Miller,Blake Walker,Operations Manager,blake.walker@kleinmiller.example.com,2026-09-30 14:07:13.517838,Google Ads,Google ,cpc,msp_q3_search,MA,67
ACME-L03002,Meyer Ltd,James Delacruz,Owner,james.delacruz@meyerltd.example.com,2026-09-30 15:05:49.441517,Google Ads,google,cpc,msp_q3_pmax,NY,67
ACME-L03003,Ayala Acosta and Meyer,Scott Benton,COO,scott.benton@ayalaacostaandmeyer.example.com,2026-09-30 15:19:04.386726,Google Ads,google,cpc,msp q3 search,MA,67
ACME-L03004,Allison Rogers and Doyle,Janice Smith,Practice Manager,janice.smith@allisonrogersanddoyle.example.com,2026-09-30 16:05:55.727743,Google Ads Search,google,cpc,,fl,94
ACME-L03005,Curtis-Bates,Nicole Murphy,IT Manager,nicole.murphy@curtisbates.example.com,2026-09-30 16:32:09.643279,Outbound,,,,TX,72
ACME-L03006,Alvarez LLC,Krista Ponce,IT Manager,krista.ponce@alvarezllc.example.com,2026-09-30 17:01:44.876426,Referral,,,,NY,100
ACME-L90000,Williams-Small,Mariah Wheeler,Owner,Mariah.Wheeler@Williamssmall.Example.Com,2026-08-22 15:27:55,Google Ads,google,cpc, MSP_Q3_SEARCH,NY,88
ACME-L90001,Pugh Pacheco and Rose,John Valenzuela,Operations Manager,John.Valenzuela@Pughpachecoandrose.Example.Com,2026-08-31 09:28:09.597359,callrail,callrail,phone,local_services,MA,97
ACME-L90002,Hill Kirk and Kramer,Mary Hernandez,,Mary.Hernandez@Hillkirkandkramer.Example.Com,2026-05-05 16:07:40.618091,Adwords,google,cpc,msp_q2_search_brand,NY,88
ACME-L90003,Kline Inc,Brenda Powell,,Brenda.Powell@Klineinc.Example.Com,2026-09-25 01:01:14.117549,Meta Ads,facebook,paid_social,msp_q3_cyber_guide,NY,88
ACME-L90004,Little LLC,David White,IT Manager,David.White@Littlellc.Example.Com,2026-06-13 00:19:22.551933,Meta Ads,facebook,paid_social,msp_q2_leadgen,Unassigned,41
ACME-L90005,Salazar Inc,Amy Gomez,Operations Manager,Amy.Gomez@Salazarinc.Example.Com,2026-05-10 22:27:57.342469,Meta Ads,facebook,paid_social,msp_q2_leadgen,IL,61
ACME-L90006,Marsh and Sons,Adam Knight,,Adam.Knight@Marshandsons.Example.Com,2026-05-22 03:24:29.836441,partner referral,,,,New Jersey,70
ACME-L90007,Smith-Hensley,Nicholas Smith,Owner,Nicholas.Smith@Smithhensley.Example.Com,2026-06-30 07:10:18.045358,Outbound,,,,California,
ACME-L90008,Williams-Simmons,Tanya Edwards,IT Manager,Tanya.Edwards@Williamssimmons.Example.Com,2026-06-25 12:42:24.112698,Google Ads,google,cpc,msp_q2_search_nonbrand,MA,94
ACME-L90009,Kirk Ltd,Gregory Davis,Practice Manager,Gregory.Davis@Kirkltd.Example.Com,2026-06-24 02:41:29.232862,OUTBOUND - SDR,,,,CA,33
ACME-L90010,Miller-Middleton,Victor Diaz,Operations Manager,Victor.Diaz@Millermiddleton.Example.Com,2026-06-30 21:06:51.581523,Referral,,,,CA,48
ACME-L90011,Hansen LLC,Shannon Peterson,CFO,Shannon.Peterson@Hansenllc.Example.Com,2026-07-18 15:42:34,Outbound,,,,IL,88
ACME-L90012,Rodriguez Barker and Carter,Brian Jackson,IT Manager,Brian.Jackson@Rodriguezbarkerandcarter.Example.Com,2026-09-05 09:42:40.535213,Google Ads,google,cpc,msp_q3_search,MA,94
ACME-L90013,Moore Robinson and Martinez,Jennifer Cook,Practice Manager,Jennifer.Cook@Moorerobinsonandmartinez.Example.Com,2026-07-10 13:31:12.949109,Google Ads,google,cpc,,NY,67
ACME-L90014,Williams-Hernandez,Keith Johnson,CFO,Keith.Johnson@Williamshernandez.Example.Com,2026-09-24 18:26:19.430506,Call Tracking,callrail,phone,local_services,TX,97
ACME-L90015,Lopez-Davis,Brian Campos,Owner,Brian.Campos@Lopezdavis.Example.Com,2026-09-23 02:55:31,Google Ads,Google ,cpc,msp_q3_search,NJ,67
ACME-L90016,Marks Daniels and Bartlett,Laura Kirby,Owner,Laura.Kirby@Marksdanielsandbartlett.Example.Com,2026-05-27 23:51:02,Meta Ads,Facebook ,paid_social,msp_q2_leadgen,CA,55
ACME-L90017,Maxwell Murray and Smith,Carolyn Johnson,CFO,Carolyn.Johnson@Maxwellmurrayandsmith.Example.Com,2026-09-23 06:34:06.372791,Meta Ads,facebook,paid_social,msp_q3_cyber_guide,TX,88
ACME-L90018,Bradley LLC,Daniel Howard,IT Manager,Daniel.Howard@Bradleyllc.Example.Com,2026-04-22 20:06:51.214599,Google Ads,google,cpc,msp_q2_search_nonbrand,FL,67
ACME-L90019,Turner Reyes and Farley,Glenn Beck,IT Manager,Glenn.Beck@Turnerreyesandfarley.Example.Com,2026-08-13 11:10:57.784297,Prospecting,,,,FL,90
ACME-L90020,Wood-Carr,Carrie Murphy,Operations Manager,Carrie.Murphy@Woodcarr.Example.Com,2026-06-19 04:53:26.930537,Referral,,,,IL,78
ACME-L90021,Martin-Sutton,Angela Sullivan,Practice Manager,Angela.Sullivan@Martinsutton.Example.Com,2026-06-14 00:42:54,Meta Ads,Facebook ,paid_social,msp_q2_leadgen,NY,66
ACME-L90022,Bridges Simpson and Hunt,Michael Donaldson,,Michael.Donaldson@Bridgessimpsonandhunt.Example.Com,2026-08-06 16:06:43.268640,facebook,facebook,paid_social, MSP_Q3_RETARGETING,IL,59
ACME-L90023,Hill Daniels and Glass,Christine King,IT Director,Christine.King@Hilldanielsandglass.Example.Com,2026-04-21 16:37:14,Meta Ads,facebook,paid_social,msp_q2_leadgen,FL,88
ACME-L90024,Ward-Allen,Scott Green,Operations Manager,Scott.Green@Wardallen.Example.Com,2026-05-17 21:03:10.590445,Referral,,,,MA,73
ACME-L90025,Wilson-House,Jennifer Valenzuela,Owner,Jennifer.Valenzuela@Wilsonhouse.Example.Com,2026-04-10 09:30:27.868589,PARTNER REFERRAL,,,,NY,70
ACME-L90026,Mason Ltd,Jacob Brown,Office Manager,Jacob.Brown@Masonltd.Example.Com,2026-08-08 16:30:27.638928,Google_Cpc,google,cpc,msp_q3_pmax,NY,
ACME-L90027,Mayer-Vasquez,Christopher Padilla,Practice Manager,Christopher.Padilla@Mayervasquez.Example.Com,2026-07-15 14:21:56.108451,Ppc,google,cpc,msp q3 pmax,NY,94
ACME-L90028,Caldwell-Hernandez,Alexandra Anderson,Operations Manager,Alexandra.Anderson@Caldwellhernandez.Example.Com,2026-09-11 22:29:08.037760,Google Ads,google,cpc,msp_q3_pmax,Illinois,37
ACME-L90029,Thompson-Wilson,Benjamin Cunningham,Owner,Benjamin.Cunningham@Thompsonwilson.Example.Com,2026-06-26 10:52:12.477342,GOOGLE,google,cpc,msp_q2_search_nonbrand,NJ,94
ACME-L90030,Mitchell and Sons,Nancy Allen,IT Director,Nancy.Allen@Mitchellandsons.Example.Com,2026-09-11 06:17:12.824850,Referral,,,,NJ,100
ACME-L90031,Ho LLC,Samantha Lewis,Operations Manager,Samantha.Lewis@Hollc.Example.Com,2026-07-17 01:33:57.625419,Referral,,,,MA,100
ACME-L90032,Cochran-Fuller,Alexander Vance,Owner,Alexander.Vance@Cochranfuller.Example.Com,2026-06-25 08:06:32.943354,Google Ads,google,cpc,msp_q2_search_nonbrand,FL,67
ACME-L90033,Hopkins Robertson and Wallace,Heather Johnson,,Heather.Johnson@Hopkinsrobertsonandwalla.Example.Com,2026-08-26 23:22:44.103976,Google Ads,google,cpc,msp_q3_pmax,ny,67
ACME-L90034,Moran Benjamin and Bauer,Kyle Stewart,Practice Manager,Kyle.Stewart@Moranbenjaminandbauer.Example.Com,2026-05-13 08:14:47.266607,Google Ads,google,cpc,msp_q2_search_nonbrand,NY,82
ACME-L90035,Gonzalez Mason and Harris,William Branch,Office Manager,William.Branch@Gonzalezmasonandharris.Example.Com,2026-08-20 16:49:10.970198,Referral,,,,CA,70
ACME-L90036,Fuentes Ltd,Angela Burns,Practice Manager,Angela.Burns@Fuentesltd.Example.Com,2026-09-11 08:42:10.824575,Referral,,,,CA,
ACME-L90037,Tucker-Schaefer,Brandon Velez,IT Director,Brandon.Velez@Tuckerschaefer.Example.Com,2026-09-01 05:31:12, referal ,,,,CA,100
ACME-L90038,Salinas LLC,Rachael Johnson,Operations Manager,Rachael.Johnson@Salinasllc.Example.Com,2026-06-17 04:13:35.652316,Google Ads,google,cpc,msp_q2_search_brand,NY,67
ACME-L90039,Mason PLC,Amanda Pierce,COO,Amanda.Pierce@Masonplc.Example.Com,2026-08-04 04:01:52.398672,Google Ads,google,cpc,msp_q3_pmax,NJ,56
ACME-L90040,Austin Inc,Ian Barnes,COO,Ian.Barnes@Austininc.Example.Com,2026-08-21 02:36:55.094154,Google Ads,google,cpc,msp_q3_search,FL,94
ACME-L90041,Mason-Powell,Luke Davis,,Luke.Davis@Masonpowell.Example.Com,2026-08-24 07:56:16.385385,Outbound,,,,nj,63
ACME-L90042,Bentley-Adams,Dana Meyers,,Dana.Meyers@Bentleyadams.Example.Com,2026-07-29 03:28:31.780657,GOOGLE ADS SEARCH,google,cpc,msp_q3_search,IL,93
ACME-L90043,Williams-Mason,William Johnson,Practice Manager,William.Johnson@Williamsmason.Example.Com,2026-06-28 23:27:53.076965,Meta Ads,facebook,paid_social,msp_q2_leadgen,TX,37
ACME-L90044,Walters Bowers and Dickerson,Jose Howard,Practice Manager,Jose.Howard@Waltersbowersanddickerso.Example.Com,2026-09-27 23:11:44.220444,Google Ads,google,cpc,msp_q3_search,Illinois,37
ACME-L90045,Clark-Best,Danielle Johnson,,Danielle.Johnson@Clarkbest.Example.Com,2026-08-14 14:24:57.183482,Meta Ads,facebook,paid_social,msp_q3_retargeting,MA,88
ACME-L90046,French-Gallagher,David Moreno,IT Manager,David.Moreno@Frenchgallagher.Example.Com,2026-07-03 19:59:33.467911,Google Ads,google,cpc,msp_q3_pmax,NJ,39
ACME-L90047,Campbell-Rivera,Todd Macdonald,IT Manager,Todd.Macdonald@Campbellrivera.Example.Com,2026-05-28 18:49:45.139298,Google Ads,google,cpc,msp_q2_search_nonbrand,NJ,67
ACME-L90048,Olson Group,Joseph Powers,,Joseph.Powers@Olsongroup.Example.Com,2026-05-02 14:49:00.200561,Meta Ads,facebook,paid_social,msp_q2_leadgen,FL,61
ACME-L90049,Mendoza Ltd,Carrie Gregory,Office Manager,Carrie.Gregory@Mendozaltd.Example.Com,2026-09-11 20:06:49.190738,Outbound,,,,NY,65
ACME-L90050,Williams-Wolf,Renee Hammond,IT Director,Renee.Hammond@Williamswolf.Example.Com,2026-04-13 02:06:25.568240,Google Ads,google,cpc,msp q2 search nonbrand,IL,67
ACME-L90051,Tyler-King,Ashley Walker,Practice Manager,Ashley.Walker@Tylerking.Example.Com,2026-05-15 10:56:21,google,google,cpc,msp_q2_search_nonbrand,MA,94
ACME-L90052,Bailey-Chambers,David Huang,COO,David.Huang@Baileychambers.Example.Com,2026-08-29 01:53:50.726433,Meta Ads,facebook,paid_social,msp_q3_retargeting,MA,61
ACME-L90053,Santos Rose and Peck,Ryan Wiggins,Office Manager,Ryan.Wiggins@Santosroseandpeck.Example.Com,2026-04-16 23:20:47.399873,Google Ads,google,cpc,,NY,67
ACME-L90054,Rice LLC,William Clark,IT Manager,William.Clark@Ricellc.Example.Com,2026-05-16 04:35:36.905276,Google Ads,google,cpc,msp q2 search brand,CA,67
ACME-L90055,Kelley Weeks and Barnett,Jason Oconnor,IT Manager,Jason.Oconnor@Kelleyweeksandbarnett.Example.Com,2026-08-16 07:53:15.918200,Google Ads,google,cpc,msp_q3_pmax,CA,67
ACME-L90056,Fisher Perez and Bowen,Nicole Schroeder,Operations Manager,Nicole.Schroeder@Fisherperezandbowen.Example.Com,2026-04-10 19:59:32.128224,Outbound,,,,MA,90
ACME-L90057,Douglas-Patel,Mark Murphy,Office Manager,Mark.Murphy@Douglaspatel.Example.Com,2026-06-06 02:29:45.828368,PARTNER REFERRAL,,,,TX,100
ACME-L90058,Smith Inc,Madison Gardner,COO,Madison.Gardner@Smithinc.Example.Com,2026-06-26 18:05:46.836234,Meta Ads,facebook,paid_social,msp_q2_leadgen,CA,61
ACME-L90059,Obrien and Sons,Ashley Page,CFO,Ashley.Page@Obrienandsons.Example.Com,2026-08-05 13:02:34.788398,Referral,,,,IL,100
