activity_id,lead_id,type,date,outcome,owner
SUMM-A000001,SUMM-L00001,email,2026-04-01 05:45:50,sent,Hannah Price
SUMM-A000002,SUMM-L00006,CALL,2026-04-01 11:45:43,no_answer,Andre Coleman
SUMM-A000003,SUMM-L00001,meeting,2026-04-01 12:35:55,rescheduled,Hannah Price
SUMM-A000004,SUMM-L00002,email,2026-04-01 12:43:12,sent,Caleb Turner
SUMM-A000005,SUMM-L00003,call,2026-04-01 13:25:38,no_answer,Lucia Romero
SUMM-A000006,SUMM-L00008,EMAIL,2026-04-01 14:52:34,replied,Caleb Turner
SUMM-A000007,SUMM-L00005,email,2026-04-01 18:42:14,sent,Caleb Turner
SUMM-A000008,SUMM-L00010,call,2026-04-01 23:01:26,no_answer,Caleb Turner
SUMM-A000009,SUMM-L00004,call,2026-04-02 00:30:40,connected,Andre Coleman
SUMM-A000010,SUMM-L00009,email,2026-04-02 02:07:24,sent,Ben Foster
SUMM-A000011,SUMM-L00011,call,2026-04-02 04:47:01,no_answer,Hannah Price
SUMM-A000012,SUMM-L00007,call,2026-04-02 06:32:50,connected,Caleb Turner
SUMM-A000013,SUMM-L00006,call,2026-04-02 06:58:38,connected,Andre Coleman
SUMM-A000014,SUMM-L00001,email,2026-04-02 08:20:17,sent,Hannah Price
SUMM-A000015,SUMM-L00013,Email,2026-04-02 09:45:24,sent,Lucia Romero
SUMM-A000016,SUMM-L00015,Email,2026-04-02 10:39:53,bounced,Caleb Turner
SUMM-A000017,SUMM-L00012,email,2026-04-02 11:36:07,sent,Ben Foster
SUMM-A000018,SUMM-L00004,call,2026-04-02 12:50:12,connected,Andre Coleman
SUMM-A000019,SUMM-L00014,call,2026-04-02 13:44:05,voicemail,Andre Coleman
SUMM-A000020,SUMM-L00016,call,2026-04-02 14:46:25,no_answer,Andre Coleman
SUMM-A000021,SUMM-L00019,call,2026-04-02 16:21:16,no_answer,Hannah Price
SUMM-A000022,SUMM-L00006,email,2026-04-02 19:09:25,sent,Andre Coleman
SUMM-A000023,SUMM-L00022,call,2026-04-02 20:25:48,connected,Caleb Turner
SUMM-A000024,SUMM-L00001,call,2026-04-02 20:32:05,connected,Hannah Price
SUMM-A000025,SUMM-L00021,call,2026-04-02 21:18:10,no_answer,Caleb Turner
SUMM-A000026,SUMM-L00019,call,2026-04-03 04:34:32,voicemail,Hannah Price
SUMM-A000027,SUMM-L00026,Email,2026-04-03 07:15:34,sent,Andre Coleman
SUMM-A000028,SUMM-L00024,email,2026-04-03 07:16:09,sent,Hannah Price
SUMM-A000029,SUMM-L00018,call,2026-04-03 08:40:39,no_answer,Ben Foster
SUMM-A000030,SUMM-L00027,CALL,2026-04-03 09:49:22,no_answer,Andre Coleman
SUMM-A000031,SUMM-L00019,email,2026-04-03 10:44:59,sent,Hannah Price
SUMM-A000032,SUMM-L00017,email,2026-04-03 11:13:04,replied,Caleb Turner
SUMM-A000033,SUMM-L00022,call,2026-04-03 11:13:47,no_answer,Caleb Turner
SUMM-A000034,SUMM-L00023,call,2026-04-03 14:33:02,connected,Ben Foster
SUMM-A000035,SUMM-L00019,call,2026-04-03 14:43:36,no_answer,Hannah Price
SUMM-A000036,SUMM-L00025,Email,2026-04-03 17:52:56,sent,Caleb Turner
SUMM-A000037,SUMM-L00029,email,2026-04-03 18:04:03,replied,Caleb Turner
SUMM-A000038,SUMM-L00009,call,2026-04-03 18:14:53,no_answer,Ben Foster
SUMM-A000039,SUMM-L00028,Call,2026-04-03 19:35:02,connected,Maya Ortiz
SUMM-A000040,SUMM-L00031,call,2026-04-04 01:57:11,connected,Andre Coleman
SUMM-A000041,SUMM-L00027,email,2026-04-04 03:19:06,sent,Andre Coleman
SUMM-A000042,SUMM-L00001,call,2026-04-04 07:46:57,connected,Hannah Price
SUMM-A000043,SUMM-L00033,call,2026-04-04 10:09:52,voicemail,Maya Ortiz
SUMM-A000044,SUMM-L00033,call,2026-04-04 10:59:41,no_answer,Maya Ortiz
SUMM-A000045,SUMM-L00033,Meeting,2026-04-04 13:00:43,no_show,Maya Ortiz
SUMM-A000046,SUMM-L00034,EMAIL,2026-04-04 13:10:26,sent,Maya Ortiz
SUMM-A000047,SUMM-L00035,Call,2026-04-04 13:46:57,connected,Caleb Turner
SUMM-A000048,SUMM-L00027,meeting,2026-04-04 15:21:02,held,Andre Coleman
SUMM-A000049,SUMM-L00031,email,2026-04-04 18:23:03,sent,Andre Coleman
SUMM-A000050,SUMM-L00037,call,2026-04-04 18:32:47,no_answer,Hannah Price
SUMM-A000051,SUMM-L00022,call,2026-04-04 20:18:39,voicemail,Caleb Turner
SUMM-A000052,SUMM-L00039,call,2026-04-04 20:59:45,connected,Caleb Turner
SUMM-A000053,SUMM-L00030,call,2026-04-04 21:05:01,no_answer,Caleb Turner
SUMM-A000054,SUMM-L00036,EMAIL,2026-04-04 23:53:12,sent,Caleb Turner
SUMM-A000055,SUMM-L00017,email,2026-04-05 00:17:09,replied,Caleb Turner
SUMM-A000056,SUMM-L00027,call,2026-04-05 00:48:30,connected,Andre Coleman
SUMM-A000057,SUMM-L00034,email,2026-04-05 02:32:08,replied,Maya Ortiz
SUMM-A000058,SUMM-L00038,email,2026-04-05 05:43:50,sent,Andre Coleman
SUMM-A000059,SUMM-L00029,email,2026-04-05 06:27:38,sent,Caleb Turner
SUMM-A000060,SUMM-L00005,call,2026-04-05 08:26:30,no_answer,Caleb Turner
SUMM-A000061,SUMM-L00032,email,2026-04-05 09:54:23,sent,Ben Foster
SUMM-A000062,SUMM-L00041,email,2026-04-05 10:03:56,sent,Andre Coleman
SUMM-A000063,SUMM-L00040,email,2026-04-05 13:11:32,sent,Andre Coleman
SUMM-A000064,SUMM-L00041,call,2026-04-05 14:23:44,no_answer,Andre Coleman
SUMM-A000065,SUMM-L00041,call,2026-04-05 16:42:27,voicemail,Andre Coleman
SUMM-A000066,SUMM-L00029,email,2026-04-05 18:23:45,sent,Caleb Turner
SUMM-A000067,SUMM-L00043,email,2026-04-05 19:03:50,sent,Caleb Turner
SUMM-A000068,SUMM-L00031,call,2026-04-05 20:10:06,no_answer,Andre Coleman
SUMM-A000069,SUMM-L00041,email,2026-04-05 22:48:06,sent,Andre Coleman
SUMM-A000070,SUMM-L00020,email,2026-04-05 23:44:08,sent,Maya Ortiz
SUMM-A000071,SUMM-L00032,CALL,2026-04-06 01:11:12,voicemail,Ben Foster
SUMM-A000072,SUMM-L00041,call,2026-04-06 02:23:33,voicemail,Andre Coleman
SUMM-A000073,SUMM-L00009,meeting,2026-04-06 03:58:33,held,Ben Foster
SUMM-A000074,SUMM-L00045,call,2026-04-06 07:13:06,no_answer,Caleb Turner
SUMM-A000075,SUMM-L00040,email,2026-04-06 08:55:44,replied,Andre Coleman
SUMM-A000076,SUMM-L00036,Call,2026-04-06 09:31:49,no_answer,Caleb Turner
SUMM-A000077,SUMM-L00032,call,2026-04-06 10:59:46,no_answer,Ben Foster
SUMM-A000078,SUMM-L00047,call,2026-04-06 12:00:02,no_answer,Hannah Price
SUMM-A000079,SUMM-L00025,email,2026-04-06 12:07:46,sent,Caleb Turner
SUMM-A000080,SUMM-L00032,email,2026-04-06 12:43:36,sent,Ben Foster
SUMM-A000081,SUMM-L00047,CALL,2026-04-06 13:22:44,connected,Hannah Price
SUMM-A000082,SUMM-L00027,meeting,2026-04-06 13:25:40,rescheduled,Andre Coleman
SUMM-A000083,SUMM-L00048,email,2026-04-06 13:51:30,sent,Ben Foster
SUMM-A000084,SUMM-L00044,email,2026-04-06 14:10:30,sent,Ben Foster
SUMM-A000085,SUMM-L00044,call,2026-04-06 14:16:31,connected,Ben Foster
SUMM-A000086,SUMM-L00002,call,2026-04-06 14:25:26,connected,Caleb Turner
SUMM-A000087,SUMM-L00041,email,2026-04-06 14:31:00,sent,Andre Coleman
SUMM-A000088,SUMM-L00042,call,2026-04-06 16:00:36,connected,Maya Ortiz
SUMM-A000089,SUMM-L00049,call,2026-04-06 17:11:22,voicemail,Hannah Price
SUMM-A000090,SUMM-L00041,call,2026-04-06 18:23:28,no_answer,Andre Coleman
SUMM-A000091,SUMM-L00032,call,2026-04-06 18:39:54,voicemail,Ben Foster
SUMM-A000092,SUMM-L00025,call,2026-04-06 20:04:28,no_answer,Caleb Turner
SUMM-A000093,SUMM-L00044,call,2026-04-06 20:12:43,voicemail,Ben Foster
SUMM-A000094,SUMM-L00050,call,2026-04-06 21:41:57,no_answer,Ben Foster
SUMM-A000095,SUMM-L00047,email,2026-04-06 23:08:57,sent,Hannah Price
SUMM-A000096,SUMM-L00025,email,2026-04-07 01:36:11,replied,Caleb Turner
SUMM-A000097,SUMM-L00027,call,2026-04-07 01:40:20,no_answer,Andre Coleman
SUMM-A000098,SUMM-L00026,email,2026-04-07 05:02:05,replied,Andre Coleman
SUMM-A000099,SUMM-L00047,email,2026-04-07 07:26:19,sent,Hannah Price
SUMM-A000100,SUMM-L00046,call,2026-04-07 09:44:25,connected,Maya Ortiz
SUMM-A000101,SUMM-L00044,email,2026-04-07 10:09:59,sent,Ben Foster
SUMM-A000102,SUMM-L00001,email,2026-04-07 10:28:59,replied,Hannah Price
SUMM-A000103,SUMM-L00034,email,2026-04-07 12:40:36,sent,Maya Ortiz
SUMM-A000104,SUMM-L00053,email,2026-04-07 13:44:19,sent,Ben Foster
SUMM-A000105,SUMM-L00051,Call,2026-04-07 14:00:29,no_answer,Maya Ortiz
SUMM-A000106,SUMM-L00055,call,2026-04-07 14:40:47,connected,Hannah Price
SUMM-A000107,SUMM-L00052,call,2026-04-07 14:58:25,voicemail,Caleb Turner
SUMM-A000108,SUMM-L00021,call,2026-04-07 17:07:55,voicemail,Caleb Turner
SUMM-A000109,SUMM-L00046,Call,2026-04-07 17:40:49,voicemail,Maya Ortiz
SUMM-A000110,SUMM-L00026,email,2026-04-07 18:36:27,sent,Andre Coleman
SUMM-A000111,SUMM-L00001,email,2026-04-07 20:17:37,bounced,Hannah Price
SUMM-A000112,SUMM-L00057,email,2026-04-07 20:53:16,replied,Lucia Romero
SUMM-A000113,SUMM-L00044,call,2026-04-07 20:56:56,voicemail,Ben Foster
SUMM-A000114,SUMM-L00053,email,2026-04-07 22:49:44,bounced,Ben Foster
SUMM-A000115,SUMM-L00053,email,2026-04-07 23:37:30,replied,Ben Foster
SUMM-A000116,SUMM-L00056,email,2026-04-08 00:50:20,sent,Caleb Turner
SUMM-A000117,SUMM-L00025,call,2026-04-08 02:19:04,connected,Caleb Turner
SUMM-A000118,SUMM-L00058,call,2026-04-08 07:18:50,voicemail,Lucia Romero
SUMM-A000119,SUMM-L00059,call,2026-04-08 09:30:00,connected,Caleb Turner
SUMM-A000120,SUMM-L00062,email,2026-04-08 11:56:47,sent,Caleb Turner
SUMM-A000121,SUMM-L00013,email,2026-04-08 12:33:32,sent,Lucia Romero
SUMM-A000122,SUMM-L00064,call,2026-04-08 13:03:25,connected,Caleb Turner
SUMM-A000123,SUMM-L00044,email,2026-04-08 13:17:05,sent,Ben Foster
SUMM-A000124,SUMM-L00019,email,2026-04-08 13:36:10,sent,Hannah Price
SUMM-A000125,SUMM-L00058,email,2026-04-08 14:25:15,sent,Lucia Romero
SUMM-A000126,SUMM-L00029,email,2026-04-08 14:53:34,sent,Caleb Turner
SUMM-A000127,SUMM-L00051,call,2026-04-08 15:54:30,no_answer,Maya Ortiz
SUMM-A000128,SUMM-L00060,email,2026-04-08 16:26:31,sent,Ben Foster
SUMM-A000129,SUMM-L00020,email,2026-04-08 17:41:57,sent,Maya Ortiz
SUMM-A000130,SUMM-L00061,CALL,2026-04-08 17:53:33,voicemail,Caleb Turner
SUMM-A000131,SUMM-L00063,email,2026-04-08 18:14:23,sent,Caleb Turner
SUMM-A000132,SUMM-L00058,meeting,2026-04-08 18:40:02,held,Lucia Romero
SUMM-A000133,SUMM-L00066,email,2026-04-08 19:44:46,sent,Lucia Romero
SUMM-A000134,SUMM-L00068,email,2026-04-08 22:23:37,replied,Maya Ortiz
SUMM-A000135,SUMM-L00019,meeting,2026-04-08 23:26:35,rescheduled,Hannah Price
SUMM-A000136,SUMM-L00070,call,2026-04-08 23:46:53,connected,Caleb Turner
SUMM-A000137,SUMM-L00055,call,2026-04-09 01:21:51,connected,Hannah Price
SUMM-A000138,SUMM-L00054,call,2026-04-09 01:26:03,voicemail,Hannah Price
SUMM-A000139,SUMM-L00065,email,2026-04-09 03:14:17,sent,Maya Ortiz
SUMM-A000140,SUMM-L00065,Call,2026-04-09 06:55:29,no_answer,Maya Ortiz
SUMM-A000141,SUMM-L00051,email,2026-04-09 08:10:45,replied,Maya Ortiz
SUMM-A000142,SUMM-L00067,email,2026-04-09 08:26:02,sent,Andre Coleman
SUMM-A000143,SUMM-L00058,call,2026-04-09 11:41:41,connected,Lucia Romero
SUMM-A000144,SUMM-L00060,Call,2026-04-09 12:39:56,no_answer,Ben Foster
SUMM-A000145,SUMM-L00075,email,2026-04-09 14:24:10,replied,Summit Dispatch Queue
SUMM-A000146,SUMM-L00072,email,2026-04-09 14:25:58,sent,Caleb Turner
SUMM-A000147,SUMM-L00057,call,2026-04-09 14:58:32,connected,Lucia Romero
SUMM-A000148,SUMM-L00073,call,2026-04-09 16:07:25,connected,Caleb Turner
SUMM-A000149,SUMM-L00069,email,2026-04-09 16:25:18,sent,Andre Coleman
SUMM-A000150,SUMM-L00074,Call,2026-04-09 17:13:47,voicemail,Lucia Romero
SUMM-A000151,SUMM-L00071,email,2026-04-09 18:15:09,sent,Caleb Turner
SUMM-A000152,SUMM-L00065,email,2026-04-09 18:37:27,sent,Maya Ortiz
SUMM-A000153,SUMM-L00071,email,2026-04-09 19:00:18,sent,Caleb Turner
SUMM-A000154,SUMM-L00058,call,2026-04-09 19:30:01,no_answer,Lucia Romero
SUMM-A000155,SUMM-L00078,email,2026-04-09 20:27:56,sent,Maya Ortiz
SUMM-A000156,SUMM-L00058,call,2026-04-09 20:39:01,no_answer,Lucia Romero
SUMM-A000157,SUMM-L00056,call,2026-04-09 21:52:51,connected,Caleb Turner
SUMM-A000158,SUMM-L00066,call,2026-04-09 21:53:49,connected,Lucia Romero
SUMM-A000159,SUMM-L00065,email,2026-04-09 21:56:10,sent,Maya Ortiz
SUMM-A000160,SUMM-L00077,EMAIL,2026-04-09 22:21:12,sent,Caleb Turner
SUMM-A000161,SUMM-L00027,email,2026-04-09 23:32:22,sent,Andre Coleman
SUMM-A000162,SUMM-L00073,CALL,2026-04-09 23:44:53,no_answer,Caleb Turner
SUMM-A000163,SUMM-L00026,call,2026-04-10 01:17:37,no_answer,Andre Coleman
SUMM-A000164,SUMM-L00076,email,2026-04-10 02:14:03,sent,Caleb Turner
SUMM-A000165,SUMM-L00056,CALL,2026-04-10 05:04:14,connected,Caleb Turner
SUMM-A000166,SUMM-L00031,call,2026-04-10 05:23:46,no_answer,Andre Coleman
SUMM-A000167,SUMM-L00073,call,2026-04-10 06:18:13,connected,Caleb Turner
SUMM-A000168,SUMM-L00027,email,2026-04-10 06:45:00,sent,Andre Coleman
SUMM-A000169,SUMM-L00028,email,2026-04-10 07:38:43,sent,Maya Ortiz
SUMM-A000170,SUMM-L00080,call,2026-04-10 10:53:41,no_answer,Andre Coleman
SUMM-A000171,SUMM-L00038,meeting,2026-04-10 11:17:01,held,Andre Coleman
SUMM-A000172,SUMM-L00038,call,2026-04-10 14:17:08,no_answer,Andre Coleman
SUMM-A000173,SUMM-L00073,call,2026-04-10 15:46:05,connected,Caleb Turner
SUMM-A000174,SUMM-L00079,email,2026-04-10 16:02:10,sent,Caleb Turner
SUMM-A000175,SUMM-L00020,email,2026-04-10 17:16:24,replied,Maya Ortiz
SUMM-A000176,SUMM-L00083,CALL,2026-04-10 20:08:52,voicemail,Andre Coleman
SUMM-A000177,SUMM-L00086,call,2026-04-10 20:29:00,voicemail,Hannah Price
SUMM-A000178,SUMM-L00081,EMAIL,2026-04-10 21:11:37,sent,Lucia Romero
SUMM-A000179,SUMM-L00051,meeting,2026-04-10 21:27:45,held,Maya Ortiz
SUMM-A000180,SUMM-L00065,email,2026-04-10 21:36:37,sent,Maya Ortiz
SUMM-A000181,SUMM-L00071,EMAIL,2026-04-10 22:46:25,sent,Caleb Turner
SUMM-A000182,SUMM-L00056,email,2026-04-10 23:16:41,sent,Caleb Turner
SUMM-A000183,SUMM-L00082,call,2026-04-11 00:54:19,connected,Ben Foster
SUMM-A000184,SUMM-L00065,email,2026-04-11 01:17:42,bounced,Maya Ortiz
SUMM-A000185,SUMM-L00066,call,2026-04-11 03:09:52,voicemail,Lucia Romero
SUMM-A000186,SUMM-L00085,call,2026-04-11 04:26:47,no_answer,Lucia Romero
SUMM-A000187,SUMM-L00042,email,2026-04-11 04:48:58,sent,Maya Ortiz
SUMM-A000188,SUMM-L00040,email,2026-04-11 06:05:29,sent,Andre Coleman
SUMM-A000189,SUMM-L00026,Email,2026-04-11 09:38:55,sent,Andre Coleman
SUMM-A000190,SUMM-L00027,email,2026-04-11 10:53:54,sent,Andre Coleman
SUMM-A000191,SUMM-L00056,email,2026-04-11 11:20:24,bounced,Caleb Turner
SUMM-A000192,SUMM-L00079,Email,2026-04-11 12:18:12,replied,Caleb Turner
SUMM-A000193,SUMM-L00079,call,2026-04-11 18:30:47,no_answer,Caleb Turner
SUMM-A000194,SUMM-L00050,email,2026-04-11 19:18:36,sent,Ben Foster
SUMM-A000195,SUMM-L00084,call,2026-04-11 20:43:19,no_answer,Caleb Turner
SUMM-A000196,SUMM-L00088,email,2026-04-11 22:25:39,bounced,Maya Ortiz
SUMM-A000197,SUMM-L00087,email,2026-04-11 23:17:24,replied,Andre Coleman
SUMM-A000198,SUMM-L00056,email,2026-04-11 23:33:42,sent,Caleb Turner
SUMM-A000199,SUMM-L00023,call,2026-04-11 23:46:31,no_answer,Ben Foster
SUMM-A000200,SUMM-L00085,call,2026-04-12 00:17:59,no_answer,Lucia Romero
SUMM-A000201,SUMM-L00026,Call,2026-04-12 01:08:20,no_answer,Andre Coleman
SUMM-A000202,SUMM-L00088,email,2026-04-12 01:47:58,sent,Maya Ortiz
SUMM-A000203,SUMM-L00089,call,2026-04-12 01:49:21,no_answer,Lucia Romero
SUMM-A000204,SUMM-L00050,email,2026-04-12 02:19:22,sent,Ben Foster
SUMM-A000205,SUMM-L00065,email,2026-04-12 04:01:53,replied,Maya Ortiz
SUMM-A000206,SUMM-L00093,call,2026-04-12 05:25:50,no_answer,Maya Ortiz
SUMM-A000207,SUMM-L00085,email,2026-04-12 06:15:46,sent,Lucia Romero
SUMM-A000208,SUMM-L00027,call,2026-04-12 06:55:48,connected,Andre Coleman
SUMM-A000209,SUMM-L00065,email,2026-04-12 07:08:44,sent,Maya Ortiz
SUMM-A000210,SUMM-L00055,Email,2026-04-12 07:12:31,replied,Hannah Price
SUMM-A000211,SUMM-L00095,call,2026-04-12 08:39:38,voicemail,Caleb Turner
SUMM-A000212,SUMM-L00091,call,2026-04-12 09:10:09,no_answer,Andre Coleman
SUMM-A000213,SUMM-L00090,call,2026-04-12 09:35:41,no_answer,Ben Foster
SUMM-A000214,SUMM-L00046,call,2026-04-12 11:21:04,no_answer,Maya Ortiz
SUMM-A000215,SUMM-L00038,email,2026-04-12 14:17:22,sent,Andre Coleman
SUMM-A000216,SUMM-L00057,meeting,2026-04-12 15:52:37,held,Lucia Romero
SUMM-A000217,SUMM-L00082,call,2026-04-12 16:02:49,no_answer,Ben Foster
SUMM-A000218,SUMM-L00095,call,2026-04-12 16:21:03,connected,Caleb Turner
SUMM-A000219,SUMM-L00082,Call,2026-04-12 18:30:34,connected,Ben Foster
SUMM-A000220,SUMM-L00094,call,2026-04-12 20:14:37,voicemail,Lucia Romero
SUMM-A000221,SUMM-L00038,EMAIL,2026-04-12 20:56:35,bounced,Andre Coleman
SUMM-A000222,SUMM-L00065,email,2026-04-12 21:10:07,sent,Maya Ortiz
SUMM-A000223,SUMM-L00066,email,2026-04-12 23:05:30,sent,Lucia Romero
SUMM-A000224,SUMM-L00084,email,2026-04-13 00:12:36,sent,Caleb Turner
SUMM-A000225,SUMM-L00055,email,2026-04-13 00:38:18,sent,Hannah Price
SUMM-A000226,SUMM-L00096,call,2026-04-13 01:29:47,connected,Hannah Price
SUMM-A000227,SUMM-L00094,EMAIL,2026-04-13 01:51:15,sent,Lucia Romero
SUMM-A000228,SUMM-L00098,email,2026-04-13 02:12:19,sent,Maya Ortiz
SUMM-A000229,SUMM-L00099,call,2026-04-13 03:56:23,connected,Caleb Turner
SUMM-A000230,SUMM-L00094,email,2026-04-13 04:28:51,sent,Lucia Romero
SUMM-A000231,SUMM-L00012,email,2026-04-13 04:37:17,sent,Ben Foster
SUMM-A000232,SUMM-L00078,email,2026-04-13 09:00:13,replied,Maya Ortiz
SUMM-A000233,SUMM-L00097,call,2026-04-13 10:03:48,voicemail,Caleb Turner
SUMM-A000234,SUMM-L00100,email,2026-04-13 11:25:56,sent,Hannah Price
SUMM-A000235,SUMM-L00084,email,2026-04-13 12:07:44,sent,Caleb Turner
SUMM-A000236,SUMM-L00014,email,2026-04-13 12:38:59,sent,Andre Coleman
SUMM-A000237,SUMM-L00101,call,2026-04-13 13:19:43,no_answer,Maya Ortiz
SUMM-A000238,SUMM-L00094,call,2026-04-13 14:00:56,no_answer,Lucia Romero
SUMM-A000239,SUMM-L00103,email,2026-04-13 14:24:24,sent,Hannah Price
SUMM-A000240,SUMM-L00104,call,2026-04-13 15:29:24,connected,Caleb Turner
SUMM-A000241,SUMM-L00094,email,2026-04-13 16:01:23,sent,Lucia Romero
SUMM-A000242,SUMM-L00107,call,2026-04-13 16:58:26,no_answer,Andre Coleman
SUMM-A000243,SUMM-L00105,Email,2026-04-13 17:29:32,sent,Andre Coleman
SUMM-A000244,SUMM-L00094,call,2026-04-13 17:39:20,no_answer,Lucia Romero
SUMM-A000245,SUMM-L00035,call,2026-04-13 19:46:33,no_answer,Caleb Turner
SUMM-A000246,SUMM-L00109,call,2026-04-13 20:15:49,voicemail,Maya Ortiz
SUMM-A000247,SUMM-L00102,call,2026-04-13 20:43:48,no_answer,Ben Foster
SUMM-A000248,SUMM-L00085,EMAIL,2026-04-13 22:32:15,replied,Lucia Romero
SUMM-A000249,SUMM-L00094,email,2026-04-13 22:34:58,sent,Lucia Romero
SUMM-A000250,SUMM-L00108,call,2026-04-13 22:38:11,voicemail,Caleb Turner
SUMM-A000251,SUMM-L00068,call,2026-04-13 23:23:15,no_answer,Maya Ortiz
SUMM-A000252,SUMM-L00107,email,2026-04-13 23:48:01,sent,Andre Coleman
SUMM-A000253,SUMM-L00046,call,2026-04-14 01:26:58,voicemail,Maya Ortiz
SUMM-A000254,SUMM-L00092,email,2026-04-14 02:40:01,sent,Lucia Romero
SUMM-A000255,SUMM-L00093,call,2026-04-14 02:41:25,connected,Maya Ortiz
SUMM-A000256,SUMM-L00110,call,2026-04-14 03:39:09,connected,Ben Foster
SUMM-A000257,SUMM-L00111,call,2026-04-14 03:46:19,connected,Andre Coleman
SUMM-A000258,SUMM-L00085,call,2026-04-14 04:29:45,no_answer,Lucia Romero
SUMM-A000259,SUMM-L00105,call,2026-04-14 06:04:24,connected,Andre Coleman
SUMM-A000260,SUMM-L00003,call,2026-04-14 08:51:49,no_answer,Lucia Romero
SUMM-A000261,SUMM-L00063,call,2026-04-14 09:39:30,no_answer,Caleb Turner
SUMM-A000262,SUMM-L00085,call,2026-04-14 09:50:27,connected,Lucia Romero
SUMM-A000263,SUMM-L00112,call,2026-04-14 10:04:57,connected,Caleb Turner
SUMM-A000264,SUMM-L00079,email,2026-04-14 10:07:59,replied,Caleb Turner
SUMM-A000265,SUMM-L00068,email,2026-04-14 11:24:38,sent,Maya Ortiz
SUMM-A000266,SUMM-L00114,Call,2026-04-14 13:23:46,connected,Caleb Turner
SUMM-A000267,SUMM-L00106,email,2026-04-14 13:58:46,sent,Summit Dispatch Queue
SUMM-A000268,SUMM-L00042,Email,2026-04-14 17:09:56,replied,Maya Ortiz
SUMM-A000269,SUMM-L00115,email,2026-04-14 17:27:05,sent,Andre Coleman
SUMM-A000270,SUMM-L00113,call,2026-04-14 17:59:08,connected,Hannah Price
SUMM-A000271,SUMM-L00113,Call,2026-04-14 18:12:20,no_answer,Hannah Price
SUMM-A000272,SUMM-L00113,email,2026-04-14 18:14:23,replied,Hannah Price
SUMM-A000273,SUMM-L00116,EMAIL,2026-04-14 18:26:22,sent,Hannah Price
SUMM-A000274,SUMM-L00117,call,2026-04-14 19:01:56,no_answer,Andre Coleman
SUMM-A000275,SUMM-L00113,email,2026-04-14 20:25:14,sent,Hannah Price
SUMM-A000276,SUMM-L00115,call,2026-04-14 20:30:06,no_answer,Andre Coleman
SUMM-A000277,SUMM-L00042,Email,2026-04-14 22:16:52,sent,Maya Ortiz
SUMM-A000278,SUMM-L00113,email,2026-04-14 22:30:52,replied,Hannah Price
SUMM-A000279,SUMM-L00061,email,2026-04-14 23:12:28,replied,Caleb Turner
SUMM-A000280,SUMM-L00113,call,2026-04-14 23:37:00,voicemail,Hannah Price
SUMM-A000281,SUMM-L00114,email,2026-04-14 23:51:23,sent,Caleb Turner
SUMM-A000282,SUMM-L00113,email,2026-04-14 23:54:41,replied,Hannah Price
SUMM-A000283,SUMM-L00117,call,2026-04-15 00:14:33,connected,Andre Coleman
SUMM-A000284,SUMM-L00118,call,2026-04-15 01:41:36,no_answer,Caleb Turner
SUMM-A000285,SUMM-L00072,call,2026-04-15 03:02:53,no_answer,Caleb Turner
SUMM-A000286,SUMM-L00119,call,2026-04-15 04:20:05,no_answer,Maya Ortiz
SUMM-A000287,SUMM-L00120,call,2026-04-15 05:09:08,connected,Hannah Price
SUMM-A000288,SUMM-L00046,email,2026-04-15 05:26:56,sent,Maya Ortiz
SUMM-A000289,SUMM-L00095,email,2026-04-15 05:36:11,sent,Caleb Turner
SUMM-A000290,SUMM-L00098,call,2026-04-15 06:15:45,connected,Maya Ortiz
SUMM-A000291,SUMM-L00121,EMAIL,2026-04-15 06:54:11,replied,Caleb Turner
SUMM-A000292,SUMM-L00122,Call,2026-04-15 10:10:46,no_answer,Hannah Price
SUMM-A000293,SUMM-L00002,call,2026-04-15 11:03:05,connected,Caleb Turner
SUMM-A000294,SUMM-L00123,CALL,2026-04-15 11:57:53,no_answer,Ben Foster
SUMM-A000295,SUMM-L00125,call,2026-04-15 13:16:32,connected,Caleb Turner
SUMM-A000296,SUMM-L00074,email,2026-04-15 14:11:00,sent,Lucia Romero
SUMM-A000297,SUMM-L00127,email,2026-04-15 15:18:55,sent,Caleb Turner
SUMM-A000298,SUMM-L00126,call,2026-04-15 15:22:57,no_answer,Lucia Romero
SUMM-A000299,SUMM-L00124,email,2026-04-15 15:28:05,sent,Lucia Romero
SUMM-A000300,SUMM-L00106,meeting,2026-04-15 16:30:17,no_show,Summit Dispatch Queue
SUMM-A000301,SUMM-L00128,call,2026-04-15 16:56:13,no_answer,Caleb Turner
SUMM-A000302,SUMM-L00068,email,2026-04-15 17:30:55,sent,Maya Ortiz
SUMM-A000303,SUMM-L00067,email,2026-04-15 18:03:58,sent,Andre Coleman
SUMM-A000304,SUMM-L00030,EMAIL,2026-04-15 18:07:57,replied,Caleb Turner
SUMM-A000305,SUMM-L00014,call,2026-04-15 19:16:06,connected,Andre Coleman
SUMM-A000306,SUMM-L00106,call,2026-04-15 20:07:04,no_answer,Summit Dispatch Queue
SUMM-A000307,SUMM-L00079,email,2026-04-15 21:00:29,sent,Caleb Turner
SUMM-A000308,SUMM-L00055,call,2026-04-15 22:07:14,connected,Hannah Price
SUMM-A000309,SUMM-L00063,call,2026-04-15 22:59:26,no_answer,Caleb Turner
SUMM-A000310,SUMM-L00105,call,2026-04-15 23:11:28,connected,Andre Coleman
SUMM-A000311,SUMM-L00112,email,2026-04-15 23:17:01,sent,Caleb Turner
SUMM-A000312,SUMM-L00129,call,2026-04-16 00:18:02,voicemail,Caleb Turner
SUMM-A000313,SUMM-L00079,Email,2026-04-16 01:04:09,sent,Caleb Turner
SUMM-A000314,SUMM-L00130,email,2026-04-16 02:40:40,sent,Ben Foster
SUMM-A000315,SUMM-L00131,call,2026-04-16 12:29:47,connected,Caleb Turner
SUMM-A000316,SUMM-L00132,call,2026-04-16 13:35:11,no_answer,Maya Ortiz
SUMM-A000317,SUMM-L00088,email,2026-04-16 15:00:14,sent,Maya Ortiz
SUMM-A000318,SUMM-L00068,email,2026-04-16 15:05:43,sent,Maya Ortiz
SUMM-A000319,SUMM-L00133,email,2026-04-16 16:31:35,sent,Andre Coleman
SUMM-A000320,SUMM-L00128,email,2026-04-16 19:19:46,replied,Caleb Turner
SUMM-A000321,SUMM-L00135,call,2026-04-16 20:48:22,voicemail,Caleb Turner
SUMM-A000322,SUMM-L00122,Call,2026-04-16 22:15:59,no_answer,Hannah Price
SUMM-A000323,SUMM-L00134,email,2026-04-16 23:46:14,bounced,Hannah Price
SUMM-A000324,SUMM-L00089,EMAIL,2026-04-16 23:59:41,sent,Lucia Romero
SUMM-A000325,SUMM-L00136,call,2026-04-17 00:10:43,no_answer,Hannah Price
SUMM-A000326,SUMM-L00052,EMAIL,2026-04-17 01:00:31,sent,Caleb Turner
SUMM-A000327,SUMM-L00137,email,2026-04-17 01:21:12,sent,Andre Coleman
SUMM-A000328,SUMM-L00067,MEETING,2026-04-17 01:33:13,held,Andre Coleman
SUMM-A000329,SUMM-L00130,call,2026-04-17 02:33:26,connected,Ben Foster
SUMM-A000330,SUMM-L00115,email,2026-04-17 03:24:36,sent,Andre Coleman
SUMM-A000331,SUMM-L00112,call,2026-04-17 13:24:49,no_answer,Caleb Turner
SUMM-A000332,SUMM-L00139,email,2026-04-17 13:24:51,sent,Ben Foster
SUMM-A000333,SUMM-L00128,call,2026-04-17 14:25:10,no_answer,Caleb Turner
SUMM-A000334,SUMM-L00097,call,2026-04-17 14:33:04,voicemail,Caleb Turner
SUMM-A000335,SUMM-L00061,meeting,2026-04-17 17:32:18,rescheduled,Caleb Turner
SUMM-A000336,SUMM-L00128,call,2026-04-17 19:02:12,voicemail,Caleb Turner
SUMM-A000337,SUMM-L00137,email,2026-04-17 19:43:55,replied,Andre Coleman
SUMM-A000338,SUMM-L00066,email,2026-04-17 19:51:26,sent,Lucia Romero
SUMM-A000339,SUMM-L00131,CALL,2026-04-17 19:56:58,voicemail,Caleb Turner
SUMM-A000340,SUMM-L00105,email,2026-04-18 00:04:40,sent,Andre Coleman
SUMM-A000341,SUMM-L00068,call,2026-04-18 03:07:14,no_answer,Maya Ortiz
SUMM-A000342,SUMM-L00140,call,2026-04-18 05:14:25,voicemail,Maya Ortiz
SUMM-A000343,SUMM-L00008,email,2026-04-18 08:10:47,sent,Caleb Turner
SUMM-A000344,SUMM-L00105,call,2026-04-18 08:24:53,voicemail,Andre Coleman
SUMM-A000345,SUMM-L00131,meeting,2026-04-18 09:06:43,rescheduled,Caleb Turner
SUMM-A000346,SUMM-L00008,email,2026-04-18 10:29:16,replied,Caleb Turner
SUMM-A000347,SUMM-L00016,email,2026-04-18 12:39:36,sent,Andre Coleman
SUMM-A000348,SUMM-L00138,call,2026-04-18 13:03:56,voicemail,Maya Ortiz
SUMM-A000349,SUMM-L00088,email,2026-04-18 14:43:26,sent,Maya Ortiz
SUMM-A000350,SUMM-L00138,CALL,2026-04-18 16:59:19,no_answer,Maya Ortiz
SUMM-A000351,SUMM-L00102,email,2026-04-18 18:23:47,sent,Ben Foster
SUMM-A000352,SUMM-L00143,call,2026-04-18 19:26:14,no_answer,Ben Foster
SUMM-A000353,SUMM-L00142,call,2026-04-18 19:37:40,voicemail,Caleb Turner
SUMM-A000354,SUMM-L00141,call,2026-04-18 20:28:23,connected,Maya Ortiz
SUMM-A000355,SUMM-L00145,call,2026-04-18 22:59:41,no_answer,Maya Ortiz
SUMM-A000356,SUMM-L00064,meeting,2026-04-18 23:08:20,held,Caleb Turner
SUMM-A000357,SUMM-L00146,call,2026-04-19 01:12:04,voicemail,Lucia Romero
SUMM-A000358,SUMM-L00093,call,2026-04-19 01:18:09,connected,Maya Ortiz
SUMM-A000359,SUMM-L00146,email,2026-04-19 01:22:15,sent,Lucia Romero
SUMM-A000360,SUMM-L00121,EMAIL,2026-04-19 02:02:56,sent,Caleb Turner
SUMM-A000361,SUMM-L00099,call,2026-04-19 02:19:45,no_answer,Caleb Turner
SUMM-A000362,SUMM-L00133,email,2026-04-19 02:23:10,replied,Andre Coleman
SUMM-A000363,SUMM-L00145,call,2026-04-19 05:19:27,no_answer,Maya Ortiz
SUMM-A000364,SUMM-L00145,email,2026-04-19 06:08:02,sent,Maya Ortiz
SUMM-A000365,SUMM-L00150,EMAIL,2026-04-19 06:22:26,sent,Ben Foster
SUMM-A000366,SUMM-L00043,email,2026-04-19 06:27:52,sent,Caleb Turner
SUMM-A000367,SUMM-L00147,call,2026-04-19 06:42:08,no_answer,Ben Foster
SUMM-A000368,SUMM-L00148,email,2026-04-19 09:08:16,sent,Hannah Price
SUMM-A000369,SUMM-L00144,call,2026-04-19 11:11:06,connected,Andre Coleman
SUMM-A000370,SUMM-L00011,email,2026-04-19 12:37:23,sent,Hannah Price
SUMM-A000371,SUMM-L00023,call,2026-04-19 13:49:53,voicemail,Ben Foster
SUMM-A000372,SUMM-L00128,CALL,2026-04-19 15:10:05,no_answer,Caleb Turner
SUMM-A000373,SUMM-L00145,meeting,2026-04-19 17:13:05,no_show,Maya Ortiz
SUMM-A000374,SUMM-L00149,email,2026-04-19 18:03:44,sent,Caleb Turner
SUMM-A000375,SUMM-L00139,email,2026-04-19 19:49:10,sent,Ben Foster
SUMM-A000376,SUMM-L00152,call,2026-04-19 20:35:19,voicemail,Ben Foster
SUMM-A000377,SUMM-L00138,call,2026-04-19 21:04:02,no_answer,Maya Ortiz
SUMM-A000378,SUMM-L00149,email,2026-04-19 21:33:14,sent,Caleb Turner
SUMM-A000379,SUMM-L00153,call,2026-04-19 22:38:52,connected,Caleb Turner
SUMM-A000380,SUMM-L00151,email,2026-04-20 02:03:11,replied,Maya Ortiz
SUMM-A000381,SUMM-L00153,email,2026-04-20 02:58:52,replied,Caleb Turner
SUMM-A000382,SUMM-L00149,email,2026-04-20 03:37:36,sent,Caleb Turner
SUMM-A000383,SUMM-L00146,email,2026-04-20 03:40:52,sent,Lucia Romero
SUMM-A000384,SUMM-L00138,call,2026-04-20 03:49:51,connected,Maya Ortiz
SUMM-A000385,SUMM-L00151,call,2026-04-20 04:43:07,connected,Maya Ortiz
SUMM-A000386,SUMM-L00154,call,2026-04-20 04:46:51,connected,Lucia Romero
SUMM-A000387,SUMM-L00151,EMAIL,2026-04-20 05:16:17,sent,Maya Ortiz
SUMM-A000388,SUMM-L00146,meeting,2026-04-20 06:43:50,held,Lucia Romero
SUMM-A000389,SUMM-L00141,EMAIL,2026-04-20 07:41:02,sent,Maya Ortiz
SUMM-A000390,SUMM-L00146,call,2026-04-20 09:01:11,connected,Lucia Romero
SUMM-A000391,SUMM-L00095,meeting,2026-04-20 09:40:53,held,Caleb Turner
SUMM-A000392,SUMM-L00095,call,2026-04-20 09:50:14,voicemail,Caleb Turner
SUMM-A000393,SUMM-L00064,call,2026-04-20 09:50:56,connected,Caleb Turner
SUMM-A000394,SUMM-L00149,email,2026-04-20 09:56:10,sent,Caleb Turner
SUMM-A000395,SUMM-L00050,meeting,2026-04-20 09:57:05,held,Ben Foster
SUMM-A000396,SUMM-L00004,call,2026-04-20 10:41:48,no_answer,Andre Coleman
SUMM-A000397,SUMM-L00014,call,2026-04-20 10:46:08,no_answer,Andre Coleman
SUMM-A000398,SUMM-L00155,Call,2026-04-20 12:13:18,connected,Hannah Price
SUMM-A000399,SUMM-L00156,call,2026-04-20 12:18:24,no_answer,Ben Foster
SUMM-A000400,SUMM-L00153,call,2026-04-20 12:47:17,voicemail,Caleb Turner
SUMM-A000401,SUMM-L00139,email,2026-04-20 13:13:44,bounced,Ben Foster
SUMM-A000402,SUMM-L00159,call,2026-04-20 13:51:34,no_answer,Maya Ortiz
SUMM-A000403,SUMM-L00157,email,2026-04-20 15:09:18,sent,Caleb Turner
SUMM-A000404,SUMM-L00156,email,2026-04-20 15:29:31,sent,Ben Foster
SUMM-A000405,SUMM-L00074,email,2026-04-20 15:35:15,sent,Lucia Romero
SUMM-A000406,SUMM-L00061,email,2026-04-20 16:05:33,sent,Caleb Turner
SUMM-A000407,SUMM-L00136,call,2026-04-20 16:11:28,voicemail,Hannah Price
SUMM-A000408,SUMM-L00153,email,2026-04-20 16:55:52,replied,Caleb Turner
SUMM-A000409,SUMM-L00149,email,2026-04-20 17:28:38,sent,Caleb Turner
SUMM-A000410,SUMM-L00130,email,2026-04-20 18:27:37,replied,Ben Foster
SUMM-A000411,SUMM-L00158,call,2026-04-20 19:07:47,voicemail,Ben Foster
SUMM-A000412,SUMM-L00156,email,2026-04-20 19:32:50,sent,Ben Foster
SUMM-A000413,SUMM-L00017,Call,2026-04-20 19:43:06,no_answer,Caleb Turner
SUMM-A000414,SUMM-L00014,call,2026-04-20 20:00:32,connected,Andre Coleman
SUMM-A000415,SUMM-L00164,EMAIL,2026-04-20 20:34:39,sent,Hannah Price
SUMM-A000416,SUMM-L00163,call,2026-04-20 22:47:11,voicemail,Hannah Price
SUMM-A000417,SUMM-L00156,meeting,2026-04-20 23:18:15,no_show,Ben Foster
SUMM-A000418,SUMM-L00066,call,2026-04-20 23:43:42,connected,Lucia Romero
SUMM-A000419,SUMM-L00153,email,2026-04-21 00:31:34,sent,Caleb Turner
SUMM-A000420,SUMM-L00164,email,2026-04-21 01:35:07,sent,Hannah Price
SUMM-A000421,SUMM-L00115,email,2026-04-21 02:28:45,replied,Andre Coleman
SUMM-A000422,SUMM-L00153,email,2026-04-21 02:41:21,sent,Caleb Turner
SUMM-A000423,SUMM-L00161,email,2026-04-21 02:46:24,sent,Caleb Turner
SUMM-A000424,SUMM-L00165,EMAIL,2026-04-21 03:10:05,bounced,Caleb Turner
SUMM-A000425,SUMM-L00153,call,2026-04-21 03:37:16,no_answer,Caleb Turner
SUMM-A000426,SUMM-L00141,email,2026-04-21 05:42:49,sent,Maya Ortiz
SUMM-A000427,SUMM-L00127,call,2026-04-21 06:57:01,connected,Caleb Turner
SUMM-A000428,SUMM-L00166,email,2026-04-21 06:59:47,sent,Andre Coleman
SUMM-A000429,SUMM-L00162,email,2026-04-21 07:04:18,sent,Caleb Turner
SUMM-A000430,SUMM-L00131,Email,2026-04-21 07:23:26,sent,Caleb Turner
SUMM-A000431,SUMM-L00153,Call,2026-04-21 07:23:48,voicemail,Caleb Turner
SUMM-A000432,SUMM-L00164,Email,2026-04-21 07:37:07,bounced,Hannah Price
SUMM-A000433,SUMM-L00156,email,2026-04-21 07:41:56,replied,Ben Foster
SUMM-A000434,SUMM-L00160,call,2026-04-21 09:23:46,no_answer,Maya Ortiz
SUMM-A000435,SUMM-L00067,call,2026-04-21 09:57:20,no_answer,Andre Coleman
SUMM-A000436,SUMM-L00151,call,2026-04-21 10:01:52,voicemail,Maya Ortiz
SUMM-A000437,SUMM-L00162,call,2026-04-21 10:52:02,no_answer,Caleb Turner
SUMM-A000438,SUMM-L00081,email,2026-04-21 12:01:57,sent,Lucia Romero
SUMM-A000439,SUMM-L00151,CALL,2026-04-21 12:04:21,no_answer,Maya Ortiz
SUMM-A000440,SUMM-L00088,email,2026-04-21 12:41:20,sent,Maya Ortiz
SUMM-A000441,SUMM-L00139,email,2026-04-21 13:40:49,replied,Ben Foster
SUMM-A000442,SUMM-L00156,call,2026-04-21 14:26:18,voicemail,Ben Foster
SUMM-A000443,SUMM-L00141,call,2026-04-21 14:35:00,no_answer,Maya Ortiz
SUMM-A000444,SUMM-L00151,email,2026-04-21 14:45:26,sent,Maya Ortiz
SUMM-A000445,SUMM-L00168,call,2026-04-21 15:48:46,no_answer,Maya Ortiz
SUMM-A000446,SUMM-L00011,email,2026-04-21 16:19:44,sent,Hannah Price
SUMM-A000447,SUMM-L00167,call,2026-04-21 16:49:30,connected,Maya Ortiz
SUMM-A000448,SUMM-L00151,email,2026-04-21 17:05:44,sent,Maya Ortiz
SUMM-A000449,SUMM-L00003,call,2026-04-21 17:28:09,no_answer,Lucia Romero
SUMM-A000450,SUMM-L00153,meeting,2026-04-21 17:47:32,held,Caleb Turner
SUMM-A000451,SUMM-L00110,call,2026-04-21 18:10:40,voicemail,Ben Foster
SUMM-A000452,SUMM-L00149,call,2026-04-21 18:27:00,no_answer,Caleb Turner
SUMM-A000453,SUMM-L00151,email,2026-04-21 18:41:06,replied,Maya Ortiz
SUMM-A000454,SUMM-L00151,email,2026-04-21 18:43:20,sent,Maya Ortiz
SUMM-A000455,SUMM-L00152,Email,2026-04-21 19:53:35,replied,Ben Foster
SUMM-A000456,SUMM-L00169,call,2026-04-21 22:07:12,no_answer,Hannah Price
SUMM-A000457,SUMM-L00110,call,2026-04-21 22:07:34,connected,Ben Foster
SUMM-A000458,SUMM-L00170,Call,2026-04-21 22:29:34,connected,Maya Ortiz
SUMM-A000459,SUMM-L00161,call,2026-04-21 23:18:04,no_answer,Caleb Turner
SUMM-A000460,SUMM-L00172,call,2026-04-22 01:20:58,connected,Andre Coleman
SUMM-A000461,SUMM-L00089,call,2026-04-22 02:54:50,no_answer,Lucia Romero
SUMM-A000462,SUMM-L00112,email,2026-04-22 02:58:18,sent,Caleb Turner
SUMM-A000463,SUMM-L00138,call,2026-04-22 03:03:22,voicemail,Maya Ortiz
SUMM-A000464,SUMM-L00171,email,2026-04-22 03:42:07,sent,Caleb Turner
SUMM-A000465,SUMM-L00174,Call,2026-04-22 05:19:33,connected,Hannah Price
SUMM-A000466,SUMM-L00092,call,2026-04-22 05:19:53,no_answer,Lucia Romero
SUMM-A000467,SUMM-L00106,email,2026-04-22 05:39:03,replied,Summit Dispatch Queue
SUMM-A000468,SUMM-L00067,meeting,2026-04-22 07:12:04,held,Andre Coleman
SUMM-A000469,SUMM-L00173,call,2026-04-22 07:58:28,connected,Andre Coleman
SUMM-A000470,SUMM-L00059,call,2026-04-22 09:22:37,no_answer,Caleb Turner
SUMM-A000471,SUMM-L00164,email,2026-04-22 09:55:00,sent,Hannah Price
SUMM-A000472,SUMM-L00164,Call,2026-04-22 09:57:39,connected,Hannah Price
SUMM-A000473,SUMM-L00151,email,2026-04-22 12:06:38,sent,Maya Ortiz
SUMM-A000474,SUMM-L00175,call,2026-04-22 16:08:17,connected,Caleb Turner
SUMM-A000475,SUMM-L00138,email,2026-04-22 17:20:57,sent,Maya Ortiz
SUMM-A000476,SUMM-L00147,meeting,2026-04-22 18:31:53,no_show,Ben Foster
SUMM-A000477,SUMM-L00151,meeting,2026-04-22 18:54:35,held,Maya Ortiz
SUMM-A000478,SUMM-L00127,CALL,2026-04-22 19:31:02,no_answer,Caleb Turner
SUMM-A000479,SUMM-L00175,Call,2026-04-22 20:44:46,connected,Caleb Turner
SUMM-A000480,SUMM-L00172,email,2026-04-22 21:17:39,sent,Andre Coleman
SUMM-A000481,SUMM-L00164,email,2026-04-22 21:22:00,replied,Hannah Price
SUMM-A000482,SUMM-L00176,call,2026-04-22 21:57:40,no_answer,Ben Foster
SUMM-A000483,SUMM-L00062,email,2026-04-22 22:27:35,replied,Caleb Turner
SUMM-A000484,SUMM-L00177,call,2026-04-23 00:13:55,no_answer,Caleb Turner
SUMM-A000485,SUMM-L00179,email,2026-04-23 04:22:03,sent,Ben Foster
SUMM-A000486,SUMM-L00124,email,2026-04-23 05:49:08,sent,Lucia Romero
SUMM-A000487,SUMM-L00168,meeting,2026-04-23 07:02:03,held,Maya Ortiz
SUMM-A000488,SUMM-L00152,EMAIL,2026-04-23 08:30:17,replied,Ben Foster
SUMM-A000489,SUMM-L00049,email,2026-04-23 10:35:01,replied,Hannah Price
SUMM-A000490,SUMM-L00142,Email,2026-04-23 10:44:45,sent,Caleb Turner
SUMM-A000491,SUMM-L00052,call,2026-04-23 11:24:26,no_answer,Caleb Turner
SUMM-A000492,SUMM-L00092,call,2026-04-23 11:35:15,voicemail,Lucia Romero
SUMM-A000493,SUMM-L00180,email,2026-04-23 13:56:29,sent,Andre Coleman
SUMM-A000494,SUMM-L00182,call,2026-04-23 15:36:15,no_answer,Caleb Turner
SUMM-A000495,SUMM-L00168,CALL,2026-04-23 16:05:52,connected,Maya Ortiz
SUMM-A000496,SUMM-L00160,call,2026-04-23 18:42:27,no_answer,Maya Ortiz
SUMM-A000497,SUMM-L00137,CALL,2026-04-23 18:45:16,connected,Andre Coleman
SUMM-A000498,SUMM-L00185,CALL,2026-04-23 19:24:10,connected,Maya Ortiz
SUMM-A000499,SUMM-L00183,call,2026-04-23 19:27:48,no_answer,Hannah Price
SUMM-A000500,SUMM-L00159,call,2026-04-23 22:10:58,voicemail,Maya Ortiz
SUMM-A000501,SUMM-L00181,call,2026-04-24 01:16:46,no_answer,Andre Coleman
SUMM-A000502,SUMM-L00098,call,2026-04-24 03:31:34,connected,Maya Ortiz
SUMM-A000503,SUMM-L00188,call,2026-04-24 05:08:32,no_answer,Hannah Price
SUMM-A000504,SUMM-L00178,call,2026-04-24 05:10:48,voicemail,Hannah Price
SUMM-A000505,SUMM-L00189,CALL,2026-04-24 05:29:25,no_answer,Caleb Turner
SUMM-A000506,SUMM-L00171,call,2026-04-24 07:34:10,no_answer,Caleb Turner
SUMM-A000507,SUMM-L00190,call,2026-04-24 10:44:23,connected,Maya Ortiz
SUMM-A000508,SUMM-L00191,call,2026-04-24 11:00:16,connected,Caleb Turner
SUMM-A000509,SUMM-L00160,Email,2026-04-24 11:26:41,sent,Maya Ortiz
SUMM-A000510,SUMM-L00190,EMAIL,2026-04-24 13:02:40,replied,Maya Ortiz
SUMM-A000511,SUMM-L00192,EMAIL,2026-04-24 13:44:17,replied,Ben Foster
SUMM-A000512,SUMM-L00061,EMAIL,2026-04-24 14:47:44,sent,Caleb Turner
SUMM-A000513,SUMM-L00192,CALL,2026-04-24 16:24:10,voicemail,Ben Foster
SUMM-A000514,SUMM-L00192,Call,2026-04-24 18:47:13,connected,Ben Foster
SUMM-A000515,SUMM-L00194,Call,2026-04-24 19:46:20,no_answer,Hannah Price
SUMM-A000516,SUMM-L00152,call,2026-04-24 20:26:18,connected,Ben Foster
SUMM-A000517,SUMM-L00122,email,2026-04-24 20:31:52,sent,Hannah Price
SUMM-A000518,SUMM-L00193,CALL,2026-04-24 21:44:32,no_answer,Caleb Turner
SUMM-A000519,SUMM-L00187,Email,2026-04-24 23:00:14,sent,Andre Coleman
SUMM-A000520,SUMM-L00192,EMAIL,2026-04-25 00:33:02,sent,Ben Foster
SUMM-A000521,SUMM-L00196,call,2026-04-25 01:38:06,voicemail,Caleb Turner
SUMM-A000522,SUMM-L00192,MEETING,2026-04-25 01:48:07,held,Ben Foster
SUMM-A000523,SUMM-L00185,email,2026-04-25 01:59:00,sent,Maya Ortiz
SUMM-A000524,SUMM-L00192,call,2026-04-25 02:23:22,connected,Ben Foster
SUMM-A000525,SUMM-L00195,call,2026-04-25 02:43:52,voicemail,Maya Ortiz
SUMM-A000526,SUMM-L00196,call,2026-04-25 02:52:55,no_answer,Caleb Turner
SUMM-A000527,SUMM-L00176,call,2026-04-25 03:20:52,no_answer,Ben Foster
SUMM-A000528,SUMM-L00171,email,2026-04-25 03:46:35,sent,Caleb Turner
SUMM-A000529,SUMM-L00192,email,2026-04-25 03:59:47,replied,Ben Foster
SUMM-A000530,SUMM-L00186,email,2026-04-25 04:46:07,sent,Ben Foster
SUMM-A000531,SUMM-L00102,call,2026-04-25 05:22:55,connected,Ben Foster
SUMM-A000532,SUMM-L00138,call,2026-04-25 07:20:30,connected,Maya Ortiz
SUMM-A000533,SUMM-L00120,call,2026-04-25 10:45:03,no_answer,Hannah Price
SUMM-A000534,SUMM-L00162,call,2026-04-25 10:48:58,connected,Caleb Turner
SUMM-A000535,SUMM-L00200,call,2026-04-25 12:35:35,connected,Ben Foster
SUMM-A000536,SUMM-L00061,call,2026-04-25 17:14:56,voicemail,Caleb Turner
SUMM-A000537,SUMM-L00201,call,2026-04-25 17:34:36,no_answer,Hannah Price
SUMM-A000538,SUMM-L00147,call,2026-04-25 21:23:30,voicemail,Ben Foster
SUMM-A000539,SUMM-L00184,call,2026-04-25 23:41:10,connected,Ben Foster
SUMM-A000540,SUMM-L00203,email,2026-04-26 00:42:43,sent,Caleb Turner
SUMM-A000541,SUMM-L00116,call,2026-04-26 01:02:29,connected,Hannah Price
SUMM-A000542,SUMM-L00049,Call,2026-04-26 01:10:24,connected,Hannah Price
SUMM-A000543,SUMM-L00206,CALL,2026-04-26 01:30:45,connected,Hannah Price
SUMM-A000544,SUMM-L00169,call,2026-04-26 03:00:40,no_answer,Hannah Price
SUMM-A000545,SUMM-L00100,call,2026-04-26 03:02:08,connected,Hannah Price
SUMM-A000546,SUMM-L00199,EMAIL,2026-04-26 03:18:35,sent,Caleb Turner
SUMM-A000547,SUMM-L00202,call,2026-04-26 03:51:08,no_answer,Andre Coleman
SUMM-A000548,SUMM-L00196,email,2026-04-26 04:49:07,sent,Caleb Turner
SUMM-A000549,SUMM-L00205,call,2026-04-26 07:00:51,no_answer,Caleb Turner
SUMM-A000550,SUMM-L00122,Call,2026-04-26 07:12:50,connected,Hannah Price
SUMM-A000551,SUMM-L00163,email,2026-04-26 10:09:48,replied,Hannah Price
SUMM-A000552,SUMM-L00205,email,2026-04-26 11:20:56,sent,Caleb Turner
SUMM-A000553,SUMM-L00162,call,2026-04-26 11:22:27,voicemail,Caleb Turner
SUMM-A000554,SUMM-L00176,call,2026-04-26 13:27:08,connected,Ben Foster
SUMM-A000555,SUMM-L00205,email,2026-04-26 14:41:51,sent,Caleb Turner
SUMM-A000556,SUMM-L00118,email,2026-04-26 15:59:44,sent,Caleb Turner
SUMM-A000557,SUMM-L00196,call,2026-04-26 16:27:13,connected,Caleb Turner
SUMM-A000558,SUMM-L00205,email,2026-04-26 16:39:05,bounced,Caleb Turner
SUMM-A000559,SUMM-L00204,email,2026-04-26 17:08:27,sent,Ben Foster
SUMM-A000560,SUMM-L00170,Call,2026-04-26 17:11:18,connected,Maya Ortiz
SUMM-A000561,SUMM-L00192,email,2026-04-26 17:34:40,sent,Ben Foster
SUMM-A000562,SUMM-L00205,Call,2026-04-26 18:18:03,no_answer,Caleb Turner
SUMM-A000563,SUMM-L00196,email,2026-04-26 18:50:39,sent,Caleb Turner
SUMM-A000564,SUMM-L00138,email,2026-04-26 18:54:52,replied,Maya Ortiz
SUMM-A000565,SUMM-L00133,email,2026-04-26 19:09:39,sent,Andre Coleman
SUMM-A000566,SUMM-L00207,email,2026-04-26 19:49:46,sent,Ben Foster
SUMM-A000567,SUMM-L00198,call,2026-04-26 22:08:03,voicemail,Caleb Turner
SUMM-A000568,SUMM-L00066,email,2026-04-26 23:15:07,sent,Lucia Romero
SUMM-A000569,SUMM-L00134,call,2026-04-26 23:31:29,connected,Hannah Price
SUMM-A000570,SUMM-L00205,call,2026-04-26 23:54:58,connected,Caleb Turner
SUMM-A000571,SUMM-L00208,email,2026-04-27 05:12:15,sent,Hannah Price
SUMM-A000572,SUMM-L00162,EMAIL,2026-04-27 05:17:30,sent,Caleb Turner
SUMM-A000573,SUMM-L00199,email,2026-04-27 05:32:02,replied,Caleb Turner
SUMM-A000574,SUMM-L00210,email,2026-04-27 05:52:00,sent,Andre Coleman
SUMM-A000575,SUMM-L00211,email,2026-04-27 07:50:01,sent,Hannah Price
SUMM-A000576,SUMM-L00176,CALL,2026-04-27 08:04:16,no_answer,Ben Foster
SUMM-A000577,SUMM-L00184,call,2026-04-27 09:23:48,connected,Ben Foster
SUMM-A000578,SUMM-L00212,email,2026-04-27 09:44:21,sent,Maya Ortiz
SUMM-A000579,SUMM-L00209,call,2026-04-27 09:53:24,no_answer,Hannah Price
SUMM-A000580,SUMM-L00213,call,2026-04-27 11:08:41,no_answer,Lucia Romero
SUMM-A000581,SUMM-L00214,call,2026-04-27 12:16:41,no_answer,Ben Foster
SUMM-A000582,SUMM-L00098,meeting,2026-04-27 12:47:45,rescheduled,Maya Ortiz
SUMM-A000583,SUMM-L00074,call,2026-04-27 14:04:06,connected,Lucia Romero
SUMM-A000584,SUMM-L00216,email,2026-04-27 14:38:08,replied,Hannah Price
SUMM-A000585,SUMM-L00217,email,2026-04-27 15:42:04,replied,Andre Coleman
SUMM-A000586,SUMM-L00215,call,2026-04-27 16:27:03,no_answer,Andre Coleman
SUMM-A000587,SUMM-L00063,Call,2026-04-27 17:12:29,no_answer,Caleb Turner
SUMM-A000588,SUMM-L00218,call,2026-04-27 17:40:04,connected,Ben Foster
SUMM-A000589,SUMM-L00220,call,2026-04-27 19:10:40,no_answer,Andre Coleman
SUMM-A000590,SUMM-L00132,call,2026-04-27 20:39:26,no_answer,Maya Ortiz
SUMM-A000591,SUMM-L00069,call,2026-04-27 22:51:15,voicemail,Andre Coleman
SUMM-A000592,SUMM-L00219,email,2026-04-28 01:27:51,replied,Caleb Turner
SUMM-A000593,SUMM-L00222,email,2026-04-28 03:53:48,sent,Ben Foster
SUMM-A000594,SUMM-L00208,CALL,2026-04-28 04:03:10,voicemail,Hannah Price
SUMM-A000595,SUMM-L00221,call,2026-04-28 08:52:12,no_answer,Caleb Turner
SUMM-A000596,SUMM-L00215,email,2026-04-28 09:07:47,sent,Andre Coleman
SUMM-A000597,SUMM-L00224,call,2026-04-28 09:13:34,no_answer,Maya Ortiz
SUMM-A000598,SUMM-L00223,email,2026-04-28 10:06:29,sent,Ben Foster
SUMM-A000599,SUMM-L00087,EMAIL,2026-04-28 11:32:02,sent,Andre Coleman
SUMM-A000600,SUMM-L00118,CALL,2026-04-28 12:32:49,connected,Caleb Turner
SUMM-A000601,SUMM-L00123,email,2026-04-28 14:06:55,sent,Ben Foster
SUMM-A000602,SUMM-L00197,email,2026-04-28 14:18:56,sent,Maya Ortiz
SUMM-A000603,SUMM-L00225,Call,2026-04-28 15:14:57,connected,Maya Ortiz
SUMM-A000604,SUMM-L00061,call,2026-04-28 15:51:18,no_answer,Caleb Turner
SUMM-A000605,SUMM-L00227,email,2026-04-28 16:01:10,sent,Caleb Turner
SUMM-A000606,SUMM-L00203,email,2026-04-28 16:47:40,sent,Caleb Turner
SUMM-A000607,SUMM-L00228,call,2026-04-28 17:46:44,no_answer,Caleb Turner
SUMM-A000608,SUMM-L00197,email,2026-04-28 19:18:46,sent,Maya Ortiz
SUMM-A000609,SUMM-L00220,email,2026-04-28 19:31:42,sent,Andre Coleman
SUMM-A000610,SUMM-L00230,email,2026-04-28 20:45:58,sent,Andre Coleman
SUMM-A000611,SUMM-L00215,email,2026-04-28 21:09:25,sent,Andre Coleman
SUMM-A000612,SUMM-L00226,call,2026-04-28 21:31:41,no_answer,Andre Coleman
SUMM-A000613,SUMM-L00191,email,2026-04-28 23:47:09,replied,Caleb Turner
SUMM-A000614,SUMM-L00195,call,2026-04-29 00:30:33,no_answer,Maya Ortiz
SUMM-A000615,SUMM-L00159,EMAIL,2026-04-29 01:21:58,sent,Maya Ortiz
SUMM-A000616,SUMM-L00220,Email,2026-04-29 02:05:42,sent,Andre Coleman
SUMM-A000617,SUMM-L00231,call,2026-04-29 03:55:03,connected,Caleb Turner
SUMM-A000618,SUMM-L00217,email,2026-04-29 05:51:49,replied,Andre Coleman
SUMM-A000619,SUMM-L00220,email,2026-04-29 06:28:16,sent,Andre Coleman
SUMM-A000620,SUMM-L00067,email,2026-04-29 07:30:15,sent,Andre Coleman
SUMM-A000621,SUMM-L00232,call,2026-04-29 09:49:29,voicemail,Maya Ortiz
SUMM-A000622,SUMM-L00190,email,2026-04-29 10:22:29,replied,Maya Ortiz
SUMM-A000623,SUMM-L00148,call,2026-04-29 10:43:57,connected,Hannah Price
SUMM-A000624,SUMM-L00227,call,2026-04-29 10:45:11,connected,Caleb Turner
SUMM-A000625,SUMM-L00162,email,2026-04-29 10:46:01,sent,Caleb Turner
SUMM-A000626,SUMM-L00229,email,2026-04-29 11:22:27,sent,Maya Ortiz
SUMM-A000627,SUMM-L00109,email,2026-04-29 12:03:40,sent,Maya Ortiz
SUMM-A000628,SUMM-L00200,call,2026-04-29 13:59:17,no_answer,Ben Foster
SUMM-A000629,SUMM-L00163,email,2026-04-29 15:03:07,sent,Hannah Price
SUMM-A000630,SUMM-L00155,call,2026-04-29 17:17:08,connected,Hannah Price
SUMM-A000631,SUMM-L00140,email,2026-04-29 18:38:19,bounced,Maya Ortiz
SUMM-A000632,SUMM-L00162,email,2026-04-29 22:41:35,sent,Caleb Turner
SUMM-A000633,SUMM-L00234,email,2026-04-29 23:55:53,replied,Hannah Price
SUMM-A000634,SUMM-L00132,email,2026-04-30 00:49:24,sent,Maya Ortiz
SUMM-A000635,SUMM-L00215,email,2026-04-30 01:36:36,sent,Andre Coleman
SUMM-A000636,SUMM-L00190,meeting,2026-04-30 03:51:07,held,Maya Ortiz
SUMM-A000637,SUMM-L00214,call,2026-04-30 06:22:58,connected,Ben Foster
SUMM-A000638,SUMM-L00061,MEETING,2026-04-30 06:42:29,no_show,Caleb Turner
SUMM-A000639,SUMM-L00061,call,2026-04-30 06:47:48,no_answer,Caleb Turner
SUMM-A000640,SUMM-L00235,call,2026-04-30 08:10:41,no_answer,Ben Foster
SUMM-A000641,SUMM-L00220,CALL,2026-04-30 08:48:58,no_answer,Andre Coleman
SUMM-A000642,SUMM-L00236,Call,2026-04-30 11:07:14,no_answer,Hannah Price
SUMM-A000643,SUMM-L00234,call,2026-04-30 11:30:41,connected,Hannah Price
SUMM-A000644,SUMM-L00126,email,2026-04-30 13:40:22,sent,Lucia Romero
SUMM-A000645,SUMM-L00232,email,2026-04-30 14:31:30,sent,Maya Ortiz
SUMM-A000646,SUMM-L00182,email,2026-04-30 14:40:21,sent,Caleb Turner
SUMM-A000647,SUMM-L00233,email,2026-04-30 15:10:30,sent,Andre Coleman
SUMM-A000648,SUMM-L00203,call,2026-04-30 15:18:40,voicemail,Caleb Turner
SUMM-A000649,SUMM-L00208,call,2026-04-30 17:15:45,connected,Hannah Price
SUMM-A000650,SUMM-L00239,call,2026-04-30 17:37:59,no_answer,Caleb Turner
SUMM-A000651,SUMM-L00237,CALL,2026-04-30 17:55:26,no_answer,Ben Foster
SUMM-A000652,SUMM-L00235,call,2026-04-30 18:10:20,connected,Ben Foster
SUMM-A000653,SUMM-L00208,CALL,2026-04-30 18:36:29,no_answer,Hannah Price
SUMM-A000654,SUMM-L00243,Call,2026-04-30 18:49:57,connected,Andre Coleman
SUMM-A000655,SUMM-L00235,email,2026-04-30 19:23:27,replied,Ben Foster
SUMM-A000656,SUMM-L00244,email,2026-04-30 20:10:27,sent,Maya Ortiz
SUMM-A000657,SUMM-L00235,email,2026-04-30 20:49:09,sent,Ben Foster
SUMM-A000658,SUMM-L00242,CALL,2026-04-30 21:42:52,voicemail,Ben Foster
SUMM-A000659,SUMM-L00241,Call,2026-04-30 22:59:05,no_answer,Ben Foster
SUMM-A000660,SUMM-L00245,email,2026-04-30 23:34:14,replied,Hannah Price
SUMM-A000661,SUMM-L00229,email,2026-05-01 00:32:54,sent,Maya Ortiz
SUMM-A000662,SUMM-L00240,EMAIL,2026-05-01 00:32:56,replied,Caleb Turner
SUMM-A000663,SUMM-L00169,meeting,2026-05-01 00:49:39,no_show,Hannah Price
SUMM-A000664,SUMM-L00238,email,2026-05-01 02:32:34,sent,Maya Ortiz
SUMM-A000665,SUMM-L00067,call,2026-05-01 03:12:15,connected,Andre Coleman
SUMM-A000666,SUMM-L00236,call,2026-05-01 05:45:40,no_answer,Hannah Price
SUMM-A000667,SUMM-L00160,CALL,2026-05-01 06:06:30,connected,Maya Ortiz
SUMM-A000668,SUMM-L00143,email,2026-05-01 06:30:06,sent,Ben Foster
SUMM-A000669,SUMM-L00152,email,2026-05-01 06:35:18,sent,Ben Foster
SUMM-A000670,SUMM-L00246,call,2026-05-01 08:14:50,no_answer,Hannah Price
SUMM-A000671,SUMM-L00247,call,2026-05-01 08:50:34,connected,Caleb Turner
SUMM-A000672,SUMM-L00126,email,2026-05-01 08:58:12,sent,Lucia Romero
SUMM-A000673,SUMM-L00222,call,2026-05-01 10:05:29,connected,Ben Foster
SUMM-A000674,SUMM-L00129,call,2026-05-01 10:48:24,voicemail,Caleb Turner
SUMM-A000675,SUMM-L00144,email,2026-05-01 11:56:34,sent,Andre Coleman
SUMM-A000676,SUMM-L00233,email,2026-05-01 12:10:41,sent,Andre Coleman
SUMM-A000677,SUMM-L00248,call,2026-05-01 12:14:24,no_answer,Caleb Turner
SUMM-A000678,SUMM-L00220,email,2026-05-01 13:19:57,sent,Andre Coleman
SUMM-A000679,SUMM-L00093,email,2026-05-01 14:01:38,sent,Maya Ortiz
SUMM-A000680,SUMM-L00144,call,2026-05-01 17:10:05,no_answer,Andre Coleman
SUMM-A000681,SUMM-L00249,Call,2026-05-01 18:31:53,connected,Caleb Turner
SUMM-A000682,SUMM-L00237,CALL,2026-05-01 19:18:01,no_answer,Ben Foster
SUMM-A000683,SUMM-L00098,call,2026-05-01 20:09:27,connected,Maya Ortiz
SUMM-A000684,SUMM-L00216,Call,2026-05-01 21:18:09,no_answer,Hannah Price
SUMM-A000685,SUMM-L00206,call,2026-05-01 22:58:57,connected,Hannah Price
SUMM-A000686,SUMM-L00103,EMAIL,2026-05-01 23:26:14,bounced,Hannah Price
SUMM-A000687,SUMM-L00199,email,2026-05-01 23:27:35,replied,Caleb Turner
SUMM-A000688,SUMM-L00241,meeting,2026-05-02 00:03:19,held,Ben Foster
SUMM-A000689,SUMM-L00098,call,2026-05-02 01:27:26,connected,Maya Ortiz
SUMM-A000690,SUMM-L00198,Call,2026-05-02 02:56:19,connected,Caleb Turner
SUMM-A000691,SUMM-L00244,meeting,2026-05-02 03:21:11,held,Maya Ortiz
SUMM-A000692,SUMM-L00220,call,2026-05-02 04:10:22,no_answer,Andre Coleman
SUMM-A000693,SUMM-L00251,email,2026-05-02 05:33:17,sent,Caleb Turner
SUMM-A000694,SUMM-L00250,email,2026-05-02 06:16:04,sent,Summit Dispatch Queue
SUMM-A000695,SUMM-L00224,email,2026-05-02 08:03:14,replied,Maya Ortiz
SUMM-A000696,SUMM-L00253,call,2026-05-02 08:11:41,connected,Caleb Turner
SUMM-A000697,SUMM-L00215,call,2026-05-02 10:14:34,connected,Andre Coleman
SUMM-A000698,SUMM-L00099,email,2026-05-02 13:04:21,sent,Caleb Turner
SUMM-A000699,SUMM-L00220,email,2026-05-02 13:56:52,bounced,Andre Coleman
SUMM-A000700,SUMM-L00254,call,2026-05-02 15:54:06,no_answer,Hannah Price
SUMM-A000701,SUMM-L00252,call,2026-05-02 19:22:36,voicemail,Andre Coleman
SUMM-A000702,SUMM-L00232,email,2026-05-02 20:33:45,sent,Maya Ortiz
SUMM-A000703,SUMM-L00255,email,2026-05-02 22:40:39,sent,Ben Foster
SUMM-A000704,SUMM-L00198,meeting,2026-05-02 23:04:07,held,Caleb Turner
SUMM-A000705,SUMM-L00250,call,2026-05-03 00:04:32,connected,Summit Dispatch Queue
SUMM-A000706,SUMM-L00257,email,2026-05-03 00:28:40,sent,Ben Foster
SUMM-A000707,SUMM-L00226,call,2026-05-03 01:07:14,connected,Andre Coleman
SUMM-A000708,SUMM-L00225,call,2026-05-03 02:50:08,no_answer,Maya Ortiz
SUMM-A000709,SUMM-L00014,meeting,2026-05-03 04:53:59,no_show,Andre Coleman
SUMM-A000710,SUMM-L00211,call,2026-05-03 04:58:43,connected,Hannah Price
SUMM-A000711,SUMM-L00258,CALL,2026-05-03 05:23:03,voicemail,Caleb Turner
SUMM-A000712,SUMM-L00195,email,2026-05-03 06:46:35,replied,Maya Ortiz
SUMM-A000713,SUMM-L00257,Call,2026-05-03 06:47:28,connected,Ben Foster
SUMM-A000714,SUMM-L00256,email,2026-05-03 07:25:28,bounced,Caleb Turner
SUMM-A000715,SUMM-L00199,meeting,2026-05-03 07:36:00,held,Caleb Turner
SUMM-A000716,SUMM-L00260,call,2026-05-03 08:08:32,no_answer,Summit Dispatch Queue
SUMM-A000717,SUMM-L00170,email,2026-05-03 08:11:10,replied,Maya Ortiz
SUMM-A000718,SUMM-L00121,call,2026-05-03 09:58:46,voicemail,Caleb Turner
SUMM-A000719,SUMM-L00212,call,2026-05-03 10:33:35,no_answer,Maya Ortiz
SUMM-A000720,SUMM-L00237,email,2026-05-03 10:39:10,sent,Ben Foster
SUMM-A000721,SUMM-L00259,email,2026-05-03 11:36:07,sent,Caleb Turner
SUMM-A000722,SUMM-L00244,email,2026-05-03 12:18:31,sent,Maya Ortiz
SUMM-A000723,SUMM-L00099,Email,2026-05-03 14:33:16,sent,Caleb Turner
SUMM-A000724,SUMM-L00257,email,2026-05-03 14:45:54,replied,Ben Foster
SUMM-A000725,SUMM-L00224,Call,2026-05-03 14:54:53,no_answer,Maya Ortiz
SUMM-A000726,SUMM-L00232,Email,2026-05-03 18:03:23,sent,Maya Ortiz
SUMM-A000727,SUMM-L00244,meeting,2026-05-03 18:57:11,held,Maya Ortiz
SUMM-A000728,SUMM-L00107,email,2026-05-03 22:44:05,sent,Andre Coleman
SUMM-A000729,SUMM-L00262,call,2026-05-03 22:46:29,no_answer,Andre Coleman
SUMM-A000730,SUMM-L00261,CALL,2026-05-03 23:47:44,connected,Maya Ortiz
SUMM-A000731,SUMM-L00261,email,2026-05-03 23:47:59,sent,Maya Ortiz
SUMM-A000732,SUMM-L00261,Email,2026-05-03 23:47:59,sent,Maya Ortiz
SUMM-A000733,SUMM-L00261,email,2026-05-03 23:51:18,sent,Maya Ortiz
SUMM-A000734,SUMM-L00263,call,2026-05-04 07:38:32,no_answer,Ben Foster
SUMM-A000735,SUMM-L00259,email,2026-05-04 07:53:38,sent,Caleb Turner
SUMM-A000736,SUMM-L00066,call,2026-05-04 11:00:51,connected,Lucia Romero
SUMM-A000737,SUMM-L00144,email,2026-05-04 11:53:37,sent,Andre Coleman
SUMM-A000738,SUMM-L00259,call,2026-05-04 17:17:06,voicemail,Caleb Turner
SUMM-A000739,SUMM-L00264,call,2026-05-04 18:11:09,no_answer,Hannah Price
SUMM-A000740,SUMM-L00267,call,2026-05-04 19:54:34,no_answer,Andre Coleman
SUMM-A000741,SUMM-L00257,email,2026-05-04 20:28:25,sent,Ben Foster
SUMM-A000742,SUMM-L00237,call,2026-05-04 20:56:15,no_answer,Ben Foster
SUMM-A000743,SUMM-L00066,meeting,2026-05-04 22:06:53,held,Lucia Romero
SUMM-A000744,SUMM-L00222,meeting,2026-05-04 22:07:43,held,Ben Foster
SUMM-A000745,SUMM-L00266,email,2026-05-04 22:29:52,sent,Ben Foster
SUMM-A000746,SUMM-L00265,call,2026-05-05 00:23:23,voicemail,Ben Foster
SUMM-A000747,SUMM-L00216,call,2026-05-05 03:59:02,no_answer,Hannah Price
SUMM-A000748,SUMM-L00269,Call,2026-05-05 04:27:07,voicemail,Hannah Price
SUMM-A000749,SUMM-L00209,email,2026-05-05 04:30:57,sent,Hannah Price
SUMM-A000750,SUMM-L00268,call,2026-05-05 04:51:47,voicemail,Andre Coleman
SUMM-A000751,SUMM-L00266,email,2026-05-05 05:01:14,sent,Ben Foster
SUMM-A000752,SUMM-L00132,email,2026-05-05 06:29:56,sent,Maya Ortiz
SUMM-A000753,SUMM-L00244,call,2026-05-05 06:38:05,no_answer,Maya Ortiz
SUMM-A000754,SUMM-L00250,email,2026-05-05 10:07:09,sent,Summit Dispatch Queue
SUMM-A000755,SUMM-L00202,call,2026-05-05 10:17:00,voicemail,Andre Coleman
SUMM-A000756,SUMM-L00266,email,2026-05-05 12:01:37,sent,Ben Foster
SUMM-A000757,SUMM-L00274,email,2026-05-05 12:04:06,replied,Caleb Turner
SUMM-A000758,SUMM-L00270,CALL,2026-05-05 12:44:47,no_answer,Maya Ortiz
SUMM-A000759,SUMM-L00160,CALL,2026-05-05 13:49:45,voicemail,Maya Ortiz
SUMM-A000760,SUMM-L00238,email,2026-05-05 14:16:53,sent,Maya Ortiz
SUMM-A000761,SUMM-L00277,EMAIL,2026-05-05 15:53:46,sent,Caleb Turner
SUMM-A000762,SUMM-L00272,call,2026-05-05 16:22:46,voicemail,Ben Foster
SUMM-A000763,SUMM-L00271,call,2026-05-05 16:40:24,connected,Andre Coleman
SUMM-A000764,SUMM-L00178,Email,2026-05-05 18:57:27,sent,Hannah Price
SUMM-A000765,SUMM-L00273,call,2026-05-05 19:50:25,voicemail,Andre Coleman
SUMM-A000766,SUMM-L00200,meeting,2026-05-05 19:50:55,held,Ben Foster
SUMM-A000767,SUMM-L00275,email,2026-05-05 21:04:42,sent,Andre Coleman
SUMM-A000768,SUMM-L00279,email,2026-05-05 21:39:48,sent,Hannah Price
SUMM-A000769,SUMM-L00266,email,2026-05-05 21:56:47,sent,Ben Foster
SUMM-A000770,SUMM-L00266,call,2026-05-05 22:04:49,no_answer,Ben Foster
SUMM-A000771,SUMM-L00278,call,2026-05-05 23:21:10,connected,Andre Coleman
SUMM-A000772,SUMM-L00251,call,2026-05-05 23:56:47,voicemail,Caleb Turner
SUMM-A000773,SUMM-L00266,email,2026-05-06 00:47:15,replied,Ben Foster
SUMM-A000774,SUMM-L00144,email,2026-05-06 01:37:38,sent,Andre Coleman
SUMM-A000775,SUMM-L00281,Email,2026-05-06 03:47:05,sent,Andre Coleman
SUMM-A000776,SUMM-L00221,Email,2026-05-06 04:45:48,replied,Caleb Turner
SUMM-A000777,SUMM-L00266,meeting,2026-05-06 06:19:26,held,Ben Foster
SUMM-A000778,SUMM-L00180,call,2026-05-06 08:58:16,voicemail,Andre Coleman
SUMM-A000779,SUMM-L00158,call,2026-05-06 09:21:56,voicemail,Ben Foster
SUMM-A000780,SUMM-L00266,meeting,2026-05-06 10:35:43,held,Ben Foster
SUMM-A000781,SUMM-L00222,email,2026-05-06 12:01:32,sent,Ben Foster
SUMM-A000782,SUMM-L00282,call,2026-05-06 12:48:13,connected,Maya Ortiz
SUMM-A000783,SUMM-L00284,call,2026-05-06 13:24:20,connected,Maya Ortiz
SUMM-A000784,SUMM-L00273,Email,2026-05-06 14:23:56,sent,Andre Coleman
SUMM-A000785,SUMM-L00285,email,2026-05-06 14:36:31,sent,Caleb Turner
SUMM-A000786,SUMM-L00287,call,2026-05-06 17:12:43,no_answer,Hannah Price
SUMM-A000787,SUMM-L00280,call,2026-05-06 17:54:34,voicemail,Caleb Turner
SUMM-A000788,SUMM-L00266,call,2026-05-06 18:03:40,no_answer,Ben Foster
SUMM-A000789,SUMM-L00287,call,2026-05-06 19:05:04,no_answer,Hannah Price
SUMM-A000790,SUMM-L00198,meeting,2026-05-06 20:17:13,no_show,Caleb Turner
SUMM-A000791,SUMM-L00239,email,2026-05-06 22:00:15,sent,Caleb Turner
SUMM-A000792,SUMM-L00185,call,2026-05-06 22:33:56,no_answer,Maya Ortiz
SUMM-A000793,SUMM-L00190,email,2026-05-07 00:06:54,sent,Maya Ortiz
SUMM-A000794,SUMM-L00283,email,2026-05-07 01:04:06,replied,Summit Dispatch Queue
SUMM-A000795,SUMM-L00276,email,2026-05-07 01:56:16,replied,Maya Ortiz
SUMM-A000796,SUMM-L00273,call,2026-05-07 02:38:40,connected,Andre Coleman
SUMM-A000797,SUMM-L00244,email,2026-05-07 03:29:25,sent,Maya Ortiz
SUMM-A000798,SUMM-L00140,call,2026-05-07 03:29:47,no_answer,Maya Ortiz
SUMM-A000799,SUMM-L00273,call,2026-05-07 04:17:29,no_answer,Andre Coleman
SUMM-A000800,SUMM-L00289,CALL,2026-05-07 04:53:03,connected,Lucia Romero
SUMM-A000801,SUMM-L00273,Call,2026-05-07 05:05:32,connected,Andre Coleman
SUMM-A000802,SUMM-L00287,email,2026-05-07 05:11:49,sent,Hannah Price
SUMM-A000803,SUMM-L00288,call,2026-05-07 06:11:48,no_answer,Hannah Price
SUMM-A000804,SUMM-L00195,CALL,2026-05-07 08:15:18,connected,Maya Ortiz
SUMM-A000805,SUMM-L00154,call,2026-05-07 08:54:29,voicemail,Lucia Romero
SUMM-A000806,SUMM-L00286,email,2026-05-07 09:41:48,sent,Andre Coleman
SUMM-A000807,SUMM-L00292,call,2026-05-07 10:31:06,connected,Caleb Turner
SUMM-A000808,SUMM-L00291,email,2026-05-07 10:34:54,sent,Caleb Turner
SUMM-A000809,SUMM-L00272,call,2026-05-07 11:54:27,no_answer,Ben Foster
SUMM-A000810,SUMM-L00267,email,2026-05-07 13:12:45,sent,Andre Coleman
SUMM-A000811,SUMM-L00293,Call,2026-05-07 13:58:09,voicemail,Caleb Turner
SUMM-A000812,SUMM-L00190,email,2026-05-07 14:47:17,sent,Maya Ortiz
SUMM-A000813,SUMM-L00118,call,2026-05-07 15:13:48,connected,Caleb Turner
SUMM-A000814,SUMM-L00268,email,2026-05-07 15:25:23,bounced,Andre Coleman
SUMM-A000815,SUMM-L00252,EMAIL,2026-05-07 15:41:15,sent,Andre Coleman
SUMM-A000816,SUMM-L00297,email,2026-05-07 15:50:36,replied,Ben Foster
SUMM-A000817,SUMM-L00232,call,2026-05-07 16:31:31,connected,Maya Ortiz
SUMM-A000818,SUMM-L00290,email,2026-05-07 16:54:54,sent,Hannah Price
SUMM-A000819,SUMM-L00277,email,2026-05-07 18:21:26,sent,Caleb Turner
SUMM-A000820,SUMM-L00207,call,2026-05-07 18:24:05,no_answer,Ben Foster
SUMM-A000821,SUMM-L00295,email,2026-05-07 19:01:48,sent,Caleb Turner
SUMM-A000822,SUMM-L00298,call,2026-05-07 19:24:15,voicemail,Caleb Turner
SUMM-A000823,SUMM-L00264,CALL,2026-05-07 19:58:05,connected,Hannah Price
SUMM-A000824,SUMM-L00294,email,2026-05-07 20:00:15,sent,Hannah Price
SUMM-A000825,SUMM-L00158,call,2026-05-07 21:50:52,voicemail,Ben Foster
SUMM-A000826,SUMM-L00291,call,2026-05-07 22:17:28,voicemail,Caleb Turner
SUMM-A000827,SUMM-L00276,Meeting,2026-05-08 01:54:59,rescheduled,Maya Ortiz
SUMM-A000828,SUMM-L00291,call,2026-05-08 03:02:19,connected,Caleb Turner
SUMM-A000829,SUMM-L00287,call,2026-05-08 03:09:02,connected,Hannah Price
SUMM-A000830,SUMM-L00290,email,2026-05-08 03:15:47,replied,Hannah Price
SUMM-A000831,SUMM-L00216,call,2026-05-08 04:17:40,connected,Hannah Price
SUMM-A000832,SUMM-L00301,email,2026-05-08 05:16:09,sent,Maya Ortiz
SUMM-A000833,SUMM-L00291,email,2026-05-08 05:23:23,sent,Caleb Turner
SUMM-A000834,SUMM-L00276,call,2026-05-08 05:38:13,connected,Maya Ortiz
SUMM-A000835,SUMM-L00300,call,2026-05-08 05:43:08,connected,Andre Coleman
SUMM-A000836,SUMM-L00230,email,2026-05-08 05:47:57,replied,Andre Coleman
SUMM-A000837,SUMM-L00290,Call,2026-05-08 06:20:01,connected,Hannah Price
SUMM-A000838,SUMM-L00185,call,2026-05-08 11:07:59,no_answer,Maya Ortiz
SUMM-A000839,SUMM-L00014,email,2026-05-08 11:13:17,sent,Andre Coleman
SUMM-A000840,SUMM-L00236,email,2026-05-08 12:58:29,sent,Hannah Price
SUMM-A000841,SUMM-L00304,call,2026-05-08 13:15:44,no_answer,Lucia Romero
SUMM-A000842,SUMM-L00305,email,2026-05-08 13:18:12,sent,Caleb Turner
SUMM-A000843,SUMM-L00259,meeting,2026-05-08 15:04:59,held,Caleb Turner
SUMM-A000844,SUMM-L00302,email,2026-05-08 15:50:47,replied,Caleb Turner
SUMM-A000845,SUMM-L00291,CALL,2026-05-08 15:58:23,connected,Caleb Turner
SUMM-A000846,SUMM-L00303,call,2026-05-08 16:02:02,connected,Lucia Romero
SUMM-A000847,SUMM-L00287,email,2026-05-08 16:10:20,replied,Hannah Price
SUMM-A000848,SUMM-L00265,call,2026-05-08 17:04:10,voicemail,Ben Foster
SUMM-A000849,SUMM-L00209,Meeting,2026-05-08 18:30:28,no_show,Hannah Price
SUMM-A000850,SUMM-L00265,email,2026-05-08 19:18:33,sent,Ben Foster
SUMM-A000851,SUMM-L00277,CALL,2026-05-08 19:50:43,voicemail,Caleb Turner
SUMM-A000852,SUMM-L00291,CALL,2026-05-08 20:22:08,no_answer,Caleb Turner
SUMM-A000853,SUMM-L00264,Email,2026-05-08 20:42:32,replied,Hannah Price
SUMM-A000854,SUMM-L00195,email,2026-05-08 22:31:10,sent,Maya Ortiz
SUMM-A000855,SUMM-L00306,call,2026-05-09 00:45:35,no_answer,Maya Ortiz
SUMM-A000856,SUMM-L00296,Call,2026-05-09 02:57:48,connected,Caleb Turner
SUMM-A000857,SUMM-L00264,call,2026-05-09 03:24:18,connected,Hannah Price
SUMM-A000858,SUMM-L00238,call,2026-05-09 04:01:21,no_answer,Maya Ortiz
SUMM-A000859,SUMM-L00277,email,2026-05-09 04:22:47,replied,Caleb Turner
SUMM-A000860,SUMM-L00249,EMAIL,2026-05-09 04:22:49,sent,Caleb Turner
SUMM-A000861,SUMM-L00299,Call,2026-05-09 05:33:29,no_answer,Lucia Romero
SUMM-A000862,SUMM-L00308,call,2026-05-09 06:17:31,connected,Caleb Turner
SUMM-A000863,SUMM-L00304,email,2026-05-09 06:17:47,replied,Lucia Romero
SUMM-A000864,SUMM-L00241,email,2026-05-09 11:14:30,sent,Ben Foster
SUMM-A000865,SUMM-L00252,meeting,2026-05-09 11:16:53,held,Andre Coleman
SUMM-A000866,SUMM-L00311,call,2026-05-09 12:32:32,no_answer,Andre Coleman
SUMM-A000867,SUMM-L00203,email,2026-05-09 13:06:49,sent,Caleb Turner
SUMM-A000868,SUMM-L00309,call,2026-05-09 14:02:52,no_answer,Maya Ortiz
SUMM-A000869,SUMM-L00310,email,2026-05-09 16:42:55,sent,Hannah Price
SUMM-A000870,SUMM-L00315,email,2026-05-09 17:09:22,bounced,Hannah Price
SUMM-A000871,SUMM-L00312,call,2026-05-09 20:07:05,voicemail,Maya Ortiz
SUMM-A000872,SUMM-L00316,Email,2026-05-09 20:34:03,sent,Caleb Turner
SUMM-A000873,SUMM-L00225,email,2026-05-10 00:02:43,sent,Maya Ortiz
SUMM-A000874,SUMM-L00301,call,2026-05-10 00:30:14,connected,Maya Ortiz
SUMM-A000875,SUMM-L00317,EMAIL,2026-05-10 00:30:20,sent,Andre Coleman
SUMM-A000876,SUMM-L00310,call,2026-05-10 01:08:53,no_answer,Hannah Price
SUMM-A000877,SUMM-L00314,call,2026-05-10 03:17:09,no_answer,Andre Coleman
SUMM-A000878,SUMM-L00311,email,2026-05-10 06:32:29,replied,Andre Coleman
SUMM-A000879,SUMM-L00316,Call,2026-05-10 10:21:36,connected,Caleb Turner
SUMM-A000880,SUMM-L00316,CALL,2026-05-10 10:24:31,connected,Caleb Turner
SUMM-A000881,SUMM-L00316,call,2026-05-10 10:24:53,no_answer,Caleb Turner
SUMM-A000882,SUMM-L00204,call,2026-05-10 11:03:10,no_answer,Ben Foster
SUMM-A000883,SUMM-L00311,meeting,2026-05-10 11:14:50,no_show,Andre Coleman
SUMM-A000884,SUMM-L00258,call,2026-05-10 11:36:30,connected,Caleb Turner
SUMM-A000885,SUMM-L00310,Email,2026-05-10 11:36:45,sent,Hannah Price
SUMM-A000886,SUMM-L00148,call,2026-05-10 12:43:38,connected,Hannah Price
SUMM-A000887,SUMM-L00316,email,2026-05-10 12:54:46,sent,Caleb Turner
SUMM-A000888,SUMM-L00316,meeting,2026-05-10 12:58:00,held,Caleb Turner
SUMM-A000889,SUMM-L00292,email,2026-05-10 13:21:34,sent,Caleb Turner
SUMM-A000890,SUMM-L00231,EMAIL,2026-05-10 14:17:24,sent,Caleb Turner
SUMM-A000891,SUMM-L00236,call,2026-05-10 14:49:41,connected,Hannah Price
SUMM-A000892,SUMM-L00319,call,2026-05-10 18:32:41,connected,Hannah Price
SUMM-A000893,SUMM-L00316,meeting,2026-05-10 19:21:44,held,Caleb Turner
SUMM-A000894,SUMM-L00239,email,2026-05-10 19:56:29,replied,Caleb Turner
SUMM-A000895,SUMM-L00313,call,2026-05-10 20:43:10,voicemail,Ben Foster
SUMM-A000896,SUMM-L00254,call,2026-05-10 22:21:42,no_answer,Hannah Price
SUMM-A000897,SUMM-L00310,call,2026-05-10 22:34:17,connected,Hannah Price
SUMM-A000898,SUMM-L00066,email,2026-05-10 23:02:51,sent,Lucia Romero
SUMM-A000899,SUMM-L00248,call,2026-05-11 00:40:43,voicemail,Caleb Turner
SUMM-A000900,SUMM-L00179,email,2026-05-11 01:21:41,sent,Ben Foster
SUMM-A000901,SUMM-L00316,call,2026-05-11 02:14:28,connected,Caleb Turner
SUMM-A000902,SUMM-L00318,call,2026-05-11 06:00:07,connected,Caleb Turner
SUMM-A000903,SUMM-L00307,email,2026-05-11 07:03:58,sent,Ben Foster
SUMM-A000904,SUMM-L00176,call,2026-05-11 10:22:01,connected,Ben Foster
SUMM-A000905,SUMM-L00178,email,2026-05-11 10:57:43,replied,Hannah Price
SUMM-A000906,SUMM-L00200,email,2026-05-11 11:31:24,bounced,Ben Foster
SUMM-A000907,SUMM-L00321,EMAIL,2026-05-11 12:04:33,replied,Lucia Romero
SUMM-A000908,SUMM-L00323,call,2026-05-11 13:26:31,voicemail,Andre Coleman
SUMM-A000909,SUMM-L00320,email,2026-05-11 13:39:39,replied,Maya Ortiz
SUMM-A000910,SUMM-L00248,call,2026-05-11 14:42:09,connected,Caleb Turner
SUMM-A000911,SUMM-L00255,Email,2026-05-11 16:07:32,sent,Ben Foster
SUMM-A000912,SUMM-L00325,call,2026-05-11 16:49:08,connected,Hannah Price
SUMM-A000913,SUMM-L00330,email,2026-05-11 17:29:50,replied,Lucia Romero
SUMM-A000914,SUMM-L00307,call,2026-05-11 17:31:44,no_answer,Ben Foster
SUMM-A000915,SUMM-L00182,CALL,2026-05-11 18:22:41,voicemail,Caleb Turner
SUMM-A000916,SUMM-L00333,Email,2026-05-11 19:43:50,sent,Andre Coleman
SUMM-A000917,SUMM-L00318,call,2026-05-11 20:09:08,voicemail,Caleb Turner
SUMM-A000918,SUMM-L00329,email,2026-05-11 20:35:51,sent,Maya Ortiz
SUMM-A000919,SUMM-L00327,call,2026-05-11 21:09:17,no_answer,Ben Foster
SUMM-A000920,SUMM-L00331,email,2026-05-11 21:47:18,replied,Andre Coleman
SUMM-A000921,SUMM-L00210,email,2026-05-11 21:50:02,sent,Andre Coleman
SUMM-A000922,SUMM-L00322,email,2026-05-11 22:12:01,sent,Caleb Turner
SUMM-A000923,SUMM-L00316,email,2026-05-11 22:14:22,sent,Caleb Turner
SUMM-A000924,SUMM-L00301,email,2026-05-11 22:57:10,sent,Maya Ortiz
SUMM-A000925,SUMM-L00224,EMAIL,2026-05-11 23:42:31,replied,Maya Ortiz
SUMM-A000926,SUMM-L00191,EMAIL,2026-05-11 23:57:12,sent,Caleb Turner
SUMM-A000927,SUMM-L00179,email,2026-05-12 00:14:21,replied,Ben Foster
SUMM-A000928,SUMM-L00324,call,2026-05-12 00:47:44,no_answer,Hannah Price
SUMM-A000929,SUMM-L00285,call,2026-05-12 01:37:42,no_answer,Caleb Turner
SUMM-A000930,SUMM-L00335,call,2026-05-12 02:05:39,connected,Ben Foster
SUMM-A000931,SUMM-L00332,email,2026-05-12 02:44:54,sent,Lucia Romero
SUMM-A000932,SUMM-L00314,email,2026-05-12 03:54:07,sent,Andre Coleman
SUMM-A000933,SUMM-L00307,CALL,2026-05-12 04:35:06,no_answer,Ben Foster
SUMM-A000934,SUMM-L00334,email,2026-05-12 04:36:51,sent,Caleb Turner
SUMM-A000935,SUMM-L00320,call,2026-05-12 05:40:24,connected,Maya Ortiz
SUMM-A000936,SUMM-L00302,meeting,2026-05-12 06:29:41,no_show,Caleb Turner
SUMM-A000937,SUMM-L00224,email,2026-05-12 07:10:06,sent,Maya Ortiz
SUMM-A000938,SUMM-L00326,email,2026-05-12 07:15:26,sent,Caleb Turner
SUMM-A000939,SUMM-L00182,call,2026-05-12 07:29:09,no_answer,Caleb Turner
SUMM-A000940,SUMM-L00307,email,2026-05-12 07:48:43,sent,Ben Foster
SUMM-A000941,SUMM-L00302,call,2026-05-12 09:55:55,voicemail,Caleb Turner
SUMM-A000942,SUMM-L00324,email,2026-05-12 09:58:18,sent,Hannah Price
SUMM-A000943,SUMM-L00307,email,2026-05-12 10:26:07,replied,Ben Foster
SUMM-A000944,SUMM-L00288,MEETING,2026-05-12 12:43:11,held,Hannah Price
SUMM-A000945,SUMM-L00328,CALL,2026-05-12 12:53:14,connected,Hannah Price
SUMM-A000946,SUMM-L00342,email,2026-05-12 13:38:41,sent,Lucia Romero
SUMM-A000947,SUMM-L00285,email,2026-05-12 14:12:33,sent,Caleb Turner
SUMM-A000948,SUMM-L00221,email,2026-05-12 14:26:01,sent,Caleb Turner
SUMM-A000949,SUMM-L00339,call,2026-05-12 15:03:29,connected,Maya Ortiz
SUMM-A000950,SUMM-L00110,email,2026-05-12 15:33:18,replied,Ben Foster
SUMM-A000951,SUMM-L00342,call,2026-05-12 15:48:18,no_answer,Lucia Romero
SUMM-A000952,SUMM-L00305,call,2026-05-12 16:05:49,voicemail,Caleb Turner
SUMM-A000953,SUMM-L00313,email,2026-05-12 17:28:02,sent,Ben Foster
SUMM-A000954,SUMM-L00338,call,2026-05-12 18:33:24,no_answer,Ben Foster
SUMM-A000955,SUMM-L00246,Email,2026-05-12 19:13:26,sent,Hannah Price
SUMM-A000956,SUMM-L00313,email,2026-05-12 21:09:18,sent,Ben Foster
SUMM-A000957,SUMM-L00324,call,2026-05-12 21:14:24,connected,Hannah Price
SUMM-A000958,SUMM-L00337,email,2026-05-12 21:18:45,sent,Andre Coleman
SUMM-A000959,SUMM-L00343,CALL,2026-05-12 21:28:27,connected,Maya Ortiz
SUMM-A000960,SUMM-L00061,email,2026-05-12 21:50:01,sent,Caleb Turner
SUMM-A000961,SUMM-L00332,email,2026-05-12 22:01:43,replied,Lucia Romero
SUMM-A000962,SUMM-L00340,email,2026-05-12 22:50:02,sent,Caleb Turner
SUMM-A000963,SUMM-L00222,call,2026-05-12 23:01:09,no_answer,Ben Foster
SUMM-A000964,SUMM-L00303,email,2026-05-12 23:02:40,sent,Lucia Romero
SUMM-A000965,SUMM-L00320,call,2026-05-12 23:13:17,no_answer,Maya Ortiz
SUMM-A000966,SUMM-L00314,email,2026-05-12 23:15:30,sent,Andre Coleman
SUMM-A000967,SUMM-L00271,call,2026-05-12 23:27:57,no_answer,Andre Coleman
SUMM-A000968,SUMM-L00195,EMAIL,2026-05-12 23:46:46,sent,Maya Ortiz
SUMM-A000969,SUMM-L00174,EMAIL,2026-05-12 23:56:48,sent,Hannah Price
SUMM-A000970,SUMM-L00341,call,2026-05-13 00:30:11,voicemail,Ben Foster
SUMM-A000971,SUMM-L00342,EMAIL,2026-05-13 00:46:49,bounced,Lucia Romero
SUMM-A000972,SUMM-L00283,email,2026-05-13 01:51:00,sent,Summit Dispatch Queue
SUMM-A000973,SUMM-L00295,call,2026-05-13 03:48:53,connected,Caleb Turner
SUMM-A000974,SUMM-L00342,email,2026-05-13 03:53:32,replied,Lucia Romero
SUMM-A000975,SUMM-L00276,email,2026-05-13 04:07:31,sent,Maya Ortiz
SUMM-A000976,SUMM-L00347,Call,2026-05-13 04:27:33,no_answer,Lucia Romero
SUMM-A000977,SUMM-L00344,Call,2026-05-13 04:45:59,no_answer,Andre Coleman
SUMM-A000978,SUMM-L00345,Call,2026-05-13 05:31:00,voicemail,Hannah Price
SUMM-A000979,SUMM-L00345,call,2026-05-13 06:17:03,no_answer,Hannah Price
SUMM-A000980,SUMM-L00345,meeting,2026-05-13 06:40:12,held,Hannah Price
SUMM-A000981,SUMM-L00337,email,2026-05-13 07:26:53,bounced,Andre Coleman
SUMM-A000982,SUMM-L00342,email,2026-05-13 07:34:07,sent,Lucia Romero
SUMM-A000983,SUMM-L00313,EMAIL,2026-05-13 07:42:41,sent,Ben Foster
SUMM-A000984,SUMM-L00277,email,2026-05-13 08:32:47,replied,Caleb Turner
SUMM-A000985,SUMM-L00348,call,2026-05-13 09:15:02,voicemail,Ben Foster
SUMM-A000986,SUMM-L00342,call,2026-05-13 09:46:08,no_answer,Lucia Romero
SUMM-A000987,SUMM-L00314,meeting,2026-05-13 11:26:24,rescheduled,Andre Coleman
SUMM-A000988,SUMM-L00297,call,2026-05-13 11:35:05,no_answer,Ben Foster
SUMM-A000989,SUMM-L00118,CALL,2026-05-13 13:30:44,voicemail,Caleb Turner
SUMM-A000990,SUMM-L00348,call,2026-05-13 15:19:32,no_answer,Ben Foster
SUMM-A000991,SUMM-L00180,email,2026-05-13 16:27:01,sent,Andre Coleman
SUMM-A000992,SUMM-L00344,call,2026-05-13 17:07:39,no_answer,Andre Coleman
SUMM-A000993,SUMM-L00354,call,2026-05-13 19:32:19,connected,Ben Foster
SUMM-A000994,SUMM-L00352,email,2026-05-13 20:02:57,replied,Caleb Turner
SUMM-A000995,SUMM-L00325,Email,2026-05-13 21:11:08,replied,Hannah Price
SUMM-A000996,SUMM-L00350,email,2026-05-13 21:51:28,sent,Caleb Turner
SUMM-A000997,SUMM-L00350,call,2026-05-13 21:51:40,connected,Caleb Turner
SUMM-A000998,SUMM-L00263,email,2026-05-13 22:06:38,sent,Ben Foster
SUMM-A000999,SUMM-L00351,email,2026-05-13 23:25:47,replied,Andre Coleman
SUMM-A001000,SUMM-L00346,email,2026-05-14 00:23:06,sent,Maya Ortiz
SUMM-A001001,SUMM-L00349,CALL,2026-05-14 01:31:55,connected,Caleb Turner
SUMM-A001002,SUMM-L00290,call,2026-05-14 02:07:10,connected,Hannah Price
SUMM-A001003,SUMM-L00342,email,2026-05-14 02:16:25,sent,Lucia Romero
SUMM-A001004,SUMM-L00345,call,2026-05-14 02:27:32,no_answer,Hannah Price
SUMM-A001005,SUMM-L00344,call,2026-05-14 02:39:11,no_answer,Andre Coleman
SUMM-A001006,SUMM-L00298,call,2026-05-14 02:41:28,no_answer,Caleb Turner
SUMM-A001007,SUMM-L00148,call,2026-05-14 04:40:48,no_answer,Hannah Price
SUMM-A001008,SUMM-L00353,call,2026-05-14 04:41:48,no_answer,Caleb Turner
SUMM-A001009,SUMM-L00345,call,2026-05-14 05:17:21,voicemail,Hannah Price
SUMM-A001010,SUMM-L00340,call,2026-05-14 05:39:32,no_answer,Caleb Turner
SUMM-A001011,SUMM-L00344,call,2026-05-14 06:10:20,connected,Andre Coleman
SUMM-A001012,SUMM-L00301,email,2026-05-14 07:19:23,sent,Maya Ortiz
SUMM-A001013,SUMM-L00355,call,2026-05-14 09:55:40,connected,Andre Coleman
SUMM-A001014,SUMM-L00342,email,2026-05-14 09:56:13,replied,Lucia Romero
SUMM-A001015,SUMM-L00356,call,2026-05-14 11:08:45,no_answer,Maya Ortiz
SUMM-A001016,SUMM-L00322,call,2026-05-14 11:40:45,voicemail,Caleb Turner
SUMM-A001017,SUMM-L00350,email,2026-05-14 11:44:10,sent,Caleb Turner
SUMM-A001018,SUMM-L00296,Call,2026-05-14 12:28:02,connected,Caleb Turner
SUMM-A001019,SUMM-L00352,email,2026-05-14 13:04:03,sent,Caleb Turner
SUMM-A001020,SUMM-L00185,email,2026-05-14 14:38:47,sent,Maya Ortiz
SUMM-A001021,SUMM-L00282,Call,2026-05-14 15:09:16,voicemail,Maya Ortiz
SUMM-A001022,SUMM-L00352,meeting,2026-05-14 17:05:28,held,Caleb Turner
SUMM-A001023,SUMM-L00282,Email,2026-05-14 17:05:41,sent,Maya Ortiz
SUMM-A001024,SUMM-L00230,call,2026-05-14 18:22:32,connected,Andre Coleman
SUMM-A001025,SUMM-L00230,email,2026-05-14 18:45:45,sent,Andre Coleman
SUMM-A001026,SUMM-L00264,meeting,2026-05-14 20:10:09,held,Hannah Price
SUMM-A001027,SUMM-L00349,call,2026-05-14 21:03:02,connected,Caleb Turner
SUMM-A001028,SUMM-L00336,call,2026-05-14 21:23:44,no_answer,Caleb Turner
SUMM-A001029,SUMM-L00359,call,2026-05-14 22:49:59,connected,Ben Foster
SUMM-A001030,SUMM-L00357,email,2026-05-14 23:45:18,sent,Ben Foster
SUMM-A001031,SUMM-L00263,call,2026-05-15 00:06:52,no_answer,Ben Foster
SUMM-A001032,SUMM-L00243,email,2026-05-15 01:08:15,sent,Andre Coleman
SUMM-A001033,SUMM-L00357,CALL,2026-05-15 04:21:09,no_answer,Ben Foster
SUMM-A001034,SUMM-L00194,CALL,2026-05-15 05:02:50,no_answer,Hannah Price
SUMM-A001035,SUMM-L00322,meeting,2026-05-15 06:29:33,held,Caleb Turner
SUMM-A001036,SUMM-L00358,email,2026-05-15 10:13:56,sent,Ben Foster
SUMM-A001037,SUMM-L00357,call,2026-05-15 11:27:44,connected,Ben Foster
SUMM-A001038,SUMM-L00327,email,2026-05-15 12:05:17,sent,Ben Foster
SUMM-A001039,SUMM-L00358,call,2026-05-15 12:35:04,connected,Ben Foster
SUMM-A001040,SUMM-L00328,email,2026-05-15 12:59:23,sent,Hannah Price
SUMM-A001041,SUMM-L00341,email,2026-05-15 13:49:07,sent,Ben Foster
SUMM-A001042,SUMM-L00348,call,2026-05-15 14:08:04,voicemail,Ben Foster
SUMM-A001043,SUMM-L00294,Email,2026-05-15 14:14:14,sent,Hannah Price
SUMM-A001044,SUMM-L00357,call,2026-05-15 14:17:33,voicemail,Ben Foster
SUMM-A001045,SUMM-L00241,email,2026-05-15 14:57:01,replied,Ben Foster
SUMM-A001046,SUMM-L00244,call,2026-05-15 15:11:17,connected,Maya Ortiz
SUMM-A001047,SUMM-L00363,call,2026-05-15 15:40:44,no_answer,Andre Coleman
SUMM-A001048,SUMM-L00241,call,2026-05-15 15:48:18,no_answer,Ben Foster
SUMM-A001049,SUMM-L00362,call,2026-05-15 16:50:19,no_answer,Caleb Turner
SUMM-A001050,SUMM-L00332,call,2026-05-15 16:54:46,voicemail,Lucia Romero
SUMM-A001051,SUMM-L00360,call,2026-05-15 16:55:16,no_answer,Andre Coleman
SUMM-A001052,SUMM-L00365,email,2026-05-15 16:59:52,replied,Caleb Turner
SUMM-A001053,SUMM-L00330,email,2026-05-15 17:46:11,replied,Lucia Romero
SUMM-A001054,SUMM-L00357,call,2026-05-15 18:53:14,voicemail,Ben Foster
SUMM-A001055,SUMM-L00332,call,2026-05-15 19:06:32,voicemail,Lucia Romero
SUMM-A001056,SUMM-L00352,call,2026-05-15 19:38:26,connected,Caleb Turner
SUMM-A001057,SUMM-L00364,call,2026-05-15 20:08:58,connected,Andre Coleman
SUMM-A001058,SUMM-L00361,call,2026-05-15 21:27:26,voicemail,Andre Coleman
SUMM-A001059,SUMM-L00367,CALL,2026-05-15 21:29:23,voicemail,Caleb Turner
SUMM-A001060,SUMM-L00271,email,2026-05-15 21:59:09,replied,Andre Coleman
SUMM-A001061,SUMM-L00366,call,2026-05-15 22:33:09,connected,Maya Ortiz
SUMM-A001062,SUMM-L00237,email,2026-05-16 00:39:05,sent,Ben Foster
SUMM-A001063,SUMM-L00314,email,2026-05-16 03:39:05,sent,Andre Coleman
SUMM-A001064,SUMM-L00371,CALL,2026-05-16 04:23:28,voicemail,Caleb Turner
SUMM-A001065,SUMM-L00372,email,2026-05-16 04:25:37,sent,Andre Coleman
SUMM-A001066,SUMM-L00369,email,2026-05-16 05:04:03,sent,Andre Coleman
SUMM-A001067,SUMM-L00237,meeting,2026-05-16 05:04:55,no_show,Ben Foster
SUMM-A001068,SUMM-L00372,call,2026-05-16 05:19:48,connected,Andre Coleman
SUMM-A001069,SUMM-L00372,Call,2026-05-16 06:07:40,voicemail,Andre Coleman
SUMM-A001070,SUMM-L00318,email,2026-05-16 06:49:24,sent,Caleb Turner
SUMM-A001071,SUMM-L00245,email,2026-05-16 07:02:37,sent,Hannah Price
SUMM-A001072,SUMM-L00370,call,2026-05-16 07:16:13,connected,Summit Dispatch Queue
SUMM-A001073,SUMM-L00230,meeting,2026-05-16 07:28:02,held,Andre Coleman
SUMM-A001074,SUMM-L00374,email,2026-05-16 09:52:43,sent,Maya Ortiz
SUMM-A001075,SUMM-L00365,call,2026-05-16 10:11:35,connected,Caleb Turner
SUMM-A001076,SUMM-L00246,email,2026-05-16 10:48:11,sent,Hannah Price
SUMM-A001077,SUMM-L00365,call,2026-05-16 11:24:00,no_answer,Caleb Turner
SUMM-A001078,SUMM-L00368,call,2026-05-16 13:03:01,voicemail,Andre Coleman
SUMM-A001079,SUMM-L00374,Email,2026-05-16 14:31:58,sent,Maya Ortiz
SUMM-A001080,SUMM-L00375,call,2026-05-16 15:29:30,no_answer,Caleb Turner
SUMM-A001081,SUMM-L00365,call,2026-05-16 15:49:23,no_answer,Caleb Turner
SUMM-A001082,SUMM-L00313,call,2026-05-16 17:08:53,connected,Ben Foster
SUMM-A001083,SUMM-L00262,call,2026-05-16 19:13:48,voicemail,Andre Coleman
SUMM-A001084,SUMM-L00305,call,2026-05-16 19:31:56,connected,Caleb Turner
SUMM-A001085,SUMM-L00339,CALL,2026-05-16 20:26:23,no_answer,Maya Ortiz
SUMM-A001086,SUMM-L00284,call,2026-05-16 20:36:22,voicemail,Maya Ortiz
SUMM-A001087,SUMM-L00262,email,2026-05-16 20:40:12,sent,Andre Coleman
SUMM-A001088,SUMM-L00269,call,2026-05-16 21:04:43,connected,Hannah Price
SUMM-A001089,SUMM-L00377,call,2026-05-16 21:05:29,voicemail,Hannah Price
SUMM-A001090,SUMM-L00365,Email,2026-05-16 22:47:28,sent,Caleb Turner
SUMM-A001091,SUMM-L00327,email,2026-05-16 23:35:12,sent,Ben Foster
SUMM-A001092,SUMM-L00312,call,2026-05-17 00:30:23,connected,Maya Ortiz
SUMM-A001093,SUMM-L00315,call,2026-05-17 00:38:38,connected,Hannah Price
SUMM-A001094,SUMM-L00185,email,2026-05-17 01:15:50,replied,Maya Ortiz
SUMM-A001095,SUMM-L00378,CALL,2026-05-17 01:41:33,voicemail,Hannah Price
SUMM-A001096,SUMM-L00354,call,2026-05-17 05:24:53,connected,Ben Foster
SUMM-A001097,SUMM-L00241,email,2026-05-17 05:48:39,sent,Ben Foster
SUMM-A001098,SUMM-L00365,Email,2026-05-17 07:36:34,sent,Caleb Turner
SUMM-A001099,SUMM-L00236,call,2026-05-17 09:22:39,connected,Hannah Price
SUMM-A001100,SUMM-L00373,Call,2026-05-17 10:31:59,voicemail,Caleb Turner
SUMM-A001101,SUMM-L00375,email,2026-05-17 11:26:12,sent,Caleb Turner
SUMM-A001102,SUMM-L00381,email,2026-05-17 12:59:18,sent,Hannah Price
SUMM-A001103,SUMM-L00376,Email,2026-05-17 13:02:44,sent,Andre Coleman
SUMM-A001104,SUMM-L00330,call,2026-05-17 15:00:11,no_answer,Lucia Romero
SUMM-A001105,SUMM-L00148,email,2026-05-17 15:17:28,sent,Hannah Price
SUMM-A001106,SUMM-L00379,call,2026-05-17 15:19:20,no_answer,Ben Foster
SUMM-A001107,SUMM-L00374,email,2026-05-17 17:59:13,replied,Maya Ortiz
SUMM-A001108,SUMM-L00277,call,2026-05-17 18:05:31,no_answer,Caleb Turner
SUMM-A001109,SUMM-L00378,call,2026-05-17 18:46:29,connected,Hannah Price
SUMM-A001110,SUMM-L00382,call,2026-05-17 20:51:49,no_answer,Lucia Romero
SUMM-A001111,SUMM-L00378,call,2026-05-17 21:27:15,connected,Hannah Price
SUMM-A001112,SUMM-L00371,call,2026-05-17 21:31:27,voicemail,Caleb Turner
SUMM-A001113,SUMM-L00294,call,2026-05-17 22:10:17,voicemail,Hannah Price
SUMM-A001114,SUMM-L00380,email,2026-05-17 22:40:43,sent,Hannah Price
SUMM-A001115,SUMM-L00210,email,2026-05-17 23:24:03,replied,Andre Coleman
SUMM-A001116,SUMM-L00378,email,2026-05-18 00:06:49,replied,Hannah Price
SUMM-A001117,SUMM-L00378,email,2026-05-18 01:25:41,sent,Hannah Price
SUMM-A001118,SUMM-L00383,CALL,2026-05-18 02:56:02,voicemail,Lucia Romero
SUMM-A001119,SUMM-L00386,call,2026-05-18 03:00:08,connected,Caleb Turner
SUMM-A001120,SUMM-L00140,call,2026-05-18 03:09:13,no_answer,Maya Ortiz
SUMM-A001121,SUMM-L00249,email,2026-05-18 03:10:00,sent,Caleb Turner
SUMM-A001122,SUMM-L00382,call,2026-05-18 04:40:41,no_answer,Lucia Romero
SUMM-A001123,SUMM-L00243,call,2026-05-18 04:45:20,connected,Andre Coleman
SUMM-A001124,SUMM-L00314,email,2026-05-18 06:11:07,sent,Andre Coleman
SUMM-A001125,SUMM-L00383,Email,2026-05-18 06:25:04,replied,Lucia Romero
SUMM-A001126,SUMM-L00385,call,2026-05-18 07:01:18,no_answer,Caleb Turner
SUMM-A001127,SUMM-L00381,call,2026-05-18 08:58:21,connected,Hannah Price
SUMM-A001128,SUMM-L00378,call,2026-05-18 09:16:27,no_answer,Hannah Price
SUMM-A001129,SUMM-L00392,email,2026-05-18 10:00:55,replied,Caleb Turner
SUMM-A001130,SUMM-L00377,email,2026-05-18 10:06:06,bounced,Hannah Price
SUMM-A001131,SUMM-L00362,CALL,2026-05-18 10:11:57,voicemail,Caleb Turner
SUMM-A001132,SUMM-L00381,call,2026-05-18 10:38:48,no_answer,Hannah Price
SUMM-A001133,SUMM-L00390,Email,2026-05-18 10:51:42,sent,Caleb Turner
SUMM-A001134,SUMM-L00371,call,2026-05-18 11:22:17,voicemail,Caleb Turner
SUMM-A001135,SUMM-L00394,call,2026-05-18 12:21:41,connected,Hannah Price
SUMM-A001136,SUMM-L00388,email,2026-05-18 12:52:41,bounced,Caleb Turner
SUMM-A001137,SUMM-L00314,CALL,2026-05-18 13:29:09,voicemail,Andre Coleman
SUMM-A001138,SUMM-L00398,call,2026-05-18 14:42:17,no_answer,Maya Ortiz
SUMM-A001139,SUMM-L00398,meeting,2026-05-18 14:55:48,held,Maya Ortiz
SUMM-A001140,SUMM-L00362,meeting,2026-05-18 16:07:12,held,Caleb Turner
SUMM-A001141,SUMM-L00399,call,2026-05-18 16:27:42,connected,Caleb Turner
SUMM-A001142,SUMM-L00222,email,2026-05-18 16:28:20,sent,Ben Foster
SUMM-A001143,SUMM-L00292,call,2026-05-18 17:24:34,no_answer,Caleb Turner
SUMM-A001144,SUMM-L00248,meeting,2026-05-18 18:11:41,held,Caleb Turner
SUMM-A001145,SUMM-L00400,call,2026-05-18 18:15:26,no_answer,Andre Coleman
SUMM-A001146,SUMM-L00391,call,2026-05-18 18:23:59,connected,Maya Ortiz
SUMM-A001147,SUMM-L00393,Call,2026-05-18 19:26:27,voicemail,Caleb Turner
SUMM-A001148,SUMM-L00381,Email,2026-05-18 19:46:10,sent,Hannah Price
SUMM-A001149,SUMM-L00382,call,2026-05-18 20:40:08,connected,Lucia Romero
SUMM-A001150,SUMM-L00396,email,2026-05-18 22:00:26,sent,Andre Coleman
SUMM-A001151,SUMM-L00402,CALL,2026-05-18 22:54:02,no_answer,Maya Ortiz
SUMM-A001152,SUMM-L00375,email,2026-05-18 23:26:14,sent,Caleb Turner
SUMM-A001153,SUMM-L00374,call,2026-05-18 23:55:23,voicemail,Maya Ortiz
SUMM-A001154,SUMM-L00401,call,2026-05-19 00:03:21,connected,Ben Foster
SUMM-A001155,SUMM-L00389,email,2026-05-19 00:42:17,sent,Andre Coleman
SUMM-A001156,SUMM-L00297,call,2026-05-19 00:49:17,connected,Ben Foster
SUMM-A001157,SUMM-L00386,email,2026-05-19 02:20:56,sent,Caleb Turner
SUMM-A001158,SUMM-L00312,call,2026-05-19 03:59:41,connected,Maya Ortiz
SUMM-A001159,SUMM-L00381,MEETING,2026-05-19 04:55:41,held,Hannah Price
SUMM-A001160,SUMM-L00403,call,2026-05-19 05:19:40,no_answer,Caleb Turner
SUMM-A001161,SUMM-L00398,meeting,2026-05-19 06:49:06,held,Maya Ortiz
SUMM-A001162,SUMM-L00296,meeting,2026-05-19 07:33:32,rescheduled,Caleb Turner
SUMM-A001163,SUMM-L00275,call,2026-05-19 07:34:51,no_answer,Andre Coleman
SUMM-A001164,SUMM-L00404,call,2026-05-19 07:53:17,voicemail,Andre Coleman
SUMM-A001165,SUMM-L00384,call,2026-05-19 08:12:02,no_answer,Lucia Romero
SUMM-A001166,SUMM-L00397,call,2026-05-19 09:05:36,connected,Maya Ortiz
SUMM-A001167,SUMM-L00304,call,2026-05-19 11:07:44,voicemail,Lucia Romero
SUMM-A001168,SUMM-L00241,email,2026-05-19 11:27:44,sent,Ben Foster
SUMM-A001169,SUMM-L00374,email,2026-05-19 12:20:51,sent,Maya Ortiz
SUMM-A001170,SUMM-L00381,email,2026-05-19 14:04:01,replied,Hannah Price
SUMM-A001171,SUMM-L00406,email,2026-05-19 14:44:28,sent,Caleb Turner
SUMM-A001172,SUMM-L00379,email,2026-05-19 15:21:15,sent,Ben Foster
SUMM-A001173,SUMM-L00265,email,2026-05-19 17:05:01,sent,Ben Foster
SUMM-A001174,SUMM-L00406,email,2026-05-19 17:15:44,sent,Caleb Turner
SUMM-A001175,SUMM-L00326,email,2026-05-19 17:51:44,replied,Caleb Turner
SUMM-A001176,SUMM-L00407,email,2026-05-19 20:46:26,bounced,Maya Ortiz
SUMM-A001177,SUMM-L00274,email,2026-05-19 22:17:34,sent,Caleb Turner
SUMM-A001178,SUMM-L00387,call,2026-05-19 22:50:52,voicemail,Hannah Price
SUMM-A001179,SUMM-L00408,email,2026-05-19 23:29:07,sent,Lucia Romero
SUMM-A001180,SUMM-L00304,email,2026-05-19 23:43:10,bounced,Lucia Romero
SUMM-A001181,SUMM-L00398,email,2026-05-20 00:30:00,sent,Maya Ortiz
SUMM-A001182,SUMM-L00404,email,2026-05-20 02:42:58,sent,Andre Coleman
SUMM-A001183,SUMM-L00398,email,2026-05-20 03:06:41,sent,Maya Ortiz
SUMM-A001184,SUMM-L00263,email,2026-05-20 03:51:08,replied,Ben Foster
SUMM-A001185,SUMM-L00410,call,2026-05-20 04:11:04,connected,Hannah Price
SUMM-A001186,SUMM-L00300,email,2026-05-20 04:29:30,sent,Andre Coleman
SUMM-A001187,SUMM-L00406,email,2026-05-20 05:37:52,sent,Caleb Turner
SUMM-A001188,SUMM-L00387,email,2026-05-20 07:24:46,sent,Hannah Price
SUMM-A001189,SUMM-L00413,Call,2026-05-20 09:30:57,connected,Andre Coleman
SUMM-A001190,SUMM-L00408,meeting,2026-05-20 09:58:26,held,Lucia Romero
SUMM-A001191,SUMM-L00406,meeting,2026-05-20 10:09:00,rescheduled,Caleb Turner
SUMM-A001192,SUMM-L00411,call,2026-05-20 10:44:34,no_answer,Ben Foster
SUMM-A001193,SUMM-L00238,call,2026-05-20 10:57:32,no_answer,Maya Ortiz
SUMM-A001194,SUMM-L00284,email,2026-05-20 11:31:15,sent,Maya Ortiz
SUMM-A001195,SUMM-L00352,call,2026-05-20 13:19:31,no_answer,Caleb Turner
SUMM-A001196,SUMM-L00414,call,2026-05-20 13:31:15,voicemail,Lucia Romero
SUMM-A001197,SUMM-L00271,EMAIL,2026-05-20 13:32:56,sent,Andre Coleman
SUMM-A001198,SUMM-L00361,email,2026-05-20 14:27:43,replied,Andre Coleman
SUMM-A001199,SUMM-L00386,call,2026-05-20 14:44:53,no_answer,Caleb Turner
SUMM-A001200,SUMM-L00409,call,2026-05-20 14:55:20,no_answer,Ben Foster
SUMM-A001201,SUMM-L00398,email,2026-05-20 14:59:53,sent,Maya Ortiz
SUMM-A001202,SUMM-L00415,call,2026-05-20 15:21:14,voicemail,Caleb Turner
SUMM-A001203,SUMM-L00406,email,2026-05-20 15:24:42,sent,Caleb Turner
SUMM-A001204,SUMM-L00110,EMAIL,2026-05-20 16:38:19,sent,Ben Foster
SUMM-A001205,SUMM-L00387,Email,2026-05-20 17:06:07,replied,Hannah Price
SUMM-A001206,SUMM-L00398,call,2026-05-20 18:02:01,connected,Maya Ortiz
SUMM-A001207,SUMM-L00338,email,2026-05-20 18:17:57,sent,Ben Foster
SUMM-A001208,SUMM-L00381,call,2026-05-20 19:07:34,no_answer,Hannah Price
SUMM-A001209,SUMM-L00404,call,2026-05-20 19:38:18,voicemail,Andre Coleman
SUMM-A001210,SUMM-L00250,email,2026-05-20 20:50:59,replied,Summit Dispatch Queue
SUMM-A001211,SUMM-L00411,call,2026-05-20 21:34:07,connected,Ben Foster
SUMM-A001212,SUMM-L00406,email,2026-05-20 21:48:05,sent,Caleb Turner
SUMM-A001213,SUMM-L00415,email,2026-05-20 21:59:25,sent,Caleb Turner
SUMM-A001214,SUMM-L00362,CALL,2026-05-20 22:02:24,voicemail,Caleb Turner
SUMM-A001215,SUMM-L00387,call,2026-05-21 00:25:03,no_answer,Hannah Price
SUMM-A001216,SUMM-L00416,call,2026-05-21 01:56:17,connected,Caleb Turner
SUMM-A001217,SUMM-L00405,email,2026-05-21 02:02:22,sent,Caleb Turner
SUMM-A001218,SUMM-L00417,call,2026-05-21 02:14:33,no_answer,Caleb Turner
SUMM-A001219,SUMM-L00395,call,2026-05-21 04:59:29,voicemail,Caleb Turner
SUMM-A001220,SUMM-L00248,call,2026-05-21 05:51:26,no_answer,Caleb Turner
SUMM-A001221,SUMM-L00332,call,2026-05-21 06:27:27,voicemail,Lucia Romero
SUMM-A001222,SUMM-L00241,call,2026-05-21 06:28:19,no_answer,Ben Foster
SUMM-A001223,SUMM-L00419,call,2026-05-21 06:29:43,no_answer,Lucia Romero
SUMM-A001224,SUMM-L00418,email,2026-05-21 08:05:50,sent,Caleb Turner
SUMM-A001225,SUMM-L00420,email,2026-05-21 09:15:08,sent,Andre Coleman
SUMM-A001226,SUMM-L00297,email,2026-05-21 10:12:44,sent,Ben Foster
SUMM-A001227,SUMM-L00423,call,2026-05-21 13:15:33,voicemail,Caleb Turner
SUMM-A001228,SUMM-L00415,call,2026-05-21 14:20:22,voicemail,Caleb Turner
SUMM-A001229,SUMM-L00424,call,2026-05-21 14:53:00,voicemail,Lucia Romero
SUMM-A001230,SUMM-L00426,email,2026-05-21 18:01:09,sent,Caleb Turner
SUMM-A001231,SUMM-L00343,call,2026-05-21 18:02:20,no_answer,Maya Ortiz
SUMM-A001232,SUMM-L00387,email,2026-05-21 18:30:31,sent,Hannah Price
SUMM-A001233,SUMM-L00425,Call,2026-05-21 19:25:31,connected,Maya Ortiz
SUMM-A001234,SUMM-L00237,call,2026-05-21 20:25:05,connected,Ben Foster
SUMM-A001235,SUMM-L00428,EMAIL,2026-05-21 20:57:03,sent,Andre Coleman
SUMM-A001236,SUMM-L00332,email,2026-05-21 21:32:58,sent,Lucia Romero
SUMM-A001237,SUMM-L00422,call,2026-05-21 21:44:22,connected,Hannah Price
SUMM-A001238,SUMM-L00381,call,2026-05-21 22:52:08,voicemail,Hannah Price
SUMM-A001239,SUMM-L00421,email,2026-05-21 23:42:52,sent,Caleb Turner
SUMM-A001240,SUMM-L00429,call,2026-05-21 23:48:50,no_answer,Caleb Turner
SUMM-A001241,SUMM-L00430,call,2026-05-22 00:05:17,no_answer,Caleb Turner
SUMM-A001242,SUMM-L00431,call,2026-05-22 00:08:36,voicemail,Caleb Turner
SUMM-A001243,SUMM-L00315,call,2026-05-22 00:44:07,no_answer,Hannah Price
SUMM-A001244,SUMM-L00386,meeting,2026-05-22 00:58:35,held,Caleb Turner
SUMM-A001245,SUMM-L00425,email,2026-05-22 01:56:21,replied,Maya Ortiz
SUMM-A001246,SUMM-L00251,email,2026-05-22 02:40:02,sent,Caleb Turner
SUMM-A001247,SUMM-L00433,email,2026-05-22 05:11:36,replied,Caleb Turner
SUMM-A001248,SUMM-L00387,meeting,2026-05-22 06:04:22,held,Hannah Price
SUMM-A001249,SUMM-L00304,call,2026-05-22 07:13:59,no_answer,Lucia Romero
SUMM-A001250,SUMM-L00395,Call,2026-05-22 07:24:08,connected,Caleb Turner
SUMM-A001251,SUMM-L00277,call,2026-05-22 09:21:06,voicemail,Caleb Turner
SUMM-A001252,SUMM-L00434,email,2026-05-22 10:41:43,replied,Andre Coleman
SUMM-A001253,SUMM-L00436,email,2026-05-22 10:57:09,replied,Hannah Price
SUMM-A001254,SUMM-L00435,Call,2026-05-22 11:17:14,no_answer,Hannah Price
SUMM-A001255,SUMM-L00427,email,2026-05-22 11:41:35,sent,Maya Ortiz
SUMM-A001256,SUMM-L00399,call,2026-05-22 13:53:35,voicemail,Caleb Turner
SUMM-A001257,SUMM-L00437,call,2026-05-22 14:10:51,voicemail,Caleb Turner
SUMM-A001258,SUMM-L00438,call,2026-05-22 15:21:48,no_answer,Hannah Price
SUMM-A001259,SUMM-L00309,call,2026-05-22 15:40:33,connected,Maya Ortiz
SUMM-A001260,SUMM-L00432,CALL,2026-05-22 17:31:11,no_answer,Caleb Turner
SUMM-A001261,SUMM-L00402,call,2026-05-22 19:08:48,voicemail,Maya Ortiz
SUMM-A001262,SUMM-L00408,call,2026-05-22 19:32:05,connected,Lucia Romero
SUMM-A001263,SUMM-L00412,call,2026-05-22 19:32:21,voicemail,Maya Ortiz
SUMM-A001264,SUMM-L00441,Email,2026-05-22 19:49:36,sent,Andre Coleman
SUMM-A001265,SUMM-L00285,email,2026-05-22 20:59:33,sent,Caleb Turner
SUMM-A001266,SUMM-L00439,call,2026-05-22 21:25:26,connected,Andre Coleman
SUMM-A001267,SUMM-L00277,email,2026-05-22 22:21:27,sent,Caleb Turner
SUMM-A001268,SUMM-L00424,email,2026-05-22 23:32:56,replied,Lucia Romero
SUMM-A001269,SUMM-L00279,email,2026-05-23 01:05:55,replied,Hannah Price
SUMM-A001270,SUMM-L00435,Email,2026-05-23 01:36:01,replied,Hannah Price
SUMM-A001271,SUMM-L00352,email,2026-05-23 01:40:49,sent,Caleb Turner
SUMM-A001272,SUMM-L00446,call,2026-05-23 02:16:35,no_answer,Lucia Romero
SUMM-A001273,SUMM-L00447,call,2026-05-23 03:38:49,voicemail,Maya Ortiz
SUMM-A001274,SUMM-L00433,email,2026-05-23 04:41:18,sent,Caleb Turner
SUMM-A001275,SUMM-L00333,email,2026-05-23 05:55:07,sent,Andre Coleman
SUMM-A001276,SUMM-L00371,meeting,2026-05-23 08:06:10,held,Caleb Turner
SUMM-A001277,SUMM-L00447,meeting,2026-05-23 08:41:11,held,Maya Ortiz
SUMM-A001278,SUMM-L00312,email,2026-05-23 09:09:09,sent,Maya Ortiz
SUMM-A001279,SUMM-L00280,email,2026-05-23 09:41:03,sent,Caleb Turner
SUMM-A001280,SUMM-L00332,call,2026-05-23 10:32:47,no_answer,Lucia Romero
SUMM-A001281,SUMM-L00448,call,2026-05-23 10:44:20,connected,Hannah Price
SUMM-A001282,SUMM-L00425,Call,2026-05-23 13:08:50,no_answer,Maya Ortiz
SUMM-A001283,SUMM-L00449,call,2026-05-23 13:11:47,voicemail,Andre Coleman
SUMM-A001284,SUMM-L00442,EMAIL,2026-05-23 13:35:24,sent,Maya Ortiz
SUMM-A001285,SUMM-L00445,call,2026-05-23 13:48:47,connected,Caleb Turner
SUMM-A001286,SUMM-L00445,call,2026-05-23 14:09:01,no_answer,Caleb Turner
SUMM-A001287,SUMM-L00435,email,2026-05-23 14:45:18,sent,Hannah Price
SUMM-A001288,SUMM-L00445,CALL,2026-05-23 16:37:53,no_answer,Caleb Turner
SUMM-A001289,SUMM-L00445,call,2026-05-23 17:45:30,voicemail,Caleb Turner
SUMM-A001290,SUMM-L00445,call,2026-05-23 18:23:53,voicemail,Caleb Turner
SUMM-A001291,SUMM-L00445,email,2026-05-23 18:40:43,sent,Caleb Turner
SUMM-A001292,SUMM-L00443,call,2026-05-23 18:53:58,voicemail,Andre Coleman
SUMM-A001293,SUMM-L00364,email,2026-05-23 19:04:40,sent,Andre Coleman
SUMM-A001294,SUMM-L00397,email,2026-05-23 19:26:58,sent,Maya Ortiz
SUMM-A001295,SUMM-L00402,meeting,2026-05-23 20:07:07,no_show,Maya Ortiz
SUMM-A001296,SUMM-L00253,meeting,2026-05-23 21:26:15,held,Caleb Turner
SUMM-A001297,SUMM-L00438,call,2026-05-23 23:04:56,connected,Hannah Price
SUMM-A001298,SUMM-L00450,CALL,2026-05-24 00:19:44,no_answer,Andre Coleman
SUMM-A001299,SUMM-L00297,email,2026-05-24 01:08:56,sent,Ben Foster
SUMM-A001300,SUMM-L00430,Call,2026-05-24 01:16:31,voicemail,Caleb Turner
SUMM-A001301,SUMM-L00392,email,2026-05-24 01:53:33,sent,Caleb Turner
SUMM-A001302,SUMM-L00425,CALL,2026-05-24 02:08:47,no_answer,Maya Ortiz
SUMM-A001303,SUMM-L00438,EMAIL,2026-05-24 03:14:30,sent,Hannah Price
SUMM-A001304,SUMM-L00230,email,2026-05-24 03:54:20,sent,Andre Coleman
SUMM-A001305,SUMM-L00451,email,2026-05-24 03:54:37,replied,Lucia Romero
SUMM-A001306,SUMM-L00269,email,2026-05-24 04:46:33,sent,Hannah Price
SUMM-A001307,SUMM-L00348,call,2026-05-24 06:04:07,no_answer,Ben Foster
SUMM-A001308,SUMM-L00317,call,2026-05-24 06:30:04,no_answer,Andre Coleman
SUMM-A001309,SUMM-L00326,call,2026-05-24 06:59:13,connected,Caleb Turner
SUMM-A001310,SUMM-L00453,email,2026-05-24 08:02:02,sent,Caleb Turner
SUMM-A001311,SUMM-L00389,email,2026-05-24 08:12:29,bounced,Andre Coleman
SUMM-A001312,SUMM-L00412,call,2026-05-24 09:33:43,connected,Maya Ortiz
SUMM-A001313,SUMM-L00454,call,2026-05-24 10:05:57,connected,Hannah Price
SUMM-A001314,SUMM-L00424,call,2026-05-24 11:41:26,voicemail,Lucia Romero
SUMM-A001315,SUMM-L00355,call,2026-05-24 12:46:48,voicemail,Andre Coleman
SUMM-A001316,SUMM-L00455,call,2026-05-24 13:29:30,connected,Caleb Turner
SUMM-A001317,SUMM-L00386,call,2026-05-24 15:07:33,connected,Caleb Turner
SUMM-A001318,SUMM-L00436,Email,2026-05-24 15:45:04,sent,Hannah Price
SUMM-A001319,SUMM-L00447,meeting,2026-05-24 17:24:26,held,Maya Ortiz
SUMM-A001320,SUMM-L00421,call,2026-05-24 18:29:05,voicemail,Caleb Turner
SUMM-A001321,SUMM-L00402,meeting,2026-05-24 18:37:29,held,Maya Ortiz
SUMM-A001322,SUMM-L00452,email,2026-05-24 20:16:15,sent,Caleb Turner
SUMM-A001323,SUMM-L00280,email,2026-05-24 21:09:56,sent,Caleb Turner
SUMM-A001324,SUMM-L00420,email,2026-05-24 22:28:56,sent,Andre Coleman
SUMM-A001325,SUMM-L00446,email,2026-05-24 23:02:36,replied,Lucia Romero
SUMM-A001326,SUMM-L00446,email,2026-05-24 23:39:46,sent,Lucia Romero
SUMM-A001327,SUMM-L00450,Email,2026-05-25 01:04:35,replied,Andre Coleman
SUMM-A001328,SUMM-L00369,call,2026-05-25 05:00:37,connected,Andre Coleman
SUMM-A001329,SUMM-L00444,call,2026-05-25 05:27:42,no_answer,Ben Foster
SUMM-A001330,SUMM-L00444,email,2026-05-25 05:28:08,sent,Ben Foster
SUMM-A001331,SUMM-L00444,email,2026-05-25 05:28:25,sent,Ben Foster
SUMM-A001332,SUMM-L00444,email,2026-05-25 05:28:39,sent,Ben Foster
SUMM-A001333,SUMM-L00458,CALL,2026-05-25 05:31:36,voicemail,Lucia Romero
SUMM-A001334,SUMM-L00453,call,2026-05-25 05:50:44,no_answer,Caleb Turner
SUMM-A001335,SUMM-L00308,email,2026-05-25 06:44:37,sent,Caleb Turner
SUMM-A001336,SUMM-L00453,email,2026-05-25 08:08:30,sent,Caleb Turner
SUMM-A001337,SUMM-L00377,EMAIL,2026-05-25 09:31:41,bounced,Hannah Price
SUMM-A001338,SUMM-L00452,call,2026-05-25 09:58:39,voicemail,Caleb Turner
SUMM-A001339,SUMM-L00364,email,2026-05-25 10:11:07,sent,Andre Coleman
SUMM-A001340,SUMM-L00456,email,2026-05-25 11:47:16,replied,Lucia Romero
SUMM-A001341,SUMM-L00459,CALL,2026-05-25 11:47:25,no_answer,Maya Ortiz
SUMM-A001342,SUMM-L00352,email,2026-05-25 12:59:59,sent,Caleb Turner
SUMM-A001343,SUMM-L00462,call,2026-05-25 13:28:23,connected,Andre Coleman
SUMM-A001344,SUMM-L00453,email,2026-05-25 14:05:28,sent,Caleb Turner
SUMM-A001345,SUMM-L00453,call,2026-05-25 16:44:28,no_answer,Caleb Turner
SUMM-A001346,SUMM-L00458,email,2026-05-25 16:55:03,replied,Lucia Romero
SUMM-A001347,SUMM-L00435,email,2026-05-25 17:53:38,sent,Hannah Price
SUMM-A001348,SUMM-L00461,call,2026-05-25 19:12:59,no_answer,Maya Ortiz
SUMM-A001349,SUMM-L00389,email,2026-05-25 19:39:18,sent,Andre Coleman
SUMM-A001350,SUMM-L00464,call,2026-05-25 19:53:58,connected,Ben Foster
SUMM-A001351,SUMM-L00460,call,2026-05-25 22:52:29,voicemail,Hannah Price
SUMM-A001352,SUMM-L00464,CALL,2026-05-25 23:42:34,connected,Ben Foster
SUMM-A001353,SUMM-L00465,email,2026-05-25 23:45:40,sent,Caleb Turner
SUMM-A001354,SUMM-L00270,email,2026-05-26 01:12:31,sent,Maya Ortiz
SUMM-A001355,SUMM-L00278,call,2026-05-26 02:26:07,no_answer,Andre Coleman
SUMM-A001356,SUMM-L00466,email,2026-05-26 02:30:39,sent,Caleb Turner
SUMM-A001357,SUMM-L00460,email,2026-05-26 02:44:30,sent,Hannah Price
SUMM-A001358,SUMM-L00469,email,2026-05-26 03:40:54,sent,Ben Foster
SUMM-A001359,SUMM-L00289,CALL,2026-05-26 04:22:13,no_answer,Lucia Romero
SUMM-A001360,SUMM-L00236,email,2026-05-26 04:29:59,sent,Hannah Price
SUMM-A001361,SUMM-L00471,call,2026-05-26 05:25:19,voicemail,Ben Foster
SUMM-A001362,SUMM-L00464,call,2026-05-26 05:53:34,no_answer,Ben Foster
SUMM-A001363,SUMM-L00467,email,2026-05-26 08:02:59,replied,Maya Ortiz
SUMM-A001364,SUMM-L00457,call,2026-05-26 08:45:53,no_answer,Andre Coleman
SUMM-A001365,SUMM-L00405,email,2026-05-26 09:09:15,replied,Caleb Turner
SUMM-A001366,SUMM-L00399,MEETING,2026-05-26 09:22:57,held,Caleb Turner
SUMM-A001367,SUMM-L00464,CALL,2026-05-26 10:14:03,no_answer,Ben Foster
SUMM-A001368,SUMM-L00336,call,2026-05-26 10:52:22,no_answer,Caleb Turner
SUMM-A001369,SUMM-L00383,call,2026-05-26 11:44:52,no_answer,Lucia Romero
SUMM-A001370,SUMM-L00465,email,2026-05-26 11:48:38,sent,Caleb Turner
SUMM-A001371,SUMM-L00465,email,2026-05-26 12:33:51,sent,Caleb Turner
SUMM-A001372,SUMM-L00464,call,2026-05-26 13:37:15,connected,Ben Foster
SUMM-A001373,SUMM-L00332,call,2026-05-26 13:37:19,voicemail,Lucia Romero
SUMM-A001374,SUMM-L00463,call,2026-05-26 13:42:39,voicemail,Caleb Turner
SUMM-A001375,SUMM-L00472,CALL,2026-05-26 14:06:47,voicemail,Caleb Turner
SUMM-A001376,SUMM-L00376,Email,2026-05-26 14:12:34,sent,Andre Coleman
SUMM-A001377,SUMM-L00460,call,2026-05-26 15:47:34,connected,Hannah Price
SUMM-A001378,SUMM-L00282,CALL,2026-05-26 15:57:47,no_answer,Maya Ortiz
SUMM-A001379,SUMM-L00352,Email,2026-05-26 16:49:09,sent,Caleb Turner
SUMM-A001380,SUMM-L00464,meeting,2026-05-26 17:03:44,held,Ben Foster
SUMM-A001381,SUMM-L00464,CALL,2026-05-26 17:48:21,connected,Ben Foster
SUMM-A001382,SUMM-L00464,email,2026-05-26 18:28:54,replied,Ben Foster
SUMM-A001383,SUMM-L00409,EMAIL,2026-05-26 18:43:16,sent,Ben Foster
SUMM-A001384,SUMM-L00474,Call,2026-05-26 20:04:34,connected,Maya Ortiz
SUMM-A001385,SUMM-L00448,call,2026-05-26 20:12:43,no_answer,Hannah Price
SUMM-A001386,SUMM-L00465,call,2026-05-26 20:39:16,connected,Caleb Turner
SUMM-A001387,SUMM-L00475,email,2026-05-26 21:27:12,sent,Andre Coleman
SUMM-A001388,SUMM-L00476,Email,2026-05-26 23:48:04,sent,Andre Coleman
SUMM-A001389,SUMM-L00405,email,2026-05-27 00:07:58,sent,Caleb Turner
SUMM-A001390,SUMM-L00361,email,2026-05-27 00:19:18,sent,Andre Coleman
SUMM-A001391,SUMM-L00472,email,2026-05-27 00:21:16,sent,Caleb Turner
SUMM-A001392,SUMM-L00473,email,2026-05-27 00:36:02,replied,Hannah Price
SUMM-A001393,SUMM-L00477,email,2026-05-27 01:22:33,sent,Caleb Turner
SUMM-A001394,SUMM-L00343,email,2026-05-27 01:38:58,bounced,Maya Ortiz
SUMM-A001395,SUMM-L00222,EMAIL,2026-05-27 02:27:23,sent,Ben Foster
SUMM-A001396,SUMM-L00435,call,2026-05-27 04:00:46,no_answer,Hannah Price
SUMM-A001397,SUMM-L00185,email,2026-05-27 04:16:40,bounced,Maya Ortiz
SUMM-A001398,SUMM-L00480,call,2026-05-27 04:35:36,connected,Summit Dispatch Queue
SUMM-A001399,SUMM-L00468,email,2026-05-27 04:58:32,replied,Caleb Turner
SUMM-A001400,SUMM-L00334,email,2026-05-27 06:34:32,sent,Caleb Turner
SUMM-A001401,SUMM-L00479,call,2026-05-27 06:52:29,voicemail,Ben Foster
SUMM-A001402,SUMM-L00478,call,2026-05-27 11:39:59,connected,Maya Ortiz
SUMM-A001403,SUMM-L00422,call,2026-05-27 12:16:50,no_answer,Hannah Price
SUMM-A001404,SUMM-L00318,call,2026-05-27 13:35:48,no_answer,Caleb Turner
SUMM-A001405,SUMM-L00393,EMAIL,2026-05-27 13:39:25,sent,Caleb Turner
SUMM-A001406,SUMM-L00483,call,2026-05-27 14:26:06,voicemail,Hannah Price
SUMM-A001407,SUMM-L00312,CALL,2026-05-27 15:59:27,no_answer,Maya Ortiz
SUMM-A001408,SUMM-L00476,email,2026-05-27 17:16:38,sent,Andre Coleman
SUMM-A001409,SUMM-L00428,email,2026-05-27 17:23:31,sent,Andre Coleman
SUMM-A001410,SUMM-L00470,email,2026-05-27 17:39:46,sent,Hannah Price
SUMM-A001411,SUMM-L00470,email,2026-05-27 17:40:03,bounced,Hannah Price
SUMM-A001412,SUMM-L00470,Email,2026-05-27 17:40:20,sent,Hannah Price
SUMM-A001413,SUMM-L00470,call,2026-05-27 17:40:35,connected,Hannah Price
SUMM-A001414,SUMM-L00470,call,2026-05-27 17:40:36,no_answer,Hannah Price
SUMM-A001415,SUMM-L00477,email,2026-05-27 18:50:46,sent,Caleb Turner
SUMM-A001416,SUMM-L00336,EMAIL,2026-05-27 19:28:14,sent,Caleb Turner
SUMM-A001417,SUMM-L00484,call,2026-05-27 19:43:40,no_answer,Andre Coleman
SUMM-A001418,SUMM-L00369,email,2026-05-27 19:51:41,sent,Andre Coleman
SUMM-A001419,SUMM-L00384,email,2026-05-27 20:33:24,replied,Lucia Romero
SUMM-A001420,SUMM-L00465,call,2026-05-27 20:37:06,connected,Caleb Turner
SUMM-A001421,SUMM-L00456,call,2026-05-27 21:54:54,no_answer,Lucia Romero
SUMM-A001422,SUMM-L00485,call,2026-05-27 23:13:49,voicemail,Maya Ortiz
SUMM-A001423,SUMM-L00282,Meeting,2026-05-27 23:28:21,held,Maya Ortiz
SUMM-A001424,SUMM-L00482,call,2026-05-28 00:56:52,voicemail,Andre Coleman
SUMM-A001425,SUMM-L00411,call,2026-05-28 01:11:13,no_answer,Ben Foster
SUMM-A001426,SUMM-L00370,Email,2026-05-28 02:14:07,sent,Summit Dispatch Queue
SUMM-A001427,SUMM-L00346,Email,2026-05-28 02:29:58,sent,Maya Ortiz
SUMM-A001428,SUMM-L00481,call,2026-05-28 02:37:45,no_answer,Hannah Price
SUMM-A001429,SUMM-L00341,email,2026-05-28 03:54:25,sent,Ben Foster
SUMM-A001430,SUMM-L00488,Call,2026-05-28 04:28:36,connected,Andre Coleman
SUMM-A001431,SUMM-L00377,call,2026-05-28 04:43:34,connected,Hannah Price
SUMM-A001432,SUMM-L00348,Call,2026-05-28 05:25:44,connected,Ben Foster
SUMM-A001433,SUMM-L00441,call,2026-05-28 07:11:27,no_answer,Andre Coleman
SUMM-A001434,SUMM-L00476,call,2026-05-28 07:21:44,connected,Andre Coleman
SUMM-A001435,SUMM-L00460,call,2026-05-28 07:36:19,no_answer,Hannah Price
SUMM-A001436,SUMM-L00469,email,2026-05-28 07:43:17,sent,Ben Foster
SUMM-A001437,SUMM-L00486,email,2026-05-28 08:08:28,replied,Andre Coleman
SUMM-A001438,SUMM-L00489,call,2026-05-28 08:45:45,no_answer,Maya Ortiz
SUMM-A001439,SUMM-L00433,call,2026-05-28 10:01:48,connected,Caleb Turner
SUMM-A001440,SUMM-L00465,email,2026-05-28 11:02:47,replied,Caleb Turner
SUMM-A001441,SUMM-L00346,call,2026-05-28 11:46:43,connected,Maya Ortiz
SUMM-A001442,SUMM-L00487,email,2026-05-28 13:18:46,replied,Andre Coleman
SUMM-A001443,SUMM-L00353,Call,2026-05-28 13:20:23,no_answer,Caleb Turner
SUMM-A001444,SUMM-L00491,call,2026-05-28 13:28:19,connected,Andre Coleman
SUMM-A001445,SUMM-L00478,call,2026-05-28 13:47:51,no_answer,Maya Ortiz
SUMM-A001446,SUMM-L00478,MEETING,2026-05-28 13:53:59,held,Maya Ortiz
SUMM-A001447,SUMM-L00478,meeting,2026-05-28 14:19:25,no_show,Maya Ortiz
SUMM-A001448,SUMM-L00467,call,2026-05-28 15:07:51,voicemail,Maya Ortiz
SUMM-A001449,SUMM-L00478,call,2026-05-28 15:11:52,no_answer,Maya Ortiz
SUMM-A001450,SUMM-L00494,call,2026-05-28 15:54:05,voicemail,Maya Ortiz
SUMM-A001451,SUMM-L00399,call,2026-05-28 18:06:43,no_answer,Caleb Turner
SUMM-A001452,SUMM-L00460,call,2026-05-28 18:35:41,connected,Hannah Price
SUMM-A001453,SUMM-L00477,email,2026-05-28 18:50:25,sent,Caleb Turner
SUMM-A001454,SUMM-L00353,email,2026-05-28 19:06:50,replied,Caleb Turner
SUMM-A001455,SUMM-L00405,email,2026-05-28 19:22:39,sent,Caleb Turner
SUMM-A001456,SUMM-L00493,call,2026-05-28 19:32:52,no_answer,Andre Coleman
SUMM-A001457,SUMM-L00496,email,2026-05-28 19:49:23,replied,Lucia Romero
SUMM-A001458,SUMM-L00309,call,2026-05-28 20:03:41,connected,Maya Ortiz
SUMM-A001459,SUMM-L00490,email,2026-05-28 21:15:40,sent,Ben Foster
SUMM-A001460,SUMM-L00476,email,2026-05-28 21:51:21,sent,Andre Coleman
SUMM-A001461,SUMM-L00492,email,2026-05-28 22:33:20,sent,Caleb Turner
SUMM-A001462,SUMM-L00496,call,2026-05-28 22:38:02,no_answer,Lucia Romero
SUMM-A001463,SUMM-L00476,call,2026-05-28 23:51:09,no_answer,Andre Coleman
SUMM-A001464,SUMM-L00377,email,2026-05-29 01:24:16,sent,Hannah Price
SUMM-A001465,SUMM-L00478,Call,2026-05-29 02:17:56,no_answer,Maya Ortiz
SUMM-A001466,SUMM-L00497,email,2026-05-29 03:12:55,replied,Lucia Romero
SUMM-A001467,SUMM-L00369,email,2026-05-29 03:52:29,sent,Andre Coleman
SUMM-A001468,SUMM-L00495,email,2026-05-29 03:55:47,sent,Hannah Price
SUMM-A001469,SUMM-L00491,call,2026-05-29 04:22:37,no_answer,Andre Coleman
SUMM-A001470,SUMM-L00498,CALL,2026-05-29 04:31:42,voicemail,Hannah Price
SUMM-A001471,SUMM-L00419,email,2026-05-29 05:21:12,sent,Lucia Romero
SUMM-A001472,SUMM-L00356,call,2026-05-29 06:13:22,no_answer,Maya Ortiz
SUMM-A001473,SUMM-L00450,call,2026-05-29 07:03:12,connected,Andre Coleman
SUMM-A001474,SUMM-L00495,email,2026-05-29 07:06:35,sent,Hannah Price
SUMM-A001475,SUMM-L00483,call,2026-05-29 07:06:53,no_answer,Hannah Price
SUMM-A001476,SUMM-L00140,meeting,2026-05-29 07:07:32,rescheduled,Maya Ortiz
SUMM-A001477,SUMM-L00485,Email,2026-05-29 07:23:42,replied,Maya Ortiz
SUMM-A001478,SUMM-L00457,Email,2026-05-29 07:34:41,sent,Andre Coleman
SUMM-A001479,SUMM-L00485,call,2026-05-29 08:48:52,no_answer,Maya Ortiz
SUMM-A001480,SUMM-L00222,email,2026-05-29 09:13:25,sent,Ben Foster
SUMM-A001481,SUMM-L00450,email,2026-05-29 09:21:21,sent,Andre Coleman
SUMM-A001482,SUMM-L00495,call,2026-05-29 09:35:42,connected,Hannah Price
SUMM-A001483,SUMM-L00496,CALL,2026-05-29 09:49:55,connected,Lucia Romero
SUMM-A001484,SUMM-L00450,email,2026-05-29 11:24:35,sent,Andre Coleman
SUMM-A001485,SUMM-L00370,EMAIL,2026-05-29 13:30:25,sent,Summit Dispatch Queue
SUMM-A001486,SUMM-L00352,email,2026-05-29 15:54:36,sent,Caleb Turner
SUMM-A001487,SUMM-L00384,email,2026-05-29 16:36:29,sent,Lucia Romero
SUMM-A001488,SUMM-L00476,email,2026-05-29 16:50:16,sent,Andre Coleman
SUMM-A001489,SUMM-L00501,email,2026-05-29 17:08:38,sent,Maya Ortiz
SUMM-A001490,SUMM-L00495,email,2026-05-29 17:28:52,sent,Hannah Price
SUMM-A001491,SUMM-L00500,call,2026-05-29 17:30:00,no_answer,Maya Ortiz
SUMM-A001492,SUMM-L00460,email,2026-05-29 17:49:56,replied,Hannah Price
SUMM-A001493,SUMM-L00435,email,2026-05-29 17:58:21,sent,Hannah Price
SUMM-A001494,SUMM-L00373,Email,2026-05-29 19:08:17,sent,Caleb Turner
SUMM-A001495,SUMM-L00495,call,2026-05-29 19:41:05,no_answer,Hannah Price
SUMM-A001496,SUMM-L00497,call,2026-05-29 20:09:55,connected,Lucia Romero
SUMM-A001497,SUMM-L00503,email,2026-05-29 20:51:08,sent,Andre Coleman
SUMM-A001498,SUMM-L00502,email,2026-05-29 22:58:11,sent,Andre Coleman
SUMM-A001499,SUMM-L00496,call,2026-05-29 23:08:25,voicemail,Lucia Romero
SUMM-A001500,SUMM-L00341,EMAIL,2026-05-30 00:36:26,sent,Ben Foster
SUMM-A001501,SUMM-L00479,call,2026-05-30 00:38:32,no_answer,Ben Foster
SUMM-A001502,SUMM-L00479,email,2026-05-30 02:51:44,replied,Ben Foster
SUMM-A001503,SUMM-L00505,call,2026-05-30 04:20:18,connected,Hannah Price
SUMM-A001504,SUMM-L00401,call,2026-05-30 05:25:21,no_answer,Ben Foster
SUMM-A001505,SUMM-L00431,email,2026-05-30 06:13:32,sent,Caleb Turner
SUMM-A001506,SUMM-L00481,call,2026-05-30 06:37:33,connected,Hannah Price
SUMM-A001507,SUMM-L00394,call,2026-05-30 08:35:04,voicemail,Hannah Price
SUMM-A001508,SUMM-L00371,call,2026-05-30 09:15:10,connected,Caleb Turner
SUMM-A001509,SUMM-L00401,call,2026-05-30 10:19:57,connected,Ben Foster
SUMM-A001510,SUMM-L00497,call,2026-05-30 11:47:01,voicemail,Lucia Romero
SUMM-A001511,SUMM-L00499,call,2026-05-30 11:50:53,no_answer,Caleb Turner
SUMM-A001512,SUMM-L00478,call,2026-05-30 12:06:56,connected,Maya Ortiz
SUMM-A001513,SUMM-L00507,call,2026-05-30 12:53:20,connected,Caleb Turner
SUMM-A001514,SUMM-L00411,email,2026-05-30 12:54:15,sent,Ben Foster
SUMM-A001515,SUMM-L00499,email,2026-05-30 13:16:07,sent,Caleb Turner
SUMM-A001516,SUMM-L00506,call,2026-05-30 13:19:16,connected,Lucia Romero
SUMM-A001517,SUMM-L00497,Call,2026-05-30 14:51:29,voicemail,Lucia Romero
SUMM-A001518,SUMM-L00466,email,2026-05-30 16:31:14,sent,Caleb Turner
SUMM-A001519,SUMM-L00380,Email,2026-05-30 19:10:21,sent,Hannah Price
SUMM-A001520,SUMM-L00508,EMAIL,2026-05-30 19:19:45,sent,Maya Ortiz
SUMM-A001521,SUMM-L00432,email,2026-05-30 21:12:23,sent,Caleb Turner
SUMM-A001522,SUMM-L00512,email,2026-05-30 21:26:35,sent,Caleb Turner
SUMM-A001523,SUMM-L00509,Email,2026-05-30 22:03:11,sent,Hannah Price
SUMM-A001524,SUMM-L00501,call,2026-05-30 22:29:40,no_answer,Maya Ortiz
SUMM-A001525,SUMM-L00504,email,2026-05-30 22:56:25,sent,Andre Coleman
SUMM-A001526,SUMM-L00514,email,2026-05-30 23:16:56,bounced,Caleb Turner
SUMM-A001527,SUMM-L00437,email,2026-05-30 23:55:33,sent,Caleb Turner
SUMM-A001528,SUMM-L00497,email,2026-05-31 00:01:17,bounced,Lucia Romero
SUMM-A001529,SUMM-L00510,email,2026-05-31 00:21:25,sent,Summit Dispatch Queue
SUMM-A001530,SUMM-L00497,Email,2026-05-31 00:25:12,replied,Lucia Romero
SUMM-A001531,SUMM-L00479,Call,2026-05-31 01:17:04,connected,Ben Foster
SUMM-A001532,SUMM-L00513,email,2026-05-31 01:33:12,sent,Maya Ortiz
SUMM-A001533,SUMM-L00346,email,2026-05-31 01:50:05,sent,Maya Ortiz
SUMM-A001534,SUMM-L00403,email,2026-05-31 02:04:53,replied,Caleb Turner
SUMM-A001535,SUMM-L00358,call,2026-05-31 02:10:25,connected,Ben Foster
SUMM-A001536,SUMM-L00334,CALL,2026-05-31 03:10:54,connected,Caleb Turner
SUMM-A001537,SUMM-L00366,Call,2026-05-31 03:44:13,no_answer,Maya Ortiz
SUMM-A001538,SUMM-L00513,email,2026-05-31 05:29:13,sent,Maya Ortiz
SUMM-A001539,SUMM-L00513,meeting,2026-05-31 05:34:16,no_show,Maya Ortiz
SUMM-A001540,SUMM-L00499,call,2026-05-31 07:17:34,voicemail,Caleb Turner
SUMM-A001541,SUMM-L00326,email,2026-05-31 07:45:53,sent,Caleb Turner
SUMM-A001542,SUMM-L00452,email,2026-05-31 09:03:30,sent,Caleb Turner
SUMM-A001543,SUMM-L00515,call,2026-05-31 09:40:16,connected,Hannah Price
SUMM-A001544,SUMM-L00405,email,2026-05-31 10:50:01,sent,Caleb Turner
SUMM-A001545,SUMM-L00412,call,2026-05-31 11:13:46,no_answer,Maya Ortiz
SUMM-A001546,SUMM-L00516,call,2026-05-31 11:28:17,no_answer,Caleb Turner
SUMM-A001547,SUMM-L00517,email,2026-05-31 13:14:20,sent,Hannah Price
SUMM-A001548,SUMM-L00499,email,2026-05-31 13:51:33,sent,Caleb Turner
SUMM-A001549,SUMM-L00466,email,2026-05-31 15:48:30,replied,Caleb Turner
SUMM-A001550,SUMM-L00450,CALL,2026-05-31 16:13:49,connected,Andre Coleman
SUMM-A001551,SUMM-L00469,call,2026-05-31 17:05:26,connected,Ben Foster
SUMM-A001552,SUMM-L00373,CALL,2026-05-31 17:17:15,no_answer,Caleb Turner
SUMM-A001553,SUMM-L00483,email,2026-05-31 17:21:12,sent,Hannah Price
SUMM-A001554,SUMM-L00518,email,2026-05-31 17:50:02,replied,Andre Coleman
SUMM-A001555,SUMM-L00364,email,2026-05-31 17:57:41,replied,Andre Coleman
SUMM-A001556,SUMM-L00395,email,2026-05-31 19:28:56,sent,Caleb Turner
SUMM-A001557,SUMM-L00450,email,2026-05-31 20:19:05,replied,Andre Coleman
SUMM-A001558,SUMM-L00478,email,2026-05-31 21:25:29,replied,Maya Ortiz
SUMM-A001559,SUMM-L00519,call,2026-05-31 21:37:33,no_answer,Caleb Turner
SUMM-A001560,SUMM-L00347,call,2026-05-31 22:01:56,connected,Lucia Romero
SUMM-A001561,SUMM-L00222,email,2026-05-31 22:04:06,sent,Ben Foster
SUMM-A001562,SUMM-L00520,email,2026-05-31 22:16:17,sent,Hannah Price
SUMM-A001563,SUMM-L00478,meeting,2026-05-31 23:06:58,no_show,Maya Ortiz
SUMM-A001564,SUMM-L00478,call,2026-05-31 23:53:18,no_answer,Maya Ortiz
SUMM-A001565,SUMM-L00466,CALL,2026-06-01 00:18:21,connected,Caleb Turner
SUMM-A001566,SUMM-L00523,call,2026-06-01 00:45:48,connected,Caleb Turner
SUMM-A001567,SUMM-L00440,email,2026-06-01 01:34:57,sent,Caleb Turner
SUMM-A001568,SUMM-L00522,email,2026-06-01 03:06:46,bounced,Caleb Turner
SUMM-A001569,SUMM-L00348,EMAIL,2026-06-01 04:00:57,replied,Ben Foster
SUMM-A001570,SUMM-L00524,CALL,2026-06-01 07:15:44,connected,Maya Ortiz
SUMM-A001571,SUMM-L00525,call,2026-06-01 09:40:50,connected,Maya Ortiz
SUMM-A001572,SUMM-L00328,email,2026-06-01 10:15:20,sent,Hannah Price
SUMM-A001573,SUMM-L00461,call,2026-06-01 12:06:25,no_answer,Maya Ortiz
SUMM-A001574,SUMM-L00499,call,2026-06-01 12:49:44,voicemail,Caleb Turner
SUMM-A001575,SUMM-L00457,email,2026-06-01 14:38:05,sent,Andre Coleman
SUMM-A001576,SUMM-L00433,call,2026-06-01 15:15:12,no_answer,Caleb Turner
SUMM-A001577,SUMM-L00527,call,2026-06-01 16:59:05,connected,Hannah Price
SUMM-A001578,SUMM-L00513,email,2026-06-01 17:16:41,sent,Maya Ortiz
SUMM-A001579,SUMM-L00530,CALL,2026-06-01 17:30:36,no_answer,Summit Dispatch Queue
SUMM-A001580,SUMM-L00477,email,2026-06-01 17:42:15,sent,Caleb Turner
SUMM-A001581,SUMM-L00481,meeting,2026-06-01 17:47:51,held,Hannah Price
SUMM-A001582,SUMM-L00352,call,2026-06-01 18:03:28,connected,Caleb Turner
SUMM-A001583,SUMM-L00478,email,2026-06-01 18:16:12,sent,Maya Ortiz
SUMM-A001584,SUMM-L00521,call,2026-06-01 18:19:52,connected,Lucia Romero
SUMM-A001585,SUMM-L00526,email,2026-06-01 18:20:21,sent,Andre Coleman
SUMM-A001586,SUMM-L00531,EMAIL,2026-06-01 19:55:36,sent,Andre Coleman
SUMM-A001587,SUMM-L00528,call,2026-06-01 20:03:03,no_answer,Lucia Romero
SUMM-A001588,SUMM-L00515,CALL,2026-06-01 21:08:19,connected,Hannah Price
SUMM-A001589,SUMM-L00518,call,2026-06-01 21:10:10,connected,Andre Coleman
SUMM-A001590,SUMM-L00527,email,2026-06-01 22:47:04,sent,Hannah Price
SUMM-A001591,SUMM-L00529,call,2026-06-01 23:09:33,no_answer,Caleb Turner
SUMM-A001592,SUMM-L00533,call,2026-06-01 23:45:33,no_answer,Andre Coleman
SUMM-A001593,SUMM-L00515,call,2026-06-02 02:10:34,voicemail,Hannah Price
SUMM-A001594,SUMM-L00493,email,2026-06-02 02:43:21,sent,Andre Coleman
SUMM-A001595,SUMM-L00296,email,2026-06-02 03:21:02,sent,Caleb Turner
SUMM-A001596,SUMM-L00420,email,2026-06-02 04:18:15,sent,Andre Coleman
SUMM-A001597,SUMM-L00523,email,2026-06-02 04:37:36,sent,Caleb Turner
SUMM-A001598,SUMM-L00481,email,2026-06-02 04:49:29,sent,Hannah Price
SUMM-A001599,SUMM-L00411,email,2026-06-02 06:35:06,sent,Ben Foster
SUMM-A001600,SUMM-L00534,call,2026-06-02 07:39:07,voicemail,Lucia Romero
SUMM-A001601,SUMM-L00521,CALL,2026-06-02 07:48:55,voicemail,Lucia Romero
SUMM-A001602,SUMM-L00490,CALL,2026-06-02 08:34:50,voicemail,Ben Foster
SUMM-A001603,SUMM-L00401,Email,2026-06-02 12:52:48,sent,Ben Foster
SUMM-A001604,SUMM-L00440,call,2026-06-02 14:15:19,no_answer,Caleb Turner
SUMM-A001605,SUMM-L00282,email,2026-06-02 14:45:27,sent,Maya Ortiz
SUMM-A001606,SUMM-L00519,call,2026-06-02 15:48:26,voicemail,Caleb Turner
SUMM-A001607,SUMM-L00537,call,2026-06-02 15:48:50,connected,Andre Coleman
SUMM-A001608,SUMM-L00542,call,2026-06-02 15:59:32,no_answer,Lucia Romero
SUMM-A001609,SUMM-L00501,meeting,2026-06-02 16:07:14,held,Maya Ortiz
SUMM-A001610,SUMM-L00405,email,2026-06-02 16:07:21,sent,Caleb Turner
SUMM-A001611,SUMM-L00540,call,2026-06-02 18:50:09,no_answer,Caleb Turner
SUMM-A001612,SUMM-L00535,call,2026-06-02 19:02:46,no_answer,Maya Ortiz
SUMM-A001613,SUMM-L00541,email,2026-06-02 19:37:45,sent,Maya Ortiz
SUMM-A001614,SUMM-L00461,call,2026-06-02 21:00:52,connected,Maya Ortiz
SUMM-A001615,SUMM-L00544,email,2026-06-02 21:29:37,sent,Hannah Price
SUMM-A001616,SUMM-L00508,call,2026-06-02 22:07:50,voicemail,Maya Ortiz
SUMM-A001617,SUMM-L00546,call,2026-06-02 22:27:21,voicemail,Lucia Romero
SUMM-A001618,SUMM-L00501,meeting,2026-06-03 01:32:43,held,Maya Ortiz
SUMM-A001619,SUMM-L00536,Email,2026-06-03 01:42:12,sent,Lucia Romero
SUMM-A001620,SUMM-L00543,call,2026-06-03 02:52:03,connected,Andre Coleman
SUMM-A001621,SUMM-L00483,meeting,2026-06-03 03:07:14,held,Hannah Price
SUMM-A001622,SUMM-L00434,Email,2026-06-03 03:30:34,sent,Andre Coleman
SUMM-A001623,SUMM-L00535,email,2026-06-03 05:04:18,replied,Maya Ortiz
SUMM-A001624,SUMM-L00550,call,2026-06-03 05:42:43,no_answer,Maya Ortiz
SUMM-A001625,SUMM-L00548,email,2026-06-03 06:05:06,sent,Hannah Price
SUMM-A001626,SUMM-L00222,email,2026-06-03 07:09:02,sent,Ben Foster
SUMM-A001627,SUMM-L00456,call,2026-06-03 07:20:51,connected,Lucia Romero
SUMM-A001628,SUMM-L00539,email,2026-06-03 07:37:52,replied,Andre Coleman
SUMM-A001629,SUMM-L00539,email,2026-06-03 08:14:17,sent,Andre Coleman
SUMM-A001630,SUMM-L00479,email,2026-06-03 08:46:03,sent,Ben Foster
SUMM-A001631,SUMM-L00436,email,2026-06-03 08:57:33,sent,Hannah Price
SUMM-A001632,SUMM-L00532,call,2026-06-03 08:59:21,connected,Caleb Turner
SUMM-A001633,SUMM-L00538,CALL,2026-06-03 09:06:18,no_answer,Lucia Romero
SUMM-A001634,SUMM-L00554,call,2026-06-03 09:30:07,voicemail,Andre Coleman
SUMM-A001635,SUMM-L00549,call,2026-06-03 10:01:13,no_answer,Maya Ortiz
SUMM-A001636,SUMM-L00373,CALL,2026-06-03 10:15:04,connected,Caleb Turner
SUMM-A001637,SUMM-L00547,CALL,2026-06-03 10:26:13,no_answer,Hannah Price
SUMM-A001638,SUMM-L00551,call,2026-06-03 11:27:10,voicemail,Caleb Turner
SUMM-A001639,SUMM-L00518,call,2026-06-03 11:51:23,no_answer,Andre Coleman
SUMM-A001640,SUMM-L00539,meeting,2026-06-03 11:58:49,no_show,Andre Coleman
SUMM-A001641,SUMM-L00550,EMAIL,2026-06-03 12:44:32,sent,Maya Ortiz
SUMM-A001642,SUMM-L00552,call,2026-06-03 12:52:37,voicemail,Ben Foster
SUMM-A001643,SUMM-L00520,email,2026-06-03 13:23:27,sent,Hannah Price
SUMM-A001644,SUMM-L00555,email,2026-06-03 13:47:24,replied,Hannah Price
SUMM-A001645,SUMM-L00440,email,2026-06-03 21:27:11,replied,Caleb Turner
SUMM-A001646,SUMM-L00553,call,2026-06-03 23:26:59,connected,Caleb Turner
SUMM-A001647,SUMM-L00560,email,2026-06-04 00:15:28,sent,Hannah Price
SUMM-A001648,SUMM-L00504,call,2026-06-04 01:01:43,connected,Andre Coleman
SUMM-A001649,SUMM-L00561,call,2026-06-04 01:17:27,connected,Maya Ortiz
SUMM-A001650,SUMM-L00559,email,2026-06-04 01:55:18,sent,Caleb Turner
SUMM-A001651,SUMM-L00377,call,2026-06-04 02:07:07,connected,Hannah Price
SUMM-A001652,SUMM-L00456,call,2026-06-04 02:12:12,connected,Lucia Romero
SUMM-A001653,SUMM-L00540,call,2026-06-04 02:15:21,no_answer,Caleb Turner
SUMM-A001654,SUMM-L00536,meeting,2026-06-04 03:57:04,held,Lucia Romero
SUMM-A001655,SUMM-L00545,email,2026-06-04 03:57:27,sent,Ben Foster
SUMM-A001656,SUMM-L00539,call,2026-06-04 06:42:04,no_answer,Andre Coleman
SUMM-A001657,SUMM-L00557,call,2026-06-04 07:53:10,connected,Hannah Price
SUMM-A001658,SUMM-L00504,call,2026-06-04 08:27:04,no_answer,Andre Coleman
SUMM-A001659,SUMM-L00414,email,2026-06-04 09:11:37,replied,Lucia Romero
SUMM-A001660,SUMM-L00516,call,2026-06-04 09:44:17,no_answer,Caleb Turner
SUMM-A001661,SUMM-L00338,call,2026-06-04 09:54:07,no_answer,Ben Foster
SUMM-A001662,SUMM-L00565,email,2026-06-04 10:21:32,sent,Maya Ortiz
SUMM-A001663,SUMM-L00488,email,2026-06-04 11:33:17,sent,Andre Coleman
SUMM-A001664,SUMM-L00566,call,2026-06-04 12:06:38,no_answer,Caleb Turner
SUMM-A001665,SUMM-L00570,call,2026-06-04 12:46:50,no_answer,Lucia Romero
SUMM-A001666,SUMM-L00432,email,2026-06-04 13:17:21,replied,Caleb Turner
SUMM-A001667,SUMM-L00507,Email,2026-06-04 13:22:06,bounced,Caleb Turner
SUMM-A001668,SUMM-L00501,call,2026-06-04 13:37:58,voicemail,Maya Ortiz
SUMM-A001669,SUMM-L00390,EMAIL,2026-06-04 14:18:00,sent,Caleb Turner
SUMM-A001670,SUMM-L00556,email,2026-06-04 14:31:38,sent,Caleb Turner
SUMM-A001671,SUMM-L00567,call,2026-06-04 15:14:13,voicemail,Lucia Romero
SUMM-A001672,SUMM-L00457,EMAIL,2026-06-04 15:31:16,sent,Andre Coleman
SUMM-A001673,SUMM-L00571,call,2026-06-04 15:37:47,connected,Caleb Turner
SUMM-A001674,SUMM-L00568,email,2026-06-04 15:42:23,sent,Andre Coleman
SUMM-A001675,SUMM-L00564,call,2026-06-04 16:08:36,no_answer,Maya Ortiz
SUMM-A001676,SUMM-L00289,call,2026-06-04 16:11:22,connected,Lucia Romero
SUMM-A001677,SUMM-L00558,CALL,2026-06-04 17:58:22,connected,Hannah Price
SUMM-A001678,SUMM-L00450,email,2026-06-04 18:00:43,sent,Andre Coleman
SUMM-A001679,SUMM-L00518,call,2026-06-04 19:21:43,connected,Andre Coleman
SUMM-A001680,SUMM-L00456,email,2026-06-04 20:37:11,replied,Lucia Romero
SUMM-A001681,SUMM-L00418,email,2026-06-04 20:38:18,bounced,Caleb Turner
SUMM-A001682,SUMM-L00573,call,2026-06-04 20:50:16,no_answer,Caleb Turner
SUMM-A001683,SUMM-L00576,call,2026-06-04 21:14:51,voicemail,Lucia Romero
SUMM-A001684,SUMM-L00563,call,2026-06-04 21:26:53,connected,Ben Foster
SUMM-A001685,SUMM-L00578,email,2026-06-04 21:30:46,sent,Maya Ortiz
SUMM-A001686,SUMM-L00450,email,2026-06-04 22:40:53,replied,Andre Coleman
SUMM-A001687,SUMM-L00568,email,2026-06-04 22:47:56,sent,Andre Coleman
SUMM-A001688,SUMM-L00579,Call,2026-06-04 23:17:24,voicemail,Andre Coleman
SUMM-A001689,SUMM-L00567,email,2026-06-04 23:28:37,sent,Lucia Romero
SUMM-A001690,SUMM-L00575,Call,2026-06-04 23:35:16,connected,Maya Ortiz
SUMM-A001691,SUMM-L00508,call,2026-06-04 23:36:42,no_answer,Maya Ortiz
SUMM-A001692,SUMM-L00449,email,2026-06-04 23:42:41,sent,Andre Coleman
SUMM-A001693,SUMM-L00515,call,2026-06-05 00:10:39,voicemail,Hannah Price
SUMM-A001694,SUMM-L00437,email,2026-06-05 01:15:23,sent,Caleb Turner
SUMM-A001695,SUMM-L00572,call,2026-06-05 01:24:13,no_answer,Andre Coleman
SUMM-A001696,SUMM-L00501,CALL,2026-06-05 01:28:41,connected,Maya Ortiz
SUMM-A001697,SUMM-L00352,email,2026-06-05 01:46:05,replied,Caleb Turner
SUMM-A001698,SUMM-L00527,email,2026-06-05 02:26:42,sent,Hannah Price
SUMM-A001699,SUMM-L00575,email,2026-06-05 02:58:14,replied,Maya Ortiz
SUMM-A001700,SUMM-L00574,call,2026-06-05 03:23:01,connected,Andre Coleman
SUMM-A001701,SUMM-L00562,call,2026-06-05 04:44:17,connected,Caleb Turner
SUMM-A001702,SUMM-L00579,call,2026-06-05 04:45:27,connected,Andre Coleman
SUMM-A001703,SUMM-L00580,call,2026-06-05 05:50:24,no_answer,Caleb Turner
SUMM-A001704,SUMM-L00430,email,2026-06-05 08:26:07,sent,Caleb Turner
SUMM-A001705,SUMM-L00574,meeting,2026-06-05 08:28:05,held,Andre Coleman
SUMM-A001706,SUMM-L00582,email,2026-06-05 09:21:47,sent,Maya Ortiz
SUMM-A001707,SUMM-L00494,call,2026-06-05 09:52:18,connected,Maya Ortiz
SUMM-A001708,SUMM-L00571,meeting,2026-06-05 10:12:56,no_show,Caleb Turner
SUMM-A001709,SUMM-L00583,email,2026-06-05 10:40:57,replied,Maya Ortiz
SUMM-A001710,SUMM-L00450,email,2026-06-05 11:50:31,sent,Andre Coleman
SUMM-A001711,SUMM-L00395,EMAIL,2026-06-05 12:45:38,sent,Caleb Turner
SUMM-A001712,SUMM-L00505,call,2026-06-05 13:52:15,no_answer,Hannah Price
SUMM-A001713,SUMM-L00574,Call,2026-06-05 14:32:04,no_answer,Andre Coleman
SUMM-A001714,SUMM-L00527,email,2026-06-05 15:12:33,sent,Hannah Price
SUMM-A001715,SUMM-L00570,call,2026-06-05 16:12:01,voicemail,Lucia Romero
SUMM-A001716,SUMM-L00498,email,2026-06-05 17:14:00,sent,Hannah Price
SUMM-A001717,SUMM-L00585,call,2026-06-05 17:24:04,no_answer,Andre Coleman
SUMM-A001718,SUMM-L00388,Call,2026-06-05 17:28:25,voicemail,Caleb Turner
SUMM-A001719,SUMM-L00586,Call,2026-06-05 17:42:28,connected,Andre Coleman
SUMM-A001720,SUMM-L00587,email,2026-06-05 17:46:53,sent,Hannah Price
SUMM-A001721,SUMM-L00582,email,2026-06-05 17:53:46,sent,Maya Ortiz
SUMM-A001722,SUMM-L00581,call,2026-06-05 18:25:25,connected,Caleb Turner
SUMM-A001723,SUMM-L00536,email,2026-06-05 19:28:29,sent,Lucia Romero
SUMM-A001724,SUMM-L00486,EMAIL,2026-06-05 20:31:07,sent,Andre Coleman
SUMM-A001725,SUMM-L00584,email,2026-06-05 20:32:06,replied,Andre Coleman
SUMM-A001726,SUMM-L00588,call,2026-06-05 21:02:47,no_answer,Summit Dispatch Queue
SUMM-A001727,SUMM-L00583,call,2026-06-05 21:31:18,connected,Maya Ortiz
SUMM-A001728,SUMM-L00472,email,2026-06-05 21:58:01,bounced,Caleb Turner
SUMM-A001729,SUMM-L00589,call,2026-06-05 22:36:42,no_answer,Ben Foster
SUMM-A001730,SUMM-L00338,Meeting,2026-06-05 23:23:45,held,Ben Foster
SUMM-A001731,SUMM-L00527,Call,2026-06-05 23:27:45,connected,Hannah Price
SUMM-A001732,SUMM-L00418,email,2026-06-05 23:42:05,sent,Caleb Turner
SUMM-A001733,SUMM-L00569,call,2026-06-05 23:45:27,voicemail,Caleb Turner
SUMM-A001734,SUMM-L00488,call,2026-06-06 00:14:08,connected,Andre Coleman
SUMM-A001735,SUMM-L00531,call,2026-06-06 00:48:12,no_answer,Andre Coleman
SUMM-A001736,SUMM-L00590,email,2026-06-06 01:23:53,sent,Maya Ortiz
SUMM-A001737,SUMM-L00592,email,2026-06-06 01:26:49,sent,Hannah Price
SUMM-A001738,SUMM-L00527,call,2026-06-06 02:59:07,connected,Hannah Price
SUMM-A001739,SUMM-L00536,email,2026-06-06 04:47:00,sent,Lucia Romero
SUMM-A001740,SUMM-L00593,EMAIL,2026-06-06 05:08:59,replied,Ben Foster
SUMM-A001741,SUMM-L00573,email,2026-06-06 05:14:59,sent,Caleb Turner
SUMM-A001742,SUMM-L00450,call,2026-06-06 05:21:26,voicemail,Andre Coleman
SUMM-A001743,SUMM-L00516,call,2026-06-06 06:42:27,no_answer,Caleb Turner
SUMM-A001744,SUMM-L00577,call,2026-06-06 07:29:44,voicemail,Caleb Turner
SUMM-A001745,SUMM-L00553,call,2026-06-06 08:23:15,connected,Caleb Turner
SUMM-A001746,SUMM-L00594,call,2026-06-06 10:46:30,no_answer,Summit Dispatch Queue
SUMM-A001747,SUMM-L00591,call,2026-06-06 11:55:26,voicemail,Maya Ortiz
SUMM-A001748,SUMM-L00578,email,2026-06-06 12:04:35,sent,Maya Ortiz
SUMM-A001749,SUMM-L00568,call,2026-06-06 12:27:18,no_answer,Andre Coleman
SUMM-A001750,SUMM-L00595,email,2026-06-06 12:28:01,sent,Ben Foster
SUMM-A001751,SUMM-L00583,call,2026-06-06 14:03:14,voicemail,Maya Ortiz
SUMM-A001752,SUMM-L00508,Meeting,2026-06-06 15:27:05,held,Maya Ortiz
SUMM-A001753,SUMM-L00348,call,2026-06-06 16:04:24,no_answer,Ben Foster
SUMM-A001754,SUMM-L00369,email,2026-06-06 16:21:45,replied,Andre Coleman
SUMM-A001755,SUMM-L00598,Call,2026-06-06 16:48:03,no_answer,Caleb Turner
SUMM-A001756,SUMM-L00437,call,2026-06-06 17:30:06,voicemail,Caleb Turner
SUMM-A001757,SUMM-L00596,Email,2026-06-06 18:27:40,sent,Caleb Turner
SUMM-A001758,SUMM-L00590,call,2026-06-06 20:13:29,voicemail,Maya Ortiz
SUMM-A001759,SUMM-L00449,Call,2026-06-06 20:14:50,connected,Andre Coleman
SUMM-A001760,SUMM-L00602,call,2026-06-06 20:22:26,voicemail,Andre Coleman
SUMM-A001761,SUMM-L00600,call,2026-06-06 20:22:38,voicemail,Caleb Turner
SUMM-A001762,SUMM-L00416,email,2026-06-06 22:02:05,sent,Caleb Turner
SUMM-A001763,SUMM-L00436,call,2026-06-06 22:04:39,voicemail,Hannah Price
SUMM-A001764,SUMM-L00568,meeting,2026-06-06 22:28:21,held,Andre Coleman
SUMM-A001765,SUMM-L00508,CALL,2026-06-06 23:25:43,no_answer,Maya Ortiz
SUMM-A001766,SUMM-L00603,call,2026-06-07 00:04:09,voicemail,Lucia Romero
SUMM-A001767,SUMM-L00525,call,2026-06-07 01:04:14,no_answer,Maya Ortiz
SUMM-A001768,SUMM-L00394,Email,2026-06-07 01:52:00,sent,Hannah Price
SUMM-A001769,SUMM-L00553,call,2026-06-07 01:57:20,no_answer,Caleb Turner
SUMM-A001770,SUMM-L00597,call,2026-06-07 02:31:30,connected,Hannah Price
SUMM-A001771,SUMM-L00369,meeting,2026-06-07 02:54:12,held,Andre Coleman
SUMM-A001772,SUMM-L00575,call,2026-06-07 03:47:41,voicemail,Maya Ortiz
SUMM-A001773,SUMM-L00601,call,2026-06-07 03:59:21,no_answer,Maya Ortiz
SUMM-A001774,SUMM-L00596,call,2026-06-07 05:11:53,voicemail,Caleb Turner
SUMM-A001775,SUMM-L00564,Email,2026-06-07 05:28:08,sent,Maya Ortiz
SUMM-A001776,SUMM-L00605,email,2026-06-07 06:29:09,sent,Maya Ortiz
SUMM-A001777,SUMM-L00515,call,2026-06-07 07:02:31,voicemail,Hannah Price
SUMM-A001778,SUMM-L00527,Meeting,2026-06-07 07:08:50,held,Hannah Price
SUMM-A001779,SUMM-L00604,email,2026-06-07 07:33:00,sent,Andre Coleman
SUMM-A001780,SUMM-L00518,call,2026-06-07 09:21:41,connected,Andre Coleman
SUMM-A001781,SUMM-L00568,Email,2026-06-07 09:35:48,sent,Andre Coleman
SUMM-A001782,SUMM-L00468,call,2026-06-07 10:17:42,no_answer,Caleb Turner
SUMM-A001783,SUMM-L00450,Email,2026-06-07 13:11:59,sent,Andre Coleman
SUMM-A001784,SUMM-L00608,call,2026-06-07 13:13:19,no_answer,Andre Coleman
SUMM-A001785,SUMM-L00606,call,2026-06-07 13:25:35,no_answer,Caleb Turner
SUMM-A001786,SUMM-L00461,meeting,2026-06-07 13:31:17,held,Maya Ortiz
SUMM-A001787,SUMM-L00609,call,2026-06-07 13:58:09,no_answer,Lucia Romero
SUMM-A001788,SUMM-L00596,call,2026-06-07 14:39:01,voicemail,Caleb Turner
SUMM-A001789,SUMM-L00596,call,2026-06-07 14:39:57,connected,Caleb Turner
SUMM-A001790,SUMM-L00590,call,2026-06-07 15:47:53,no_answer,Maya Ortiz
SUMM-A001791,SUMM-L00607,call,2026-06-07 15:56:31,connected,Caleb Turner
SUMM-A001792,SUMM-L00532,call,2026-06-07 16:00:20,voicemail,Caleb Turner
SUMM-A001793,SUMM-L00541,email,2026-06-07 16:01:01,sent,Maya Ortiz
SUMM-A001794,SUMM-L00610,call,2026-06-07 16:31:18,voicemail,Ben Foster
SUMM-A001795,SUMM-L00527,email,2026-06-07 16:33:56,sent,Hannah Price
SUMM-A001796,SUMM-L00451,call,2026-06-07 17:02:26,voicemail,Lucia Romero
SUMM-A001797,SUMM-L00297,email,2026-06-07 18:51:04,sent,Ben Foster
SUMM-A001798,SUMM-L00377,call,2026-06-07 18:58:14,no_answer,Hannah Price
SUMM-A001799,SUMM-L00508,EMAIL,2026-06-07 19:24:00,sent,Maya Ortiz
SUMM-A001800,SUMM-L00611,Call,2026-06-07 19:25:11,voicemail,Maya Ortiz
SUMM-A001801,SUMM-L00395,call,2026-06-07 20:05:00,no_answer,Caleb Turner
SUMM-A001802,SUMM-L00530,EMAIL,2026-06-07 20:22:58,bounced,Summit Dispatch Queue
SUMM-A001803,SUMM-L00611,email,2026-06-07 21:33:07,replied,Maya Ortiz
SUMM-A001804,SUMM-L00596,call,2026-06-07 21:44:40,connected,Caleb Turner
SUMM-A001805,SUMM-L00611,Meeting,2026-06-07 21:51:45,held,Maya Ortiz
SUMM-A001806,SUMM-L00511,call,2026-06-07 23:39:42,no_answer,Maya Ortiz
SUMM-A001807,SUMM-L00432,Call,2026-06-08 00:46:13,no_answer,Caleb Turner
SUMM-A001808,SUMM-L00575,email,2026-06-08 00:50:07,sent,Maya Ortiz
SUMM-A001809,SUMM-L00564,email,2026-06-08 01:14:35,sent,Maya Ortiz
SUMM-A001810,SUMM-L00407,CALL,2026-06-08 01:22:46,no_answer,Maya Ortiz
SUMM-A001811,SUMM-L00608,email,2026-06-08 01:38:30,sent,Andre Coleman
SUMM-A001812,SUMM-L00538,Email,2026-06-08 01:47:17,sent,Lucia Romero
SUMM-A001813,SUMM-L00608,call,2026-06-08 01:52:43,no_answer,Andre Coleman
SUMM-A001814,SUMM-L00608,meeting,2026-06-08 02:33:56,held,Andre Coleman
SUMM-A001815,SUMM-L00515,email,2026-06-08 03:50:08,sent,Hannah Price
SUMM-A001816,SUMM-L00614,email,2026-06-08 04:09:02,sent,Andre Coleman
SUMM-A001817,SUMM-L00559,call,2026-06-08 06:01:42,connected,Caleb Turner
SUMM-A001818,SUMM-L00140,call,2026-06-08 06:08:31,connected,Maya Ortiz
SUMM-A001819,SUMM-L00518,call,2026-06-08 06:17:01,connected,Andre Coleman
SUMM-A001820,SUMM-L00558,email,2026-06-08 06:32:10,sent,Hannah Price
SUMM-A001821,SUMM-L00599,call,2026-06-08 06:37:17,connected,Ben Foster
SUMM-A001822,SUMM-L00429,email,2026-06-08 07:31:12,sent,Caleb Turner
SUMM-A001823,SUMM-L00522,call,2026-06-08 07:40:32,connected,Caleb Turner
SUMM-A001824,SUMM-L00616,email,2026-06-08 08:11:40,sent,Ben Foster
SUMM-A001825,SUMM-L00617,email,2026-06-08 10:11:13,sent,Andre Coleman
SUMM-A001826,SUMM-L00449,email,2026-06-08 10:42:36,bounced,Andre Coleman
SUMM-A001827,SUMM-L00515,EMAIL,2026-06-08 10:46:14,sent,Hannah Price
SUMM-A001828,SUMM-L00506,call,2026-06-08 11:19:23,voicemail,Lucia Romero
SUMM-A001829,SUMM-L00623,Call,2026-06-08 11:38:45,voicemail,Caleb Turner
SUMM-A001830,SUMM-L00511,call,2026-06-08 13:23:32,connected,Maya Ortiz
SUMM-A001831,SUMM-L00613,call,2026-06-08 13:36:56,connected,Caleb Turner
SUMM-A001832,SUMM-L00450,call,2026-06-08 14:22:24,connected,Andre Coleman
SUMM-A001833,SUMM-L00457,call,2026-06-08 14:31:26,no_answer,Andre Coleman
SUMM-A001834,SUMM-L00620,email,2026-06-08 15:23:18,sent,Andre Coleman
SUMM-A001835,SUMM-L00622,email,2026-06-08 15:23:43,sent,Caleb Turner
SUMM-A001836,SUMM-L00563,email,2026-06-08 15:37:31,sent,Ben Foster
SUMM-A001837,SUMM-L00467,Call,2026-06-08 16:12:40,connected,Maya Ortiz
SUMM-A001838,SUMM-L00338,call,2026-06-08 16:16:06,connected,Ben Foster
SUMM-A001839,SUMM-L00618,call,2026-06-08 16:50:56,no_answer,Ben Foster
SUMM-A001840,SUMM-L00506,email,2026-06-08 17:05:55,sent,Lucia Romero
SUMM-A001841,SUMM-L00483,call,2026-06-08 17:24:26,connected,Hannah Price
SUMM-A001842,SUMM-L00607,meeting,2026-06-08 17:55:42,no_show,Caleb Turner
SUMM-A001843,SUMM-L00621,call,2026-06-08 18:26:27,no_answer,Maya Ortiz
SUMM-A001844,SUMM-L00562,call,2026-06-08 18:38:04,no_answer,Caleb Turner
SUMM-A001845,SUMM-L00625,CALL,2026-06-08 19:40:38,connected,Lucia Romero
SUMM-A001846,SUMM-L00608,call,2026-06-08 20:03:30,no_answer,Andre Coleman
SUMM-A001847,SUMM-L00622,CALL,2026-06-08 21:09:33,voicemail,Caleb Turner
SUMM-A001848,SUMM-L00619,call,2026-06-08 21:22:29,voicemail,Lucia Romero
SUMM-A001849,SUMM-L00620,email,2026-06-08 21:23:57,sent,Andre Coleman
SUMM-A001850,SUMM-L00524,call,2026-06-08 21:49:35,voicemail,Maya Ortiz
SUMM-A001851,SUMM-L00626,call,2026-06-08 22:06:08,no_answer,Andre Coleman
SUMM-A001852,SUMM-L00490,call,2026-06-08 22:48:57,voicemail,Ben Foster
SUMM-A001853,SUMM-L00518,email,2026-06-08 23:49:08,sent,Andre Coleman
SUMM-A001854,SUMM-L00608,call,2026-06-08 23:51:42,no_answer,Andre Coleman
SUMM-A001855,SUMM-L00531,meeting,2026-06-09 00:20:10,no_show,Andre Coleman
SUMM-A001856,SUMM-L00620,email,2026-06-09 01:23:49,sent,Andre Coleman
SUMM-A001857,SUMM-L00563,email,2026-06-09 01:34:17,replied,Ben Foster
SUMM-A001858,SUMM-L00565,meeting,2026-06-09 02:31:36,rescheduled,Maya Ortiz
SUMM-A001859,SUMM-L00557,email,2026-06-09 02:56:05,sent,Hannah Price
SUMM-A001860,SUMM-L00620,EMAIL,2026-06-09 03:33:17,bounced,Andre Coleman
SUMM-A001861,SUMM-L00633,call,2026-06-09 04:46:25,voicemail,Maya Ortiz
SUMM-A001862,SUMM-L00622,email,2026-06-09 05:37:09,sent,Caleb Turner
SUMM-A001863,SUMM-L00628,email,2026-06-09 07:17:00,sent,Andre Coleman
SUMM-A001864,SUMM-L00634,call,2026-06-09 09:59:20,no_answer,Ben Foster
SUMM-A001865,SUMM-L00617,Email,2026-06-09 10:30:21,sent,Andre Coleman
SUMM-A001866,SUMM-L00543,email,2026-06-09 11:32:00,sent,Andre Coleman
SUMM-A001867,SUMM-L00635,call,2026-06-09 11:40:26,voicemail,Maya Ortiz
SUMM-A001868,SUMM-L00632,call,2026-06-09 11:47:45,no_answer,Hannah Price
SUMM-A001869,SUMM-L00622,email,2026-06-09 11:55:44,sent,Caleb Turner
SUMM-A001870,SUMM-L00636,email,2026-06-09 12:34:02,sent,Hannah Price
SUMM-A001871,SUMM-L00517,call,2026-06-09 12:56:46,no_answer,Hannah Price
SUMM-A001872,SUMM-L00625,email,2026-06-09 13:06:33,replied,Lucia Romero
SUMM-A001873,SUMM-L00508,email,2026-06-09 13:33:14,sent,Maya Ortiz
SUMM-A001874,SUMM-L00638,CALL,2026-06-09 14:25:07,no_answer,Caleb Turner
SUMM-A001875,SUMM-L00600,EMAIL,2026-06-09 14:35:29,bounced,Caleb Turner
SUMM-A001876,SUMM-L00557,email,2026-06-09 15:06:33,sent,Hannah Price
SUMM-A001877,SUMM-L00615,CALL,2026-06-09 16:25:38,voicemail,Lucia Romero
SUMM-A001878,SUMM-L00451,call,2026-06-09 16:40:38,no_answer,Lucia Romero
SUMM-A001879,SUMM-L00421,email,2026-06-09 16:48:11,sent,Caleb Turner
SUMM-A001880,SUMM-L00506,email,2026-06-09 16:54:26,replied,Lucia Romero
SUMM-A001881,SUMM-L00501,call,2026-06-09 17:11:50,no_answer,Maya Ortiz
SUMM-A001882,SUMM-L00615,call,2026-06-09 20:11:53,voicemail,Lucia Romero
SUMM-A001883,SUMM-L00637,call,2026-06-09 21:01:17,voicemail,Andre Coleman
SUMM-A001884,SUMM-L00557,MEETING,2026-06-09 21:19:58,held,Hannah Price
SUMM-A001885,SUMM-L00642,email,2026-06-09 21:40:24,sent,Andre Coleman
SUMM-A001886,SUMM-L00624,email,2026-06-09 22:12:31,sent,Summit Dispatch Queue
SUMM-A001887,SUMM-L00418,email,2026-06-09 22:20:36,sent,Caleb Turner
SUMM-A001888,SUMM-L00639,email,2026-06-09 22:22:28,sent,Ben Foster
SUMM-A001889,SUMM-L00641,EMAIL,2026-06-09 23:07:06,sent,Caleb Turner
SUMM-A001890,SUMM-L00639,call,2026-06-09 23:17:05,voicemail,Ben Foster
SUMM-A001891,SUMM-L00622,email,2026-06-09 23:31:56,replied,Caleb Turner
SUMM-A001892,SUMM-L00630,call,2026-06-09 23:42:12,no_answer,Caleb Turner
SUMM-A001893,SUMM-L00622,Call,2026-06-09 23:43:24,voicemail,Caleb Turner
SUMM-A001894,SUMM-L00551,call,2026-06-10 01:10:32,no_answer,Caleb Turner
SUMM-A001895,SUMM-L00643,call,2026-06-10 02:44:14,connected,Lucia Romero
SUMM-A001896,SUMM-L00629,call,2026-06-10 04:24:40,connected,Andre Coleman
SUMM-A001897,SUMM-L00620,call,2026-06-10 05:16:58,voicemail,Andre Coleman
SUMM-A001898,SUMM-L00627,call,2026-06-10 05:40:59,voicemail,Andre Coleman
SUMM-A001899,SUMM-L00498,Call,2026-06-10 06:59:02,no_answer,Hannah Price
SUMM-A001900,SUMM-L00515,meeting,2026-06-10 07:57:45,held,Hannah Price
SUMM-A001901,SUMM-L00370,CALL,2026-06-10 08:08:54,no_answer,Summit Dispatch Queue
SUMM-A001902,SUMM-L00528,Email,2026-06-10 08:11:09,bounced,Lucia Romero
SUMM-A001903,SUMM-L00417,email,2026-06-10 08:12:09,sent,Caleb Turner
SUMM-A001904,SUMM-L00618,call,2026-06-10 09:18:32,voicemail,Ben Foster
SUMM-A001905,SUMM-L00515,call,2026-06-10 10:13:17,no_answer,Hannah Price
SUMM-A001906,SUMM-L00518,CALL,2026-06-10 12:46:24,no_answer,Andre Coleman
SUMM-A001907,SUMM-L00631,call,2026-06-10 12:51:41,voicemail,Hannah Price
SUMM-A001908,SUMM-L00649,email,2026-06-10 14:38:42,replied,Hannah Price
SUMM-A001909,SUMM-L00461,EMAIL,2026-06-10 14:56:09,sent,Maya Ortiz
SUMM-A001910,SUMM-L00644,call,2026-06-10 15:58:09,connected,Hannah Price
SUMM-A001911,SUMM-L00528,call,2026-06-10 16:06:11,connected,Lucia Romero
SUMM-A001912,SUMM-L00645,email,2026-06-10 16:28:40,replied,Ben Foster
SUMM-A001913,SUMM-L00593,Email,2026-06-10 17:05:57,replied,Ben Foster
SUMM-A001914,SUMM-L00650,CALL,2026-06-10 17:29:52,no_answer,Caleb Turner
SUMM-A001915,SUMM-L00637,email,2026-06-10 18:15:49,sent,Andre Coleman
SUMM-A001916,SUMM-L00534,Email,2026-06-10 19:01:02,sent,Lucia Romero
SUMM-A001917,SUMM-L00573,call,2026-06-10 19:42:36,voicemail,Caleb Turner
SUMM-A001918,SUMM-L00222,email,2026-06-10 19:53:12,replied,Ben Foster
SUMM-A001919,SUMM-L00647,call,2026-06-10 20:35:58,no_answer,Caleb Turner
SUMM-A001920,SUMM-L00651,email,2026-06-10 22:15:33,sent,Caleb Turner
SUMM-A001921,SUMM-L00556,email,2026-06-10 22:30:09,replied,Caleb Turner
SUMM-A001922,SUMM-L00540,email,2026-06-10 22:39:06,bounced,Caleb Turner
SUMM-A001923,SUMM-L00653,CALL,2026-06-10 23:21:44,voicemail,Lucia Romero
SUMM-A001924,SUMM-L00620,email,2026-06-10 23:59:52,replied,Andre Coleman
SUMM-A001925,SUMM-L00568,email,2026-06-11 00:22:50,sent,Andre Coleman
SUMM-A001926,SUMM-L00253,email,2026-06-11 00:43:34,sent,Caleb Turner
SUMM-A001927,SUMM-L00586,email,2026-06-11 02:59:12,replied,Andre Coleman
SUMM-A001928,SUMM-L00652,call,2026-06-11 03:07:21,no_answer,Hannah Price
SUMM-A001929,SUMM-L00625,call,2026-06-11 03:23:23,connected,Lucia Romero
SUMM-A001930,SUMM-L00654,CALL,2026-06-11 03:27:04,voicemail,Summit Dispatch Queue
SUMM-A001931,SUMM-L00652,Call,2026-06-11 04:14:43,connected,Hannah Price
SUMM-A001932,SUMM-L00451,email,2026-06-11 04:15:09,sent,Lucia Romero
SUMM-A001933,SUMM-L00519,email,2026-06-11 04:29:32,bounced,Caleb Turner
SUMM-A001934,SUMM-L00646,call,2026-06-11 05:10:29,connected,Ben Foster
SUMM-A001935,SUMM-L00640,EMAIL,2026-06-11 05:48:33,sent,Andre Coleman
SUMM-A001936,SUMM-L00647,call,2026-06-11 06:06:29,no_answer,Caleb Turner
SUMM-A001937,SUMM-L00652,email,2026-06-11 06:31:47,replied,Hannah Price
SUMM-A001938,SUMM-L00631,call,2026-06-11 06:34:17,no_answer,Hannah Price
SUMM-A001939,SUMM-L00631,call,2026-06-11 06:41:54,connected,Hannah Price
SUMM-A001940,SUMM-L00631,email,2026-06-11 07:57:14,sent,Hannah Price
SUMM-A001941,SUMM-L00656,call,2026-06-11 08:47:42,voicemail,Maya Ortiz
SUMM-A001942,SUMM-L00557,email,2026-06-11 12:03:10,bounced,Hannah Price
SUMM-A001943,SUMM-L00222,email,2026-06-11 12:22:47,sent,Ben Foster
SUMM-A001944,SUMM-L00658,EMAIL,2026-06-11 12:25:50,replied,Hannah Price
SUMM-A001945,SUMM-L00606,call,2026-06-11 13:47:00,voicemail,Caleb Turner
SUMM-A001946,SUMM-L00647,email,2026-06-11 14:51:40,sent,Caleb Turner
SUMM-A001947,SUMM-L00517,CALL,2026-06-11 14:54:47,connected,Hannah Price
SUMM-A001948,SUMM-L00663,call,2026-06-11 15:13:46,voicemail,Maya Ortiz
SUMM-A001949,SUMM-L00569,call,2026-06-11 15:17:29,connected,Caleb Turner
SUMM-A001950,SUMM-L00655,Email,2026-06-11 15:40:40,replied,Maya Ortiz
SUMM-A001951,SUMM-L00573,CALL,2026-06-11 16:37:30,no_answer,Caleb Turner
SUMM-A001952,SUMM-L00542,email,2026-06-11 16:42:13,sent,Lucia Romero
SUMM-A001953,SUMM-L00660,call,2026-06-11 17:02:18,no_answer,Caleb Turner
SUMM-A001954,SUMM-L00618,email,2026-06-11 17:36:10,sent,Ben Foster
SUMM-A001955,SUMM-L00559,EMAIL,2026-06-11 19:22:00,replied,Caleb Turner
SUMM-A001956,SUMM-L00647,Email,2026-06-11 19:29:25,replied,Caleb Turner
SUMM-A001957,SUMM-L00518,call,2026-06-11 20:33:00,connected,Andre Coleman
SUMM-A001958,SUMM-L00609,call,2026-06-11 20:39:31,voicemail,Lucia Romero
SUMM-A001959,SUMM-L00484,call,2026-06-11 20:49:53,no_answer,Andre Coleman
SUMM-A001960,SUMM-L00584,meeting,2026-06-11 20:57:47,held,Andre Coleman
SUMM-A001961,SUMM-L00644,call,2026-06-11 21:30:26,connected,Hannah Price
SUMM-A001962,SUMM-L00662,call,2026-06-11 21:30:51,voicemail,Hannah Price
SUMM-A001963,SUMM-L00516,call,2026-06-11 21:59:56,connected,Caleb Turner
SUMM-A001964,SUMM-L00659,call,2026-06-11 22:08:46,voicemail,Hannah Price
SUMM-A001965,SUMM-L00652,call,2026-06-11 22:11:57,voicemail,Hannah Price
SUMM-A001966,SUMM-L00618,call,2026-06-11 22:51:23,no_answer,Ben Foster
SUMM-A001967,SUMM-L00661,call,2026-06-11 23:01:31,voicemail,Caleb Turner
SUMM-A001968,SUMM-L00463,Call,2026-06-12 01:15:26,voicemail,Caleb Turner
SUMM-A001969,SUMM-L00631,email,2026-06-12 02:29:14,sent,Hannah Price
SUMM-A001970,SUMM-L00631,email,2026-06-12 03:29:22,sent,Hannah Price
SUMM-A001971,SUMM-L00338,call,2026-06-12 03:37:29,no_answer,Ben Foster
SUMM-A001972,SUMM-L00456,meeting,2026-06-12 03:39:32,held,Lucia Romero
SUMM-A001973,SUMM-L00648,call,2026-06-12 04:09:31,no_answer,Hannah Price
SUMM-A001974,SUMM-L00665,Email,2026-06-12 06:23:59,sent,Maya Ortiz
SUMM-A001975,SUMM-L00643,email,2026-06-12 07:09:15,replied,Lucia Romero
SUMM-A001976,SUMM-L00657,call,2026-06-12 07:21:49,voicemail,Caleb Turner
SUMM-A001977,SUMM-L00664,call,2026-06-12 07:36:51,no_answer,Ben Foster
SUMM-A001978,SUMM-L00656,CALL,2026-06-12 07:42:08,connected,Maya Ortiz
SUMM-A001979,SUMM-L00563,call,2026-06-12 07:47:59,no_answer,Ben Foster
SUMM-A001980,SUMM-L00669,email,2026-06-12 07:53:06,sent,Caleb Turner
SUMM-A001981,SUMM-L00671,email,2026-06-12 09:59:13,replied,Maya Ortiz
SUMM-A001982,SUMM-L00668,call,2026-06-12 09:59:31,connected,Andre Coleman
SUMM-A001983,SUMM-L00631,email,2026-06-12 10:07:37,sent,Hannah Price
SUMM-A001984,SUMM-L00432,call,2026-06-12 10:29:50,no_answer,Caleb Turner
SUMM-A001985,SUMM-L00666,Call,2026-06-12 11:27:53,connected,Summit Dispatch Queue
SUMM-A001986,SUMM-L00338,call,2026-06-12 12:11:23,connected,Ben Foster
SUMM-A001987,SUMM-L00672,email,2026-06-12 14:33:42,sent,Caleb Turner
SUMM-A001988,SUMM-L00547,email,2026-06-12 14:36:54,sent,Hannah Price
SUMM-A001989,SUMM-L00674,email,2026-06-12 14:44:38,sent,Maya Ortiz
SUMM-A001990,SUMM-L00584,call,2026-06-12 14:45:02,no_answer,Andre Coleman
SUMM-A001991,SUMM-L00675,email,2026-06-12 14:45:08,sent,Hannah Price
SUMM-A001992,SUMM-L00662,CALL,2026-06-12 15:27:15,voicemail,Hannah Price
SUMM-A001993,SUMM-L00551,email,2026-06-12 16:38:44,sent,Caleb Turner
SUMM-A001994,SUMM-L00564,email,2026-06-12 16:52:09,sent,Maya Ortiz
SUMM-A001995,SUMM-L00676,call,2026-06-12 17:04:29,connected,Maya Ortiz
SUMM-A001996,SUMM-L00604,Email,2026-06-12 17:33:29,replied,Andre Coleman
SUMM-A001997,SUMM-L00420,meeting,2026-06-12 18:19:16,held,Andre Coleman
SUMM-A001998,SUMM-L00667,call,2026-06-12 18:26:10,voicemail,Caleb Turner
SUMM-A001999,SUMM-L00624,email,2026-06-12 18:50:05,sent,Summit Dispatch Queue
SUMM-A002000,SUMM-L00678,call,2026-06-12 18:54:04,voicemail,Maya Ortiz
SUMM-A002001,SUMM-L00673,email,2026-06-12 20:39:26,sent,Hannah Price
SUMM-A002002,SUMM-L00612,call,2026-06-12 20:46:45,no_answer,Andre Coleman
SUMM-A002003,SUMM-L00612,call,2026-06-12 20:46:56,connected,Andre Coleman
SUMM-A002004,SUMM-L00612,call,2026-06-12 20:47:00,connected,Andre Coleman
SUMM-A002005,SUMM-L00612,email,2026-06-12 20:47:42,sent,Andre Coleman
SUMM-A002006,SUMM-L00647,email,2026-06-12 21:17:55,bounced,Caleb Turner
SUMM-A002007,SUMM-L00670,call,2026-06-12 21:51:39,no_answer,Maya Ortiz
SUMM-A002008,SUMM-L00549,call,2026-06-12 22:50:13,voicemail,Maya Ortiz
SUMM-A002009,SUMM-L00665,Email,2026-06-13 00:25:41,sent,Maya Ortiz
SUMM-A002010,SUMM-L00678,call,2026-06-13 01:41:55,no_answer,Maya Ortiz
SUMM-A002011,SUMM-L00522,email,2026-06-13 01:48:53,sent,Caleb Turner
SUMM-A002012,SUMM-L00679,call,2026-06-13 03:17:07,connected,Caleb Turner
SUMM-A002013,SUMM-L00677,call,2026-06-13 04:18:46,connected,Caleb Turner
SUMM-A002014,SUMM-L00577,call,2026-06-13 04:35:06,no_answer,Caleb Turner
SUMM-A002015,SUMM-L00625,CALL,2026-06-13 05:29:29,connected,Lucia Romero
SUMM-A002016,SUMM-L00676,call,2026-06-13 05:52:25,connected,Maya Ortiz
SUMM-A002017,SUMM-L00680,email,2026-06-13 05:52:34,sent,Caleb Turner
SUMM-A002018,SUMM-L00677,email,2026-06-13 05:55:09,replied,Caleb Turner
SUMM-A002019,SUMM-L00580,call,2026-06-13 06:31:17,voicemail,Caleb Turner
SUMM-A002020,SUMM-L00576,email,2026-06-13 07:06:53,bounced,Lucia Romero
SUMM-A002021,SUMM-L00678,call,2026-06-13 08:32:40,connected,Maya Ortiz
SUMM-A002022,SUMM-L00680,call,2026-06-13 09:23:45,connected,Caleb Turner
SUMM-A002023,SUMM-L00591,call,2026-06-13 09:58:40,voicemail,Maya Ortiz
SUMM-A002024,SUMM-L00680,email,2026-06-13 10:52:30,sent,Caleb Turner
SUMM-A002025,SUMM-L00644,call,2026-06-13 11:14:00,connected,Hannah Price
SUMM-A002026,SUMM-L00624,email,2026-06-13 11:16:35,sent,Summit Dispatch Queue
SUMM-A002027,SUMM-L00563,email,2026-06-13 12:08:06,sent,Ben Foster
SUMM-A002028,SUMM-L00681,call,2026-06-13 12:52:21,connected,Caleb Turner
SUMM-A002029,SUMM-L00631,call,2026-06-13 12:54:45,voicemail,Hannah Price
SUMM-A002030,SUMM-L00618,call,2026-06-13 14:57:51,no_answer,Ben Foster
SUMM-A002031,SUMM-L00682,email,2026-06-13 15:42:59,replied,Ben Foster
SUMM-A002032,SUMM-L00581,CALL,2026-06-13 15:45:29,no_answer,Caleb Turner
SUMM-A002033,SUMM-L00661,CALL,2026-06-13 15:55:17,connected,Caleb Turner
SUMM-A002034,SUMM-L00486,Call,2026-06-13 16:37:18,connected,Andre Coleman
SUMM-A002035,SUMM-L00607,email,2026-06-13 17:29:08,sent,Caleb Turner
SUMM-A002036,SUMM-L00561,email,2026-06-13 17:49:51,replied,Maya Ortiz
SUMM-A002037,SUMM-L00533,email,2026-06-13 18:51:24,bounced,Andre Coleman
SUMM-A002038,SUMM-L00644,email,2026-06-13 19:24:12,replied,Hannah Price
SUMM-A002039,SUMM-L00645,email,2026-06-13 19:43:20,sent,Ben Foster
SUMM-A002040,SUMM-L00631,email,2026-06-13 20:05:25,replied,Hannah Price
SUMM-A002041,SUMM-L00647,EMAIL,2026-06-13 22:00:14,sent,Caleb Turner
SUMM-A002042,SUMM-L00670,CALL,2026-06-13 22:51:24,connected,Maya Ortiz
SUMM-A002043,SUMM-L00681,email,2026-06-13 23:22:25,bounced,Caleb Turner
SUMM-A002044,SUMM-L00683,call,2026-06-13 23:49:27,voicemail,Maya Ortiz
SUMM-A002045,SUMM-L00563,email,2026-06-14 00:02:30,sent,Ben Foster
SUMM-A002046,SUMM-L00603,EMAIL,2026-06-14 00:14:47,sent,Lucia Romero
SUMM-A002047,SUMM-L00553,Email,2026-06-14 00:44:44,sent,Caleb Turner
SUMM-A002048,SUMM-L00553,email,2026-06-14 01:00:45,sent,Caleb Turner
SUMM-A002049,SUMM-L00564,email,2026-06-14 01:03:52,replied,Maya Ortiz
SUMM-A002050,SUMM-L00685,call,2026-06-14 02:23:58,connected,Caleb Turner
SUMM-A002051,SUMM-L00523,email,2026-06-14 02:25:07,sent,Caleb Turner
SUMM-A002052,SUMM-L00563,email,2026-06-14 04:15:33,sent,Ben Foster
SUMM-A002053,SUMM-L00632,EMAIL,2026-06-14 05:00:26,replied,Hannah Price
SUMM-A002054,SUMM-L00624,call,2026-06-14 05:36:35,no_answer,Summit Dispatch Queue
SUMM-A002055,SUMM-L00687,email,2026-06-14 07:04:36,sent,Andre Coleman
SUMM-A002056,SUMM-L00522,meeting,2026-06-14 07:44:41,held,Caleb Turner
SUMM-A002057,SUMM-L00677,call,2026-06-14 09:24:41,no_answer,Caleb Turner
SUMM-A002058,SUMM-L00632,email,2026-06-14 11:16:00,sent,Hannah Price
SUMM-A002059,SUMM-L00688,call,2026-06-14 11:38:44,connected,Lucia Romero
SUMM-A002060,SUMM-L00545,CALL,2026-06-14 11:45:14,connected,Ben Foster
SUMM-A002061,SUMM-L00502,email,2026-06-14 12:21:04,sent,Andre Coleman
SUMM-A002062,SUMM-L00677,email,2026-06-14 13:38:03,sent,Caleb Turner
SUMM-A002063,SUMM-L00684,email,2026-06-14 13:40:27,sent,Maya Ortiz
SUMM-A002064,SUMM-L00690,email,2026-06-14 13:46:40,sent,Andre Coleman
SUMM-A002065,SUMM-L00618,email,2026-06-14 13:53:08,sent,Ben Foster
SUMM-A002066,SUMM-L00546,EMAIL,2026-06-14 14:37:45,sent,Lucia Romero
SUMM-A002067,SUMM-L00665,email,2026-06-14 15:41:41,sent,Maya Ortiz
SUMM-A002068,SUMM-L00474,email,2026-06-14 16:27:39,replied,Maya Ortiz
SUMM-A002069,SUMM-L00689,call,2026-06-14 17:43:44,no_answer,Ben Foster
SUMM-A002070,SUMM-L00563,MEETING,2026-06-14 17:56:18,held,Ben Foster
SUMM-A002071,SUMM-L00690,Call,2026-06-14 18:26:13,voicemail,Andre Coleman
SUMM-A002072,SUMM-L00683,call,2026-06-14 18:53:22,no_answer,Maya Ortiz
SUMM-A002073,SUMM-L00338,call,2026-06-14 19:32:33,connected,Ben Foster
SUMM-A002074,SUMM-L00575,email,2026-06-14 20:13:50,sent,Maya Ortiz
SUMM-A002075,SUMM-L00686,email,2026-06-14 21:12:49,replied,Caleb Turner
SUMM-A002076,SUMM-L00613,email,2026-06-14 21:17:55,sent,Caleb Turner
SUMM-A002077,SUMM-L00553,meeting,2026-06-14 21:37:07,held,Caleb Turner
SUMM-A002078,SUMM-L00516,call,2026-06-14 22:47:46,no_answer,Caleb Turner
SUMM-A002079,SUMM-L00687,Call,2026-06-14 23:13:27,connected,Andre Coleman
SUMM-A002080,SUMM-L00581,Email,2026-06-15 00:19:13,sent,Caleb Turner
SUMM-A002081,SUMM-L00525,email,2026-06-15 00:39:18,sent,Maya Ortiz
SUMM-A002082,SUMM-L00568,call,2026-06-15 03:03:02,connected,Andre Coleman
SUMM-A002083,SUMM-L00607,call,2026-06-15 03:38:46,no_answer,Caleb Turner
SUMM-A002084,SUMM-L00369,call,2026-06-15 05:25:12,no_answer,Andre Coleman
SUMM-A002085,SUMM-L00690,email,2026-06-15 05:27:08,sent,Andre Coleman
SUMM-A002086,SUMM-L00674,Call,2026-06-15 06:36:47,voicemail,Maya Ortiz
SUMM-A002087,SUMM-L00678,MEETING,2026-06-15 06:51:58,held,Maya Ortiz
SUMM-A002088,SUMM-L00677,Email,2026-06-15 07:42:15,sent,Caleb Turner
SUMM-A002089,SUMM-L00670,EMAIL,2026-06-15 08:04:58,sent,Maya Ortiz
SUMM-A002090,SUMM-L00681,CALL,2026-06-15 08:31:47,connected,Caleb Turner
SUMM-A002091,SUMM-L00516,CALL,2026-06-15 09:53:03,no_answer,Caleb Turner
SUMM-A002092,SUMM-L00613,CALL,2026-06-15 10:23:17,no_answer,Caleb Turner
SUMM-A002093,SUMM-L00686,call,2026-06-15 12:53:39,connected,Caleb Turner
SUMM-A002094,SUMM-L00647,call,2026-06-15 13:02:28,connected,Caleb Turner
SUMM-A002095,SUMM-L00694,call,2026-06-15 13:40:10,connected,Andre Coleman
SUMM-A002096,SUMM-L00678,email,2026-06-15 13:51:31,sent,Maya Ortiz
SUMM-A002097,SUMM-L00678,call,2026-06-15 14:32:22,voicemail,Maya Ortiz
SUMM-A002098,SUMM-L00647,meeting,2026-06-15 14:43:07,held,Caleb Turner
SUMM-A002099,SUMM-L00471,email,2026-06-15 15:54:06,sent,Ben Foster
SUMM-A002100,SUMM-L00690,call,2026-06-15 15:54:29,no_answer,Andre Coleman
SUMM-A002101,SUMM-L00693,call,2026-06-15 16:06:32,no_answer,Caleb Turner
SUMM-A002102,SUMM-L00568,call,2026-06-15 16:53:31,connected,Andre Coleman
SUMM-A002103,SUMM-L00630,call,2026-06-15 17:40:06,no_answer,Caleb Turner
SUMM-A002104,SUMM-L00597,email,2026-06-15 18:27:09,sent,Hannah Price
SUMM-A002105,SUMM-L00490,email,2026-06-15 19:18:20,sent,Ben Foster
SUMM-A002106,SUMM-L00680,meeting,2026-06-15 20:45:47,held,Caleb Turner
SUMM-A002107,SUMM-L00472,email,2026-06-15 22:21:51,replied,Caleb Turner
SUMM-A002108,SUMM-L00647,email,2026-06-15 22:24:20,sent,Caleb Turner
SUMM-A002109,SUMM-L00607,call,2026-06-15 23:03:26,voicemail,Caleb Turner
SUMM-A002110,SUMM-L00494,email,2026-06-16 00:21:56,sent,Maya Ortiz
SUMM-A002111,SUMM-L00692,call,2026-06-16 00:53:48,voicemail,Lucia Romero
SUMM-A002112,SUMM-L00547,call,2026-06-16 02:52:46,voicemail,Hannah Price
SUMM-A002113,SUMM-L00677,email,2026-06-16 03:14:37,sent,Caleb Turner
SUMM-A002114,SUMM-L00698,call,2026-06-16 04:01:09,connected,Caleb Turner
SUMM-A002115,SUMM-L00697,call,2026-06-16 04:08:05,connected,Summit Dispatch Queue
SUMM-A002116,SUMM-L00575,Email,2026-06-16 05:42:38,sent,Maya Ortiz
SUMM-A002117,SUMM-L00695,email,2026-06-16 06:36:47,sent,Hannah Price
SUMM-A002118,SUMM-L00543,call,2026-06-16 07:20:04,connected,Andre Coleman
SUMM-A002119,SUMM-L00677,email,2026-06-16 07:27:36,sent,Caleb Turner
SUMM-A002120,SUMM-L00528,email,2026-06-16 09:17:20,sent,Lucia Romero
SUMM-A002121,SUMM-L00591,EMAIL,2026-06-16 10:05:01,sent,Maya Ortiz
SUMM-A002122,SUMM-L00628,call,2026-06-16 11:25:00,no_answer,Andre Coleman
SUMM-A002123,SUMM-L00542,email,2026-06-16 12:01:16,sent,Lucia Romero
SUMM-A002124,SUMM-L00696,email,2026-06-16 13:12:35,sent,Ben Foster
SUMM-A002125,SUMM-L00640,call,2026-06-16 13:28:45,no_answer,Andre Coleman
SUMM-A002126,SUMM-L00544,email,2026-06-16 15:05:26,sent,Hannah Price
SUMM-A002127,SUMM-L00568,meeting,2026-06-16 16:16:28,held,Andre Coleman
SUMM-A002128,SUMM-L00703,call,2026-06-16 16:29:16,connected,Hannah Price
SUMM-A002129,SUMM-L00626,Call,2026-06-16 16:35:08,no_answer,Andre Coleman
SUMM-A002130,SUMM-L00706,call,2026-06-16 17:40:26,no_answer,Caleb Turner
SUMM-A002131,SUMM-L00706,meeting,2026-06-16 18:16:31,held,Caleb Turner
SUMM-A002132,SUMM-L00703,call,2026-06-16 19:51:28,voicemail,Hannah Price
SUMM-A002133,SUMM-L00597,call,2026-06-16 20:00:38,no_answer,Hannah Price
SUMM-A002134,SUMM-L00705,CALL,2026-06-16 20:44:57,connected,Maya Ortiz
SUMM-A002135,SUMM-L00535,call,2026-06-16 21:06:52,voicemail,Maya Ortiz
SUMM-A002136,SUMM-L00686,call,2026-06-16 21:11:53,connected,Caleb Turner
SUMM-A002137,SUMM-L00593,email,2026-06-16 21:17:32,sent,Ben Foster
SUMM-A002138,SUMM-L00691,email,2026-06-16 22:25:58,sent,Andre Coleman
SUMM-A002139,SUMM-L00703,Call,2026-06-16 23:51:31,voicemail,Hannah Price
SUMM-A002140,SUMM-L00704,email,2026-06-17 00:38:26,sent,Ben Foster
SUMM-A002141,SUMM-L00699,call,2026-06-17 00:49:32,connected,Caleb Turner
SUMM-A002142,SUMM-L00602,call,2026-06-17 02:04:39,no_answer,Andre Coleman
SUMM-A002143,SUMM-L00670,email,2026-06-17 03:26:15,sent,Maya Ortiz
SUMM-A002144,SUMM-L00636,call,2026-06-17 04:00:17,no_answer,Hannah Price
SUMM-A002145,SUMM-L00700,Call,2026-06-17 04:17:25,connected,Andre Coleman
SUMM-A002146,SUMM-L00695,email,2026-06-17 04:40:04,sent,Hannah Price
SUMM-A002147,SUMM-L00643,email,2026-06-17 04:53:22,sent,Lucia Romero
SUMM-A002148,SUMM-L00702,Call,2026-06-17 05:06:49,connected,Andre Coleman
SUMM-A002149,SUMM-L00503,email,2026-06-17 05:13:50,sent,Andre Coleman
SUMM-A002150,SUMM-L00691,call,2026-06-17 06:40:51,connected,Andre Coleman
SUMM-A002151,SUMM-L00706,email,2026-06-17 06:46:39,sent,Caleb Turner
SUMM-A002152,SUMM-L00708,call,2026-06-17 06:55:41,voicemail,Lucia Romero
SUMM-A002153,SUMM-L00607,meeting,2026-06-17 07:19:31,held,Caleb Turner
SUMM-A002154,SUMM-L00635,email,2026-06-17 08:09:17,replied,Maya Ortiz
SUMM-A002155,SUMM-L00709,email,2026-06-17 10:28:47,sent,Andre Coleman
SUMM-A002156,SUMM-L00714,call,2026-06-17 11:45:19,connected,Ben Foster
SUMM-A002157,SUMM-L00713,email,2026-06-17 12:50:31,sent,Ben Foster
SUMM-A002158,SUMM-L00716,email,2026-06-17 13:41:22,sent,Maya Ortiz
SUMM-A002159,SUMM-L00679,CALL,2026-06-17 13:43:09,connected,Caleb Turner
SUMM-A002160,SUMM-L00586,meeting,2026-06-17 13:45:26,held,Andre Coleman
SUMM-A002161,SUMM-L00504,call,2026-06-17 13:52:32,voicemail,Andre Coleman
SUMM-A002162,SUMM-L00711,Email,2026-06-17 14:13:13,bounced,Caleb Turner
SUMM-A002163,SUMM-L00703,email,2026-06-17 14:41:35,sent,Hannah Price
SUMM-A002164,SUMM-L00584,email,2026-06-17 15:28:11,sent,Andre Coleman
SUMM-A002165,SUMM-L00719,call,2026-06-17 15:58:58,no_answer,Maya Ortiz
SUMM-A002166,SUMM-L00661,email,2026-06-17 17:24:56,sent,Caleb Turner
SUMM-A002167,SUMM-L00718,call,2026-06-17 17:31:55,connected,Ben Foster
SUMM-A002168,SUMM-L00720,call,2026-06-17 18:39:42,voicemail,Maya Ortiz
SUMM-A002169,SUMM-L00715,Email,2026-06-17 18:45:36,sent,Andre Coleman
SUMM-A002170,SUMM-L00575,call,2026-06-17 19:09:35,connected,Maya Ortiz
SUMM-A002171,SUMM-L00717,EMAIL,2026-06-17 20:02:04,sent,Ben Foster
SUMM-A002172,SUMM-L00722,call,2026-06-17 20:40:41,voicemail,Andre Coleman
SUMM-A002173,SUMM-L00584,CALL,2026-06-17 20:49:12,voicemail,Andre Coleman
SUMM-A002174,SUMM-L00701,call,2026-06-17 20:52:47,no_answer,Ben Foster
SUMM-A002175,SUMM-L00688,call,2026-06-17 20:53:25,no_answer,Lucia Romero
SUMM-A002176,SUMM-L00644,call,2026-06-17 21:02:38,no_answer,Hannah Price
SUMM-A002177,SUMM-L00703,call,2026-06-17 21:07:27,no_answer,Hannah Price
SUMM-A002178,SUMM-L00706,call,2026-06-17 21:48:02,voicemail,Caleb Turner
SUMM-A002179,SUMM-L00565,call,2026-06-17 22:58:50,voicemail,Maya Ortiz
SUMM-A002180,SUMM-L00714,call,2026-06-17 23:29:44,voicemail,Ben Foster
SUMM-A002181,SUMM-L00555,call,2026-06-17 23:32:39,connected,Hannah Price
SUMM-A002182,SUMM-L00661,email,2026-06-17 23:42:45,sent,Caleb Turner
SUMM-A002183,SUMM-L00724,call,2026-06-18 00:00:37,voicemail,Maya Ortiz
SUMM-A002184,SUMM-L00671,call,2026-06-18 01:21:57,no_answer,Maya Ortiz
SUMM-A002185,SUMM-L00721,call,2026-06-18 01:28:55,voicemail,Lucia Romero
SUMM-A002186,SUMM-L00725,call,2026-06-18 02:11:22,connected,Hannah Price
SUMM-A002187,SUMM-L00710,call,2026-06-18 02:13:32,no_answer,Caleb Turner
SUMM-A002188,SUMM-L00723,call,2026-06-18 05:28:46,no_answer,Caleb Turner
SUMM-A002189,SUMM-L00584,CALL,2026-06-18 05:36:18,no_answer,Andre Coleman
SUMM-A002190,SUMM-L00664,call,2026-06-18 05:58:38,voicemail,Ben Foster
SUMM-A002191,SUMM-L00544,email,2026-06-18 06:05:29,sent,Hannah Price
SUMM-A002192,SUMM-L00616,email,2026-06-18 06:19:38,sent,Ben Foster
SUMM-A002193,SUMM-L00712,call,2026-06-18 06:25:03,connected,Ben Foster
SUMM-A002194,SUMM-L00707,email,2026-06-18 06:53:50,replied,Maya Ortiz
SUMM-A002195,SUMM-L00711,email,2026-06-18 07:59:03,sent,Caleb Turner
SUMM-A002196,SUMM-L00685,email,2026-06-18 08:11:52,sent,Caleb Turner
SUMM-A002197,SUMM-L00684,call,2026-06-18 09:03:06,no_answer,Maya Ortiz
SUMM-A002198,SUMM-L00579,email,2026-06-18 09:52:30,sent,Andre Coleman
SUMM-A002199,SUMM-L00512,email,2026-06-18 10:41:15,sent,Caleb Turner
SUMM-A002200,SUMM-L00674,Call,2026-06-18 10:50:57,voicemail,Maya Ortiz
SUMM-A002201,SUMM-L00575,Email,2026-06-18 12:02:15,sent,Maya Ortiz
SUMM-A002202,SUMM-L00695,call,2026-06-18 12:47:50,voicemail,Hannah Price
SUMM-A002203,SUMM-L00718,email,2026-06-18 13:19:03,sent,Ben Foster
SUMM-A002204,SUMM-L00421,Email,2026-06-18 13:54:50,sent,Caleb Turner
SUMM-A002205,SUMM-L00661,email,2026-06-18 14:24:44,sent,Caleb Turner
SUMM-A002206,SUMM-L00727,Call,2026-06-18 14:31:26,no_answer,Caleb Turner
SUMM-A002207,SUMM-L00703,call,2026-06-18 17:04:19,connected,Hannah Price
SUMM-A002208,SUMM-L00726,Call,2026-06-18 19:26:07,no_answer,Caleb Turner
SUMM-A002209,SUMM-L00644,EMAIL,2026-06-18 21:18:13,sent,Hannah Price
SUMM-A002210,SUMM-L00578,email,2026-06-18 21:43:58,sent,Maya Ortiz
SUMM-A002211,SUMM-L00722,meeting,2026-06-18 21:45:00,held,Andre Coleman
SUMM-A002212,SUMM-L00501,email,2026-06-18 22:00:52,replied,Maya Ortiz
SUMM-A002213,SUMM-L00712,email,2026-06-18 22:20:52,replied,Ben Foster
SUMM-A002214,SUMM-L00708,Call,2026-06-18 22:53:06,voicemail,Lucia Romero
SUMM-A002215,SUMM-L00730,CALL,2026-06-19 00:43:55,voicemail,Maya Ortiz
SUMM-A002216,SUMM-L00728,call,2026-06-19 00:53:08,connected,Andre Coleman
SUMM-A002217,SUMM-L00718,email,2026-06-19 01:04:32,replied,Ben Foster
SUMM-A002218,SUMM-L00696,email,2026-06-19 01:12:18,sent,Ben Foster
SUMM-A002219,SUMM-L00704,call,2026-06-19 01:42:41,connected,Ben Foster
SUMM-A002220,SUMM-L00559,call,2026-06-19 02:02:36,no_answer,Caleb Turner
SUMM-A002221,SUMM-L00729,email,2026-06-19 02:36:40,sent,Maya Ortiz
SUMM-A002222,SUMM-L00729,email,2026-06-19 02:56:51,sent,Maya Ortiz
SUMM-A002223,SUMM-L00568,CALL,2026-06-19 03:50:09,no_answer,Andre Coleman
SUMM-A002224,SUMM-L00732,call,2026-06-19 05:37:39,no_answer,Caleb Turner
SUMM-A002225,SUMM-L00734,call,2026-06-19 06:20:37,voicemail,Ben Foster
SUMM-A002226,SUMM-L00629,email,2026-06-19 06:22:28,replied,Andre Coleman
SUMM-A002227,SUMM-L00694,call,2026-06-19 06:37:42,no_answer,Andre Coleman
SUMM-A002228,SUMM-L00585,email,2026-06-19 07:39:22,replied,Andre Coleman
SUMM-A002229,SUMM-L00733,email,2026-06-19 07:46:00,sent,Hannah Price
SUMM-A002230,SUMM-L00712,email,2026-06-19 07:54:24,sent,Ben Foster
SUMM-A002231,SUMM-L00562,call,2026-06-19 07:59:06,connected,Caleb Turner
SUMM-A002232,SUMM-L00712,call,2026-06-19 09:28:02,connected,Ben Foster
SUMM-A002233,SUMM-L00735,call,2026-06-19 10:41:56,voicemail,Summit Dispatch Queue
SUMM-A002234,SUMM-L00644,email,2026-06-19 12:00:05,sent,Hannah Price
SUMM-A002235,SUMM-L00700,email,2026-06-19 13:14:25,sent,Andre Coleman
SUMM-A002236,SUMM-L00712,meeting,2026-06-19 13:51:34,rescheduled,Ben Foster
SUMM-A002237,SUMM-L00736,Call,2026-06-19 13:53:32,no_answer,Caleb Turner
SUMM-A002238,SUMM-L00710,email,2026-06-19 14:20:12,sent,Caleb Turner
SUMM-A002239,SUMM-L00733,call,2026-06-19 14:20:27,no_answer,Hannah Price
SUMM-A002240,SUMM-L00720,email,2026-06-19 15:22:36,sent,Maya Ortiz
SUMM-A002241,SUMM-L00565,call,2026-06-19 16:11:20,connected,Maya Ortiz
SUMM-A002242,SUMM-L00693,email,2026-06-19 17:12:11,sent,Caleb Turner
SUMM-A002243,SUMM-L00739,email,2026-06-19 17:21:11,replied,Caleb Turner
SUMM-A002244,SUMM-L00632,email,2026-06-19 18:21:49,replied,Hannah Price
SUMM-A002245,SUMM-L00703,email,2026-06-19 18:45:54,sent,Hannah Price
SUMM-A002246,SUMM-L00718,email,2026-06-19 19:23:13,sent,Ben Foster
SUMM-A002247,SUMM-L00722,Meeting,2026-06-19 20:13:43,held,Andre Coleman
SUMM-A002248,SUMM-L00711,email,2026-06-19 20:30:30,sent,Caleb Turner
SUMM-A002249,SUMM-L00731,EMAIL,2026-06-19 20:59:07,sent,Ben Foster
SUMM-A002250,SUMM-L00738,CALL,2026-06-19 22:07:25,voicemail,Andre Coleman
SUMM-A002251,SUMM-L00655,email,2026-06-20 00:18:43,sent,Maya Ortiz
SUMM-A002252,SUMM-L00674,email,2026-06-20 00:20:07,sent,Maya Ortiz
SUMM-A002253,SUMM-L00712,call,2026-06-20 00:55:57,no_answer,Ben Foster
SUMM-A002254,SUMM-L00703,email,2026-06-20 01:28:52,bounced,Hannah Price
SUMM-A002255,SUMM-L00742,email,2026-06-20 01:54:13,replied,Lucia Romero
SUMM-A002256,SUMM-L00507,call,2026-06-20 02:42:32,connected,Caleb Turner
SUMM-A002257,SUMM-L00737,email,2026-06-20 02:43:49,replied,Caleb Turner
SUMM-A002258,SUMM-L00741,call,2026-06-20 02:53:08,connected,Lucia Romero
SUMM-A002259,SUMM-L00670,email,2026-06-20 03:23:39,sent,Maya Ortiz
SUMM-A002260,SUMM-L00637,call,2026-06-20 04:29:39,no_answer,Andre Coleman
SUMM-A002261,SUMM-L00740,CALL,2026-06-20 05:12:26,connected,Ben Foster
SUMM-A002262,SUMM-L00740,call,2026-06-20 06:06:14,no_answer,Ben Foster
SUMM-A002263,SUMM-L00736,call,2026-06-20 07:07:53,connected,Caleb Turner
SUMM-A002264,SUMM-L00691,meeting,2026-06-20 09:20:07,held,Andre Coleman
SUMM-A002265,SUMM-L00707,email,2026-06-20 10:01:13,sent,Maya Ortiz
SUMM-A002266,SUMM-L00712,CALL,2026-06-20 12:33:00,connected,Ben Foster
SUMM-A002267,SUMM-L00722,email,2026-06-20 13:10:14,replied,Andre Coleman
SUMM-A002268,SUMM-L00740,email,2026-06-20 13:29:15,sent,Ben Foster
SUMM-A002269,SUMM-L00709,MEETING,2026-06-20 14:33:17,held,Andre Coleman
SUMM-A002270,SUMM-L00741,email,2026-06-20 14:51:25,sent,Lucia Romero
SUMM-A002271,SUMM-L00572,email,2026-06-20 14:58:18,sent,Andre Coleman
SUMM-A002272,SUMM-L00606,email,2026-06-20 15:15:20,sent,Caleb Turner
SUMM-A002273,SUMM-L00624,call,2026-06-20 16:20:03,voicemail,Summit Dispatch Queue
SUMM-A002274,SUMM-L00712,call,2026-06-20 18:30:21,no_answer,Ben Foster
SUMM-A002275,SUMM-L00525,EMAIL,2026-06-20 19:31:05,sent,Maya Ortiz
SUMM-A002276,SUMM-L00744,call,2026-06-20 19:57:33,voicemail,Andre Coleman
SUMM-A002277,SUMM-L00740,email,2026-06-20 20:33:21,sent,Ben Foster
SUMM-A002278,SUMM-L00664,email,2026-06-20 21:57:30,sent,Ben Foster
SUMM-A002279,SUMM-L00745,call,2026-06-20 22:00:21,connected,Hannah Price
SUMM-A002280,SUMM-L00743,Email,2026-06-21 00:04:23,sent,Hannah Price
SUMM-A002281,SUMM-L00602,call,2026-06-21 00:30:24,no_answer,Andre Coleman
SUMM-A002282,SUMM-L00648,Call,2026-06-21 01:54:52,connected,Hannah Price
SUMM-A002283,SUMM-L00736,call,2026-06-21 06:56:36,voicemail,Caleb Turner
SUMM-A002284,SUMM-L00623,Email,2026-06-21 07:35:15,sent,Caleb Turner
SUMM-A002285,SUMM-L00739,call,2026-06-21 10:28:00,no_answer,Caleb Turner
SUMM-A002286,SUMM-L00743,call,2026-06-21 10:33:42,no_answer,Hannah Price
SUMM-A002287,SUMM-L00597,Call,2026-06-21 11:13:57,no_answer,Hannah Price
SUMM-A002288,SUMM-L00532,call,2026-06-21 12:42:45,voicemail,Caleb Turner
SUMM-A002289,SUMM-L00667,email,2026-06-21 12:54:28,sent,Caleb Turner
SUMM-A002290,SUMM-L00732,meeting,2026-06-21 13:40:37,rescheduled,Caleb Turner
SUMM-A002291,SUMM-L00749,Call,2026-06-21 13:59:46,no_answer,Caleb Turner
SUMM-A002292,SUMM-L00747,Email,2026-06-21 14:53:37,sent,Andre Coleman
SUMM-A002293,SUMM-L00749,call,2026-06-21 16:21:52,no_answer,Caleb Turner
SUMM-A002294,SUMM-L00456,email,2026-06-21 17:19:48,sent,Lucia Romero
SUMM-A002295,SUMM-L00657,email,2026-06-21 18:50:36,sent,Caleb Turner
SUMM-A002296,SUMM-L00746,email,2026-06-21 19:02:58,sent,Maya Ortiz
SUMM-A002297,SUMM-L00663,email,2026-06-21 19:13:31,sent,Maya Ortiz
SUMM-A002298,SUMM-L00710,call,2026-06-21 19:42:17,no_answer,Caleb Turner
SUMM-A002299,SUMM-L00723,email,2026-06-21 21:34:57,replied,Caleb Turner
SUMM-A002300,SUMM-L00751,Call,2026-06-21 21:44:56,no_answer,Andre Coleman
SUMM-A002301,SUMM-L00753,call,2026-06-21 22:01:24,no_answer,Ben Foster
SUMM-A002302,SUMM-L00659,Email,2026-06-21 22:21:29,sent,Hannah Price
SUMM-A002303,SUMM-L00710,EMAIL,2026-06-21 22:38:40,sent,Caleb Turner
SUMM-A002304,SUMM-L00749,email,2026-06-21 22:49:09,sent,Caleb Turner
SUMM-A002305,SUMM-L00588,CALL,2026-06-22 00:09:09,connected,Summit Dispatch Queue
SUMM-A002306,SUMM-L00641,call,2026-06-22 00:24:46,no_answer,Caleb Turner
SUMM-A002307,SUMM-L00560,email,2026-06-22 00:35:11,replied,Hannah Price
SUMM-A002308,SUMM-L00561,email,2026-06-22 02:40:18,sent,Maya Ortiz
SUMM-A002309,SUMM-L00756,Call,2026-06-22 02:49:28,connected,Maya Ortiz
SUMM-A002310,SUMM-L00752,call,2026-06-22 03:09:36,no_answer,Andre Coleman
SUMM-A002311,SUMM-L00754,EMAIL,2026-06-22 03:09:45,replied,Caleb Turner
SUMM-A002312,SUMM-L00725,CALL,2026-06-22 03:30:49,voicemail,Hannah Price
SUMM-A002313,SUMM-L00692,meeting,2026-06-22 03:58:03,held,Lucia Romero
SUMM-A002314,SUMM-L00756,call,2026-06-22 05:14:21,voicemail,Maya Ortiz
SUMM-A002315,SUMM-L00737,call,2026-06-22 05:35:07,voicemail,Caleb Turner
SUMM-A002316,SUMM-L00726,email,2026-06-22 05:40:13,sent,Caleb Turner
SUMM-A002317,SUMM-L00604,call,2026-06-22 05:57:25,connected,Andre Coleman
SUMM-A002318,SUMM-L00757,CALL,2026-06-22 07:25:49,voicemail,Summit Dispatch Queue
SUMM-A002319,SUMM-L00572,Call,2026-06-22 09:30:03,connected,Andre Coleman
SUMM-A002320,SUMM-L00749,MEETING,2026-06-22 09:35:21,held,Caleb Turner
SUMM-A002321,SUMM-L00755,call,2026-06-22 10:50:45,no_answer,Maya Ortiz
SUMM-A002322,SUMM-L00758,call,2026-06-22 12:19:56,connected,Lucia Romero
SUMM-A002323,SUMM-L00749,call,2026-06-22 13:00:32,no_answer,Caleb Turner
SUMM-A002324,SUMM-L00748,CALL,2026-06-22 13:29:23,no_answer,Caleb Turner
SUMM-A002325,SUMM-L00760,call,2026-06-22 15:03:43,no_answer,Caleb Turner
SUMM-A002326,SUMM-L00747,meeting,2026-06-22 15:12:44,rescheduled,Andre Coleman
SUMM-A002327,SUMM-L00732,email,2026-06-22 15:17:42,bounced,Caleb Turner
SUMM-A002328,SUMM-L00730,meeting,2026-06-22 15:31:55,held,Maya Ortiz
SUMM-A002329,SUMM-L00656,Email,2026-06-22 16:33:15,sent,Maya Ortiz
SUMM-A002330,SUMM-L00753,email,2026-06-22 17:20:12,replied,Ben Foster
SUMM-A002331,SUMM-L00749,email,2026-06-22 17:32:24,sent,Caleb Turner
SUMM-A002332,SUMM-L00763,email,2026-06-22 17:56:00,sent,Caleb Turner
SUMM-A002333,SUMM-L00737,call,2026-06-22 18:05:35,connected,Caleb Turner
SUMM-A002334,SUMM-L00704,call,2026-06-22 18:38:53,voicemail,Ben Foster
SUMM-A002335,SUMM-L00691,email,2026-06-22 18:58:18,sent,Andre Coleman
SUMM-A002336,SUMM-L00749,meeting,2026-06-22 19:01:13,held,Caleb Turner
SUMM-A002337,SUMM-L00543,call,2026-06-22 19:37:16,no_answer,Andre Coleman
SUMM-A002338,SUMM-L00606,call,2026-06-22 20:28:40,no_answer,Caleb Turner
SUMM-A002339,SUMM-L00765,email,2026-06-22 20:32:26,sent,Andre Coleman
SUMM-A002340,SUMM-L00588,call,2026-06-22 22:25:50,connected,Summit Dispatch Queue
SUMM-A002341,SUMM-L00750,email,2026-06-22 22:30:56,replied,Ben Foster
SUMM-A002342,SUMM-L00755,email,2026-06-22 23:19:35,sent,Maya Ortiz
SUMM-A002343,SUMM-L00734,email,2026-06-22 23:40:49,sent,Ben Foster
SUMM-A002344,SUMM-L00721,CALL,2026-06-23 01:17:05,no_answer,Lucia Romero
SUMM-A002345,SUMM-L00723,Email,2026-06-23 01:45:19,replied,Caleb Turner
SUMM-A002346,SUMM-L00700,call,2026-06-23 02:03:30,no_answer,Andre Coleman
SUMM-A002347,SUMM-L00763,email,2026-06-23 02:07:39,sent,Caleb Turner
SUMM-A002348,SUMM-L00766,call,2026-06-23 02:57:17,connected,Summit Dispatch Queue
SUMM-A002349,SUMM-L00691,email,2026-06-23 03:14:47,sent,Andre Coleman
SUMM-A002350,SUMM-L00761,Call,2026-06-23 03:41:37,no_answer,Caleb Turner
SUMM-A002351,SUMM-L00737,call,2026-06-23 03:53:17,voicemail,Caleb Turner
SUMM-A002352,SUMM-L00762,call,2026-06-23 04:07:58,connected,Caleb Turner
SUMM-A002353,SUMM-L00759,call,2026-06-23 04:51:42,connected,Andre Coleman
SUMM-A002354,SUMM-L00570,call,2026-06-23 05:17:29,no_answer,Lucia Romero
SUMM-A002355,SUMM-L00736,call,2026-06-23 05:34:45,connected,Caleb Turner
SUMM-A002356,SUMM-L00624,call,2026-06-23 06:10:38,voicemail,Summit Dispatch Queue
SUMM-A002357,SUMM-L00755,email,2026-06-23 06:52:15,sent,Maya Ortiz
SUMM-A002358,SUMM-L00726,call,2026-06-23 06:59:44,connected,Caleb Turner
SUMM-A002359,SUMM-L00771,call,2026-06-23 07:20:11,no_answer,Maya Ortiz
SUMM-A002360,SUMM-L00772,call,2026-06-23 07:53:44,no_answer,Ben Foster
SUMM-A002361,SUMM-L00754,CALL,2026-06-23 07:56:20,no_answer,Caleb Turner
SUMM-A002362,SUMM-L00768,email,2026-06-23 07:56:41,sent,Maya Ortiz
SUMM-A002363,SUMM-L00705,call,2026-06-23 08:26:51,no_answer,Maya Ortiz
SUMM-A002364,SUMM-L00711,Email,2026-06-23 09:02:49,sent,Caleb Turner
SUMM-A002365,SUMM-L00670,CALL,2026-06-23 09:19:19,no_answer,Maya Ortiz
SUMM-A002366,SUMM-L00737,call,2026-06-23 09:47:38,connected,Caleb Turner
SUMM-A002367,SUMM-L00770,call,2026-06-23 09:47:52,connected,Maya Ortiz
SUMM-A002368,SUMM-L00775,EMAIL,2026-06-23 13:48:14,sent,Ben Foster
SUMM-A002369,SUMM-L00641,email,2026-06-23 14:30:56,sent,Caleb Turner
SUMM-A002370,SUMM-L00737,call,2026-06-23 14:47:25,voicemail,Caleb Turner
SUMM-A002371,SUMM-L00778,Email,2026-06-23 17:17:32,sent,Andre Coleman
SUMM-A002372,SUMM-L00640,call,2026-06-23 17:24:40,connected,Andre Coleman
SUMM-A002373,SUMM-L00685,call,2026-06-23 17:54:17,connected,Caleb Turner
SUMM-A002374,SUMM-L00733,email,2026-06-23 17:57:38,sent,Hannah Price
SUMM-A002375,SUMM-L00776,EMAIL,2026-06-23 18:07:24,sent,Caleb Turner
SUMM-A002376,SUMM-L00769,email,2026-06-23 18:20:05,replied,Andre Coleman
SUMM-A002377,SUMM-L00757,call,2026-06-23 18:30:52,no_answer,Summit Dispatch Queue
SUMM-A002378,SUMM-L00726,email,2026-06-23 18:41:02,sent,Caleb Turner
SUMM-A002379,SUMM-L00767,call,2026-06-23 18:54:11,no_answer,Ben Foster
SUMM-A002380,SUMM-L00672,call,2026-06-23 19:58:38,connected,Caleb Turner
SUMM-A002381,SUMM-L00614,call,2026-06-23 21:14:56,connected,Andre Coleman
SUMM-A002382,SUMM-L00780,call,2026-06-23 21:47:16,voicemail,Hannah Price
SUMM-A002383,SUMM-L00774,email,2026-06-23 21:53:39,replied,Hannah Price
SUMM-A002384,SUMM-L00635,email,2026-06-23 21:53:53,bounced,Maya Ortiz
SUMM-A002385,SUMM-L00780,meeting,2026-06-24 00:19:16,held,Hannah Price
SUMM-A002386,SUMM-L00730,Meeting,2026-06-24 00:59:52,held,Maya Ortiz
SUMM-A002387,SUMM-L00781,call,2026-06-24 01:58:02,voicemail,Ben Foster
SUMM-A002388,SUMM-L00736,meeting,2026-06-24 02:04:31,held,Caleb Turner
SUMM-A002389,SUMM-L00646,email,2026-06-24 02:27:38,sent,Ben Foster
SUMM-A002390,SUMM-L00777,email,2026-06-24 03:07:15,sent,Lucia Romero
SUMM-A002391,SUMM-L00552,call,2026-06-24 03:49:58,no_answer,Ben Foster
SUMM-A002392,SUMM-L00741,email,2026-06-24 04:24:57,sent,Lucia Romero
SUMM-A002393,SUMM-L00777,meeting,2026-06-24 05:04:25,held,Lucia Romero
SUMM-A002394,SUMM-L00780,call,2026-06-24 05:20:24,voicemail,Hannah Price
SUMM-A002395,SUMM-L00420,call,2026-06-24 06:27:21,no_answer,Andre Coleman
SUMM-A002396,SUMM-L00741,email,2026-06-24 07:57:17,replied,Lucia Romero
SUMM-A002397,SUMM-L00783,call,2026-06-24 08:35:10,no_answer,Caleb Turner
SUMM-A002398,SUMM-L00777,call,2026-06-24 09:33:12,connected,Lucia Romero
SUMM-A002399,SUMM-L00648,call,2026-06-24 10:30:47,connected,Hannah Price
SUMM-A002400,SUMM-L00750,meeting,2026-06-24 10:39:59,held,Ben Foster
SUMM-A002401,SUMM-L00782,email,2026-06-24 11:11:24,replied,Andre Coleman
SUMM-A002402,SUMM-L00764,email,2026-06-24 13:05:01,replied,Caleb Turner
SUMM-A002403,SUMM-L00764,call,2026-06-24 13:05:05,no_answer,Caleb Turner
SUMM-A002404,SUMM-L00764,call,2026-06-24 13:05:13,connected,Caleb Turner
SUMM-A002405,SUMM-L00764,email,2026-06-24 13:05:19,sent,Caleb Turner
SUMM-A002406,SUMM-L00764,meeting,2026-06-24 13:05:37,held,Caleb Turner
SUMM-A002407,SUMM-L00764,email,2026-06-24 13:05:38,sent,Caleb Turner
SUMM-A002408,SUMM-L00764,CALL,2026-06-24 13:05:58,no_answer,Caleb Turner
SUMM-A002409,SUMM-L00779,email,2026-06-24 13:08:17,sent,Andre Coleman
SUMM-A002410,SUMM-L00657,email,2026-06-24 13:14:18,sent,Caleb Turner
SUMM-A002411,SUMM-L00785,call,2026-06-24 13:23:23,no_answer,Maya Ortiz
SUMM-A002412,SUMM-L00654,call,2026-06-24 13:37:20,no_answer,Summit Dispatch Queue
SUMM-A002413,SUMM-L00558,call,2026-06-24 13:49:30,voicemail,Hannah Price
SUMM-A002414,SUMM-L00777,call,2026-06-24 14:22:37,no_answer,Lucia Romero
SUMM-A002415,SUMM-L00730,CALL,2026-06-24 16:25:47,voicemail,Maya Ortiz
SUMM-A002416,SUMM-L00752,call,2026-06-24 16:33:15,connected,Andre Coleman
SUMM-A002417,SUMM-L00747,email,2026-06-24 16:39:51,bounced,Andre Coleman
SUMM-A002418,SUMM-L00659,call,2026-06-24 17:29:57,no_answer,Hannah Price
SUMM-A002419,SUMM-L00560,email,2026-06-24 18:00:04,replied,Hannah Price
SUMM-A002420,SUMM-L00777,call,2026-06-24 21:05:18,connected,Lucia Romero
SUMM-A002421,SUMM-L00789,email,2026-06-24 21:56:40,sent,Caleb Turner
SUMM-A002422,SUMM-L00773,call,2026-06-24 22:07:39,no_answer,Maya Ortiz
SUMM-A002423,SUMM-L00773,email,2026-06-24 23:00:17,sent,Maya Ortiz
SUMM-A002424,SUMM-L00773,email,2026-06-24 23:44:05,sent,Maya Ortiz
SUMM-A002425,SUMM-L00791,email,2026-06-25 00:42:00,bounced,Ben Foster
SUMM-A002426,SUMM-L00788,email,2026-06-25 02:43:33,sent,Caleb Turner
SUMM-A002427,SUMM-L00766,Call,2026-06-25 03:05:52,voicemail,Summit Dispatch Queue
SUMM-A002428,SUMM-L00421,email,2026-06-25 03:13:13,replied,Caleb Turner
SUMM-A002429,SUMM-L00753,call,2026-06-25 03:46:14,no_answer,Ben Foster
SUMM-A002430,SUMM-L00777,call,2026-06-25 03:58:43,no_answer,Lucia Romero
SUMM-A002431,SUMM-L00750,email,2026-06-25 04:16:08,sent,Ben Foster
SUMM-A002432,SUMM-L00753,call,2026-06-25 04:46:02,connected,Ben Foster
SUMM-A002433,SUMM-L00581,email,2026-06-25 06:26:46,sent,Caleb Turner
SUMM-A002434,SUMM-L00793,email,2026-06-25 07:08:31,sent,Caleb Turner
SUMM-A002435,SUMM-L00727,call,2026-06-25 07:09:49,connected,Caleb Turner
SUMM-A002436,SUMM-L00630,email,2026-06-25 07:27:10,replied,Caleb Turner
SUMM-A002437,SUMM-L00695,call,2026-06-25 07:28:33,connected,Hannah Price
SUMM-A002438,SUMM-L00581,call,2026-06-25 08:19:16,no_answer,Caleb Turner
SUMM-A002439,SUMM-L00670,call,2026-06-25 08:20:43,connected,Maya Ortiz
SUMM-A002440,SUMM-L00792,call,2026-06-25 09:12:29,no_answer,Hannah Price
SUMM-A002441,SUMM-L00787,call,2026-06-25 09:22:11,no_answer,Andre Coleman
SUMM-A002442,SUMM-L00645,Call,2026-06-25 09:49:12,no_answer,Ben Foster
SUMM-A002443,SUMM-L00796,Call,2026-06-25 11:52:35,connected,Maya Ortiz
SUMM-A002444,SUMM-L00786,call,2026-06-25 11:55:12,no_answer,Hannah Price
SUMM-A002445,SUMM-L00795,EMAIL,2026-06-25 12:10:52,bounced,Andre Coleman
SUMM-A002446,SUMM-L00794,email,2026-06-25 14:25:22,sent,Caleb Turner
SUMM-A002447,SUMM-L00798,call,2026-06-25 14:49:22,voicemail,Ben Foster
SUMM-A002448,SUMM-L00282,Email,2026-06-25 15:06:20,sent,Maya Ortiz
SUMM-A002449,SUMM-L00800,call,2026-06-25 15:09:11,connected,Caleb Turner
SUMM-A002450,SUMM-L00282,meeting,2026-06-25 16:01:42,held,Maya Ortiz
SUMM-A002451,SUMM-L00779,meeting,2026-06-25 16:16:03,held,Andre Coleman
SUMM-A002452,SUMM-L00673,call,2026-06-25 16:47:49,no_answer,Hannah Price
SUMM-A002453,SUMM-L00579,email,2026-06-25 17:18:19,sent,Andre Coleman
SUMM-A002454,SUMM-L00797,call,2026-06-25 17:57:12,voicemail,Hannah Price
SUMM-A002455,SUMM-L00803,email,2026-06-25 18:29:37,replied,Caleb Turner
SUMM-A002456,SUMM-L00803,call,2026-06-25 18:41:43,no_answer,Caleb Turner
SUMM-A002457,SUMM-L00683,call,2026-06-25 20:21:00,connected,Maya Ortiz
SUMM-A002458,SUMM-L00799,call,2026-06-25 20:32:24,connected,Andre Coleman
SUMM-A002459,SUMM-L00789,call,2026-06-25 20:58:24,no_answer,Caleb Turner
SUMM-A002460,SUMM-L00784,call,2026-06-25 21:11:44,no_answer,Caleb Turner
SUMM-A002461,SUMM-L00674,email,2026-06-25 21:42:15,sent,Maya Ortiz
SUMM-A002462,SUMM-L00788,email,2026-06-25 21:44:59,sent,Caleb Turner
SUMM-A002463,SUMM-L00790,call,2026-06-25 21:45:16,no_answer,Ben Foster
SUMM-A002464,SUMM-L00697,email,2026-06-25 22:50:58,sent,Summit Dispatch Queue
SUMM-A002465,SUMM-L00738,call,2026-06-25 23:01:39,no_answer,Andre Coleman
SUMM-A002466,SUMM-L00801,call,2026-06-25 23:15:42,no_answer,Ben Foster
SUMM-A002467,SUMM-L00794,call,2026-06-26 00:00:48,connected,Caleb Turner
SUMM-A002468,SUMM-L00663,email,2026-06-26 00:08:38,sent,Maya Ortiz
SUMM-A002469,SUMM-L00626,Call,2026-06-26 01:27:19,no_answer,Andre Coleman
SUMM-A002470,SUMM-L00282,email,2026-06-26 01:44:14,sent,Maya Ortiz
SUMM-A002471,SUMM-L00787,call,2026-06-26 02:31:54,connected,Andre Coleman
SUMM-A002472,SUMM-L00793,call,2026-06-26 02:43:21,voicemail,Caleb Turner
SUMM-A002473,SUMM-L00790,email,2026-06-26 04:12:01,sent,Ben Foster
SUMM-A002474,SUMM-L00807,email,2026-06-26 04:48:57,sent,Caleb Turner
SUMM-A002475,SUMM-L00792,call,2026-06-26 04:54:32,no_answer,Hannah Price
SUMM-A002476,SUMM-L00289,meeting,2026-06-26 04:59:02,held,Lucia Romero
SUMM-A002477,SUMM-L00588,call,2026-06-26 05:11:56,connected,Summit Dispatch Queue
SUMM-A002478,SUMM-L00805,call,2026-06-26 05:28:20,voicemail,Hannah Price
SUMM-A002479,SUMM-L00805,email,2026-06-26 05:31:00,sent,Hannah Price
SUMM-A002480,SUMM-L00804,email,2026-06-26 06:51:56,bounced,Ben Foster
SUMM-A002481,SUMM-L00805,call,2026-06-26 07:29:18,no_answer,Hannah Price
SUMM-A002482,SUMM-L00803,CALL,2026-06-26 07:43:21,no_answer,Caleb Turner
SUMM-A002483,SUMM-L00808,email,2026-06-26 08:43:17,sent,Maya Ortiz
SUMM-A002484,SUMM-L00809,email,2026-06-26 10:32:29,sent,Lucia Romero
SUMM-A002485,SUMM-L00729,email,2026-06-26 11:53:06,sent,Maya Ortiz
SUMM-A002486,SUMM-L00586,call,2026-06-26 11:55:45,voicemail,Andre Coleman
SUMM-A002487,SUMM-L00803,email,2026-06-26 12:06:06,sent,Caleb Turner
SUMM-A002488,SUMM-L00805,call,2026-06-26 12:32:26,voicemail,Hannah Price
SUMM-A002489,SUMM-L00811,email,2026-06-26 12:43:42,sent,Lucia Romero
SUMM-A002490,SUMM-L00807,meeting,2026-06-26 14:11:45,held,Caleb Turner
SUMM-A002491,SUMM-L00797,call,2026-06-26 14:27:29,no_answer,Hannah Price
SUMM-A002492,SUMM-L00806,email,2026-06-26 14:35:43,sent,Caleb Turner
SUMM-A002493,SUMM-L00715,Call,2026-06-26 15:03:41,connected,Andre Coleman
SUMM-A002494,SUMM-L00814,call,2026-06-26 15:15:35,no_answer,Caleb Turner
SUMM-A002495,SUMM-L00683,call,2026-06-26 15:31:32,voicemail,Maya Ortiz
SUMM-A002496,SUMM-L00430,meeting,2026-06-26 17:32:55,held,Caleb Turner
SUMM-A002497,SUMM-L00752,EMAIL,2026-06-26 17:56:20,sent,Andre Coleman
SUMM-A002498,SUMM-L00793,EMAIL,2026-06-26 18:23:40,sent,Caleb Turner
SUMM-A002499,SUMM-L00817,email,2026-06-26 19:17:32,sent,Hannah Price
SUMM-A002500,SUMM-L00708,EMAIL,2026-06-26 19:25:02,bounced,Lucia Romero
SUMM-A002501,SUMM-L00810,email,2026-06-26 19:28:18,sent,Hannah Price
SUMM-A002502,SUMM-L00805,call,2026-06-26 20:38:08,no_answer,Hannah Price
SUMM-A002503,SUMM-L00813,call,2026-06-26 20:59:10,no_answer,Lucia Romero
SUMM-A002504,SUMM-L00818,call,2026-06-26 21:19:17,connected,Andre Coleman
SUMM-A002505,SUMM-L00790,call,2026-06-26 21:37:27,no_answer,Ben Foster
SUMM-A002506,SUMM-L00816,email,2026-06-26 21:41:53,sent,Caleb Turner
SUMM-A002507,SUMM-L00792,call,2026-06-26 22:07:42,connected,Hannah Price
SUMM-A002508,SUMM-L00815,email,2026-06-26 22:10:06,replied,Hannah Price
SUMM-A002509,SUMM-L00724,email,2026-06-26 22:50:40,sent,Maya Ortiz
SUMM-A002510,SUMM-L00659,call,2026-06-26 22:58:28,connected,Hannah Price
SUMM-A002511,SUMM-L00820,email,2026-06-26 23:04:51,replied,Ben Foster
SUMM-A002512,SUMM-L00723,call,2026-06-26 23:34:02,voicemail,Caleb Turner
SUMM-A002513,SUMM-L00806,Meeting,2026-06-27 00:33:41,held,Caleb Turner
SUMM-A002514,SUMM-L00638,Call,2026-06-27 00:36:21,connected,Caleb Turner
SUMM-A002515,SUMM-L00683,call,2026-06-27 02:10:46,connected,Maya Ortiz
SUMM-A002516,SUMM-L00456,meeting,2026-06-27 02:26:24,held,Lucia Romero
SUMM-A002517,SUMM-L00697,email,2026-06-27 02:37:35,replied,Summit Dispatch Queue
SUMM-A002518,SUMM-L00785,email,2026-06-27 03:02:46,sent,Maya Ortiz
SUMM-A002519,SUMM-L00819,call,2026-06-27 04:04:17,voicemail,Lucia Romero
SUMM-A002520,SUMM-L00763,MEETING,2026-06-27 04:35:37,held,Caleb Turner
SUMM-A002521,SUMM-L00752,email,2026-06-27 05:08:05,sent,Andre Coleman
SUMM-A002522,SUMM-L00802,Email,2026-06-27 05:33:41,sent,Caleb Turner
SUMM-A002523,SUMM-L00794,call,2026-06-27 05:45:10,voicemail,Caleb Turner
SUMM-A002524,SUMM-L00682,call,2026-06-27 06:18:41,no_answer,Ben Foster
SUMM-A002525,SUMM-L00821,call,2026-06-27 06:26:00,no_answer,Hannah Price
SUMM-A002526,SUMM-L00800,call,2026-06-27 06:39:52,voicemail,Caleb Turner
SUMM-A002527,SUMM-L00682,call,2026-06-27 07:44:33,voicemail,Ben Foster
SUMM-A002528,SUMM-L00765,CALL,2026-06-27 09:27:04,voicemail,Andre Coleman
SUMM-A002529,SUMM-L00741,meeting,2026-06-27 10:45:31,held,Lucia Romero
SUMM-A002530,SUMM-L00757,call,2026-06-27 11:19:07,voicemail,Summit Dispatch Queue
SUMM-A002531,SUMM-L00744,call,2026-06-27 11:36:53,voicemail,Andre Coleman
SUMM-A002532,SUMM-L00794,MEETING,2026-06-27 11:38:10,held,Caleb Turner
SUMM-A002533,SUMM-L00637,Call,2026-06-27 12:31:40,voicemail,Andre Coleman
SUMM-A002534,SUMM-L00779,CALL,2026-06-27 13:54:24,voicemail,Andre Coleman
SUMM-A002535,SUMM-L00819,CALL,2026-06-27 14:18:30,no_answer,Lucia Romero
SUMM-A002536,SUMM-L00812,call,2026-06-27 14:24:59,connected,Maya Ortiz
SUMM-A002537,SUMM-L00725,call,2026-06-27 14:56:20,no_answer,Hannah Price
SUMM-A002538,SUMM-L00768,email,2026-06-27 14:58:02,sent,Maya Ortiz
SUMM-A002539,SUMM-L00794,email,2026-06-27 17:38:57,replied,Caleb Turner
SUMM-A002540,SUMM-L00751,email,2026-06-27 17:42:25,replied,Andre Coleman
SUMM-A002541,SUMM-L00700,CALL,2026-06-27 18:54:48,no_answer,Andre Coleman
SUMM-A002542,SUMM-L00824,email,2026-06-27 20:17:02,sent,Andre Coleman
SUMM-A002543,SUMM-L00752,meeting,2026-06-27 21:53:59,held,Andre Coleman
SUMM-A002544,SUMM-L00656,email,2026-06-27 22:34:31,sent,Maya Ortiz
SUMM-A002545,SUMM-L00826,email,2026-06-27 22:51:39,sent,Andre Coleman
SUMM-A002546,SUMM-L00823,call,2026-06-28 02:00:03,no_answer,Maya Ortiz
SUMM-A002547,SUMM-L00813,email,2026-06-28 02:07:07,sent,Lucia Romero
SUMM-A002548,SUMM-L00782,call,2026-06-28 02:28:43,voicemail,Andre Coleman
SUMM-A002549,SUMM-L00698,email,2026-06-28 02:30:43,sent,Caleb Turner
SUMM-A002550,SUMM-L00656,call,2026-06-28 02:49:37,connected,Maya Ortiz
SUMM-A002551,SUMM-L00793,email,2026-06-28 05:54:46,sent,Caleb Turner
SUMM-A002552,SUMM-L00772,email,2026-06-28 06:31:44,sent,Ben Foster
SUMM-A002553,SUMM-L00731,Call,2026-06-28 06:38:10,no_answer,Ben Foster
SUMM-A002554,SUMM-L00801,call,2026-06-28 07:00:43,voicemail,Ben Foster
SUMM-A002555,SUMM-L00729,email,2026-06-28 08:46:30,sent,Maya Ortiz
SUMM-A002556,SUMM-L00721,call,2026-06-28 09:21:30,connected,Lucia Romero
SUMM-A002557,SUMM-L00827,email,2026-06-28 11:02:16,sent,Hannah Price
SUMM-A002558,SUMM-L00828,call,2026-06-28 11:26:13,no_answer,Hannah Price
SUMM-A002559,SUMM-L00724,EMAIL,2026-06-28 11:30:16,sent,Maya Ortiz
SUMM-A002560,SUMM-L00748,email,2026-06-28 12:04:19,replied,Caleb Turner
SUMM-A002561,SUMM-L00705,email,2026-06-28 14:06:03,sent,Maya Ortiz
SUMM-A002562,SUMM-L00674,email,2026-06-28 14:23:03,sent,Maya Ortiz
SUMM-A002563,SUMM-L00815,email,2026-06-28 18:36:57,replied,Hannah Price
SUMM-A002564,SUMM-L00687,email,2026-06-28 18:42:16,bounced,Andre Coleman
SUMM-A002565,SUMM-L00830,call,2026-06-28 19:25:39,no_answer,Maya Ortiz
SUMM-A002566,SUMM-L00668,EMAIL,2026-06-28 19:26:13,sent,Andre Coleman
SUMM-A002567,SUMM-L00700,Email,2026-06-28 19:53:46,replied,Andre Coleman
SUMM-A002568,SUMM-L00832,call,2026-06-28 21:29:47,voicemail,Maya Ortiz
SUMM-A002569,SUMM-L00692,email,2026-06-28 21:39:01,sent,Lucia Romero
SUMM-A002570,SUMM-L00831,EMAIL,2026-06-28 21:39:08,replied,Summit Dispatch Queue
SUMM-A002571,SUMM-L00775,email,2026-06-28 23:48:31,sent,Ben Foster
SUMM-A002572,SUMM-L00687,call,2026-06-29 00:03:59,no_answer,Andre Coleman
SUMM-A002573,SUMM-L00822,call,2026-06-29 00:33:40,no_answer,Andre Coleman
SUMM-A002574,SUMM-L00701,call,2026-06-29 00:51:18,connected,Ben Foster
SUMM-A002575,SUMM-L00717,call,2026-06-29 00:51:39,connected,Ben Foster
SUMM-A002576,SUMM-L00632,email,2026-06-29 01:51:17,sent,Hannah Price
SUMM-A002577,SUMM-L00827,call,2026-06-29 02:43:10,voicemail,Hannah Price
SUMM-A002578,SUMM-L00700,email,2026-06-29 02:52:44,sent,Andre Coleman
SUMM-A002579,SUMM-L00656,call,2026-06-29 03:39:42,no_answer,Maya Ortiz
SUMM-A002580,SUMM-L00771,email,2026-06-29 03:43:41,sent,Maya Ortiz
SUMM-A002581,SUMM-L00834,email,2026-06-29 03:51:51,sent,Andre Coleman
SUMM-A002582,SUMM-L00519,email,2026-06-29 04:21:42,sent,Caleb Turner
SUMM-A002583,SUMM-L00833,email,2026-06-29 05:57:38,sent,Andre Coleman
SUMM-A002584,SUMM-L00835,call,2026-06-29 08:38:56,voicemail,Hannah Price
SUMM-A002585,SUMM-L00788,call,2026-06-29 10:13:04,no_answer,Caleb Turner
SUMM-A002586,SUMM-L00700,Call,2026-06-29 10:51:30,no_answer,Andre Coleman
SUMM-A002587,SUMM-L00829,CALL,2026-06-29 12:24:05,connected,Caleb Turner
SUMM-A002588,SUMM-L00787,call,2026-06-29 13:17:18,connected,Andre Coleman
SUMM-A002589,SUMM-L00839,email,2026-06-29 13:35:13,bounced,Caleb Turner
SUMM-A002590,SUMM-L00734,call,2026-06-29 13:45:38,voicemail,Ben Foster
SUMM-A002591,SUMM-L00641,call,2026-06-29 15:09:45,no_answer,Caleb Turner
SUMM-A002592,SUMM-L00656,Email,2026-06-29 16:28:03,replied,Maya Ortiz
SUMM-A002593,SUMM-L00825,EMAIL,2026-06-29 16:45:43,sent,Andre Coleman
SUMM-A002594,SUMM-L00841,call,2026-06-29 16:55:11,no_answer,Caleb Turner
SUMM-A002595,SUMM-L00700,call,2026-06-29 17:15:16,connected,Andre Coleman
SUMM-A002596,SUMM-L00824,CALL,2026-06-29 17:36:47,connected,Andre Coleman
SUMM-A002597,SUMM-L00842,email,2026-06-29 17:52:35,replied,Maya Ortiz
SUMM-A002598,SUMM-L00843,call,2026-06-29 18:11:31,connected,Caleb Turner
SUMM-A002599,SUMM-L00840,call,2026-06-29 18:47:41,connected,Caleb Turner
SUMM-A002600,SUMM-L00837,EMAIL,2026-06-29 18:53:00,sent,Lucia Romero
SUMM-A002601,SUMM-L00788,meeting,2026-06-29 19:24:53,no_show,Caleb Turner
SUMM-A002602,SUMM-L00637,call,2026-06-29 20:17:01,no_answer,Andre Coleman
SUMM-A002603,SUMM-L00838,call,2026-06-29 20:30:22,voicemail,Maya Ortiz
SUMM-A002604,SUMM-L00772,email,2026-06-29 23:47:42,sent,Ben Foster
SUMM-A002605,SUMM-L00839,call,2026-06-30 00:36:24,connected,Caleb Turner
SUMM-A002606,SUMM-L00788,email,2026-06-30 03:16:52,sent,Caleb Turner
SUMM-A002607,SUMM-L00846,call,2026-06-30 03:59:55,no_answer,Maya Ortiz
SUMM-A002608,SUMM-L00841,email,2026-06-30 08:10:39,sent,Caleb Turner
SUMM-A002609,SUMM-L00759,email,2026-06-30 08:34:39,sent,Andre Coleman
SUMM-A002610,SUMM-L00845,call,2026-06-30 09:04:16,no_answer,Summit Dispatch Queue
SUMM-A002611,SUMM-L00839,call,2026-06-30 09:55:10,voicemail,Caleb Turner
SUMM-A002612,SUMM-L00844,email,2026-06-30 10:43:09,sent,Summit Dispatch Queue
SUMM-A002613,SUMM-L00850,call,2026-06-30 11:31:45,connected,Lucia Romero
SUMM-A002614,SUMM-L00848,call,2026-06-30 12:10:53,no_answer,Andre Coleman
SUMM-A002615,SUMM-L00836,Email,2026-06-30 13:47:34,sent,Maya Ortiz
SUMM-A002616,SUMM-L00827,email,2026-06-30 14:48:58,bounced,Hannah Price
SUMM-A002617,SUMM-L00849,email,2026-06-30 15:17:19,sent,Andre Coleman
SUMM-A002618,SUMM-L00682,MEETING,2026-06-30 15:20:20,held,Ben Foster
SUMM-A002619,SUMM-L00831,email,2026-06-30 15:48:58,replied,Summit Dispatch Queue
SUMM-A002620,SUMM-L00851,email,2026-06-30 16:24:37,sent,Ben Foster
SUMM-A002621,SUMM-L00847,email,2026-06-30 17:58:24,sent,Maya Ortiz
SUMM-A002622,SUMM-L00651,call,2026-06-30 18:53:25,voicemail,Caleb Turner
SUMM-A002623,SUMM-L00855,call,2026-06-30 19:20:28,voicemail,Ben Foster
SUMM-A002624,SUMM-L00814,meeting,2026-06-30 19:24:44,held,Caleb Turner
SUMM-A002625,SUMM-L00855,Call,2026-06-30 19:36:21,no_answer,Ben Foster
SUMM-A002626,SUMM-L00857,call,2026-06-30 22:07:37,no_answer,Maya Ortiz
SUMM-A002627,SUMM-L00796,email,2026-06-30 22:12:42,replied,Maya Ortiz
SUMM-A002628,SUMM-L00798,email,2026-06-30 22:19:44,sent,Ben Foster
SUMM-A002629,SUMM-L00684,EMAIL,2026-06-30 23:36:33,sent,Maya Ortiz
SUMM-A002630,SUMM-L00849,meeting,2026-06-30 23:37:18,held,Andre Coleman
SUMM-A002631,SUMM-L00856,call,2026-07-01 01:00:50,no_answer,Andre Coleman
SUMM-A002632,SUMM-L00646,Call,2026-07-01 01:14:39,connected,Ben Foster
SUMM-A002633,SUMM-L00705,email,2026-07-01 01:16:21,sent,Maya Ortiz
SUMM-A002634,SUMM-L00701,email,2026-07-01 01:26:17,sent,Ben Foster
SUMM-A002635,SUMM-L00852,EMAIL,2026-07-01 02:38:14,replied,Caleb Turner
SUMM-A002636,SUMM-L00858,call,2026-07-01 04:33:39,voicemail,Hannah Price
SUMM-A002637,SUMM-L00830,email,2026-07-01 05:14:57,replied,Maya Ortiz
SUMM-A002638,SUMM-L00650,call,2026-07-01 05:15:45,voicemail,Caleb Turner
SUMM-A002639,SUMM-L00861,email,2026-07-01 07:04:57,replied,Ben Foster
SUMM-A002640,SUMM-L00670,email,2026-07-01 07:14:09,sent,Maya Ortiz
SUMM-A002641,SUMM-L00849,call,2026-07-01 07:14:37,connected,Andre Coleman
SUMM-A002642,SUMM-L00827,email,2026-07-01 09:13:03,sent,Hannah Price
SUMM-A002643,SUMM-L00734,email,2026-07-01 09:36:40,sent,Ben Foster
SUMM-A002644,SUMM-L00854,EMAIL,2026-07-01 10:23:51,replied,Ben Foster
SUMM-A002645,SUMM-L00839,Call,2026-07-01 11:07:01,connected,Caleb Turner
SUMM-A002646,SUMM-L00863,email,2026-07-01 13:01:32,replied,Hannah Price
SUMM-A002647,SUMM-L00653,email,2026-07-01 13:02:03,sent,Lucia Romero
SUMM-A002648,SUMM-L00852,email,2026-07-01 13:23:24,replied,Caleb Turner
SUMM-A002649,SUMM-L00734,email,2026-07-01 15:20:18,sent,Ben Foster
SUMM-A002650,SUMM-L00862,call,2026-07-01 15:42:56,voicemail,Ben Foster
SUMM-A002651,SUMM-L00871,email,2026-07-01 16:13:32,replied,Lucia Romero
SUMM-A002652,SUMM-L00827,Call,2026-07-01 16:20:25,connected,Hannah Price
SUMM-A002653,SUMM-L00869,EMAIL,2026-07-01 16:26:23,sent,Caleb Turner
SUMM-A002654,SUMM-L00873,call,2026-07-01 17:27:56,connected,Ben Foster
SUMM-A002655,SUMM-L00839,EMAIL,2026-07-01 18:14:00,sent,Caleb Turner
SUMM-A002656,SUMM-L00872,email,2026-07-01 18:18:32,sent,Caleb Turner
SUMM-A002657,SUMM-L00849,email,2026-07-01 18:48:31,sent,Andre Coleman
SUMM-A002658,SUMM-L00864,call,2026-07-01 18:57:28,voicemail,Hannah Price
SUMM-A002659,SUMM-L00776,Email,2026-07-01 19:08:13,sent,Caleb Turner
SUMM-A002660,SUMM-L00855,email,2026-07-01 20:19:03,sent,Ben Foster
SUMM-A002661,SUMM-L00860,call,2026-07-01 20:23:44,voicemail,Caleb Turner
SUMM-A002662,SUMM-L00827,call,2026-07-01 21:26:35,connected,Hannah Price
SUMM-A002663,SUMM-L00867,email,2026-07-01 21:47:04,replied,Hannah Price
SUMM-A002664,SUMM-L00857,CALL,2026-07-01 22:08:37,no_answer,Maya Ortiz
SUMM-A002665,SUMM-L00866,email,2026-07-01 22:24:04,sent,Ben Foster
SUMM-A002666,SUMM-L00868,Call,2026-07-01 22:45:23,voicemail,Maya Ortiz
SUMM-A002667,SUMM-L00875,call,2026-07-01 23:32:00,no_answer,Hannah Price
SUMM-A002668,SUMM-L00862,email,2026-07-01 23:47:00,sent,Ben Foster
SUMM-A002669,SUMM-L00874,call,2026-07-02 00:30:18,voicemail,Andre Coleman
SUMM-A002670,SUMM-L00739,call,2026-07-02 00:36:06,voicemail,Caleb Turner
SUMM-A002671,SUMM-L00874,call,2026-07-02 00:42:58,voicemail,Andre Coleman
SUMM-A002672,SUMM-L00859,call,2026-07-02 00:44:18,connected,Ben Foster
SUMM-A002673,SUMM-L00843,email,2026-07-02 01:02:49,sent,Caleb Turner
SUMM-A002674,SUMM-L00827,EMAIL,2026-07-02 01:52:07,sent,Hannah Price
SUMM-A002675,SUMM-L00865,call,2026-07-02 02:37:13,no_answer,Caleb Turner
SUMM-A002676,SUMM-L00870,email,2026-07-02 02:45:52,sent,Maya Ortiz
SUMM-A002677,SUMM-L00879,email,2026-07-02 03:37:17,replied,Lucia Romero
SUMM-A002678,SUMM-L00869,call,2026-07-02 03:40:27,voicemail,Caleb Turner
SUMM-A002679,SUMM-L00832,call,2026-07-02 03:57:14,no_answer,Maya Ortiz
SUMM-A002680,SUMM-L00855,meeting,2026-07-02 04:18:23,held,Ben Foster
SUMM-A002681,SUMM-L00881,call,2026-07-02 04:41:52,voicemail,Hannah Price
SUMM-A002682,SUMM-L00869,call,2026-07-02 04:53:40,connected,Caleb Turner
SUMM-A002683,SUMM-L00727,call,2026-07-02 06:05:20,connected,Caleb Turner
SUMM-A002684,SUMM-L00859,email,2026-07-02 06:54:50,sent,Ben Foster
SUMM-A002685,SUMM-L00880,call,2026-07-02 06:59:57,connected,Hannah Price
SUMM-A002686,SUMM-L00820,email,2026-07-02 07:22:51,sent,Ben Foster
SUMM-A002687,SUMM-L00880,meeting,2026-07-02 07:47:34,held,Hannah Price
SUMM-A002688,SUMM-L00728,CALL,2026-07-02 08:05:58,connected,Andre Coleman
SUMM-A002689,SUMM-L00876,Email,2026-07-02 08:18:02,sent,Ben Foster
SUMM-A002690,SUMM-L00806,email,2026-07-02 08:24:56,sent,Caleb Turner
SUMM-A002691,SUMM-L00656,call,2026-07-02 08:31:27,connected,Maya Ortiz
SUMM-A002692,SUMM-L00877,CALL,2026-07-02 09:31:56,no_answer,Andre Coleman
SUMM-A002693,SUMM-L00882,call,2026-07-02 09:46:55,no_answer,Caleb Turner
SUMM-A002694,SUMM-L00683,email,2026-07-02 09:53:42,sent,Maya Ortiz
SUMM-A002695,SUMM-L00880,call,2026-07-02 09:54:54,no_answer,Hannah Price
SUMM-A002696,SUMM-L00839,call,2026-07-02 10:28:10,no_answer,Caleb Turner
SUMM-A002697,SUMM-L00821,CALL,2026-07-02 10:59:32,connected,Hannah Price
SUMM-A002698,SUMM-L00865,call,2026-07-02 11:25:38,voicemail,Caleb Turner
SUMM-A002699,SUMM-L00871,call,2026-07-02 11:30:32,no_answer,Lucia Romero
SUMM-A002700,SUMM-L00806,call,2026-07-02 12:29:39,voicemail,Caleb Turner
SUMM-A002701,SUMM-L00849,call,2026-07-02 14:33:47,connected,Andre Coleman
SUMM-A002702,SUMM-L00869,email,2026-07-02 14:33:52,sent,Caleb Turner
SUMM-A002703,SUMM-L00859,call,2026-07-02 14:49:29,no_answer,Ben Foster
SUMM-A002704,SUMM-L00874,meeting,2026-07-02 15:14:53,held,Andre Coleman
SUMM-A002705,SUMM-L00800,Email,2026-07-02 15:55:44,sent,Caleb Turner
SUMM-A002706,SUMM-L00860,email,2026-07-02 16:19:16,sent,Caleb Turner
SUMM-A002707,SUMM-L00667,meeting,2026-07-02 16:53:59,held,Caleb Turner
SUMM-A002708,SUMM-L00880,email,2026-07-02 17:14:48,sent,Hannah Price
SUMM-A002709,SUMM-L00841,meeting,2026-07-02 17:32:05,held,Caleb Turner
SUMM-A002710,SUMM-L00857,call,2026-07-02 17:44:25,connected,Maya Ortiz
SUMM-A002711,SUMM-L00763,call,2026-07-02 19:16:49,no_answer,Caleb Turner
SUMM-A002712,SUMM-L00692,call,2026-07-02 19:58:46,no_answer,Lucia Romero
SUMM-A002713,SUMM-L00880,CALL,2026-07-02 21:52:35,connected,Hannah Price
SUMM-A002714,SUMM-L00888,email,2026-07-02 22:11:29,replied,Caleb Turner
SUMM-A002715,SUMM-L00858,email,2026-07-02 22:21:36,sent,Hannah Price
SUMM-A002716,SUMM-L00883,email,2026-07-03 00:54:46,replied,Caleb Turner
SUMM-A002717,SUMM-L00852,meeting,2026-07-03 00:55:39,held,Caleb Turner
SUMM-A002718,SUMM-L00860,call,2026-07-03 01:50:25,voicemail,Caleb Turner
SUMM-A002719,SUMM-L00887,call,2026-07-03 01:58:39,voicemail,Caleb Turner
SUMM-A002720,SUMM-L00839,email,2026-07-03 02:21:54,sent,Caleb Turner
SUMM-A002721,SUMM-L00884,email,2026-07-03 02:30:50,sent,Hannah Price
SUMM-A002722,SUMM-L00685,Call,2026-07-03 02:46:19,no_answer,Caleb Turner
SUMM-A002723,SUMM-L00830,email,2026-07-03 03:20:01,sent,Maya Ortiz
SUMM-A002724,SUMM-L00802,email,2026-07-03 04:06:00,sent,Caleb Turner
SUMM-A002725,SUMM-L00855,call,2026-07-03 04:57:39,voicemail,Ben Foster
SUMM-A002726,SUMM-L00843,email,2026-07-03 05:17:41,sent,Caleb Turner
SUMM-A002727,SUMM-L00843,call,2026-07-03 06:29:55,connected,Caleb Turner
SUMM-A002728,SUMM-L00890,email,2026-07-03 06:38:58,sent,Andre Coleman
SUMM-A002729,SUMM-L00889,call,2026-07-03 06:50:34,voicemail,Caleb Turner
SUMM-A002730,SUMM-L00871,CALL,2026-07-03 06:52:48,connected,Lucia Romero
SUMM-A002731,SUMM-L00800,email,2026-07-03 07:16:05,sent,Caleb Turner
SUMM-A002732,SUMM-L00849,email,2026-07-03 07:32:42,replied,Andre Coleman
SUMM-A002733,SUMM-L00891,email,2026-07-03 08:05:30,replied,Andre Coleman
SUMM-A002734,SUMM-L00860,call,2026-07-03 08:48:19,voicemail,Caleb Turner
SUMM-A002735,SUMM-L00885,call,2026-07-03 09:45:09,connected,Caleb Turner
SUMM-A002736,SUMM-L00787,meeting,2026-07-03 10:03:32,held,Andre Coleman
SUMM-A002737,SUMM-L00636,meeting,2026-07-03 11:18:23,rescheduled,Hannah Price
SUMM-A002738,SUMM-L00843,email,2026-07-03 11:38:21,bounced,Caleb Turner
SUMM-A002739,SUMM-L00873,email,2026-07-03 13:05:17,sent,Ben Foster
SUMM-A002740,SUMM-L00839,CALL,2026-07-03 13:18:51,no_answer,Caleb Turner
SUMM-A002741,SUMM-L00841,call,2026-07-03 13:20:40,connected,Caleb Turner
SUMM-A002742,SUMM-L00878,email,2026-07-03 14:28:24,replied,Ben Foster
SUMM-A002743,SUMM-L00670,email,2026-07-03 14:50:37,sent,Maya Ortiz
SUMM-A002744,SUMM-L00852,call,2026-07-03 15:07:27,no_answer,Caleb Turner
SUMM-A002745,SUMM-L00692,call,2026-07-03 15:17:52,no_answer,Lucia Romero
SUMM-A002746,SUMM-L00720,call,2026-07-03 15:38:02,no_answer,Maya Ortiz
SUMM-A002747,SUMM-L00859,email,2026-07-03 16:13:20,sent,Ben Foster
SUMM-A002748,SUMM-L00815,call,2026-07-03 16:20:56,connected,Hannah Price
SUMM-A002749,SUMM-L00893,call,2026-07-03 16:21:15,voicemail,Hannah Price
SUMM-A002750,SUMM-L00689,call,2026-07-03 16:24:44,voicemail,Ben Foster
SUMM-A002751,SUMM-L00839,call,2026-07-03 16:56:56,connected,Caleb Turner
SUMM-A002752,SUMM-L00899,Call,2026-07-03 17:37:21,no_answer,Hannah Price
SUMM-A002753,SUMM-L00705,call,2026-07-03 17:50:33,connected,Maya Ortiz
SUMM-A002754,SUMM-L00761,email,2026-07-03 18:12:53,sent,Caleb Turner
SUMM-A002755,SUMM-L00886,EMAIL,2026-07-03 19:30:16,sent,Maya Ortiz
SUMM-A002756,SUMM-L00892,Call,2026-07-03 20:20:04,no_answer,Caleb Turner
SUMM-A002757,SUMM-L00874,email,2026-07-03 20:27:18,sent,Andre Coleman
SUMM-A002758,SUMM-L00895,call,2026-07-03 21:00:50,voicemail,Caleb Turner
SUMM-A002759,SUMM-L00787,email,2026-07-03 21:03:57,sent,Andre Coleman
SUMM-A002760,SUMM-L00807,call,2026-07-03 21:24:13,no_answer,Caleb Turner
SUMM-A002761,SUMM-L00900,call,2026-07-03 21:26:38,connected,Maya Ortiz
SUMM-A002762,SUMM-L00788,Email,2026-07-03 21:43:07,sent,Caleb Turner
SUMM-A002763,SUMM-L00855,call,2026-07-03 21:44:07,connected,Ben Foster
SUMM-A002764,SUMM-L00841,call,2026-07-03 22:14:30,no_answer,Caleb Turner
SUMM-A002765,SUMM-L00812,call,2026-07-03 22:36:16,no_answer,Maya Ortiz
SUMM-A002766,SUMM-L00871,email,2026-07-03 22:57:13,sent,Lucia Romero
SUMM-A002767,SUMM-L00771,call,2026-07-03 23:13:23,connected,Maya Ortiz
SUMM-A002768,SUMM-L00853,call,2026-07-04 00:33:05,connected,Maya Ortiz
SUMM-A002769,SUMM-L00853,email,2026-07-04 00:34:05,replied,Maya Ortiz
SUMM-A002770,SUMM-L00685,email,2026-07-04 00:34:45,replied,Caleb Turner
SUMM-A002771,SUMM-L00843,email,2026-07-04 00:40:51,sent,Caleb Turner
SUMM-A002772,SUMM-L00814,email,2026-07-04 02:36:03,sent,Caleb Turner
SUMM-A002773,SUMM-L00894,call,2026-07-04 03:13:04,voicemail,Andre Coleman
SUMM-A002774,SUMM-L00903,call,2026-07-04 03:49:57,connected,Maya Ortiz
SUMM-A002775,SUMM-L00901,email,2026-07-04 05:00:26,bounced,Caleb Turner
SUMM-A002776,SUMM-L00904,email,2026-07-04 08:49:23,sent,Hannah Price
SUMM-A002777,SUMM-L00707,CALL,2026-07-04 09:16:09,voicemail,Maya Ortiz
SUMM-A002778,SUMM-L00787,call,2026-07-04 11:08:01,connected,Andre Coleman
SUMM-A002779,SUMM-L00896,call,2026-07-04 11:50:17,voicemail,Hannah Price
SUMM-A002780,SUMM-L00898,Call,2026-07-04 12:24:15,no_answer,Ben Foster
SUMM-A002781,SUMM-L00874,call,2026-07-04 13:13:13,voicemail,Andre Coleman
SUMM-A002782,SUMM-L00689,email,2026-07-04 13:14:48,sent,Ben Foster
SUMM-A002783,SUMM-L00907,email,2026-07-04 13:17:07,sent,Hannah Price
SUMM-A002784,SUMM-L00905,Email,2026-07-04 13:37:34,sent,Ben Foster
SUMM-A002785,SUMM-L00800,email,2026-07-04 15:14:14,sent,Caleb Turner
SUMM-A002786,SUMM-L00879,email,2026-07-04 16:13:46,sent,Lucia Romero
SUMM-A002787,SUMM-L00847,call,2026-07-04 17:41:02,connected,Maya Ortiz
SUMM-A002788,SUMM-L00911,call,2026-07-04 18:35:08,no_answer,Maya Ortiz
SUMM-A002789,SUMM-L00906,EMAIL,2026-07-04 18:48:24,sent,Ben Foster
SUMM-A002790,SUMM-L00897,call,2026-07-04 19:04:01,no_answer,Ben Foster
SUMM-A002791,SUMM-L00910,call,2026-07-04 19:40:42,no_answer,Hannah Price
SUMM-A002792,SUMM-L00909,email,2026-07-04 20:02:43,replied,Hannah Price
SUMM-A002793,SUMM-L00862,EMAIL,2026-07-04 20:14:16,sent,Ben Foster
SUMM-A002794,SUMM-L00876,call,2026-07-04 20:55:52,no_answer,Ben Foster
SUMM-A002795,SUMM-L00832,call,2026-07-04 21:26:03,connected,Maya Ortiz
SUMM-A002796,SUMM-L00807,email,2026-07-04 22:42:37,sent,Caleb Turner
SUMM-A002797,SUMM-L00906,Email,2026-07-04 23:44:09,replied,Ben Foster
SUMM-A002798,SUMM-L00902,call,2026-07-05 01:16:26,no_answer,Caleb Turner
SUMM-A002799,SUMM-L00848,email,2026-07-05 01:32:32,sent,Andre Coleman
SUMM-A002800,SUMM-L00695,email,2026-07-05 01:45:30,sent,Hannah Price
SUMM-A002801,SUMM-L00815,email,2026-07-05 04:07:49,sent,Hannah Price
SUMM-A002802,SUMM-L00716,call,2026-07-05 04:35:26,voicemail,Maya Ortiz
SUMM-A002803,SUMM-L00912,call,2026-07-05 06:43:41,no_answer,Caleb Turner
SUMM-A002804,SUMM-L00906,email,2026-07-05 07:06:59,sent,Ben Foster
SUMM-A002805,SUMM-L00758,call,2026-07-05 07:18:17,no_answer,Lucia Romero
SUMM-A002806,SUMM-L00739,call,2026-07-05 07:28:36,no_answer,Caleb Turner
SUMM-A002807,SUMM-L00908,call,2026-07-05 07:45:27,no_answer,Ben Foster
SUMM-A002808,SUMM-L00656,email,2026-07-05 07:49:47,bounced,Maya Ortiz
SUMM-A002809,SUMM-L00840,call,2026-07-05 07:58:13,no_answer,Caleb Turner
SUMM-A002810,SUMM-L00874,call,2026-07-05 08:05:53,voicemail,Andre Coleman
SUMM-A002811,SUMM-L00859,email,2026-07-05 08:31:30,sent,Ben Foster
SUMM-A002812,SUMM-L00833,email,2026-07-05 09:33:02,sent,Andre Coleman
SUMM-A002813,SUMM-L00721,email,2026-07-05 10:47:38,sent,Lucia Romero
SUMM-A002814,SUMM-L00906,email,2026-07-05 10:50:07,sent,Ben Foster
SUMM-A002815,SUMM-L00775,email,2026-07-05 10:54:46,sent,Ben Foster
SUMM-A002816,SUMM-L00860,email,2026-07-05 11:11:30,sent,Caleb Turner
SUMM-A002817,SUMM-L00882,call,2026-07-05 12:26:22,no_answer,Caleb Turner
SUMM-A002818,SUMM-L00659,call,2026-07-05 12:31:33,connected,Hannah Price
SUMM-A002819,SUMM-L00914,email,2026-07-05 13:11:12,sent,Andre Coleman
SUMM-A002820,SUMM-L00421,meeting,2026-07-05 14:15:00,held,Caleb Turner
SUMM-A002821,SUMM-L00793,meeting,2026-07-05 14:39:06,rescheduled,Caleb Turner
SUMM-A002822,SUMM-L00893,call,2026-07-05 15:33:12,no_answer,Hannah Price
SUMM-A002823,SUMM-L00692,email,2026-07-05 17:21:58,bounced,Lucia Romero
SUMM-A002824,SUMM-L00874,call,2026-07-05 17:42:12,voicemail,Andre Coleman
SUMM-A002825,SUMM-L00888,email,2026-07-05 18:45:11,replied,Caleb Turner
SUMM-A002826,SUMM-L00586,call,2026-07-05 19:11:40,no_answer,Andre Coleman
SUMM-A002827,SUMM-L00728,Call,2026-07-05 20:17:17,voicemail,Andre Coleman
SUMM-A002828,SUMM-L00806,Call,2026-07-05 21:19:54,no_answer,Caleb Turner
SUMM-A002829,SUMM-L00817,email,2026-07-05 22:07:27,sent,Hannah Price
SUMM-A002830,SUMM-L00863,email,2026-07-05 22:39:08,sent,Hannah Price
SUMM-A002831,SUMM-L00840,email,2026-07-05 23:54:39,bounced,Caleb Turner
SUMM-A002832,SUMM-L00768,Email,2026-07-06 00:15:49,sent,Maya Ortiz
SUMM-A002833,SUMM-L00908,CALL,2026-07-06 00:23:50,connected,Ben Foster
SUMM-A002834,SUMM-L00870,Call,2026-07-06 01:22:27,connected,Maya Ortiz
SUMM-A002835,SUMM-L00851,call,2026-07-06 02:37:17,no_answer,Ben Foster
SUMM-A002836,SUMM-L00864,call,2026-07-06 02:55:34,connected,Hannah Price
SUMM-A002837,SUMM-L00916,call,2026-07-06 03:12:41,voicemail,Maya Ortiz
SUMM-A002838,SUMM-L00904,call,2026-07-06 04:30:56,no_answer,Hannah Price
SUMM-A002839,SUMM-L00919,Email,2026-07-06 04:41:06,replied,Lucia Romero
SUMM-A002840,SUMM-L00918,call,2026-07-06 05:37:24,voicemail,Maya Ortiz
SUMM-A002841,SUMM-L00812,call,2026-07-06 05:54:27,no_answer,Maya Ortiz
SUMM-A002842,SUMM-L00920,call,2026-07-06 06:14:55,no_answer,Caleb Turner
SUMM-A002843,SUMM-L00917,CALL,2026-07-06 07:38:20,voicemail,Maya Ortiz
SUMM-A002844,SUMM-L00821,email,2026-07-06 08:24:09,sent,Hannah Price
SUMM-A002845,SUMM-L00920,meeting,2026-07-06 09:03:36,held,Caleb Turner
SUMM-A002846,SUMM-L00915,call,2026-07-06 09:17:51,connected,Hannah Price
SUMM-A002847,SUMM-L00902,call,2026-07-06 10:56:32,voicemail,Caleb Turner
SUMM-A002848,SUMM-L00922,call,2026-07-06 12:11:55,connected,Caleb Turner
SUMM-A002849,SUMM-L00787,email,2026-07-06 12:13:43,replied,Andre Coleman
SUMM-A002850,SUMM-L00924,call,2026-07-06 12:20:22,no_answer,Maya Ortiz
SUMM-A002851,SUMM-L00921,call,2026-07-06 13:05:16,no_answer,Caleb Turner
SUMM-A002852,SUMM-L00744,call,2026-07-06 14:10:21,connected,Andre Coleman
SUMM-A002853,SUMM-L00875,Meeting,2026-07-06 14:37:03,held,Hannah Price
SUMM-A002854,SUMM-L00908,call,2026-07-06 14:44:23,voicemail,Ben Foster
SUMM-A002855,SUMM-L00923,email,2026-07-06 15:20:45,replied,Maya Ortiz
SUMM-A002856,SUMM-L00924,email,2026-07-06 15:23:27,sent,Maya Ortiz
SUMM-A002857,SUMM-L00720,call,2026-07-06 15:48:35,connected,Maya Ortiz
SUMM-A002858,SUMM-L00928,call,2026-07-06 17:16:11,no_answer,Caleb Turner
SUMM-A002859,SUMM-L00925,email,2026-07-06 18:37:36,replied,Hannah Price
SUMM-A002860,SUMM-L00842,call,2026-07-06 18:50:02,voicemail,Maya Ortiz
SUMM-A002861,SUMM-L00875,email,2026-07-06 19:34:25,sent,Hannah Price
SUMM-A002862,SUMM-L00739,email,2026-07-06 20:38:05,sent,Caleb Turner
SUMM-A002863,SUMM-L00841,EMAIL,2026-07-06 20:52:02,bounced,Caleb Turner
SUMM-A002864,SUMM-L00913,email,2026-07-06 21:23:35,sent,Caleb Turner
SUMM-A002865,SUMM-L00927,call,2026-07-06 22:18:05,connected,Andre Coleman
SUMM-A002866,SUMM-L00793,call,2026-07-06 23:15:12,voicemail,Caleb Turner
SUMM-A002867,SUMM-L00920,Call,2026-07-06 23:54:10,voicemail,Caleb Turner
SUMM-A002868,SUMM-L00565,meeting,2026-07-07 00:01:16,held,Maya Ortiz
SUMM-A002869,SUMM-L00929,email,2026-07-07 00:09:11,sent,Caleb Turner
SUMM-A002870,SUMM-L00916,call,2026-07-07 01:07:06,voicemail,Maya Ortiz
SUMM-A002871,SUMM-L00925,email,2026-07-07 01:56:37,sent,Hannah Price
SUMM-A002872,SUMM-L00913,email,2026-07-07 02:08:15,sent,Caleb Turner
SUMM-A002873,SUMM-L00781,call,2026-07-07 02:26:36,voicemail,Ben Foster
SUMM-A002874,SUMM-L00931,EMAIL,2026-07-07 02:48:35,sent,Ben Foster
SUMM-A002875,SUMM-L00782,call,2026-07-07 03:01:33,no_answer,Andre Coleman
SUMM-A002876,SUMM-L00809,call,2026-07-07 03:36:44,connected,Lucia Romero
SUMM-A002877,SUMM-L00916,email,2026-07-07 03:48:33,sent,Maya Ortiz
SUMM-A002878,SUMM-L00899,call,2026-07-07 04:39:44,connected,Hannah Price
SUMM-A002879,SUMM-L00932,call,2026-07-07 04:47:26,no_answer,Andre Coleman
SUMM-A002880,SUMM-L00812,meeting,2026-07-07 05:38:14,held,Maya Ortiz
SUMM-A002881,SUMM-L00926,email,2026-07-07 05:56:40,sent,Caleb Turner
SUMM-A002882,SUMM-L00930,call,2026-07-07 07:33:40,no_answer,Ben Foster
SUMM-A002883,SUMM-L00893,email,2026-07-07 07:40:56,sent,Hannah Price
SUMM-A002884,SUMM-L00920,Call,2026-07-07 07:44:04,voicemail,Caleb Turner
SUMM-A002885,SUMM-L00933,CALL,2026-07-07 07:45:39,connected,Ben Foster
SUMM-A002886,SUMM-L00908,call,2026-07-07 08:35:55,no_answer,Ben Foster
SUMM-A002887,SUMM-L00855,call,2026-07-07 09:46:06,no_answer,Ben Foster
SUMM-A002888,SUMM-L00932,call,2026-07-07 10:02:08,no_answer,Andre Coleman
SUMM-A002889,SUMM-L00861,email,2026-07-07 10:39:41,sent,Ben Foster
SUMM-A002890,SUMM-L00908,call,2026-07-07 10:50:01,no_answer,Ben Foster
SUMM-A002891,SUMM-L00670,Call,2026-07-07 12:11:27,voicemail,Maya Ortiz
SUMM-A002892,SUMM-L00924,email,2026-07-07 13:04:12,sent,Maya Ortiz
SUMM-A002893,SUMM-L00936,email,2026-07-07 13:46:46,bounced,Hannah Price
SUMM-A002894,SUMM-L00864,Email,2026-07-07 13:52:56,sent,Hannah Price
SUMM-A002895,SUMM-L00727,email,2026-07-07 13:58:19,sent,Caleb Turner
SUMM-A002896,SUMM-L00855,email,2026-07-07 14:47:09,replied,Ben Foster
SUMM-A002897,SUMM-L00929,MEETING,2026-07-07 15:06:46,rescheduled,Caleb Turner
SUMM-A002898,SUMM-L00934,call,2026-07-07 15:14:24,voicemail,Maya Ortiz
SUMM-A002899,SUMM-L00935,CALL,2026-07-07 15:14:46,connected,Andre Coleman
SUMM-A002900,SUMM-L00758,call,2026-07-07 16:00:42,connected,Lucia Romero
SUMM-A002901,SUMM-L00938,call,2026-07-07 16:08:18,voicemail,Caleb Turner
SUMM-A002902,SUMM-L00793,call,2026-07-07 16:14:54,no_answer,Caleb Turner
SUMM-A002903,SUMM-L00937,email,2026-07-07 17:00:42,sent,Caleb Turner
SUMM-A002904,SUMM-L00831,call,2026-07-07 17:53:30,no_answer,Summit Dispatch Queue
SUMM-A002905,SUMM-L00253,EMAIL,2026-07-07 18:09:08,sent,Caleb Turner
SUMM-A002906,SUMM-L00929,CALL,2026-07-07 19:57:13,no_answer,Caleb Turner
SUMM-A002907,SUMM-L00882,email,2026-07-07 20:35:07,sent,Caleb Turner
SUMM-A002908,SUMM-L00890,call,2026-07-07 20:39:55,connected,Andre Coleman
SUMM-A002909,SUMM-L00920,email,2026-07-07 21:06:29,sent,Caleb Turner
SUMM-A002910,SUMM-L00930,email,2026-07-07 21:13:09,sent,Ben Foster
SUMM-A002911,SUMM-L00940,email,2026-07-07 21:17:37,sent,Caleb Turner
SUMM-A002912,SUMM-L00942,CALL,2026-07-07 21:44:52,no_answer,Hannah Price
SUMM-A002913,SUMM-L00913,call,2026-07-07 21:52:27,no_answer,Caleb Turner
SUMM-A002914,SUMM-L00916,meeting,2026-07-07 22:05:28,rescheduled,Maya Ortiz
SUMM-A002915,SUMM-L00941,call,2026-07-07 22:18:10,connected,Ben Foster
SUMM-A002916,SUMM-L00905,Email,2026-07-07 22:26:15,sent,Ben Foster
SUMM-A002917,SUMM-L00938,email,2026-07-07 22:34:19,sent,Caleb Turner
SUMM-A002918,SUMM-L00932,meeting,2026-07-07 22:43:49,no_show,Andre Coleman
SUMM-A002919,SUMM-L00943,call,2026-07-07 22:59:53,voicemail,Maya Ortiz
SUMM-A002920,SUMM-L00938,meeting,2026-07-08 00:52:35,rescheduled,Caleb Turner
SUMM-A002921,SUMM-L00727,email,2026-07-08 01:43:56,replied,Caleb Turner
SUMM-A002922,SUMM-L00884,EMAIL,2026-07-08 02:45:14,bounced,Hannah Price
SUMM-A002923,SUMM-L00887,email,2026-07-08 03:16:07,sent,Caleb Turner
SUMM-A002924,SUMM-L00939,email,2026-07-08 04:22:51,sent,Caleb Turner
SUMM-A002925,SUMM-L00674,call,2026-07-08 04:31:50,connected,Maya Ortiz
SUMM-A002926,SUMM-L00938,email,2026-07-08 07:07:42,sent,Caleb Turner
SUMM-A002927,SUMM-L00834,CALL,2026-07-08 07:30:09,voicemail,Andre Coleman
SUMM-A002928,SUMM-L00904,call,2026-07-08 10:50:42,voicemail,Hannah Price
SUMM-A002929,SUMM-L00692,email,2026-07-08 10:52:39,bounced,Lucia Romero
SUMM-A002930,SUMM-L00925,Call,2026-07-08 12:25:57,no_answer,Hannah Price
SUMM-A002931,SUMM-L00933,email,2026-07-08 13:02:44,replied,Ben Foster
SUMM-A002932,SUMM-L00938,email,2026-07-08 14:37:28,sent,Caleb Turner
SUMM-A002933,SUMM-L00896,call,2026-07-08 14:40:57,no_answer,Hannah Price
SUMM-A002934,SUMM-L00945,email,2026-07-08 14:42:56,sent,Hannah Price
SUMM-A002935,SUMM-L00896,email,2026-07-08 14:44:23,sent,Hannah Price
SUMM-A002936,SUMM-L00908,call,2026-07-08 14:58:37,no_answer,Ben Foster
SUMM-A002937,SUMM-L00852,call,2026-07-08 15:28:44,no_answer,Caleb Turner
SUMM-A002938,SUMM-L00865,call,2026-07-08 15:52:23,connected,Caleb Turner
SUMM-A002939,SUMM-L00656,email,2026-07-08 16:30:02,replied,Maya Ortiz
SUMM-A002940,SUMM-L00950,call,2026-07-08 16:30:03,connected,Maya Ortiz
SUMM-A002941,SUMM-L00812,call,2026-07-08 16:58:07,no_answer,Maya Ortiz
SUMM-A002942,SUMM-L00916,email,2026-07-08 17:04:31,replied,Maya Ortiz
SUMM-A002943,SUMM-L00916,meeting,2026-07-08 17:28:31,held,Maya Ortiz
SUMM-A002944,SUMM-L00908,email,2026-07-08 17:32:43,sent,Ben Foster
SUMM-A002945,SUMM-L00951,email,2026-07-08 18:43:43,sent,Maya Ortiz
SUMM-A002946,SUMM-L00420,call,2026-07-08 18:56:09,no_answer,Andre Coleman
SUMM-A002947,SUMM-L00948,call,2026-07-08 18:56:11,connected,Caleb Turner
SUMM-A002948,SUMM-L00900,email,2026-07-08 19:12:04,replied,Maya Ortiz
SUMM-A002949,SUMM-L00562,call,2026-07-08 20:03:04,no_answer,Caleb Turner
SUMM-A002950,SUMM-L00812,EMAIL,2026-07-08 20:10:45,sent,Maya Ortiz
SUMM-A002951,SUMM-L00949,email,2026-07-08 20:24:56,sent,Caleb Turner
SUMM-A002952,SUMM-L00811,meeting,2026-07-08 21:53:02,no_show,Lucia Romero
SUMM-A002953,SUMM-L00946,call,2026-07-08 22:45:40,voicemail,Caleb Turner
SUMM-A002954,SUMM-L00952,call,2026-07-08 22:51:22,no_answer,Andre Coleman
SUMM-A002955,SUMM-L00926,email,2026-07-08 22:52:06,sent,Caleb Turner
SUMM-A002956,SUMM-L00929,email,2026-07-08 23:33:22,sent,Caleb Turner
SUMM-A002957,SUMM-L00933,call,2026-07-09 03:53:40,connected,Ben Foster
SUMM-A002958,SUMM-L00938,call,2026-07-09 04:33:21,connected,Caleb Turner
SUMM-A002959,SUMM-L00938,email,2026-07-09 05:02:31,sent,Caleb Turner
SUMM-A002960,SUMM-L00933,meeting,2026-07-09 07:28:30,held,Ben Foster
SUMM-A002961,SUMM-L00855,CALL,2026-07-09 08:08:32,voicemail,Ben Foster
SUMM-A002962,SUMM-L00956,call,2026-07-09 08:26:53,voicemail,Caleb Turner
SUMM-A002963,SUMM-L00787,CALL,2026-07-09 08:49:18,voicemail,Andre Coleman
SUMM-A002964,SUMM-L00953,CALL,2026-07-09 09:54:30,voicemail,Lucia Romero
SUMM-A002965,SUMM-L00948,email,2026-07-09 10:24:44,sent,Caleb Turner
SUMM-A002966,SUMM-L00882,Call,2026-07-09 11:39:04,connected,Caleb Turner
SUMM-A002967,SUMM-L00953,email,2026-07-09 11:43:51,sent,Lucia Romero
SUMM-A002968,SUMM-L00800,call,2026-07-09 12:28:50,voicemail,Caleb Turner
SUMM-A002969,SUMM-L00692,Email,2026-07-09 13:06:56,sent,Lucia Romero
SUMM-A002970,SUMM-L00739,call,2026-07-09 15:15:59,connected,Caleb Turner
SUMM-A002971,SUMM-L00959,Email,2026-07-09 16:46:10,sent,Caleb Turner
SUMM-A002972,SUMM-L00938,call,2026-07-09 16:52:47,no_answer,Caleb Turner
SUMM-A002973,SUMM-L00957,call,2026-07-09 17:17:39,voicemail,Hannah Price
SUMM-A002974,SUMM-L00856,email,2026-07-09 17:40:53,sent,Andre Coleman
SUMM-A002975,SUMM-L00900,call,2026-07-09 17:43:13,no_answer,Maya Ortiz
SUMM-A002976,SUMM-L00745,call,2026-07-09 20:49:47,connected,Hannah Price
SUMM-A002977,SUMM-L00964,call,2026-07-09 21:40:16,no_answer,Andre Coleman
SUMM-A002978,SUMM-L00831,call,2026-07-09 21:46:48,no_answer,Summit Dispatch Queue
SUMM-A002979,SUMM-L00948,call,2026-07-09 21:48:30,voicemail,Caleb Turner
SUMM-A002980,SUMM-L00916,email,2026-07-09 21:54:13,replied,Maya Ortiz
SUMM-A002981,SUMM-L00860,call,2026-07-09 21:57:37,connected,Caleb Turner
SUMM-A002982,SUMM-L00800,email,2026-07-09 22:06:49,sent,Caleb Turner
SUMM-A002983,SUMM-L00912,email,2026-07-09 23:47:38,sent,Caleb Turner
SUMM-A002984,SUMM-L00961,call,2026-07-10 00:15:02,no_answer,Lucia Romero
SUMM-A002985,SUMM-L00888,EMAIL,2026-07-10 01:07:21,sent,Caleb Turner
SUMM-A002986,SUMM-L00931,email,2026-07-10 02:21:54,sent,Ben Foster
SUMM-A002987,SUMM-L00959,call,2026-07-10 02:52:40,connected,Caleb Turner
SUMM-A002988,SUMM-L00938,email,2026-07-10 03:01:24,replied,Caleb Turner
SUMM-A002989,SUMM-L00968,email,2026-07-10 03:18:46,bounced,Caleb Turner
SUMM-A002990,SUMM-L00954,call,2026-07-10 04:01:33,voicemail,Lucia Romero
SUMM-A002991,SUMM-L00955,call,2026-07-10 04:20:50,connected,Hannah Price
SUMM-A002992,SUMM-L00953,call,2026-07-10 04:26:32,no_answer,Lucia Romero
SUMM-A002993,SUMM-L00969,Call,2026-07-10 05:05:28,no_answer,Maya Ortiz
SUMM-A002994,SUMM-L00873,email,2026-07-10 05:16:05,bounced,Ben Foster
SUMM-A002995,SUMM-L00961,CALL,2026-07-10 05:17:35,voicemail,Lucia Romero
SUMM-A002996,SUMM-L00970,call,2026-07-10 06:57:10,connected,Andre Coleman
SUMM-A002997,SUMM-L00967,email,2026-07-10 07:16:17,replied,Maya Ortiz
SUMM-A002998,SUMM-L00955,email,2026-07-10 07:43:01,sent,Hannah Price
SUMM-A002999,SUMM-L00917,email,2026-07-10 07:48:22,sent,Maya Ortiz
SUMM-A003000,SUMM-L00967,email,2026-07-10 07:54:05,sent,Maya Ortiz
SUMM-A003001,SUMM-L00901,CALL,2026-07-10 08:19:50,no_answer,Caleb Turner
SUMM-A003002,SUMM-L00971,call,2026-07-10 08:21:02,no_answer,Ben Foster
SUMM-A003003,SUMM-L00972,email,2026-07-10 09:20:15,bounced,Lucia Romero
SUMM-A003004,SUMM-L00850,call,2026-07-10 10:19:23,connected,Lucia Romero
SUMM-A003005,SUMM-L00916,call,2026-07-10 10:23:35,connected,Maya Ortiz
SUMM-A003006,SUMM-L00947,call,2026-07-10 10:29:58,no_answer,Andre Coleman
SUMM-A003007,SUMM-L00974,email,2026-07-10 10:39:13,replied,Lucia Romero
SUMM-A003008,SUMM-L00916,call,2026-07-10 10:59:27,no_answer,Maya Ortiz
SUMM-A003009,SUMM-L00875,call,2026-07-10 11:17:38,connected,Hannah Price
SUMM-A003010,SUMM-L00877,call,2026-07-10 12:51:38,no_answer,Andre Coleman
SUMM-A003011,SUMM-L00938,meeting,2026-07-10 13:27:16,rescheduled,Caleb Turner
SUMM-A003012,SUMM-L00882,email,2026-07-10 13:42:16,bounced,Caleb Turner
SUMM-A003013,SUMM-L00976,call,2026-07-10 13:51:28,voicemail,Andre Coleman
SUMM-A003014,SUMM-L00916,meeting,2026-07-10 14:03:01,rescheduled,Maya Ortiz
SUMM-A003015,SUMM-L00973,email,2026-07-10 14:03:27,sent,Andre Coleman
SUMM-A003016,SUMM-L00941,call,2026-07-10 14:15:18,voicemail,Ben Foster
SUMM-A003017,SUMM-L00953,email,2026-07-10 14:35:45,sent,Lucia Romero
SUMM-A003018,SUMM-L00825,email,2026-07-10 14:52:44,sent,Andre Coleman
SUMM-A003019,SUMM-L00952,call,2026-07-10 15:35:08,no_answer,Andre Coleman
SUMM-A003020,SUMM-L00882,call,2026-07-10 15:56:00,voicemail,Caleb Turner
SUMM-A003021,SUMM-L00863,email,2026-07-10 16:32:19,sent,Hannah Price
SUMM-A003022,SUMM-L00930,call,2026-07-10 17:20:05,no_answer,Ben Foster
SUMM-A003023,SUMM-L00863,email,2026-07-10 19:29:38,replied,Hannah Price
SUMM-A003024,SUMM-L00953,email,2026-07-10 19:32:42,sent,Lucia Romero
SUMM-A003025,SUMM-L00962,call,2026-07-10 19:42:59,no_answer,Hannah Price
SUMM-A003026,SUMM-L00858,email,2026-07-10 20:55:27,sent,Hannah Price
SUMM-A003027,SUMM-L00977,call,2026-07-10 21:00:13,no_answer,Caleb Turner
SUMM-A003028,SUMM-L00970,call,2026-07-10 21:22:43,connected,Andre Coleman
SUMM-A003029,SUMM-L00897,email,2026-07-10 21:28:12,sent,Ben Foster
SUMM-A003030,SUMM-L00695,call,2026-07-10 21:37:33,no_answer,Hannah Price
SUMM-A003031,SUMM-L00955,Call,2026-07-10 21:50:39,connected,Hannah Price
SUMM-A003032,SUMM-L00797,email,2026-07-10 23:03:06,sent,Hannah Price
SUMM-A003033,SUMM-L00960,call,2026-07-10 23:44:21,voicemail,Caleb Turner
SUMM-A003034,SUMM-L00966,call,2026-07-11 00:03:25,connected,Andre Coleman
SUMM-A003035,SUMM-L00953,call,2026-07-11 00:11:30,connected,Lucia Romero
SUMM-A003036,SUMM-L00838,CALL,2026-07-11 01:33:36,voicemail,Maya Ortiz
SUMM-A003037,SUMM-L00954,call,2026-07-11 02:01:48,connected,Lucia Romero
SUMM-A003038,SUMM-L00961,meeting,2026-07-11 04:06:46,held,Lucia Romero
SUMM-A003039,SUMM-L00828,email,2026-07-11 04:53:52,sent,Hannah Price
SUMM-A003040,SUMM-L00958,email,2026-07-11 05:46:22,sent,Ben Foster
SUMM-A003041,SUMM-L00894,call,2026-07-11 05:56:08,voicemail,Andre Coleman
SUMM-A003042,SUMM-L00961,call,2026-07-11 06:01:43,connected,Lucia Romero
SUMM-A003043,SUMM-L00965,EMAIL,2026-07-11 06:38:06,sent,Ben Foster
SUMM-A003044,SUMM-L00797,call,2026-07-11 06:46:00,connected,Hannah Price
SUMM-A003045,SUMM-L00963,call,2026-07-11 07:01:01,no_answer,Hannah Price
SUMM-A003046,SUMM-L00915,call,2026-07-11 08:13:47,voicemail,Hannah Price
SUMM-A003047,SUMM-L00978,call,2026-07-11 08:50:10,voicemail,Hannah Price
SUMM-A003048,SUMM-L00830,Email,2026-07-11 10:02:53,replied,Maya Ortiz
SUMM-A003049,SUMM-L00744,call,2026-07-11 10:12:25,connected,Andre Coleman
SUMM-A003050,SUMM-L00685,MEETING,2026-07-11 10:49:21,rescheduled,Caleb Turner
SUMM-A003051,SUMM-L00975,email,2026-07-11 11:10:05,sent,Caleb Turner
SUMM-A003052,SUMM-L00946,email,2026-07-11 11:24:49,sent,Caleb Turner
SUMM-A003053,SUMM-L00979,CALL,2026-07-11 11:31:17,voicemail,Caleb Turner
SUMM-A003054,SUMM-L00823,call,2026-07-11 11:32:09,no_answer,Maya Ortiz
SUMM-A003055,SUMM-L00936,call,2026-07-11 13:39:05,no_answer,Hannah Price
SUMM-A003056,SUMM-L00975,email,2026-07-11 14:56:17,sent,Caleb Turner
SUMM-A003057,SUMM-L00948,email,2026-07-11 15:50:19,replied,Caleb Turner
SUMM-A003058,SUMM-L00953,Email,2026-07-11 16:05:43,sent,Lucia Romero
SUMM-A003059,SUMM-L00837,email,2026-07-11 17:37:23,sent,Lucia Romero
SUMM-A003060,SUMM-L00875,email,2026-07-11 18:26:02,sent,Hannah Price
SUMM-A003061,SUMM-L00945,email,2026-07-11 19:44:11,sent,Hannah Price
SUMM-A003062,SUMM-L00982,call,2026-07-11 22:06:15,voicemail,Caleb Turner
SUMM-A003063,SUMM-L00961,email,2026-07-11 22:12:05,replied,Lucia Romero
SUMM-A003064,SUMM-L00981,email,2026-07-11 22:33:02,bounced,Hannah Price
SUMM-A003065,SUMM-L00898,call,2026-07-11 22:43:57,connected,Ben Foster
SUMM-A003066,SUMM-L00961,meeting,2026-07-11 23:23:52,held,Lucia Romero
SUMM-A003067,SUMM-L00695,Email,2026-07-12 00:44:54,replied,Hannah Price
SUMM-A003068,SUMM-L00811,Email,2026-07-12 01:44:29,replied,Lucia Romero
SUMM-A003069,SUMM-L00823,call,2026-07-12 01:46:38,voicemail,Maya Ortiz
SUMM-A003070,SUMM-L00984,email,2026-07-12 01:54:45,sent,Maya Ortiz
SUMM-A003071,SUMM-L00940,call,2026-07-12 02:33:57,connected,Caleb Turner
SUMM-A003072,SUMM-L00784,call,2026-07-12 02:58:18,no_answer,Caleb Turner
SUMM-A003073,SUMM-L00889,call,2026-07-12 04:32:33,no_answer,Caleb Turner
SUMM-A003074,SUMM-L00986,Email,2026-07-12 04:34:22,sent,Hannah Price
SUMM-A003075,SUMM-L00937,email,2026-07-12 04:45:19,sent,Caleb Turner
SUMM-A003076,SUMM-L00948,meeting,2026-07-12 04:46:58,held,Caleb Turner
SUMM-A003077,SUMM-L00882,Call,2026-07-12 05:28:49,voicemail,Caleb Turner
SUMM-A003078,SUMM-L00959,call,2026-07-12 05:58:44,connected,Caleb Turner
SUMM-A003079,SUMM-L00983,call,2026-07-12 06:26:40,no_answer,Ben Foster
SUMM-A003080,SUMM-L00985,email,2026-07-12 06:32:01,sent,Hannah Price
SUMM-A003081,SUMM-L00769,call,2026-07-12 06:45:48,connected,Andre Coleman
SUMM-A003082,SUMM-L00953,email,2026-07-12 07:13:19,sent,Lucia Romero
SUMM-A003083,SUMM-L00970,call,2026-07-12 08:39:06,voicemail,Andre Coleman
SUMM-A003084,SUMM-L00987,call,2026-07-12 08:45:15,connected,Ben Foster
SUMM-A003085,SUMM-L00856,email,2026-07-12 08:47:57,sent,Andre Coleman
SUMM-A003086,SUMM-L00988,email,2026-07-12 08:48:56,sent,Caleb Turner
SUMM-A003087,SUMM-L00980,call,2026-07-12 10:15:56,voicemail,Caleb Turner
SUMM-A003088,SUMM-L00987,call,2026-07-12 10:56:18,no_answer,Ben Foster
SUMM-A003089,SUMM-L00967,meeting,2026-07-12 12:44:29,held,Maya Ortiz
SUMM-A003090,SUMM-L00821,email,2026-07-12 13:22:50,sent,Hannah Price
SUMM-A003091,SUMM-L00905,call,2026-07-12 13:41:25,connected,Ben Foster
SUMM-A003092,SUMM-L00953,call,2026-07-12 14:20:31,connected,Lucia Romero
SUMM-A003093,SUMM-L00944,call,2026-07-12 15:35:39,voicemail,Andre Coleman
SUMM-A003094,SUMM-L00820,call,2026-07-12 15:56:46,connected,Ben Foster
SUMM-A003095,SUMM-L00778,email,2026-07-12 17:12:26,sent,Andre Coleman
SUMM-A003096,SUMM-L00981,call,2026-07-12 17:57:43,no_answer,Hannah Price
SUMM-A003097,SUMM-L00990,call,2026-07-12 18:22:40,connected,Hannah Price
SUMM-A003098,SUMM-L00924,EMAIL,2026-07-12 18:27:25,replied,Maya Ortiz
SUMM-A003099,SUMM-L00959,call,2026-07-12 18:53:28,no_answer,Caleb Turner
SUMM-A003100,SUMM-L00882,call,2026-07-12 20:11:23,connected,Caleb Turner
SUMM-A003101,SUMM-L00978,Meeting,2026-07-12 21:03:17,held,Hannah Price
SUMM-A003102,SUMM-L00956,call,2026-07-12 21:05:31,connected,Caleb Turner
SUMM-A003103,SUMM-L00952,Email,2026-07-12 23:31:03,sent,Andre Coleman
SUMM-A003104,SUMM-L00989,call,2026-07-13 00:25:24,connected,Hannah Price
SUMM-A003105,SUMM-L00927,email,2026-07-13 02:39:24,sent,Andre Coleman
SUMM-A003106,SUMM-L00951,call,2026-07-13 03:45:18,connected,Maya Ortiz
SUMM-A003107,SUMM-L00992,call,2026-07-13 04:04:54,connected,Caleb Turner
SUMM-A003108,SUMM-L00782,Email,2026-07-13 05:07:47,sent,Andre Coleman
SUMM-A003109,SUMM-L00739,call,2026-07-13 05:11:09,connected,Caleb Turner
SUMM-A003110,SUMM-L00870,meeting,2026-07-13 06:49:49,held,Maya Ortiz
SUMM-A003111,SUMM-L00933,CALL,2026-07-13 07:30:55,connected,Ben Foster
SUMM-A003112,SUMM-L00999,email,2026-07-13 07:55:59,replied,Andre Coleman
SUMM-A003113,SUMM-L00998,email,2026-07-13 07:59:35,sent,Caleb Turner
SUMM-A003114,SUMM-L00922,email,2026-07-13 09:17:36,sent,Caleb Turner
SUMM-A003115,SUMM-L00935,email,2026-07-13 09:30:58,sent,Andre Coleman
SUMM-A003116,SUMM-L00993,CALL,2026-07-13 10:15:31,voicemail,Maya Ortiz
SUMM-A003117,SUMM-L00959,email,2026-07-13 10:40:15,sent,Caleb Turner
SUMM-A003118,SUMM-L00917,email,2026-07-13 10:47:56,bounced,Maya Ortiz
SUMM-A003119,SUMM-L00861,call,2026-07-13 11:46:10,connected,Ben Foster
SUMM-A003120,SUMM-L00982,call,2026-07-13 12:08:01,voicemail,Caleb Turner
SUMM-A003121,SUMM-L00996,CALL,2026-07-13 12:37:18,voicemail,Lucia Romero
SUMM-A003122,SUMM-L01004,email,2026-07-13 13:04:11,replied,Ben Foster
SUMM-A003123,SUMM-L00997,email,2026-07-13 13:59:26,sent,Ben Foster
SUMM-A003124,SUMM-L00828,call,2026-07-13 14:01:56,connected,Hannah Price
SUMM-A003125,SUMM-L01005,email,2026-07-13 14:10:51,sent,Maya Ortiz
SUMM-A003126,SUMM-L00739,call,2026-07-13 14:39:47,no_answer,Caleb Turner
SUMM-A003127,SUMM-L00772,EMAIL,2026-07-13 14:43:19,replied,Ben Foster
SUMM-A003128,SUMM-L01006,email,2026-07-13 15:33:09,sent,Caleb Turner
SUMM-A003129,SUMM-L00976,email,2026-07-13 17:03:36,sent,Andre Coleman
SUMM-A003130,SUMM-L00997,Call,2026-07-13 19:20:01,no_answer,Ben Foster
SUMM-A003131,SUMM-L00834,call,2026-07-13 19:33:15,voicemail,Andre Coleman
SUMM-A003132,SUMM-L00966,email,2026-07-13 19:51:43,replied,Andre Coleman
SUMM-A003133,SUMM-L00562,call,2026-07-13 20:44:19,no_answer,Caleb Turner
SUMM-A003134,SUMM-L01008,email,2026-07-13 20:44:41,sent,Andre Coleman
SUMM-A003135,SUMM-L00995,email,2026-07-13 20:52:28,replied,Hannah Price
SUMM-A003136,SUMM-L00787,email,2026-07-13 20:54:10,sent,Andre Coleman
SUMM-A003137,SUMM-L00763,call,2026-07-13 20:55:28,no_answer,Caleb Turner
SUMM-A003138,SUMM-L00692,call,2026-07-13 21:25:45,connected,Lucia Romero
SUMM-A003139,SUMM-L01002,Call,2026-07-13 21:55:26,voicemail,Maya Ortiz
SUMM-A003140,SUMM-L01003,email,2026-07-13 22:02:30,sent,Lucia Romero
SUMM-A003141,SUMM-L01002,email,2026-07-13 22:21:32,sent,Maya Ortiz
SUMM-A003142,SUMM-L00935,call,2026-07-13 22:57:29,connected,Andre Coleman
SUMM-A003143,SUMM-L00959,call,2026-07-13 23:40:56,no_answer,Caleb Turner
SUMM-A003144,SUMM-L00995,Call,2026-07-14 00:01:43,no_answer,Hannah Price
SUMM-A003145,SUMM-L01007,email,2026-07-14 00:30:50,sent,Hannah Price
SUMM-A003146,SUMM-L00942,call,2026-07-14 01:13:29,no_answer,Hannah Price
SUMM-A003147,SUMM-L01009,call,2026-07-14 04:00:40,voicemail,Caleb Turner
SUMM-A003148,SUMM-L00772,call,2026-07-14 04:50:48,no_answer,Ben Foster
SUMM-A003149,SUMM-L01002,meeting,2026-07-14 05:41:48,rescheduled,Maya Ortiz
SUMM-A003150,SUMM-L00956,call,2026-07-14 07:13:50,connected,Caleb Turner
SUMM-A003151,SUMM-L00924,call,2026-07-14 07:52:23,no_answer,Maya Ortiz
SUMM-A003152,SUMM-L00831,call,2026-07-14 07:55:41,connected,Summit Dispatch Queue
SUMM-A003153,SUMM-L01001,call,2026-07-14 08:38:22,voicemail,Andre Coleman
SUMM-A003154,SUMM-L00811,EMAIL,2026-07-14 09:14:10,sent,Lucia Romero
SUMM-A003155,SUMM-L00988,Call,2026-07-14 09:34:22,connected,Caleb Turner
SUMM-A003156,SUMM-L00562,email,2026-07-14 10:48:36,sent,Caleb Turner
SUMM-A003157,SUMM-L00977,meeting,2026-07-14 11:48:55,held,Caleb Turner
SUMM-A003158,SUMM-L01012,call,2026-07-14 12:25:21,voicemail,Caleb Turner
SUMM-A003159,SUMM-L01000,email,2026-07-14 14:52:32,sent,Ben Foster
SUMM-A003160,SUMM-L01000,call,2026-07-14 15:24:36,connected,Ben Foster
SUMM-A003161,SUMM-L00872,email,2026-07-14 15:41:37,replied,Caleb Turner
SUMM-A003162,SUMM-L00888,call,2026-07-14 16:15:31,connected,Caleb Turner
SUMM-A003163,SUMM-L01015,call,2026-07-14 17:20:52,connected,Caleb Turner
SUMM-A003164,SUMM-L00998,call,2026-07-14 17:26:07,no_answer,Caleb Turner
SUMM-A003165,SUMM-L01008,email,2026-07-14 17:37:55,sent,Andre Coleman
SUMM-A003166,SUMM-L01014,call,2026-07-14 18:05:59,connected,Lucia Romero
SUMM-A003167,SUMM-L01000,meeting,2026-07-14 18:27:43,held,Ben Foster
SUMM-A003168,SUMM-L01008,Call,2026-07-14 18:40:16,no_answer,Andre Coleman
SUMM-A003169,SUMM-L01018,call,2026-07-14 18:41:25,voicemail,Ben Foster
SUMM-A003170,SUMM-L01017,Call,2026-07-14 18:59:33,no_answer,Andre Coleman
SUMM-A003171,SUMM-L00994,call,2026-07-14 20:10:19,no_answer,Maya Ortiz
SUMM-A003172,SUMM-L00973,email,2026-07-14 20:23:58,bounced,Andre Coleman
SUMM-A003173,SUMM-L01016,call,2026-07-14 21:04:36,no_answer,Caleb Turner
SUMM-A003174,SUMM-L00685,call,2026-07-14 21:43:08,voicemail,Caleb Turner
SUMM-A003175,SUMM-L00786,call,2026-07-15 00:55:50,connected,Hannah Price
SUMM-A003176,SUMM-L00910,email,2026-07-15 01:17:51,replied,Hannah Price
SUMM-A003177,SUMM-L01011,CALL,2026-07-15 01:22:23,no_answer,Ben Foster
SUMM-A003178,SUMM-L00253,call,2026-07-15 02:08:29,no_answer,Caleb Turner
SUMM-A003179,SUMM-L01008,CALL,2026-07-15 02:22:55,voicemail,Andre Coleman
SUMM-A003180,SUMM-L01013,call,2026-07-15 02:51:36,voicemail,Maya Ortiz
SUMM-A003181,SUMM-L00833,call,2026-07-15 03:12:03,connected,Andre Coleman
SUMM-A003182,SUMM-L01010,CALL,2026-07-15 04:02:26,connected,Maya Ortiz
SUMM-A003183,SUMM-L00825,call,2026-07-15 04:18:13,no_answer,Andre Coleman
SUMM-A003184,SUMM-L00887,email,2026-07-15 05:00:30,sent,Caleb Turner
SUMM-A003185,SUMM-L01020,email,2026-07-15 05:22:36,sent,Andre Coleman
SUMM-A003186,SUMM-L00875,call,2026-07-15 06:09:02,no_answer,Hannah Price
SUMM-A003187,SUMM-L01008,email,2026-07-15 06:37:05,replied,Andre Coleman
SUMM-A003188,SUMM-L01008,email,2026-07-15 06:38:19,sent,Andre Coleman
SUMM-A003189,SUMM-L01019,call,2026-07-15 07:11:25,no_answer,Hannah Price
SUMM-A003190,SUMM-L01015,EMAIL,2026-07-15 07:15:52,bounced,Caleb Turner
SUMM-A003191,SUMM-L00978,meeting,2026-07-15 07:49:24,held,Hannah Price
SUMM-A003192,SUMM-L01021,call,2026-07-15 08:34:56,connected,Caleb Turner
SUMM-A003193,SUMM-L00804,email,2026-07-15 08:36:36,sent,Ben Foster
SUMM-A003194,SUMM-L00948,email,2026-07-15 08:37:03,sent,Caleb Turner
SUMM-A003195,SUMM-L00886,CALL,2026-07-15 09:16:43,voicemail,Maya Ortiz
SUMM-A003196,SUMM-L00918,email,2026-07-15 09:55:57,replied,Maya Ortiz
SUMM-A003197,SUMM-L00934,email,2026-07-15 11:05:17,sent,Maya Ortiz
SUMM-A003198,SUMM-L01017,call,2026-07-15 11:28:33,voicemail,Andre Coleman
SUMM-A003199,SUMM-L01015,Call,2026-07-15 11:30:18,connected,Caleb Turner
SUMM-A003200,SUMM-L00817,email,2026-07-15 12:28:12,replied,Hannah Price
SUMM-A003201,SUMM-L00763,email,2026-07-15 12:29:12,sent,Caleb Turner
SUMM-A003202,SUMM-L01022,call,2026-07-15 13:10:22,no_answer,Hannah Price
SUMM-A003203,SUMM-L01024,call,2026-07-15 13:34:04,no_answer,Lucia Romero
SUMM-A003204,SUMM-L00991,call,2026-07-15 14:09:50,connected,Caleb Turner
SUMM-A003205,SUMM-L01025,call,2026-07-15 14:16:41,no_answer,Ben Foster
SUMM-A003206,SUMM-L00982,call,2026-07-15 14:43:05,no_answer,Caleb Turner
SUMM-A003207,SUMM-L00995,call,2026-07-15 16:38:39,no_answer,Hannah Price
SUMM-A003208,SUMM-L00966,Email,2026-07-15 17:13:07,sent,Andre Coleman
SUMM-A003209,SUMM-L00976,Email,2026-07-15 17:28:21,sent,Andre Coleman
SUMM-A003210,SUMM-L01029,call,2026-07-15 18:06:40,no_answer,Hannah Price
SUMM-A003211,SUMM-L00796,call,2026-07-15 18:19:09,connected,Maya Ortiz
SUMM-A003212,SUMM-L01028,email,2026-07-15 18:23:03,sent,Andre Coleman
SUMM-A003213,SUMM-L01016,Call,2026-07-15 18:29:30,voicemail,Caleb Turner
SUMM-A003214,SUMM-L01029,Call,2026-07-15 18:32:28,no_answer,Hannah Price
SUMM-A003215,SUMM-L00998,meeting,2026-07-15 18:55:24,held,Caleb Turner
SUMM-A003216,SUMM-L01029,call,2026-07-15 19:15:23,connected,Hannah Price
SUMM-A003217,SUMM-L00937,call,2026-07-15 19:31:22,no_answer,Caleb Turner
SUMM-A003218,SUMM-L01027,call,2026-07-15 20:11:46,no_answer,Caleb Turner
SUMM-A003219,SUMM-L01008,call,2026-07-15 20:41:37,no_answer,Andre Coleman
SUMM-A003220,SUMM-L00831,call,2026-07-15 21:41:55,connected,Summit Dispatch Queue
SUMM-A003221,SUMM-L01023,CALL,2026-07-15 22:44:35,no_answer,Maya Ortiz
SUMM-A003222,SUMM-L01029,call,2026-07-15 22:48:44,no_answer,Hannah Price
SUMM-A003223,SUMM-L00822,email,2026-07-15 23:04:17,sent,Andre Coleman
SUMM-A003224,SUMM-L01029,meeting,2026-07-15 23:36:01,held,Hannah Price
SUMM-A003225,SUMM-L00998,email,2026-07-16 00:03:20,sent,Caleb Turner
SUMM-A003226,SUMM-L00879,call,2026-07-16 00:26:21,connected,Lucia Romero
SUMM-A003227,SUMM-L01030,call,2026-07-16 00:36:00,no_answer,Maya Ortiz
SUMM-A003228,SUMM-L00985,call,2026-07-16 02:45:16,connected,Hannah Price
SUMM-A003229,SUMM-L00927,call,2026-07-16 03:35:21,voicemail,Andre Coleman
SUMM-A003230,SUMM-L00998,call,2026-07-16 06:18:31,connected,Caleb Turner
SUMM-A003231,SUMM-L00988,email,2026-07-16 06:27:47,sent,Caleb Turner
SUMM-A003232,SUMM-L00988,call,2026-07-16 06:28:56,connected,Caleb Turner
SUMM-A003233,SUMM-L01031,email,2026-07-16 06:36:30,sent,Andre Coleman
SUMM-A003234,SUMM-L00937,email,2026-07-16 07:20:41,sent,Caleb Turner
SUMM-A003235,SUMM-L00995,email,2026-07-16 07:49:58,sent,Hannah Price
SUMM-A003236,SUMM-L01032,call,2026-07-16 13:32:27,connected,Hannah Price
SUMM-A003237,SUMM-L01008,call,2026-07-16 14:01:36,no_answer,Andre Coleman
SUMM-A003238,SUMM-L01034,email,2026-07-16 14:43:25,replied,Lucia Romero
SUMM-A003239,SUMM-L00985,call,2026-07-16 15:08:30,voicemail,Hannah Price
SUMM-A003240,SUMM-L01037,email,2026-07-16 15:16:57,replied,Caleb Turner
SUMM-A003241,SUMM-L01036,email,2026-07-16 15:20:02,sent,Hannah Price
SUMM-A003242,SUMM-L01026,call,2026-07-16 15:46:37,no_answer,Lucia Romero
SUMM-A003243,SUMM-L01033,email,2026-07-16 15:51:08,replied,Andre Coleman
SUMM-A003244,SUMM-L00970,email,2026-07-16 16:26:22,replied,Andre Coleman
SUMM-A003245,SUMM-L01035,email,2026-07-16 16:55:32,sent,Ben Foster
SUMM-A003246,SUMM-L01008,CALL,2026-07-16 16:58:24,connected,Andre Coleman
SUMM-A003247,SUMM-L00941,call,2026-07-16 17:14:07,connected,Ben Foster
SUMM-A003248,SUMM-L01042,email,2026-07-16 17:20:22,sent,Lucia Romero
SUMM-A003249,SUMM-L01040,call,2026-07-16 17:43:12,no_answer,Hannah Price
SUMM-A003250,SUMM-L00939,email,2026-07-16 19:41:48,sent,Caleb Turner
SUMM-A003251,SUMM-L01044,Call,2026-07-16 19:43:29,voicemail,Hannah Price
SUMM-A003252,SUMM-L00976,email,2026-07-16 20:04:33,sent,Andre Coleman
SUMM-A003253,SUMM-L01008,email,2026-07-16 20:35:47,sent,Andre Coleman
SUMM-A003254,SUMM-L01045,call,2026-07-16 20:59:32,connected,Caleb Turner
SUMM-A003255,SUMM-L01049,call,2026-07-16 21:30:02,voicemail,Hannah Price
SUMM-A003256,SUMM-L00972,CALL,2026-07-16 21:42:34,no_answer,Lucia Romero
SUMM-A003257,SUMM-L01039,email,2026-07-16 22:35:42,replied,Caleb Turner
SUMM-A003258,SUMM-L01043,call,2026-07-16 23:07:13,no_answer,Lucia Romero
SUMM-A003259,SUMM-L01025,Call,2026-07-16 23:46:25,connected,Ben Foster
SUMM-A003260,SUMM-L01017,call,2026-07-17 02:02:48,no_answer,Andre Coleman
SUMM-A003261,SUMM-L01017,call,2026-07-17 03:56:36,no_answer,Andre Coleman
SUMM-A003262,SUMM-L01050,call,2026-07-17 04:26:49,connected,Maya Ortiz
SUMM-A003263,SUMM-L01048,call,2026-07-17 06:26:15,no_answer,Ben Foster
SUMM-A003264,SUMM-L01041,call,2026-07-17 07:04:24,connected,Caleb Turner
SUMM-A003265,SUMM-L01052,email,2026-07-17 07:56:25,sent,Caleb Turner
SUMM-A003266,SUMM-L01054,call,2026-07-17 09:17:33,connected,Caleb Turner
SUMM-A003267,SUMM-L01030,email,2026-07-17 09:28:14,sent,Maya Ortiz
SUMM-A003268,SUMM-L00990,call,2026-07-17 09:42:22,no_answer,Hannah Price
SUMM-A003269,SUMM-L01055,email,2026-07-17 10:42:16,sent,Maya Ortiz
SUMM-A003270,SUMM-L00954,email,2026-07-17 11:07:26,sent,Lucia Romero
SUMM-A003271,SUMM-L00831,call,2026-07-17 12:10:36,connected,Summit Dispatch Queue
SUMM-A003272,SUMM-L01047,call,2026-07-17 14:14:12,no_answer,Hannah Price
SUMM-A003273,SUMM-L00919,call,2026-07-17 14:19:29,connected,Lucia Romero
SUMM-A003274,SUMM-L01046,call,2026-07-17 14:49:21,no_answer,Caleb Turner
SUMM-A003275,SUMM-L01058,call,2026-07-17 15:09:28,connected,Lucia Romero
SUMM-A003276,SUMM-L01056,call,2026-07-17 15:16:17,voicemail,Andre Coleman
SUMM-A003277,SUMM-L00995,email,2026-07-17 18:23:25,sent,Hannah Price
SUMM-A003278,SUMM-L01053,call,2026-07-17 20:21:25,voicemail,Ben Foster
SUMM-A003279,SUMM-L00982,email,2026-07-17 21:27:13,sent,Caleb Turner
SUMM-A003280,SUMM-L01047,EMAIL,2026-07-17 22:16:09,sent,Hannah Price
SUMM-A003281,SUMM-L01057,call,2026-07-17 23:54:42,voicemail,Hannah Price
SUMM-A003282,SUMM-L01051,Call,2026-07-18 00:11:56,no_answer,Maya Ortiz
SUMM-A003283,SUMM-L01059,email,2026-07-18 01:11:49,replied,Maya Ortiz
SUMM-A003284,SUMM-L01017,Call,2026-07-18 02:31:23,voicemail,Andre Coleman
SUMM-A003285,SUMM-L00910,call,2026-07-18 03:05:53,connected,Hannah Price
SUMM-A003286,SUMM-L01021,email,2026-07-18 03:32:30,replied,Caleb Turner
SUMM-A003287,SUMM-L01051,EMAIL,2026-07-18 04:18:37,sent,Maya Ortiz
SUMM-A003288,SUMM-L00979,email,2026-07-18 05:20:55,sent,Caleb Turner
SUMM-A003289,SUMM-L01041,call,2026-07-18 06:02:10,connected,Caleb Turner
SUMM-A003290,SUMM-L01026,call,2026-07-18 06:18:12,connected,Lucia Romero
SUMM-A003291,SUMM-L01047,call,2026-07-18 06:35:37,voicemail,Hannah Price
SUMM-A003292,SUMM-L01032,email,2026-07-18 06:59:38,sent,Hannah Price
SUMM-A003293,SUMM-L01041,meeting,2026-07-18 07:07:39,held,Caleb Turner
SUMM-A003294,SUMM-L01053,email,2026-07-18 07:55:35,sent,Ben Foster
SUMM-A003295,SUMM-L01041,email,2026-07-18 08:25:39,sent,Caleb Turner
SUMM-A003296,SUMM-L01060,call,2026-07-18 09:13:39,voicemail,Hannah Price
SUMM-A003297,SUMM-L01047,call,2026-07-18 10:02:10,no_answer,Hannah Price
SUMM-A003298,SUMM-L01038,CALL,2026-07-18 12:46:37,no_answer,Andre Coleman
SUMM-A003299,SUMM-L00674,Call,2026-07-18 12:47:11,connected,Maya Ortiz
SUMM-A003300,SUMM-L00667,call,2026-07-18 14:43:57,no_answer,Caleb Turner
SUMM-A003301,SUMM-L00884,email,2026-07-18 16:13:58,replied,Hannah Price
SUMM-A003302,SUMM-L01041,call,2026-07-18 16:23:49,connected,Caleb Turner
SUMM-A003303,SUMM-L01047,call,2026-07-18 17:17:27,voicemail,Hannah Price
SUMM-A003304,SUMM-L00727,call,2026-07-18 17:48:54,no_answer,Caleb Turner
SUMM-A003305,SUMM-L01030,call,2026-07-18 18:01:27,no_answer,Maya Ortiz
SUMM-A003306,SUMM-L00996,call,2026-07-18 19:15:36,no_answer,Lucia Romero
SUMM-A003307,SUMM-L00990,CALL,2026-07-18 19:45:59,connected,Hannah Price
SUMM-A003308,SUMM-L01061,CALL,2026-07-18 20:32:03,connected,Maya Ortiz
SUMM-A003309,SUMM-L01027,email,2026-07-18 21:12:06,bounced,Caleb Turner
SUMM-A003310,SUMM-L01062,call,2026-07-18 22:46:57,no_answer,Andre Coleman
SUMM-A003311,SUMM-L01051,call,2026-07-18 22:58:22,connected,Maya Ortiz
SUMM-A003312,SUMM-L01041,call,2026-07-18 23:27:33,connected,Caleb Turner
SUMM-A003313,SUMM-L00692,meeting,2026-07-19 00:04:29,held,Lucia Romero
SUMM-A003314,SUMM-L00838,call,2026-07-19 00:17:08,no_answer,Maya Ortiz
SUMM-A003315,SUMM-L00960,email,2026-07-19 00:30:43,sent,Caleb Turner
SUMM-A003316,SUMM-L00919,call,2026-07-19 00:41:34,voicemail,Lucia Romero
SUMM-A003317,SUMM-L00884,email,2026-07-19 01:23:22,replied,Hannah Price
SUMM-A003318,SUMM-L00986,call,2026-07-19 02:02:53,no_answer,Hannah Price
SUMM-A003319,SUMM-L00910,email,2026-07-19 02:57:30,sent,Hannah Price
SUMM-A003320,SUMM-L01051,meeting,2026-07-19 03:40:26,held,Maya Ortiz
SUMM-A003321,SUMM-L01063,email,2026-07-19 04:07:10,sent,Andre Coleman
SUMM-A003322,SUMM-L01051,call,2026-07-19 07:41:40,voicemail,Maya Ortiz
SUMM-A003323,SUMM-L00888,email,2026-07-19 07:51:03,sent,Caleb Turner
SUMM-A003324,SUMM-L00830,Call,2026-07-19 08:32:49,voicemail,Maya Ortiz
SUMM-A003325,SUMM-L00763,CALL,2026-07-19 09:06:11,connected,Caleb Turner
SUMM-A003326,SUMM-L01064,email,2026-07-19 09:54:55,replied,Hannah Price
SUMM-A003327,SUMM-L00868,call,2026-07-19 11:08:27,connected,Maya Ortiz
SUMM-A003328,SUMM-L00952,call,2026-07-19 12:13:19,connected,Andre Coleman
SUMM-A003329,SUMM-L01002,Email,2026-07-19 12:25:54,sent,Maya Ortiz
SUMM-A003330,SUMM-L00895,email,2026-07-19 12:45:40,replied,Caleb Turner
SUMM-A003331,SUMM-L00947,Call,2026-07-19 13:34:41,no_answer,Andre Coleman
SUMM-A003332,SUMM-L01051,Meeting,2026-07-19 14:28:50,held,Maya Ortiz
SUMM-A003333,SUMM-L01023,call,2026-07-19 14:34:56,no_answer,Maya Ortiz
SUMM-A003334,SUMM-L01060,EMAIL,2026-07-19 14:43:56,sent,Hannah Price
SUMM-A003335,SUMM-L01017,call,2026-07-19 16:06:32,no_answer,Andre Coleman
SUMM-A003336,SUMM-L00837,call,2026-07-19 16:19:33,no_answer,Lucia Romero
SUMM-A003337,SUMM-L00909,call,2026-07-19 16:41:23,connected,Hannah Price
SUMM-A003338,SUMM-L00842,EMAIL,2026-07-19 20:01:51,sent,Maya Ortiz
SUMM-A003339,SUMM-L01066,email,2026-07-19 20:04:15,sent,Ben Foster
SUMM-A003340,SUMM-L01067,EMAIL,2026-07-19 20:16:59,sent,Hannah Price
SUMM-A003341,SUMM-L00981,email,2026-07-19 22:24:05,sent,Hannah Price
SUMM-A003342,SUMM-L01034,CALL,2026-07-19 23:06:00,no_answer,Lucia Romero
SUMM-A003343,SUMM-L01051,email,2026-07-19 23:08:02,replied,Maya Ortiz
SUMM-A003344,SUMM-L01065,Call,2026-07-20 00:41:43,connected,Caleb Turner
SUMM-A003345,SUMM-L01046,Email,2026-07-20 00:50:52,sent,Caleb Turner
SUMM-A003346,SUMM-L01068,call,2026-07-20 01:34:37,connected,Andre Coleman
SUMM-A003347,SUMM-L01017,call,2026-07-20 01:35:10,voicemail,Andre Coleman
SUMM-A003348,SUMM-L01069,call,2026-07-20 02:09:03,connected,Andre Coleman
SUMM-A003349,SUMM-L01048,call,2026-07-20 03:12:25,connected,Ben Foster
SUMM-A003350,SUMM-L01023,call,2026-07-20 03:27:29,connected,Maya Ortiz
SUMM-A003351,SUMM-L00846,email,2026-07-20 04:09:06,sent,Maya Ortiz
SUMM-A003352,SUMM-L01030,meeting,2026-07-20 05:27:56,held,Maya Ortiz
SUMM-A003353,SUMM-L01006,email,2026-07-20 06:11:56,sent,Caleb Turner
SUMM-A003354,SUMM-L00912,call,2026-07-20 06:22:39,connected,Caleb Turner
SUMM-A003355,SUMM-L00846,call,2026-07-20 08:31:02,no_answer,Maya Ortiz
SUMM-A003356,SUMM-L00900,email,2026-07-20 13:12:05,sent,Maya Ortiz
SUMM-A003357,SUMM-L01034,email,2026-07-20 13:17:11,sent,Lucia Romero
SUMM-A003358,SUMM-L01074,call,2026-07-20 14:06:45,voicemail,Andre Coleman
SUMM-A003359,SUMM-L00990,Call,2026-07-20 14:48:38,voicemail,Hannah Price
SUMM-A003360,SUMM-L01073,Email,2026-07-20 15:49:06,replied,Summit Dispatch Queue
SUMM-A003361,SUMM-L01017,call,2026-07-20 16:11:25,voicemail,Andre Coleman
SUMM-A003362,SUMM-L01052,email,2026-07-20 16:43:15,sent,Caleb Turner
SUMM-A003363,SUMM-L01070,EMAIL,2026-07-20 18:10:50,sent,Ben Foster
SUMM-A003364,SUMM-L01072,email,2026-07-20 18:16:13,sent,Hannah Price
SUMM-A003365,SUMM-L01077,call,2026-07-20 19:59:09,no_answer,Caleb Turner
SUMM-A003366,SUMM-L01072,email,2026-07-20 21:23:45,replied,Hannah Price
SUMM-A003367,SUMM-L00996,email,2026-07-20 23:07:21,sent,Lucia Romero
SUMM-A003368,SUMM-L00927,Call,2026-07-20 23:09:50,no_answer,Andre Coleman
SUMM-A003369,SUMM-L00879,call,2026-07-21 01:19:14,connected,Lucia Romero
SUMM-A003370,SUMM-L01078,email,2026-07-21 01:53:15,sent,Caleb Turner
SUMM-A003371,SUMM-L01081,CALL,2026-07-21 01:59:57,voicemail,Hannah Price
SUMM-A003372,SUMM-L00811,email,2026-07-21 02:23:42,sent,Lucia Romero
SUMM-A003373,SUMM-L01030,email,2026-07-21 04:19:15,sent,Maya Ortiz
SUMM-A003374,SUMM-L00978,email,2026-07-21 06:58:44,replied,Hannah Price
SUMM-A003375,SUMM-L01048,Email,2026-07-21 07:17:27,sent,Ben Foster
SUMM-A003376,SUMM-L01076,call,2026-07-21 08:04:36,no_answer,Ben Foster
SUMM-A003377,SUMM-L01052,meeting,2026-07-21 08:44:07,held,Caleb Turner
SUMM-A003378,SUMM-L01079,email,2026-07-21 09:38:24,sent,Maya Ortiz
SUMM-A003379,SUMM-L00996,meeting,2026-07-21 09:42:37,held,Lucia Romero
SUMM-A003380,SUMM-L00877,email,2026-07-21 10:00:27,sent,Andre Coleman
SUMM-A003381,SUMM-L01084,call,2026-07-21 10:48:18,voicemail,Ben Foster
SUMM-A003382,SUMM-L00811,email,2026-07-21 12:11:10,sent,Lucia Romero
SUMM-A003383,SUMM-L00966,call,2026-07-21 13:00:04,voicemail,Andre Coleman
SUMM-A003384,SUMM-L00931,email,2026-07-21 13:51:35,sent,Ben Foster
SUMM-A003385,SUMM-L01075,call,2026-07-21 14:40:28,connected,Andre Coleman
SUMM-A003386,SUMM-L00990,email,2026-07-21 14:50:18,sent,Hannah Price
SUMM-A003387,SUMM-L01087,call,2026-07-21 15:09:14,voicemail,Maya Ortiz
SUMM-A003388,SUMM-L01088,email,2026-07-21 15:09:37,sent,Caleb Turner
SUMM-A003389,SUMM-L00884,call,2026-07-21 15:26:46,voicemail,Hannah Price
SUMM-A003390,SUMM-L01089,email,2026-07-21 16:10:17,sent,Andre Coleman
SUMM-A003391,SUMM-L01086,call,2026-07-21 16:38:09,no_answer,Hannah Price
SUMM-A003392,SUMM-L00878,call,2026-07-21 16:42:53,voicemail,Ben Foster
SUMM-A003393,SUMM-L01080,call,2026-07-21 16:57:24,no_answer,Lucia Romero
SUMM-A003394,SUMM-L01073,CALL,2026-07-21 17:23:08,no_answer,Summit Dispatch Queue
SUMM-A003395,SUMM-L01055,email,2026-07-21 18:49:50,replied,Maya Ortiz
SUMM-A003396,SUMM-L01083,call,2026-07-21 19:37:28,connected,Maya Ortiz
SUMM-A003397,SUMM-L01090,call,2026-07-21 20:03:20,voicemail,Maya Ortiz
SUMM-A003398,SUMM-L00942,call,2026-07-21 23:04:14,voicemail,Hannah Price
SUMM-A003399,SUMM-L01055,call,2026-07-22 00:58:46,no_answer,Maya Ortiz
SUMM-A003400,SUMM-L01037,email,2026-07-22 01:07:13,bounced,Caleb Turner
SUMM-A003401,SUMM-L01093,call,2026-07-22 04:30:03,connected,Maya Ortiz
SUMM-A003402,SUMM-L01053,call,2026-07-22 04:35:40,no_answer,Ben Foster
SUMM-A003403,SUMM-L01034,email,2026-07-22 05:08:19,sent,Lucia Romero
SUMM-A003404,SUMM-L00877,call,2026-07-22 05:52:49,connected,Andre Coleman
SUMM-A003405,SUMM-L01095,call,2026-07-22 06:15:53,connected,Maya Ortiz
SUMM-A003406,SUMM-L01085,call,2026-07-22 06:36:12,connected,Caleb Turner
SUMM-A003407,SUMM-L01094,call,2026-07-22 08:25:12,voicemail,Caleb Turner
SUMM-A003408,SUMM-L01098,call,2026-07-22 09:49:24,no_answer,Maya Ortiz
SUMM-A003409,SUMM-L01003,call,2026-07-22 11:14:28,no_answer,Lucia Romero
SUMM-A003410,SUMM-L01059,call,2026-07-22 12:14:37,no_answer,Maya Ortiz
SUMM-A003411,SUMM-L01099,call,2026-07-22 12:30:46,voicemail,Andre Coleman
SUMM-A003412,SUMM-L01091,Email,2026-07-22 13:21:18,bounced,Maya Ortiz
SUMM-A003413,SUMM-L01096,call,2026-07-22 15:22:08,no_answer,Andre Coleman
SUMM-A003414,SUMM-L00970,email,2026-07-22 17:58:23,bounced,Andre Coleman
SUMM-A003415,SUMM-L01033,email,2026-07-22 18:45:40,replied,Andre Coleman
SUMM-A003416,SUMM-L00926,EMAIL,2026-07-22 20:21:02,replied,Caleb Turner
SUMM-A003417,SUMM-L00655,call,2026-07-22 20:51:19,no_answer,Maya Ortiz
SUMM-A003418,SUMM-L01100,email,2026-07-22 22:12:50,bounced,Andre Coleman
SUMM-A003419,SUMM-L01103,call,2026-07-22 23:12:14,no_answer,Ben Foster
SUMM-A003420,SUMM-L01016,call,2026-07-22 23:46:07,no_answer,Caleb Turner
SUMM-A003421,SUMM-L00891,call,2026-07-22 23:53:46,voicemail,Andre Coleman
SUMM-A003422,SUMM-L01102,CALL,2026-07-23 00:38:35,no_answer,Caleb Turner
SUMM-A003423,SUMM-L00811,email,2026-07-23 02:29:58,sent,Lucia Romero
SUMM-A003424,SUMM-L01097,email,2026-07-23 03:05:59,sent,Hannah Price
SUMM-A003425,SUMM-L01022,email,2026-07-23 04:09:16,sent,Hannah Price
SUMM-A003426,SUMM-L00811,email,2026-07-23 07:23:08,sent,Lucia Romero
SUMM-A003427,SUMM-L01105,email,2026-07-23 08:42:49,replied,Hannah Price
SUMM-A003428,SUMM-L01104,call,2026-07-23 10:10:11,no_answer,Lucia Romero
SUMM-A003429,SUMM-L00937,email,2026-07-23 11:04:41,bounced,Caleb Turner
SUMM-A003430,SUMM-L01107,call,2026-07-23 12:43:51,no_answer,Caleb Turner
SUMM-A003431,SUMM-L01108,email,2026-07-23 13:31:56,sent,Hannah Price
SUMM-A003432,SUMM-L01078,call,2026-07-23 14:36:23,no_answer,Caleb Turner
SUMM-A003433,SUMM-L00970,CALL,2026-07-23 15:29:14,no_answer,Andre Coleman
SUMM-A003434,SUMM-L01082,call,2026-07-23 15:29:23,voicemail,Andre Coleman
SUMM-A003435,SUMM-L00935,call,2026-07-23 16:06:01,no_answer,Andre Coleman
SUMM-A003436,SUMM-L01020,email,2026-07-23 16:54:04,sent,Andre Coleman
SUMM-A003437,SUMM-L01075,email,2026-07-23 17:42:56,sent,Andre Coleman
SUMM-A003438,SUMM-L01110,email,2026-07-23 18:15:52,sent,Caleb Turner
SUMM-A003439,SUMM-L00946,email,2026-07-23 18:29:16,bounced,Caleb Turner
SUMM-A003440,SUMM-L01101,email,2026-07-23 18:37:51,sent,Caleb Turner
SUMM-A003441,SUMM-L00911,call,2026-07-23 18:48:19,voicemail,Maya Ortiz
SUMM-A003442,SUMM-L01107,meeting,2026-07-23 18:56:27,no_show,Caleb Turner
SUMM-A003443,SUMM-L01101,call,2026-07-23 18:58:45,no_answer,Caleb Turner
SUMM-A003444,SUMM-L01021,call,2026-07-23 19:00:21,no_answer,Caleb Turner
SUMM-A003445,SUMM-L01109,call,2026-07-23 19:53:48,connected,Caleb Turner
SUMM-A003446,SUMM-L01111,call,2026-07-23 20:00:49,voicemail,Andre Coleman
SUMM-A003447,SUMM-L01109,call,2026-07-23 22:35:17,no_answer,Caleb Turner
SUMM-A003448,SUMM-L01109,email,2026-07-23 23:36:24,sent,Caleb Turner
SUMM-A003449,SUMM-L01073,call,2026-07-23 23:46:29,connected,Summit Dispatch Queue
SUMM-A003450,SUMM-L01001,EMAIL,2026-07-23 23:49:30,sent,Andre Coleman
SUMM-A003451,SUMM-L01069,call,2026-07-24 00:05:10,connected,Andre Coleman
SUMM-A003452,SUMM-L01113,call,2026-07-24 00:52:51,connected,Andre Coleman
SUMM-A003453,SUMM-L00945,EMAIL,2026-07-24 01:00:22,replied,Hannah Price
SUMM-A003454,SUMM-L01101,CALL,2026-07-24 02:50:22,no_answer,Caleb Turner
SUMM-A003455,SUMM-L00887,Email,2026-07-24 03:37:04,sent,Caleb Turner
SUMM-A003456,SUMM-L01098,call,2026-07-24 03:58:39,connected,Maya Ortiz
SUMM-A003457,SUMM-L01095,email,2026-07-24 04:27:08,sent,Maya Ortiz
SUMM-A003458,SUMM-L01059,email,2026-07-24 04:46:56,sent,Maya Ortiz
SUMM-A003459,SUMM-L00939,call,2026-07-24 04:57:28,connected,Caleb Turner
SUMM-A003460,SUMM-L01109,call,2026-07-24 05:26:16,no_answer,Caleb Turner
SUMM-A003461,SUMM-L01114,email,2026-07-24 05:33:04,sent,Caleb Turner
SUMM-A003462,SUMM-L01061,call,2026-07-24 07:07:46,voicemail,Maya Ortiz
SUMM-A003463,SUMM-L01116,call,2026-07-24 08:04:47,voicemail,Hannah Price
SUMM-A003464,SUMM-L01092,Email,2026-07-24 08:37:08,sent,Andre Coleman
SUMM-A003465,SUMM-L01005,email,2026-07-24 08:38:31,sent,Maya Ortiz
SUMM-A003466,SUMM-L01109,email,2026-07-24 08:49:10,replied,Caleb Turner
SUMM-A003467,SUMM-L01117,email,2026-07-24 09:43:39,sent,Maya Ortiz
SUMM-A003468,SUMM-L01115,email,2026-07-24 10:31:35,sent,Caleb Turner
SUMM-A003469,SUMM-L00922,call,2026-07-24 11:38:34,connected,Caleb Turner
SUMM-A003470,SUMM-L00951,CALL,2026-07-24 11:48:38,no_answer,Maya Ortiz
SUMM-A003471,SUMM-L01121,email,2026-07-24 12:39:25,sent,Andre Coleman
SUMM-A003472,SUMM-L01123,call,2026-07-24 12:46:00,no_answer,Ben Foster
SUMM-A003473,SUMM-L00685,call,2026-07-24 12:48:06,connected,Caleb Turner
SUMM-A003474,SUMM-L01123,email,2026-07-24 12:56:54,sent,Ben Foster
SUMM-A003475,SUMM-L01119,EMAIL,2026-07-24 15:03:48,sent,Caleb Turner
SUMM-A003476,SUMM-L01033,email,2026-07-24 15:17:12,sent,Andre Coleman
SUMM-A003477,SUMM-L01126,call,2026-07-24 15:26:52,voicemail,Caleb Turner
SUMM-A003478,SUMM-L01073,email,2026-07-24 16:11:51,replied,Summit Dispatch Queue
SUMM-A003479,SUMM-L01123,email,2026-07-24 16:49:22,sent,Ben Foster
SUMM-A003480,SUMM-L01126,call,2026-07-24 17:17:24,voicemail,Caleb Turner
SUMM-A003481,SUMM-L00935,email,2026-07-24 19:14:33,sent,Andre Coleman
SUMM-A003482,SUMM-L01127,email,2026-07-24 19:15:43,replied,Hannah Price
SUMM-A003483,SUMM-L01109,email,2026-07-24 19:19:40,sent,Caleb Turner
SUMM-A003484,SUMM-L01116,email,2026-07-24 19:20:43,sent,Hannah Price
SUMM-A003485,SUMM-L01090,meeting,2026-07-24 19:21:28,held,Maya Ortiz
SUMM-A003486,SUMM-L01124,Email,2026-07-24 19:29:03,sent,Ben Foster
SUMM-A003487,SUMM-L01084,call,2026-07-24 19:49:01,no_answer,Ben Foster
SUMM-A003488,SUMM-L01125,email,2026-07-24 20:31:32,sent,Maya Ortiz
SUMM-A003489,SUMM-L00140,Call,2026-07-24 20:50:32,no_answer,Maya Ortiz
SUMM-A003490,SUMM-L00963,call,2026-07-24 20:57:46,no_answer,Hannah Price
SUMM-A003491,SUMM-L01118,call,2026-07-24 21:38:09,no_answer,Caleb Turner
SUMM-A003492,SUMM-L01127,email,2026-07-24 21:52:24,sent,Hannah Price
SUMM-A003493,SUMM-L01112,call,2026-07-24 23:09:05,connected,Andre Coleman
SUMM-A003494,SUMM-L01115,email,2026-07-25 00:20:29,sent,Caleb Turner
SUMM-A003495,SUMM-L01122,call,2026-07-25 00:27:45,no_answer,Ben Foster
SUMM-A003496,SUMM-L01129,call,2026-07-25 00:29:56,no_answer,Ben Foster
SUMM-A003497,SUMM-L00939,email,2026-07-25 01:16:23,replied,Caleb Turner
SUMM-A003498,SUMM-L01112,email,2026-07-25 03:17:08,replied,Andre Coleman
SUMM-A003499,SUMM-L01131,email,2026-07-25 03:30:38,sent,Ben Foster
SUMM-A003500,SUMM-L01123,meeting,2026-07-25 04:08:39,held,Ben Foster
SUMM-A003501,SUMM-L01106,email,2026-07-25 04:21:25,sent,Caleb Turner
SUMM-A003502,SUMM-L01095,call,2026-07-25 06:12:16,no_answer,Maya Ortiz
SUMM-A003503,SUMM-L00655,email,2026-07-25 07:02:45,sent,Maya Ortiz
SUMM-A003504,SUMM-L01118,call,2026-07-25 07:33:35,no_answer,Caleb Turner
SUMM-A003505,SUMM-L01073,email,2026-07-25 08:28:45,sent,Summit Dispatch Queue
SUMM-A003506,SUMM-L01127,call,2026-07-25 08:42:17,connected,Hannah Price
SUMM-A003507,SUMM-L01048,call,2026-07-25 09:27:12,connected,Ben Foster
SUMM-A003508,SUMM-L00923,call,2026-07-25 11:46:45,connected,Maya Ortiz
SUMM-A003509,SUMM-L01115,call,2026-07-25 12:35:01,no_answer,Caleb Turner
SUMM-A003510,SUMM-L01028,call,2026-07-25 13:59:53,no_answer,Andre Coleman
SUMM-A003511,SUMM-L01005,CALL,2026-07-25 14:08:23,no_answer,Maya Ortiz
SUMM-A003512,SUMM-L01130,email,2026-07-25 14:10:09,sent,Maya Ortiz
SUMM-A003513,SUMM-L01133,call,2026-07-25 15:12:05,no_answer,Andre Coleman
SUMM-A003514,SUMM-L01135,call,2026-07-25 15:12:30,no_answer,Maya Ortiz
SUMM-A003515,SUMM-L01134,email,2026-07-25 16:54:42,sent,Maya Ortiz
SUMM-A003516,SUMM-L01093,meeting,2026-07-25 17:50:11,rescheduled,Maya Ortiz
SUMM-A003517,SUMM-L01123,CALL,2026-07-25 18:02:03,voicemail,Ben Foster
SUMM-A003518,SUMM-L01093,call,2026-07-25 18:06:58,connected,Maya Ortiz
SUMM-A003519,SUMM-L01123,call,2026-07-25 18:23:41,connected,Ben Foster
SUMM-A003520,SUMM-L01137,call,2026-07-25 18:34:02,connected,Andre Coleman
SUMM-A003521,SUMM-L01101,email,2026-07-25 18:56:58,sent,Caleb Turner
SUMM-A003522,SUMM-L01098,Email,2026-07-25 19:23:51,sent,Maya Ortiz
SUMM-A003523,SUMM-L01138,call,2026-07-25 20:19:37,connected,Maya Ortiz
SUMM-A003524,SUMM-L01102,call,2026-07-25 20:52:02,connected,Caleb Turner
SUMM-A003525,SUMM-L01123,call,2026-07-25 22:01:46,connected,Ben Foster
SUMM-A003526,SUMM-L01115,call,2026-07-25 22:27:07,no_answer,Caleb Turner
SUMM-A003527,SUMM-L01123,email,2026-07-25 22:51:04,sent,Ben Foster
SUMM-A003528,SUMM-L01103,CALL,2026-07-25 23:14:12,no_answer,Ben Foster
SUMM-A003529,SUMM-L01071,call,2026-07-25 23:38:39,no_answer,Maya Ortiz
SUMM-A003530,SUMM-L01071,email,2026-07-25 23:46:46,sent,Maya Ortiz
SUMM-A003531,SUMM-L01112,call,2026-07-25 23:49:23,connected,Andre Coleman
SUMM-A003532,SUMM-L01071,call,2026-07-25 23:50:42,no_answer,Maya Ortiz
SUMM-A003533,SUMM-L01071,call,2026-07-25 23:51:22,connected,Maya Ortiz
SUMM-A003534,SUMM-L01071,meeting,2026-07-25 23:56:44,no_show,Maya Ortiz
SUMM-A003535,SUMM-L01032,email,2026-07-25 23:58:52,sent,Hannah Price
SUMM-A003536,SUMM-L01101,email,2026-07-26 00:03:00,sent,Caleb Turner
SUMM-A003537,SUMM-L01108,email,2026-07-26 00:54:05,sent,Hannah Price
SUMM-A003538,SUMM-L01128,call,2026-07-26 01:22:08,no_answer,Lucia Romero
SUMM-A003539,SUMM-L01101,EMAIL,2026-07-26 02:07:43,replied,Caleb Turner
SUMM-A003540,SUMM-L01132,email,2026-07-26 02:12:51,sent,Hannah Price
SUMM-A003541,SUMM-L01136,call,2026-07-26 04:02:36,no_answer,Caleb Turner
SUMM-A003542,SUMM-L01138,email,2026-07-26 05:33:00,replied,Maya Ortiz
SUMM-A003543,SUMM-L01122,email,2026-07-26 05:47:41,sent,Ben Foster
SUMM-A003544,SUMM-L00935,call,2026-07-26 06:16:56,no_answer,Andre Coleman
SUMM-A003545,SUMM-L01135,Email,2026-07-26 07:36:56,sent,Maya Ortiz
SUMM-A003546,SUMM-L01137,call,2026-07-26 10:13:16,connected,Andre Coleman
SUMM-A003547,SUMM-L01101,EMAIL,2026-07-26 10:39:49,sent,Caleb Turner
SUMM-A003548,SUMM-L01120,email,2026-07-26 11:52:20,sent,Lucia Romero
SUMM-A003549,SUMM-L01084,email,2026-07-26 11:52:48,sent,Ben Foster
SUMM-A003550,SUMM-L01073,call,2026-07-26 13:13:13,connected,Summit Dispatch Queue
SUMM-A003551,SUMM-L01140,Email,2026-07-26 14:03:14,sent,Caleb Turner
SUMM-A003552,SUMM-L01101,call,2026-07-26 14:39:21,voicemail,Caleb Turner
SUMM-A003553,SUMM-L01112,call,2026-07-26 15:29:01,voicemail,Andre Coleman
SUMM-A003554,SUMM-L01115,email,2026-07-26 15:47:04,sent,Caleb Turner
SUMM-A003555,SUMM-L01143,call,2026-07-26 16:12:25,connected,Maya Ortiz
SUMM-A003556,SUMM-L01141,email,2026-07-26 17:40:28,sent,Maya Ortiz
SUMM-A003557,SUMM-L01098,Call,2026-07-26 17:45:43,connected,Maya Ortiz
SUMM-A003558,SUMM-L01144,email,2026-07-26 18:18:18,sent,Ben Foster
SUMM-A003559,SUMM-L01142,email,2026-07-26 20:00:16,sent,Maya Ortiz
SUMM-A003560,SUMM-L01135,EMAIL,2026-07-27 00:30:39,sent,Maya Ortiz
SUMM-A003561,SUMM-L00985,email,2026-07-27 00:41:15,replied,Hannah Price
SUMM-A003562,SUMM-L01122,email,2026-07-27 01:54:21,bounced,Ben Foster
SUMM-A003563,SUMM-L01086,email,2026-07-27 03:42:24,sent,Hannah Price
SUMM-A003564,SUMM-L00966,email,2026-07-27 06:02:01,sent,Andre Coleman
SUMM-A003565,SUMM-L01147,call,2026-07-27 07:00:22,connected,Andre Coleman
SUMM-A003566,SUMM-L01061,Call,2026-07-27 07:03:51,connected,Maya Ortiz
SUMM-A003567,SUMM-L01148,call,2026-07-27 09:45:02,connected,Andre Coleman
SUMM-A003568,SUMM-L01097,call,2026-07-27 10:00:34,no_answer,Hannah Price
SUMM-A003569,SUMM-L01095,call,2026-07-27 10:41:56,no_answer,Maya Ortiz
SUMM-A003570,SUMM-L01151,email,2026-07-27 11:39:17,sent,Ben Foster
SUMM-A003571,SUMM-L01152,call,2026-07-27 12:07:49,connected,Caleb Turner
SUMM-A003572,SUMM-L01112,email,2026-07-27 12:27:51,sent,Andre Coleman
SUMM-A003573,SUMM-L01147,call,2026-07-27 13:17:13,no_answer,Andre Coleman
SUMM-A003574,SUMM-L00858,email,2026-07-27 13:47:51,sent,Hannah Price
SUMM-A003575,SUMM-L01144,call,2026-07-27 14:09:40,voicemail,Ben Foster
SUMM-A003576,SUMM-L01080,email,2026-07-27 14:16:24,sent,Lucia Romero
SUMM-A003577,SUMM-L01022,email,2026-07-27 14:35:27,replied,Hannah Price
SUMM-A003578,SUMM-L01147,call,2026-07-27 14:51:39,voicemail,Andre Coleman
SUMM-A003579,SUMM-L01156,email,2026-07-27 15:50:20,replied,Maya Ortiz
SUMM-A003580,SUMM-L01028,email,2026-07-27 16:13:23,sent,Andre Coleman
SUMM-A003581,SUMM-L01112,email,2026-07-27 16:48:12,sent,Andre Coleman
SUMM-A003582,SUMM-L01153,call,2026-07-27 17:29:13,connected,Caleb Turner
SUMM-A003583,SUMM-L01052,call,2026-07-27 18:00:51,voicemail,Caleb Turner
SUMM-A003584,SUMM-L01157,email,2026-07-27 18:08:02,sent,Caleb Turner
SUMM-A003585,SUMM-L01150,email,2026-07-27 18:22:52,sent,Lucia Romero
SUMM-A003586,SUMM-L01112,email,2026-07-27 18:28:52,sent,Andre Coleman
SUMM-A003587,SUMM-L01149,email,2026-07-27 18:38:47,sent,Hannah Price
SUMM-A003588,SUMM-L01155,email,2026-07-27 19:26:54,sent,Hannah Price
SUMM-A003589,SUMM-L01144,call,2026-07-27 19:55:47,connected,Ben Foster
SUMM-A003590,SUMM-L01158,call,2026-07-27 20:15:39,connected,Andre Coleman
SUMM-A003591,SUMM-L01011,call,2026-07-27 20:27:31,connected,Ben Foster
SUMM-A003592,SUMM-L01135,call,2026-07-27 21:17:26,voicemail,Maya Ortiz
SUMM-A003593,SUMM-L01145,email,2026-07-27 21:25:02,sent,Caleb Turner
SUMM-A003594,SUMM-L01137,CALL,2026-07-27 21:38:47,no_answer,Andre Coleman
SUMM-A003595,SUMM-L01122,meeting,2026-07-27 22:54:15,held,Ben Foster
SUMM-A003596,SUMM-L01106,email,2026-07-27 23:52:33,sent,Caleb Turner
SUMM-A003597,SUMM-L01090,call,2026-07-28 00:43:07,no_answer,Maya Ortiz
SUMM-A003598,SUMM-L01087,call,2026-07-28 01:47:13,no_answer,Maya Ortiz
SUMM-A003599,SUMM-L01154,call,2026-07-28 01:53:43,connected,Andre Coleman
SUMM-A003600,SUMM-L00994,email,2026-07-28 02:21:02,sent,Maya Ortiz
SUMM-A003601,SUMM-L01144,call,2026-07-28 02:39:25,connected,Ben Foster
SUMM-A003602,SUMM-L01144,Call,2026-07-28 03:11:21,connected,Ben Foster
SUMM-A003603,SUMM-L00970,email,2026-07-28 03:25:17,sent,Andre Coleman
SUMM-A003604,SUMM-L01077,email,2026-07-28 03:48:52,sent,Caleb Turner
SUMM-A003605,SUMM-L01142,meeting,2026-07-28 04:07:05,held,Maya Ortiz
SUMM-A003606,SUMM-L01159,EMAIL,2026-07-28 04:39:40,sent,Ben Foster
SUMM-A003607,SUMM-L01162,CALL,2026-07-28 05:53:34,no_answer,Hannah Price
SUMM-A003608,SUMM-L01146,email,2026-07-28 06:57:33,replied,Hannah Price
SUMM-A003609,SUMM-L01147,call,2026-07-28 07:03:14,voicemail,Andre Coleman
SUMM-A003610,SUMM-L01161,call,2026-07-28 07:07:35,no_answer,Andre Coleman
SUMM-A003611,SUMM-L01163,email,2026-07-28 08:50:40,sent,Lucia Romero
SUMM-A003612,SUMM-L01150,call,2026-07-28 10:02:27,no_answer,Lucia Romero
SUMM-A003613,SUMM-L00958,email,2026-07-28 11:07:12,sent,Ben Foster
SUMM-A003614,SUMM-L01144,call,2026-07-28 12:10:42,voicemail,Ben Foster
SUMM-A003615,SUMM-L00985,call,2026-07-28 13:04:13,no_answer,Hannah Price
SUMM-A003616,SUMM-L01080,email,2026-07-28 13:33:29,sent,Lucia Romero
SUMM-A003617,SUMM-L01165,call,2026-07-28 13:44:30,voicemail,Caleb Turner
SUMM-A003618,SUMM-L01061,EMAIL,2026-07-28 13:51:28,sent,Maya Ortiz
SUMM-A003619,SUMM-L01164,call,2026-07-28 16:38:32,voicemail,Ben Foster
SUMM-A003620,SUMM-L01004,call,2026-07-28 18:32:24,no_answer,Ben Foster
SUMM-A003621,SUMM-L01076,email,2026-07-28 19:16:58,sent,Ben Foster
SUMM-A003622,SUMM-L01169,call,2026-07-28 19:20:20,connected,Andre Coleman
SUMM-A003623,SUMM-L01077,email,2026-07-28 19:29:58,sent,Caleb Turner
SUMM-A003624,SUMM-L01084,call,2026-07-28 19:42:35,connected,Ben Foster
SUMM-A003625,SUMM-L01160,call,2026-07-28 19:46:11,voicemail,Maya Ortiz
SUMM-A003626,SUMM-L01064,email,2026-07-28 20:16:14,sent,Hannah Price
SUMM-A003627,SUMM-L01073,call,2026-07-28 20:25:50,connected,Summit Dispatch Queue
SUMM-A003628,SUMM-L01166,call,2026-07-28 20:38:02,no_answer,Lucia Romero
SUMM-A003629,SUMM-L01167,CALL,2026-07-28 20:47:53,voicemail,Maya Ortiz
SUMM-A003630,SUMM-L01073,call,2026-07-28 21:45:31,no_answer,Summit Dispatch Queue
SUMM-A003631,SUMM-L01162,meeting,2026-07-28 22:42:55,held,Hannah Price
SUMM-A003632,SUMM-L00944,email,2026-07-28 22:55:10,sent,Andre Coleman
SUMM-A003633,SUMM-L01158,CALL,2026-07-28 23:46:44,voicemail,Andre Coleman
SUMM-A003634,SUMM-L01077,Call,2026-07-29 01:54:33,no_answer,Caleb Turner
SUMM-A003635,SUMM-L01003,meeting,2026-07-29 02:20:37,held,Lucia Romero
SUMM-A003636,SUMM-L01028,meeting,2026-07-29 03:00:28,held,Andre Coleman
SUMM-A003637,SUMM-L01147,meeting,2026-07-29 04:12:05,held,Andre Coleman
SUMM-A003638,SUMM-L01168,email,2026-07-29 06:07:15,sent,Caleb Turner
SUMM-A003639,SUMM-L01069,call,2026-07-29 06:13:10,voicemail,Andre Coleman
SUMM-A003640,SUMM-L00963,call,2026-07-29 06:14:26,voicemail,Hannah Price
SUMM-A003641,SUMM-L01171,call,2026-07-29 06:41:35,no_answer,Caleb Turner
SUMM-A003642,SUMM-L01139,email,2026-07-29 07:28:32,sent,Maya Ortiz
SUMM-A003643,SUMM-L01050,call,2026-07-29 08:20:21,connected,Maya Ortiz
SUMM-A003644,SUMM-L01170,CALL,2026-07-29 08:57:48,connected,Caleb Turner
SUMM-A003645,SUMM-L00830,meeting,2026-07-29 09:50:19,held,Maya Ortiz
SUMM-A003646,SUMM-L01172,call,2026-07-29 10:06:02,voicemail,Summit Dispatch Queue
SUMM-A003647,SUMM-L01069,call,2026-07-29 11:24:00,no_answer,Andre Coleman
SUMM-A003648,SUMM-L01168,email,2026-07-29 11:56:33,replied,Caleb Turner
SUMM-A003649,SUMM-L01147,email,2026-07-29 12:41:58,sent,Andre Coleman
SUMM-A003650,SUMM-L01174,call,2026-07-29 13:40:16,connected,Caleb Turner
SUMM-A003651,SUMM-L01176,CALL,2026-07-29 16:16:34,voicemail,Ben Foster
SUMM-A003652,SUMM-L01174,CALL,2026-07-29 16:16:37,no_answer,Caleb Turner
SUMM-A003653,SUMM-L01105,CALL,2026-07-29 17:13:55,connected,Hannah Price
SUMM-A003654,SUMM-L01137,email,2026-07-29 17:54:32,sent,Andre Coleman
SUMM-A003655,SUMM-L01125,email,2026-07-29 18:08:03,sent,Maya Ortiz
SUMM-A003656,SUMM-L01038,call,2026-07-29 19:22:58,connected,Andre Coleman
SUMM-A003657,SUMM-L01173,Email,2026-07-29 19:28:53,sent,Maya Ortiz
SUMM-A003658,SUMM-L00980,email,2026-07-29 19:36:54,sent,Caleb Turner
SUMM-A003659,SUMM-L01034,email,2026-07-29 20:43:07,sent,Lucia Romero
SUMM-A003660,SUMM-L01154,email,2026-07-29 20:52:37,sent,Andre Coleman
SUMM-A003661,SUMM-L00973,Call,2026-07-29 21:13:41,voicemail,Andre Coleman
SUMM-A003662,SUMM-L01137,email,2026-07-29 21:51:50,sent,Andre Coleman
SUMM-A003663,SUMM-L01168,email,2026-07-29 22:47:55,sent,Caleb Turner
SUMM-A003664,SUMM-L01175,Call,2026-07-29 23:15:08,no_answer,Andre Coleman
SUMM-A003665,SUMM-L01097,meeting,2026-07-29 23:51:21,no_show,Hannah Price
SUMM-A003666,SUMM-L01178,email,2026-07-30 00:13:57,replied,Ben Foster
SUMM-A003667,SUMM-L00968,email,2026-07-30 00:52:57,replied,Caleb Turner
SUMM-A003668,SUMM-L01182,EMAIL,2026-07-30 01:06:30,replied,Caleb Turner
SUMM-A003669,SUMM-L00973,EMAIL,2026-07-30 01:17:30,sent,Andre Coleman
SUMM-A003670,SUMM-L01181,email,2026-07-30 02:31:30,sent,Hannah Price
SUMM-A003671,SUMM-L01019,email,2026-07-30 04:34:21,sent,Hannah Price
SUMM-A003672,SUMM-L01055,call,2026-07-30 04:37:30,no_answer,Maya Ortiz
SUMM-A003673,SUMM-L01052,EMAIL,2026-07-30 04:43:52,sent,Caleb Turner
SUMM-A003674,SUMM-L01168,call,2026-07-30 05:35:30,connected,Caleb Turner
SUMM-A003675,SUMM-L01185,email,2026-07-30 06:48:05,sent,Hannah Price
SUMM-A003676,SUMM-L01177,call,2026-07-30 06:52:49,no_answer,Hannah Price
SUMM-A003677,SUMM-L01086,Email,2026-07-30 08:35:54,sent,Hannah Price
SUMM-A003678,SUMM-L01059,call,2026-07-30 09:15:02,connected,Maya Ortiz
SUMM-A003679,SUMM-L01183,call,2026-07-30 10:29:37,voicemail,Maya Ortiz
SUMM-A003680,SUMM-L01168,call,2026-07-30 10:46:02,connected,Caleb Turner
SUMM-A003681,SUMM-L01181,email,2026-07-30 10:59:15,sent,Hannah Price
SUMM-A003682,SUMM-L01187,email,2026-07-30 11:36:50,sent,Caleb Turner
SUMM-A003683,SUMM-L01179,call,2026-07-30 11:45:08,connected,Ben Foster
SUMM-A003684,SUMM-L01184,Call,2026-07-30 12:54:57,voicemail,Caleb Turner
SUMM-A003685,SUMM-L01174,email,2026-07-30 13:36:33,sent,Caleb Turner
SUMM-A003686,SUMM-L01155,email,2026-07-30 16:13:59,sent,Hannah Price
SUMM-A003687,SUMM-L01190,call,2026-07-30 17:59:14,voicemail,Andre Coleman
SUMM-A003688,SUMM-L01009,call,2026-07-30 18:21:38,connected,Caleb Turner
SUMM-A003689,SUMM-L01168,call,2026-07-30 18:33:47,no_answer,Caleb Turner
SUMM-A003690,SUMM-L01189,call,2026-07-30 18:46:36,no_answer,Caleb Turner
SUMM-A003691,SUMM-L01172,call,2026-07-30 19:05:38,connected,Summit Dispatch Queue
SUMM-A003692,SUMM-L01191,email,2026-07-30 19:30:23,sent,Maya Ortiz
SUMM-A003693,SUMM-L01188,call,2026-07-30 20:33:47,voicemail,Maya Ortiz
SUMM-A003694,SUMM-L01106,email,2026-07-30 21:07:34,sent,Caleb Turner
SUMM-A003695,SUMM-L01172,call,2026-07-30 21:13:21,no_answer,Summit Dispatch Queue
SUMM-A003696,SUMM-L01190,email,2026-07-30 21:30:54,replied,Andre Coleman
SUMM-A003697,SUMM-L01102,email,2026-07-30 21:34:01,sent,Caleb Turner
SUMM-A003698,SUMM-L01174,meeting,2026-07-30 22:13:53,held,Caleb Turner
SUMM-A003699,SUMM-L01193,email,2026-07-30 22:58:06,sent,Caleb Turner
SUMM-A003700,SUMM-L01168,email,2026-07-30 22:58:37,sent,Caleb Turner
SUMM-A003701,SUMM-L00970,call,2026-07-30 23:41:18,connected,Andre Coleman
SUMM-A003702,SUMM-L01069,email,2026-07-31 00:43:31,sent,Andre Coleman
SUMM-A003703,SUMM-L01172,call,2026-07-31 01:51:36,no_answer,Summit Dispatch Queue
SUMM-A003704,SUMM-L01186,call,2026-07-31 01:57:29,voicemail,Hannah Price
SUMM-A003705,SUMM-L01080,call,2026-07-31 02:27:12,connected,Lucia Romero
SUMM-A003706,SUMM-L01069,email,2026-07-31 02:29:33,sent,Andre Coleman
SUMM-A003707,SUMM-L01099,CALL,2026-07-31 04:20:52,connected,Andre Coleman
SUMM-A003708,SUMM-L01153,call,2026-07-31 04:37:03,voicemail,Caleb Turner
SUMM-A003709,SUMM-L01192,email,2026-07-31 05:05:33,sent,Lucia Romero
SUMM-A003710,SUMM-L01133,call,2026-07-31 05:44:10,connected,Andre Coleman
SUMM-A003711,SUMM-L00830,email,2026-07-31 07:10:33,sent,Maya Ortiz
SUMM-A003712,SUMM-L00985,email,2026-07-31 07:21:39,sent,Hannah Price
SUMM-A003713,SUMM-L00989,Call,2026-07-31 07:25:47,no_answer,Hannah Price
SUMM-A003714,SUMM-L01169,email,2026-07-31 08:21:45,sent,Andre Coleman
SUMM-A003715,SUMM-L01198,call,2026-07-31 10:49:14,no_answer,Ben Foster
SUMM-A003716,SUMM-L01113,email,2026-07-31 10:54:46,sent,Andre Coleman
SUMM-A003717,SUMM-L01190,email,2026-07-31 12:08:12,sent,Andre Coleman
SUMM-A003718,SUMM-L01196,call,2026-07-31 12:46:41,voicemail,Lucia Romero
SUMM-A003719,SUMM-L01120,call,2026-07-31 13:25:09,voicemail,Lucia Romero
SUMM-A003720,SUMM-L01200,email,2026-07-31 13:31:48,sent,Caleb Turner
SUMM-A003721,SUMM-L01195,email,2026-07-31 15:09:25,sent,Caleb Turner
SUMM-A003722,SUMM-L01199,call,2026-07-31 15:52:12,connected,Andre Coleman
SUMM-A003723,SUMM-L01197,call,2026-07-31 16:29:01,voicemail,Ben Foster
SUMM-A003724,SUMM-L01040,Email,2026-07-31 19:14:52,replied,Hannah Price
SUMM-A003725,SUMM-L01203,call,2026-07-31 20:04:07,voicemail,Maya Ortiz
SUMM-A003726,SUMM-L01188,Call,2026-07-31 20:48:25,no_answer,Maya Ortiz
SUMM-A003727,SUMM-L01043,call,2026-07-31 23:16:31,connected,Lucia Romero
SUMM-A003728,SUMM-L01201,call,2026-08-01 00:37:23,voicemail,Lucia Romero
SUMM-A003729,SUMM-L01202,email,2026-08-01 00:51:57,bounced,Hannah Price
SUMM-A003730,SUMM-L01175,email,2026-08-01 02:48:41,sent,Andre Coleman
SUMM-A003731,SUMM-L01180,email,2026-08-01 03:13:08,sent,Maya Ortiz
SUMM-A003732,SUMM-L01205,call,2026-08-01 03:45:06,no_answer,Lucia Romero
SUMM-A003733,SUMM-L01206,email,2026-08-01 03:51:19,replied,Caleb Turner
SUMM-A003734,SUMM-L01194,call,2026-08-01 04:20:39,no_answer,Ben Foster
SUMM-A003735,SUMM-L01208,call,2026-08-01 06:49:14,voicemail,Ben Foster
SUMM-A003736,SUMM-L01207,call,2026-08-01 07:04:48,connected,Andre Coleman
SUMM-A003737,SUMM-L01204,call,2026-08-01 09:29:09,no_answer,Hannah Price
SUMM-A003738,SUMM-L00984,call,2026-08-01 10:16:12,no_answer,Maya Ortiz
SUMM-A003739,SUMM-L01062,call,2026-08-01 10:16:25,connected,Andre Coleman
SUMM-A003740,SUMM-L01186,email,2026-08-01 11:36:25,sent,Hannah Price
SUMM-A003741,SUMM-L01195,EMAIL,2026-08-01 12:20:43,replied,Caleb Turner
SUMM-A003742,SUMM-L01191,email,2026-08-01 15:40:20,replied,Maya Ortiz
SUMM-A003743,SUMM-L01128,EMAIL,2026-08-01 18:00:00,sent,Lucia Romero
SUMM-A003744,SUMM-L01091,EMAIL,2026-08-01 18:29:40,sent,Maya Ortiz
SUMM-A003745,SUMM-L01053,call,2026-08-01 20:15:49,connected,Ben Foster
SUMM-A003746,SUMM-L01181,call,2026-08-01 20:22:00,connected,Hannah Price
SUMM-A003747,SUMM-L01142,call,2026-08-01 20:24:59,voicemail,Maya Ortiz
SUMM-A003748,SUMM-L01132,meeting,2026-08-01 21:34:05,held,Hannah Price
SUMM-A003749,SUMM-L00861,email,2026-08-01 22:05:56,sent,Ben Foster
SUMM-A003750,SUMM-L01087,email,2026-08-02 01:02:05,sent,Maya Ortiz
SUMM-A003751,SUMM-L01084,call,2026-08-02 03:58:35,no_answer,Ben Foster
SUMM-A003752,SUMM-L01139,email,2026-08-02 05:21:30,sent,Maya Ortiz
SUMM-A003753,SUMM-L01035,call,2026-08-02 05:36:43,voicemail,Ben Foster
SUMM-A003754,SUMM-L01022,email,2026-08-02 07:02:54,sent,Hannah Price
SUMM-A003755,SUMM-L01201,email,2026-08-02 07:15:49,sent,Lucia Romero
SUMM-A003756,SUMM-L01166,CALL,2026-08-02 07:32:28,no_answer,Lucia Romero
SUMM-A003757,SUMM-L01037,email,2026-08-02 09:25:35,sent,Caleb Turner
SUMM-A003758,SUMM-L01046,call,2026-08-02 10:55:38,connected,Caleb Turner
SUMM-A003759,SUMM-L01213,call,2026-08-02 10:59:46,voicemail,Hannah Price
SUMM-A003760,SUMM-L01212,CALL,2026-08-02 11:21:19,voicemail,Hannah Price
SUMM-A003761,SUMM-L01189,email,2026-08-02 11:54:57,bounced,Caleb Turner
SUMM-A003762,SUMM-L01211,email,2026-08-02 13:29:59,sent,Lucia Romero
SUMM-A003763,SUMM-L00772,call,2026-08-02 14:01:50,no_answer,Ben Foster
SUMM-A003764,SUMM-L01209,email,2026-08-02 14:28:01,replied,Andre Coleman
SUMM-A003765,SUMM-L01210,call,2026-08-02 14:31:52,voicemail,Caleb Turner
SUMM-A003766,SUMM-L01203,email,2026-08-02 15:24:32,sent,Maya Ortiz
SUMM-A003767,SUMM-L01070,call,2026-08-02 15:35:19,no_answer,Ben Foster
SUMM-A003768,SUMM-L01172,email,2026-08-02 15:35:55,replied,Summit Dispatch Queue
SUMM-A003769,SUMM-L01038,call,2026-08-02 17:37:50,voicemail,Andre Coleman
SUMM-A003770,SUMM-L00999,Email,2026-08-02 20:35:29,sent,Andre Coleman
SUMM-A003771,SUMM-L01132,email,2026-08-02 20:41:07,sent,Hannah Price
SUMM-A003772,SUMM-L01149,email,2026-08-02 21:27:58,sent,Hannah Price
SUMM-A003773,SUMM-L01007,EMAIL,2026-08-02 21:37:04,sent,Hannah Price
SUMM-A003774,SUMM-L01214,call,2026-08-02 21:42:45,voicemail,Andre Coleman
SUMM-A003775,SUMM-L01142,email,2026-08-02 22:50:02,sent,Maya Ortiz
SUMM-A003776,SUMM-L01210,email,2026-08-03 00:02:21,sent,Caleb Turner
SUMM-A003777,SUMM-L01171,call,2026-08-03 00:04:23,connected,Caleb Turner
SUMM-A003778,SUMM-L01215,call,2026-08-03 01:37:09,voicemail,Caleb Turner
SUMM-A003779,SUMM-L01216,email,2026-08-03 02:05:22,sent,Ben Foster
SUMM-A003780,SUMM-L01216,call,2026-08-03 02:30:30,no_answer,Ben Foster
SUMM-A003781,SUMM-L01217,CALL,2026-08-03 03:15:24,connected,Lucia Romero
SUMM-A003782,SUMM-L01125,CALL,2026-08-03 03:34:53,connected,Maya Ortiz
SUMM-A003783,SUMM-L01218,email,2026-08-03 05:01:51,replied,Caleb Turner
SUMM-A003784,SUMM-L01134,call,2026-08-03 06:02:44,connected,Maya Ortiz
SUMM-A003785,SUMM-L01056,Email,2026-08-03 06:36:45,sent,Andre Coleman
SUMM-A003786,SUMM-L01210,call,2026-08-03 07:20:39,voicemail,Caleb Turner
SUMM-A003787,SUMM-L01055,email,2026-08-03 09:32:56,sent,Maya Ortiz
SUMM-A003788,SUMM-L01069,call,2026-08-03 09:35:35,no_answer,Andre Coleman
SUMM-A003789,SUMM-L01099,email,2026-08-03 09:47:08,bounced,Andre Coleman
SUMM-A003790,SUMM-L00877,email,2026-08-03 10:11:45,replied,Andre Coleman
SUMM-A003791,SUMM-L01225,email,2026-08-03 12:42:14,sent,Lucia Romero
SUMM-A003792,SUMM-L01219,email,2026-08-03 13:03:33,sent,Maya Ortiz
SUMM-A003793,SUMM-L01195,email,2026-08-03 14:52:38,sent,Caleb Turner
SUMM-A003794,SUMM-L01059,EMAIL,2026-08-03 15:27:28,sent,Maya Ortiz
SUMM-A003795,SUMM-L01220,email,2026-08-03 15:53:37,sent,Hannah Price
SUMM-A003796,SUMM-L01229,call,2026-08-03 17:23:03,connected,Hannah Price
SUMM-A003797,SUMM-L01230,CALL,2026-08-03 18:12:45,no_answer,Ben Foster
SUMM-A003798,SUMM-L01025,email,2026-08-03 18:29:48,sent,Ben Foster
SUMM-A003799,SUMM-L01149,email,2026-08-03 18:49:16,replied,Hannah Price
SUMM-A003800,SUMM-L01221,email,2026-08-03 19:09:10,bounced,Maya Ortiz
SUMM-A003801,SUMM-L01227,call,2026-08-03 19:17:44,no_answer,Ben Foster
SUMM-A003802,SUMM-L01133,call,2026-08-03 19:23:41,connected,Andre Coleman
SUMM-A003803,SUMM-L01186,call,2026-08-03 19:23:58,no_answer,Hannah Price
SUMM-A003804,SUMM-L01215,email,2026-08-03 20:06:18,sent,Caleb Turner
SUMM-A003805,SUMM-L01215,call,2026-08-03 21:02:40,connected,Caleb Turner
SUMM-A003806,SUMM-L01164,Call,2026-08-03 21:26:26,connected,Ben Foster
SUMM-A003807,SUMM-L01228,email,2026-08-03 21:58:20,sent,Hannah Price
SUMM-A003808,SUMM-L01167,email,2026-08-03 22:32:09,sent,Maya Ortiz
SUMM-A003809,SUMM-L01210,Meeting,2026-08-03 23:17:24,held,Caleb Turner
SUMM-A003810,SUMM-L01216,email,2026-08-03 23:27:30,sent,Ben Foster
SUMM-A003811,SUMM-L01185,Email,2026-08-03 23:36:04,sent,Hannah Price
SUMM-A003812,SUMM-L01231,CALL,2026-08-03 23:56:40,connected,Lucia Romero
SUMM-A003813,SUMM-L01231,email,2026-08-03 23:57:31,replied,Lucia Romero
SUMM-A003814,SUMM-L01222,email,2026-08-03 23:59:13,sent,Maya Ortiz
SUMM-A003815,SUMM-L01231,MEETING,2026-08-04 00:27:24,rescheduled,Lucia Romero
SUMM-A003816,SUMM-L01188,call,2026-08-04 00:37:22,no_answer,Maya Ortiz
SUMM-A003817,SUMM-L01062,call,2026-08-04 00:52:26,voicemail,Andre Coleman
SUMM-A003818,SUMM-L01013,call,2026-08-04 04:57:41,connected,Maya Ortiz
SUMM-A003819,SUMM-L01226,email,2026-08-04 05:43:00,sent,Ben Foster
SUMM-A003820,SUMM-L01232,call,2026-08-04 07:12:59,connected,Caleb Turner
SUMM-A003821,SUMM-L01193,Call,2026-08-04 07:24:50,no_answer,Caleb Turner
SUMM-A003822,SUMM-L01166,call,2026-08-04 08:40:52,connected,Lucia Romero
SUMM-A003823,SUMM-L01020,email,2026-08-04 08:54:12,bounced,Andre Coleman
SUMM-A003824,SUMM-L01062,email,2026-08-04 08:55:27,replied,Andre Coleman
SUMM-A003825,SUMM-L01119,email,2026-08-04 10:21:10,sent,Caleb Turner
SUMM-A003826,SUMM-L01231,call,2026-08-04 11:19:54,connected,Lucia Romero
SUMM-A003827,SUMM-L01231,email,2026-08-04 12:48:05,replied,Lucia Romero
SUMM-A003828,SUMM-L01195,call,2026-08-04 15:30:32,voicemail,Caleb Turner
SUMM-A003829,SUMM-L01186,call,2026-08-04 17:18:07,connected,Hannah Price
SUMM-A003830,SUMM-L01170,email,2026-08-04 19:01:52,replied,Caleb Turner
SUMM-A003831,SUMM-L01234,call,2026-08-04 19:25:43,no_answer,Andre Coleman
SUMM-A003832,SUMM-L01231,CALL,2026-08-04 19:34:09,connected,Lucia Romero
SUMM-A003833,SUMM-L01150,email,2026-08-04 19:49:54,sent,Lucia Romero
SUMM-A003834,SUMM-L01157,call,2026-08-04 21:27:42,no_answer,Caleb Turner
SUMM-A003835,SUMM-L01233,call,2026-08-04 21:48:50,no_answer,Caleb Turner
SUMM-A003836,SUMM-L01224,email,2026-08-04 22:11:56,sent,Hannah Price
SUMM-A003837,SUMM-L01059,meeting,2026-08-04 22:36:38,held,Maya Ortiz
SUMM-A003838,SUMM-L01149,call,2026-08-04 22:48:46,voicemail,Hannah Price
SUMM-A003839,SUMM-L01159,email,2026-08-04 23:31:29,sent,Ben Foster
SUMM-A003840,SUMM-L01238,call,2026-08-04 23:56:20,no_answer,Maya Ortiz
SUMM-A003841,SUMM-L01046,call,2026-08-05 00:04:41,no_answer,Caleb Turner
SUMM-A003842,SUMM-L01153,call,2026-08-05 00:30:02,no_answer,Caleb Turner
SUMM-A003843,SUMM-L01082,call,2026-08-05 00:50:38,connected,Andre Coleman
SUMM-A003844,SUMM-L01169,call,2026-08-05 01:39:36,connected,Andre Coleman
SUMM-A003845,SUMM-L01241,call,2026-08-05 02:25:12,connected,Andre Coleman
SUMM-A003846,SUMM-L01195,EMAIL,2026-08-05 02:31:22,replied,Caleb Turner
SUMM-A003847,SUMM-L01240,call,2026-08-05 02:52:10,no_answer,Caleb Turner
SUMM-A003848,SUMM-L01211,meeting,2026-08-05 03:54:29,no_show,Lucia Romero
SUMM-A003849,SUMM-L01239,call,2026-08-05 04:30:20,voicemail,Andre Coleman
SUMM-A003850,SUMM-L01170,call,2026-08-05 04:58:03,no_answer,Caleb Turner
SUMM-A003851,SUMM-L01237,call,2026-08-05 06:15:56,connected,Ben Foster
SUMM-A003852,SUMM-L01242,call,2026-08-05 06:57:19,no_answer,Andre Coleman
SUMM-A003853,SUMM-L01149,Call,2026-08-05 06:59:39,connected,Hannah Price
SUMM-A003854,SUMM-L01236,Email,2026-08-05 07:50:18,sent,Andre Coleman
SUMM-A003855,SUMM-L01100,CALL,2026-08-05 08:20:05,voicemail,Andre Coleman
SUMM-A003856,SUMM-L01243,email,2026-08-05 09:25:02,sent,Maya Ortiz
SUMM-A003857,SUMM-L01149,email,2026-08-05 10:26:17,replied,Hannah Price
SUMM-A003858,SUMM-L01235,email,2026-08-05 11:08:04,replied,Ben Foster
SUMM-A003859,SUMM-L01164,email,2026-08-05 11:29:52,sent,Ben Foster
SUMM-A003860,SUMM-L00858,email,2026-08-05 11:56:56,replied,Hannah Price
SUMM-A003861,SUMM-L01223,email,2026-08-05 13:57:43,sent,Hannah Price
SUMM-A003862,SUMM-L01231,call,2026-08-05 14:03:39,connected,Lucia Romero
SUMM-A003863,SUMM-L01188,call,2026-08-05 15:19:00,no_answer,Maya Ortiz
SUMM-A003864,SUMM-L01053,meeting,2026-08-05 15:55:54,held,Ben Foster
SUMM-A003865,SUMM-L01195,call,2026-08-05 16:04:42,voicemail,Caleb Turner
SUMM-A003866,SUMM-L01210,Meeting,2026-08-05 16:20:46,held,Caleb Turner
SUMM-A003867,SUMM-L01186,email,2026-08-05 16:27:20,sent,Hannah Price
SUMM-A003868,SUMM-L01245,email,2026-08-05 16:33:11,sent,Caleb Turner
SUMM-A003869,SUMM-L01199,email,2026-08-05 16:37:16,sent,Andre Coleman
SUMM-A003870,SUMM-L01108,call,2026-08-05 16:37:27,connected,Hannah Price
SUMM-A003871,SUMM-L01193,email,2026-08-05 17:31:50,sent,Caleb Turner
SUMM-A003872,SUMM-L01211,call,2026-08-05 17:57:35,no_answer,Lucia Romero
SUMM-A003873,SUMM-L01231,meeting,2026-08-05 18:34:14,no_show,Lucia Romero
SUMM-A003874,SUMM-L01247,call,2026-08-05 18:39:26,no_answer,Caleb Turner
SUMM-A003875,SUMM-L01149,call,2026-08-05 18:56:12,connected,Hannah Price
SUMM-A003876,SUMM-L01244,email,2026-08-05 18:59:15,sent,Andre Coleman
SUMM-A003877,SUMM-L01186,email,2026-08-05 20:14:55,replied,Hannah Price
SUMM-A003878,SUMM-L01151,email,2026-08-05 20:40:06,sent,Ben Foster
SUMM-A003879,SUMM-L01235,CALL,2026-08-05 20:57:14,no_answer,Ben Foster
SUMM-A003880,SUMM-L01195,Email,2026-08-05 21:22:31,replied,Caleb Turner
SUMM-A003881,SUMM-L01231,meeting,2026-08-05 23:56:25,held,Lucia Romero
SUMM-A003882,SUMM-L01246,call,2026-08-06 04:18:25,connected,Lucia Romero
SUMM-A003883,SUMM-L01210,call,2026-08-06 06:09:38,no_answer,Caleb Turner
SUMM-A003884,SUMM-L01246,email,2026-08-06 06:10:16,sent,Lucia Romero
SUMM-A003885,SUMM-L01248,email,2026-08-06 07:45:31,sent,Maya Ortiz
SUMM-A003886,SUMM-L01155,call,2026-08-06 10:11:35,connected,Hannah Price
SUMM-A003887,SUMM-L01210,CALL,2026-08-06 10:19:27,voicemail,Caleb Turner
SUMM-A003888,SUMM-L01250,email,2026-08-06 11:23:49,sent,Caleb Turner
SUMM-A003889,SUMM-L01249,call,2026-08-06 11:30:25,connected,Maya Ortiz
SUMM-A003890,SUMM-L01097,email,2026-08-06 12:38:35,sent,Hannah Price
SUMM-A003891,SUMM-L01028,call,2026-08-06 14:45:17,connected,Andre Coleman
SUMM-A003892,SUMM-L01216,CALL,2026-08-06 15:44:58,connected,Ben Foster
SUMM-A003893,SUMM-L01245,call,2026-08-06 16:05:02,connected,Caleb Turner
SUMM-A003894,SUMM-L01235,call,2026-08-06 16:06:03,connected,Ben Foster
SUMM-A003895,SUMM-L01252,call,2026-08-06 16:44:58,voicemail,Maya Ortiz
SUMM-A003896,SUMM-L01254,call,2026-08-06 17:44:36,connected,Ben Foster
SUMM-A003897,SUMM-L00861,email,2026-08-06 17:46:38,replied,Ben Foster
SUMM-A003898,SUMM-L01255,email,2026-08-06 17:47:17,sent,Maya Ortiz
SUMM-A003899,SUMM-L01139,email,2026-08-06 18:59:06,bounced,Maya Ortiz
SUMM-A003900,SUMM-L01216,Call,2026-08-06 20:46:46,voicemail,Ben Foster
SUMM-A003901,SUMM-L01251,EMAIL,2026-08-06 20:52:39,sent,Lucia Romero
SUMM-A003902,SUMM-L01140,call,2026-08-06 22:51:47,voicemail,Caleb Turner
SUMM-A003903,SUMM-L01131,email,2026-08-07 01:48:56,sent,Ben Foster
SUMM-A003904,SUMM-L01211,meeting,2026-08-07 01:54:34,held,Lucia Romero
SUMM-A003905,SUMM-L00858,meeting,2026-08-07 04:01:02,held,Hannah Price
SUMM-A003906,SUMM-L01258,email,2026-08-07 04:34:42,sent,Andre Coleman
SUMM-A003907,SUMM-L01153,Email,2026-08-07 04:54:59,replied,Caleb Turner
SUMM-A003908,SUMM-L01222,email,2026-08-07 04:58:47,sent,Maya Ortiz
SUMM-A003909,SUMM-L01246,call,2026-08-07 05:22:58,connected,Lucia Romero
SUMM-A003910,SUMM-L01259,email,2026-08-07 05:26:58,sent,Maya Ortiz
SUMM-A003911,SUMM-L01234,email,2026-08-07 06:01:26,sent,Andre Coleman
SUMM-A003912,SUMM-L01216,EMAIL,2026-08-07 06:21:43,sent,Ben Foster
SUMM-A003913,SUMM-L01256,call,2026-08-07 06:26:32,connected,Andre Coleman
SUMM-A003914,SUMM-L01131,call,2026-08-07 08:19:20,no_answer,Ben Foster
SUMM-A003915,SUMM-L01252,call,2026-08-07 09:44:34,voicemail,Maya Ortiz
SUMM-A003916,SUMM-L01028,call,2026-08-07 09:57:06,connected,Andre Coleman
SUMM-A003917,SUMM-L01216,call,2026-08-07 10:20:33,connected,Ben Foster
SUMM-A003918,SUMM-L01262,call,2026-08-07 10:47:39,connected,Ben Foster
SUMM-A003919,SUMM-L01260,EMAIL,2026-08-07 11:49:43,sent,Caleb Turner
SUMM-A003920,SUMM-L01253,CALL,2026-08-07 12:11:22,connected,Caleb Turner
SUMM-A003921,SUMM-L01264,Call,2026-08-07 13:02:16,connected,Hannah Price
SUMM-A003922,SUMM-L01266,email,2026-08-07 13:16:57,sent,Hannah Price
SUMM-A003923,SUMM-L01087,call,2026-08-07 13:35:28,connected,Maya Ortiz
SUMM-A003924,SUMM-L01263,call,2026-08-07 13:46:57,connected,Caleb Turner
SUMM-A003925,SUMM-L01265,email,2026-08-07 14:28:31,sent,Lucia Romero
SUMM-A003926,SUMM-L01257,call,2026-08-07 14:35:58,no_answer,Caleb Turner
SUMM-A003927,SUMM-L01266,meeting,2026-08-07 14:38:35,held,Hannah Price
SUMM-A003928,SUMM-L01203,Email,2026-08-07 14:40:35,sent,Maya Ortiz
SUMM-A003929,SUMM-L01267,call,2026-08-07 15:36:57,no_answer,Andre Coleman
SUMM-A003930,SUMM-L00772,call,2026-08-07 16:36:24,no_answer,Ben Foster
SUMM-A003931,SUMM-L01266,CALL,2026-08-07 16:39:59,voicemail,Hannah Price
SUMM-A003932,SUMM-L01183,Email,2026-08-07 16:56:51,sent,Maya Ortiz
SUMM-A003933,SUMM-L01268,call,2026-08-07 17:47:07,no_answer,Lucia Romero
SUMM-A003934,SUMM-L01148,EMAIL,2026-08-07 17:58:53,sent,Andre Coleman
SUMM-A003935,SUMM-L01261,CALL,2026-08-07 18:19:27,connected,Hannah Price
SUMM-A003936,SUMM-L01246,call,2026-08-07 18:43:21,no_answer,Lucia Romero
SUMM-A003937,SUMM-L01192,meeting,2026-08-07 19:38:16,held,Lucia Romero
SUMM-A003938,SUMM-L01269,email,2026-08-07 21:11:22,sent,Summit Dispatch Queue
SUMM-A003939,SUMM-L01131,CALL,2026-08-07 21:12:05,voicemail,Ben Foster
SUMM-A003940,SUMM-L01241,call,2026-08-07 21:40:57,connected,Andre Coleman
SUMM-A003941,SUMM-L01274,email,2026-08-07 21:48:58,replied,Maya Ortiz
SUMM-A003942,SUMM-L01273,email,2026-08-07 21:57:34,sent,Andre Coleman
SUMM-A003943,SUMM-L01272,email,2026-08-07 23:04:25,sent,Caleb Turner
SUMM-A003944,SUMM-L01262,call,2026-08-07 23:42:45,voicemail,Ben Foster
SUMM-A003945,SUMM-L01270,call,2026-08-08 00:00:32,connected,Caleb Turner
SUMM-A003946,SUMM-L01100,email,2026-08-08 00:03:22,replied,Andre Coleman
SUMM-A003947,SUMM-L01089,call,2026-08-08 00:36:26,no_answer,Andre Coleman
SUMM-A003948,SUMM-L01166,email,2026-08-08 01:02:47,replied,Lucia Romero
SUMM-A003949,SUMM-L01164,email,2026-08-08 01:48:31,sent,Ben Foster
SUMM-A003950,SUMM-L01275,Call,2026-08-08 02:18:57,no_answer,Ben Foster
SUMM-A003951,SUMM-L01276,call,2026-08-08 02:25:08,connected,Caleb Turner
SUMM-A003952,SUMM-L01251,Call,2026-08-08 02:32:57,connected,Lucia Romero
SUMM-A003953,SUMM-L01108,Email,2026-08-08 02:36:44,sent,Hannah Price
SUMM-A003954,SUMM-L01258,call,2026-08-08 02:44:08,voicemail,Andre Coleman
SUMM-A003955,SUMM-L01053,email,2026-08-08 03:06:25,bounced,Ben Foster
SUMM-A003956,SUMM-L01229,email,2026-08-08 03:15:36,sent,Hannah Price
SUMM-A003957,SUMM-L01076,Email,2026-08-08 03:39:31,sent,Ben Foster
SUMM-A003958,SUMM-L01257,meeting,2026-08-08 04:53:07,held,Caleb Turner
SUMM-A003959,SUMM-L01247,CALL,2026-08-08 05:04:34,no_answer,Caleb Turner
SUMM-A003960,SUMM-L01199,meeting,2026-08-08 07:36:19,rescheduled,Andre Coleman
SUMM-A003961,SUMM-L01257,email,2026-08-08 07:42:13,sent,Caleb Turner
SUMM-A003962,SUMM-L01279,call,2026-08-08 09:11:16,no_answer,Caleb Turner
SUMM-A003963,SUMM-L01211,call,2026-08-08 09:48:51,voicemail,Lucia Romero
SUMM-A003964,SUMM-L01277,call,2026-08-08 10:57:33,voicemail,Ben Foster
SUMM-A003965,SUMM-L01278,call,2026-08-08 12:25:44,no_answer,Andre Coleman
SUMM-A003966,SUMM-L01268,call,2026-08-08 12:28:20,no_answer,Lucia Romero
SUMM-A003967,SUMM-L01064,email,2026-08-08 12:35:02,sent,Hannah Price
SUMM-A003968,SUMM-L01257,call,2026-08-08 13:50:05,no_answer,Caleb Turner
SUMM-A003969,SUMM-L01175,email,2026-08-08 14:24:25,sent,Andre Coleman
SUMM-A003970,SUMM-L01150,call,2026-08-08 15:43:28,connected,Lucia Romero
SUMM-A003971,SUMM-L01280,email,2026-08-08 16:09:34,bounced,Caleb Turner
SUMM-A003972,SUMM-L01281,call,2026-08-08 17:22:47,connected,Caleb Turner
SUMM-A003973,SUMM-L01199,call,2026-08-08 17:55:13,voicemail,Andre Coleman
SUMM-A003974,SUMM-L01053,call,2026-08-08 18:27:25,no_answer,Ben Foster
SUMM-A003975,SUMM-L01136,call,2026-08-08 18:55:43,voicemail,Caleb Turner
SUMM-A003976,SUMM-L01082,call,2026-08-08 20:14:52,connected,Andre Coleman
SUMM-A003977,SUMM-L01252,meeting,2026-08-08 21:27:24,held,Maya Ortiz
SUMM-A003978,SUMM-L01273,call,2026-08-08 21:33:40,no_answer,Andre Coleman
SUMM-A003979,SUMM-L01273,call,2026-08-08 23:18:17,connected,Andre Coleman
SUMM-A003980,SUMM-L01282,call,2026-08-09 00:39:52,connected,Caleb Turner
SUMM-A003981,SUMM-L01176,call,2026-08-09 02:33:55,connected,Ben Foster
SUMM-A003982,SUMM-L01284,email,2026-08-09 03:51:43,sent,Hannah Price
SUMM-A003983,SUMM-L01271,call,2026-08-09 04:36:41,connected,Andre Coleman
SUMM-A003984,SUMM-L01110,Call,2026-08-09 05:10:38,no_answer,Caleb Turner
SUMM-A003985,SUMM-L01287,email,2026-08-09 06:36:39,replied,Caleb Turner
SUMM-A003986,SUMM-L01245,meeting,2026-08-09 07:09:12,held,Caleb Turner
SUMM-A003987,SUMM-L01283,call,2026-08-09 07:53:41,no_answer,Summit Dispatch Queue
SUMM-A003988,SUMM-L01258,email,2026-08-09 08:09:21,replied,Andre Coleman
SUMM-A003989,SUMM-L01256,call,2026-08-09 08:14:30,voicemail,Andre Coleman
SUMM-A003990,SUMM-L01288,call,2026-08-09 08:51:09,connected,Andre Coleman
SUMM-A003991,SUMM-L01102,call,2026-08-09 10:42:19,voicemail,Caleb Turner
SUMM-A003992,SUMM-L01202,email,2026-08-09 11:20:27,replied,Hannah Price
SUMM-A003993,SUMM-L01285,call,2026-08-09 12:49:19,voicemail,Hannah Price
SUMM-A003994,SUMM-L01212,email,2026-08-09 13:53:52,sent,Hannah Price
SUMM-A003995,SUMM-L01161,call,2026-08-09 14:15:49,connected,Andre Coleman
SUMM-A003996,SUMM-L01285,call,2026-08-09 14:26:18,no_answer,Hannah Price
SUMM-A003997,SUMM-L01289,call,2026-08-09 14:35:10,connected,Caleb Turner
SUMM-A003998,SUMM-L01087,call,2026-08-09 14:44:14,voicemail,Maya Ortiz
SUMM-A003999,SUMM-L01286,email,2026-08-09 15:05:24,sent,Caleb Turner
SUMM-A004000,SUMM-L01079,Call,2026-08-09 15:56:55,no_answer,Maya Ortiz
SUMM-A004001,SUMM-L01172,call,2026-08-09 15:57:43,no_answer,Summit Dispatch Queue
SUMM-A004002,SUMM-L01290,call,2026-08-09 16:24:09,voicemail,Andre Coleman
SUMM-A004003,SUMM-L01202,EMAIL,2026-08-09 16:43:38,sent,Hannah Price
SUMM-A004004,SUMM-L01177,email,2026-08-09 16:44:29,replied,Hannah Price
SUMM-A004005,SUMM-L01197,call,2026-08-09 16:50:44,no_answer,Ben Foster
SUMM-A004006,SUMM-L01253,call,2026-08-09 16:59:22,connected,Caleb Turner
SUMM-A004007,SUMM-L01090,email,2026-08-09 17:28:52,sent,Maya Ortiz
SUMM-A004008,SUMM-L01285,email,2026-08-09 17:31:33,sent,Hannah Price
SUMM-A004009,SUMM-L01175,call,2026-08-09 17:38:39,connected,Andre Coleman
SUMM-A004010,SUMM-L01279,call,2026-08-09 20:26:20,connected,Caleb Turner
SUMM-A004011,SUMM-L01273,call,2026-08-10 00:05:02,no_answer,Andre Coleman
SUMM-A004012,SUMM-L01285,call,2026-08-10 01:29:52,no_answer,Hannah Price
SUMM-A004013,SUMM-L01293,email,2026-08-10 01:53:19,sent,Andre Coleman
SUMM-A004014,SUMM-L01291,call,2026-08-10 03:32:58,no_answer,Caleb Turner
SUMM-A004015,SUMM-L01266,email,2026-08-10 03:46:00,bounced,Hannah Price
SUMM-A004016,SUMM-L01243,email,2026-08-10 03:52:41,replied,Maya Ortiz
SUMM-A004017,SUMM-L01292,call,2026-08-10 04:00:20,connected,Lucia Romero
SUMM-A004018,SUMM-L01252,email,2026-08-10 06:06:25,bounced,Maya Ortiz
SUMM-A004019,SUMM-L01276,call,2026-08-10 06:43:29,connected,Caleb Turner
SUMM-A004020,SUMM-L01120,email,2026-08-10 06:49:56,sent,Lucia Romero
SUMM-A004021,SUMM-L01286,email,2026-08-10 08:49:19,sent,Caleb Turner
SUMM-A004022,SUMM-L01295,call,2026-08-10 10:27:20,voicemail,Andre Coleman
SUMM-A004023,SUMM-L01294,email,2026-08-10 11:24:26,sent,Andre Coleman
SUMM-A004024,SUMM-L01289,meeting,2026-08-10 14:29:34,no_show,Caleb Turner
SUMM-A004025,SUMM-L01285,call,2026-08-10 16:35:23,no_answer,Hannah Price
SUMM-A004026,SUMM-L01297,CALL,2026-08-10 16:36:06,no_answer,Maya Ortiz
SUMM-A004027,SUMM-L01199,call,2026-08-10 17:48:48,connected,Andre Coleman
SUMM-A004028,SUMM-L01300,email,2026-08-10 19:57:42,bounced,Andre Coleman
SUMM-A004029,SUMM-L01131,email,2026-08-10 21:04:41,sent,Ben Foster
SUMM-A004030,SUMM-L01230,call,2026-08-10 21:20:10,no_answer,Ben Foster
SUMM-A004031,SUMM-L01296,email,2026-08-10 23:05:03,sent,Summit Dispatch Queue
SUMM-A004032,SUMM-L01303,call,2026-08-10 23:33:48,voicemail,Maya Ortiz
SUMM-A004033,SUMM-L01289,email,2026-08-11 00:21:06,bounced,Caleb Turner
SUMM-A004034,SUMM-L01302,email,2026-08-11 01:13:58,sent,Maya Ortiz
SUMM-A004035,SUMM-L01299,call,2026-08-11 01:19:09,voicemail,Lucia Romero
SUMM-A004036,SUMM-L01236,email,2026-08-11 01:53:24,sent,Andre Coleman
SUMM-A004037,SUMM-L01203,call,2026-08-11 01:57:00,no_answer,Maya Ortiz
SUMM-A004038,SUMM-L01218,call,2026-08-11 05:39:20,voicemail,Caleb Turner
SUMM-A004039,SUMM-L01090,EMAIL,2026-08-11 07:07:36,replied,Maya Ortiz
SUMM-A004040,SUMM-L01305,call,2026-08-11 10:52:58,no_answer,Andre Coleman
SUMM-A004041,SUMM-L01211,call,2026-08-11 11:19:02,voicemail,Lucia Romero
SUMM-A004042,SUMM-L01304,call,2026-08-11 12:18:36,voicemail,Hannah Price
SUMM-A004043,SUMM-L01309,call,2026-08-11 12:38:22,connected,Caleb Turner
SUMM-A004044,SUMM-L01220,call,2026-08-11 13:23:18,connected,Hannah Price
SUMM-A004045,SUMM-L01096,call,2026-08-11 13:32:59,connected,Andre Coleman
SUMM-A004046,SUMM-L01253,call,2026-08-11 13:35:38,no_answer,Caleb Turner
SUMM-A004047,SUMM-L01298,Call,2026-08-11 13:56:59,no_answer,Caleb Turner
SUMM-A004048,SUMM-L01308,call,2026-08-11 14:21:42,connected,Caleb Turner
SUMM-A004049,SUMM-L01307,call,2026-08-11 15:17:20,no_answer,Maya Ortiz
SUMM-A004050,SUMM-L01220,email,2026-08-11 16:15:34,sent,Hannah Price
SUMM-A004051,SUMM-L01161,email,2026-08-11 16:17:23,replied,Andre Coleman
SUMM-A004052,SUMM-L01310,email,2026-08-11 17:10:57,sent,Caleb Turner
SUMM-A004053,SUMM-L01163,email,2026-08-11 18:20:56,sent,Lucia Romero
SUMM-A004054,SUMM-L01220,email,2026-08-11 18:36:16,replied,Hannah Price
SUMM-A004055,SUMM-L00667,email,2026-08-11 18:50:12,replied,Caleb Turner
SUMM-A004056,SUMM-L01211,call,2026-08-11 19:21:00,voicemail,Lucia Romero
SUMM-A004057,SUMM-L01309,call,2026-08-11 19:25:35,connected,Caleb Turner
SUMM-A004058,SUMM-L01259,email,2026-08-11 19:49:53,sent,Maya Ortiz
SUMM-A004059,SUMM-L01311,call,2026-08-11 20:09:24,voicemail,Ben Foster
SUMM-A004060,SUMM-L01188,call,2026-08-11 21:21:54,no_answer,Maya Ortiz
SUMM-A004061,SUMM-L01200,email,2026-08-11 21:27:21,replied,Caleb Turner
SUMM-A004062,SUMM-L01224,meeting,2026-08-11 21:34:21,held,Hannah Price
SUMM-A004063,SUMM-L01314,email,2026-08-11 21:55:37,sent,Caleb Turner
SUMM-A004064,SUMM-L01258,email,2026-08-11 22:02:33,replied,Andre Coleman
SUMM-A004065,SUMM-L01297,call,2026-08-11 22:15:12,no_answer,Maya Ortiz
SUMM-A004066,SUMM-L01315,Email,2026-08-11 23:07:41,sent,Hannah Price
SUMM-A004067,SUMM-L01306,call,2026-08-11 23:45:57,connected,Caleb Turner
SUMM-A004068,SUMM-L01312,call,2026-08-12 00:34:09,connected,Lucia Romero
SUMM-A004069,SUMM-L01289,email,2026-08-12 00:34:34,replied,Caleb Turner
SUMM-A004070,SUMM-L01199,email,2026-08-12 02:50:53,replied,Andre Coleman
SUMM-A004071,SUMM-L01282,call,2026-08-12 03:20:23,connected,Caleb Turner
SUMM-A004072,SUMM-L01253,email,2026-08-12 07:03:50,sent,Caleb Turner
SUMM-A004073,SUMM-L01152,email,2026-08-12 07:47:39,replied,Caleb Turner
SUMM-A004074,SUMM-L01120,call,2026-08-12 08:00:23,connected,Lucia Romero
SUMM-A004075,SUMM-L01300,email,2026-08-12 08:22:19,sent,Andre Coleman
SUMM-A004076,SUMM-L01316,call,2026-08-12 08:56:35,connected,Caleb Turner
SUMM-A004077,SUMM-L01153,email,2026-08-12 09:04:06,sent,Caleb Turner
SUMM-A004078,SUMM-L01317,email,2026-08-12 09:39:30,sent,Lucia Romero
SUMM-A004079,SUMM-L01319,email,2026-08-12 10:53:42,sent,Ben Foster
SUMM-A004080,SUMM-L01199,call,2026-08-12 13:25:11,voicemail,Andre Coleman
SUMM-A004081,SUMM-L01152,call,2026-08-12 14:48:24,connected,Caleb Turner
SUMM-A004082,SUMM-L01220,email,2026-08-12 14:55:12,sent,Hannah Price
SUMM-A004083,SUMM-L01084,CALL,2026-08-12 16:30:56,no_answer,Ben Foster
SUMM-A004084,SUMM-L01220,call,2026-08-12 16:36:55,no_answer,Hannah Price
SUMM-A004085,SUMM-L01303,email,2026-08-12 16:52:04,sent,Maya Ortiz
SUMM-A004086,SUMM-L01315,email,2026-08-12 17:24:41,sent,Hannah Price
SUMM-A004087,SUMM-L01323,CALL,2026-08-12 18:21:34,connected,Caleb Turner
SUMM-A004088,SUMM-L01320,email,2026-08-12 18:38:33,sent,Summit Dispatch Queue
SUMM-A004089,SUMM-L01321,Email,2026-08-12 19:13:45,replied,Caleb Turner
SUMM-A004090,SUMM-L01291,email,2026-08-12 21:30:29,sent,Caleb Turner
SUMM-A004091,SUMM-L01299,call,2026-08-12 22:07:34,voicemail,Lucia Romero
SUMM-A004092,SUMM-L01318,email,2026-08-12 22:09:26,sent,Hannah Price
SUMM-A004093,SUMM-L01084,call,2026-08-12 22:19:05,connected,Ben Foster
SUMM-A004094,SUMM-L01324,call,2026-08-12 22:26:44,no_answer,Andre Coleman
SUMM-A004095,SUMM-L01300,meeting,2026-08-12 22:55:03,held,Andre Coleman
SUMM-A004096,SUMM-L01304,call,2026-08-13 00:39:32,connected,Hannah Price
SUMM-A004097,SUMM-L01289,call,2026-08-13 00:54:31,no_answer,Caleb Turner
SUMM-A004098,SUMM-L01315,meeting,2026-08-13 01:48:30,held,Hannah Price
SUMM-A004099,SUMM-L01146,email,2026-08-13 02:25:58,replied,Hannah Price
SUMM-A004100,SUMM-L01263,call,2026-08-13 04:20:20,no_answer,Caleb Turner
SUMM-A004101,SUMM-L01221,Email,2026-08-13 04:24:06,sent,Maya Ortiz
SUMM-A004102,SUMM-L00968,email,2026-08-13 05:36:50,replied,Caleb Turner
SUMM-A004103,SUMM-L01178,call,2026-08-13 06:02:37,voicemail,Ben Foster
SUMM-A004104,SUMM-L01325,Email,2026-08-13 06:52:43,sent,Maya Ortiz
SUMM-A004105,SUMM-L01157,call,2026-08-13 08:34:31,no_answer,Caleb Turner
SUMM-A004106,SUMM-L01146,call,2026-08-13 08:41:43,connected,Hannah Price
SUMM-A004107,SUMM-L01225,EMAIL,2026-08-13 09:12:31,sent,Lucia Romero
SUMM-A004108,SUMM-L01314,email,2026-08-13 09:50:27,sent,Caleb Turner
SUMM-A004109,SUMM-L01267,email,2026-08-13 10:17:41,replied,Andre Coleman
SUMM-A004110,SUMM-L01294,email,2026-08-13 10:20:45,sent,Andre Coleman
SUMM-A004111,SUMM-L01301,call,2026-08-13 10:22:58,connected,Maya Ortiz
SUMM-A004112,SUMM-L01288,call,2026-08-13 10:44:47,no_answer,Andre Coleman
SUMM-A004113,SUMM-L01110,call,2026-08-13 12:51:17,connected,Caleb Turner
SUMM-A004114,SUMM-L01307,email,2026-08-13 13:12:00,sent,Maya Ortiz
SUMM-A004115,SUMM-L01280,Email,2026-08-13 13:36:28,replied,Caleb Turner
SUMM-A004116,SUMM-L01313,call,2026-08-13 13:52:19,voicemail,Andre Coleman
SUMM-A004117,SUMM-L01326,EMAIL,2026-08-13 13:54:29,sent,Ben Foster
SUMM-A004118,SUMM-L01259,EMAIL,2026-08-13 13:58:53,sent,Maya Ortiz
SUMM-A004119,SUMM-L01278,email,2026-08-13 14:52:26,sent,Andre Coleman
SUMM-A004120,SUMM-L01327,call,2026-08-13 15:14:39,no_answer,Ben Foster
SUMM-A004121,SUMM-L01120,email,2026-08-13 16:07:47,sent,Lucia Romero
SUMM-A004122,SUMM-L01224,call,2026-08-13 16:21:24,no_answer,Hannah Price
SUMM-A004123,SUMM-L01304,email,2026-08-13 17:23:09,sent,Hannah Price
SUMM-A004124,SUMM-L01260,Email,2026-08-13 17:29:42,bounced,Caleb Turner
SUMM-A004125,SUMM-L01329,email,2026-08-13 18:38:36,sent,Maya Ortiz
SUMM-A004126,SUMM-L01328,email,2026-08-13 20:02:41,sent,Maya Ortiz
SUMM-A004127,SUMM-L01331,call,2026-08-13 20:33:00,voicemail,Caleb Turner
SUMM-A004128,SUMM-L01183,email,2026-08-13 23:19:26,sent,Maya Ortiz
SUMM-A004129,SUMM-L01256,CALL,2026-08-14 02:39:51,connected,Andre Coleman
SUMM-A004130,SUMM-L01322,email,2026-08-14 04:20:27,sent,Maya Ortiz
SUMM-A004131,SUMM-L01279,call,2026-08-14 05:18:22,voicemail,Caleb Turner
SUMM-A004132,SUMM-L01332,call,2026-08-14 05:44:39,connected,Ben Foster
SUMM-A004133,SUMM-L01291,email,2026-08-14 05:56:06,sent,Caleb Turner
SUMM-A004134,SUMM-L01249,call,2026-08-14 06:37:44,voicemail,Maya Ortiz
SUMM-A004135,SUMM-L01283,email,2026-08-14 07:00:00,replied,Summit Dispatch Queue
SUMM-A004136,SUMM-L01199,email,2026-08-14 08:16:24,sent,Andre Coleman
SUMM-A004137,SUMM-L01233,call,2026-08-14 12:32:22,no_answer,Caleb Turner
SUMM-A004138,SUMM-L01092,call,2026-08-14 13:45:11,connected,Andre Coleman
SUMM-A004139,SUMM-L01335,EMAIL,2026-08-14 14:47:27,sent,Caleb Turner
SUMM-A004140,SUMM-L01187,call,2026-08-14 16:00:02,voicemail,Caleb Turner
SUMM-A004141,SUMM-L00858,meeting,2026-08-14 16:10:47,no_show,Hannah Price
SUMM-A004142,SUMM-L01090,email,2026-08-14 17:06:41,sent,Maya Ortiz
SUMM-A004143,SUMM-L01336,email,2026-08-14 19:36:59,sent,Maya Ortiz
SUMM-A004144,SUMM-L01157,email,2026-08-14 20:16:22,sent,Caleb Turner
SUMM-A004145,SUMM-L01282,MEETING,2026-08-14 21:05:54,held,Caleb Turner
SUMM-A004146,SUMM-L01185,call,2026-08-14 21:10:34,no_answer,Hannah Price
SUMM-A004147,SUMM-L01315,email,2026-08-14 22:17:38,sent,Hannah Price
SUMM-A004148,SUMM-L01205,email,2026-08-14 22:26:00,sent,Lucia Romero
SUMM-A004149,SUMM-L01306,email,2026-08-14 22:55:13,sent,Caleb Turner
SUMM-A004150,SUMM-L01336,call,2026-08-14 23:50:23,connected,Maya Ortiz
SUMM-A004151,SUMM-L01185,call,2026-08-15 00:27:52,no_answer,Hannah Price
SUMM-A004152,SUMM-L01330,email,2026-08-15 00:36:48,sent,Andre Coleman
SUMM-A004153,SUMM-L01209,email,2026-08-15 01:11:47,sent,Andre Coleman
SUMM-A004154,SUMM-L01286,email,2026-08-15 01:17:52,sent,Caleb Turner
SUMM-A004155,SUMM-L01338,call,2026-08-15 01:20:20,connected,Caleb Turner
SUMM-A004156,SUMM-L01335,call,2026-08-15 01:36:42,connected,Caleb Turner
SUMM-A004157,SUMM-L01335,email,2026-08-15 02:02:13,replied,Caleb Turner
SUMM-A004158,SUMM-L01340,email,2026-08-15 02:20:24,sent,Caleb Turner
SUMM-A004159,SUMM-L01155,email,2026-08-15 02:34:54,sent,Hannah Price
SUMM-A004160,SUMM-L01342,EMAIL,2026-08-15 02:51:10,sent,Lucia Romero
SUMM-A004161,SUMM-L01333,email,2026-08-15 05:30:58,sent,Andre Coleman
SUMM-A004162,SUMM-L01336,call,2026-08-15 05:45:13,no_answer,Maya Ortiz
SUMM-A004163,SUMM-L01335,call,2026-08-15 06:01:15,no_answer,Caleb Turner
SUMM-A004164,SUMM-L01339,email,2026-08-15 06:35:56,sent,Andre Coleman
SUMM-A004165,SUMM-L01279,meeting,2026-08-15 06:37:47,rescheduled,Caleb Turner
SUMM-A004166,SUMM-L01161,call,2026-08-15 07:41:22,connected,Andre Coleman
SUMM-A004167,SUMM-L01336,call,2026-08-15 08:30:06,connected,Maya Ortiz
SUMM-A004168,SUMM-L01343,call,2026-08-15 09:12:45,connected,Hannah Price
SUMM-A004169,SUMM-L01341,CALL,2026-08-15 11:32:34,connected,Andre Coleman
SUMM-A004170,SUMM-L01223,email,2026-08-15 13:23:08,replied,Hannah Price
SUMM-A004171,SUMM-L01290,call,2026-08-15 13:48:12,voicemail,Andre Coleman
SUMM-A004172,SUMM-L01292,email,2026-08-15 15:27:05,sent,Lucia Romero
SUMM-A004173,SUMM-L01345,email,2026-08-15 16:26:38,sent,Andre Coleman
SUMM-A004174,SUMM-L01346,call,2026-08-15 16:32:51,no_answer,Summit Dispatch Queue
SUMM-A004175,SUMM-L01321,call,2026-08-15 16:40:00,connected,Caleb Turner
SUMM-A004176,SUMM-L01161,call,2026-08-15 17:53:43,connected,Andre Coleman
SUMM-A004177,SUMM-L00858,call,2026-08-15 17:54:58,connected,Hannah Price
SUMM-A004178,SUMM-L01207,EMAIL,2026-08-15 18:09:44,sent,Andre Coleman
SUMM-A004179,SUMM-L01337,call,2026-08-15 18:17:27,connected,Andre Coleman
SUMM-A004180,SUMM-L01312,call,2026-08-15 18:32:22,no_answer,Lucia Romero
SUMM-A004181,SUMM-L01299,email,2026-08-15 18:33:40,sent,Lucia Romero
SUMM-A004182,SUMM-L01224,meeting,2026-08-15 19:09:57,held,Hannah Price
SUMM-A004183,SUMM-L01183,call,2026-08-15 20:51:15,no_answer,Maya Ortiz
SUMM-A004184,SUMM-L00817,call,2026-08-15 22:05:28,connected,Hannah Price
SUMM-A004185,SUMM-L01347,email,2026-08-15 22:17:12,replied,Caleb Turner
SUMM-A004186,SUMM-L01279,email,2026-08-15 22:26:49,sent,Caleb Turner
SUMM-A004187,SUMM-L01347,email,2026-08-15 22:43:01,bounced,Caleb Turner
SUMM-A004188,SUMM-L01344,call,2026-08-15 23:15:42,connected,Maya Ortiz
SUMM-A004189,SUMM-L01233,call,2026-08-15 23:19:29,no_answer,Caleb Turner
SUMM-A004190,SUMM-L01244,email,2026-08-15 23:37:58,sent,Andre Coleman
SUMM-A004191,SUMM-L01179,email,2026-08-16 00:56:15,sent,Ben Foster
SUMM-A004192,SUMM-L01352,call,2026-08-16 01:46:50,no_answer,Maya Ortiz
SUMM-A004193,SUMM-L01090,email,2026-08-16 02:42:26,sent,Maya Ortiz
SUMM-A004194,SUMM-L01350,call,2026-08-16 03:14:58,connected,Lucia Romero
SUMM-A004195,SUMM-L01348,email,2026-08-16 03:20:07,sent,Maya Ortiz
SUMM-A004196,SUMM-L01244,email,2026-08-16 03:21:19,sent,Andre Coleman
SUMM-A004197,SUMM-L01349,call,2026-08-16 03:33:00,connected,Ben Foster
SUMM-A004198,SUMM-L01353,Call,2026-08-16 03:46:40,voicemail,Andre Coleman
SUMM-A004199,SUMM-L01351,call,2026-08-16 04:18:07,no_answer,Maya Ortiz
SUMM-A004200,SUMM-L01214,call,2026-08-16 04:30:45,connected,Andre Coleman
SUMM-A004201,SUMM-L01334,call,2026-08-16 04:54:53,voicemail,Ben Foster
SUMM-A004202,SUMM-L01206,email,2026-08-16 05:42:36,sent,Caleb Turner
SUMM-A004203,SUMM-L01281,call,2026-08-16 06:24:44,no_answer,Caleb Turner
SUMM-A004204,SUMM-L01354,email,2026-08-16 06:32:59,sent,Caleb Turner
SUMM-A004205,SUMM-L01309,call,2026-08-16 06:40:32,voicemail,Caleb Turner
SUMM-A004206,SUMM-L01355,Call,2026-08-16 07:35:13,no_answer,Ben Foster
SUMM-A004207,SUMM-L01353,email,2026-08-16 07:55:16,sent,Andre Coleman
SUMM-A004208,SUMM-L01354,email,2026-08-16 07:56:51,bounced,Caleb Turner
SUMM-A004209,SUMM-L01347,meeting,2026-08-16 08:19:30,no_show,Caleb Turner
SUMM-A004210,SUMM-L01281,call,2026-08-16 09:38:18,connected,Caleb Turner
SUMM-A004211,SUMM-L01354,email,2026-08-16 09:52:10,bounced,Caleb Turner
SUMM-A004212,SUMM-L01356,email,2026-08-16 10:08:27,sent,Caleb Turner
SUMM-A004213,SUMM-L01152,email,2026-08-16 12:22:18,sent,Caleb Turner
SUMM-A004214,SUMM-L01353,Call,2026-08-16 13:08:04,no_answer,Andre Coleman
SUMM-A004215,SUMM-L01179,CALL,2026-08-16 13:28:54,connected,Ben Foster
SUMM-A004216,SUMM-L01360,Email,2026-08-16 14:14:50,sent,Caleb Turner
SUMM-A004217,SUMM-L01359,EMAIL,2026-08-16 14:20:34,sent,Andre Coleman
SUMM-A004218,SUMM-L01090,meeting,2026-08-16 14:35:08,held,Maya Ortiz
SUMM-A004219,SUMM-L01186,call,2026-08-16 16:33:17,no_answer,Hannah Price
SUMM-A004220,SUMM-L01328,call,2026-08-16 17:04:37,connected,Maya Ortiz
SUMM-A004221,SUMM-L01356,email,2026-08-16 17:19:07,sent,Caleb Turner
SUMM-A004222,SUMM-L01254,call,2026-08-16 18:42:49,no_answer,Ben Foster
SUMM-A004223,SUMM-L01356,call,2026-08-16 19:15:29,connected,Caleb Turner
SUMM-A004224,SUMM-L01298,EMAIL,2026-08-16 20:17:47,sent,Caleb Turner
SUMM-A004225,SUMM-L01090,Email,2026-08-16 21:02:46,sent,Maya Ortiz
SUMM-A004226,SUMM-L01354,EMAIL,2026-08-16 21:11:29,replied,Caleb Turner
SUMM-A004227,SUMM-L01362,call,2026-08-16 21:20:29,voicemail,Andre Coleman
SUMM-A004228,SUMM-L01354,meeting,2026-08-16 21:45:13,no_show,Caleb Turner
SUMM-A004229,SUMM-L01186,call,2026-08-16 23:27:34,voicemail,Hannah Price
SUMM-A004230,SUMM-L01185,CALL,2026-08-17 00:24:13,voicemail,Hannah Price
SUMM-A004231,SUMM-L01356,email,2026-08-17 00:30:10,sent,Caleb Turner
SUMM-A004232,SUMM-L01286,call,2026-08-17 00:31:46,no_answer,Caleb Turner
SUMM-A004233,SUMM-L01313,call,2026-08-17 01:14:39,voicemail,Andre Coleman
SUMM-A004234,SUMM-L01187,call,2026-08-17 02:45:51,no_answer,Caleb Turner
SUMM-A004235,SUMM-L01353,email,2026-08-17 03:07:37,sent,Andre Coleman
SUMM-A004236,SUMM-L01361,email,2026-08-17 03:21:54,sent,Andre Coleman
SUMM-A004237,SUMM-L01358,call,2026-08-17 03:30:58,connected,Caleb Turner
SUMM-A004238,SUMM-L01347,Email,2026-08-17 04:16:34,sent,Caleb Turner
SUMM-A004239,SUMM-L01204,email,2026-08-17 04:41:11,sent,Hannah Price
SUMM-A004240,SUMM-L01354,email,2026-08-17 04:48:47,replied,Caleb Turner
SUMM-A004241,SUMM-L01266,call,2026-08-17 04:59:25,no_answer,Hannah Price
SUMM-A004242,SUMM-L01356,call,2026-08-17 05:39:16,no_answer,Caleb Turner
SUMM-A004243,SUMM-L01323,meeting,2026-08-17 05:55:10,held,Caleb Turner
SUMM-A004244,SUMM-L01236,email,2026-08-17 06:05:35,sent,Andre Coleman
SUMM-A004245,SUMM-L01301,CALL,2026-08-17 06:36:11,no_answer,Maya Ortiz
SUMM-A004246,SUMM-L01357,Call,2026-08-17 06:38:37,no_answer,Andre Coleman
SUMM-A004247,SUMM-L01364,call,2026-08-17 09:52:32,voicemail,Caleb Turner
SUMM-A004248,SUMM-L01328,call,2026-08-17 09:53:20,no_answer,Maya Ortiz
SUMM-A004249,SUMM-L01354,email,2026-08-17 10:32:35,bounced,Caleb Turner
SUMM-A004250,SUMM-L01234,email,2026-08-17 11:31:29,sent,Andre Coleman
SUMM-A004251,SUMM-L01366,Call,2026-08-17 12:20:15,connected,Lucia Romero
SUMM-A004252,SUMM-L01369,EMAIL,2026-08-17 14:04:08,sent,Caleb Turner
SUMM-A004253,SUMM-L01319,call,2026-08-17 14:31:16,no_answer,Ben Foster
SUMM-A004254,SUMM-L01368,call,2026-08-17 14:34:48,voicemail,Maya Ortiz
SUMM-A004255,SUMM-L01367,call,2026-08-17 14:49:36,no_answer,Caleb Turner
SUMM-A004256,SUMM-L01356,call,2026-08-17 15:03:17,no_answer,Caleb Turner
SUMM-A004257,SUMM-L01276,email,2026-08-17 16:07:19,replied,Caleb Turner
SUMM-A004258,SUMM-L01289,call,2026-08-17 17:20:39,voicemail,Caleb Turner
SUMM-A004259,SUMM-L01366,email,2026-08-17 18:22:04,sent,Lucia Romero
SUMM-A004260,SUMM-L01371,email,2026-08-17 18:58:50,sent,Caleb Turner
SUMM-A004261,SUMM-L01370,call,2026-08-17 19:11:34,no_answer,Maya Ortiz
SUMM-A004262,SUMM-L01373,call,2026-08-17 19:34:04,connected,Caleb Turner
SUMM-A004263,SUMM-L01251,MEETING,2026-08-17 19:49:24,held,Lucia Romero
SUMM-A004264,SUMM-L01308,Email,2026-08-17 19:54:33,sent,Caleb Turner
SUMM-A004265,SUMM-L01259,MEETING,2026-08-17 19:55:56,held,Maya Ortiz
SUMM-A004266,SUMM-L01354,meeting,2026-08-17 20:07:17,held,Caleb Turner
SUMM-A004267,SUMM-L01366,email,2026-08-17 20:25:11,sent,Lucia Romero
SUMM-A004268,SUMM-L00877,call,2026-08-17 20:47:16,no_answer,Andre Coleman
SUMM-A004269,SUMM-L01373,email,2026-08-17 20:58:02,replied,Caleb Turner
SUMM-A004270,SUMM-L01376,email,2026-08-17 21:18:56,sent,Ben Foster
SUMM-A004271,SUMM-L01276,email,2026-08-17 23:02:32,sent,Caleb Turner
SUMM-A004272,SUMM-L01372,email,2026-08-17 23:17:22,sent,Andre Coleman
SUMM-A004273,SUMM-L01245,call,2026-08-17 23:37:57,voicemail,Caleb Turner
SUMM-A004274,SUMM-L00877,CALL,2026-08-17 23:53:34,no_answer,Andre Coleman
SUMM-A004275,SUMM-L01167,call,2026-08-18 00:54:33,voicemail,Maya Ortiz
SUMM-A004276,SUMM-L01294,call,2026-08-18 01:34:14,connected,Andre Coleman
SUMM-A004277,SUMM-L01366,email,2026-08-18 01:56:18,sent,Lucia Romero
SUMM-A004278,SUMM-L01375,email,2026-08-18 02:20:06,replied,Caleb Turner
SUMM-A004279,SUMM-L01372,CALL,2026-08-18 02:25:21,connected,Andre Coleman
SUMM-A004280,SUMM-L01366,meeting,2026-08-18 02:43:16,held,Lucia Romero
SUMM-A004281,SUMM-L01313,EMAIL,2026-08-18 03:06:01,sent,Andre Coleman
SUMM-A004282,SUMM-L01377,email,2026-08-18 03:55:44,replied,Andre Coleman
SUMM-A004283,SUMM-L01325,call,2026-08-18 07:06:38,connected,Maya Ortiz
SUMM-A004284,SUMM-L01365,call,2026-08-18 07:29:03,voicemail,Hannah Price
SUMM-A004285,SUMM-L01378,email,2026-08-18 07:29:57,sent,Caleb Turner
SUMM-A004286,SUMM-L01289,Email,2026-08-18 08:32:09,sent,Caleb Turner
SUMM-A004287,SUMM-L01266,Meeting,2026-08-18 09:05:33,held,Hannah Price
SUMM-A004288,SUMM-L01161,call,2026-08-18 09:15:25,connected,Andre Coleman
SUMM-A004289,SUMM-L01239,email,2026-08-18 09:31:36,sent,Andre Coleman
SUMM-A004290,SUMM-L01359,call,2026-08-18 09:39:54,no_answer,Andre Coleman
SUMM-A004291,SUMM-L01296,call,2026-08-18 11:21:58,voicemail,Summit Dispatch Queue
SUMM-A004292,SUMM-L01382,call,2026-08-18 11:32:21,connected,Andre Coleman
SUMM-A004293,SUMM-L01306,email,2026-08-18 11:33:48,replied,Caleb Turner
SUMM-A004294,SUMM-L01374,Call,2026-08-18 11:56:56,no_answer,Andre Coleman
SUMM-A004295,SUMM-L01298,EMAIL,2026-08-18 11:56:56,sent,Caleb Turner
SUMM-A004296,SUMM-L01383,Email,2026-08-18 12:05:56,sent,Lucia Romero
SUMM-A004297,SUMM-L01260,call,2026-08-18 13:00:24,no_answer,Caleb Turner
SUMM-A004298,SUMM-L01379,email,2026-08-18 13:04:49,sent,Maya Ortiz
SUMM-A004299,SUMM-L01256,call,2026-08-18 13:59:30,connected,Andre Coleman
SUMM-A004300,SUMM-L01322,call,2026-08-18 14:12:12,voicemail,Maya Ortiz
SUMM-A004301,SUMM-L01316,call,2026-08-18 14:26:44,connected,Caleb Turner
SUMM-A004302,SUMM-L01374,email,2026-08-18 16:19:05,replied,Andre Coleman
SUMM-A004303,SUMM-L01381,Call,2026-08-18 16:39:47,connected,Hannah Price
SUMM-A004304,SUMM-L01380,email,2026-08-18 16:54:32,sent,Hannah Price
SUMM-A004305,SUMM-L01374,email,2026-08-18 17:14:05,replied,Andre Coleman
SUMM-A004306,SUMM-L01389,call,2026-08-18 17:20:29,no_answer,Summit Dispatch Queue
SUMM-A004307,SUMM-L00968,call,2026-08-18 17:38:19,connected,Caleb Turner
SUMM-A004308,SUMM-L01374,email,2026-08-18 17:40:21,sent,Andre Coleman
SUMM-A004309,SUMM-L01374,call,2026-08-18 18:37:10,no_answer,Andre Coleman
SUMM-A004310,SUMM-L01161,call,2026-08-18 19:12:05,connected,Andre Coleman
SUMM-A004311,SUMM-L01176,email,2026-08-18 19:18:35,sent,Ben Foster
SUMM-A004312,SUMM-L01388,CALL,2026-08-18 19:56:09,connected,Hannah Price
SUMM-A004313,SUMM-L01374,Call,2026-08-18 19:58:52,voicemail,Andre Coleman
SUMM-A004314,SUMM-L01384,email,2026-08-18 20:27:42,sent,Lucia Romero
SUMM-A004315,SUMM-L01277,call,2026-08-18 20:28:26,no_answer,Ben Foster
SUMM-A004316,SUMM-L01316,call,2026-08-18 22:29:06,voicemail,Caleb Turner
SUMM-A004317,SUMM-L01385,call,2026-08-18 22:35:44,voicemail,Caleb Turner
SUMM-A004318,SUMM-L01391,call,2026-08-18 22:37:09,voicemail,Caleb Turner
SUMM-A004319,SUMM-L01374,Email,2026-08-18 23:43:25,sent,Andre Coleman
SUMM-A004320,SUMM-L01309,call,2026-08-18 23:46:02,connected,Caleb Turner
SUMM-A004321,SUMM-L01376,call,2026-08-19 00:35:49,connected,Ben Foster
SUMM-A004322,SUMM-L01353,meeting,2026-08-19 02:49:33,held,Andre Coleman
SUMM-A004323,SUMM-L01296,EMAIL,2026-08-19 04:01:31,replied,Summit Dispatch Queue
SUMM-A004324,SUMM-L01353,meeting,2026-08-19 05:12:09,held,Andre Coleman
SUMM-A004325,SUMM-L01392,EMAIL,2026-08-19 06:57:15,sent,Ben Foster
SUMM-A004326,SUMM-L01390,email,2026-08-19 07:23:18,sent,Hannah Price
SUMM-A004327,SUMM-L01301,email,2026-08-19 07:51:59,sent,Maya Ortiz
SUMM-A004328,SUMM-L01243,call,2026-08-19 08:01:25,no_answer,Maya Ortiz
SUMM-A004329,SUMM-L01387,CALL,2026-08-19 08:15:56,no_answer,Caleb Turner
SUMM-A004330,SUMM-L01270,call,2026-08-19 08:23:58,voicemail,Caleb Turner
SUMM-A004331,SUMM-L01303,call,2026-08-19 08:45:37,no_answer,Maya Ortiz
SUMM-A004332,SUMM-L01376,Email,2026-08-19 09:14:55,sent,Ben Foster
SUMM-A004333,SUMM-L01209,email,2026-08-19 09:49:40,sent,Andre Coleman
SUMM-A004334,SUMM-L01161,email,2026-08-19 10:50:47,sent,Andre Coleman
SUMM-A004335,SUMM-L01393,email,2026-08-19 14:29:06,sent,Caleb Turner
SUMM-A004336,SUMM-L01381,email,2026-08-19 15:56:28,sent,Hannah Price
SUMM-A004337,SUMM-L01236,email,2026-08-19 16:20:09,sent,Andre Coleman
SUMM-A004338,SUMM-L01396,call,2026-08-19 17:23:31,voicemail,Caleb Turner
SUMM-A004339,SUMM-L01393,call,2026-08-19 18:18:04,no_answer,Caleb Turner
SUMM-A004340,SUMM-L01395,email,2026-08-19 18:20:36,replied,Maya Ortiz
SUMM-A004341,SUMM-L01397,email,2026-08-19 18:53:46,replied,Caleb Turner
SUMM-A004342,SUMM-L01393,call,2026-08-19 19:38:35,no_answer,Caleb Turner
SUMM-A004343,SUMM-L01181,meeting,2026-08-19 19:58:22,held,Hannah Price
SUMM-A004344,SUMM-L01393,email,2026-08-19 20:07:05,sent,Caleb Turner
SUMM-A004345,SUMM-L01399,call,2026-08-19 21:10:04,connected,Caleb Turner
SUMM-A004346,SUMM-L01256,email,2026-08-19 21:50:56,sent,Andre Coleman
SUMM-A004347,SUMM-L01394,call,2026-08-19 22:03:29,voicemail,Maya Ortiz
SUMM-A004348,SUMM-L01393,call,2026-08-19 22:23:36,no_answer,Caleb Turner
SUMM-A004349,SUMM-L01393,email,2026-08-19 22:59:00,sent,Caleb Turner
SUMM-A004350,SUMM-L01235,email,2026-08-19 23:01:34,sent,Ben Foster
SUMM-A004351,SUMM-L01393,call,2026-08-19 23:20:29,voicemail,Caleb Turner
SUMM-A004352,SUMM-L01325,call,2026-08-20 00:48:17,no_answer,Maya Ortiz
SUMM-A004353,SUMM-L01309,email,2026-08-20 03:32:10,replied,Caleb Turner
SUMM-A004354,SUMM-L01384,email,2026-08-20 04:43:12,sent,Lucia Romero
SUMM-A004355,SUMM-L01400,call,2026-08-20 05:02:04,connected,Ben Foster
SUMM-A004356,SUMM-L01213,call,2026-08-20 05:24:26,no_answer,Hannah Price
SUMM-A004357,SUMM-L01323,email,2026-08-20 05:32:57,sent,Caleb Turner
SUMM-A004358,SUMM-L01398,call,2026-08-20 06:10:19,voicemail,Caleb Turner
SUMM-A004359,SUMM-L01359,email,2026-08-20 06:33:51,sent,Andre Coleman
SUMM-A004360,SUMM-L01367,email,2026-08-20 08:10:53,sent,Caleb Turner
SUMM-A004361,SUMM-L01239,call,2026-08-20 08:33:42,voicemail,Andre Coleman
SUMM-A004362,SUMM-L01372,email,2026-08-20 10:01:56,sent,Andre Coleman
SUMM-A004363,SUMM-L01376,Email,2026-08-20 13:05:26,sent,Ben Foster
SUMM-A004364,SUMM-L01401,Call,2026-08-20 13:54:08,connected,Caleb Turner
SUMM-A004365,SUMM-L01397,call,2026-08-20 14:28:52,voicemail,Caleb Turner
SUMM-A004366,SUMM-L01403,call,2026-08-20 14:50:43,no_answer,Caleb Turner
SUMM-A004367,SUMM-L01268,email,2026-08-20 15:26:37,sent,Lucia Romero
SUMM-A004368,SUMM-L01185,Email,2026-08-20 16:22:22,sent,Hannah Price
SUMM-A004369,SUMM-L01404,call,2026-08-20 16:32:46,voicemail,Hannah Price
SUMM-A004370,SUMM-L01251,call,2026-08-20 16:55:20,no_answer,Lucia Romero
SUMM-A004371,SUMM-L01384,email,2026-08-20 16:59:29,sent,Lucia Romero
SUMM-A004372,SUMM-L01397,email,2026-08-20 17:00:44,bounced,Caleb Turner
SUMM-A004373,SUMM-L01402,email,2026-08-20 17:59:01,sent,Maya Ortiz
SUMM-A004374,SUMM-L01162,call,2026-08-20 20:02:58,no_answer,Hannah Price
SUMM-A004375,SUMM-L01240,call,2026-08-20 21:33:53,voicemail,Caleb Turner
SUMM-A004376,SUMM-L01199,EMAIL,2026-08-20 21:56:07,sent,Andre Coleman
SUMM-A004377,SUMM-L01384,email,2026-08-20 23:03:55,sent,Lucia Romero
SUMM-A004378,SUMM-L01376,email,2026-08-20 23:53:14,sent,Ben Foster
SUMM-A004379,SUMM-L01406,call,2026-08-21 00:03:13,voicemail,Ben Foster
SUMM-A004380,SUMM-L01376,email,2026-08-21 00:10:15,sent,Ben Foster
SUMM-A004381,SUMM-L01407,email,2026-08-21 00:19:38,sent,Caleb Turner
SUMM-A004382,SUMM-L01370,call,2026-08-21 00:24:29,connected,Maya Ortiz
SUMM-A004383,SUMM-L01323,email,2026-08-21 01:01:31,sent,Caleb Turner
SUMM-A004384,SUMM-L01368,call,2026-08-21 01:36:00,connected,Maya Ortiz
SUMM-A004385,SUMM-L01284,Call,2026-08-21 02:15:02,no_answer,Hannah Price
SUMM-A004386,SUMM-L01401,call,2026-08-21 03:35:52,no_answer,Caleb Turner
SUMM-A004387,SUMM-L01266,email,2026-08-21 04:24:00,sent,Hannah Price
SUMM-A004388,SUMM-L01224,meeting,2026-08-21 04:33:23,held,Hannah Price
SUMM-A004389,SUMM-L01410,CALL,2026-08-21 05:12:56,connected,Ben Foster
SUMM-A004390,SUMM-L01401,call,2026-08-21 05:21:20,voicemail,Caleb Turner
SUMM-A004391,SUMM-L01317,call,2026-08-21 05:29:02,voicemail,Lucia Romero
SUMM-A004392,SUMM-L01407,EMAIL,2026-08-21 05:41:39,replied,Caleb Turner
SUMM-A004393,SUMM-L01410,call,2026-08-21 06:32:13,voicemail,Ben Foster
SUMM-A004394,SUMM-L01308,call,2026-08-21 06:37:00,no_answer,Caleb Turner
SUMM-A004395,SUMM-L01411,email,2026-08-21 07:20:47,sent,Hannah Price
SUMM-A004396,SUMM-L01397,meeting,2026-08-21 08:41:05,held,Caleb Turner
SUMM-A004397,SUMM-L01408,email,2026-08-21 08:54:09,replied,Lucia Romero
SUMM-A004398,SUMM-L01297,call,2026-08-21 08:59:46,no_answer,Maya Ortiz
SUMM-A004399,SUMM-L01413,email,2026-08-21 09:02:19,sent,Caleb Turner
SUMM-A004400,SUMM-L01401,EMAIL,2026-08-21 09:02:47,replied,Caleb Turner
SUMM-A004401,SUMM-L01308,call,2026-08-21 09:42:22,voicemail,Caleb Turner
SUMM-A004402,SUMM-L01332,email,2026-08-21 09:55:07,bounced,Ben Foster
SUMM-A004403,SUMM-L01292,email,2026-08-21 10:10:48,sent,Lucia Romero
SUMM-A004404,SUMM-L01415,email,2026-08-21 11:21:03,sent,Lucia Romero
SUMM-A004405,SUMM-L01399,email,2026-08-21 12:04:29,replied,Caleb Turner
SUMM-A004406,SUMM-L01405,Email,2026-08-21 12:12:25,sent,Maya Ortiz
SUMM-A004407,SUMM-L01407,call,2026-08-21 13:02:56,connected,Caleb Turner
SUMM-A004408,SUMM-L01267,Email,2026-08-21 13:16:09,replied,Andre Coleman
SUMM-A004409,SUMM-L01414,call,2026-08-21 14:00:14,voicemail,Lucia Romero
SUMM-A004410,SUMM-L01363,Call,2026-08-21 14:25:20,no_answer,Caleb Turner
SUMM-A004411,SUMM-L01417,email,2026-08-21 15:35:16,sent,Maya Ortiz
SUMM-A004412,SUMM-L01421,CALL,2026-08-21 15:41:48,connected,Ben Foster
SUMM-A004413,SUMM-L01416,call,2026-08-21 16:15:59,voicemail,Andre Coleman
SUMM-A004414,SUMM-L01321,email,2026-08-21 16:37:09,sent,Caleb Turner
SUMM-A004415,SUMM-L01092,email,2026-08-21 16:38:49,sent,Andre Coleman
SUMM-A004416,SUMM-L01408,Email,2026-08-21 17:24:49,sent,Lucia Romero
SUMM-A004417,SUMM-L01407,call,2026-08-21 17:46:08,voicemail,Caleb Turner
SUMM-A004418,SUMM-L01400,call,2026-08-21 18:20:34,no_answer,Ben Foster
SUMM-A004419,SUMM-L01412,EMAIL,2026-08-21 18:32:03,replied,Caleb Turner
SUMM-A004420,SUMM-L01376,call,2026-08-21 19:05:52,voicemail,Ben Foster
SUMM-A004421,SUMM-L01341,email,2026-08-21 19:25:54,sent,Andre Coleman
SUMM-A004422,SUMM-L01382,call,2026-08-21 19:26:40,connected,Andre Coleman
SUMM-A004423,SUMM-L01418,email,2026-08-21 20:12:41,sent,Andre Coleman
SUMM-A004424,SUMM-L01321,call,2026-08-21 20:56:32,no_answer,Caleb Turner
SUMM-A004425,SUMM-L01402,call,2026-08-21 21:30:10,connected,Maya Ortiz
SUMM-A004426,SUMM-L01399,call,2026-08-21 21:54:29,connected,Caleb Turner
SUMM-A004427,SUMM-L01386,email,2026-08-21 22:32:59,sent,Lucia Romero
SUMM-A004428,SUMM-L01097,EMAIL,2026-08-21 23:01:19,sent,Hannah Price
SUMM-A004429,SUMM-L01419,call,2026-08-21 23:36:14,no_answer,Maya Ortiz
SUMM-A004430,SUMM-L01234,call,2026-08-22 00:42:34,no_answer,Andre Coleman
SUMM-A004431,SUMM-L01309,EMAIL,2026-08-22 00:52:07,replied,Caleb Turner
SUMM-A004432,SUMM-L01097,email,2026-08-22 00:54:36,bounced,Hannah Price
SUMM-A004433,SUMM-L01222,Call,2026-08-22 01:29:17,voicemail,Maya Ortiz
SUMM-A004434,SUMM-L01266,call,2026-08-22 01:43:36,connected,Hannah Price
SUMM-A004435,SUMM-L01286,email,2026-08-22 01:57:32,sent,Caleb Turner
SUMM-A004436,SUMM-L01266,call,2026-08-22 03:38:21,no_answer,Hannah Price
SUMM-A004437,SUMM-L01232,call,2026-08-22 04:20:57,voicemail,Caleb Turner
SUMM-A004438,SUMM-L01373,email,2026-08-22 04:54:51,sent,Caleb Turner
SUMM-A004439,SUMM-L01420,CALL,2026-08-22 05:30:28,connected,Caleb Turner
SUMM-A004440,SUMM-L01424,call,2026-08-22 06:29:51,no_answer,Hannah Price
SUMM-A004441,SUMM-L01422,call,2026-08-22 07:00:21,no_answer,Maya Ortiz
SUMM-A004442,SUMM-L01290,email,2026-08-22 07:44:20,sent,Andre Coleman
SUMM-A004443,SUMM-L01423,email,2026-08-22 08:10:26,bounced,Caleb Turner
SUMM-A004444,SUMM-L01384,email,2026-08-22 10:02:40,sent,Lucia Romero
SUMM-A004445,SUMM-L01330,email,2026-08-22 10:20:07,sent,Andre Coleman
SUMM-A004446,SUMM-L01372,call,2026-08-22 10:32:09,no_answer,Andre Coleman
SUMM-A004447,SUMM-L01423,email,2026-08-22 11:01:17,sent,Caleb Turner
SUMM-A004448,SUMM-L01325,EMAIL,2026-08-22 11:06:10,sent,Maya Ortiz
SUMM-A004449,SUMM-L01423,call,2026-08-22 11:55:40,connected,Caleb Turner
SUMM-A004450,SUMM-L01424,call,2026-08-22 13:03:01,voicemail,Hannah Price
SUMM-A004451,SUMM-L01325,call,2026-08-22 13:11:09,voicemail,Maya Ortiz
SUMM-A004452,SUMM-L01423,meeting,2026-08-22 13:33:17,held,Caleb Turner
SUMM-A004453,SUMM-L01412,call,2026-08-22 13:55:03,voicemail,Caleb Turner
SUMM-A004454,SUMM-L01323,EMAIL,2026-08-22 14:20:07,sent,Caleb Turner
SUMM-A004455,SUMM-L01426,call,2026-08-22 14:32:18,voicemail,Caleb Turner
SUMM-A004456,SUMM-L01425,call,2026-08-22 15:01:43,connected,Caleb Turner
SUMM-A004457,SUMM-L01426,call,2026-08-22 15:52:31,connected,Caleb Turner
SUMM-A004458,SUMM-L01339,call,2026-08-22 16:11:02,no_answer,Andre Coleman
SUMM-A004459,SUMM-L01427,call,2026-08-22 16:17:11,connected,Maya Ortiz
SUMM-A004460,SUMM-L01167,call,2026-08-22 17:35:07,no_answer,Maya Ortiz
SUMM-A004461,SUMM-L01423,email,2026-08-22 18:17:11,sent,Caleb Turner
SUMM-A004462,SUMM-L01224,email,2026-08-22 18:22:47,sent,Hannah Price
SUMM-A004463,SUMM-L01423,call,2026-08-22 18:45:55,connected,Caleb Turner
SUMM-A004464,SUMM-L01429,call,2026-08-22 19:34:36,connected,Caleb Turner
SUMM-A004465,SUMM-L01424,email,2026-08-22 19:55:22,sent,Hannah Price
SUMM-A004466,SUMM-L01415,Email,2026-08-22 20:26:23,sent,Lucia Romero
SUMM-A004467,SUMM-L01430,call,2026-08-22 20:32:34,connected,Ben Foster
SUMM-A004468,SUMM-L01326,email,2026-08-22 21:21:56,sent,Ben Foster
SUMM-A004469,SUMM-L01423,call,2026-08-22 21:50:16,no_answer,Caleb Turner
SUMM-A004470,SUMM-L01379,call,2026-08-22 22:11:49,connected,Maya Ortiz
SUMM-A004471,SUMM-L01423,email,2026-08-22 22:19:12,sent,Caleb Turner
SUMM-A004472,SUMM-L01428,Email,2026-08-22 22:25:50,sent,Ben Foster
SUMM-A004473,SUMM-L01412,call,2026-08-22 23:02:15,no_answer,Caleb Turner
SUMM-A004474,SUMM-L01384,call,2026-08-22 23:14:13,voicemail,Lucia Romero
SUMM-A004475,SUMM-L01295,call,2026-08-22 23:28:14,no_answer,Andre Coleman
SUMM-A004476,SUMM-L01424,call,2026-08-22 23:37:01,voicemail,Hannah Price
SUMM-A004477,SUMM-L01345,email,2026-08-23 00:04:07,bounced,Andre Coleman
SUMM-A004478,SUMM-L01406,call,2026-08-23 00:18:36,voicemail,Ben Foster
SUMM-A004479,SUMM-L01426,call,2026-08-23 00:42:15,no_answer,Caleb Turner
SUMM-A004480,SUMM-L01407,Email,2026-08-23 00:46:25,sent,Caleb Turner
SUMM-A004481,SUMM-L01330,call,2026-08-23 01:34:11,no_answer,Andre Coleman
SUMM-A004482,SUMM-L01431,call,2026-08-23 01:34:36,no_answer,Hannah Price
SUMM-A004483,SUMM-L01362,call,2026-08-23 02:26:30,no_answer,Andre Coleman
SUMM-A004484,SUMM-L01424,call,2026-08-23 04:37:49,connected,Hannah Price
SUMM-A004485,SUMM-L01424,call,2026-08-23 04:38:14,connected,Hannah Price
SUMM-A004486,SUMM-L01161,call,2026-08-23 04:39:45,connected,Andre Coleman
SUMM-A004487,SUMM-L01286,email,2026-08-23 08:43:40,sent,Caleb Turner
SUMM-A004488,SUMM-L01284,call,2026-08-23 09:06:48,connected,Hannah Price
SUMM-A004489,SUMM-L01250,call,2026-08-23 09:32:37,no_answer,Caleb Turner
SUMM-A004490,SUMM-L01409,call,2026-08-23 10:14:53,voicemail,Caleb Turner
SUMM-A004491,SUMM-L01341,email,2026-08-23 10:36:32,sent,Andre Coleman
SUMM-A004492,SUMM-L01426,email,2026-08-23 11:05:49,sent,Caleb Turner
SUMM-A004493,SUMM-L01295,email,2026-08-23 11:25:01,sent,Andre Coleman
SUMM-A004494,SUMM-L01316,call,2026-08-23 11:35:04,no_answer,Caleb Turner
SUMM-A004495,SUMM-L01426,call,2026-08-23 13:04:33,no_answer,Caleb Turner
SUMM-A004496,SUMM-L01234,call,2026-08-23 13:16:07,connected,Andre Coleman
SUMM-A004497,SUMM-L01434,call,2026-08-23 13:17:25,voicemail,Caleb Turner
SUMM-A004498,SUMM-L01400,email,2026-08-23 13:55:27,sent,Ben Foster
SUMM-A004499,SUMM-L01434,email,2026-08-23 14:16:03,sent,Caleb Turner
SUMM-A004500,SUMM-L01241,email,2026-08-23 15:11:39,replied,Andre Coleman
SUMM-A004501,SUMM-L01415,email,2026-08-23 15:32:18,sent,Lucia Romero
SUMM-A004502,SUMM-L01426,call,2026-08-23 17:00:14,no_answer,Caleb Turner
SUMM-A004503,SUMM-L01434,email,2026-08-23 17:31:44,replied,Caleb Turner
SUMM-A004504,SUMM-L01434,email,2026-08-23 19:00:37,replied,Caleb Turner
SUMM-A004505,SUMM-L01307,EMAIL,2026-08-23 19:53:34,sent,Maya Ortiz
SUMM-A004506,SUMM-L01217,email,2026-08-23 19:59:28,sent,Lucia Romero
SUMM-A004507,SUMM-L01097,email,2026-08-23 19:59:39,sent,Hannah Price
SUMM-A004508,SUMM-L01434,email,2026-08-23 20:23:20,replied,Caleb Turner
SUMM-A004509,SUMM-L01434,call,2026-08-23 21:30:52,connected,Caleb Turner
SUMM-A004510,SUMM-L01396,call,2026-08-23 22:14:11,no_answer,Caleb Turner
SUMM-A004511,SUMM-L01337,email,2026-08-23 22:34:18,sent,Andre Coleman
SUMM-A004512,SUMM-L01433,call,2026-08-24 00:15:49,no_answer,Maya Ortiz
SUMM-A004513,SUMM-L01351,call,2026-08-24 00:23:37,connected,Maya Ortiz
SUMM-A004514,SUMM-L01199,call,2026-08-24 00:51:46,connected,Andre Coleman
SUMM-A004515,SUMM-L01309,call,2026-08-24 00:54:35,connected,Caleb Turner
SUMM-A004516,SUMM-L01232,Email,2026-08-24 01:42:02,sent,Caleb Turner
SUMM-A004517,SUMM-L01437,email,2026-08-24 02:26:33,sent,Maya Ortiz
SUMM-A004518,SUMM-L01435,email,2026-08-24 02:45:22,replied,Ben Foster
SUMM-A004519,SUMM-L01424,email,2026-08-24 02:49:56,replied,Hannah Price
SUMM-A004520,SUMM-L01436,email,2026-08-24 04:05:16,sent,Andre Coleman
SUMM-A004521,SUMM-L01248,call,2026-08-24 04:25:39,connected,Maya Ortiz
SUMM-A004522,SUMM-L01230,call,2026-08-24 08:29:22,connected,Ben Foster
SUMM-A004523,SUMM-L01440,call,2026-08-24 08:56:37,connected,Hannah Price
SUMM-A004524,SUMM-L01338,call,2026-08-24 09:50:03,no_answer,Caleb Turner
SUMM-A004525,SUMM-L01432,call,2026-08-24 10:26:26,voicemail,Caleb Turner
SUMM-A004526,SUMM-L01424,MEETING,2026-08-24 10:56:58,rescheduled,Hannah Price
SUMM-A004527,SUMM-L01254,CALL,2026-08-24 12:01:29,no_answer,Ben Foster
SUMM-A004528,SUMM-L01445,email,2026-08-24 15:44:13,replied,Andre Coleman
SUMM-A004529,SUMM-L01444,Email,2026-08-24 15:46:43,sent,Maya Ortiz
SUMM-A004530,SUMM-L01325,email,2026-08-24 16:32:49,sent,Maya Ortiz
SUMM-A004531,SUMM-L01395,email,2026-08-24 16:44:03,sent,Maya Ortiz
SUMM-A004532,SUMM-L01284,email,2026-08-24 16:56:35,sent,Hannah Price
SUMM-A004533,SUMM-L01438,EMAIL,2026-08-24 17:00:00,replied,Caleb Turner
SUMM-A004534,SUMM-L01308,call,2026-08-24 18:31:40,no_answer,Caleb Turner
SUMM-A004535,SUMM-L01443,Call,2026-08-24 18:32:35,voicemail,Caleb Turner
SUMM-A004536,SUMM-L01407,email,2026-08-24 18:46:07,sent,Caleb Turner
SUMM-A004537,SUMM-L01323,email,2026-08-24 19:16:06,bounced,Caleb Turner
SUMM-A004538,SUMM-L01412,meeting,2026-08-24 19:38:45,held,Caleb Turner
SUMM-A004539,SUMM-L01447,email,2026-08-24 19:48:32,sent,Hannah Price
SUMM-A004540,SUMM-L01325,Call,2026-08-24 20:31:53,connected,Maya Ortiz
SUMM-A004541,SUMM-L01446,email,2026-08-24 21:20:16,sent,Maya Ortiz
SUMM-A004542,SUMM-L01441,call,2026-08-24 21:54:46,voicemail,Hannah Price
SUMM-A004543,SUMM-L01439,email,2026-08-24 22:11:43,sent,Hannah Price
SUMM-A004544,SUMM-L01442,EMAIL,2026-08-24 22:45:41,bounced,Caleb Turner
SUMM-A004545,SUMM-L01449,call,2026-08-25 01:03:38,voicemail,Maya Ortiz
SUMM-A004546,SUMM-L01288,EMAIL,2026-08-25 01:35:17,replied,Andre Coleman
SUMM-A004547,SUMM-L01451,call,2026-08-25 02:53:03,connected,Hannah Price
SUMM-A004548,SUMM-L01181,meeting,2026-08-25 03:25:06,held,Hannah Price
SUMM-A004549,SUMM-L01373,meeting,2026-08-25 05:03:17,held,Caleb Turner
SUMM-A004550,SUMM-L01298,call,2026-08-25 05:07:00,no_answer,Caleb Turner
SUMM-A004551,SUMM-L01452,email,2026-08-25 05:28:29,sent,Andre Coleman
SUMM-A004552,SUMM-L01448,call,2026-08-25 05:46:07,voicemail,Ben Foster
SUMM-A004553,SUMM-L01448,meeting,2026-08-25 10:14:08,held,Ben Foster
SUMM-A004554,SUMM-L01185,call,2026-08-25 10:47:28,voicemail,Hannah Price
SUMM-A004555,SUMM-L01298,email,2026-08-25 10:50:04,replied,Caleb Turner
SUMM-A004556,SUMM-L01414,call,2026-08-25 11:21:13,no_answer,Lucia Romero
SUMM-A004557,SUMM-L01307,email,2026-08-25 12:22:38,sent,Maya Ortiz
SUMM-A004558,SUMM-L01407,email,2026-08-25 12:26:43,sent,Caleb Turner
SUMM-A004559,SUMM-L01310,call,2026-08-25 12:57:18,voicemail,Caleb Turner
SUMM-A004560,SUMM-L01363,EMAIL,2026-08-25 14:11:51,sent,Caleb Turner
SUMM-A004561,SUMM-L01331,email,2026-08-25 14:32:36,sent,Caleb Turner
SUMM-A004562,SUMM-L01268,Email,2026-08-25 14:33:09,bounced,Lucia Romero
SUMM-A004563,SUMM-L01409,email,2026-08-25 14:50:14,sent,Caleb Turner
SUMM-A004564,SUMM-L01448,meeting,2026-08-25 15:04:20,held,Ben Foster
SUMM-A004565,SUMM-L01455,call,2026-08-25 15:50:30,voicemail,Caleb Turner
SUMM-A004566,SUMM-L01454,email,2026-08-25 15:59:24,sent,Andre Coleman
SUMM-A004567,SUMM-L01395,EMAIL,2026-08-25 16:41:56,sent,Maya Ortiz
SUMM-A004568,SUMM-L01456,email,2026-08-25 17:33:00,sent,Caleb Turner
SUMM-A004569,SUMM-L01321,EMAIL,2026-08-25 17:57:04,sent,Caleb Turner
SUMM-A004570,SUMM-L01379,email,2026-08-25 18:20:19,bounced,Maya Ortiz
SUMM-A004571,SUMM-L01244,email,2026-08-25 19:13:35,replied,Andre Coleman
SUMM-A004572,SUMM-L01192,email,2026-08-25 19:27:59,sent,Lucia Romero
SUMM-A004573,SUMM-L01404,email,2026-08-25 19:44:34,sent,Hannah Price
SUMM-A004574,SUMM-L01453,email,2026-08-25 20:50:40,sent,Caleb Turner
SUMM-A004575,SUMM-L01450,email,2026-08-25 21:25:03,sent,Caleb Turner
SUMM-A004576,SUMM-L01185,email,2026-08-25 23:34:57,sent,Hannah Price
SUMM-A004577,SUMM-L01459,Call,2026-08-26 00:12:49,connected,Caleb Turner
SUMM-A004578,SUMM-L01404,email,2026-08-26 00:22:06,bounced,Hannah Price
SUMM-A004579,SUMM-L01433,email,2026-08-26 01:05:30,sent,Maya Ortiz
SUMM-A004580,SUMM-L01460,call,2026-08-26 01:09:22,no_answer,Caleb Turner
SUMM-A004581,SUMM-L01255,call,2026-08-26 01:21:33,voicemail,Maya Ortiz
SUMM-A004582,SUMM-L01373,call,2026-08-26 02:24:50,connected,Caleb Turner
SUMM-A004583,SUMM-L01301,call,2026-08-26 02:29:44,no_answer,Maya Ortiz
SUMM-A004584,SUMM-L01461,email,2026-08-26 02:42:35,replied,Caleb Turner
SUMM-A004585,SUMM-L01275,email,2026-08-26 03:00:48,sent,Ben Foster
SUMM-A004586,SUMM-L01457,call,2026-08-26 04:05:20,connected,Caleb Turner
SUMM-A004587,SUMM-L01330,email,2026-08-26 06:35:39,sent,Andre Coleman
SUMM-A004588,SUMM-L01462,email,2026-08-26 07:14:20,sent,Summit Dispatch Queue
SUMM-A004589,SUMM-L01462,call,2026-08-26 09:31:26,voicemail,Summit Dispatch Queue
SUMM-A004590,SUMM-L01403,call,2026-08-26 09:52:32,voicemail,Caleb Turner
SUMM-A004591,SUMM-L01449,call,2026-08-26 11:20:54,connected,Maya Ortiz
SUMM-A004592,SUMM-L01357,email,2026-08-26 11:25:24,sent,Andre Coleman
SUMM-A004593,SUMM-L01408,meeting,2026-08-26 11:25:45,held,Lucia Romero
SUMM-A004594,SUMM-L01449,CALL,2026-08-26 14:27:50,no_answer,Maya Ortiz
SUMM-A004595,SUMM-L01396,Email,2026-08-26 14:41:13,replied,Caleb Turner
SUMM-A004596,SUMM-L01292,call,2026-08-26 15:59:16,no_answer,Lucia Romero
SUMM-A004597,SUMM-L01464,email,2026-08-26 16:05:08,sent,Caleb Turner
SUMM-A004598,SUMM-L01443,call,2026-08-26 16:27:20,no_answer,Caleb Turner
SUMM-A004599,SUMM-L01464,call,2026-08-26 16:48:39,connected,Caleb Turner
SUMM-A004600,SUMM-L01308,meeting,2026-08-26 17:20:08,held,Caleb Turner
SUMM-A004601,SUMM-L01465,CALL,2026-08-26 17:40:55,connected,Caleb Turner
SUMM-A004602,SUMM-L01458,call,2026-08-26 17:47:09,no_answer,Hannah Price
SUMM-A004603,SUMM-L01467,call,2026-08-26 17:55:38,no_answer,Maya Ortiz
SUMM-A004604,SUMM-L01259,meeting,2026-08-26 18:42:16,held,Maya Ortiz
SUMM-A004605,SUMM-L01466,call,2026-08-26 19:12:15,no_answer,Lucia Romero
SUMM-A004606,SUMM-L01153,meeting,2026-08-26 19:15:28,no_show,Caleb Turner
SUMM-A004607,SUMM-L01394,email,2026-08-26 19:41:30,sent,Maya Ortiz
SUMM-A004608,SUMM-L01344,email,2026-08-26 19:56:41,sent,Maya Ortiz
SUMM-A004609,SUMM-L01469,EMAIL,2026-08-26 20:14:52,sent,Summit Dispatch Queue
SUMM-A004610,SUMM-L01271,email,2026-08-26 23:02:11,replied,Andre Coleman
SUMM-A004611,SUMM-L01453,email,2026-08-26 23:02:55,sent,Caleb Turner
SUMM-A004612,SUMM-L01470,call,2026-08-27 00:56:52,no_answer,Hannah Price
SUMM-A004613,SUMM-L01185,email,2026-08-27 01:07:16,replied,Hannah Price
SUMM-A004614,SUMM-L01162,call,2026-08-27 01:21:35,connected,Hannah Price
SUMM-A004615,SUMM-L01471,email,2026-08-27 02:21:22,sent,Maya Ortiz
SUMM-A004616,SUMM-L01472,Call,2026-08-27 02:39:57,voicemail,Hannah Price
SUMM-A004617,SUMM-L01468,call,2026-08-27 03:28:48,connected,Maya Ortiz
SUMM-A004618,SUMM-L01256,EMAIL,2026-08-27 04:58:03,sent,Andre Coleman
SUMM-A004619,SUMM-L01463,email,2026-08-27 07:27:48,sent,Caleb Turner
SUMM-A004620,SUMM-L01445,Meeting,2026-08-27 07:32:30,held,Andre Coleman
SUMM-A004621,SUMM-L01473,call,2026-08-27 08:22:44,no_answer,Lucia Romero
SUMM-A004622,SUMM-L01457,call,2026-08-27 09:45:28,no_answer,Caleb Turner
SUMM-A004623,SUMM-L01452,EMAIL,2026-08-27 09:52:04,sent,Andre Coleman
SUMM-A004624,SUMM-L01316,email,2026-08-27 10:10:35,replied,Caleb Turner
SUMM-A004625,SUMM-L01265,call,2026-08-27 10:57:05,voicemail,Lucia Romero
SUMM-A004626,SUMM-L01265,call,2026-08-27 12:12:13,no_answer,Lucia Romero
SUMM-A004627,SUMM-L01412,email,2026-08-27 12:19:37,sent,Caleb Turner
SUMM-A004628,SUMM-L01358,email,2026-08-27 12:37:36,sent,Caleb Turner
SUMM-A004629,SUMM-L01389,Call,2026-08-27 13:16:30,no_answer,Summit Dispatch Queue
SUMM-A004630,SUMM-L01412,Email,2026-08-27 14:15:02,replied,Caleb Turner
SUMM-A004631,SUMM-L01409,call,2026-08-27 14:53:00,connected,Caleb Turner
SUMM-A004632,SUMM-L01456,call,2026-08-27 14:54:39,connected,Caleb Turner
SUMM-A004633,SUMM-L01256,meeting,2026-08-27 16:15:47,held,Andre Coleman
SUMM-A004634,SUMM-L01263,call,2026-08-27 16:40:14,voicemail,Caleb Turner
SUMM-A004635,SUMM-L01391,email,2026-08-27 16:54:32,sent,Caleb Turner
SUMM-A004636,SUMM-L01407,meeting,2026-08-27 17:41:57,rescheduled,Caleb Turner
SUMM-A004637,SUMM-L01476,call,2026-08-27 19:49:33,no_answer,Caleb Turner
SUMM-A004638,SUMM-L01458,call,2026-08-27 20:29:46,connected,Hannah Price
SUMM-A004639,SUMM-L01476,email,2026-08-27 20:42:12,sent,Caleb Turner
SUMM-A004640,SUMM-L01377,email,2026-08-27 20:55:02,sent,Andre Coleman
SUMM-A004641,SUMM-L01476,email,2026-08-27 20:57:29,sent,Caleb Turner
SUMM-A004642,SUMM-L01474,CALL,2026-08-27 21:13:04,no_answer,Andre Coleman
SUMM-A004643,SUMM-L01475,CALL,2026-08-27 21:39:06,no_answer,Ben Foster
SUMM-A004644,SUMM-L01477,call,2026-08-27 22:10:29,no_answer,Caleb Turner
SUMM-A004645,SUMM-L01474,email,2026-08-27 22:39:08,sent,Andre Coleman
SUMM-A004646,SUMM-L01392,email,2026-08-27 23:32:58,sent,Ben Foster
SUMM-A004647,SUMM-L01480,call,2026-08-28 01:06:00,no_answer,Hannah Price
SUMM-A004648,SUMM-L01378,email,2026-08-28 01:26:48,replied,Caleb Turner
SUMM-A004649,SUMM-L01481,email,2026-08-28 02:33:22,sent,Caleb Turner
SUMM-A004650,SUMM-L01479,email,2026-08-28 04:23:00,sent,Hannah Price
SUMM-A004651,SUMM-L01478,call,2026-08-28 05:05:37,no_answer,Caleb Turner
SUMM-A004652,SUMM-L01482,call,2026-08-28 05:23:26,connected,Hannah Price
SUMM-A004653,SUMM-L01307,call,2026-08-28 06:07:48,no_answer,Maya Ortiz
SUMM-A004654,SUMM-L01449,email,2026-08-28 06:08:29,replied,Maya Ortiz
SUMM-A004655,SUMM-L01484,email,2026-08-28 06:43:29,sent,Lucia Romero
SUMM-A004656,SUMM-L01469,email,2026-08-28 06:43:56,sent,Summit Dispatch Queue
SUMM-A004657,SUMM-L01483,call,2026-08-28 08:51:55,no_answer,Maya Ortiz
SUMM-A004658,SUMM-L01485,call,2026-08-28 09:46:07,connected,Lucia Romero
SUMM-A004659,SUMM-L01412,call,2026-08-28 10:38:31,connected,Caleb Turner
SUMM-A004660,SUMM-L01431,email,2026-08-28 11:28:40,sent,Hannah Price
SUMM-A004661,SUMM-L01473,call,2026-08-28 11:30:52,voicemail,Lucia Romero
SUMM-A004662,SUMM-L01308,meeting,2026-08-28 12:58:31,held,Caleb Turner
SUMM-A004663,SUMM-L01199,meeting,2026-08-28 13:53:13,held,Andre Coleman
SUMM-A004664,SUMM-L01333,EMAIL,2026-08-28 14:30:06,sent,Andre Coleman
SUMM-A004665,SUMM-L01360,email,2026-08-28 15:41:00,sent,Caleb Turner
SUMM-A004666,SUMM-L01487,email,2026-08-28 15:54:31,sent,Hannah Price
SUMM-A004667,SUMM-L01412,email,2026-08-28 18:27:58,sent,Caleb Turner
SUMM-A004668,SUMM-L01331,call,2026-08-28 18:46:33,connected,Caleb Turner
SUMM-A004669,SUMM-L00817,email,2026-08-28 20:17:11,bounced,Hannah Price
SUMM-A004670,SUMM-L01486,call,2026-08-28 21:08:02,connected,Lucia Romero
SUMM-A004671,SUMM-L01417,email,2026-08-28 22:40:57,sent,Maya Ortiz
SUMM-A004672,SUMM-L01490,CALL,2026-08-28 22:41:17,connected,Caleb Turner
SUMM-A004673,SUMM-L01339,email,2026-08-28 23:24:29,replied,Andre Coleman
SUMM-A004674,SUMM-L01473,call,2026-08-28 23:39:30,no_answer,Lucia Romero
SUMM-A004675,SUMM-L01495,email,2026-08-29 01:13:27,sent,Caleb Turner
SUMM-A004676,SUMM-L01488,call,2026-08-29 01:39:16,connected,Summit Dispatch Queue
SUMM-A004677,SUMM-L01153,call,2026-08-29 01:56:34,no_answer,Caleb Turner
SUMM-A004678,SUMM-L01490,EMAIL,2026-08-29 02:31:30,sent,Caleb Turner
SUMM-A004679,SUMM-L01489,EMAIL,2026-08-29 03:00:48,sent,Hannah Price
SUMM-A004680,SUMM-L01479,email,2026-08-29 03:15:23,sent,Hannah Price
SUMM-A004681,SUMM-L01445,meeting,2026-08-29 03:22:47,held,Andre Coleman
SUMM-A004682,SUMM-L01383,call,2026-08-29 03:50:59,voicemail,Lucia Romero
SUMM-A004683,SUMM-L01349,EMAIL,2026-08-29 04:05:58,sent,Ben Foster
SUMM-A004684,SUMM-L01490,Email,2026-08-29 05:07:00,sent,Caleb Turner
SUMM-A004685,SUMM-L01468,call,2026-08-29 06:15:06,connected,Maya Ortiz
SUMM-A004686,SUMM-L01496,call,2026-08-29 07:38:11,connected,Hannah Price
SUMM-A004687,SUMM-L01482,email,2026-08-29 08:02:22,replied,Hannah Price
SUMM-A004688,SUMM-L01493,email,2026-08-29 08:22:40,sent,Andre Coleman
SUMM-A004689,SUMM-L01494,email,2026-08-29 08:42:24,sent,Caleb Turner
SUMM-A004690,SUMM-L01491,call,2026-08-29 08:49:51,voicemail,Caleb Turner
SUMM-A004691,SUMM-L01483,call,2026-08-29 08:55:27,connected,Maya Ortiz
SUMM-A004692,SUMM-L01411,call,2026-08-29 09:04:15,voicemail,Hannah Price
SUMM-A004693,SUMM-L01479,call,2026-08-29 09:31:37,no_answer,Hannah Price
SUMM-A004694,SUMM-L01493,EMAIL,2026-08-29 09:43:07,sent,Andre Coleman
SUMM-A004695,SUMM-L01479,call,2026-08-29 09:57:54,no_answer,Hannah Price
SUMM-A004696,SUMM-L01492,email,2026-08-29 10:31:45,sent,Ben Foster
SUMM-A004697,SUMM-L01470,email,2026-08-29 11:52:13,replied,Hannah Price
SUMM-A004698,SUMM-L01483,call,2026-08-29 12:04:05,no_answer,Maya Ortiz
SUMM-A004699,SUMM-L01497,call,2026-08-29 12:05:11,no_answer,Lucia Romero
SUMM-A004700,SUMM-L01430,email,2026-08-29 12:36:01,replied,Ben Foster
SUMM-A004701,SUMM-L01493,email,2026-08-29 13:07:38,sent,Andre Coleman
SUMM-A004702,SUMM-L01493,call,2026-08-29 15:53:08,connected,Andre Coleman
SUMM-A004703,SUMM-L01499,call,2026-08-29 16:09:09,voicemail,Andre Coleman
SUMM-A004704,SUMM-L01395,call,2026-08-29 16:10:39,connected,Maya Ortiz
SUMM-A004705,SUMM-L01479,email,2026-08-29 16:11:07,sent,Hannah Price
SUMM-A004706,SUMM-L01408,call,2026-08-29 16:49:20,no_answer,Lucia Romero
SUMM-A004707,SUMM-L01493,call,2026-08-29 17:16:04,no_answer,Andre Coleman
SUMM-A004708,SUMM-L01373,Call,2026-08-29 17:40:43,voicemail,Caleb Turner
SUMM-A004709,SUMM-L01501,CALL,2026-08-29 21:12:31,connected,Maya Ortiz
SUMM-A004710,SUMM-L01458,call,2026-08-29 22:09:23,voicemail,Hannah Price
SUMM-A004711,SUMM-L01493,call,2026-08-29 22:13:39,no_answer,Andre Coleman
SUMM-A004712,SUMM-L01475,email,2026-08-29 22:14:34,sent,Ben Foster
SUMM-A004713,SUMM-L01462,email,2026-08-29 23:19:51,sent,Summit Dispatch Queue
SUMM-A004714,SUMM-L01468,email,2026-08-29 23:44:14,sent,Maya Ortiz
SUMM-A004715,SUMM-L01490,call,2026-08-30 01:52:14,no_answer,Caleb Turner
SUMM-A004716,SUMM-L01322,call,2026-08-30 01:56:22,no_answer,Maya Ortiz
SUMM-A004717,SUMM-L01500,call,2026-08-30 02:13:44,no_answer,Caleb Turner
SUMM-A004718,SUMM-L01502,email,2026-08-30 02:58:18,sent,Ben Foster
SUMM-A004719,SUMM-L01483,email,2026-08-30 04:28:38,sent,Maya Ortiz
SUMM-A004720,SUMM-L01297,call,2026-08-30 05:31:03,connected,Maya Ortiz
SUMM-A004721,SUMM-L01355,call,2026-08-30 06:04:53,voicemail,Ben Foster
SUMM-A004722,SUMM-L01503,call,2026-08-30 08:22:59,no_answer,Hannah Price
SUMM-A004723,SUMM-L01494,email,2026-08-30 09:01:15,sent,Caleb Turner
SUMM-A004724,SUMM-L01504,email,2026-08-30 10:35:07,sent,Maya Ortiz
SUMM-A004725,SUMM-L01340,Email,2026-08-30 11:29:04,sent,Caleb Turner
SUMM-A004726,SUMM-L01505,email,2026-08-30 12:23:06,sent,Ben Foster
SUMM-A004727,SUMM-L01503,call,2026-08-30 13:27:01,voicemail,Hannah Price
SUMM-A004728,SUMM-L01505,Email,2026-08-30 14:21:12,sent,Ben Foster
SUMM-A004729,SUMM-L01389,email,2026-08-30 14:39:28,sent,Summit Dispatch Queue
SUMM-A004730,SUMM-L01488,call,2026-08-30 14:55:18,no_answer,Summit Dispatch Queue
SUMM-A004731,SUMM-L01316,meeting,2026-08-30 15:42:13,held,Caleb Turner
SUMM-A004732,SUMM-L01508,EMAIL,2026-08-30 15:57:21,sent,Ben Foster
SUMM-A004733,SUMM-L01297,call,2026-08-30 17:28:11,no_answer,Maya Ortiz
SUMM-A004734,SUMM-L01449,email,2026-08-30 17:56:40,sent,Maya Ortiz
SUMM-A004735,SUMM-L01385,email,2026-08-30 20:26:43,replied,Caleb Turner
SUMM-A004736,SUMM-L01507,call,2026-08-30 21:25:50,connected,Maya Ortiz
SUMM-A004737,SUMM-L01326,call,2026-08-30 21:40:46,no_answer,Ben Foster
SUMM-A004738,SUMM-L01509,call,2026-08-30 21:53:22,voicemail,Caleb Turner
SUMM-A004739,SUMM-L01508,Call,2026-08-30 22:59:59,connected,Ben Foster
SUMM-A004740,SUMM-L01508,Email,2026-08-30 23:02:32,sent,Ben Foster
SUMM-A004741,SUMM-L01162,email,2026-08-30 23:54:33,sent,Hannah Price
SUMM-A004742,SUMM-L01445,email,2026-08-31 01:08:25,sent,Andre Coleman
SUMM-A004743,SUMM-L01512,email,2026-08-31 03:59:07,replied,Andre Coleman
SUMM-A004744,SUMM-L01373,email,2026-08-31 04:43:01,replied,Caleb Turner
SUMM-A004745,SUMM-L01161,email,2026-08-31 05:11:25,sent,Andre Coleman
SUMM-A004746,SUMM-L01506,Call,2026-08-31 05:14:21,no_answer,Caleb Turner
SUMM-A004747,SUMM-L01378,call,2026-08-31 05:44:58,connected,Caleb Turner
SUMM-A004748,SUMM-L01507,email,2026-08-31 06:22:04,sent,Maya Ortiz
SUMM-A004749,SUMM-L01511,call,2026-08-31 06:23:00,no_answer,Lucia Romero
SUMM-A004750,SUMM-L01457,call,2026-08-31 08:02:12,no_answer,Caleb Turner
SUMM-A004751,SUMM-L01508,meeting,2026-08-31 08:59:21,held,Ben Foster
SUMM-A004752,SUMM-L01497,call,2026-08-31 09:08:08,voicemail,Lucia Romero
SUMM-A004753,SUMM-L01355,email,2026-08-31 10:40:56,sent,Ben Foster
SUMM-A004754,SUMM-L01378,call,2026-08-31 11:24:31,no_answer,Caleb Turner
SUMM-A004755,SUMM-L01514,email,2026-08-31 11:46:31,sent,Maya Ortiz
SUMM-A004756,SUMM-L01417,email,2026-08-31 12:20:14,sent,Maya Ortiz
SUMM-A004757,SUMM-L01395,email,2026-08-31 12:29:18,sent,Maya Ortiz
SUMM-A004758,SUMM-L01483,call,2026-08-31 12:29:41,voicemail,Maya Ortiz
SUMM-A004759,SUMM-L01513,Email,2026-08-31 12:37:09,sent,Maya Ortiz
SUMM-A004760,SUMM-L01498,email,2026-08-31 12:52:24,sent,Caleb Turner
SUMM-A004761,SUMM-L01516,email,2026-08-31 12:57:41,sent,Andre Coleman
SUMM-A004762,SUMM-L01465,email,2026-08-31 13:21:06,replied,Caleb Turner
SUMM-A004763,SUMM-L01511,email,2026-08-31 13:51:00,sent,Lucia Romero
SUMM-A004764,SUMM-L01510,call,2026-08-31 14:13:52,connected,Lucia Romero
SUMM-A004765,SUMM-L01443,email,2026-08-31 14:47:47,sent,Caleb Turner
SUMM-A004766,SUMM-L01516,call,2026-08-31 16:19:35,no_answer,Andre Coleman
SUMM-A004767,SUMM-L01519,call,2026-08-31 16:39:58,connected,Ben Foster
SUMM-A004768,SUMM-L01515,call,2026-08-31 17:50:44,voicemail,Caleb Turner
SUMM-A004769,SUMM-L01358,call,2026-08-31 18:45:22,no_answer,Caleb Turner
SUMM-A004770,SUMM-L01516,call,2026-08-31 19:47:52,connected,Andre Coleman
SUMM-A004771,SUMM-L01306,email,2026-08-31 19:57:02,bounced,Caleb Turner
SUMM-A004772,SUMM-L01503,call,2026-08-31 20:43:46,connected,Hannah Price
SUMM-A004773,SUMM-L01456,CALL,2026-08-31 21:22:44,voicemail,Caleb Turner
SUMM-A004774,SUMM-L01516,call,2026-08-31 21:29:19,no_answer,Andre Coleman
SUMM-A004775,SUMM-L01481,CALL,2026-08-31 22:04:32,connected,Caleb Turner
SUMM-A004776,SUMM-L01514,Email,2026-08-31 22:40:40,sent,Maya Ortiz
SUMM-A004777,SUMM-L01503,email,2026-08-31 22:49:34,replied,Hannah Price
SUMM-A004778,SUMM-L01516,call,2026-08-31 22:52:03,no_answer,Andre Coleman
SUMM-A004779,SUMM-L01518,Call,2026-08-31 22:58:47,voicemail,Caleb Turner
SUMM-A004780,SUMM-L01391,Email,2026-08-31 23:14:44,sent,Caleb Turner
SUMM-A004781,SUMM-L01520,CALL,2026-09-01 00:18:20,connected,Caleb Turner
SUMM-A004782,SUMM-L01341,call,2026-09-01 01:26:27,no_answer,Andre Coleman
SUMM-A004783,SUMM-L01517,email,2026-09-01 01:42:42,sent,Ben Foster
SUMM-A004784,SUMM-L01364,call,2026-09-01 02:29:12,voicemail,Caleb Turner
SUMM-A004785,SUMM-L01386,email,2026-09-01 03:20:42,sent,Lucia Romero
SUMM-A004786,SUMM-L01516,Call,2026-09-01 03:39:39,connected,Andre Coleman
SUMM-A004787,SUMM-L01305,CALL,2026-09-01 03:55:22,voicemail,Andre Coleman
SUMM-A004788,SUMM-L01345,email,2026-09-01 03:57:03,sent,Andre Coleman
SUMM-A004789,SUMM-L01483,meeting,2026-09-01 04:24:55,held,Maya Ortiz
SUMM-A004790,SUMM-L01521,email,2026-09-01 05:10:46,sent,Caleb Turner
SUMM-A004791,SUMM-L01420,call,2026-09-01 05:26:00,voicemail,Caleb Turner
SUMM-A004792,SUMM-L01377,email,2026-09-01 05:33:55,sent,Andre Coleman
SUMM-A004793,SUMM-L01518,call,2026-09-01 05:51:09,no_answer,Caleb Turner
SUMM-A004794,SUMM-L01474,email,2026-09-01 07:10:09,sent,Andre Coleman
SUMM-A004795,SUMM-L01516,meeting,2026-09-01 09:21:13,held,Andre Coleman
SUMM-A004796,SUMM-L01462,email,2026-09-01 09:33:09,sent,Summit Dispatch Queue
SUMM-A004797,SUMM-L01511,call,2026-09-01 11:08:03,no_answer,Lucia Romero
SUMM-A004798,SUMM-L01414,Call,2026-09-01 12:01:56,no_answer,Lucia Romero
SUMM-A004799,SUMM-L01369,email,2026-09-01 12:41:41,sent,Caleb Turner
SUMM-A004800,SUMM-L01522,email,2026-09-01 12:54:07,replied,Hannah Price
SUMM-A004801,SUMM-L01507,email,2026-09-01 13:46:05,replied,Maya Ortiz
SUMM-A004802,SUMM-L01358,Email,2026-09-01 15:15:57,sent,Caleb Turner
SUMM-A004803,SUMM-L01458,email,2026-09-01 15:34:25,sent,Hannah Price
SUMM-A004804,SUMM-L01491,Call,2026-09-01 15:53:25,voicemail,Caleb Turner
SUMM-A004805,SUMM-L01525,call,2026-09-01 16:53:31,no_answer,Hannah Price
SUMM-A004806,SUMM-L01481,Call,2026-09-01 17:22:36,no_answer,Caleb Turner
SUMM-A004807,SUMM-L01523,call,2026-09-01 17:23:28,no_answer,Andre Coleman
SUMM-A004808,SUMM-L01507,email,2026-09-01 17:40:45,replied,Maya Ortiz
SUMM-A004809,SUMM-L01510,email,2026-09-01 17:53:20,sent,Lucia Romero
SUMM-A004810,SUMM-L01444,email,2026-09-01 17:57:44,sent,Maya Ortiz
SUMM-A004811,SUMM-L01242,call,2026-09-01 18:20:40,connected,Andre Coleman
SUMM-A004812,SUMM-L01369,call,2026-09-01 19:37:52,connected,Caleb Turner
SUMM-A004813,SUMM-L01454,email,2026-09-01 21:46:30,sent,Andre Coleman
SUMM-A004814,SUMM-L01510,call,2026-09-01 22:30:45,no_answer,Lucia Romero
SUMM-A004815,SUMM-L01464,call,2026-09-01 22:47:00,no_answer,Caleb Turner
SUMM-A004816,SUMM-L01526,email,2026-09-01 23:14:26,replied,Caleb Turner
SUMM-A004817,SUMM-L01449,meeting,2026-09-01 23:33:20,held,Maya Ortiz
SUMM-A004818,SUMM-L01363,email,2026-09-02 01:01:10,bounced,Caleb Turner
SUMM-A004819,SUMM-L01388,call,2026-09-02 01:20:19,voicemail,Hannah Price
SUMM-A004820,SUMM-L01524,email,2026-09-02 03:17:54,replied,Caleb Turner
SUMM-A004821,SUMM-L00877,email,2026-09-02 07:38:00,sent,Andre Coleman
SUMM-A004822,SUMM-L01528,call,2026-09-02 07:49:14,no_answer,Andre Coleman
SUMM-A004823,SUMM-L01529,call,2026-09-02 11:35:57,connected,Maya Ortiz
SUMM-A004824,SUMM-L01514,Call,2026-09-02 12:33:29,connected,Maya Ortiz
SUMM-A004825,SUMM-L01529,EMAIL,2026-09-02 13:09:55,sent,Maya Ortiz
SUMM-A004826,SUMM-L01368,call,2026-09-02 13:25:26,no_answer,Maya Ortiz
SUMM-A004827,SUMM-L01531,call,2026-09-02 13:45:28,connected,Lucia Romero
SUMM-A004828,SUMM-L01527,call,2026-09-02 13:57:14,connected,Maya Ortiz
SUMM-A004829,SUMM-L01530,call,2026-09-02 16:42:10,voicemail,Summit Dispatch Queue
SUMM-A004830,SUMM-L01529,call,2026-09-02 16:45:11,voicemail,Maya Ortiz
SUMM-A004831,SUMM-L01316,email,2026-09-02 17:04:58,sent,Caleb Turner
SUMM-A004832,SUMM-L01430,CALL,2026-09-02 18:08:56,voicemail,Ben Foster
SUMM-A004833,SUMM-L01522,email,2026-09-02 19:05:40,sent,Hannah Price
SUMM-A004834,SUMM-L01530,CALL,2026-09-02 21:47:04,connected,Summit Dispatch Queue
SUMM-A004835,SUMM-L01532,call,2026-09-02 21:52:55,connected,Hannah Price
SUMM-A004836,SUMM-L01430,email,2026-09-03 00:22:05,sent,Ben Foster
SUMM-A004837,SUMM-L01358,call,2026-09-03 03:45:02,no_answer,Caleb Turner
SUMM-A004838,SUMM-L01474,Meeting,2026-09-03 06:06:32,held,Andre Coleman
SUMM-A004839,SUMM-L01519,email,2026-09-03 07:28:21,sent,Ben Foster
SUMM-A004840,SUMM-L01536,Call,2026-09-03 07:58:36,no_answer,Hannah Price
SUMM-A004841,SUMM-L01459,call,2026-09-03 08:27:06,connected,Caleb Turner
SUMM-A004842,SUMM-L01533,Call,2026-09-03 08:56:41,voicemail,Hannah Price
SUMM-A004843,SUMM-L01529,email,2026-09-03 09:49:10,sent,Maya Ortiz
SUMM-A004844,SUMM-L01458,call,2026-09-03 17:16:46,no_answer,Hannah Price
SUMM-A004845,SUMM-L01521,email,2026-09-03 17:30:05,sent,Caleb Turner
SUMM-A004846,SUMM-L01409,call,2026-09-03 18:27:59,connected,Caleb Turner
SUMM-A004847,SUMM-L01460,Call,2026-09-03 19:24:35,voicemail,Caleb Turner
SUMM-A004848,SUMM-L01535,email,2026-09-03 19:45:12,sent,Caleb Turner
SUMM-A004849,SUMM-L01476,email,2026-09-03 22:17:13,sent,Caleb Turner
SUMM-A004850,SUMM-L01360,call,2026-09-03 22:27:35,voicemail,Caleb Turner
SUMM-A004851,SUMM-L01531,call,2026-09-03 22:56:36,connected,Lucia Romero
SUMM-A004852,SUMM-L01372,call,2026-09-03 23:05:17,no_answer,Andre Coleman
SUMM-A004853,SUMM-L01492,email,2026-09-03 23:21:29,bounced,Ben Foster
SUMM-A004854,SUMM-L01506,call,2026-09-03 23:34:52,connected,Caleb Turner
SUMM-A004855,SUMM-L01542,call,2026-09-04 00:14:24,connected,Caleb Turner
SUMM-A004856,SUMM-L01540,email,2026-09-04 00:16:27,bounced,Ben Foster
SUMM-A004857,SUMM-L01541,call,2026-09-04 01:25:38,connected,Caleb Turner
SUMM-A004858,SUMM-L01442,email,2026-09-04 01:32:43,sent,Caleb Turner
SUMM-A004859,SUMM-L01378,EMAIL,2026-09-04 02:49:18,sent,Caleb Turner
SUMM-A004860,SUMM-L01403,Call,2026-09-04 03:02:45,voicemail,Caleb Turner
SUMM-A004861,SUMM-L01537,email,2026-09-04 05:43:31,sent,Andre Coleman
SUMM-A004862,SUMM-L01299,call,2026-09-04 08:47:06,connected,Lucia Romero
SUMM-A004863,SUMM-L01543,email,2026-09-04 09:07:08,sent,Hannah Price
SUMM-A004864,SUMM-L01474,email,2026-09-04 09:29:44,replied,Andre Coleman
SUMM-A004865,SUMM-L01498,call,2026-09-04 11:04:06,voicemail,Caleb Turner
SUMM-A004866,SUMM-L01316,call,2026-09-04 12:33:18,no_answer,Caleb Turner
SUMM-A004867,SUMM-L01501,email,2026-09-04 12:37:53,sent,Maya Ortiz
SUMM-A004868,SUMM-L01381,call,2026-09-04 12:42:49,no_answer,Hannah Price
SUMM-A004869,SUMM-L01454,email,2026-09-04 12:46:20,bounced,Andre Coleman
SUMM-A004870,SUMM-L01361,Email,2026-09-04 12:58:08,bounced,Andre Coleman
SUMM-A004871,SUMM-L01525,call,2026-09-04 13:39:05,connected,Hannah Price
SUMM-A004872,SUMM-L01546,call,2026-09-04 13:56:15,voicemail,Maya Ortiz
SUMM-A004873,SUMM-L01425,call,2026-09-04 13:59:11,no_answer,Caleb Turner
SUMM-A004874,SUMM-L01153,CALL,2026-09-04 15:01:58,voicemail,Caleb Turner
SUMM-A004875,SUMM-L01548,call,2026-09-04 18:26:39,no_answer,Ben Foster
SUMM-A004876,SUMM-L01364,Email,2026-09-04 19:06:37,replied,Caleb Turner
SUMM-A004877,SUMM-L01539,EMAIL,2026-09-04 19:56:26,sent,Caleb Turner
SUMM-A004878,SUMM-L01375,call,2026-09-04 20:02:01,no_answer,Caleb Turner
SUMM-A004879,SUMM-L01549,call,2026-09-04 20:39:39,no_answer,Caleb Turner
SUMM-A004880,SUMM-L01375,email,2026-09-04 20:40:53,sent,Caleb Turner
SUMM-A004881,SUMM-L01550,call,2026-09-04 20:44:26,voicemail,Caleb Turner
SUMM-A004882,SUMM-L01432,call,2026-09-04 21:39:00,connected,Caleb Turner
SUMM-A004883,SUMM-L01534,email,2026-09-04 21:52:35,replied,Caleb Turner
SUMM-A004884,SUMM-L01466,call,2026-09-05 00:01:26,no_answer,Lucia Romero
SUMM-A004885,SUMM-L01544,email,2026-09-05 01:55:44,replied,Andre Coleman
SUMM-A004886,SUMM-L01452,MEETING,2026-09-05 02:18:22,held,Andre Coleman
SUMM-A004887,SUMM-L01474,email,2026-09-05 02:20:48,sent,Andre Coleman
SUMM-A004888,SUMM-L01181,call,2026-09-05 02:53:28,no_answer,Hannah Price
SUMM-A004889,SUMM-L01497,call,2026-09-05 03:55:09,voicemail,Lucia Romero
SUMM-A004890,SUMM-L01495,call,2026-09-05 04:02:18,no_answer,Caleb Turner
SUMM-A004891,SUMM-L01474,call,2026-09-05 04:23:06,no_answer,Andre Coleman
SUMM-A004892,SUMM-L01538,call,2026-09-05 04:40:15,voicemail,Hannah Price
SUMM-A004893,SUMM-L01542,call,2026-09-05 04:45:00,connected,Caleb Turner
SUMM-A004894,SUMM-L01545,email,2026-09-05 05:17:23,bounced,Maya Ortiz
SUMM-A004895,SUMM-L01377,CALL,2026-09-05 06:37:24,connected,Andre Coleman
SUMM-A004896,SUMM-L01499,call,2026-09-05 07:27:18,voicemail,Andre Coleman
SUMM-A004897,SUMM-L01551,email,2026-09-05 07:27:50,sent,Ben Foster
SUMM-A004898,SUMM-L01380,email,2026-09-05 07:40:48,sent,Hannah Price
SUMM-A004899,SUMM-L01547,CALL,2026-09-05 07:42:36,voicemail,Hannah Price
SUMM-A004900,SUMM-L01523,email,2026-09-05 08:42:22,replied,Andre Coleman
SUMM-A004901,SUMM-L01500,call,2026-09-05 11:17:19,voicemail,Caleb Turner
SUMM-A004902,SUMM-L01346,email,2026-09-05 12:04:36,sent,Summit Dispatch Queue
SUMM-A004903,SUMM-L01485,email,2026-09-05 12:28:29,sent,Lucia Romero
SUMM-A004904,SUMM-L01506,call,2026-09-05 13:03:44,voicemail,Caleb Turner
SUMM-A004905,SUMM-L01555,call,2026-09-05 13:46:04,connected,Hannah Price
SUMM-A004906,SUMM-L01450,email,2026-09-05 15:09:51,sent,Caleb Turner
SUMM-A004907,SUMM-L01378,Email,2026-09-05 16:48:13,sent,Caleb Turner
SUMM-A004908,SUMM-L01553,call,2026-09-05 17:36:15,connected,Hannah Price
SUMM-A004909,SUMM-L01359,email,2026-09-05 17:52:18,sent,Andre Coleman
SUMM-A004910,SUMM-L01540,Email,2026-09-05 17:54:58,sent,Ben Foster
SUMM-A004911,SUMM-L01557,Call,2026-09-05 19:12:54,connected,Andre Coleman
SUMM-A004912,SUMM-L00877,call,2026-09-05 19:31:26,no_answer,Andre Coleman
SUMM-A004913,SUMM-L01556,call,2026-09-05 20:38:07,no_answer,Caleb Turner
SUMM-A004914,SUMM-L01558,call,2026-09-05 20:48:02,voicemail,Caleb Turner
SUMM-A004915,SUMM-L01552,call,2026-09-05 21:08:31,connected,Caleb Turner
SUMM-A004916,SUMM-L01364,call,2026-09-05 21:46:10,connected,Caleb Turner
SUMM-A004917,SUMM-L01418,EMAIL,2026-09-05 23:56:08,sent,Andre Coleman
SUMM-A004918,SUMM-L01161,email,2026-09-06 01:51:37,sent,Andre Coleman
SUMM-A004919,SUMM-L01554,email,2026-09-06 02:56:59,sent,Andre Coleman
SUMM-A004920,SUMM-L01419,email,2026-09-06 02:59:32,sent,Maya Ortiz
SUMM-A004921,SUMM-L01375,email,2026-09-06 04:48:11,sent,Caleb Turner
SUMM-A004922,SUMM-L01556,call,2026-09-06 05:50:55,connected,Caleb Turner
SUMM-A004923,SUMM-L01450,call,2026-09-06 07:06:21,connected,Caleb Turner
SUMM-A004924,SUMM-L01487,call,2026-09-06 07:41:10,connected,Hannah Price
SUMM-A004925,SUMM-L01506,meeting,2026-09-06 07:54:41,rescheduled,Caleb Turner
SUMM-A004926,SUMM-L01375,email,2026-09-06 08:58:43,sent,Caleb Turner
SUMM-A004927,SUMM-L01523,email,2026-09-06 09:32:50,sent,Andre Coleman
SUMM-A004928,SUMM-L01556,call,2026-09-06 10:36:02,connected,Caleb Turner
SUMM-A004929,SUMM-L01536,email,2026-09-06 12:35:16,sent,Hannah Price
SUMM-A004930,SUMM-L01556,Call,2026-09-06 13:16:47,voicemail,Caleb Turner
SUMM-A004931,SUMM-L01548,meeting,2026-09-06 14:42:17,held,Ben Foster
SUMM-A004932,SUMM-L01474,call,2026-09-06 15:51:13,no_answer,Andre Coleman
SUMM-A004933,SUMM-L01505,meeting,2026-09-06 17:04:17,held,Ben Foster
SUMM-A004934,SUMM-L01420,email,2026-09-06 19:10:41,sent,Caleb Turner
SUMM-A004935,SUMM-L01506,email,2026-09-06 19:37:30,sent,Caleb Turner
SUMM-A004936,SUMM-L01499,call,2026-09-06 19:47:37,no_answer,Andre Coleman
SUMM-A004937,SUMM-L00817,email,2026-09-06 20:15:59,sent,Hannah Price
SUMM-A004938,SUMM-L01465,Email,2026-09-06 20:56:52,sent,Caleb Turner
SUMM-A004939,SUMM-L01556,email,2026-09-06 21:57:48,sent,Caleb Turner
SUMM-A004940,SUMM-L01420,call,2026-09-06 23:47:58,voicemail,Caleb Turner
SUMM-A004941,SUMM-L01556,EMAIL,2026-09-06 23:54:31,sent,Caleb Turner
SUMM-A004942,SUMM-L01560,email,2026-09-07 00:37:31,sent,Andre Coleman
SUMM-A004943,SUMM-L01377,Call,2026-09-07 00:42:58,no_answer,Andre Coleman
SUMM-A004944,SUMM-L01561,email,2026-09-07 01:20:02,sent,Caleb Turner
SUMM-A004945,SUMM-L01181,EMAIL,2026-09-07 02:22:15,replied,Hannah Price
SUMM-A004946,SUMM-L01553,call,2026-09-07 02:47:08,connected,Hannah Price
SUMM-A004947,SUMM-L01559,email,2026-09-07 06:58:58,sent,Maya Ortiz
SUMM-A004948,SUMM-L01551,call,2026-09-07 07:22:34,voicemail,Ben Foster
SUMM-A004949,SUMM-L01563,call,2026-09-07 07:50:59,no_answer,Caleb Turner
SUMM-A004950,SUMM-L01540,Call,2026-09-07 09:16:05,no_answer,Ben Foster
SUMM-A004951,SUMM-L01427,call,2026-09-07 09:20:53,no_answer,Maya Ortiz
SUMM-A004952,SUMM-L01566,call,2026-09-07 10:50:38,no_answer,Summit Dispatch Queue
SUMM-A004953,SUMM-L01564,call,2026-09-07 11:09:06,connected,Maya Ortiz
SUMM-A004954,SUMM-L01461,call,2026-09-07 11:29:59,voicemail,Caleb Turner
SUMM-A004955,SUMM-L01457,call,2026-09-07 12:54:42,connected,Caleb Turner
SUMM-A004956,SUMM-L01556,Call,2026-09-07 13:00:52,voicemail,Caleb Turner
SUMM-A004957,SUMM-L01553,call,2026-09-07 13:10:16,connected,Hannah Price
SUMM-A004958,SUMM-L01375,email,2026-09-07 13:15:22,sent,Caleb Turner
SUMM-A004959,SUMM-L01565,call,2026-09-07 13:35:02,no_answer,Caleb Turner
SUMM-A004960,SUMM-L01568,call,2026-09-07 14:59:41,connected,Hannah Price
SUMM-A004961,SUMM-L01562,call,2026-09-07 16:34:32,no_answer,Ben Foster
SUMM-A004962,SUMM-L01518,call,2026-09-07 16:52:30,connected,Caleb Turner
SUMM-A004963,SUMM-L01485,call,2026-09-07 17:12:56,connected,Lucia Romero
SUMM-A004964,SUMM-L01555,call,2026-09-07 17:41:44,connected,Hannah Price
SUMM-A004965,SUMM-L01316,EMAIL,2026-09-07 19:32:42,sent,Caleb Turner
SUMM-A004966,SUMM-L01446,call,2026-09-07 19:46:09,no_answer,Maya Ortiz
SUMM-A004967,SUMM-L01470,call,2026-09-07 21:56:08,voicemail,Hannah Price
SUMM-A004968,SUMM-L01570,Call,2026-09-07 22:04:25,no_answer,Caleb Turner
SUMM-A004969,SUMM-L01571,call,2026-09-07 22:14:03,no_answer,Lucia Romero
SUMM-A004970,SUMM-L01444,Call,2026-09-07 23:21:22,no_answer,Maya Ortiz
SUMM-A004971,SUMM-L01431,CALL,2026-09-07 23:22:48,no_answer,Hannah Price
SUMM-A004972,SUMM-L01572,Call,2026-09-08 01:03:41,no_answer,Caleb Turner
SUMM-A004973,SUMM-L01167,call,2026-09-08 01:43:19,voicemail,Maya Ortiz
SUMM-A004974,SUMM-L01488,email,2026-09-08 02:10:13,sent,Summit Dispatch Queue
SUMM-A004975,SUMM-L01567,call,2026-09-08 02:15:05,connected,Maya Ortiz
SUMM-A004976,SUMM-L01478,call,2026-09-08 05:35:11,no_answer,Caleb Turner
SUMM-A004977,SUMM-L01574,email,2026-09-08 08:42:42,replied,Caleb Turner
SUMM-A004978,SUMM-L01394,call,2026-09-08 08:51:45,voicemail,Maya Ortiz
SUMM-A004979,SUMM-L01540,email,2026-09-08 08:55:21,sent,Ben Foster
SUMM-A004980,SUMM-L01575,Call,2026-09-08 09:51:12,connected,Caleb Turner
SUMM-A004981,SUMM-L01576,call,2026-09-08 11:36:33,voicemail,Hannah Price
SUMM-A004982,SUMM-L01441,email,2026-09-08 12:30:04,sent,Hannah Price
SUMM-A004983,SUMM-L01573,email,2026-09-08 13:43:57,sent,Andre Coleman
SUMM-A004984,SUMM-L01519,email,2026-09-08 14:01:40,sent,Ben Foster
SUMM-A004985,SUMM-L01525,call,2026-09-08 14:06:10,connected,Hannah Price
SUMM-A004986,SUMM-L01459,meeting,2026-09-08 14:09:47,held,Caleb Turner
SUMM-A004987,SUMM-L01581,email,2026-09-08 15:52:27,replied,Andre Coleman
SUMM-A004988,SUMM-L01577,Email,2026-09-08 16:31:49,sent,Lucia Romero
SUMM-A004989,SUMM-L01582,call,2026-09-08 16:38:56,connected,Ben Foster
SUMM-A004990,SUMM-L01578,email,2026-09-08 17:59:20,sent,Hannah Price
SUMM-A004991,SUMM-L01580,email,2026-09-08 18:08:07,sent,Andre Coleman
SUMM-A004992,SUMM-L01579,email,2026-09-08 18:53:28,sent,Caleb Turner
SUMM-A004993,SUMM-L01525,Email,2026-09-08 19:14:35,sent,Hannah Price
SUMM-A004994,SUMM-L01557,call,2026-09-08 20:00:07,no_answer,Andre Coleman
SUMM-A004995,SUMM-L01518,meeting,2026-09-08 21:08:20,held,Caleb Turner
SUMM-A004996,SUMM-L01531,email,2026-09-08 21:22:17,sent,Lucia Romero
SUMM-A004997,SUMM-L01583,call,2026-09-08 21:42:45,connected,Caleb Turner
SUMM-A004998,SUMM-L01450,call,2026-09-08 21:56:42,connected,Caleb Turner
SUMM-A004999,SUMM-L01443,meeting,2026-09-08 22:04:59,held,Caleb Turner
SUMM-A005000,SUMM-L01575,email,2026-09-08 22:43:20,sent,Caleb Turner
SUMM-A005001,SUMM-L01583,meeting,2026-09-08 23:59:37,rescheduled,Caleb Turner
SUMM-A005002,SUMM-L01299,call,2026-09-09 02:09:53,voicemail,Lucia Romero
SUMM-A005003,SUMM-L01464,call,2026-09-09 03:18:26,connected,Caleb Turner
SUMM-A005004,SUMM-L01467,email,2026-09-09 08:29:02,replied,Maya Ortiz
SUMM-A005005,SUMM-L01517,email,2026-09-09 10:05:40,sent,Ben Foster
SUMM-A005006,SUMM-L01525,call,2026-09-09 10:25:50,voicemail,Hannah Price
SUMM-A005007,SUMM-L01567,call,2026-09-09 10:57:51,no_answer,Maya Ortiz
SUMM-A005008,SUMM-L01577,email,2026-09-09 12:42:03,replied,Lucia Romero
SUMM-A005009,SUMM-L01572,email,2026-09-09 13:33:24,replied,Caleb Turner
SUMM-A005010,SUMM-L01540,email,2026-09-09 14:01:38,sent,Ben Foster
SUMM-A005011,SUMM-L01587,email,2026-09-09 14:37:12,sent,Lucia Romero
SUMM-A005012,SUMM-L01494,email,2026-09-09 14:38:12,replied,Caleb Turner
SUMM-A005013,SUMM-L01548,email,2026-09-09 15:47:07,replied,Ben Foster
SUMM-A005014,SUMM-L01585,email,2026-09-09 16:51:11,sent,Caleb Turner
SUMM-A005015,SUMM-L01586,email,2026-09-09 17:13:59,replied,Ben Foster
SUMM-A005016,SUMM-L01588,call,2026-09-09 17:40:59,connected,Andre Coleman
SUMM-A005017,SUMM-L01505,call,2026-09-09 19:53:30,connected,Ben Foster
SUMM-A005018,SUMM-L01519,meeting,2026-09-09 20:20:44,held,Ben Foster
SUMM-A005019,SUMM-L01584,email,2026-09-09 20:41:47,sent,Caleb Turner
SUMM-A005020,SUMM-L01416,Call,2026-09-09 20:46:08,connected,Andre Coleman
SUMM-A005021,SUMM-L01482,call,2026-09-09 21:59:57,no_answer,Hannah Price
SUMM-A005022,SUMM-L01585,email,2026-09-09 22:39:50,sent,Caleb Turner
SUMM-A005023,SUMM-L01592,email,2026-09-09 23:56:01,sent,Lucia Romero
SUMM-A005024,SUMM-L01590,CALL,2026-09-10 00:34:45,connected,Caleb Turner
SUMM-A005025,SUMM-L01446,CALL,2026-09-10 01:04:07,connected,Maya Ortiz
SUMM-A005026,SUMM-L01588,call,2026-09-10 01:18:43,connected,Andre Coleman
SUMM-A005027,SUMM-L01514,email,2026-09-10 02:15:16,sent,Maya Ortiz
SUMM-A005028,SUMM-L01501,call,2026-09-10 03:20:31,voicemail,Maya Ortiz
SUMM-A005029,SUMM-L01589,call,2026-09-10 05:31:18,connected,Andre Coleman
SUMM-A005030,SUMM-L01575,email,2026-09-10 05:54:05,sent,Caleb Turner
SUMM-A005031,SUMM-L01585,call,2026-09-10 06:48:14,no_answer,Caleb Turner
SUMM-A005032,SUMM-L01440,email,2026-09-10 08:19:28,sent,Hannah Price
SUMM-A005033,SUMM-L01591,CALL,2026-09-10 08:40:30,connected,Andre Coleman
SUMM-A005034,SUMM-L01594,email,2026-09-10 10:26:15,sent,Lucia Romero
SUMM-A005035,SUMM-L01596,call,2026-09-10 11:57:27,voicemail,Andre Coleman
SUMM-A005036,SUMM-L01598,email,2026-09-10 14:41:31,sent,Andre Coleman
SUMM-A005037,SUMM-L01595,call,2026-09-10 15:07:16,voicemail,Hannah Price
SUMM-A005038,SUMM-L01597,call,2026-09-10 15:11:54,no_answer,Andre Coleman
SUMM-A005039,SUMM-L01588,call,2026-09-10 17:17:03,no_answer,Andre Coleman
SUMM-A005040,SUMM-L01593,email,2026-09-10 19:01:25,sent,Ben Foster
SUMM-A005041,SUMM-L01575,Email,2026-09-10 19:07:23,sent,Caleb Turner
SUMM-A005042,SUMM-L01596,email,2026-09-10 19:39:51,sent,Andre Coleman
SUMM-A005043,SUMM-L01308,email,2026-09-10 19:51:37,sent,Caleb Turner
SUMM-A005044,SUMM-L01328,email,2026-09-10 19:52:46,sent,Maya Ortiz
SUMM-A005045,SUMM-L01472,call,2026-09-10 20:00:48,no_answer,Hannah Price
SUMM-A005046,SUMM-L01485,call,2026-09-10 22:28:16,voicemail,Lucia Romero
SUMM-A005047,SUMM-L01603,call,2026-09-10 22:30:21,voicemail,Lucia Romero
SUMM-A005048,SUMM-L01604,Email,2026-09-10 23:25:47,sent,Caleb Turner
SUMM-A005049,SUMM-L01579,email,2026-09-11 00:36:53,sent,Caleb Turner
SUMM-A005050,SUMM-L01569,email,2026-09-11 00:47:17,sent,Andre Coleman
SUMM-A005051,SUMM-L01569,meeting,2026-09-11 00:47:36,held,Andre Coleman
SUMM-A005052,SUMM-L01569,MEETING,2026-09-11 00:48:15,held,Andre Coleman
SUMM-A005053,SUMM-L01513,call,2026-09-11 02:43:40,voicemail,Maya Ortiz
SUMM-A005054,SUMM-L01602,email,2026-09-11 03:51:19,sent,Lucia Romero
SUMM-A005055,SUMM-L01476,email,2026-09-11 06:30:13,replied,Caleb Turner
SUMM-A005056,SUMM-L01583,email,2026-09-11 07:39:11,sent,Caleb Turner
SUMM-A005057,SUMM-L01605,email,2026-09-11 09:40:56,sent,Andre Coleman
SUMM-A005058,SUMM-L01419,call,2026-09-11 10:11:59,connected,Maya Ortiz
SUMM-A005059,SUMM-L01601,call,2026-09-11 10:22:16,no_answer,Caleb Turner
SUMM-A005060,SUMM-L01606,Call,2026-09-11 11:44:01,no_answer,Caleb Turner
SUMM-A005061,SUMM-L01581,email,2026-09-11 12:13:36,replied,Andre Coleman
SUMM-A005062,SUMM-L01600,email,2026-09-11 13:33:00,sent,Hannah Price
SUMM-A005063,SUMM-L01607,CALL,2026-09-11 17:20:33,no_answer,Ben Foster
SUMM-A005064,SUMM-L01471,call,2026-09-11 17:37:09,connected,Maya Ortiz
SUMM-A005065,SUMM-L01608,email,2026-09-11 19:02:13,sent,Maya Ortiz
SUMM-A005066,SUMM-L01610,email,2026-09-11 19:38:16,sent,Andre Coleman
SUMM-A005067,SUMM-L01562,Meeting,2026-09-11 20:03:37,no_show,Ben Foster
SUMM-A005068,SUMM-L01534,call,2026-09-11 20:05:01,voicemail,Caleb Turner
SUMM-A005069,SUMM-L01583,meeting,2026-09-11 21:17:51,held,Caleb Turner
SUMM-A005070,SUMM-L01589,Email,2026-09-11 22:20:18,sent,Andre Coleman
SUMM-A005071,SUMM-L01484,call,2026-09-11 22:23:01,voicemail,Lucia Romero
SUMM-A005072,SUMM-L01613,call,2026-09-11 23:11:52,no_answer,Maya Ortiz
SUMM-A005073,SUMM-L01604,email,2026-09-11 23:18:56,sent,Caleb Turner
SUMM-A005074,SUMM-L01612,Call,2026-09-11 23:31:24,connected,Ben Foster
SUMM-A005075,SUMM-L01605,call,2026-09-11 23:47:28,voicemail,Andre Coleman
SUMM-A005076,SUMM-L01590,email,2026-09-12 03:22:24,sent,Caleb Turner
SUMM-A005077,SUMM-L01530,call,2026-09-12 03:59:34,voicemail,Summit Dispatch Queue
SUMM-A005078,SUMM-L01529,CALL,2026-09-12 04:35:28,no_answer,Maya Ortiz
SUMM-A005079,SUMM-L01562,call,2026-09-12 04:37:19,no_answer,Ben Foster
SUMM-A005080,SUMM-L01563,email,2026-09-12 05:03:47,replied,Caleb Turner
SUMM-A005081,SUMM-L01457,call,2026-09-12 05:15:02,no_answer,Caleb Turner
SUMM-A005082,SUMM-L01526,EMAIL,2026-09-12 05:24:34,sent,Caleb Turner
SUMM-A005083,SUMM-L01609,call,2026-09-12 06:25:33,connected,Ben Foster
SUMM-A005084,SUMM-L01611,email,2026-09-12 07:40:29,sent,Caleb Turner
SUMM-A005085,SUMM-L01614,email,2026-09-12 13:24:36,sent,Andre Coleman
SUMM-A005086,SUMM-L01616,email,2026-09-12 14:18:27,sent,Ben Foster
SUMM-A005087,SUMM-L01542,email,2026-09-12 15:07:39,bounced,Caleb Turner
SUMM-A005088,SUMM-L01521,email,2026-09-12 18:51:59,replied,Caleb Turner
SUMM-A005089,SUMM-L01583,email,2026-09-12 19:43:09,sent,Caleb Turner
SUMM-A005090,SUMM-L01560,call,2026-09-12 20:08:07,voicemail,Andre Coleman
SUMM-A005091,SUMM-L01599,call,2026-09-12 21:45:23,voicemail,Andre Coleman
SUMM-A005092,SUMM-L01517,email,2026-09-12 22:11:08,sent,Ben Foster
SUMM-A005093,SUMM-L01608,call,2026-09-12 22:38:58,connected,Maya Ortiz
SUMM-A005094,SUMM-L01617,email,2026-09-12 22:44:01,bounced,Caleb Turner
SUMM-A005095,SUMM-L01579,meeting,2026-09-13 00:27:13,held,Caleb Turner
SUMM-A005096,SUMM-L01485,call,2026-09-13 00:52:54,no_answer,Lucia Romero
SUMM-A005097,SUMM-L01476,email,2026-09-13 02:47:27,replied,Caleb Turner
SUMM-A005098,SUMM-L01583,email,2026-09-13 06:02:10,sent,Caleb Turner
SUMM-A005099,SUMM-L01488,Call,2026-09-13 07:01:06,no_answer,Summit Dispatch Queue
SUMM-A005100,SUMM-L01454,email,2026-09-13 08:12:02,sent,Andre Coleman
SUMM-A005101,SUMM-L01546,email,2026-09-13 09:05:51,sent,Maya Ortiz
SUMM-A005102,SUMM-L01621,email,2026-09-13 09:43:29,sent,Ben Foster
SUMM-A005103,SUMM-L01514,call,2026-09-13 12:29:36,no_answer,Maya Ortiz
SUMM-A005104,SUMM-L01607,email,2026-09-13 12:45:13,replied,Ben Foster
SUMM-A005105,SUMM-L01622,CALL,2026-09-13 12:53:34,voicemail,Ben Foster
SUMM-A005106,SUMM-L01619,email,2026-09-13 14:05:09,sent,Maya Ortiz
SUMM-A005107,SUMM-L01562,email,2026-09-13 14:48:12,replied,Ben Foster
SUMM-A005108,SUMM-L01622,email,2026-09-13 14:48:59,sent,Ben Foster
SUMM-A005109,SUMM-L01600,call,2026-09-13 16:11:17,no_answer,Hannah Price
SUMM-A005110,SUMM-L01510,email,2026-09-13 17:09:13,sent,Lucia Romero
SUMM-A005111,SUMM-L01625,call,2026-09-13 17:50:01,connected,Hannah Price
SUMM-A005112,SUMM-L01600,email,2026-09-13 19:13:18,replied,Hannah Price
SUMM-A005113,SUMM-L01626,email,2026-09-13 19:18:14,bounced,Hannah Price
SUMM-A005114,SUMM-L01443,email,2026-09-13 19:44:02,replied,Caleb Turner
SUMM-A005115,SUMM-L01573,call,2026-09-13 19:54:30,connected,Andre Coleman
SUMM-A005116,SUMM-L01599,email,2026-09-13 21:08:00,bounced,Andre Coleman
SUMM-A005117,SUMM-L01618,call,2026-09-13 21:17:21,voicemail,Caleb Turner
SUMM-A005118,SUMM-L01627,call,2026-09-13 22:08:45,connected,Ben Foster
SUMM-A005119,SUMM-L01620,call,2026-09-13 22:38:06,connected,Maya Ortiz
SUMM-A005120,SUMM-L01576,call,2026-09-13 23:55:13,no_answer,Hannah Price
SUMM-A005121,SUMM-L01553,email,2026-09-14 01:44:50,sent,Hannah Price
SUMM-A005122,SUMM-L01629,email,2026-09-14 04:53:45,sent,Caleb Turner
SUMM-A005123,SUMM-L01599,call,2026-09-14 05:27:47,no_answer,Andre Coleman
SUMM-A005124,SUMM-L01630,call,2026-09-14 06:38:42,no_answer,Summit Dispatch Queue
SUMM-A005125,SUMM-L01576,call,2026-09-14 08:07:40,connected,Hannah Price
SUMM-A005126,SUMM-L01628,call,2026-09-14 08:53:32,voicemail,Ben Foster
SUMM-A005127,SUMM-L01572,call,2026-09-14 09:38:49,no_answer,Caleb Turner
SUMM-A005128,SUMM-L01328,meeting,2026-09-14 09:55:59,held,Maya Ortiz
SUMM-A005129,SUMM-L01632,email,2026-09-14 10:54:05,sent,Caleb Turner
SUMM-A005130,SUMM-L01631,call,2026-09-14 11:03:40,voicemail,Andre Coleman
SUMM-A005131,SUMM-L01633,Email,2026-09-14 11:56:59,sent,Hannah Price
SUMM-A005132,SUMM-L01624,CALL,2026-09-14 12:03:38,no_answer,Caleb Turner
SUMM-A005133,SUMM-L01481,email,2026-09-14 13:07:33,sent,Caleb Turner
SUMM-A005134,SUMM-L01561,email,2026-09-14 13:43:06,sent,Caleb Turner
SUMM-A005135,SUMM-L01623,call,2026-09-14 13:47:41,connected,Caleb Turner
SUMM-A005136,SUMM-L01560,email,2026-09-14 14:02:54,replied,Andre Coleman
SUMM-A005137,SUMM-L01633,Email,2026-09-14 14:12:28,sent,Hannah Price
SUMM-A005138,SUMM-L01537,CALL,2026-09-14 14:44:40,no_answer,Andre Coleman
SUMM-A005139,SUMM-L01585,meeting,2026-09-14 15:08:43,no_show,Caleb Turner
SUMM-A005140,SUMM-L01629,call,2026-09-14 15:11:27,voicemail,Caleb Turner
SUMM-A005141,SUMM-L01622,call,2026-09-14 15:23:28,connected,Ben Foster
SUMM-A005142,SUMM-L01632,call,2026-09-14 15:45:00,no_answer,Caleb Turner
SUMM-A005143,SUMM-L01555,call,2026-09-14 16:11:19,no_answer,Hannah Price
SUMM-A005144,SUMM-L01561,call,2026-09-14 16:43:10,connected,Caleb Turner
SUMM-A005145,SUMM-L01622,call,2026-09-14 18:18:09,connected,Ben Foster
SUMM-A005146,SUMM-L01615,email,2026-09-14 20:39:36,sent,Caleb Turner
SUMM-A005147,SUMM-L01529,email,2026-09-14 20:41:09,replied,Maya Ortiz
SUMM-A005148,SUMM-L01561,call,2026-09-14 21:30:17,connected,Caleb Turner
SUMM-A005149,SUMM-L01629,email,2026-09-14 22:25:23,sent,Caleb Turner
SUMM-A005150,SUMM-L01457,email,2026-09-15 00:04:08,sent,Caleb Turner
SUMM-A005151,SUMM-L01577,EMAIL,2026-09-15 01:30:06,sent,Lucia Romero
SUMM-A005152,SUMM-L01635,call,2026-09-15 02:03:20,voicemail,Andre Coleman
SUMM-A005153,SUMM-L01615,call,2026-09-15 02:06:33,connected,Caleb Turner
SUMM-A005154,SUMM-L01635,email,2026-09-15 02:19:06,replied,Andre Coleman
SUMM-A005155,SUMM-L01638,CALL,2026-09-15 02:42:06,no_answer,Andre Coleman
SUMM-A005156,SUMM-L01634,call,2026-09-15 02:47:47,voicemail,Caleb Turner
SUMM-A005157,SUMM-L01639,Email,2026-09-15 03:14:29,sent,Lucia Romero
SUMM-A005158,SUMM-L01636,call,2026-09-15 03:30:11,voicemail,Hannah Price
SUMM-A005159,SUMM-L01497,email,2026-09-15 04:11:48,sent,Lucia Romero
SUMM-A005160,SUMM-L01635,call,2026-09-15 04:19:08,connected,Andre Coleman
SUMM-A005161,SUMM-L01597,call,2026-09-15 04:20:04,voicemail,Andre Coleman
SUMM-A005162,SUMM-L01630,meeting,2026-09-15 05:33:04,held,Summit Dispatch Queue
SUMM-A005163,SUMM-L01551,CALL,2026-09-15 06:47:14,voicemail,Ben Foster
SUMM-A005164,SUMM-L01628,call,2026-09-15 08:12:18,no_answer,Ben Foster
SUMM-A005165,SUMM-L01640,email,2026-09-15 08:16:58,replied,Maya Ortiz
SUMM-A005166,SUMM-L01629,Meeting,2026-09-15 09:24:16,held,Caleb Turner
SUMM-A005167,SUMM-L01629,call,2026-09-15 09:59:02,voicemail,Caleb Turner
SUMM-A005168,SUMM-L01629,call,2026-09-15 11:14:56,no_answer,Caleb Turner
SUMM-A005169,SUMM-L01585,call,2026-09-15 11:52:11,no_answer,Caleb Turner
SUMM-A005170,SUMM-L01615,email,2026-09-15 13:04:29,sent,Caleb Turner
SUMM-A005171,SUMM-L01643,call,2026-09-15 14:17:07,voicemail,Summit Dispatch Queue
SUMM-A005172,SUMM-L01582,call,2026-09-15 14:20:28,voicemail,Ben Foster
SUMM-A005173,SUMM-L01644,call,2026-09-15 15:50:39,no_answer,Ben Foster
SUMM-A005174,SUMM-L01622,Call,2026-09-15 15:59:03,connected,Ben Foster
SUMM-A005175,SUMM-L01645,Call,2026-09-15 16:52:25,voicemail,Hannah Price
SUMM-A005176,SUMM-L01641,email,2026-09-15 17:03:23,sent,Caleb Turner
SUMM-A005177,SUMM-L01644,email,2026-09-15 17:24:39,sent,Ben Foster
SUMM-A005178,SUMM-L01633,email,2026-09-15 19:02:00,sent,Hannah Price
SUMM-A005179,SUMM-L01641,meeting,2026-09-15 19:14:31,held,Caleb Turner
SUMM-A005180,SUMM-L01615,email,2026-09-15 19:34:41,sent,Caleb Turner
SUMM-A005181,SUMM-L01641,email,2026-09-15 20:09:47,sent,Caleb Turner
SUMM-A005182,SUMM-L01646,EMAIL,2026-09-15 21:27:22,sent,Hannah Price
SUMM-A005183,SUMM-L01647,email,2026-09-15 22:17:44,sent,Andre Coleman
SUMM-A005184,SUMM-L01637,email,2026-09-15 23:08:53,replied,Ben Foster
SUMM-A005185,SUMM-L01543,email,2026-09-16 01:19:16,sent,Hannah Price
SUMM-A005186,SUMM-L01642,email,2026-09-16 01:36:07,replied,Caleb Turner
SUMM-A005187,SUMM-L01619,EMAIL,2026-09-16 02:39:16,sent,Maya Ortiz
SUMM-A005188,SUMM-L01599,email,2026-09-16 03:39:28,sent,Andre Coleman
SUMM-A005189,SUMM-L01628,email,2026-09-16 04:26:54,replied,Ben Foster
SUMM-A005190,SUMM-L01592,call,2026-09-16 05:07:46,no_answer,Lucia Romero
SUMM-A005191,SUMM-L01577,email,2026-09-16 05:28:02,sent,Lucia Romero
SUMM-A005192,SUMM-L01598,call,2026-09-16 06:53:10,no_answer,Andre Coleman
SUMM-A005193,SUMM-L01650,email,2026-09-16 06:57:53,sent,Maya Ortiz
SUMM-A005194,SUMM-L01634,call,2026-09-16 07:24:36,no_answer,Caleb Turner
SUMM-A005195,SUMM-L01584,call,2026-09-16 07:34:37,no_answer,Caleb Turner
SUMM-A005196,SUMM-L01645,call,2026-09-16 08:11:53,connected,Hannah Price
SUMM-A005197,SUMM-L01635,call,2026-09-16 08:28:00,connected,Andre Coleman
SUMM-A005198,SUMM-L01649,call,2026-09-16 08:42:34,no_answer,Caleb Turner
SUMM-A005199,SUMM-L01626,call,2026-09-16 08:52:42,no_answer,Hannah Price
SUMM-A005200,SUMM-L01563,email,2026-09-16 09:14:46,sent,Caleb Turner
SUMM-A005201,SUMM-L01497,CALL,2026-09-16 10:01:35,connected,Lucia Romero
SUMM-A005202,SUMM-L01626,email,2026-09-16 10:35:28,sent,Hannah Price
SUMM-A005203,SUMM-L01648,call,2026-09-16 13:33:46,no_answer,Andre Coleman
SUMM-A005204,SUMM-L01653,CALL,2026-09-16 14:06:48,no_answer,Hannah Price
SUMM-A005205,SUMM-L01651,email,2026-09-16 14:42:31,sent,Hannah Price
SUMM-A005206,SUMM-L01634,call,2026-09-16 15:23:02,voicemail,Caleb Turner
SUMM-A005207,SUMM-L01659,call,2026-09-16 16:35:45,voicemail,Caleb Turner
SUMM-A005208,SUMM-L01655,call,2026-09-16 17:38:30,connected,Ben Foster
SUMM-A005209,SUMM-L01654,call,2026-09-16 18:18:44,connected,Caleb Turner
SUMM-A005210,SUMM-L01641,call,2026-09-16 18:26:09,no_answer,Caleb Turner
SUMM-A005211,SUMM-L01486,call,2026-09-16 18:41:38,no_answer,Lucia Romero
SUMM-A005212,SUMM-L01636,meeting,2026-09-16 20:23:22,no_show,Hannah Price
SUMM-A005213,SUMM-L01660,call,2026-09-16 20:27:35,no_answer,Andre Coleman
SUMM-A005214,SUMM-L01652,email,2026-09-16 21:18:04,sent,Caleb Turner
SUMM-A005215,SUMM-L01657,Call,2026-09-16 21:25:58,connected,Caleb Turner
SUMM-A005216,SUMM-L01653,call,2026-09-16 22:41:34,no_answer,Hannah Price
SUMM-A005217,SUMM-L01653,email,2026-09-17 00:28:22,sent,Hannah Price
SUMM-A005218,SUMM-L01636,call,2026-09-17 02:39:04,no_answer,Hannah Price
SUMM-A005219,SUMM-L01420,call,2026-09-17 02:43:51,voicemail,Caleb Turner
SUMM-A005220,SUMM-L01656,CALL,2026-09-17 02:48:41,no_answer,Caleb Turner
SUMM-A005221,SUMM-L01662,call,2026-09-17 03:59:22,no_answer,Caleb Turner
SUMM-A005222,SUMM-L01539,meeting,2026-09-17 04:09:08,held,Caleb Turner
SUMM-A005223,SUMM-L01597,email,2026-09-17 04:42:20,replied,Andre Coleman
SUMM-A005224,SUMM-L01663,email,2026-09-17 04:43:52,sent,Caleb Turner
SUMM-A005225,SUMM-L01464,email,2026-09-17 04:58:32,replied,Caleb Turner
SUMM-A005226,SUMM-L01664,call,2026-09-17 05:23:55,connected,Lucia Romero
SUMM-A005227,SUMM-L01620,Call,2026-09-17 06:22:45,voicemail,Maya Ortiz
SUMM-A005228,SUMM-L01661,call,2026-09-17 06:34:23,voicemail,Caleb Turner
SUMM-A005229,SUMM-L01544,call,2026-09-17 06:55:20,no_answer,Andre Coleman
SUMM-A005230,SUMM-L01636,call,2026-09-17 07:18:20,voicemail,Hannah Price
SUMM-A005231,SUMM-L01659,email,2026-09-17 07:26:55,sent,Caleb Turner
SUMM-A005232,SUMM-L01658,CALL,2026-09-17 08:42:22,voicemail,Maya Ortiz
SUMM-A005233,SUMM-L01659,call,2026-09-17 09:05:43,no_answer,Caleb Turner
SUMM-A005234,SUMM-L01634,email,2026-09-17 10:08:34,sent,Caleb Turner
SUMM-A005235,SUMM-L01645,email,2026-09-17 11:06:46,replied,Hannah Price
SUMM-A005236,SUMM-L01665,call,2026-09-17 11:31:44,connected,Andre Coleman
SUMM-A005237,SUMM-L01653,Call,2026-09-17 13:51:58,no_answer,Hannah Price
SUMM-A005238,SUMM-L01651,email,2026-09-17 14:03:13,sent,Hannah Price
SUMM-A005239,SUMM-L01637,call,2026-09-17 14:36:47,connected,Ben Foster
SUMM-A005240,SUMM-L01663,call,2026-09-17 16:21:20,connected,Caleb Turner
SUMM-A005241,SUMM-L01520,call,2026-09-17 16:41:50,no_answer,Caleb Turner
SUMM-A005242,SUMM-L01661,CALL,2026-09-17 17:04:03,no_answer,Caleb Turner
SUMM-A005243,SUMM-L01645,call,2026-09-17 18:00:39,connected,Hannah Price
SUMM-A005244,SUMM-L01640,call,2026-09-17 18:12:49,connected,Maya Ortiz
SUMM-A005245,SUMM-L01664,MEETING,2026-09-17 18:14:28,held,Lucia Romero
SUMM-A005246,SUMM-L01660,MEETING,2026-09-17 18:44:19,no_show,Andre Coleman
SUMM-A005247,SUMM-L01651,email,2026-09-17 18:51:27,sent,Hannah Price
SUMM-A005248,SUMM-L01464,call,2026-09-17 19:14:55,connected,Caleb Turner
SUMM-A005249,SUMM-L01568,call,2026-09-17 19:49:24,connected,Hannah Price
SUMM-A005250,SUMM-L01584,email,2026-09-17 21:08:57,sent,Caleb Turner
SUMM-A005251,SUMM-L01655,meeting,2026-09-17 21:50:55,held,Ben Foster
SUMM-A005252,SUMM-L01619,call,2026-09-17 22:06:54,voicemail,Maya Ortiz
SUMM-A005253,SUMM-L01497,call,2026-09-17 22:10:06,no_answer,Lucia Romero
SUMM-A005254,SUMM-L01459,email,2026-09-17 23:08:50,sent,Caleb Turner
SUMM-A005255,SUMM-L01653,call,2026-09-17 23:49:03,no_answer,Hannah Price
SUMM-A005256,SUMM-L01587,call,2026-09-18 03:11:23,connected,Lucia Romero
SUMM-A005257,SUMM-L01585,email,2026-09-18 04:03:19,sent,Caleb Turner
SUMM-A005258,SUMM-L01592,call,2026-09-18 04:24:22,no_answer,Lucia Romero
SUMM-A005259,SUMM-L01598,call,2026-09-18 05:09:22,connected,Andre Coleman
SUMM-A005260,SUMM-L01664,Call,2026-09-18 06:24:48,connected,Lucia Romero
SUMM-A005261,SUMM-L01664,Email,2026-09-18 06:24:56,sent,Lucia Romero
SUMM-A005262,SUMM-L01637,email,2026-09-18 07:25:38,sent,Ben Foster
SUMM-A005263,SUMM-L01666,Call,2026-09-18 07:37:54,voicemail,Hannah Price
SUMM-A005264,SUMM-L01667,call,2026-09-18 08:51:02,no_answer,Hannah Price
SUMM-A005265,SUMM-L01661,call,2026-09-18 09:44:45,voicemail,Caleb Turner
SUMM-A005266,SUMM-L01620,CALL,2026-09-18 10:43:55,connected,Maya Ortiz
SUMM-A005267,SUMM-L01577,call,2026-09-18 10:55:54,connected,Lucia Romero
SUMM-A005268,SUMM-L01661,call,2026-09-18 11:51:23,no_answer,Caleb Turner
SUMM-A005269,SUMM-L01584,call,2026-09-18 11:58:53,no_answer,Caleb Turner
SUMM-A005270,SUMM-L01670,call,2026-09-18 13:40:37,no_answer,Andre Coleman
SUMM-A005271,SUMM-L01562,email,2026-09-18 13:55:16,sent,Ben Foster
SUMM-A005272,SUMM-L01617,CALL,2026-09-18 14:58:12,no_answer,Caleb Turner
SUMM-A005273,SUMM-L01668,call,2026-09-18 15:04:05,voicemail,Caleb Turner
SUMM-A005274,SUMM-L01669,call,2026-09-18 15:48:32,no_answer,Ben Foster
SUMM-A005275,SUMM-L01544,email,2026-09-18 15:54:45,sent,Andre Coleman
SUMM-A005276,SUMM-L01592,call,2026-09-18 16:21:11,connected,Lucia Romero
SUMM-A005277,SUMM-L01664,call,2026-09-18 16:36:28,connected,Lucia Romero
SUMM-A005278,SUMM-L01586,call,2026-09-18 16:54:02,no_answer,Ben Foster
SUMM-A005279,SUMM-L01500,call,2026-09-18 16:55:25,connected,Caleb Turner
SUMM-A005280,SUMM-L01536,email,2026-09-18 16:59:09,replied,Hannah Price
SUMM-A005281,SUMM-L01645,Call,2026-09-18 18:05:33,no_answer,Hannah Price
SUMM-A005282,SUMM-L01167,Email,2026-09-18 19:04:10,sent,Maya Ortiz
SUMM-A005283,SUMM-L01638,call,2026-09-18 19:06:07,connected,Andre Coleman
SUMM-A005284,SUMM-L01670,meeting,2026-09-18 19:34:32,held,Andre Coleman
SUMM-A005285,SUMM-L01664,Meeting,2026-09-18 19:37:42,held,Lucia Romero
SUMM-A005286,SUMM-L01640,CALL,2026-09-18 23:10:32,no_answer,Maya Ortiz
SUMM-A005287,SUMM-L01242,email,2026-09-18 23:12:52,sent,Andre Coleman
SUMM-A005288,SUMM-L01542,call,2026-09-19 02:34:32,voicemail,Caleb Turner
SUMM-A005289,SUMM-L01672,email,2026-09-19 03:06:18,bounced,Caleb Turner
SUMM-A005290,SUMM-L01670,call,2026-09-19 03:10:45,no_answer,Andre Coleman
SUMM-A005291,SUMM-L01614,call,2026-09-19 03:20:14,connected,Andre Coleman
SUMM-A005292,SUMM-L01636,Email,2026-09-19 03:36:07,sent,Hannah Price
SUMM-A005293,SUMM-L01338,call,2026-09-19 04:20:25,connected,Caleb Turner
SUMM-A005294,SUMM-L01674,Call,2026-09-19 04:56:16,voicemail,Caleb Turner
SUMM-A005295,SUMM-L01666,call,2026-09-19 05:08:26,voicemail,Hannah Price
SUMM-A005296,SUMM-L01673,Call,2026-09-19 05:11:37,no_answer,Caleb Turner
SUMM-A005297,SUMM-L01676,email,2026-09-19 06:07:18,sent,Ben Foster
SUMM-A005298,SUMM-L01673,call,2026-09-19 06:24:55,connected,Caleb Turner
SUMM-A005299,SUMM-L01668,email,2026-09-19 06:36:58,sent,Caleb Turner
SUMM-A005300,SUMM-L01670,call,2026-09-19 06:39:52,connected,Andre Coleman
SUMM-A005301,SUMM-L01661,Email,2026-09-19 07:03:19,sent,Caleb Turner
SUMM-A005302,SUMM-L01670,Call,2026-09-19 07:54:08,no_answer,Andre Coleman
SUMM-A005303,SUMM-L01677,call,2026-09-19 08:26:55,voicemail,Andre Coleman
SUMM-A005304,SUMM-L01678,email,2026-09-19 08:51:40,sent,Ben Foster
SUMM-A005305,SUMM-L01603,call,2026-09-19 09:41:21,connected,Lucia Romero
SUMM-A005306,SUMM-L01674,meeting,2026-09-19 11:37:18,held,Caleb Turner
SUMM-A005307,SUMM-L01443,call,2026-09-19 12:05:25,no_answer,Caleb Turner
SUMM-A005308,SUMM-L01636,EMAIL,2026-09-19 13:00:12,sent,Hannah Price
SUMM-A005309,SUMM-L01656,EMAIL,2026-09-19 13:21:56,sent,Caleb Turner
SUMM-A005310,SUMM-L01524,email,2026-09-19 15:48:57,sent,Caleb Turner
SUMM-A005311,SUMM-L01677,email,2026-09-19 16:22:00,sent,Andre Coleman
SUMM-A005312,SUMM-L01572,CALL,2026-09-19 16:36:22,connected,Caleb Turner
SUMM-A005313,SUMM-L01674,Call,2026-09-19 17:03:34,no_answer,Caleb Turner
SUMM-A005314,SUMM-L01574,Email,2026-09-19 17:51:23,replied,Caleb Turner
SUMM-A005315,SUMM-L01577,email,2026-09-19 17:55:58,bounced,Lucia Romero
SUMM-A005316,SUMM-L01527,call,2026-09-19 18:09:29,no_answer,Maya Ortiz
SUMM-A005317,SUMM-L01665,email,2026-09-19 19:01:06,sent,Andre Coleman
SUMM-A005318,SUMM-L01675,call,2026-09-19 19:33:05,no_answer,Maya Ortiz
SUMM-A005319,SUMM-L01670,call,2026-09-19 19:49:59,no_answer,Andre Coleman
SUMM-A005320,SUMM-L01497,email,2026-09-19 20:02:10,sent,Lucia Romero
SUMM-A005321,SUMM-L01637,Call,2026-09-19 20:33:03,connected,Ben Foster
SUMM-A005322,SUMM-L01674,email,2026-09-19 20:54:54,replied,Caleb Turner
SUMM-A005323,SUMM-L01681,email,2026-09-19 21:21:32,bounced,Hannah Price
SUMM-A005324,SUMM-L01671,email,2026-09-19 21:22:36,replied,Maya Ortiz
SUMM-A005325,SUMM-L01664,meeting,2026-09-19 22:13:04,rescheduled,Lucia Romero
SUMM-A005326,SUMM-L01680,email,2026-09-19 22:16:17,sent,Caleb Turner
SUMM-A005327,SUMM-L01666,call,2026-09-19 22:21:12,no_answer,Hannah Price
SUMM-A005328,SUMM-L01682,email,2026-09-20 00:57:45,sent,Caleb Turner
SUMM-A005329,SUMM-L01633,call,2026-09-20 01:31:29,connected,Hannah Price
SUMM-A005330,SUMM-L01543,email,2026-09-20 02:10:54,sent,Hannah Price
SUMM-A005331,SUMM-L01678,Call,2026-09-20 02:16:19,no_answer,Ben Foster
SUMM-A005332,SUMM-L01668,call,2026-09-20 02:30:11,connected,Caleb Turner
SUMM-A005333,SUMM-L01619,call,2026-09-20 02:39:05,no_answer,Maya Ortiz
SUMM-A005334,SUMM-L01668,email,2026-09-20 03:40:58,replied,Caleb Turner
SUMM-A005335,SUMM-L01564,call,2026-09-20 03:57:57,no_answer,Maya Ortiz
SUMM-A005336,SUMM-L01679,email,2026-09-20 04:09:53,replied,Ben Foster
SUMM-A005337,SUMM-L01566,email,2026-09-20 04:50:41,sent,Summit Dispatch Queue
SUMM-A005338,SUMM-L01358,email,2026-09-20 05:17:16,sent,Caleb Turner
SUMM-A005339,SUMM-L01680,email,2026-09-20 06:18:48,sent,Caleb Turner
SUMM-A005340,SUMM-L01656,email,2026-09-20 06:32:36,replied,Caleb Turner
SUMM-A005341,SUMM-L01577,email,2026-09-20 07:03:00,sent,Lucia Romero
SUMM-A005342,SUMM-L01630,call,2026-09-20 07:39:17,voicemail,Summit Dispatch Queue
SUMM-A005343,SUMM-L01683,call,2026-09-20 07:46:50,voicemail,Hannah Price
SUMM-A005344,SUMM-L01663,call,2026-09-20 08:30:33,voicemail,Caleb Turner
SUMM-A005345,SUMM-L01670,email,2026-09-20 09:23:42,sent,Andre Coleman
SUMM-A005346,SUMM-L01661,email,2026-09-20 09:59:16,sent,Caleb Turner
SUMM-A005347,SUMM-L01651,meeting,2026-09-20 11:30:54,held,Hannah Price
SUMM-A005348,SUMM-L01668,email,2026-09-20 11:57:07,sent,Caleb Turner
SUMM-A005349,SUMM-L01605,EMAIL,2026-09-20 12:06:33,sent,Andre Coleman
SUMM-A005350,SUMM-L01681,email,2026-09-20 12:06:33,sent,Hannah Price
SUMM-A005351,SUMM-L01589,email,2026-09-20 12:40:26,sent,Andre Coleman
SUMM-A005352,SUMM-L01586,CALL,2026-09-20 13:07:13,no_answer,Ben Foster
SUMM-A005353,SUMM-L01643,email,2026-09-20 14:15:38,sent,Summit Dispatch Queue
SUMM-A005354,SUMM-L01668,meeting,2026-09-20 14:43:05,held,Caleb Turner
SUMM-A005355,SUMM-L01684,call,2026-09-20 17:50:41,no_answer,Ben Foster
SUMM-A005356,SUMM-L01628,call,2026-09-20 19:14:32,voicemail,Ben Foster
SUMM-A005357,SUMM-L01656,email,2026-09-20 19:43:50,sent,Caleb Turner
SUMM-A005358,SUMM-L01683,email,2026-09-20 20:49:57,replied,Hannah Price
SUMM-A005359,SUMM-L01570,call,2026-09-20 21:35:49,voicemail,Caleb Turner
SUMM-A005360,SUMM-L01685,call,2026-09-20 22:39:07,connected,Hannah Price
SUMM-A005361,SUMM-L01459,call,2026-09-20 23:04:35,no_answer,Caleb Turner
SUMM-A005362,SUMM-L01636,call,2026-09-21 00:57:44,no_answer,Hannah Price
SUMM-A005363,SUMM-L01443,call,2026-09-21 01:14:19,no_answer,Caleb Turner
SUMM-A005364,SUMM-L01635,email,2026-09-21 03:41:04,sent,Andre Coleman
SUMM-A005365,SUMM-L01635,email,2026-09-21 08:02:17,sent,Andre Coleman
SUMM-A005366,SUMM-L01656,email,2026-09-21 09:16:38,sent,Caleb Turner
SUMM-A005367,SUMM-L01651,EMAIL,2026-09-21 09:27:11,sent,Hannah Price
SUMM-A005368,SUMM-L01670,Email,2026-09-21 09:31:01,sent,Andre Coleman
SUMM-A005369,SUMM-L01680,email,2026-09-21 10:11:26,sent,Caleb Turner
SUMM-A005370,SUMM-L01681,meeting,2026-09-21 10:14:17,held,Hannah Price
SUMM-A005371,SUMM-L01661,email,2026-09-21 11:37:55,replied,Caleb Turner
SUMM-A005372,SUMM-L01688,call,2026-09-21 12:36:58,voicemail,Hannah Price
SUMM-A005373,SUMM-L01686,email,2026-09-21 14:08:14,sent,Ben Foster
SUMM-A005374,SUMM-L01338,CALL,2026-09-21 14:42:06,voicemail,Caleb Turner
SUMM-A005375,SUMM-L01443,email,2026-09-21 15:49:29,sent,Caleb Turner
SUMM-A005376,SUMM-L01627,call,2026-09-21 16:19:05,voicemail,Ben Foster
SUMM-A005377,SUMM-L01651,email,2026-09-21 16:28:25,sent,Hannah Price
SUMM-A005378,SUMM-L01685,call,2026-09-21 17:00:15,no_answer,Hannah Price
SUMM-A005379,SUMM-L01691,email,2026-09-21 17:09:35,sent,Caleb Turner
SUMM-A005380,SUMM-L01690,call,2026-09-21 17:19:58,voicemail,Caleb Turner
SUMM-A005381,SUMM-L01651,call,2026-09-21 17:56:45,voicemail,Hannah Price
SUMM-A005382,SUMM-L01665,email,2026-09-21 18:43:12,sent,Andre Coleman
SUMM-A005383,SUMM-L01654,Email,2026-09-21 19:32:19,replied,Caleb Turner
SUMM-A005384,SUMM-L01551,call,2026-09-21 20:06:24,connected,Ben Foster
SUMM-A005385,SUMM-L01672,call,2026-09-21 20:43:06,voicemail,Caleb Turner
SUMM-A005386,SUMM-L01689,Call,2026-09-21 20:46:09,no_answer,Caleb Turner
SUMM-A005387,SUMM-L01630,email,2026-09-21 21:28:05,replied,Summit Dispatch Queue
SUMM-A005388,SUMM-L01670,call,2026-09-21 22:02:35,no_answer,Andre Coleman
SUMM-A005389,SUMM-L01358,call,2026-09-21 23:50:58,no_answer,Caleb Turner
SUMM-A005390,SUMM-L01576,call,2026-09-22 00:36:32,voicemail,Hannah Price
SUMM-A005391,SUMM-L01627,call,2026-09-22 01:03:07,voicemail,Ben Foster
SUMM-A005392,SUMM-L01692,call,2026-09-22 01:04:49,connected,Andre Coleman
SUMM-A005393,SUMM-L01693,email,2026-09-22 01:57:48,sent,Caleb Turner
SUMM-A005394,SUMM-L01672,EMAIL,2026-09-22 02:17:36,replied,Caleb Turner
SUMM-A005395,SUMM-L01590,EMAIL,2026-09-22 02:26:05,sent,Caleb Turner
SUMM-A005396,SUMM-L01680,call,2026-09-22 02:28:04,voicemail,Caleb Turner
SUMM-A005397,SUMM-L01694,call,2026-09-22 05:01:22,no_answer,Hannah Price
SUMM-A005398,SUMM-L01687,call,2026-09-22 06:21:31,connected,Caleb Turner
SUMM-A005399,SUMM-L01680,call,2026-09-22 06:38:47,connected,Caleb Turner
SUMM-A005400,SUMM-L01623,call,2026-09-22 06:38:50,voicemail,Caleb Turner
SUMM-A005401,SUMM-L01564,call,2026-09-22 09:14:00,connected,Maya Ortiz
SUMM-A005402,SUMM-L01698,email,2026-09-22 09:23:40,sent,Andre Coleman
SUMM-A005403,SUMM-L01696,email,2026-09-22 11:35:07,sent,Ben Foster
SUMM-A005404,SUMM-L01676,email,2026-09-22 12:10:55,sent,Ben Foster
SUMM-A005405,SUMM-L01682,meeting,2026-09-22 12:38:45,held,Caleb Turner
SUMM-A005406,SUMM-L01181,EMAIL,2026-09-22 13:13:25,sent,Hannah Price
SUMM-A005407,SUMM-L01699,call,2026-09-22 15:23:23,connected,Andre Coleman
SUMM-A005408,SUMM-L01579,call,2026-09-22 16:02:01,no_answer,Caleb Turner
SUMM-A005409,SUMM-L01697,call,2026-09-22 16:37:44,no_answer,Maya Ortiz
SUMM-A005410,SUMM-L01623,call,2026-09-22 16:53:29,voicemail,Caleb Turner
SUMM-A005411,SUMM-L01573,email,2026-09-22 17:08:08,sent,Andre Coleman
SUMM-A005412,SUMM-L01539,call,2026-09-22 17:17:24,no_answer,Caleb Turner
SUMM-A005413,SUMM-L01630,email,2026-09-22 17:29:14,sent,Summit Dispatch Queue
SUMM-A005414,SUMM-L01570,email,2026-09-22 17:32:37,sent,Caleb Turner
SUMM-A005415,SUMM-L01691,call,2026-09-22 18:05:36,voicemail,Caleb Turner
SUMM-A005416,SUMM-L01628,email,2026-09-22 18:06:44,bounced,Ben Foster
SUMM-A005417,SUMM-L01529,call,2026-09-22 18:14:51,no_answer,Maya Ortiz
SUMM-A005418,SUMM-L01703,call,2026-09-22 18:53:59,no_answer,Ben Foster
SUMM-A005419,SUMM-L01577,email,2026-09-22 20:24:50,sent,Lucia Romero
SUMM-A005420,SUMM-L01703,meeting,2026-09-22 20:46:37,held,Ben Foster
SUMM-A005421,SUMM-L01542,meeting,2026-09-22 21:03:18,held,Caleb Turner
SUMM-A005422,SUMM-L01530,call,2026-09-22 21:39:49,no_answer,Summit Dispatch Queue
SUMM-A005423,SUMM-L01703,call,2026-09-22 21:42:01,voicemail,Ben Foster
SUMM-A005424,SUMM-L01635,meeting,2026-09-22 21:55:38,held,Andre Coleman
SUMM-A005425,SUMM-L01638,Call,2026-09-22 22:02:08,connected,Andre Coleman
SUMM-A005426,SUMM-L01694,Call,2026-09-22 22:23:12,connected,Hannah Price
SUMM-A005427,SUMM-L01692,email,2026-09-22 22:43:42,replied,Andre Coleman
SUMM-A005428,SUMM-L01700,Email,2026-09-22 22:44:29,sent,Caleb Turner
SUMM-A005429,SUMM-L01701,email,2026-09-22 22:57:38,sent,Ben Foster
SUMM-A005430,SUMM-L01605,call,2026-09-22 23:52:14,connected,Andre Coleman
SUMM-A005431,SUMM-L01695,email,2026-09-23 00:08:06,sent,Hannah Price
SUMM-A005432,SUMM-L01705,email,2026-09-23 02:16:24,sent,Lucia Romero
SUMM-A005433,SUMM-L01680,call,2026-09-23 02:42:50,connected,Caleb Turner
SUMM-A005434,SUMM-L01686,call,2026-09-23 03:01:57,connected,Ben Foster
SUMM-A005435,SUMM-L01709,call,2026-09-23 03:06:28,no_answer,Lucia Romero
SUMM-A005436,SUMM-L01694,EMAIL,2026-09-23 04:14:58,replied,Hannah Price
SUMM-A005437,SUMM-L01572,call,2026-09-23 04:44:02,no_answer,Caleb Turner
SUMM-A005438,SUMM-L01709,email,2026-09-23 05:18:16,sent,Lucia Romero
SUMM-A005439,SUMM-L01623,email,2026-09-23 08:12:14,sent,Caleb Turner
SUMM-A005440,SUMM-L01685,Email,2026-09-23 08:34:33,sent,Hannah Price
SUMM-A005441,SUMM-L01707,call,2026-09-23 08:35:03,connected,Andre Coleman
SUMM-A005442,SUMM-L01706,call,2026-09-23 08:48:44,no_answer,Caleb Turner
SUMM-A005443,SUMM-L01706,call,2026-09-23 08:48:44,no_answer,Caleb Turner
SUMM-A005444,SUMM-L01706,CALL,2026-09-23 08:49:00,no_answer,Caleb Turner
SUMM-A005445,SUMM-L01706,call,2026-09-23 08:49:14,no_answer,Caleb Turner
SUMM-A005446,SUMM-L01706,call,2026-09-23 08:49:31,connected,Caleb Turner
SUMM-A005447,SUMM-L01656,email,2026-09-23 09:32:25,sent,Caleb Turner
SUMM-A005448,SUMM-L01704,email,2026-09-23 10:36:04,sent,Caleb Turner
SUMM-A005449,SUMM-L01703,call,2026-09-23 10:45:04,connected,Ben Foster
SUMM-A005450,SUMM-L01616,Email,2026-09-23 11:26:57,sent,Ben Foster
SUMM-A005451,SUMM-L01675,call,2026-09-23 11:33:33,no_answer,Maya Ortiz
SUMM-A005452,SUMM-L01628,call,2026-09-23 12:11:52,no_answer,Ben Foster
SUMM-A005453,SUMM-L01605,Email,2026-09-23 13:01:48,replied,Andre Coleman
SUMM-A005454,SUMM-L01603,call,2026-09-23 13:06:06,connected,Lucia Romero
SUMM-A005455,SUMM-L01572,email,2026-09-23 13:22:20,replied,Caleb Turner
SUMM-A005456,SUMM-L01710,call,2026-09-23 13:48:32,no_answer,Andre Coleman
SUMM-A005457,SUMM-L01710,email,2026-09-23 13:57:25,sent,Andre Coleman
SUMM-A005458,SUMM-L01703,call,2026-09-23 14:20:41,voicemail,Ben Foster
SUMM-A005459,SUMM-L01669,email,2026-09-23 14:22:16,replied,Ben Foster
SUMM-A005460,SUMM-L01682,email,2026-09-23 14:31:59,replied,Caleb Turner
SUMM-A005461,SUMM-L01711,email,2026-09-23 14:34:33,sent,Ben Foster
SUMM-A005462,SUMM-L01464,Call,2026-09-23 14:39:35,connected,Caleb Turner
SUMM-A005463,SUMM-L01673,email,2026-09-23 14:48:57,sent,Caleb Turner
SUMM-A005464,SUMM-L01713,email,2026-09-23 16:55:56,replied,Caleb Turner
SUMM-A005465,SUMM-L01710,call,2026-09-23 17:02:45,no_answer,Andre Coleman
SUMM-A005466,SUMM-L01710,EMAIL,2026-09-23 17:09:41,replied,Andre Coleman
SUMM-A005467,SUMM-L01595,email,2026-09-23 17:34:37,sent,Hannah Price
SUMM-A005468,SUMM-L01715,call,2026-09-23 18:39:35,no_answer,Andre Coleman
SUMM-A005469,SUMM-L01716,CALL,2026-09-23 19:44:00,connected,Andre Coleman
SUMM-A005470,SUMM-L01708,call,2026-09-23 19:57:02,connected,Andre Coleman
SUMM-A005471,SUMM-L01694,email,2026-09-23 20:06:42,sent,Hannah Price
SUMM-A005472,SUMM-L01687,call,2026-09-23 21:16:14,connected,Caleb Turner
SUMM-A005473,SUMM-L01696,email,2026-09-23 21:31:11,sent,Ben Foster
SUMM-A005474,SUMM-L01586,CALL,2026-09-23 22:01:37,voicemail,Ben Foster
SUMM-A005475,SUMM-L01718,email,2026-09-24 00:35:47,replied,Ben Foster
SUMM-A005476,SUMM-L01714,email,2026-09-24 01:12:28,sent,Andre Coleman
SUMM-A005477,SUMM-L01669,email,2026-09-24 01:46:29,replied,Ben Foster
SUMM-A005478,SUMM-L01716,call,2026-09-24 02:05:29,voicemail,Andre Coleman
SUMM-A005479,SUMM-L01643,email,2026-09-24 03:56:42,replied,Summit Dispatch Queue
SUMM-A005480,SUMM-L01714,call,2026-09-24 05:28:31,voicemail,Andre Coleman
SUMM-A005481,SUMM-L01716,email,2026-09-24 05:52:02,sent,Andre Coleman
SUMM-A005482,SUMM-L01686,call,2026-09-24 05:58:15,voicemail,Ben Foster
SUMM-A005483,SUMM-L01686,call,2026-09-24 05:58:39,no_answer,Ben Foster
SUMM-A005484,SUMM-L01697,email,2026-09-24 06:41:23,sent,Maya Ortiz
SUMM-A005485,SUMM-L01697,call,2026-09-24 08:19:50,voicemail,Maya Ortiz
SUMM-A005486,SUMM-L01697,call,2026-09-24 08:25:13,no_answer,Maya Ortiz
SUMM-A005487,SUMM-L01717,call,2026-09-24 09:23:18,voicemail,Lucia Romero
SUMM-A005488,SUMM-L01721,call,2026-09-24 09:26:10,no_answer,Caleb Turner
SUMM-A005489,SUMM-L01676,email,2026-09-24 10:10:46,sent,Ben Foster
SUMM-A005490,SUMM-L01690,meeting,2026-09-24 10:33:37,no_show,Caleb Turner
SUMM-A005491,SUMM-L01722,email,2026-09-24 11:15:51,sent,Hannah Price
SUMM-A005492,SUMM-L01697,email,2026-09-24 11:57:39,sent,Maya Ortiz
SUMM-A005493,SUMM-L01702,call,2026-09-24 12:10:23,no_answer,Caleb Turner
SUMM-A005494,SUMM-L01717,email,2026-09-24 13:23:53,replied,Lucia Romero
SUMM-A005495,SUMM-L01714,email,2026-09-24 13:25:20,sent,Andre Coleman
SUMM-A005496,SUMM-L01686,call,2026-09-24 13:29:15,voicemail,Ben Foster
SUMM-A005497,SUMM-L01720,email,2026-09-24 13:56:28,sent,Andre Coleman
SUMM-A005498,SUMM-L01725,call,2026-09-24 14:44:34,voicemail,Andre Coleman
SUMM-A005499,SUMM-L01724,email,2026-09-24 14:48:38,sent,Caleb Turner
SUMM-A005500,SUMM-L01633,email,2026-09-24 15:24:41,replied,Hannah Price
SUMM-A005501,SUMM-L01672,email,2026-09-24 16:14:16,sent,Caleb Turner
SUMM-A005502,SUMM-L01723,call,2026-09-24 17:10:01,no_answer,Andre Coleman
SUMM-A005503,SUMM-L01690,call,2026-09-24 18:21:34,no_answer,Caleb Turner
SUMM-A005504,SUMM-L01712,call,2026-09-24 18:40:02,voicemail,Ben Foster
SUMM-A005505,SUMM-L01729,call,2026-09-24 20:37:26,connected,Caleb Turner
SUMM-A005506,SUMM-L01724,call,2026-09-24 20:40:53,connected,Caleb Turner
SUMM-A005507,SUMM-L01645,email,2026-09-24 20:43:52,replied,Hannah Price
SUMM-A005508,SUMM-L01683,call,2026-09-24 20:54:44,connected,Hannah Price
SUMM-A005509,SUMM-L01718,email,2026-09-24 21:19:38,replied,Ben Foster
SUMM-A005510,SUMM-L01658,call,2026-09-24 21:20:59,no_answer,Maya Ortiz
SUMM-A005511,SUMM-L01644,call,2026-09-24 21:23:57,voicemail,Ben Foster
SUMM-A005512,SUMM-L01727,email,2026-09-24 22:01:08,sent,Caleb Turner
SUMM-A005513,SUMM-L01685,CALL,2026-09-24 22:53:54,no_answer,Hannah Price
SUMM-A005514,SUMM-L01730,email,2026-09-25 00:12:46,sent,Caleb Turner
SUMM-A005515,SUMM-L01596,email,2026-09-25 01:49:36,sent,Andre Coleman
SUMM-A005516,SUMM-L01551,call,2026-09-25 02:11:09,connected,Ben Foster
SUMM-A005517,SUMM-L01481,call,2026-09-25 02:28:13,voicemail,Caleb Turner
SUMM-A005518,SUMM-L01695,email,2026-09-25 02:30:52,sent,Hannah Price
SUMM-A005519,SUMM-L01570,email,2026-09-25 02:31:07,sent,Caleb Turner
SUMM-A005520,SUMM-L01726,call,2026-09-25 02:42:51,no_answer,Ben Foster
SUMM-A005521,SUMM-L01720,email,2026-09-25 03:56:40,sent,Andre Coleman
SUMM-A005522,SUMM-L01723,call,2026-09-25 04:38:33,no_answer,Andre Coleman
SUMM-A005523,SUMM-L01658,email,2026-09-25 05:47:52,sent,Maya Ortiz
SUMM-A005524,SUMM-L01542,call,2026-09-25 06:42:16,voicemail,Caleb Turner
SUMM-A005525,SUMM-L01707,email,2026-09-25 07:59:45,sent,Andre Coleman
SUMM-A005526,SUMM-L01704,email,2026-09-25 09:20:55,sent,Caleb Turner
SUMM-A005527,SUMM-L01665,call,2026-09-25 09:35:38,connected,Andre Coleman
SUMM-A005528,SUMM-L01731,call,2026-09-25 09:56:12,voicemail,Hannah Price
SUMM-A005529,SUMM-L01690,CALL,2026-09-25 10:45:41,no_answer,Caleb Turner
SUMM-A005530,SUMM-L01542,email,2026-09-25 12:08:14,sent,Caleb Turner
SUMM-A005531,SUMM-L01732,call,2026-09-25 13:33:23,no_answer,Andre Coleman
SUMM-A005532,SUMM-L01552,Call,2026-09-25 13:44:24,no_answer,Caleb Turner
SUMM-A005533,SUMM-L01728,email,2026-09-25 15:56:09,sent,Maya Ortiz
SUMM-A005534,SUMM-L01688,Email,2026-09-25 15:59:14,sent,Hannah Price
SUMM-A005535,SUMM-L01723,call,2026-09-25 16:07:34,connected,Andre Coleman
SUMM-A005536,SUMM-L01722,Call,2026-09-25 16:49:02,connected,Hannah Price
SUMM-A005537,SUMM-L01682,email,2026-09-25 16:49:40,sent,Caleb Turner
SUMM-A005538,SUMM-L01736,call,2026-09-25 17:05:49,no_answer,Caleb Turner
SUMM-A005539,SUMM-L01725,meeting,2026-09-25 17:49:32,rescheduled,Andre Coleman
SUMM-A005540,SUMM-L01669,meeting,2026-09-25 18:10:07,held,Ben Foster
SUMM-A005541,SUMM-L01735,call,2026-09-25 18:50:13,connected,Andre Coleman
SUMM-A005542,SUMM-L01723,email,2026-09-25 19:00:09,sent,Andre Coleman
SUMM-A005543,SUMM-L01685,email,2026-09-25 19:00:59,sent,Hannah Price
SUMM-A005544,SUMM-L01717,call,2026-09-25 19:37:21,voicemail,Lucia Romero
SUMM-A005545,SUMM-L01705,Email,2026-09-25 20:17:36,sent,Lucia Romero
SUMM-A005546,SUMM-L01733,Call,2026-09-25 20:48:35,no_answer,Caleb Turner
SUMM-A005547,SUMM-L01716,call,2026-09-25 20:57:15,connected,Andre Coleman
SUMM-A005548,SUMM-L01716,email,2026-09-25 21:07:37,bounced,Andre Coleman
SUMM-A005549,SUMM-L01737,email,2026-09-25 21:39:45,sent,Maya Ortiz
SUMM-A005550,SUMM-L01558,Call,2026-09-25 21:43:34,no_answer,Caleb Turner
SUMM-A005551,SUMM-L01704,call,2026-09-25 22:11:58,no_answer,Caleb Turner
SUMM-A005552,SUMM-L01736,EMAIL,2026-09-25 22:25:28,sent,Caleb Turner
SUMM-A005553,SUMM-L01719,call,2026-09-25 23:00:17,no_answer,Maya Ortiz
SUMM-A005554,SUMM-L01735,email,2026-09-25 23:04:46,sent,Andre Coleman
SUMM-A005555,SUMM-L01577,email,2026-09-25 23:16:50,replied,Lucia Romero
SUMM-A005556,SUMM-L01723,email,2026-09-25 23:56:44,sent,Andre Coleman
SUMM-A005557,SUMM-L01628,call,2026-09-25 23:57:16,connected,Ben Foster
SUMM-A005558,SUMM-L01708,Call,2026-09-26 00:14:18,no_answer,Andre Coleman
SUMM-A005559,SUMM-L01733,call,2026-09-26 00:21:19,voicemail,Caleb Turner
SUMM-A005560,SUMM-L01481,Meeting,2026-09-26 00:35:52,held,Caleb Turner
SUMM-A005561,SUMM-L01554,email,2026-09-26 00:47:15,sent,Andre Coleman
SUMM-A005562,SUMM-L01718,call,2026-09-26 01:07:07,voicemail,Ben Foster
SUMM-A005563,SUMM-L01635,call,2026-09-26 01:51:18,connected,Andre Coleman
SUMM-A005564,SUMM-L01700,call,2026-09-26 01:57:40,no_answer,Caleb Turner
SUMM-A005565,SUMM-L01725,email,2026-09-26 02:25:56,sent,Andre Coleman
SUMM-A005566,SUMM-L01737,Meeting,2026-09-26 03:50:13,no_show,Maya Ortiz
SUMM-A005567,SUMM-L01735,email,2026-09-26 04:08:56,sent,Andre Coleman
SUMM-A005568,SUMM-L01551,email,2026-09-26 04:26:17,replied,Ben Foster
SUMM-A005569,SUMM-L01722,call,2026-09-26 04:26:52,voicemail,Hannah Price
SUMM-A005570,SUMM-L01740,call,2026-09-26 04:49:11,connected,Caleb Turner
SUMM-A005571,SUMM-L01695,call,2026-09-26 05:52:12,connected,Hannah Price
SUMM-A005572,SUMM-L01739,call,2026-09-26 05:55:32,connected,Caleb Turner
SUMM-A005573,SUMM-L01663,meeting,2026-09-26 06:02:09,held,Caleb Turner
SUMM-A005574,SUMM-L01736,email,2026-09-26 06:14:24,sent,Caleb Turner
SUMM-A005575,SUMM-L01551,call,2026-09-26 06:46:29,voicemail,Ben Foster
SUMM-A005576,SUMM-L01623,call,2026-09-26 07:13:25,connected,Caleb Turner
SUMM-A005577,SUMM-L01574,email,2026-09-26 07:51:40,sent,Caleb Turner
SUMM-A005578,SUMM-L01672,email,2026-09-26 07:56:00,sent,Caleb Turner
SUMM-A005579,SUMM-L01443,email,2026-09-26 08:07:56,sent,Caleb Turner
SUMM-A005580,SUMM-L01596,call,2026-09-26 08:53:31,no_answer,Andre Coleman
SUMM-A005581,SUMM-L01610,email,2026-09-26 10:02:05,sent,Andre Coleman
SUMM-A005582,SUMM-L01709,email,2026-09-26 10:07:06,replied,Lucia Romero
SUMM-A005583,SUMM-L01719,email,2026-09-26 10:55:46,sent,Maya Ortiz
SUMM-A005584,SUMM-L01619,MEETING,2026-09-26 11:38:36,held,Maya Ortiz
SUMM-A005585,SUMM-L01718,meeting,2026-09-26 11:57:17,no_show,Ben Foster
SUMM-A005586,SUMM-L01704,CALL,2026-09-26 12:21:22,voicemail,Caleb Turner
SUMM-A005587,SUMM-L01740,call,2026-09-26 13:10:28,connected,Caleb Turner
SUMM-A005588,SUMM-L01737,Call,2026-09-26 13:22:58,no_answer,Maya Ortiz
SUMM-A005589,SUMM-L01735,call,2026-09-26 13:57:07,voicemail,Andre Coleman
SUMM-A005590,SUMM-L01722,meeting,2026-09-26 15:12:36,held,Hannah Price
SUMM-A005591,SUMM-L01725,call,2026-09-26 15:25:05,connected,Andre Coleman
SUMM-A005592,SUMM-L01734,call,2026-09-26 15:58:26,no_answer,Andre Coleman
SUMM-A005593,SUMM-L01725,email,2026-09-26 16:10:29,sent,Andre Coleman
SUMM-A005594,SUMM-L01735,email,2026-09-26 16:28:49,sent,Andre Coleman
SUMM-A005595,SUMM-L01682,call,2026-09-26 16:51:49,no_answer,Caleb Turner
SUMM-A005596,SUMM-L01736,Call,2026-09-26 17:39:11,connected,Caleb Turner
SUMM-A005597,SUMM-L01623,call,2026-09-26 17:54:00,no_answer,Caleb Turner
SUMM-A005598,SUMM-L01725,Meeting,2026-09-26 17:56:10,no_show,Andre Coleman
SUMM-A005599,SUMM-L01542,Email,2026-09-26 18:58:57,replied,Caleb Turner
SUMM-A005600,SUMM-L01725,meeting,2026-09-26 21:11:14,held,Andre Coleman
SUMM-A005601,SUMM-L01735,call,2026-09-26 22:00:31,voicemail,Andre Coleman
SUMM-A005602,SUMM-L01695,call,2026-09-26 22:14:05,no_answer,Hannah Price
SUMM-A005603,SUMM-L01242,call,2026-09-27 00:09:27,connected,Andre Coleman
SUMM-A005604,SUMM-L01722,call,2026-09-27 00:43:40,connected,Hannah Price
SUMM-A005605,SUMM-L01744,call,2026-09-27 01:14:57,no_answer,Hannah Price
SUMM-A005606,SUMM-L01700,EMAIL,2026-09-27 01:32:27,sent,Caleb Turner
SUMM-A005607,SUMM-L01577,call,2026-09-27 02:30:54,no_answer,Lucia Romero
SUMM-A005608,SUMM-L01731,email,2026-09-27 03:02:16,replied,Hannah Price
SUMM-A005609,SUMM-L01697,meeting,2026-09-27 04:20:56,no_show,Maya Ortiz
SUMM-A005610,SUMM-L01733,call,2026-09-27 05:49:14,connected,Caleb Turner
SUMM-A005611,SUMM-L01742,call,2026-09-27 05:49:44,voicemail,Caleb Turner
SUMM-A005612,SUMM-L01741,call,2026-09-27 06:12:29,voicemail,Caleb Turner
SUMM-A005613,SUMM-L01725,email,2026-09-27 06:51:16,sent,Andre Coleman
SUMM-A005614,SUMM-L01742,call,2026-09-27 07:26:39,no_answer,Caleb Turner
SUMM-A005615,SUMM-L01720,call,2026-09-27 07:44:46,voicemail,Andre Coleman
SUMM-A005616,SUMM-L01443,CALL,2026-09-27 08:38:06,connected,Caleb Turner
SUMM-A005617,SUMM-L01551,EMAIL,2026-09-27 08:38:07,sent,Ben Foster
SUMM-A005618,SUMM-L01678,call,2026-09-27 08:52:05,no_answer,Ben Foster
SUMM-A005619,SUMM-L01167,call,2026-09-27 08:59:00,voicemail,Maya Ortiz
SUMM-A005620,SUMM-L01742,EMAIL,2026-09-27 09:19:23,sent,Caleb Turner
SUMM-A005621,SUMM-L01726,email,2026-09-27 09:33:22,sent,Ben Foster
SUMM-A005622,SUMM-L01685,call,2026-09-27 10:52:21,connected,Hannah Price
SUMM-A005623,SUMM-L01745,CALL,2026-09-27 11:24:26,voicemail,Caleb Turner
SUMM-A005624,SUMM-L01631,call,2026-09-27 11:40:23,no_answer,Andre Coleman
SUMM-A005625,SUMM-L01737,call,2026-09-27 12:30:41,no_answer,Maya Ortiz
SUMM-A005626,SUMM-L01718,call,2026-09-27 12:56:13,no_answer,Ben Foster
SUMM-A005627,SUMM-L01742,call,2026-09-27 13:05:39,connected,Caleb Turner
SUMM-A005628,SUMM-L01635,email,2026-09-27 13:35:52,sent,Andre Coleman
SUMM-A005629,SUMM-L01702,call,2026-09-27 14:16:00,voicemail,Caleb Turner
SUMM-A005630,SUMM-L01682,Call,2026-09-27 14:26:25,no_answer,Caleb Turner
SUMM-A005631,SUMM-L01747,call,2026-09-27 14:28:16,connected,Maya Ortiz
SUMM-A005632,SUMM-L01718,call,2026-09-27 14:44:42,no_answer,Ben Foster
SUMM-A005633,SUMM-L01606,email,2026-09-27 14:58:49,sent,Caleb Turner
SUMM-A005634,SUMM-L01697,call,2026-09-27 15:16:32,connected,Maya Ortiz
SUMM-A005635,SUMM-L01722,meeting,2026-09-27 16:38:24,held,Hannah Price
SUMM-A005636,SUMM-L01481,email,2026-09-27 17:42:24,sent,Caleb Turner
SUMM-A005637,SUMM-L01730,email,2026-09-27 17:56:31,bounced,Caleb Turner
SUMM-A005638,SUMM-L01738,call,2026-09-27 18:26:03,connected,Ben Foster
SUMM-A005639,SUMM-L01741,CALL,2026-09-27 18:57:04,no_answer,Caleb Turner
SUMM-A005640,SUMM-L01718,Email,2026-09-27 19:52:47,replied,Ben Foster
SUMM-A005641,SUMM-L01621,Call,2026-09-27 21:57:08,no_answer,Ben Foster
SUMM-A005642,SUMM-L01745,email,2026-09-27 22:03:05,sent,Caleb Turner
SUMM-A005643,SUMM-L01746,call,2026-09-27 22:24:41,no_answer,Hannah Price
SUMM-A005644,SUMM-L01092,email,2026-09-27 22:52:23,sent,Andre Coleman
SUMM-A005645,SUMM-L01181,email,2026-09-27 22:55:54,sent,Hannah Price
SUMM-A005646,SUMM-L01741,email,2026-09-27 23:04:30,sent,Caleb Turner
SUMM-A005647,SUMM-L01720,call,2026-09-27 23:06:14,no_answer,Andre Coleman
SUMM-A005648,SUMM-L01745,call,2026-09-27 23:49:23,no_answer,Caleb Turner
SUMM-A005649,SUMM-L01723,meeting,2026-09-28 00:56:44,no_show,Andre Coleman
SUMM-A005650,SUMM-L01704,Call,2026-09-28 01:16:52,voicemail,Caleb Turner
SUMM-A005651,SUMM-L01735,Email,2026-09-28 01:31:35,replied,Andre Coleman
SUMM-A005652,SUMM-L01718,email,2026-09-28 02:18:07,sent,Ben Foster
SUMM-A005653,SUMM-L01741,email,2026-09-28 03:06:42,sent,Caleb Turner
SUMM-A005654,SUMM-L01605,call,2026-09-28 03:48:57,voicemail,Andre Coleman
SUMM-A005655,SUMM-L01747,call,2026-09-28 04:05:02,connected,Maya Ortiz
SUMM-A005656,SUMM-L01711,Email,2026-09-28 04:32:01,replied,Ben Foster
SUMM-A005657,SUMM-L01743,Email,2026-09-28 05:39:54,replied,Andre Coleman
SUMM-A005658,SUMM-L01596,email,2026-09-28 06:33:47,sent,Andre Coleman
SUMM-A005659,SUMM-L01720,call,2026-09-28 06:43:18,voicemail,Andre Coleman
SUMM-A005660,SUMM-L01459,email,2026-09-28 06:44:19,replied,Caleb Turner
SUMM-A005661,SUMM-L01735,Call,2026-09-28 06:59:03,no_answer,Andre Coleman
SUMM-A005662,SUMM-L01750,email,2026-09-28 06:59:22,replied,Andre Coleman
SUMM-A005663,SUMM-L01747,call,2026-09-28 07:04:00,no_answer,Maya Ortiz
SUMM-A005664,SUMM-L01749,email,2026-09-28 07:06:59,replied,Hannah Price
SUMM-A005665,SUMM-L01628,email,2026-09-28 07:31:53,sent,Ben Foster
SUMM-A005666,SUMM-L01749,call,2026-09-28 08:02:11,voicemail,Hannah Price
SUMM-A005667,SUMM-L01741,meeting,2026-09-28 08:09:56,rescheduled,Caleb Turner
SUMM-A005668,SUMM-L01751,email,2026-09-28 09:41:38,sent,Caleb Turner
SUMM-A005669,SUMM-L01695,call,2026-09-28 10:18:18,no_answer,Hannah Price
SUMM-A005670,SUMM-L01735,call,2026-09-28 10:37:54,voicemail,Andre Coleman
SUMM-A005671,SUMM-L01609,email,2026-09-28 11:11:33,sent,Ben Foster
SUMM-A005672,SUMM-L01737,email,2026-09-28 12:53:34,sent,Maya Ortiz
SUMM-A005673,SUMM-L01716,CALL,2026-09-28 13:22:19,voicemail,Andre Coleman
SUMM-A005674,SUMM-L01755,CALL,2026-09-28 13:31:25,no_answer,Maya Ortiz
SUMM-A005675,SUMM-L01643,call,2026-09-28 15:08:30,connected,Summit Dispatch Queue
SUMM-A005676,SUMM-L01753,email,2026-09-28 15:23:40,bounced,Ben Foster
SUMM-A005677,SUMM-L01737,call,2026-09-28 15:46:13,connected,Maya Ortiz
SUMM-A005678,SUMM-L01757,call,2026-09-28 16:13:16,connected,Caleb Turner
SUMM-A005679,SUMM-L01732,call,2026-09-28 16:41:16,voicemail,Andre Coleman
SUMM-A005680,SUMM-L01579,meeting,2026-09-28 16:50:39,held,Caleb Turner
SUMM-A005681,SUMM-L01628,call,2026-09-28 17:44:10,connected,Ben Foster
SUMM-A005682,SUMM-L01749,email,2026-09-28 18:20:01,sent,Hannah Price
SUMM-A005683,SUMM-L01631,email,2026-09-28 19:22:55,sent,Andre Coleman
SUMM-A005684,SUMM-L01753,Call,2026-09-28 19:51:14,voicemail,Ben Foster
SUMM-A005685,SUMM-L01579,CALL,2026-09-28 20:02:11,connected,Caleb Turner
SUMM-A005686,SUMM-L01648,Email,2026-09-28 20:37:21,sent,Andre Coleman
SUMM-A005687,SUMM-L01758,email,2026-09-28 20:59:48,sent,Maya Ortiz
SUMM-A005688,SUMM-L01639,email,2026-09-28 21:05:03,sent,Lucia Romero
SUMM-A005689,SUMM-L01711,Email,2026-09-28 21:14:42,replied,Ben Foster
SUMM-A005690,SUMM-L01733,call,2026-09-28 21:16:23,no_answer,Caleb Turner
SUMM-A005691,SUMM-L01665,email,2026-09-28 21:36:15,sent,Andre Coleman
SUMM-A005692,SUMM-L01759,call,2026-09-28 21:56:36,no_answer,Caleb Turner
SUMM-A005693,SUMM-L01741,call,2026-09-28 22:28:51,voicemail,Caleb Turner
SUMM-A005694,SUMM-L01739,email,2026-09-28 22:37:40,sent,Caleb Turner
SUMM-A005695,SUMM-L01752,email,2026-09-28 23:14:58,sent,Caleb Turner
SUMM-A005696,SUMM-L01753,call,2026-09-28 23:41:17,no_answer,Ben Foster
SUMM-A005697,SUMM-L01708,call,2026-09-28 23:55:59,connected,Andre Coleman
SUMM-A005698,SUMM-L01680,email,2026-09-29 00:59:57,sent,Caleb Turner
SUMM-A005699,SUMM-L01751,call,2026-09-29 01:07:18,no_answer,Caleb Turner
SUMM-A005700,SUMM-L01759,Email,2026-09-29 01:26:07,sent,Caleb Turner
SUMM-A005701,SUMM-L01760,call,2026-09-29 02:08:05,voicemail,Ben Foster
SUMM-A005702,SUMM-L01682,email,2026-09-29 02:49:41,sent,Caleb Turner
SUMM-A005703,SUMM-L01760,call,2026-09-29 05:26:41,connected,Ben Foster
SUMM-A005704,SUMM-L01758,call,2026-09-29 05:27:16,no_answer,Maya Ortiz
SUMM-A005705,SUMM-L01760,email,2026-09-29 05:34:01,replied,Ben Foster
SUMM-A005706,SUMM-L01628,call,2026-09-29 05:48:45,connected,Ben Foster
SUMM-A005707,SUMM-L01758,email,2026-09-29 05:53:03,replied,Maya Ortiz
SUMM-A005708,SUMM-L01579,call,2026-09-29 05:55:55,no_answer,Caleb Turner
SUMM-A005709,SUMM-L01758,call,2026-09-29 07:50:14,no_answer,Maya Ortiz
SUMM-A005710,SUMM-L01638,email,2026-09-29 08:42:44,replied,Andre Coleman
SUMM-A005711,SUMM-L01754,email,2026-09-29 09:31:39,sent,Hannah Price
SUMM-A005712,SUMM-L01716,email,2026-09-29 11:06:59,sent,Andre Coleman
SUMM-A005713,SUMM-L01736,call,2026-09-29 11:25:49,no_answer,Caleb Turner
SUMM-A005714,SUMM-L01724,Email,2026-09-29 11:27:17,sent,Caleb Turner
SUMM-A005715,SUMM-L01763,email,2026-09-29 11:29:29,sent,Caleb Turner
SUMM-A005716,SUMM-L01748,call,2026-09-29 11:49:26,connected,Ben Foster
SUMM-A005717,SUMM-L01707,email,2026-09-29 12:01:32,sent,Andre Coleman
SUMM-A005718,SUMM-L01682,call,2026-09-29 12:06:39,connected,Caleb Turner
SUMM-A005719,SUMM-L01747,email,2026-09-29 12:18:01,replied,Maya Ortiz
SUMM-A005720,SUMM-L01756,call,2026-09-29 12:31:15,no_answer,Caleb Turner
SUMM-A005721,SUMM-L01704,call,2026-09-29 13:10:51,voicemail,Caleb Turner
SUMM-A005722,SUMM-L01755,email,2026-09-29 13:57:35,sent,Maya Ortiz
SUMM-A005723,SUMM-L01737,meeting,2026-09-29 14:04:29,rescheduled,Maya Ortiz
SUMM-A005724,SUMM-L01760,call,2026-09-29 14:04:40,no_answer,Ben Foster
SUMM-A005725,SUMM-L01708,call,2026-09-29 14:14:00,connected,Andre Coleman
SUMM-A005726,SUMM-L01765,call,2026-09-29 14:21:41,connected,Hannah Price
SUMM-A005727,SUMM-L01601,email,2026-09-29 14:45:40,sent,Caleb Turner
SUMM-A005728,SUMM-L01702,CALL,2026-09-29 15:09:28,voicemail,Caleb Turner
SUMM-A005729,SUMM-L01755,email,2026-09-29 15:10:11,sent,Maya Ortiz
SUMM-A005730,SUMM-L01764,email,2026-09-29 15:36:41,sent,Maya Ortiz
SUMM-A005731,SUMM-L01758,CALL,2026-09-29 15:49:08,no_answer,Maya Ortiz
SUMM-A005732,SUMM-L01755,call,2026-09-29 15:55:06,no_answer,Maya Ortiz
SUMM-A005733,SUMM-L01744,call,2026-09-29 16:05:56,connected,Hannah Price
SUMM-A005734,SUMM-L01726,email,2026-09-29 16:06:59,sent,Ben Foster
SUMM-A005735,SUMM-L01760,Email,2026-09-29 17:00:04,sent,Ben Foster
SUMM-A005736,SUMM-L01760,call,2026-09-29 17:01:36,no_answer,Ben Foster
SUMM-A005737,SUMM-L01688,email,2026-09-29 18:32:39,replied,Hannah Price
SUMM-A005738,SUMM-L01768,call,2026-09-29 19:12:09,no_answer,Andre Coleman
SUMM-A005739,SUMM-L01737,email,2026-09-29 19:18:40,replied,Maya Ortiz
SUMM-A005740,SUMM-L01754,call,2026-09-29 19:32:29,connected,Hannah Price
SUMM-A005741,SUMM-L01625,CALL,2026-09-29 19:39:05,voicemail,Hannah Price
SUMM-A005742,SUMM-L01542,Call,2026-09-29 20:49:19,no_answer,Caleb Turner
SUMM-A005743,SUMM-L01754,call,2026-09-29 21:20:58,connected,Hannah Price
SUMM-A005744,SUMM-L01765,call,2026-09-29 21:21:52,connected,Hannah Price
SUMM-A005745,SUMM-L01621,call,2026-09-29 21:43:45,voicemail,Ben Foster
SUMM-A005746,SUMM-L01737,call,2026-09-29 21:49:26,no_answer,Maya Ortiz
SUMM-A005747,SUMM-L01766,Call,2026-09-29 22:22:12,connected,Caleb Turner
SUMM-A005748,SUMM-L01770,email,2026-09-29 22:40:35,sent,Lucia Romero
SUMM-A005749,SUMM-L01766,call,2026-09-29 22:43:58,no_answer,Caleb Turner
SUMM-A005750,SUMM-L01770,email,2026-09-29 23:00:28,sent,Lucia Romero
SUMM-A005751,SUMM-L01719,CALL,2026-09-29 23:12:26,connected,Maya Ortiz
SUMM-A005752,SUMM-L01721,email,2026-09-29 23:36:42,sent,Caleb Turner
SUMM-A005753,SUMM-L01751,Call,2026-09-29 23:37:26,connected,Caleb Turner
SUMM-A005754,SUMM-L01704,EMAIL,2026-09-30 00:15:22,sent,Caleb Turner
SUMM-A005755,SUMM-L01724,email,2026-09-30 00:19:11,replied,Caleb Turner
SUMM-A005756,SUMM-L01758,call,2026-09-30 01:35:34,no_answer,Maya Ortiz
SUMM-A005757,SUMM-L01603,call,2026-09-30 01:40:13,connected,Lucia Romero
SUMM-A005758,SUMM-L01691,call,2026-09-30 01:49:48,no_answer,Caleb Turner
SUMM-A005759,SUMM-L01708,Call,2026-09-30 01:54:49,no_answer,Andre Coleman
SUMM-A005760,SUMM-L01764,email,2026-09-30 02:23:58,replied,Maya Ortiz
SUMM-A005761,SUMM-L01761,email,2026-09-30 02:35:30,sent,Lucia Romero
SUMM-A005762,SUMM-L01769,call,2026-09-30 02:35:33,connected,Andre Coleman
SUMM-A005763,SUMM-L01761,Call,2026-09-30 03:12:04,connected,Lucia Romero
SUMM-A005764,SUMM-L01762,email,2026-09-30 03:28:44,sent,Lucia Romero
SUMM-A005765,SUMM-L01765,meeting,2026-09-30 03:37:00,rescheduled,Hannah Price
SUMM-A005766,SUMM-L01762,call,2026-09-30 04:43:13,connected,Lucia Romero
SUMM-A005767,SUMM-L01720,call,2026-09-30 04:46:09,no_answer,Andre Coleman
SUMM-A005768,SUMM-L01764,email,2026-09-30 04:53:47,sent,Maya Ortiz
SUMM-A005769,SUMM-L01765,call,2026-09-30 04:59:40,no_answer,Hannah Price
SUMM-A005770,SUMM-L01769,call,2026-09-30 05:10:32,no_answer,Andre Coleman
SUMM-A005771,SUMM-L01707,call,2026-09-30 06:37:10,voicemail,Andre Coleman
SUMM-A005772,SUMM-L01737,email,2026-09-30 06:42:36,sent,Maya Ortiz
SUMM-A005773,SUMM-L01762,email,2026-09-30 06:57:53,sent,Lucia Romero
SUMM-A005774,SUMM-L01737,email,2026-09-30 07:34:24,bounced,Maya Ortiz
SUMM-A005775,SUMM-L01769,call,2026-09-30 07:49:36,voicemail,Andre Coleman
SUMM-A005776,SUMM-L01763,email,2026-09-30 07:51:10,sent,Caleb Turner
SUMM-A005777,SUMM-L01628,email,2026-09-30 07:51:19,sent,Ben Foster
SUMM-A005778,SUMM-L01738,call,2026-09-30 08:23:25,no_answer,Ben Foster
SUMM-A005779,SUMM-L01768,call,2026-09-30 08:50:35,no_answer,Andre Coleman
SUMM-A005780,SUMM-L01760,email,2026-09-30 09:01:59,replied,Ben Foster
SUMM-A005781,SUMM-L01738,call,2026-09-30 09:09:59,voicemail,Ben Foster
SUMM-A005782,SUMM-L01743,email,2026-09-30 09:36:46,sent,Andre Coleman
SUMM-A005783,SUMM-L01719,call,2026-09-30 09:53:25,voicemail,Maya Ortiz
SUMM-A005784,SUMM-L01745,email,2026-09-30 09:55:07,sent,Caleb Turner
SUMM-A005785,SUMM-L01642,email,2026-09-30 09:55:14,sent,Caleb Turner
SUMM-A005786,SUMM-L01762,email,2026-09-30 10:06:47,sent,Lucia Romero
SUMM-A005787,SUMM-L01752,email,2026-09-30 10:28:55,sent,Caleb Turner
SUMM-A005788,SUMM-L01749,email,2026-09-30 10:49:23,replied,Hannah Price
SUMM-A005789,SUMM-L01746,call,2026-09-30 11:29:15,no_answer,Hannah Price
SUMM-A005790,SUMM-L01772,call,2026-09-30 12:55:19,no_answer,Maya Ortiz
SUMM-A005791,SUMM-L01764,MEETING,2026-09-30 12:56:25,held,Maya Ortiz
SUMM-A005792,SUMM-L01764,email,2026-09-30 13:00:19,sent,Maya Ortiz
SUMM-A005793,SUMM-L01766,email,2026-09-30 13:51:14,sent,Caleb Turner
SUMM-A005794,SUMM-L01358,meeting,2026-09-30 13:59:36,held,Caleb Turner
SUMM-A005795,SUMM-L01760,call,2026-09-30 14:31:08,no_answer,Ben Foster
SUMM-A005796,SUMM-L01683,call,2026-09-30 14:58:06,connected,Hannah Price
SUMM-A005797,SUMM-L01772,call,2026-09-30 15:24:35,no_answer,Maya Ortiz
SUMM-A005798,SUMM-L01749,meeting,2026-09-30 15:31:46,held,Hannah Price
SUMM-A005799,SUMM-L01758,email,2026-09-30 15:42:53,sent,Maya Ortiz
SUMM-A005800,SUMM-L01682,email,2026-09-30 15:43:06,sent,Caleb Turner
SUMM-A005801,SUMM-L01768,call,2026-09-30 15:53:24,voicemail,Andre Coleman
SUMM-A005802,SUMM-L01774,Call,2026-09-30 16:13:54,voicemail,Andre Coleman
SUMM-A005803,SUMM-L01773,call,2026-09-30 16:44:12,no_answer,Andre Coleman
SUMM-A005804,SUMM-L01771,email,2026-09-30 17:07:01,sent,Andre Coleman
SUMM-A005805,SUMM-L01773,call,2026-09-30 17:17:56,no_answer,Andre Coleman
SUMM-A005806,SUMM-L01678,call,2026-09-30 17:21:59,voicemail,Ben Foster
SUMM-A005807,SUMM-L01773,email,2026-09-30 17:35:47,replied,Andre Coleman
SUMM-A005808,SUMM-L01762,email,2026-09-30 17:43:15,sent,Lucia Romero
SUMM-A005809,SUMM-L01778,EMAIL,2026-09-30 17:45:58,sent,Caleb Turner
SUMM-A005810,SUMM-L01776,email,2026-09-30 17:48:07,sent,Hannah Price
SUMM-A005811,SUMM-L01765,Email,2026-09-30 17:59:41,sent,Hannah Price
SUMM-A005812,SUMM-L01692,CALL,2026-09-30 18:07:23,connected,Andre Coleman
SUMM-A005813,SUMM-L01762,call,2026-09-30 18:08:14,connected,Lucia Romero
SUMM-A005814,SUMM-L01732,EMAIL,2026-09-30 18:51:18,sent,Andre Coleman
SUMM-A005815,SUMM-L01776,call,2026-09-30 18:51:40,no_answer,Hannah Price
SUMM-A005816,SUMM-L01722,EMAIL,2026-09-30 18:57:34,sent,Hannah Price
SUMM-A005817,SUMM-L01700,Call,2026-09-30 19:09:10,voicemail,Caleb Turner
SUMM-A005818,SUMM-L01735,email,2026-09-30 19:17:20,sent,Andre Coleman
SUMM-A005819,SUMM-L01761,email,2026-09-30 19:19:28,sent,Lucia Romero
SUMM-A005820,SUMM-L01775,Call,2026-09-30 19:27:46,connected,Hannah Price
SUMM-A005821,SUMM-L01749,call,2026-09-30 19:33:13,voicemail,Hannah Price
SUMM-A005822,SUMM-L01769,call,2026-09-30 20:17:56,no_answer,Andre Coleman
SUMM-A005823,SUMM-L01767,email,2026-09-30 20:21:34,sent,Caleb Turner
SUMM-A005824,SUMM-L01702,email,2026-09-30 20:24:35,sent,Caleb Turner
SUMM-A005825,SUMM-L01647,call,2026-09-30 20:32:16,connected,Andre Coleman
SUMM-A005826,SUMM-L01775,CALL,2026-09-30 20:52:58,connected,Hannah Price
SUMM-A005827,SUMM-L01775,email,2026-09-30 20:55:22,sent,Hannah Price
SUMM-A005828,SUMM-L01770,CALL,2026-09-30 20:59:32,no_answer,Lucia Romero
SUMM-A005829,SUMM-L01704,email,2026-09-30 21:17:03,sent,Caleb Turner
SUMM-A005830,SUMM-L01715,email,2026-09-30 21:27:48,bounced,Andre Coleman
SUMM-A005831,SUMM-L01777,call,2026-09-30 21:57:52,no_answer,Andre Coleman
SUMM-A005832,SUMM-L01769,email,2026-09-30 22:16:17,sent,Andre Coleman
SUMM-A005833,SUMM-L01707,call,2026-09-30 22:20:10,voicemail,Andre Coleman
SUMM-A005834,SUMM-L01777,call,2026-09-30 22:58:13,no_answer,Andre Coleman
SUMM-A005835,SUMM-L01735,Email,2026-09-30 23:03:48,sent,Andre Coleman
SUMM-A005836,SUMM-L01775,call,2026-09-30 23:16:20,voicemail,Hannah Price
SUMM-A005837,SUMM-L01747,call,2026-09-30 23:51:59,no_answer,Maya Ortiz
