deal_id,lead_id,company,stage,amount,close_date,lead_source,gross_margin,pipeline,owner,created_date,stage_reached
SUMM-D00001,SUMM-L00001,Phillips PLC,Closed Lost,28800,2026-04-07,Outbound,0.434,Summit HVAC - Installation,Hannah Price,2026-04-01 21:11:57,New
SUMM-D00002,SUMM-L00003,Hudson-Patel,closedlost,12500,2026-04-22,Outbound,35.1,Summit HVAC - Installation,Lucia Romero,2026-04-07 20:51:37,Contacted
SUMM-D00003,SUMM-L00005,Bell PLC,LOST,12900,2026-04-20,Sdr program,0.422,Summit HVAC - Installation,Caleb Turner,2026-04-05 23:33:22,Contacted
SUMM-D00004,SUMM-L00006,White Group,LOST,2550,2026-04-02,ppc,0.557,Summit HVAC - Emergency,Andre Coleman,2026-04-01 12:58:35,Contacted
SUMM-D00005,SUMM-L00009,Anderson-Maxwell,Lost,15500,2026-04-07,Outbound,,Summit HVAC - Installation,Ben Foster,2026-04-01 18:44:54,Contacted
SUMM-D00006,SUMM-L00014,Nelson Noble and Alvarado,closedlost,30700,2026-05-09,OUTBOUND - SDR,0.455,Summit HVAC - Installation,Andre Coleman,2026-04-03 07:59:57,Proposal
SUMM-D00007,SUMM-L00019,Payne Brown and Herman,Lost,2900,2026-04-08, google ,55.1,Summit HVAC - Emergency,Hannah Price,2026-04-02 16:09:40,Proposal
SUMM-D00008,SUMM-L00022,Woodard-White,closedlost,3200,2026-04-04,Google Ads,57.1,Summit HVAC - Emergency,Caleb Turner,2026-04-03 13:19:09,Contacted
SUMM-D00009,SUMM-L00025,Shaw LLC,Lost,5300,2026-04-09,Google Ads,0.554,Summit HVAC - Maintenance,Caleb Turner,2026-04-04 07:04:02,Contacted
SUMM-D00010,SUMM-L00026,Smith LLC,Lost,9950,2026-04-12,Call Tracking,50.3%,Summit HVAC - Maintenance,Andre Coleman,2026-04-05 11:04:32,Contacted
SUMM-D00011,SUMM-L00027,Murray Hubbard and Murphy,Lost,4650,2026-04-12,OUTBOUND - SDR,43.0,Summit HVAC - Maintenance,Andre Coleman,2026-04-03 13:16:01,Qualified
SUMM-D00012,SUMM-L00029,Chan-Keller,closedlost,"$2,450",2026-04-10,adwords,0.483,Summit HVAC - Emergency,Caleb Turner,2026-04-03 20:16:02,Proposal
SUMM-D00013,SUMM-L00031,Ellis Ford and Weaver,Closed Lost,12450,2026-04-10,Prospecting,0.478,Summit HVAC - Maintenance,Andre Coleman,2026-04-06 01:13:49,Contacted
SUMM-D00014,SUMM-L00032,Espinoza Ward and Mcdaniel,closedlost,11250,2026-04-06,Outbound,45.5%,Summit HVAC - Installation,Ben Foster,2026-04-04 23:13:47,Contacted
SUMM-D00015,SUMM-L00033,Byrd Ltd,Lost,"$5,150",2026-04-04,Call Tracking,63.0,Summit HVAC - Emergency,Maya Ortiz,2026-04-04 10:52:51,New
SUMM-D00016,SUMM-L00034,Ellis LLC,Lost,11800,2026-04-10,Sdr,,Summit HVAC - Maintenance,Maya Ortiz,2026-04-05 14:59:12,Contacted
SUMM-D00017,SUMM-L00038,Hooper-Madden,Lost,"$16,350",2026-04-17,Outbound,36.2%,Summit HVAC - Installation,Andre Coleman,2026-04-09 06:20:43,Contacted
SUMM-D00018,SUMM-L00041,Butler Cook and Davis,Lost,2350,2026-04-06,Call Tracking,0.488,Summit HVAC - Emergency,Andre Coleman,2026-04-05 10:55:17,Contacted
SUMM-D00019,SUMM-L00042,Robertson Carroll and Thomas,Lost,9500,2026-04-14,Outbound,0.515,Summit HVAC - Maintenance,Maya Ortiz,2026-04-08 17:51:05,Contacted
SUMM-D00020,SUMM-L00044,Morris Clarke and Andrade,Won,3750,2026-04-08,Call Tracking,0.537,Summit HVAC - Emergency,Ben Foster,2026-04-06 06:48:06,Won
SUMM-D00021,SUMM-L00046,Garrett Inc,Lost,"$4,600",2026-04-16,Outbound,0.466,Summit HVAC - Maintenance,Maya Ortiz,2026-04-08 15:59:21,Qualified
SUMM-D00022,SUMM-L00047,Francis-Mueller,Lost,9050,2026-04-08, sdr ,53.7,Summit HVAC - Maintenance,Hannah Price,2026-04-07 10:30:40,New
SUMM-D00023,SUMM-L00050,Rice-Martinez,Lost,9400,2026-04-20,Outbound,,Summit HVAC - Maintenance,Ben Foster,2026-04-09 10:00:23,Contacted
SUMM-D00024,SUMM-L00051,Santos Dean and Decker,LOST,"$5,900",2026-04-11,Outbound,0.555,Summit HVAC - Maintenance,Maya Ortiz,2026-04-08 02:16:30,Contacted
SUMM-D00025,SUMM-L00053,Jones Inc,Lost,"$2,750",2026-04-08,paid social,47.4%,Summit HVAC - Emergency,Ben Foster,2026-04-07 15:04:04,Contacted
SUMM-D00026,SUMM-L00055,York PLC,LOST,4950,2026-04-15,Outbound - Sdr,0.514,Summit HVAC - Maintenance,Hannah Price,2026-04-10 01:36:30,Contacted
SUMM-D00027,SUMM-L00056,Sandoval-Murphy,Won,2450,2026-04-11,Outbound,57.1,Summit HVAC - Emergency,Caleb Turner,2026-04-07 21:40:18,Won
SUMM-D00028,SUMM-L00057,Alexander Group,Lost,14900,2026-04-13,Outbound,0.409,Summit HVAC - Installation,Lucia Romero,2026-04-10 06:44:09,New
SUMM-D00029,SUMM-L00058,Scott-Klein,Lost,2050,2026-04-09,Outbound,0.523,Summit HVAC - Emergency,Lucia Romero,2026-04-08 06:07:24,Contacted
SUMM-D00030,SUMM-L00061,Henderson Joseph and Burns,Lost,25400,2026-05-12,Outbound,0.384,Summit HVAC - Installation,Caleb Turner,2026-04-11 08:49:54,Proposal
SUMM-D00031,SUMM-L00064,Farrell PLC,closedlost,16200,2026-04-20,Call Tracking,0.397,Summit HVAC - Installation,Caleb Turner,2026-04-09 20:58:09,Contacted
SUMM-D00032,SUMM-L00065,Rodgers Norman and Hubbard,Closed Won,3050,2026-04-12,Inbound Call,0.545,Summit HVAC - Emergency,Maya Ortiz,2026-04-09 03:21:01,Won
SUMM-D00033,SUMM-L00066,Miller Ltd,Closed Lost,9750,2026-05-11,Google Ads,51.5,Summit HVAC - Maintenance,Lucia Romero,2026-04-09 12:15:39,Proposal
SUMM-D00034,SUMM-L00067,Noble Inc,Lost,6500,2026-05-04,Referral Payouts,0.439,Summit HVAC - Maintenance,Andre Coleman,2026-04-12 03:33:42,Contacted
SUMM-D00035,SUMM-L00068,Daniels-Bush,Lost,5700,2026-04-18,Referral,54.0,Summit HVAC - Maintenance,Maya Ortiz,2026-04-09 16:30:52,Proposal
SUMM-D00036,SUMM-L00071,Kline Wright and Ward,Lost,"$5,100",2026-04-17,Outbound,47.4%,Summit HVAC - Maintenance,Caleb Turner,2026-04-10 19:30:50,Contacted
SUMM-D00037,SUMM-L00073,Perry-Jackson,Lost,4250,2026-04-10,Call Tracking,0.582,Summit HVAC - Emergency,Caleb Turner,2026-04-09 16:36:33,Contacted
SUMM-D00038,SUMM-L00079,Jenkins Ltd,Lost,8800,2026-04-16,Referral,47.5,Summit HVAC - Maintenance,Caleb Turner,2026-04-12 03:38:40,New
SUMM-D00039,SUMM-L00082,Arellano Williams and West,Closed Lost,2600,2026-04-12,Call Tracking,0.634,Summit HVAC - Emergency,Ben Foster,2026-04-10 13:30:54,Contacted
SUMM-D00040,SUMM-L00084,Perry LLC,Lost,6650,2026-04-14,Outbound,0.479,Summit HVAC - Maintenance,Caleb Turner,2026-04-10 19:35:29,Contacted
SUMM-D00041,SUMM-L00085,Crawford Inc,Closed Lost,"$12,700",2026-04-14,Outbound,,Summit HVAC - Installation,Lucia Romero,2026-04-11 02:32:43,Contacted
SUMM-D00042,SUMM-L00088,Alexander PLC,Lost,16200,2026-04-21,Outbound,0.461,Summit HVAC - Maintenance,Maya Ortiz,2026-04-12 04:01:16,Contacted
SUMM-D00043,SUMM-L00089,Blackburn Jones and Whitehead,Lost,18550,2026-05-04, prospecting ,0.357,Summit HVAC - Installation,Lucia Romero,2026-04-13 15:59:31,Contacted
SUMM-D00044,SUMM-L00094,Keller-Ramos,Lost,3500,2026-04-13,Call Tracking,0.56,Summit HVAC - Emergency,Lucia Romero,2026-04-12 02:47:23,Contacted
SUMM-D00045,SUMM-L00095,Gilbert Medina and Shields,Lost,6450,2026-04-20,Call Tracking,0.457,Summit HVAC - Maintenance,Caleb Turner,2026-04-13 05:50:14,Contacted
SUMM-D00046,SUMM-L00098,Barr Group,Lost,18300,2026-05-15,Outbound,0.44,Summit HVAC - Installation,Maya Ortiz,2026-04-15 16:21:17,Proposal
SUMM-D00047,SUMM-L00102,Kline Group,Lost,11100,2026-04-29,Google Ads,0.494,Summit HVAC - Maintenance,Ben Foster,2026-04-20 08:30:01,Contacted
SUMM-D00048,SUMM-L00105,Warren-Rodriguez,closedlost,2150,2026-04-19,Outbound,0.641,Summit HVAC - Emergency,Andre Coleman,2026-04-13 19:49:22,Proposal
SUMM-D00049,SUMM-L00106,Jones-Smith,Lost,24900,2026-04-29,Call Tracking,0.409,Summit HVAC - Installation,Summit Dispatch Queue,2026-04-14 22:22:20,Contacted
SUMM-D00050,SUMM-L00110,Freeman-Ballard,Closed Won,9350,2026-05-22,Outbound,0.354,Summit HVAC - Installation,Ben Foster,2026-04-16 20:37:24,Won
SUMM-D00051,SUMM-L00112,Taylor-Cole,Lost,20600,2026-04-24,Prospecting,0.476,Summit HVAC - Installation,Caleb Turner,2026-04-14 23:29:59,Contacted
SUMM-D00052,SUMM-L00113,White LLC,Lost,3100,2026-04-14,Inbound call,55.8%,Summit HVAC - Emergency,Hannah Price,2026-04-14 10:55:30,New
SUMM-D00053,SUMM-L00115,Reyes-Meyer,Closed Lost,5850,2026-04-24,Outbound,0.507,Summit HVAC - Maintenance,Andre Coleman,2026-04-16 15:10:36,Contacted
SUMM-D00054,SUMM-L00118,Steele-Miller,Won,9450,2026-05-13,Outbound,,Summit HVAC - Installation,Caleb Turner,2026-04-18 09:15:14,Won
SUMM-D00055,SUMM-L00122,Lambert Thomas and Chung,Won,6050,2026-04-29,Referral,0.536,Summit HVAC - Maintenance,Hannah Price,2026-04-16 10:50:10,Won
SUMM-D00056,SUMM-L00128,Moore Phillips and Johnson,Lost,"$12,850",2026-04-19,Referral,,Summit HVAC - Maintenance,Caleb Turner,2026-04-16 09:27:46,Contacted
SUMM-D00057,SUMM-L00131,Figueroa Ltd,closedlost,4650,2026-04-21,Referral,52.0,Summit HVAC - Maintenance,Caleb Turner,2026-04-16 18:55:49,New
SUMM-D00058,SUMM-L00132,Bush Scott and Colon,Closed Lost,13850,2026-05-16,Outbound,0.352,Summit HVAC - Installation,Maya Ortiz,2026-04-22 04:33:04,Contacted
SUMM-D00059,SUMM-L00136,Stein-Cole,Lost,21400,2026-04-22,Referral,,Summit HVAC - Installation,Hannah Price,2026-04-18 11:40:42,New
SUMM-D00060,SUMM-L00137,Hobbs Cowan and Harris,Closed Lost,7200,2026-04-23, callrail + lsa ,0.543,Summit HVAC - Maintenance,Andre Coleman,2026-04-17 07:06:30,Contacted
SUMM-D00061,SUMM-L00138,Raymond-Johnson,Lost,"$7,750",2026-04-26,Google Ads,48.2%,Summit HVAC - Maintenance,Maya Ortiz,2026-04-17 23:39:11,Qualified
SUMM-D00062,SUMM-L00139,Lewis Wilson and Foster,Lost,"$6,650",2026-04-22,Call Tracking,0.508,Summit HVAC - Maintenance,Ben Foster,2026-04-19 10:24:33,Contacted
SUMM-D00063,SUMM-L00140,Smith Morales and Graves,Won,45500,2026-07-28,Partner Referral,38.0%,Summit HVAC - Installation,Maya Ortiz,2026-04-21 18:38:04,Won
SUMM-D00064,SUMM-L00141,Moreno-Riddle,Lost,19650,2026-04-26,Call Tracking,0.425,Summit HVAC - Installation,Maya Ortiz,2026-04-20 06:09:50,Contacted
SUMM-D00065,SUMM-L00145,Turner-Davis,Lost,4200,2026-04-19,Call Tracking,0.591,Summit HVAC - Emergency,Maya Ortiz,2026-04-19 01:48:39,Contacted
SUMM-D00066,SUMM-L00146,Smith Crawford and Hamilton,Lost,2900,2026-04-20,Google Ads,0.557,Summit HVAC - Emergency,Lucia Romero,2026-04-19 02:13:13,Contacted
SUMM-D00067,SUMM-L00147,Duke Moreno and Green,Lost,"$7,450",2026-04-30,Referral,0.527,Summit HVAC - Maintenance,Ben Foster,2026-04-23 13:34:47,Contacted
SUMM-D00068,SUMM-L00148,Williams-Rodriguez,Won,5250,2026-05-17,Outbound,0.505,Summit HVAC - Maintenance,Hannah Price,2026-04-20 04:14:24,Won
SUMM-D00069,SUMM-L00149,Solis Ltd,LOST,2850,2026-04-21,PPC,0.565,Summit HVAC - Emergency,Caleb Turner,2026-04-19 14:53:33,Contacted
SUMM-D00070,SUMM-L00151,Hood PLC,Lost,"$2,350",2026-04-22,Google,0.525,Summit HVAC - Emergency,Maya Ortiz,2026-04-20 00:37:19,Proposal
SUMM-D00071,SUMM-L00152,Rivera LLC,Lost,8250,2026-05-04,GOOGLE,0.508,Summit HVAC - Maintenance,Ben Foster,2026-04-21 04:26:52,Qualified
SUMM-D00072,SUMM-L00153,Hobbs-Chandler,closedwon,2600,2026-04-22, callrail ,51.8,Summit HVAC - Emergency,Caleb Turner,2026-04-19 21:41:51,Won
SUMM-D00073,SUMM-L00156,Robles Ltd,Lost,"$3,500",2026-04-21,Call Tracking,0.494,Summit HVAC - Emergency,Ben Foster,2026-04-20 16:13:12,Contacted
SUMM-D00074,SUMM-L00159,Fisher Trujillo and Walker,Lost,13300,2026-05-02,Outbound,54.8%,Summit HVAC - Maintenance,Maya Ortiz,2026-04-22 00:25:40,Contacted
SUMM-D00075,SUMM-L00161,Durham and Sons,Lost,3300,2026-04-21,Call Tracking,56.8,Summit HVAC - Emergency,Caleb Turner,2026-04-20 16:48:41,Contacted
SUMM-D00076,SUMM-L00162,Mosley-Gentry,Lost,9100,2026-05-02,Meta Ads,0.587,Summit HVAC - Maintenance,Caleb Turner,2026-04-23 00:38:14,Qualified
SUMM-D00077,SUMM-L00164,King Walters and Lara,closedlost,4250,2026-04-22,Referal,52.6%,Summit HVAC - Emergency,Hannah Price,2026-04-21 02:53:45,Qualified
SUMM-D00078,SUMM-L00168,Marshall Group,Closed Lost,1200,2026-04-25,Prospecting,0.515,Summit HVAC - Emergency,Maya Ortiz,2026-04-22 01:03:56,Contacted
SUMM-D00079,SUMM-L00169,Foster-Morgan,Lost,6900,2026-05-02,Prospecting,0.508,Summit HVAC - Maintenance,Hannah Price,2026-04-23 23:42:46,Contacted
SUMM-D00080,SUMM-L00175,Fernandez-Huff,closedlost,"$3,350",2026-04-22,Callrail + lsa,58.7%,Summit HVAC - Emergency,Caleb Turner,2026-04-22 14:15:30,Contacted
SUMM-D00081,SUMM-L00179,Thomas-Choi,Lost,11050,2026-05-19,Outbound,,Summit HVAC - Maintenance,Ben Foster,2026-04-26 22:54:26,Contacted
SUMM-D00082,SUMM-L00185,Gonzalez Leonard and Rogers,Lost,14400,2026-06-08, sdr program ,46.3%,Summit HVAC - Installation,Maya Ortiz,2026-04-26 06:34:12,Proposal
SUMM-D00083,SUMM-L00190,Smith-Sanchez,Lost,22300,2026-05-12,Outbound,0.345,Summit HVAC - Installation,Maya Ortiz,2026-04-26 09:33:17,Qualified
SUMM-D00084,SUMM-L00192,Weber Group,LOST,4100,2026-04-26,Call Tracking,0.53,Summit HVAC - Emergency,Ben Foster,2026-04-24 14:09:19,Qualified
SUMM-D00085,SUMM-L00195,Browning Flores and Webb,LOST,7000,2026-05-14,Outbound,0.448,Summit HVAC - Maintenance,Maya Ortiz,2026-04-28 14:24:35,Proposal
SUMM-D00086,SUMM-L00196,Rose-Harper,Lost,2700,2026-04-26,Google Ads,0.518,Summit HVAC - Emergency,Caleb Turner,2026-04-25 03:48:30,Contacted
SUMM-D00087,SUMM-L00198,Hudson-Lee,Won,"$8,300",2026-05-22,Referral,0.465,Summit HVAC - Installation,Caleb Turner,2026-04-26 07:31:18,Won
SUMM-D00088,SUMM-L00199,Rodgers LLC,LOST,19550,2026-05-03,Call Tracking,34.5%,Summit HVAC - Installation,Caleb Turner,2026-04-27 15:38:35,New
SUMM-D00089,SUMM-L00200,Ramirez-Wilson,Lost,17750,2026-05-14,Referral,0.466,Summit HVAC - Installation,Ben Foster,2026-04-26 08:34:00,Contacted
SUMM-D00090,SUMM-L00205,Chavez Jones and Johnson,Lost,1700,2026-04-26,Call Tracking,0.516,Summit HVAC - Emergency,Caleb Turner,2026-04-26 05:53:39,New
SUMM-D00091,SUMM-L00208,Cruz Noble and Porter,Lost,7850,2026-04-30,Outbound,0.511,Summit HVAC - Maintenance,Hannah Price,2026-04-27 14:24:10,Contacted
SUMM-D00092,SUMM-L00209,Tucker-Vang,Lost,10050,2026-05-21,Referral,0.424,Summit HVAC - Installation,Hannah Price,2026-05-02 22:55:37,Contacted
SUMM-D00093,SUMM-L00215,Torres Hardy and Benson,closedlost,"$11,500",2026-05-02,Outbound,0.424,Summit HVAC - Installation,Andre Coleman,2026-04-28 21:11:50,New
SUMM-D00094,SUMM-L00220,Olson and Sons,closedwon,4900,2026-05-02,Google Ads,0.542,Summit HVAC - Emergency,Andre Coleman,2026-04-27 19:59:34,Won
SUMM-D00095,SUMM-L00222,Warren-Reynolds,Won,24850,2026-06-11,adwords,33.2%,Summit HVAC - Installation,Ben Foster,2026-05-02 20:16:51,Won
SUMM-D00096,SUMM-L00225,Lara-Warren,closedlost,25500,2026-05-13,Call Tracking,0.42,Summit HVAC - Installation,Maya Ortiz,2026-04-28 21:55:10,Contacted
SUMM-D00097,SUMM-L00226,French-Brown,Lost,8000,2026-05-04,Outbound,0.413,Summit HVAC - Maintenance,Andre Coleman,2026-05-02 19:58:26,Contacted
SUMM-D00098,SUMM-L00227,Adams-Kennedy,Closed Lost,5900,2026-05-02,Call Tracking,0.5,Summit HVAC - Maintenance,Caleb Turner,2026-04-28 22:24:53,Contacted
SUMM-D00099,SUMM-L00230,Burton-Pineda,Lost,15400,2026-06-01,Outbound,41.2%,Summit HVAC - Installation,Andre Coleman,2026-04-29 14:35:36,Proposal
SUMM-D00100,SUMM-L00232,Holmes Gregory and Alexander,closedlost,5300,2026-05-10,Call Tracking,0.445,Summit HVAC - Maintenance,Maya Ortiz,2026-05-02 11:31:33,Contacted
SUMM-D00101,SUMM-L00233,Zimmerman LLC,closedlost,"$1,500",2026-05-01,Referral,0.506,Summit HVAC - Emergency,Andre Coleman,2026-04-30 04:06:34,Contacted
SUMM-D00102,SUMM-L00235,Williams Mayer and Mclaughlin,LOST,5450,2026-04-30,Call Tracking,59.5,Summit HVAC - Emergency,Ben Foster,2026-04-30 00:49:06,Contacted
SUMM-D00103,SUMM-L00236,Collins Johnson and George,Closed Lost,5100,2026-05-27,PPC,53.9%,Summit HVAC - Maintenance,Hannah Price,2026-05-09 04:22:33,Qualified
SUMM-D00104,SUMM-L00237,Gonzalez LLC,Lost,"$10,450",2026-05-24,Outbound,0.45,Summit HVAC - Maintenance,Ben Foster,2026-05-01 21:17:14,Qualified
SUMM-D00105,SUMM-L00239,Moore Inc,Lost,11800,2026-05-14,Call Tracking,0.467,Summit HVAC - Maintenance,Caleb Turner,2026-05-01 05:29:27,Contacted
SUMM-D00106,SUMM-L00241,Gonzalez White and Young,Lost,6500,2026-05-22,outbound - sdr,48.7,Summit HVAC - Maintenance,Ben Foster,2026-05-04 16:16:45,Proposal
SUMM-D00107,SUMM-L00244,Hubbard-Sullivan,Closed Lost,"$8,550",2026-05-21,Referral,51.1,Summit HVAC - Maintenance,Maya Ortiz,2026-05-02 11:31:38,Contacted
SUMM-D00108,SUMM-L00248,Flores Williams and Young,Lost,42350,2026-06-02,Sdr Program,0.446,Summit HVAC - Installation,Caleb Turner,2026-05-07 05:58:20,Contacted
SUMM-D00109,SUMM-L00252,Gibson-Herrera,Lost,"$21,800",2026-05-16,Outbound,0.399,Summit HVAC - Installation,Andre Coleman,2026-05-04 01:18:23,Contacted
SUMM-D00110,SUMM-L00253,Rodriguez LLC,Lost,13700,2026-07-25,Outbound,,Summit HVAC - Installation,Caleb Turner,2026-05-03 11:29:38,Proposal
SUMM-D00111,SUMM-L00257,Leonard Ross and Case,Lost,3300,2026-05-04,Call Tracking,59.5,Summit HVAC - Emergency,Ben Foster,2026-05-02 22:35:23,Contacted
SUMM-D00112,SUMM-L00259,Davis-Bowers,LOST,5450,2026-05-13,phone,0.554,Summit HVAC - Maintenance,Caleb Turner,2026-05-03 18:43:13,Contacted
SUMM-D00113,SUMM-L00261,Flynn-Perez,Lost,3600,2026-05-03,Call Tracking,56.7%,Summit HVAC - Emergency,Maya Ortiz,2026-05-03 10:41:53,New
SUMM-D00114,SUMM-L00264,Sims-Cole,Closed Lost,6300,2026-05-14,Referral,,Summit HVAC - Maintenance,Hannah Price,2026-05-05 16:05:15,Contacted
SUMM-D00115,SUMM-L00266,Hughes LLC,Lost,4200,2026-05-06,Referral,0.558,Summit HVAC - Emergency,Ben Foster,2026-05-05 00:05:45,Qualified
SUMM-D00116,SUMM-L00268,Collins Inc,Lost,14650,2026-05-08,Call Tracking,0.432,Summit HVAC - Maintenance,Andre Coleman,2026-05-06 11:19:31,New
SUMM-D00117,SUMM-L00273,Williams Parker and White,Lost,4350,2026-05-07,INBOUND CALL,0.634,Summit HVAC - Emergency,Andre Coleman,2026-05-05 16:16:15,Contacted
SUMM-D00118,SUMM-L00276,Reyes Jones and Vazquez,Lost,20400,2026-05-14,Outbound,54.5%,Summit HVAC - Maintenance,Maya Ortiz,2026-05-10 15:11:42,New
SUMM-D00119,SUMM-L00277,Decker LLC,Lost,18050,2026-05-23,Google Ads,0.413,Summit HVAC - Installation,Caleb Turner,2026-05-10 12:09:30,Contacted
SUMM-D00120,SUMM-L00282,Poole-Santos,Won,20200,2026-06-28,Outbound,0.351,Summit HVAC - Installation,Maya Ortiz,2026-05-10 13:02:24,Won
SUMM-D00121,SUMM-L00287,Watkins-Wheeler,Closed Lost,13100,2026-05-12,Outbound,0.462,Summit HVAC - Maintenance,Hannah Price,2026-05-08 20:27:21,Contacted
SUMM-D00122,SUMM-L00288,Phillips PLC,Lost,9350,2026-05-26,Outbound,,Summit HVAC - Installation,Hannah Price,2026-05-15 01:36:49,Contacted
SUMM-D00123,SUMM-L00289,Cook-Hernandez,Lost,19450,2026-06-27,Outbound,,Summit HVAC - Installation,Lucia Romero,2026-05-07 22:20:13,Contacted
SUMM-D00124,SUMM-L00291,Thomas Long and Evans,Lost,1850,2026-05-08,Call Tracking,55.6%,Summit HVAC - Emergency,Caleb Turner,2026-05-07 11:22:42,Contacted
SUMM-D00125,SUMM-L00292,Frazier Ltd,Lost,"$7,200",2026-05-18, prospecting ,48.3,Summit HVAC - Maintenance,Caleb Turner,2026-05-08 18:04:10,Contacted
SUMM-D00126,SUMM-L00294,Strickland PLC,Lost,5900,2026-05-24,Outbound,0.447,Summit HVAC - Maintenance,Hannah Price,2026-05-10 05:19:58,Contacted
SUMM-D00127,SUMM-L00296,Perez Inc,Lost,7950,2026-06-03,PPC,0.493,Summit HVAC - Installation,Caleb Turner,2026-05-12 16:19:22,Contacted
SUMM-D00128,SUMM-L00297,Price-Wood,Won,7000,2026-06-10,PHONE,0.471,Summit HVAC - Maintenance,Ben Foster,2026-05-11 11:36:25,Won
SUMM-D00129,SUMM-L00301,Dominguez Ltd,Lost,19150,2026-05-16,Outbound,38.4%,Summit HVAC - Installation,Maya Ortiz,2026-05-09 16:54:56,Contacted
SUMM-D00130,SUMM-L00302,Hill Group,Lost,13200,2026-05-14,sdr,,Summit HVAC - Installation,Caleb Turner,2026-05-09 11:05:16,New
SUMM-D00131,SUMM-L00307,Nelson-Bennett,Closed Won,"$2,900",2026-05-12,Call Tracking,0.537,Summit HVAC - Emergency,Ben Foster,2026-05-09 10:28:20,Won
SUMM-D00132,SUMM-L00310,Leonard-Robinson,Closed Lost,2050,2026-05-10,CALLRAIL + LSA,50.3%,Summit HVAC - Emergency,Hannah Price,2026-05-09 11:00:23,Contacted
SUMM-D00133,SUMM-L00311,Carr-Taylor,Closed Lost,3500,2026-05-10,Referral,0.675,Summit HVAC - Emergency,Andre Coleman,2026-05-09 14:53:22,Contacted
SUMM-D00134,SUMM-L00313,Marsh-Young,Won,"$1,550",2026-05-17,Phone,0.666,Summit HVAC - Emergency,Ben Foster,2026-05-10 00:18:59,Won
SUMM-D00135,SUMM-L00314,Poole Bradley and Fisher,Lost,9300,2026-05-18,Outbound,0.394,Summit HVAC - Installation,Andre Coleman,2026-05-13 19:27:20,Qualified
SUMM-D00136,SUMM-L00315,Salazar-Brown,Lost,5650,2026-05-27,Outbound,0.41,Summit HVAC - Installation,Hannah Price,2026-05-10 18:59:35,Contacted
SUMM-D00137,SUMM-L00316,Williams Inc,Closed Lost,2950,2026-05-11, sdr ,0.52,Summit HVAC - Emergency,Caleb Turner,2026-05-09 23:48:39,Qualified
SUMM-D00138,SUMM-L00320,Frey Group,Lost,4400,2026-05-12,Google Ads,0.521,Summit HVAC - Emergency,Maya Ortiz,2026-05-10 20:42:38,Contacted
SUMM-D00139,SUMM-L00322,Bautista Group,Lost,"$4,700",2026-05-16,Call Tracking,0.53,Summit HVAC - Maintenance,Caleb Turner,2026-05-13 13:28:50,Contacted
SUMM-D00140,SUMM-L00324,Foster Brown and Pierce,Lost,2500,2026-05-12,google,0.546,Summit HVAC - Emergency,Hannah Price,2026-05-11 16:22:24,Contacted
SUMM-D00141,SUMM-L00330,Rhodes Group,Lost,"$7,850",2026-05-17,Referral,0.48,Summit HVAC - Maintenance,Lucia Romero,2026-05-13 02:36:47,Contacted
SUMM-D00142,SUMM-L00332,Kennedy-Smith,Won,8500,2026-05-29,Outbound,0.479,Summit HVAC - Maintenance,Lucia Romero,2026-05-13 16:42:22,Won
SUMM-D00143,SUMM-L00337,Frazier-Young,Closed Lost,"$3,850",2026-05-13,Google Ads,54.9%,Summit HVAC - Emergency,Andre Coleman,2026-05-12 14:30:45,Contacted
SUMM-D00144,SUMM-L00338,Parsons Inc,Won,4050,2026-06-17,Outbound,0.444,Summit HVAC - Maintenance,Ben Foster,2026-05-14 18:21:21,Won
SUMM-D00145,SUMM-L00340,Lynch PLC,Lost,6700,2026-05-19, outbound - sdr ,0.552,Summit HVAC - Maintenance,Caleb Turner,2026-05-13 17:36:26,Contacted
SUMM-D00146,SUMM-L00342,Hayes-Walker,Lost,"$3,800",2026-05-14,Cold Email,54.7%,Summit HVAC - Emergency,Lucia Romero,2026-05-12 23:40:19,Qualified
SUMM-D00147,SUMM-L00344,Anderson Torres and Harris,Lost,4300,2026-05-14,Call Tracking,52.9%,Summit HVAC - Emergency,Andre Coleman,2026-05-12 20:25:39,Contacted
SUMM-D00148,SUMM-L00345,Robbins Jensen and Vega,Lost,3000,2026-05-14,Google Ads,,Summit HVAC - Emergency,Hannah Price,2026-05-12 20:43:43,Contacted
SUMM-D00149,SUMM-L00348,Mullen Ltd,Lost,7850,2026-06-07,Outbound,0.512,Summit HVAC - Maintenance,Ben Foster,2026-05-13 22:47:26,Proposal
SUMM-D00150,SUMM-L00349,Rodriguez Group,closedlost,10050,2026-05-14,Google Ads,35.3%,Summit HVAC - Installation,Caleb Turner,2026-05-13 20:34:35,New
SUMM-D00151,SUMM-L00350,Hicks Jenkins and Ross,Lost,6000,2026-05-14,Google Ads,0.568,Summit HVAC - Emergency,Caleb Turner,2026-05-13 16:54:28,Contacted
SUMM-D00152,SUMM-L00352,Lynch PLC,Lost,"$22,850",2026-06-05,referal,38.8,Summit HVAC - Installation,Caleb Turner,2026-05-15 03:55:08,Qualified
SUMM-D00153,SUMM-L00357,Morris Davis and Cook,Lost,1500,2026-05-15,Call Tracking,59.1,Summit HVAC - Emergency,Ben Foster,2026-05-14 18:48:40,Contacted
SUMM-D00154,SUMM-L00362,Clarke-Casey,Lost,9750,2026-05-23,Outbound,0.466,Summit HVAC - Maintenance,Caleb Turner,2026-05-19 13:35:39,Contacted
SUMM-D00155,SUMM-L00365,Peck LLC,Lost,1350,2026-05-18,Call Tracking,0.51,Summit HVAC - Emergency,Caleb Turner,2026-05-16 04:07:52,Qualified
SUMM-D00156,SUMM-L00366,Black PLC,Lost,8550,2026-06-05,partner referral,47.9%,Summit HVAC - Maintenance,Maya Ortiz,2026-05-18 16:16:06,Contacted
SUMM-D00157,SUMM-L00369,Wood Kennedy and Hanson,Lost,10050,2026-06-15,partner referral,0.361,Summit HVAC - Installation,Andre Coleman,2026-05-18 19:40:55,Qualified
SUMM-D00158,SUMM-L00370,Harrington Group,Lost,15500,2026-06-21,GOOGLE,0.385,Summit HVAC - Installation,Summit Dispatch Queue,2026-05-22 23:39:08,Contacted
SUMM-D00159,SUMM-L00371,Pacheco PLC,Lost,6750,2026-05-31,Outbound,0.528,Summit HVAC - Maintenance,Caleb Turner,2026-05-18 02:32:29,Contacted
SUMM-D00160,SUMM-L00372,Reed-White,Lost,2700,2026-05-16,Call Tracking,,Summit HVAC - Emergency,Andre Coleman,2026-05-16 09:58:19,Contacted
SUMM-D00161,SUMM-L00374,Gray Smith and Crawford,Won,4950,2026-05-19, sdr ,0.504,Summit HVAC - Emergency,Maya Ortiz,2026-05-16 08:37:44,Won
SUMM-D00162,SUMM-L00375,Black LLC,closedlost,3400,2026-05-18,Google Ads,0.623,Summit HVAC - Emergency,Caleb Turner,2026-05-16 11:11:39,Contacted
SUMM-D00163,SUMM-L00377,Santiago-Smith,Lost,"$4,650",2026-06-07,Meta Ads,48.6,Summit HVAC - Maintenance,Hannah Price,2026-05-18 19:45:34,Qualified
SUMM-D00164,SUMM-L00378,Stanley-Smith,Lost,3250,2026-05-18,google ads search,48.9%,Summit HVAC - Emergency,Hannah Price,2026-05-17 06:48:15,Contacted
SUMM-D00165,SUMM-L00381,Rojas Cooper and Martin,Lost,3300,2026-05-21,Call Tracking,0.547,Summit HVAC - Emergency,Hannah Price,2026-05-17 11:42:30,Proposal
SUMM-D00166,SUMM-L00382,Lawrence Terry and Fritz,Lost,3000,2026-05-18,Google Ads,49.7%,Summit HVAC - Emergency,Lucia Romero,2026-05-17 18:28:25,Contacted
SUMM-D00167,SUMM-L00383,Stone Ltd,Lost,4300,2026-05-31,Outbound,52.4,Summit HVAC - Maintenance,Lucia Romero,2026-05-18 19:50:26,Contacted
SUMM-D00168,SUMM-L00386,Ortiz Bryant and Hunter,Lost,3200,2026-05-27,Referral,45.2%,Summit HVAC - Maintenance,Caleb Turner,2026-05-18 21:07:25,Contacted
SUMM-D00169,SUMM-L00387,Curry Ltd,Lost,16200,2026-05-23,Call Tracking,0.342,Summit HVAC - Installation,Hannah Price,2026-05-20 00:27:06,New
SUMM-D00170,SUMM-L00397,Roberson-Cole,closedlost,21000,2026-05-28,Referal,40.9,Summit HVAC - Installation,Maya Ortiz,2026-05-21 19:37:32,New
SUMM-D00171,SUMM-L00398,Miller-Perez,Won,1950,2026-05-21,Call Tracking,0.594,Summit HVAC - Emergency,Maya Ortiz,2026-05-19 01:28:35,Won
SUMM-D00172,SUMM-L00399,Weber PLC,LOST,9950,2026-06-02,Sdr Program,0.565,Summit HVAC - Maintenance,Caleb Turner,2026-05-19 13:25:31,Contacted
SUMM-D00173,SUMM-L00402,Williams-Weber,Lost,6300,2026-05-31,Outbound,0.491,Summit HVAC - Maintenance,Maya Ortiz,2026-05-19 00:57:36,Contacted
SUMM-D00174,SUMM-L00404,Owens Burns and Davis,Lost,4900,2026-05-20, word of mouth ,0.5,Summit HVAC - Emergency,Andre Coleman,2026-05-19 04:18:35,Contacted
SUMM-D00175,SUMM-L00406,Porter Gonzalez and Thornton,LOST,2200,2026-05-20,Inbound call,52.9%,Summit HVAC - Emergency,Caleb Turner,2026-05-19 18:32:50,Contacted
SUMM-D00176,SUMM-L00408,Nixon-Allen,closedlost,9300,2026-05-25,Outbound,55.7%,Summit HVAC - Maintenance,Lucia Romero,2026-05-23 03:16:37,Contacted
SUMM-D00177,SUMM-L00415,Kramer Ltd,closedlost,6600,2026-05-21,Outbound,0.576,Summit HVAC - Emergency,Caleb Turner,2026-05-21 01:58:47,New
SUMM-D00178,SUMM-L00420,Brooks PLC,Lost,"$11,800",2026-07-24,Referral,0.372,Summit HVAC - Installation,Andre Coleman,2026-05-22 01:16:58,Proposal
SUMM-D00179,SUMM-L00421,Alvarado-Booker,Lost,33400,2026-07-27,sdr program,0.43,Summit HVAC - Installation,Caleb Turner,2026-05-24 03:30:59,Proposal
SUMM-D00180,SUMM-L00422,Calderon Inc,Lost,10650,2026-06-06,outbound - sdr,44.8%,Summit HVAC - Maintenance,Hannah Price,2026-05-24 13:42:48,Contacted
SUMM-D00181,SUMM-L00424,Andrews-Scott,Lost,4300,2026-06-02,Referral,0.545,Summit HVAC - Maintenance,Lucia Romero,2026-05-24 19:38:11,Contacted
SUMM-D00182,SUMM-L00425,Townsend-Stone,Lost,7050,2026-05-24,Outbound,,Summit HVAC - Emergency,Maya Ortiz,2026-05-22 03:39:59,Contacted
SUMM-D00183,SUMM-L00430,Everett-Bishop,Won,6850,2026-06-27,SDR PROGRAM,0.511,Summit HVAC - Maintenance,Caleb Turner,2026-05-22 11:37:21,Won
SUMM-D00184,SUMM-L00432,Powell Ltd,Lost,11900,2026-06-12,Outbound,37.8,Summit HVAC - Installation,Caleb Turner,2026-05-30 05:24:03,Contacted
SUMM-D00185,SUMM-L00433,Lopez-Carter,Lost,16550,2026-06-13,sdr,39.0%,Summit HVAC - Installation,Caleb Turner,2026-05-29 01:31:08,Contacted
SUMM-D00186,SUMM-L00435,Mcmillan Inc,Closed Won,"$6,700",2026-05-29, google ,0.552,Summit HVAC - Emergency,Hannah Price,2026-05-22 16:17:06,Won
SUMM-D00187,SUMM-L00436,Pearson-Daniels,Lost,7900,2026-06-06,Phone,53.9,Summit HVAC - Maintenance,Hannah Price,2026-05-22 18:01:44,Contacted
SUMM-D00188,SUMM-L00438,Garcia Mckay and Christian,closedlost,2250,2026-05-25,Referral,56.8%,Summit HVAC - Emergency,Hannah Price,2026-05-22 15:41:14,Contacted
SUMM-D00189,SUMM-L00444,Stevens Morrison and Singleton,Lost,5150,2026-05-23,Call Tracking,0.574,Summit HVAC - Emergency,Ben Foster,2026-05-23 05:35:14,New
SUMM-D00190,SUMM-L00445,Howe-Little,Lost,3300,2026-05-23,Call Tracking,0.547,Summit HVAC - Emergency,Caleb Turner,2026-05-23 04:18:27,New
SUMM-D00191,SUMM-L00446,Roberts PLC,LOST,9300,2026-05-24,SDR,0.502,Summit HVAC - Maintenance,Lucia Romero,2026-05-23 22:42:15,New
SUMM-D00192,SUMM-L00447,Barron Hess and Jones,Lost,3300,2026-05-24,Referral,0.547,Summit HVAC - Emergency,Maya Ortiz,2026-05-23 22:18:12,Contacted
SUMM-D00193,SUMM-L00448,Holmes PLC,Closed Lost,4300,2026-05-27,Referral,48.9%,Summit HVAC - Maintenance,Hannah Price,2026-05-25 00:05:48,New
SUMM-D00194,SUMM-L00450,Reynolds-Hernandez,Won,5200,2026-06-09,Referral,50.8%,Summit HVAC - Maintenance,Andre Coleman,2026-05-25 03:11:30,Won
SUMM-D00195,SUMM-L00452,Randall-Shaw,Closed Lost,"$17,050",2026-06-01,Outbound,44.2,Summit HVAC - Installation,Caleb Turner,2026-05-25 18:02:09,Contacted
SUMM-D00196,SUMM-L00453,Hernandez Arnold and Nelson,LOST,"$2,550",2026-05-25,callrail + lsa,49.7,Summit HVAC - Emergency,Caleb Turner,2026-05-24 07:04:35,Contacted
SUMM-D00197,SUMM-L00456,Kaufman Jones and David,closedlost,9400,2026-06-28,SDR,0.515,Summit HVAC - Maintenance,Lucia Romero,2026-05-29 12:51:08,Proposal
SUMM-D00198,SUMM-L00458,Garcia-Beard,Lost,2400,2026-05-25,Call Tracking,0.494,Summit HVAC - Emergency,Lucia Romero,2026-05-25 13:02:54,New
SUMM-D00199,SUMM-L00460,Floyd-Russo,closedlost,9200,2026-05-29, referral payouts ,53.5%,Summit HVAC - Maintenance,Hannah Price,2026-05-26 02:53:21,New
SUMM-D00200,SUMM-L00461,Anderson-Woodard,LOST,6350,2026-06-11,Referral,0.453,Summit HVAC - Maintenance,Maya Ortiz,2026-05-29 00:13:25,Contacted
SUMM-D00201,SUMM-L00464,Davis Lam and Scott,Lost,2250,2026-05-26,Call Tracking,54.1,Summit HVAC - Emergency,Ben Foster,2026-05-26 00:48:27,New
SUMM-D00202,SUMM-L00465,Martinez Ltd,Lost,3300,2026-05-28,Outbound,52.7%,Summit HVAC - Emergency,Caleb Turner,2026-05-26 00:35:00,Contacted
SUMM-D00203,SUMM-L00469,Hall-Boyle,Lost,4950,2026-06-01,Referral,,Summit HVAC - Maintenance,Ben Foster,2026-05-27 17:39:27,Contacted
SUMM-D00204,SUMM-L00470,Warner Group,Closed Lost,3200,2026-05-26,PPC,,Summit HVAC - Emergency,Hannah Price,2026-05-26 00:05:59,Contacted
SUMM-D00205,SUMM-L00476,Mcclure-Jones,Lost,2700,2026-05-29,Outbound,0.585,Summit HVAC - Emergency,Andre Coleman,2026-05-26 22:04:52,Qualified
SUMM-D00206,SUMM-L00477,Parker Gomez and Sanchez,LOST,4750,2026-06-01,Call Tracking,0.486,Summit HVAC - Maintenance,Caleb Turner,2026-05-28 00:59:28,Contacted
SUMM-D00207,SUMM-L00478,Adams-Salinas,Closed Won,4350,2026-06-01,Call Tracking,0.574,Summit HVAC - Emergency,Maya Ortiz,2026-05-27 11:59:31,Won
SUMM-D00208,SUMM-L00479,Howard Sanchez and Richmond,LOST,"$8,000",2026-06-03, partner referral ,0.57,Summit HVAC - Maintenance,Ben Foster,2026-05-27 20:27:37,Contacted
SUMM-D00209,SUMM-L00481,Cabrera Ramos and Lara,Lost,10050,2026-06-03,Word of mouth,0.417,Summit HVAC - Installation,Hannah Price,2026-05-30 04:00:18,Contacted
SUMM-D00210,SUMM-L00483,Campbell Myers and Williamson,Lost,10950,2026-06-09,Meta Ads,55.8,Summit HVAC - Maintenance,Hannah Price,2026-05-31 22:52:45,Contacted
SUMM-D00211,SUMM-L00485,Wilson Parrish and Davis,Lost,5900,2026-05-29,Google Ads,57.7,Summit HVAC - Maintenance,Maya Ortiz,2026-05-28 16:15:30,New
SUMM-D00212,SUMM-L00488,Davis-Burns,Lost,14250,2026-06-07, word of mouth ,38.1,Summit HVAC - Installation,Andre Coleman,2026-05-28 17:40:27,Contacted
SUMM-D00213,SUMM-L00491,Carroll Brown and Flores,Lost,4250,2026-05-29,Call Tracking,0.529,Summit HVAC - Emergency,Andre Coleman,2026-05-28 16:05:38,Contacted
SUMM-D00214,SUMM-L00493,Johnson-Taylor,Lost,8400,2026-06-13,Outbound,50.6%,Summit HVAC - Maintenance,Andre Coleman,2026-05-30 23:15:24,Contacted
SUMM-D00215,SUMM-L00495,Jones-Jones,Lost,2650,2026-05-29,Call Tracking,0.508,Summit HVAC - Emergency,Hannah Price,2026-05-29 01:27:28,Contacted
SUMM-D00216,SUMM-L00496,Gilbert Oneill and Carney,LOST,3200,2026-05-29,GOOGLE,0.581,Summit HVAC - Emergency,Lucia Romero,2026-05-28 17:55:26,Contacted
SUMM-D00217,SUMM-L00497,Harding-Hernandez,Won,2400,2026-06-01,Outbound,,Summit HVAC - Emergency,Lucia Romero,2026-05-28 23:32:28,Won
SUMM-D00218,SUMM-L00499,Neal Lin and Garza,Lost,9250,2026-06-01,Outbound,,Summit HVAC - Maintenance,Caleb Turner,2026-05-30 07:59:23,New
SUMM-D00219,SUMM-L00501,Norris-Cox,won,7900,2026-06-22,Referral,,Summit HVAC - Maintenance,Maya Ortiz,2026-06-01 18:48:30,Won
SUMM-D00220,SUMM-L00508,Bishop LLC,Lost,3500,2026-06-11,Outbound,47.3,Summit HVAC - Maintenance,Maya Ortiz,2026-05-31 02:09:39,Proposal
SUMM-D00221,SUMM-L00511,Park Lawrence and Little,Lost,8350,2026-06-08,Outbound,0.553,Summit HVAC - Maintenance,Maya Ortiz,2026-05-30 22:09:20,Contacted
SUMM-D00222,SUMM-L00513,Thompson Williamson and Richmond,LOST,"$2,800",2026-06-03,Callrail,0.51,Summit HVAC - Emergency,Maya Ortiz,2026-05-31 01:51:46,Contacted
SUMM-D00223,SUMM-L00515,Simpson Parker and Schmidt,closedlost,11550,2026-06-11,sdr,54.1,Summit HVAC - Maintenance,Hannah Price,2026-05-30 23:41:48,Qualified
SUMM-D00224,SUMM-L00516,Park LLC,Closed Won,3650,2026-06-17,Outbound,48.2,Summit HVAC - Maintenance,Caleb Turner,2026-06-01 06:48:50,Won
SUMM-D00225,SUMM-L00518,Norris-Hughes,Lost,4350,2026-06-14,Outbound,0.574,Summit HVAC - Maintenance,Andre Coleman,2026-06-02 02:06:26,Qualified
SUMM-D00226,SUMM-L00519,Beasley-Brown,Lost,33350,2026-06-29,GOOGLE ADS SEARCH,0.404,Summit HVAC - Installation,Caleb Turner,2026-06-05 14:11:34,Contacted
SUMM-D00227,SUMM-L00522,Hughes-Shelton,Lost,16600,2026-06-18,Referral,0.381,Summit HVAC - Installation,Caleb Turner,2026-06-08 21:59:42,Contacted
SUMM-D00228,SUMM-L00525,Miller Perez and Ramirez,Lost,8100,2026-06-25,Outbound,0.458,Summit HVAC - Installation,Maya Ortiz,2026-06-08 09:48:31,Contacted
SUMM-D00229,SUMM-L00527,Wilson-Taylor,Won,5150,2026-06-08,Google_cpc,0.533,Summit HVAC - Emergency,Hannah Price,2026-06-01 18:19:15,Won
SUMM-D00230,SUMM-L00528,Haney-Tucker,Lost,"$13,650",2026-06-20,Referral,0.348,Summit HVAC - Installation,Lucia Romero,2026-06-06 21:16:16,Contacted
SUMM-D00231,SUMM-L00531,Abbott and Sons,Closed Lost,8900,2026-06-10,Outbound,0.513,Summit HVAC - Maintenance,Andre Coleman,2026-06-02 07:45:48,Contacted
SUMM-D00232,SUMM-L00533,Williams Gonzalez and Reynolds,Lost,"$11,150",2026-06-20, partner referral ,58.2,Summit HVAC - Maintenance,Andre Coleman,2026-06-04 08:27:22,Contacted
SUMM-D00233,SUMM-L00536,Owens Washington and Jones,Lost,4450,2026-06-07,Meta Ads,52.3%,Summit HVAC - Maintenance,Lucia Romero,2026-06-05 01:35:15,New
SUMM-D00234,SUMM-L00538,Roy Spencer and Hall,Lost,25250,2026-06-08,Meta Ads,0.416,Summit HVAC - Installation,Lucia Romero,2026-06-05 14:05:25,New
SUMM-D00235,SUMM-L00539,Bishop Group,Won,1850,2026-06-05,Call Tracking,0.581,Summit HVAC - Emergency,Andre Coleman,2026-06-02 15:49:54,Won
SUMM-D00236,SUMM-L00540,White PLC,Lost,9600,2026-06-10,Outbound,0.537,Summit HVAC - Maintenance,Caleb Turner,2026-06-04 04:42:58,Contacted
SUMM-D00237,SUMM-L00553,Wright LLC,LOST,9100,2026-06-14, referral payouts ,39.1,Summit HVAC - Installation,Caleb Turner,2026-06-05 17:47:52,Contacted
SUMM-D00238,SUMM-L00557,Martin Inc,Lost,5100,2026-06-11,Call Tracking,0.567,Summit HVAC - Maintenance,Hannah Price,2026-06-08 05:52:41,Contacted
SUMM-D00239,SUMM-L00562,Ramos-Short,Won,4850,2026-07-27,Call Tracking,38.0,Summit HVAC - Installation,Caleb Turner,2026-06-05 09:48:04,Won
SUMM-D00240,SUMM-L00563,Crawford-Newman,Lost,9300,2026-06-14,Outbound,0.488,Summit HVAC - Maintenance,Ben Foster,2026-06-04 22:44:56,Contacted
SUMM-D00241,SUMM-L00564,Freeman Kennedy and Escobar,Lost,10850,2026-06-15,Outbound,52.9,Summit HVAC - Maintenance,Maya Ortiz,2026-06-06 05:49:58,Contacted
SUMM-D00242,SUMM-L00565,Walsh Brown and Baldwin,Closed Won,10200,2026-07-08,Google Ads,52.3,Summit HVAC - Maintenance,Maya Ortiz,2026-06-13 02:27:36,Won
SUMM-D00243,SUMM-L00567,Odonnell Inc,Lost,2350,2026-06-04,Call Tracking,0.599,Summit HVAC - Emergency,Lucia Romero,2026-06-04 10:33:58,Contacted
SUMM-D00244,SUMM-L00568,Simpson-Donaldson,Closed Lost,"$5,550",2026-06-20,Meta Ads,49.9%,Summit HVAC - Maintenance,Andre Coleman,2026-06-05 19:14:47,Proposal
SUMM-D00245,SUMM-L00571,Hines Sosa and Morrison,Lost,"$10,000",2026-06-15,Google Ads,0.517,Summit HVAC - Maintenance,Caleb Turner,2026-06-05 17:35:51,Contacted
SUMM-D00246,SUMM-L00573,Miller Gray and Wagner,Lost,6500,2026-06-15,Outbound,0.538,Summit HVAC - Maintenance,Caleb Turner,2026-06-05 22:28:29,Contacted
SUMM-D00247,SUMM-L00574,Richardson-Lee,Lost,4300,2026-06-05,PROSPECTING,56.2%,Summit HVAC - Emergency,Andre Coleman,2026-06-04 20:39:52,Contacted
SUMM-D00248,SUMM-L00575,Howell-Sherman,Won,5200,2026-06-21,Outbound,0.498,Summit HVAC - Maintenance,Maya Ortiz,2026-06-06 23:37:45,Won
SUMM-D00249,SUMM-L00583,Craig and Sons,Lost,"$4,100",2026-06-06,google,0.577,Summit HVAC - Emergency,Maya Ortiz,2026-06-05 11:35:09,Contacted
SUMM-D00250,SUMM-L00584,Simpson Jackson and Kelley,Lost,"$17,350",2026-06-23,Google Ads,48.2,Summit HVAC - Maintenance,Andre Coleman,2026-06-06 03:40:48,Qualified
SUMM-D00251,SUMM-L00586,Williams Cruz and Carroll,Lost,16600,2026-07-05,Call Tracking,0.456,Summit HVAC - Maintenance,Andre Coleman,2026-06-10 17:03:43,Contacted
SUMM-D00252,SUMM-L00590,Sosa-Phillips,Lost,5650,2026-06-08,Referral,0.492,Summit HVAC - Maintenance,Maya Ortiz,2026-06-07 21:31:31,New
SUMM-D00253,SUMM-L00591,Meyer-Wood,Lost,5350,2026-06-16,Outbound,0.52,Summit HVAC - Maintenance,Maya Ortiz,2026-06-08 13:13:09,Contacted
SUMM-D00254,SUMM-L00596,Orozco PLC,Lost,3950,2026-06-07,Call Tracking,0.566,Summit HVAC - Emergency,Caleb Turner,2026-06-06 14:29:18,Contacted
SUMM-D00255,SUMM-L00597,Thomas Rocha and Graham,Lost,6300,2026-06-21,Outbound,0.503,Summit HVAC - Maintenance,Hannah Price,2026-06-09 23:26:53,Contacted
SUMM-D00256,SUMM-L00606,Morgan-Bond,closedlost,4850,2026-06-23,Outbound,0.501,Summit HVAC - Maintenance,Caleb Turner,2026-06-09 20:10:18,Contacted
SUMM-D00257,SUMM-L00607,Roberts-Mitchell,Won,15800,2026-06-21,PARTNER REFERRAL,0.44,Summit HVAC - Maintenance,Caleb Turner,2026-06-08 03:03:38,Won
SUMM-D00258,SUMM-L00608,Gonzalez-Hawkins,Lost,"$4,850",2026-06-08,Call Tracking,45.2%,Summit HVAC - Emergency,Andre Coleman,2026-06-07 13:45:38,New
SUMM-D00259,SUMM-L00609,Barnett Horn and Mcgee,Closed Lost,"$13,800",2026-06-21,Google ads search,0.363,Summit HVAC - Installation,Lucia Romero,2026-06-08 20:39:19,Contacted
SUMM-D00260,SUMM-L00611,Dodson Rios and Barnett,Lost,3300,2026-06-07,Call Tracking,52.2,Summit HVAC - Emergency,Maya Ortiz,2026-06-07 21:47:25,New
SUMM-D00261,SUMM-L00612,Bryant Copeland and Everett,Lost,2750,2026-06-08,Phone,0.46,Summit HVAC - Emergency,Andre Coleman,2026-06-07 20:43:28,New
SUMM-D00262,SUMM-L00615,Pope Mueller and Ruiz,Lost,2150,2026-06-09,Callrail,0.633,Summit HVAC - Emergency,Lucia Romero,2026-06-08 07:49:05,Contacted
SUMM-D00263,SUMM-L00618,Perez-Johnson,won,2800,2026-06-15,referral payouts,55.3,Summit HVAC - Emergency,Ben Foster,2026-06-08 16:12:35,Won
SUMM-D00264,SUMM-L00620,Weaver Inc,Lost,4250,2026-06-11,Local Services Ads,49.9,Summit HVAC - Emergency,Andre Coleman,2026-06-09 00:06:49,Qualified
SUMM-D00265,SUMM-L00622,Smith-Martin,LOST,2450,2026-06-09,Call Tracking,46.4%,Summit HVAC - Emergency,Caleb Turner,2026-06-08 15:44:21,Contacted
SUMM-D00266,SUMM-L00624,Garcia-Munoz,Lost,10750,2026-06-24,Google Ads,,Summit HVAC - Maintenance,Summit Dispatch Queue,2026-06-11 09:06:38,Qualified
SUMM-D00267,SUMM-L00625,Martin-Johnson,Lost,9900,2026-06-13,Outbound,0.421,Summit HVAC - Maintenance,Lucia Romero,2026-06-11 23:05:41,New
SUMM-D00268,SUMM-L00629,King Evans and Vaughan,Lost,4100,2026-06-19,Meta Ads,0.553,Summit HVAC - Maintenance,Andre Coleman,2026-06-10 00:41:39,Contacted
SUMM-D00269,SUMM-L00630,Gilbert Ltd,Lost,6300,2026-06-25,cold email,0.501,Summit HVAC - Maintenance,Caleb Turner,2026-06-10 03:17:12,Contacted
SUMM-D00270,SUMM-L00631,Stevens PLC,Won,3050,2026-06-13,WORD OF MOUTH,55.6%,Summit HVAC - Emergency,Hannah Price,2026-06-09 08:37:53,Won
SUMM-D00271,SUMM-L00636,Curtis Holt and Mcconnell,LOST,13750,2026-07-07,Outbound,50.3,Summit HVAC - Maintenance,Hannah Price,2026-06-11 06:19:41,Contacted
SUMM-D00272,SUMM-L00639,Johnson Brooks and Sandoval,closedlost,3550,2026-06-09,OUTBOUND - SDR,53.6%,Summit HVAC - Emergency,Ben Foster,2026-06-09 18:09:49,New
SUMM-D00273,SUMM-L00644,Brown Fuller and Ramirez,Closed Lost,13950,2026-06-20,Referral,0.668,Summit HVAC - Maintenance,Hannah Price,2026-06-12 06:52:14,Contacted
SUMM-D00274,SUMM-L00647,Morton-Davis,Closed Won,2500,2026-06-15,Outbound,0.55,Summit HVAC - Emergency,Caleb Turner,2026-06-10 17:33:58,Won
SUMM-D00275,SUMM-L00652,Hood Group,Lost,3300,2026-06-11,Call Tracking,0.576,Summit HVAC - Emergency,Hannah Price,2026-06-10 18:15:00,Contacted
SUMM-D00276,SUMM-L00655,Thomas Williams and Hughes,Closed Won,11650,2026-07-30,REFERRAL PAYOUTS,0.432,Summit HVAC - Installation,Maya Ortiz,2026-06-12 11:03:00,Won
SUMM-D00277,SUMM-L00656,Morales PLC,closedwon,32950,2026-07-13,Ppc,45.2,Summit HVAC - Installation,Maya Ortiz,2026-06-13 05:50:08,Won
SUMM-D00278,SUMM-L00659,Jones-Bailey,Won,7450,2026-07-05, referal ,0.497,Summit HVAC - Maintenance,Hannah Price,2026-06-17 15:15:44,Won
SUMM-D00279,SUMM-L00661,West Group,Lost,7100,2026-06-18,Outbound,0.514,Summit HVAC - Maintenance,Caleb Turner,2026-06-11 20:54:33,Contacted
SUMM-D00280,SUMM-L00664,Bailey Davis and Haynes,Lost,5100,2026-06-24, sdr program ,50.3,Summit HVAC - Maintenance,Ben Foster,2026-06-14 11:56:27,Contacted
SUMM-D00281,SUMM-L00667,Young Ltd,Lost,22950,2026-08-14,Google Ads,0.331,Summit HVAC - Installation,Caleb Turner,2026-06-14 05:21:56,Proposal
SUMM-D00282,SUMM-L00670,Romero Hughes and Wells,Lost,"$2,450",2026-07-07,Call Tracking,0.572,Summit HVAC - Maintenance,Maya Ortiz,2026-06-17 03:13:15,Proposal
SUMM-D00283,SUMM-L00674,Baker Wallace and Johnston,Closed Won,23950,2026-07-19,Meta Ads,0.448,Summit HVAC - Maintenance,Maya Ortiz,2026-06-14 02:33:45,Won
SUMM-D00284,SUMM-L00677,Rodriguez Inc,Won,3950,2026-06-17,Inbound call,0.459,Summit HVAC - Emergency,Caleb Turner,2026-06-13 12:58:07,Won
SUMM-D00285,SUMM-L00678,Chang Inc,Lost,5100,2026-06-15,Call Tracking,0.572,Summit HVAC - Emergency,Maya Ortiz,2026-06-13 16:52:51,Proposal
SUMM-D00286,SUMM-L00680,Hansen Beasley and Greene,Lost,6300,2026-06-15,Outbound,0.506,Summit HVAC - Maintenance,Caleb Turner,2026-06-13 07:00:31,Contacted
SUMM-D00287,SUMM-L00681,Evans Ltd,Closed Lost,1800,2026-06-15, local services ads ,0.519,Summit HVAC - Emergency,Caleb Turner,2026-06-13 20:12:54,Contacted
SUMM-D00288,SUMM-L00682,Wallace PLC,Lost,10950,2026-07-02,Google Ads,0.394,Summit HVAC - Installation,Ben Foster,2026-06-16 06:05:03,Contacted
SUMM-D00289,SUMM-L00683,Hoover Johnson and Jackson,Lost,13450,2026-07-02,Referral,43.6%,Summit HVAC - Installation,Maya Ortiz,2026-06-17 20:47:26,New
SUMM-D00290,SUMM-L00684,Walker Brown and Hicks,Lost,8600,2026-07-01,Outbound,0.518,Summit HVAC - Maintenance,Maya Ortiz,2026-06-17 06:14:26,Contacted
SUMM-D00291,SUMM-L00685,Wells-Nicholson,Closed Lost,"$8,250",2026-07-26,SDR,0.365,Summit HVAC - Installation,Caleb Turner,2026-06-17 14:19:39,Proposal
SUMM-D00292,SUMM-L00686,Chandler Inc,Lost,"$7,250",2026-06-21,Outbound,54.0,Summit HVAC - Maintenance,Caleb Turner,2026-06-15 02:16:13,New
SUMM-D00293,SUMM-L00690,Black Group,Closed Lost,"$3,800",2026-06-15,Call Tracking,45.9%,Summit HVAC - Emergency,Andre Coleman,2026-06-14 17:15:42,Contacted
SUMM-D00294,SUMM-L00691,Marsh-Lowe,Lost,17250,2026-06-24,Call Tracking,33.0,Summit HVAC - Installation,Andre Coleman,2026-06-21 22:36:57,New
SUMM-D00295,SUMM-L00692,Sanchez and Sons,Won,7800,2026-07-24,Outbound,52.8,Summit HVAC - Maintenance,Lucia Romero,2026-06-18 11:52:36,Won
SUMM-D00296,SUMM-L00695,Jones-Franklin,closedlost,"$4,800",2026-07-12,Outbound,44.9%,Summit HVAC - Maintenance,Hannah Price,2026-06-17 00:07:21,Proposal
SUMM-D00297,SUMM-L00697,Arnold LLC,closedlost,24100,2026-06-29,Referral,40.7%,Summit HVAC - Installation,Summit Dispatch Queue,2026-06-18 12:06:08,Contacted
SUMM-D00298,SUMM-L00703,Mcconnell Group,Lost,2300,2026-06-20,Phone,0.53,Summit HVAC - Emergency,Hannah Price,2026-06-16 15:06:28,Proposal
SUMM-D00299,SUMM-L00705,Matthews Inc,Lost,7000,2026-07-04,Outbound,55.7,Summit HVAC - Maintenance,Maya Ortiz,2026-06-16 23:11:40,Qualified
SUMM-D00300,SUMM-L00706,Rodriguez Gonzales and Ford,LOST,2250,2026-06-17,Call Tracking,47.7%,Summit HVAC - Emergency,Caleb Turner,2026-06-16 19:15:20,Contacted
SUMM-D00301,SUMM-L00708,Walker-Walker,closedlost,11300,2026-07-03,Referral,56.0%,Summit HVAC - Maintenance,Lucia Romero,2026-06-19 05:03:16,Contacted
SUMM-D00302,SUMM-L00709,Watkins-Farrell,Closed Lost,4650,2026-06-27,Outbound,0.412,Summit HVAC - Maintenance,Andre Coleman,2026-06-20 12:00:31,Contacted
SUMM-D00303,SUMM-L00710,Malone-Scott,Lost,27650,2026-06-22, referral payouts ,0.456,Summit HVAC - Installation,Caleb Turner,2026-06-19 06:32:55,Contacted
SUMM-D00304,SUMM-L00711,Davis-Garcia,LOST,4950,2026-06-23,SDR PROGRAM,0.467,Summit HVAC - Maintenance,Caleb Turner,2026-06-21 02:16:17,Contacted
SUMM-D00305,SUMM-L00712,Hamilton-Benitez,Lost,"$3,650",2026-06-20,Callrail,0.541,Summit HVAC - Emergency,Ben Foster,2026-06-17 20:45:17,Proposal
SUMM-D00306,SUMM-L00714,Hill-Mack,LOST,"$5,550",2026-06-19,Google Ads,,Summit HVAC - Maintenance,Ben Foster,2026-06-18 03:39:26,New
SUMM-D00307,SUMM-L00718,Miller and Sons,closedlost,2900,2026-06-19,Call Tracking,0.542,Summit HVAC - Emergency,Ben Foster,2026-06-17 20:48:01,Contacted
SUMM-D00308,SUMM-L00722,Jackson Ltd,Lost,4400,2026-06-20,Call Tracking,0.539,Summit HVAC - Emergency,Andre Coleman,2026-06-18 00:24:40,Qualified
SUMM-D00309,SUMM-L00724,Brown-Butler,closedlost,12850,2026-06-28,Google Ads,0.443,Summit HVAC - Installation,Maya Ortiz,2026-06-21 07:25:29,New
SUMM-D00310,SUMM-L00725,Harris-Hurst,closedlost,"$19,000",2026-07-07,Google Ads,39.7%,Summit HVAC - Installation,Hannah Price,2026-06-27 22:07:57,Contacted
SUMM-D00311,SUMM-L00726,Sanchez Group,Lost,5800,2026-06-28,Outbound,0.512,Summit HVAC - Maintenance,Caleb Turner,2026-06-19 13:39:51,Contacted
SUMM-D00312,SUMM-L00727,Maldonado Ltd,LOST,8300,2026-08-02,Google Ads,0.506,Summit HVAC - Installation,Caleb Turner,2026-06-20 06:24:30,Proposal
SUMM-D00313,SUMM-L00730,Kelley-Gilmore,Lost,"$7,750",2026-06-28,Outbound - Sdr,0.509,Summit HVAC - Maintenance,Maya Ortiz,2026-06-20 20:23:08,Contacted
SUMM-D00314,SUMM-L00732,Taylor Ltd,Lost,11050,2026-06-25,outbound - sdr,39.3%,Summit HVAC - Installation,Caleb Turner,2026-06-20 20:09:21,New
SUMM-D00315,SUMM-L00733,Pineda-Clark,Lost,"$21,650",2026-06-25,Outbound,0.41,Summit HVAC - Installation,Hannah Price,2026-06-20 05:28:22,New
SUMM-D00316,SUMM-L00736,Calderon-Shaffer,closedlost,8500,2026-06-26,Outbound,0.514,Summit HVAC - Maintenance,Caleb Turner,2026-06-21 02:26:07,Contacted
SUMM-D00317,SUMM-L00737,White Ltd,Lost,4000,2026-06-23,Google Ads,57.8,Summit HVAC - Emergency,Caleb Turner,2026-06-19 18:29:34,Proposal
SUMM-D00318,SUMM-L00739,Holder Smith and Hernandez,Won,"$20,950",2026-07-15, ppc ,36.7,Summit HVAC - Installation,Caleb Turner,2026-06-21 06:20:05,Won
SUMM-D00319,SUMM-L00740,Lopez-Dyer,Lost,4450,2026-06-21,Call Tracking,52.6,Summit HVAC - Emergency,Ben Foster,2026-06-20 00:40:06,Contacted
SUMM-D00320,SUMM-L00741,Wright Thompson and Wilson,LOST,10550,2026-06-27,Outbound,49.3,Summit HVAC - Maintenance,Lucia Romero,2026-06-21 01:00:44,Contacted
SUMM-D00321,SUMM-L00743,Gardner-Beard,closedlost,1750,2026-06-21,Call Tracking,,Summit HVAC - Emergency,Hannah Price,2026-06-21 00:50:03,Contacted
SUMM-D00322,SUMM-L00744,Barton Nguyen and Russell,LOST,"$5,500",2026-07-12,Referral,0.473,Summit HVAC - Maintenance,Andre Coleman,2026-06-21 20:00:57,Contacted
SUMM-D00323,SUMM-L00747,Elliott-Myers,Closed Lost,7300,2026-06-24,Outbound,0.41,Summit HVAC - Maintenance,Andre Coleman,2026-06-21 17:31:53,New
SUMM-D00324,SUMM-L00749,Shields-Le,closedlost,3800,2026-06-22,Referral,,Summit HVAC - Emergency,Caleb Turner,2026-06-21 13:18:41,Qualified
SUMM-D00325,SUMM-L00750,Reyes and Sons,Lost,11750,2026-06-25,Referral,0.481,Summit HVAC - Maintenance,Ben Foster,2026-06-22 05:23:38,Contacted
SUMM-D00326,SUMM-L00752,Harper Kim and Porter,Lost,7800,2026-06-27,Call Tracking,51.3%,Summit HVAC - Maintenance,Andre Coleman,2026-06-22 02:01:59,Contacted
SUMM-D00327,SUMM-L00753,Hicks Smith and Sherman,Lost,5500,2026-07-05,Call Tracking,,Summit HVAC - Maintenance,Ben Foster,2026-06-24 12:06:26,Contacted
SUMM-D00328,SUMM-L00755,Mercado-Jones,LOST,2750,2026-06-23,Referral,0.546,Summit HVAC - Emergency,Maya Ortiz,2026-06-22 06:26:47,Contacted
SUMM-D00329,SUMM-L00756,Ellison-Conley,LOST,5400,2026-06-24,Google Ads,49.1%,Summit HVAC - Maintenance,Maya Ortiz,2026-06-22 16:48:35,New
SUMM-D00330,SUMM-L00758,Greene Morris and Blevins,closedlost,8550,2026-07-07,Call Tracking,0.456,Summit HVAC - Maintenance,Lucia Romero,2026-06-25 11:10:27,Contacted
SUMM-D00331,SUMM-L00763,Payne-Ross,Won,8750,2026-07-20,Referral,0.492,Summit HVAC - Maintenance,Caleb Turner,2026-06-24 21:07:42,Won
SUMM-D00332,SUMM-L00764,Hernandez Patton and Rasmussen,Lost,2250,2026-06-23,word of mouth,56.4%,Summit HVAC - Emergency,Caleb Turner,2026-06-22 20:38:09,Qualified
SUMM-D00333,SUMM-L00768,Chavez Mack and Vasquez,closedlost,7450,2026-07-07,Referral,0.5,Summit HVAC - Maintenance,Maya Ortiz,2026-06-24 04:48:06,Contacted
SUMM-D00334,SUMM-L00772,Schultz Weiss and Reynolds,Lost,24400,2026-08-07,PHONE,0.404,Summit HVAC - Installation,Ben Foster,2026-06-27 19:59:13,Proposal
SUMM-D00335,SUMM-L00773,Smith-Wood,Lost,2200,2026-06-24,outbound - sdr,,Summit HVAC - Emergency,Maya Ortiz,2026-06-23 18:46:37,Contacted
SUMM-D00336,SUMM-L00776,Phillips LLC,Lost,"$9,900",2026-07-03,Outbound,0.454,Summit HVAC - Maintenance,Caleb Turner,2026-06-25 06:43:57,Contacted
SUMM-D00337,SUMM-L00777,Robertson Lawrence and Calhoun,Lost,5100,2026-06-25,Outbound,0.486,Summit HVAC - Emergency,Lucia Romero,2026-06-24 06:03:59,Contacted
SUMM-D00338,SUMM-L00779,Dorsey King and Holloway,Lost,"$12,750",2026-07-07,Referral,0.38,Summit HVAC - Installation,Andre Coleman,2026-06-26 16:29:43,Contacted
SUMM-D00339,SUMM-L00780,Gray Stein and Lewis,Closed Lost,7000,2026-07-03,Outbound,0.495,Summit HVAC - Maintenance,Hannah Price,2026-06-27 00:10:23,New
SUMM-D00340,SUMM-L00785,Hardy-Miller,Lost,"$8,450",2026-06-30,Call Tracking,46.6%,Summit HVAC - Maintenance,Maya Ortiz,2026-06-25 04:19:55,Contacted
SUMM-D00341,SUMM-L00787,Burke Inc,Lost,4900,2026-07-19,Referral,,Summit HVAC - Maintenance,Andre Coleman,2026-07-01 22:37:46,Proposal
SUMM-D00342,SUMM-L00788,James LLC,closedlost,10300,2026-07-06,Referral,0.42,Summit HVAC - Installation,Caleb Turner,2026-06-27 23:16:26,Qualified
SUMM-D00343,SUMM-L00790,Carter-Christensen,Closed Lost,3200,2026-06-26,Local Services Ads,0.557,Summit HVAC - Emergency,Ben Foster,2026-06-25 11:38:08,Contacted
SUMM-D00344,SUMM-L00792,Barker Lewis and Quinn,LOST,3200,2026-06-26,Call Tracking,60.0%,Summit HVAC - Emergency,Hannah Price,2026-06-25 15:30:42,Contacted
SUMM-D00345,SUMM-L00793,Phillips Phillips and Miller,Lost,3950,2026-07-07,SDR,0.558,Summit HVAC - Maintenance,Caleb Turner,2026-06-27 18:13:46,Contacted
SUMM-D00346,SUMM-L00794,Gibson Bennett and Hurst,Lost,3700,2026-06-27,Referral,0.581,Summit HVAC - Emergency,Caleb Turner,2026-06-26 07:10:57,Contacted
SUMM-D00347,SUMM-L00800,White Simpson and Parker,Lost,11600,2026-07-09,Google Ads,0.563,Summit HVAC - Maintenance,Caleb Turner,2026-06-29 12:10:36,Contacted
SUMM-D00348,SUMM-L00801,Wilson Inc,Lost,1500,2026-06-28,Call Tracking,55.1,Summit HVAC - Emergency,Ben Foster,2026-06-25 17:49:33,Contacted
SUMM-D00349,SUMM-L00803,Davenport Boyer and Watts,Closed Lost,3650,2026-06-26,Google Ads,0.568,Summit HVAC - Emergency,Caleb Turner,2026-06-25 18:46:07,Contacted
SUMM-D00350,SUMM-L00805,Taylor Torres and Thomas,Lost,4450,2026-06-26,Google Ads,0.571,Summit HVAC - Emergency,Hannah Price,2026-06-25 19:51:26,Contacted
SUMM-D00351,SUMM-L00806,Lopez LLC,Closed Lost,11700,2026-07-07,Outbound,42.3,Summit HVAC - Installation,Caleb Turner,2026-06-27 08:30:09,Contacted
SUMM-D00352,SUMM-L00807,Perez PLC,Lost,21450,2026-07-04,Outbound,,Summit HVAC - Installation,Caleb Turner,2026-06-27 14:58:14,Contacted
SUMM-D00353,SUMM-L00811,Allen Richard and Robertson,Won,4700,2026-07-26,Referral,0.526,Summit HVAC - Maintenance,Lucia Romero,2026-06-27 09:45:00,Won
SUMM-D00354,SUMM-L00812,Burgess Group,Lost,9050,2026-07-10,Google Ads,48.0,Summit HVAC - Maintenance,Maya Ortiz,2026-06-28 08:16:05,Qualified
SUMM-D00355,SUMM-L00814,Smith Mcdonald and Kidd,Lost,7950,2026-07-05,Call Tracking,52.7,Summit HVAC - Maintenance,Caleb Turner,2026-06-27 19:49:56,Contacted
SUMM-D00356,SUMM-L00815,Larson Group,Closed Lost,6750,2026-07-05,Outbound,0.482,Summit HVAC - Maintenance,Hannah Price,2026-06-27 05:05:15,Contacted
SUMM-D00357,SUMM-L00817,Thomas-Reeves,Won,12700,2026-09-20,Outbound,34.5,Summit HVAC - Installation,Hannah Price,2026-06-29 19:27:14,Won
SUMM-D00358,SUMM-L00819,James Moore and Petersen,LOST,2350,2026-06-27,sdr program,54.5%,Summit HVAC - Emergency,Lucia Romero,2026-06-26 22:52:59,New
SUMM-D00359,SUMM-L00821,Green-Austin,Lost,10000,2026-07-19, sdr ,33.3%,Summit HVAC - Installation,Hannah Price,2026-06-28 11:12:13,Contacted
SUMM-D00360,SUMM-L00827,Ward-Le,closedlost,3750,2026-07-02,Call Tracking,57.1,Summit HVAC - Emergency,Hannah Price,2026-06-28 05:34:09,Proposal
SUMM-D00361,SUMM-L00828,Mooney Inc,Lost,6250,2026-07-15,callrail + lsa,,Summit HVAC - Maintenance,Hannah Price,2026-06-29 16:24:58,Contacted
SUMM-D00362,SUMM-L00830,Anderson Lawson and Fleming,Lost,3050,2026-07-31,PROSPECTING,0.478,Summit HVAC - Maintenance,Maya Ortiz,2026-07-01 07:01:56,Proposal
SUMM-D00363,SUMM-L00834,Smith LLC,closedlost,"$9,650",2026-07-13,Call Tracking,0.494,Summit HVAC - Maintenance,Andre Coleman,2026-06-30 14:55:33,Contacted
SUMM-D00364,SUMM-L00839,Edwards Ltd,Lost,2550,2026-07-03,CALLRAIL + LSA,0.595,Summit HVAC - Emergency,Caleb Turner,2026-06-30 04:08:51,Qualified
SUMM-D00365,SUMM-L00841,Mendoza-Morgan,won,1800,2026-07-06,Google Ads,0.565,Summit HVAC - Emergency,Caleb Turner,2026-06-29 16:59:54,Won
SUMM-D00366,SUMM-L00843,Zavala Campbell and Williams,Closed Lost,4400,2026-07-04,GOOGLE_CPC,0.523,Summit HVAC - Emergency,Caleb Turner,2026-06-29 21:22:04,Proposal
SUMM-D00367,SUMM-L00849,Brown-Alexander,Lost,2500,2026-07-03,Call Tracking,0.589,Summit HVAC - Emergency,Andre Coleman,2026-06-30 15:42:26,Contacted
SUMM-D00368,SUMM-L00852,Brown-Chan,closedlost,8550,2026-07-09,Referral,0.529,Summit HVAC - Maintenance,Caleb Turner,2026-07-02 00:04:46,Contacted
SUMM-D00369,SUMM-L00853,Fuentes Hodge and Williams,Lost,3000,2026-07-01,Call Tracking,60.6%,Summit HVAC - Emergency,Maya Ortiz,2026-06-30 18:56:46,New
SUMM-D00370,SUMM-L00855,Olson PLC,Lost,8050,2026-07-09,Referral payouts,0.491,Summit HVAC - Maintenance,Ben Foster,2026-07-01 03:33:23,Contacted
SUMM-D00371,SUMM-L00857,Jones Moore and Robinson,Lost,5100,2026-07-02,Referral,0.583,Summit HVAC - Emergency,Maya Ortiz,2026-07-01 02:02:45,Contacted
SUMM-D00372,SUMM-L00858,Klein Ltd,Won,12100,2026-08-17,google,0.355,Summit HVAC - Installation,Hannah Price,2026-07-04 04:21:31,Won
SUMM-D00373,SUMM-L00859,Hodges Oconnell and Harmon,Won,"$9,350",2026-07-07,Outbound,0.412,Summit HVAC - Maintenance,Ben Foster,2026-07-02 04:17:13,Won
SUMM-D00374,SUMM-L00860,Knight Inc,Closed Lost,9650,2026-07-09,Outbound,0.427,Summit HVAC - Maintenance,Caleb Turner,2026-07-02 01:12:56,Contacted
SUMM-D00375,SUMM-L00861,Turner LLC,Closed Lost,11100,2026-08-26,Call Tracking,,Summit HVAC - Installation,Ben Foster,2026-07-06 16:19:56,Proposal
SUMM-D00376,SUMM-L00863,Hood Group,Lost,10650,2026-07-10,Cold Email,0.548,Summit HVAC - Maintenance,Hannah Price,2026-07-02 14:41:39,Contacted
SUMM-D00377,SUMM-L00865,Green-Carter,Lost,"$24,800",2026-07-11,Outbound,36.7,Summit HVAC - Installation,Caleb Turner,2026-07-03 01:46:08,Contacted
SUMM-D00378,SUMM-L00869,Patton-Dougherty,closedlost,3100,2026-07-02,Google Ads,,Summit HVAC - Emergency,Caleb Turner,2026-07-02 02:41:21,New
SUMM-D00379,SUMM-L00870,Waller-Navarro,Lost,3650,2026-07-13,Sdr,0.507,Summit HVAC - Maintenance,Maya Ortiz,2026-07-03 13:56:00,Contacted
SUMM-D00380,SUMM-L00871,Garcia Francis and Clark,LOST,3250,2026-07-03,Call Tracking,0.636,Summit HVAC - Emergency,Lucia Romero,2026-07-01 23:15:34,Contacted
SUMM-D00381,SUMM-L00873,Hill-Molina,Lost,8400,2026-07-10,Referral,,Summit HVAC - Maintenance,Ben Foster,2026-07-04 04:16:02,Contacted
SUMM-D00382,SUMM-L00874,Zimmerman-Ford,closedlost,9800,2026-07-05,Outbound,,Summit HVAC - Maintenance,Andre Coleman,2026-07-02 04:57:30,New
SUMM-D00383,SUMM-L00875,Davis-Williamson,Lost,10150,2026-07-16,Referral,0.443,Summit HVAC - Maintenance,Hannah Price,2026-07-03 02:25:19,Contacted
SUMM-D00384,SUMM-L00877,Murillo PLC,Lost,"$11,950",2026-09-10,Referral,0.378,Summit HVAC - Installation,Andre Coleman,2026-07-05 02:41:24,Qualified
SUMM-D00385,SUMM-L00880,Kerr-Hayes,Closed Lost,3000,2026-07-02,Referral Payouts,60.3%,Summit HVAC - Emergency,Hannah Price,2026-07-02 05:18:15,Contacted
SUMM-D00386,SUMM-L00882,Smith and Sons,LOST,"$17,800",2026-07-14, prospecting ,0.402,Summit HVAC - Installation,Caleb Turner,2026-07-05 02:36:27,Qualified
SUMM-D00387,SUMM-L00884,Coleman Cannon and Jones,Won,5200,2026-07-22,Call Tracking,0.475,Summit HVAC - Maintenance,Hannah Price,2026-07-03 10:31:59,Won
SUMM-D00388,SUMM-L00887,Fernandez Wong and Mathis,Lost,13350,2026-07-29,Referral,0.403,Summit HVAC - Installation,Caleb Turner,2026-07-09 14:04:24,Contacted
SUMM-D00389,SUMM-L00889,Benitez Inc,LOST,14400,2026-07-21,Google Ads,0.335,Summit HVAC - Installation,Caleb Turner,2026-07-08 04:22:22,Contacted
SUMM-D00390,SUMM-L00894,Dean-Smith,Lost,"$7,150",2026-07-11,Referral,49.2%,Summit HVAC - Maintenance,Andre Coleman,2026-07-04 23:49:38,Contacted
SUMM-D00391,SUMM-L00896,Roberts-Best,Lost,17250,2026-07-10,Outbound,,Summit HVAC - Maintenance,Hannah Price,2026-07-03 16:34:37,Contacted
SUMM-D00392,SUMM-L00906,Wolfe-Maxwell,Lost,"$2,550",2026-07-05, outbound - sdr ,54.6,Summit HVAC - Emergency,Ben Foster,2026-07-04 13:23:46,Contacted
SUMM-D00393,SUMM-L00908,Olson PLC,Closed Lost,1800,2026-07-08,Call Tracking,0.578,Summit HVAC - Emergency,Ben Foster,2026-07-04 15:15:45,Proposal
SUMM-D00394,SUMM-L00913,Diaz Group,Lost,2450,2026-07-07,INSTAGRAM,0.566,Summit HVAC - Emergency,Caleb Turner,2026-07-05 04:54:16,Contacted
SUMM-D00395,SUMM-L00916,Watson and Sons,Won,4700,2026-07-11,Google Ads,50.8,Summit HVAC - Emergency,Maya Ortiz,2026-07-06 00:55:22,Won
SUMM-D00396,SUMM-L00917,Wagner Bennett and Mccoy,Lost,6400,2026-07-13,Referral,0.536,Summit HVAC - Maintenance,Maya Ortiz,2026-07-07 05:28:40,Contacted
SUMM-D00397,SUMM-L00920,Shaffer-Arnold,Lost,5100,2026-07-07,Call Tracking,0.531,Summit HVAC - Emergency,Caleb Turner,2026-07-06 23:13:24,Contacted
SUMM-D00398,SUMM-L00924,Williams-Johnson,Lost,10950,2026-07-17, google_cpc ,0.343,Summit HVAC - Installation,Maya Ortiz,2026-07-07 05:35:56,Contacted
SUMM-D00399,SUMM-L00925,Roberts Henry and Mcdonald,Lost,3850,2026-07-08,phone,0.541,Summit HVAC - Emergency,Hannah Price,2026-07-06 21:42:39,Contacted
SUMM-D00400,SUMM-L00929,Buck-Jones,Lost,4300,2026-07-10,Prospecting,57.1%,Summit HVAC - Maintenance,Caleb Turner,2026-07-07 18:19:28,New
SUMM-D00401,SUMM-L00930,Hanna Ramsey and Brown,Lost,"$13,300",2026-07-10,Outbound,0.352,Summit HVAC - Installation,Ben Foster,2026-07-09 10:13:16,New
SUMM-D00402,SUMM-L00932,Wise-Lawrence,Lost,1800,2026-07-07, inbound call ,0.58,Summit HVAC - Emergency,Andre Coleman,2026-07-07 09:50:33,New
SUMM-D00403,SUMM-L00933,Weber-Lambert,Lost,"$11,150",2026-07-13,Outbound,38.0,Summit HVAC - Installation,Ben Foster,2026-07-10 15:44:53,Contacted
SUMM-D00404,SUMM-L00938,Quinn LLC,Lost,4750,2026-07-11,Meta Ads,60.0,Summit HVAC - Emergency,Caleb Turner,2026-07-08 07:28:34,Proposal
SUMM-D00405,SUMM-L00948,Smith PLC,closedlost,10050,2026-07-15,Outbound,0.505,Summit HVAC - Maintenance,Caleb Turner,2026-07-10 19:33:08,Contacted
SUMM-D00406,SUMM-L00952,Tucker Ashley and Hatfield,Closed Lost,"$18,500",2026-07-24,Outbound,39.1%,Summit HVAC - Installation,Andre Coleman,2026-07-09 22:18:53,Contacted
SUMM-D00407,SUMM-L00953,Ramos Inc,Closed Won,2500,2026-07-12,Referral,0.586,Summit HVAC - Emergency,Lucia Romero,2026-07-09 03:33:25,Won
SUMM-D00408,SUMM-L00954,West-Griffin,Closed Lost,15450,2026-07-25,Outbound,0.426,Summit HVAC - Installation,Lucia Romero,2026-07-10 14:26:05,Contacted
SUMM-D00409,SUMM-L00955,Morales-Stone,Lost,"$3,450",2026-07-10,Call Tracking,57.6,Summit HVAC - Emergency,Hannah Price,2026-07-09 09:06:19,Contacted
SUMM-D00410,SUMM-L00959,Alexander Inc,closedlost,2850,2026-07-13,sdr program,0.595,Summit HVAC - Emergency,Caleb Turner,2026-07-10 00:55:06,Proposal
SUMM-D00411,SUMM-L00961,Rangel-Farrell,Closed Lost,5000,2026-07-11,Call Tracking,0.557,Summit HVAC - Emergency,Lucia Romero,2026-07-10 08:23:02,Contacted
SUMM-D00412,SUMM-L00967,Arnold Inc,Lost,5250,2026-07-16,Google Ads,0.481,Summit HVAC - Maintenance,Maya Ortiz,2026-07-11 05:43:12,Contacted
SUMM-D00413,SUMM-L00968,Hahn Fox and Robinson,Lost,3550,2026-08-29,phone,0.499,Summit HVAC - Maintenance,Caleb Turner,2026-07-11 18:54:48,Proposal
SUMM-D00414,SUMM-L00970,Eaton and Sons,Lost,7800,2026-07-30,Word of mouth,47.9%,Summit HVAC - Maintenance,Andre Coleman,2026-07-10 17:01:06,Proposal
SUMM-D00415,SUMM-L00975,Lopez LLC,Lost,"$2,850",2026-07-11,Cold email,0.471,Summit HVAC - Emergency,Caleb Turner,2026-07-10 11:51:05,New
SUMM-D00416,SUMM-L00976,Drake Schmidt and Peterson,Lost,12300,2026-07-16,Cold Email,0.502,Summit HVAC - Maintenance,Andre Coleman,2026-07-11 04:06:25,Contacted
SUMM-D00417,SUMM-L00977,Bentley Wells and Rodriguez,Lost,2100,2026-07-14,Google Ads,56.4,Summit HVAC - Emergency,Caleb Turner,2026-07-11 15:12:24,Contacted
SUMM-D00418,SUMM-L00978,Delacruz Inc,Lost,4950,2026-07-28,Referral,0.449,Summit HVAC - Maintenance,Hannah Price,2026-07-13 12:08:36,Contacted
SUMM-D00419,SUMM-L00981,Mcgee PLC,Lost,"$16,150",2026-07-22,Word of mouth,0.42,Summit HVAC - Installation,Hannah Price,2026-07-13 16:07:32,Contacted
SUMM-D00420,SUMM-L00982,Anderson Roman and Cervantes,Lost,21900,2026-07-29,Referral,35.2%,Summit HVAC - Installation,Caleb Turner,2026-07-17 00:23:22,Contacted
SUMM-D00421,SUMM-L00988,Swanson Mcgee and Mathis,closedlost,12850,2026-07-21,phone,0.479,Summit HVAC - Maintenance,Caleb Turner,2026-07-13 00:41:16,Contacted
SUMM-D00422,SUMM-L00990,King Group,Lost,11900,2026-07-23,Outbound,48.5,Summit HVAC - Maintenance,Hannah Price,2026-07-15 06:14:47,Contacted
SUMM-D00423,SUMM-L00995,Martinez Heath and Williams,Closed Lost,"$46,900",2026-07-23,Outbound,0.369,Summit HVAC - Installation,Hannah Price,2026-07-15 14:57:31,Contacted
SUMM-D00424,SUMM-L00996,Branch Burns and Gonzales,Lost,29850,2026-07-24,callrail,0.316,Summit HVAC - Installation,Lucia Romero,2026-07-15 22:51:16,New
SUMM-D00425,SUMM-L00998,Martin Alvarez and Vang,Lost,7700,2026-07-16,google_cpc,0.525,Summit HVAC - Maintenance,Caleb Turner,2026-07-14 10:09:04,New
SUMM-D00426,SUMM-L01000,Collins Moore and Miller,Lost,2450,2026-07-14,google_cpc,54.6,Summit HVAC - Emergency,Ben Foster,2026-07-13 20:56:23,New
SUMM-D00427,SUMM-L01002,Stevenson Group,Lost,"$5,500",2026-07-21,Call Tracking,,Summit HVAC - Maintenance,Maya Ortiz,2026-07-14 23:59:18,Contacted
SUMM-D00428,SUMM-L01003,Gomez and Sons,Lost,20250,2026-07-31,Call Tracking,0.378,Summit HVAC - Installation,Lucia Romero,2026-07-18 04:38:03,Contacted
SUMM-D00429,SUMM-L01008,Guzman Sandoval and Chapman,Lost,2850,2026-07-16,PROSPECTING,54.5%,Summit HVAC - Emergency,Andre Coleman,2026-07-14 07:21:31,Qualified
SUMM-D00430,SUMM-L01015,Stanley-Johnson,LOST,2350,2026-07-15,Outbound,56.3,Summit HVAC - Emergency,Caleb Turner,2026-07-14 20:22:02,Contacted
SUMM-D00431,SUMM-L01017,Robertson Ltd,Lost,4950,2026-07-20,Outbound,0.534,Summit HVAC - Maintenance,Andre Coleman,2026-07-15 17:41:09,Qualified
SUMM-D00432,SUMM-L01023,Galloway Joyce and Garcia,Lost,9800,2026-07-21,Google_cpc,0.37,Summit HVAC - Installation,Maya Ortiz,2026-07-16 11:33:24,Contacted
SUMM-D00433,SUMM-L01028,Jackson-Yoder,closedlost,5850,2026-08-07,Outbound,0.45,Summit HVAC - Maintenance,Andre Coleman,2026-07-17 08:31:53,Proposal
SUMM-D00434,SUMM-L01029,Price Horton and Monroe,Lost,"$3,050",2026-07-15,Google Ads,0.536,Summit HVAC - Emergency,Hannah Price,2026-07-15 17:45:09,New
SUMM-D00435,SUMM-L01030,Decker Malone and Shaw,Lost,23200,2026-07-27,Phone,0.412,Summit HVAC - Installation,Maya Ortiz,2026-07-23 21:32:18,New
SUMM-D00436,SUMM-L01032,Morris PLC,LOST,5700,2026-08-05,Referral,0.466,Summit HVAC - Maintenance,Hannah Price,2026-07-19 02:00:35,Contacted
SUMM-D00437,SUMM-L01034,Woodard Inc,Lost,7300,2026-07-29, google ads search ,0.554,Summit HVAC - Maintenance,Lucia Romero,2026-07-21 00:10:09,Contacted
SUMM-D00438,SUMM-L01041,Moore Webb and Richardson,LOST,5000,2026-07-18,CALLRAIL,51.3,Summit HVAC - Emergency,Caleb Turner,2026-07-17 23:43:31,Contacted
SUMM-D00439,SUMM-L01047,Fox Inc,closedlost,2300,2026-07-18,Google,0.554,Summit HVAC - Emergency,Hannah Price,2026-07-16 22:27:41,Contacted
SUMM-D00440,SUMM-L01051,Carroll and Sons,Lost,1850,2026-07-19,Local Services Ads,0.55,Summit HVAC - Emergency,Maya Ortiz,2026-07-18 02:15:50,Contacted
SUMM-D00441,SUMM-L01052,Combs Snyder and Solis,Lost,30600,2026-07-30,Referal,0.38,Summit HVAC - Installation,Caleb Turner,2026-07-23 23:45:13,Contacted
SUMM-D00442,SUMM-L01053,Jones Inc,Lost,"$15,750",2026-08-08,Outbound,42.7,Summit HVAC - Installation,Ben Foster,2026-07-17 22:21:23,Contacted
SUMM-D00443,SUMM-L01059,Perry-Walker,closedlost,"$21,200",2026-08-10,Google Ads,0.394,Summit HVAC - Installation,Maya Ortiz,2026-07-19 01:38:02,Qualified
SUMM-D00444,SUMM-L01060,Harmon Howard and Miranda,Lost,1700,2026-07-19,adwords,0.527,Summit HVAC - Emergency,Hannah Price,2026-07-18 07:10:34,Contacted
SUMM-D00445,SUMM-L01061,Evans-Benton,Lost,13450,2026-07-31,Outbound,0.438,Summit HVAC - Installation,Maya Ortiz,2026-07-18 23:44:59,Contacted
SUMM-D00446,SUMM-L01069,Bartlett-Thompson,Won,11800,2026-08-09,sdr program,0.518,Summit HVAC - Maintenance,Andre Coleman,2026-07-23 20:24:05,Won
SUMM-D00447,SUMM-L01071,Jenkins-Wilkinson,Lost,5150,2026-07-25,PROSPECTING,0.556,Summit HVAC - Maintenance,Maya Ortiz,2026-07-20 16:50:30,Contacted
SUMM-D00448,SUMM-L01073,Lane PLC,Lost,7050,2026-07-28, google_cpc ,46.3,Summit HVAC - Maintenance,Summit Dispatch Queue,2026-07-22 08:09:17,Contacted
SUMM-D00449,SUMM-L01075,Hernandez-Browning,Lost,13250,2026-08-02,Referral,0.394,Summit HVAC - Installation,Andre Coleman,2026-07-21 19:57:42,Contacted
SUMM-D00450,SUMM-L01084,Brown-Ward,Lost,"$15,950",2026-08-12,Prospecting,,Summit HVAC - Installation,Ben Foster,2026-07-22 17:03:22,Qualified
SUMM-D00451,SUMM-L01090,Barnes Goodman and Lee,Won,7000,2026-08-16,SDR PROGRAM,0.478,Summit HVAC - Maintenance,Maya Ortiz,2026-07-25 04:27:55,Won
SUMM-D00452,SUMM-L01092,Davis Sims and Stevenson,Closed Won,16850,2026-09-30,Referral,,Summit HVAC - Installation,Andre Coleman,2026-08-01 05:53:39,Won
SUMM-D00453,SUMM-L01093,Brown Key and Jones,Lost,5600,2026-07-25,Call Tracking,0.528,Summit HVAC - Maintenance,Maya Ortiz,2026-07-23 22:08:20,New
SUMM-D00454,SUMM-L01095,Frazier Wilson and Dunlap,closedlost,9050,2026-08-02,COLD EMAIL,,Summit HVAC - Maintenance,Maya Ortiz,2026-07-24 21:22:52,Contacted
SUMM-D00455,SUMM-L01097,Harris Goodwin and Smith,Lost,3550,2026-08-27,INSTAGRAM,46.2,Summit HVAC - Maintenance,Hannah Price,2026-07-23 09:43:22,Proposal
SUMM-D00456,SUMM-L01098,Frazier Schroeder and Clark,closedlost,"$3,650",2026-07-26,Call Tracking,0.555,Summit HVAC - Emergency,Maya Ortiz,2026-07-22 19:10:29,Contacted
SUMM-D00457,SUMM-L01101,Martinez and Sons,Lost,2250,2026-07-26,Google Ads,0.461,Summit HVAC - Emergency,Caleb Turner,2026-07-23 00:50:18,Proposal
SUMM-D00458,SUMM-L01106,Hayes Group,Lost,9550,2026-07-30,Google Ads,52.8,Summit HVAC - Maintenance,Caleb Turner,2026-07-24 14:38:07,Contacted
SUMM-D00459,SUMM-L01107,Myers Group,Lost,4000,2026-07-25,Google Ads,0.539,Summit HVAC - Emergency,Caleb Turner,2026-07-23 19:47:40,Contacted
SUMM-D00460,SUMM-L01109,Phelps LLC,closedlost,2700,2026-07-24,Google Ads,0.567,Summit HVAC - Emergency,Caleb Turner,2026-07-23 14:11:42,Contacted
SUMM-D00461,SUMM-L01112,White-Madden,Won,"$3,500",2026-07-27,Call Tracking,0.527,Summit HVAC - Emergency,Andre Coleman,2026-07-23 21:59:25,Won
SUMM-D00462,SUMM-L01115,Morgan Marsh and Alexander,Closed Lost,3000,2026-07-26,Outbound,48.4,Summit HVAC - Emergency,Caleb Turner,2026-07-24 06:45:04,Qualified
SUMM-D00463,SUMM-L01116,Hernandez Wallace and Thompson,Lost,4000,2026-07-25,Call Tracking,57.6%,Summit HVAC - Emergency,Hannah Price,2026-07-24 06:31:58,Contacted
SUMM-D00464,SUMM-L01122,Garcia Guerrero and Wright,Closed Lost,18500,2026-07-27,Referral,38.6%,Summit HVAC - Installation,Ben Foster,2026-07-25 20:01:35,New
SUMM-D00465,SUMM-L01123,Turner Turner and Werner,Lost,"$5,450",2026-07-25,Referral,0.522,Summit HVAC - Emergency,Ben Foster,2026-07-24 21:26:33,Qualified
SUMM-D00466,SUMM-L01126,Donaldson Hughes and Foster,Lost,4100,2026-07-27,Outbound,0.432,Summit HVAC - Maintenance,Caleb Turner,2026-07-25 07:41:37,New
SUMM-D00467,SUMM-L01127,Mays Group,LOST,2600,2026-07-25,Call Tracking,0.531,Summit HVAC - Emergency,Hannah Price,2026-07-24 22:40:36,Contacted
SUMM-D00468,SUMM-L01132,Rogers Inc,Lost,29800,2026-08-07,Outbound,0.439,Summit HVAC - Installation,Hannah Price,2026-07-28 20:25:58,Contacted
SUMM-D00469,SUMM-L01134,Wilkinson Wyatt and Larsen,LOST,4100,2026-08-04,Referral,,Summit HVAC - Maintenance,Maya Ortiz,2026-07-26 10:31:20,Contacted
SUMM-D00470,SUMM-L01135,Dawson Group,Closed Lost,10050,2026-07-28,sdr,0.334,Summit HVAC - Installation,Maya Ortiz,2026-07-27 12:40:09,New
SUMM-D00471,SUMM-L01137,Mccoy Mccall and Zamora,closedlost,9600,2026-07-29,Google Ads Search,0.33,Summit HVAC - Installation,Andre Coleman,2026-07-27 19:48:46,New
SUMM-D00472,SUMM-L01139,Kim Cervantes and Ruiz,Lost,"$5,600",2026-08-07,Outbound,0.548,Summit HVAC - Maintenance,Maya Ortiz,2026-07-27 10:19:27,Contacted
SUMM-D00473,SUMM-L01142,Miller PLC,Lost,12800,2026-08-04,referral payouts,46.4%,Summit HVAC - Installation,Maya Ortiz,2026-07-29 18:22:54,Contacted
SUMM-D00474,SUMM-L01144,Hanson-Martin,Lost,2400,2026-07-28,Google Ads,0.549,Summit HVAC - Emergency,Ben Foster,2026-07-26 15:31:05,Contacted
SUMM-D00475,SUMM-L01147,Reid Perez and Williams,Lost,3000,2026-07-29,Google Ads,0.533,Summit HVAC - Emergency,Andre Coleman,2026-07-27 09:39:34,Contacted
SUMM-D00476,SUMM-L01149,Meadows-Wall,Won,7700,2026-08-08,Call Tracking,45.9%,Summit HVAC - Maintenance,Hannah Price,2026-07-27 22:21:18,Won
SUMM-D00477,SUMM-L01152,Smith-Mendoza,Closed Lost,5750,2026-08-19,Referral,0.522,Summit HVAC - Maintenance,Caleb Turner,2026-08-01 10:42:24,Contacted
SUMM-D00478,SUMM-L01153,Russell PLC,Won,"$20,100",2026-09-08,PARTNER REFERRAL,0.425,Summit HVAC - Installation,Caleb Turner,2026-07-30 09:42:13,Won
SUMM-D00479,SUMM-L01154,Adams Dorsey and Perez,Closed Lost,3750,2026-07-29,Call Tracking,56.4%,Summit HVAC - Emergency,Andre Coleman,2026-07-27 20:21:50,Contacted
SUMM-D00480,SUMM-L01161,Collins Inc,Lost,34300,2026-09-06,Outbound,0.377,Summit HVAC - Installation,Andre Coleman,2026-07-29 06:34:51,Proposal
SUMM-D00481,SUMM-L01162,Arnold Scott and Ruiz,Lost,16050,2026-09-14,Referral,0.375,Summit HVAC - Installation,Hannah Price,2026-07-30 21:08:27,Proposal
SUMM-D00482,SUMM-L01167,Cardenas Martinez and Medina,Won,11750,2026-09-29,Call Tracking,0.511,Summit HVAC - Maintenance,Maya Ortiz,2026-07-30 01:39:24,Won
SUMM-D00483,SUMM-L01168,Jimenez-Le,Lost,4900,2026-07-30,Google Ads,51.1,Summit HVAC - Emergency,Caleb Turner,2026-07-28 15:49:33,Contacted
SUMM-D00484,SUMM-L01169,Johnson and Sons,closedlost,12750,2026-08-09,Outbound,0.354,Summit HVAC - Installation,Andre Coleman,2026-07-30 22:11:56,Contacted
SUMM-D00485,SUMM-L01172,Richards Ltd,Lost,"$37,600",2026-08-16,Outbound,0.339,Summit HVAC - Installation,Summit Dispatch Queue,2026-08-01 15:46:42,Qualified
SUMM-D00486,SUMM-L01174,Parks Inc,Lost,3200,2026-07-30, word of mouth ,0.545,Summit HVAC - Emergency,Caleb Turner,2026-07-29 16:41:07,Contacted
SUMM-D00487,SUMM-L01181,Reyes Lane and Brady,Lost,12900,2026-09-28,Google Ads,45.0%,Summit HVAC - Installation,Hannah Price,2026-08-02 03:07:34,Proposal
SUMM-D00488,SUMM-L01183,Gomez-Mullins,Lost,15000,2026-08-17,Outbound,0.425,Summit HVAC - Installation,Maya Ortiz,2026-08-03 17:09:25,Contacted
SUMM-D00489,SUMM-L01185,Flores Mcdaniel and Moore,won,6800,2026-08-30,Referral,0.42,Summit HVAC - Maintenance,Hannah Price,2026-07-30 07:33:28,Won
SUMM-D00490,SUMM-L01186,Hartman Inc,Lost,5000,2026-08-16,Outbound,50.8%,Summit HVAC - Maintenance,Hannah Price,2026-08-01 10:32:24,Qualified
SUMM-D00491,SUMM-L01190,Gomez Frederick and Oliver,Lost,3450,2026-08-11,Outbound,0.482,Summit HVAC - Maintenance,Andre Coleman,2026-07-31 17:20:02,Contacted
SUMM-D00492,SUMM-L01191,Perez Jones and Lawson,Lost,4150,2026-08-01,Referral Payouts,0.56,Summit HVAC - Emergency,Maya Ortiz,2026-07-31 00:04:01,Contacted
SUMM-D00493,SUMM-L01192,Henderson Bryant and Ho,Lost,4450,2026-08-25,Call Tracking,0.534,Summit HVAC - Maintenance,Lucia Romero,2026-08-03 14:06:51,Contacted
SUMM-D00494,SUMM-L01193,Burke Wilson and Garner,Lost,"$13,250",2026-08-09,SDR,0.341,Summit HVAC - Installation,Caleb Turner,2026-08-01 17:43:36,Contacted
SUMM-D00495,SUMM-L01195,James LLC,Lost,1900,2026-08-05,inbound call,55.5%,Summit HVAC - Emergency,Caleb Turner,2026-07-31 08:24:07,Proposal
SUMM-D00496,SUMM-L01199,Evans Inc,Won,"$6,300",2026-08-30,Outbound,0.612,Summit HVAC - Maintenance,Andre Coleman,2026-08-02 11:03:43,Won
SUMM-D00497,SUMM-L01202,Moody Baker and Blanchard,Closed Lost,29900,2026-08-10,Google Ads,0.409,Summit HVAC - Installation,Hannah Price,2026-07-31 17:09:14,Contacted
SUMM-D00498,SUMM-L01203,Smith Inc,Lost,15200,2026-08-13,google_cpc,52.0%,Summit HVAC - Maintenance,Maya Ortiz,2026-08-03 17:06:55,Contacted
SUMM-D00499,SUMM-L01207,Scott Smith and Wilson,Lost,"$14,650",2026-08-16, partner referral ,0.427,Summit HVAC - Installation,Andre Coleman,2026-08-06 18:43:18,Contacted
SUMM-D00500,SUMM-L01210,Estrada-Chang,Lost,"$4,500",2026-08-07, inbound call ,0.584,Summit HVAC - Emergency,Caleb Turner,2026-08-01 22:08:44,Proposal
SUMM-D00501,SUMM-L01211,Ibarra and Sons,Lost,"$8,850",2026-08-26,OUTBOUND - SDR,56.3,Summit HVAC - Maintenance,Lucia Romero,2026-08-03 10:59:57,Proposal
SUMM-D00502,SUMM-L01215,Brennan-Holden,Lost,"$4,300",2026-08-03,Referral,0.562,Summit HVAC - Emergency,Caleb Turner,2026-08-02 21:25:57,Contacted
SUMM-D00503,SUMM-L01216,Bird-Castro,closedlost,6450,2026-08-07,Outbound,,Summit HVAC - Maintenance,Ben Foster,2026-08-04 05:19:46,New
SUMM-D00504,SUMM-L01220,Miller-Kennedy,Lost,"$11,300",2026-08-12,Call Tracking,54.3,Summit HVAC - Maintenance,Hannah Price,2026-08-06 09:57:13,Contacted
SUMM-D00505,SUMM-L01224,Nelson and Sons,Won,3500,2026-08-25,Call Tracking,0.483,Summit HVAC - Maintenance,Hannah Price,2026-08-05 06:39:07,Won
SUMM-D00506,SUMM-L01229,Jefferson Valenzuela and Solomon,Lost,6400,2026-08-13,Referral,48.4,Summit HVAC - Maintenance,Hannah Price,2026-08-07 20:59:57,New
SUMM-D00507,SUMM-L01231,Gregory-Barber,Lost,4100,2026-08-05,COLD EMAIL,50.8,Summit HVAC - Emergency,Lucia Romero,2026-08-03 19:27:05,Qualified
SUMM-D00508,SUMM-L01234,Hall-Wells,Lost,9300,2026-08-24,Referral,0.352,Summit HVAC - Installation,Andre Coleman,2026-08-08 11:39:01,Contacted
SUMM-D00509,SUMM-L01236,Collins-Buck,LOST,15350,2026-08-19,Google Ads,0.374,Summit HVAC - Installation,Andre Coleman,2026-08-07 07:30:04,Contacted
SUMM-D00510,SUMM-L01242,Kennedy Collins and Keith,proposal,23900,,Outbound,0.326,Summit HVAC - Installation,Andre Coleman,2026-08-12 13:17:21,Proposal
SUMM-D00511,SUMM-L01245,Padilla-Ruiz,Closed Lost,"$12,600",2026-08-21,Outbound,0.334,Summit HVAC - Installation,Caleb Turner,2026-08-07 21:44:25,Contacted
SUMM-D00512,SUMM-L01246,Johnson Ltd,LOST,6200,2026-08-10,Outbound,44.0,Summit HVAC - Maintenance,Lucia Romero,2026-08-07 10:21:21,Contacted
SUMM-D00513,SUMM-L01251,Bryant Macdonald and Smith,Lost,5400,2026-09-02,Local services ads,0.509,Summit HVAC - Maintenance,Lucia Romero,2026-08-08 02:50:01,Contacted
SUMM-D00514,SUMM-L01252,Torres Group,Lost,7550,2026-08-18,prospecting,0.48,Summit HVAC - Maintenance,Maya Ortiz,2026-08-08 15:14:31,Contacted
SUMM-D00515,SUMM-L01256,Lewis LLC,Lost,7800,2026-08-27,Referral,0.476,Summit HVAC - Maintenance,Andre Coleman,2026-08-08 16:18:23,Contacted
SUMM-D00516,SUMM-L01257,Richardson Ryan and Jordan,LOST,2300,2026-08-08,Referral,,Summit HVAC - Emergency,Caleb Turner,2026-08-07 08:10:41,Contacted
SUMM-D00517,SUMM-L01258,Meyer-Mitchell,LOST,5700,2026-08-19,Referral,0.489,Summit HVAC - Maintenance,Andre Coleman,2026-08-09 05:00:00,Contacted
SUMM-D00518,SUMM-L01259,Doyle and Sons,Lost,15700,2026-08-26,Call Tracking,0.372,Summit HVAC - Installation,Maya Ortiz,2026-08-10 11:34:17,Contacted
SUMM-D00519,SUMM-L01266,Price-Cooley,closedlost,10000,2026-08-24,Outbound,,Summit HVAC - Installation,Hannah Price,2026-08-12 14:46:48,Qualified
SUMM-D00520,SUMM-L01273,Dunn and Sons,Lost,15600,2026-08-17,Referral,33.6%,Summit HVAC - Installation,Andre Coleman,2026-08-09 01:55:59,Contacted
SUMM-D00521,SUMM-L01276,Newman Carson and Ingram,LOST,36850,2026-09-01,Call Tracking,0.413,Summit HVAC - Installation,Caleb Turner,2026-08-10 22:50:43,Proposal
SUMM-D00522,SUMM-L01279,Rodriguez Lawson and Dorsey,LOST,6600,2026-08-19,Outbound,0.485,Summit HVAC - Maintenance,Caleb Turner,2026-08-12 15:36:59,New
SUMM-D00523,SUMM-L01280,Reyes Terrell and Bray,Lost,17300,2026-08-16,Outbound,49.9,Summit HVAC - Maintenance,Caleb Turner,2026-08-09 13:38:40,Contacted
SUMM-D00524,SUMM-L01282,Thompson and Sons,Lost,8900,2026-08-18,Outbound,49.8,Summit HVAC - Maintenance,Caleb Turner,2026-08-11 11:28:42,Contacted
SUMM-D00525,SUMM-L01285,Thomas Reed and Garrison,Lost,4100,2026-08-10,Phone,0.554,Summit HVAC - Emergency,Hannah Price,2026-08-09 06:55:34,Contacted
SUMM-D00526,SUMM-L01286,Stevens Group,Won,4400,2026-08-26,Callrail + lsa,0.516,Summit HVAC - Maintenance,Caleb Turner,2026-08-10 02:13:50,Won
SUMM-D00527,SUMM-L01289,Cox Group,Closed Lost,"$12,650",2026-08-18,Google Ads,0.462,Summit HVAC - Installation,Caleb Turner,2026-08-11 19:00:25,Contacted
SUMM-D00528,SUMM-L01291,Blair-Briggs,LOST,"$5,600",2026-08-14,sdr,0.453,Summit HVAC - Maintenance,Caleb Turner,2026-08-12 17:43:28,New
SUMM-D00529,SUMM-L01298,Lawrence Sampson and Lee,Closed Lost,6150,2026-09-05,Meta Ads,52.2%,Summit HVAC - Maintenance,Caleb Turner,2026-08-11 14:59:56,Proposal
SUMM-D00530,SUMM-L01299,Khan Higgins and Kim,Lost,14450,2026-09-10,Referral,0.379,Summit HVAC - Installation,Lucia Romero,2026-08-12 17:56:47,Proposal
SUMM-D00531,SUMM-L01300,Scott Page and Perry,Lost,3650,2026-08-12,local services ads,0.447,Summit HVAC - Emergency,Andre Coleman,2026-08-10 19:54:47,Contacted
SUMM-D00532,SUMM-L01303,Daniels Sims and Brown,Lost,8500,2026-08-19,PARTNER REFERRAL,,Summit HVAC - Maintenance,Maya Ortiz,2026-08-12 13:54:24,Contacted
SUMM-D00533,SUMM-L01304,Nelson Inc,Lost,"$10,650",2026-08-17,Referral,0.348,Summit HVAC - Installation,Hannah Price,2026-08-13 09:54:11,New
SUMM-D00534,SUMM-L01307,Stanley Hunter and Ware,Lost,8350,2026-08-29,REFERAL,51.7%,Summit HVAC - Maintenance,Maya Ortiz,2026-08-14 17:37:22,Contacted
SUMM-D00535,SUMM-L01308,Jordan-Bolton,Won,7500,2026-09-15,Call Tracking,49.9,Summit HVAC - Maintenance,Caleb Turner,2026-08-12 15:06:34,Won
SUMM-D00536,SUMM-L01309,Johnson Inc,LOST,6900,2026-08-26,Outbound,0.536,Summit HVAC - Maintenance,Caleb Turner,2026-08-13 07:11:19,Proposal
SUMM-D00537,SUMM-L01312,Mcgee Chen and Peterson,Lost,8450,2026-08-16,Referral,0.525,Summit HVAC - Maintenance,Lucia Romero,2026-08-15 01:43:54,Contacted
SUMM-D00538,SUMM-L01314,Hernandez Jefferson and Ward,Closed Lost,3950,2026-08-13,Referral,0.639,Summit HVAC - Emergency,Caleb Turner,2026-08-12 05:43:52,Contacted
SUMM-D00539,SUMM-L01315,Ortega Chung and Wilson,Lost,3650,2026-08-14,Call Tracking,0.586,Summit HVAC - Emergency,Hannah Price,2026-08-12 02:03:00,Contacted
SUMM-D00540,SUMM-L01316,Davis Williams and Williams,won,"$8,500",2026-09-08,Referral,0.469,Summit HVAC - Maintenance,Caleb Turner,2026-08-14 09:19:02,Won
SUMM-D00541,SUMM-L01323,Brown Jones and Williams,Closed Lost,"$6,000",2026-08-25,Google Ads,57.2,Summit HVAC - Maintenance,Caleb Turner,2026-08-17 17:19:12,Contacted
SUMM-D00542,SUMM-L01325,Cox-Kelley,Lost,4700,2026-09-04,Outbound,0.587,Summit HVAC - Maintenance,Maya Ortiz,2026-08-14 15:37:57,Proposal
SUMM-D00543,SUMM-L01328,Williams-Allen,proposal,12400,,Outbound,0.452,Summit HVAC - Installation,Maya Ortiz,2026-08-17 04:54:45,Proposal
SUMM-D00544,SUMM-L01331,Schwartz LLC,Lost,8200,2026-08-28,Prospecting,44.6,Summit HVAC - Maintenance,Caleb Turner,2026-08-15 22:58:12,Contacted
SUMM-D00545,SUMM-L01335,Williams and Sons,Lost,3800,2026-08-15,Call Tracking,57.2,Summit HVAC - Emergency,Caleb Turner,2026-08-14 23:43:31,Contacted
SUMM-D00546,SUMM-L01336,Andersen Holmes and Hardin,closedlost,"$4,850",2026-08-15,Google Ads,0.529,Summit HVAC - Emergency,Maya Ortiz,2026-08-14 22:03:50,Contacted
SUMM-D00547,SUMM-L01338,Contreras Ltd,Lost,25750,2026-09-29,SDR,0.396,Summit HVAC - Installation,Caleb Turner,2026-08-15 16:30:06,Contacted
SUMM-D00548,SUMM-L01347,Kelley LLC,Lost,1150,2026-08-17,Referral,57.2,Summit HVAC - Emergency,Caleb Turner,2026-08-15 23:31:57,Contacted
SUMM-D00549,SUMM-L01351,Gonzalez-Kemp,Lost,20450,2026-08-26,Google Ads,32.1%,Summit HVAC - Installation,Maya Ortiz,2026-08-16 14:52:49,Contacted
SUMM-D00550,SUMM-L01353,Daugherty PLC,Won,3550,2026-08-19,Call Tracking,0.578,Summit HVAC - Emergency,Andre Coleman,2026-08-16 07:27:41,Won
SUMM-D00551,SUMM-L01354,Burke-Frost,Closed Lost,6350,2026-08-17, outbound - sdr ,54.5%,Summit HVAC - Emergency,Caleb Turner,2026-08-16 06:50:55,Contacted
SUMM-D00552,SUMM-L01356,Miles-Zavala,LOST,2850,2026-08-17,Call Tracking,50.8,Summit HVAC - Emergency,Caleb Turner,2026-08-16 09:29:59,Contacted
SUMM-D00553,SUMM-L01358,Turner Johnson and Mann,Proposal Sent,7700,,Referral,51.8%,Summit HVAC - Maintenance,Caleb Turner,2026-08-17 12:27:02,Proposal
SUMM-D00554,SUMM-L01360,Cruz Dixon and Scott,Lost,13800,2026-09-15,google,0.391,Summit HVAC - Installation,Caleb Turner,2026-08-19 15:48:16,Contacted
SUMM-D00555,SUMM-L01366,Moss-Doyle,closedlost,6200,2026-08-18,Google_cpc,0.519,Summit HVAC - Emergency,Lucia Romero,2026-08-17 14:17:35,Contacted
SUMM-D00556,SUMM-L01370,Brown-Ford,Lost,6600,2026-08-27,Call Tracking,53.2%,Summit HVAC - Maintenance,Maya Ortiz,2026-08-19 02:28:18,Contacted
SUMM-D00557,SUMM-L01372,Johnson-Nichols,Lost,22900,2026-09-04,Outbound,45.4%,Summit HVAC - Installation,Andre Coleman,2026-08-20 19:12:39,Contacted
SUMM-D00558,SUMM-L01373,Parks-Beck,LOST,5400,2026-08-31,Prospecting,0.499,Summit HVAC - Maintenance,Caleb Turner,2026-08-18 06:27:22,Qualified
SUMM-D00559,SUMM-L01374,Adams Cole and Park,Lost,3550,2026-08-18,Outbound,,Summit HVAC - Emergency,Andre Coleman,2026-08-18 01:49:58,Qualified
SUMM-D00560,SUMM-L01376,Morgan Barton and Hunt,Lost,4000,2026-08-21,Call Tracking,0.572,Summit HVAC - Emergency,Ben Foster,2026-08-17 23:51:49,Qualified
SUMM-D00561,SUMM-L01378,Perez-Brown,Closed Lost,"$17,400",2026-09-06,sdr,,Summit HVAC - Installation,Caleb Turner,2026-08-19 16:31:06,Qualified
SUMM-D00562,SUMM-L01379,Perez Wilson and Banks,Lost,7600,2026-08-28,Outbound,0.558,Summit HVAC - Maintenance,Maya Ortiz,2026-08-21 01:52:45,Contacted
SUMM-D00563,SUMM-L01382,Hurley-Young,Lost,9950,2026-08-29,outbound - sdr,,Summit HVAC - Maintenance,Andre Coleman,2026-08-21 01:28:52,Contacted
SUMM-D00564,SUMM-L01384,Fletcher Sanchez and Smith,Lost,3500,2026-08-22,Call Tracking,0.538,Summit HVAC - Emergency,Lucia Romero,2026-08-18 23:48:04,Proposal
SUMM-D00565,SUMM-L01393,Reed-Ross,Lost,"$3,350",2026-08-19,Referral,0.492,Summit HVAC - Emergency,Caleb Turner,2026-08-19 05:03:47,Contacted
SUMM-D00566,SUMM-L01395,Bowers Ramirez and King,LOST,8250,2026-08-31, partner referral ,0.414,Summit HVAC - Installation,Maya Ortiz,2026-08-20 02:23:54,Contacted
SUMM-D00567,SUMM-L01397,Little Hawkins and Evans,Lost,3100,2026-08-21,INBOUND CALL,0.604,Summit HVAC - Emergency,Caleb Turner,2026-08-20 00:17:43,Contacted
SUMM-D00568,SUMM-L01399,Owens PLC,Lost,"$2,050",2026-08-21,prospecting,0.563,Summit HVAC - Emergency,Caleb Turner,2026-08-19 22:53:44,Contacted
SUMM-D00569,SUMM-L01401,Potter-Mason,Lost,12400,2026-08-30,Outbound,0.387,Summit HVAC - Installation,Caleb Turner,2026-08-21 23:48:43,New
SUMM-D00570,SUMM-L01407,Ruiz-Levine,Lost,"$7,000",2026-08-27,Inbound call,50.4%,Summit HVAC - Maintenance,Caleb Turner,2026-08-21 07:23:18,Qualified
SUMM-D00571,SUMM-L01408,Abbott Miller and Calderon,Closed Lost,10250,2026-08-31,Outbound,0.481,Summit HVAC - Maintenance,Lucia Romero,2026-08-23 03:20:23,Contacted
SUMM-D00572,SUMM-L01409,Fitzpatrick Ltd,Lost,13450,2026-09-03,Referral,0.388,Summit HVAC - Installation,Caleb Turner,2026-08-22 10:10:06,Contacted
SUMM-D00573,SUMM-L01410,Bray Inc,Lost,2800,2026-08-23,Local services ads,0.566,Summit HVAC - Emergency,Ben Foster,2026-08-21 09:53:02,Contacted
SUMM-D00574,SUMM-L01412,Shaffer Ltd,Lost,11000,2026-08-28,Outbound,0.413,Summit HVAC - Installation,Caleb Turner,2026-08-22 05:33:45,Qualified
SUMM-D00575,SUMM-L01414,Joyce Howell and Cox,Closed Lost,6900,2026-09-03,Sdr,0.521,Summit HVAC - Maintenance,Lucia Romero,2026-08-24 22:25:06,Contacted
SUMM-D00576,SUMM-L01420,Martinez and Sons,Won,25100,2026-09-22,outbound - sdr,0.288,Summit HVAC - Installation,Caleb Turner,2026-08-24 10:39:35,Won
SUMM-D00577,SUMM-L01423,Nelson-Hammond,Closed Lost,3000,2026-08-22,Call Tracking,0.471,Summit HVAC - Emergency,Caleb Turner,2026-08-22 07:55:28,Contacted
SUMM-D00578,SUMM-L01424,Terry Sanchez and Dunlap,Lost,2950,2026-08-24,Call Tracking,0.515,Summit HVAC - Emergency,Hannah Price,2026-08-22 06:04:23,Proposal
SUMM-D00579,SUMM-L01426,Brown Holland and Stuart,Lost,"$2,000",2026-08-23,Referral,64.3,Summit HVAC - Emergency,Caleb Turner,2026-08-23 00:28:20,Qualified
SUMM-D00580,SUMM-L01427,Davis Ltd,Lost,15300,2026-09-09,sdr program,0.413,Summit HVAC - Installation,Maya Ortiz,2026-08-30 18:02:24,Contacted
SUMM-D00581,SUMM-L01430,Gutierrez-White,Lost,"$9,750",2026-09-05,REFERRAL PAYOUTS,0.516,Summit HVAC - Maintenance,Ben Foster,2026-08-24 10:33:17,Proposal
SUMM-D00582,SUMM-L01434,Hall LLC,Lost,5000,2026-08-23,Google Ads,,Summit HVAC - Emergency,Caleb Turner,2026-08-23 09:36:16,New
SUMM-D00583,SUMM-L01443,Foley Group,Proposal,8500,,Call Tracking,0.557,Summit HVAC - Maintenance,Caleb Turner,2026-08-24 23:16:28,Proposal
SUMM-D00584,SUMM-L01444,Martinez LLC,Lost,"$19,600",2026-09-09,Outbound,,Summit HVAC - Installation,Maya Ortiz,2026-08-29 23:08:19,Contacted
SUMM-D00585,SUMM-L01445,Hall PLC,LOST,15200,2026-09-01,Outbound,38.4,Summit HVAC - Installation,Andre Coleman,2026-08-30 06:54:07,New
SUMM-D00586,SUMM-L01448,Li Inc,Lost,6500,2026-08-25,Call Tracking,0.518,Summit HVAC - Emergency,Ben Foster,2026-08-24 21:15:11,Contacted
SUMM-D00587,SUMM-L01449,Johnson-Cuevas,LOST,11200,2026-09-01,OUTBOUND - SDR,0.52,Summit HVAC - Maintenance,Maya Ortiz,2026-08-30 17:51:53,New
SUMM-D00588,SUMM-L01452,Buchanan Christensen and Lopez,Lost,12750,2026-09-11,SDR PROGRAM,0.457,Summit HVAC - Installation,Andre Coleman,2026-08-29 05:02:14,Contacted
SUMM-D00589,SUMM-L01453,Webb Inc,Lost,2250,2026-08-27,Call Tracking,53.2,Summit HVAC - Emergency,Caleb Turner,2026-08-25 10:38:29,Contacted
SUMM-D00590,SUMM-L01456,Peck Farrell and Wood,Lost,"$16,950",2026-09-09,Outbound,0.528,Summit HVAC - Installation,Caleb Turner,2026-08-27 15:52:20,Contacted
SUMM-D00591,SUMM-L01457,Gilbert-Cox,Closed Won,16500,2026-09-16,Meta,44.0%,Summit HVAC - Installation,Caleb Turner,2026-09-01 18:34:26,Won
SUMM-D00592,SUMM-L01458,Aguilar-Jenkins,Lost,25700,2026-09-06, word of mouth ,36.7,Summit HVAC - Installation,Hannah Price,2026-08-29 15:10:40,Contacted
SUMM-D00593,SUMM-L01459,Parker-Downs,Qualified,19300,, callrail ,0.342,Summit HVAC - Installation,Caleb Turner,2026-08-29 19:11:34,Qualified
SUMM-D00594,SUMM-L01462,Bell Lowery and Castro,LOST,7600,2026-09-03,Referral,51.7%,Summit HVAC - Maintenance,Summit Dispatch Queue,2026-08-26 11:25:39,Contacted
SUMM-D00595,SUMM-L01464,Mckee and Sons,won,14350,2026-09-26, sdr ,,Summit HVAC - Maintenance,Caleb Turner,2026-08-28 07:20:15,Won
SUMM-D00596,SUMM-L01465,Kidd Ltd,Closed Lost,14500,2026-09-07,Outbound,35.9,Summit HVAC - Installation,Caleb Turner,2026-08-29 06:37:51,Contacted
SUMM-D00597,SUMM-L01473,Dennis Stevens and Lawson,Lost,3200,2026-08-28,Google Ads,0.544,Summit HVAC - Emergency,Lucia Romero,2026-08-27 03:01:43,Contacted
SUMM-D00598,SUMM-L01474,Copeland Avila and Morales,Lost,9250,2026-09-06,PROSPECTING,0.575,Summit HVAC - Maintenance,Andre Coleman,2026-08-27 20:13:39,Contacted
SUMM-D00599,SUMM-L01475,Collins-Cooper,Closed Lost,2550,2026-08-29,Call Tracking,0.55,Summit HVAC - Emergency,Ben Foster,2026-08-27 18:23:31,Contacted
SUMM-D00600,SUMM-L01479,Mosley-Young,Won,1450,2026-08-29,Inbound Call,0.52,Summit HVAC - Emergency,Hannah Price,2026-08-27 23:00:27,Won
SUMM-D00601,SUMM-L01481,Dennis Lin and Harris,LOST,9450,2026-09-27,Referal,50.5%,Summit HVAC - Maintenance,Caleb Turner,2026-08-29 20:00:55,Proposal
SUMM-D00602,SUMM-L01483,Tanner LLC,Won,3000,2026-09-01,Call Tracking,0.475,Summit HVAC - Emergency,Maya Ortiz,2026-08-28 11:18:05,Won
SUMM-D00603,SUMM-L01485,Randall-Johnson,Lost,11450,2026-09-13,Outbound,38.6,Summit HVAC - Installation,Lucia Romero,2026-08-29 12:25:18,Contacted
SUMM-D00604,SUMM-L01486,Morse Lopez and Serrano,Lost,16450,2026-09-18,PARTNER REFERRAL,42.7,Summit HVAC - Installation,Lucia Romero,2026-09-02 11:24:11,Contacted
SUMM-D00605,SUMM-L01490,Calderon-Kelly,Lost,13900,2026-08-31,Outbound,0.469,Summit HVAC - Maintenance,Caleb Turner,2026-08-29 10:39:21,New
SUMM-D00606,SUMM-L01493,Campbell-Scott,Closed Lost,2050,2026-08-29,Callrail,0.541,Summit HVAC - Emergency,Andre Coleman,2026-08-28 19:33:37,New
SUMM-D00607,SUMM-L01494,Ortega Ltd,Lost,11850,2026-09-11,referral payouts,0.332,Summit HVAC - Installation,Caleb Turner,2026-08-31 04:30:24,Contacted
SUMM-D00608,SUMM-L01497,Mcintosh-Nolan,Won,"$7,450",2026-09-28,Google Ads,48.2%,Summit HVAC - Maintenance,Lucia Romero,2026-08-29 21:01:00,Won
SUMM-D00609,SUMM-L01498,Mcmillan LLC,Lost,"$6,150",2026-09-11, outbound - sdr ,41.5%,Summit HVAC - Installation,Caleb Turner,2026-08-31 19:35:11,Contacted
SUMM-D00610,SUMM-L01499,Summers Moreno and Ingram,Lost,7750,2026-09-13,Outbound,0.546,Summit HVAC - Maintenance,Andre Coleman,2026-08-30 09:10:42,Contacted
SUMM-D00611,SUMM-L01500,Kane Jones and Mills,Lost,16250,2026-09-19,Referral,39.2%,Summit HVAC - Installation,Caleb Turner,2026-08-31 04:08:05,Contacted
SUMM-D00612,SUMM-L01501,Williams Zamora and Hawkins,closedlost,16300,2026-09-15,Call Tracking,,Summit HVAC - Installation,Maya Ortiz,2026-08-31 16:31:45,Contacted
SUMM-D00613,SUMM-L01503,Holt Bailey and Ryan,closedlost,"$2,300",2026-08-31, word of mouth ,0.601,Summit HVAC - Emergency,Hannah Price,2026-08-30 15:12:10,Contacted
SUMM-D00614,SUMM-L01505,Walton Group,Closed Lost,"$17,350",2026-09-17,Outbound,36.7,Summit HVAC - Installation,Ben Foster,2026-09-01 17:22:36,Contacted
SUMM-D00615,SUMM-L01506,Foster Douglas and Harris,Lost,10050,2026-09-14,COLD EMAIL,0.368,Summit HVAC - Installation,Caleb Turner,2026-09-01 23:48:46,Contacted
SUMM-D00616,SUMM-L01507,Bell-Wilson,LOST,4750,2026-09-01, inbound call ,50.8,Summit HVAC - Emergency,Maya Ortiz,2026-08-30 13:39:25,Contacted
SUMM-D00617,SUMM-L01508,Cooper-Cooke,Lost,2500,2026-08-31,Call Tracking,0.572,Summit HVAC - Emergency,Ben Foster,2026-08-30 19:32:16,Contacted
SUMM-D00618,SUMM-L01511,Carrillo Ramsey and Hunter,Lost,3550,2026-09-01,Outbound,0.538,Summit HVAC - Emergency,Lucia Romero,2026-08-31 04:13:45,Contacted
SUMM-D00619,SUMM-L01514,Heath Graham and Miller,LOST,8650,2026-09-14,Outbound,0.49,Summit HVAC - Maintenance,Maya Ortiz,2026-09-01 21:02:48,Contacted
SUMM-D00620,SUMM-L01516,Hill-Cook,Lost,"$3,600",2026-09-01,google,0.615,Summit HVAC - Emergency,Andre Coleman,2026-08-31 15:18:56,Qualified
SUMM-D00621,SUMM-L01518,Jones Hayes and Montoya,Closed Lost,26950,2026-09-16,Google,0.404,Summit HVAC - Installation,Caleb Turner,2026-09-08 23:41:33,New
SUMM-D00622,SUMM-L01519,Miller and Sons,LOST,"$9,400",2026-09-10,Outbound,0.501,Summit HVAC - Maintenance,Ben Foster,2026-09-01 06:52:29,Contacted
SUMM-D00623,SUMM-L01525,Sanchez-Howard,Lost,24250,2026-09-10,Google Ads,0.376,Summit HVAC - Installation,Hannah Price,2026-09-04 01:49:39,New
SUMM-D00624,SUMM-L01536,Mills-Murray,Lost,6000,2026-09-18,Outbound,51.0%,Summit HVAC - Maintenance,Hannah Price,2026-09-08 15:39:10,Contacted
SUMM-D00625,SUMM-L01539,Lewis Group,closedlost,11550,2026-09-27,Call Tracking,34.3%,Summit HVAC - Installation,Caleb Turner,2026-09-09 08:17:45,Contacted
SUMM-D00626,SUMM-L01540,Glover-Mccoy,Lost,30800,2026-09-09, phone ,,Summit HVAC - Installation,Ben Foster,2026-09-05 20:34:31,Contacted
SUMM-D00627,SUMM-L01542,Hunt-Davis,LOST,7950,2026-09-29,Inbound call,50.0,Summit HVAC - Maintenance,Caleb Turner,2026-09-05 03:08:56,Qualified
SUMM-D00628,SUMM-L01548,Boone and Sons,Contacted,10400,,Instagram,,Summit HVAC - Installation,Ben Foster,2026-09-05 18:58:10,Contacted
SUMM-D00629,SUMM-L01551,Velasquez Group,Lost,8250,2026-09-28,Call Tracking,0.51,Summit HVAC - Maintenance,Ben Foster,2026-09-06 05:05:44,Proposal
SUMM-D00630,SUMM-L01556,Rodriguez-Carey,Closed Lost,6150,2026-09-07,Outbound - sdr,0.642,Summit HVAC - Emergency,Caleb Turner,2026-09-05 20:13:18,Contacted
SUMM-D00631,SUMM-L01561,Black-Hernandez,closedlost,6450,2026-09-14,Outbound,,Summit HVAC - Maintenance,Caleb Turner,2026-09-06 22:15:13,Contacted
SUMM-D00632,SUMM-L01562,Davis Group,Lost,3950,2026-09-20,sdr,0.504,Summit HVAC - Maintenance,Ben Foster,2026-09-09 16:44:49,Contacted
SUMM-D00633,SUMM-L01567,Bryan-Hicks,LOST,1400,2026-09-09,Phone,0.577,Summit HVAC - Emergency,Maya Ortiz,2026-09-07 14:10:31,Contacted
SUMM-D00634,SUMM-L01569,Jones LLC,Closed Lost,2750,2026-09-09,Referral,0.664,Summit HVAC - Emergency,Andre Coleman,2026-09-07 22:41:50,Contacted
SUMM-D00635,SUMM-L01572,Phillips-Thomas,qualified,4900,,Outbound,0.475,Summit HVAC - Maintenance,Caleb Turner,2026-09-11 23:00:22,Qualified
SUMM-D00636,SUMM-L01575,Swanson LLC,Lost,3550,2026-09-11,Call Tracking,62.9,Summit HVAC - Emergency,Caleb Turner,2026-09-08 11:08:07,Contacted
SUMM-D00637,SUMM-L01577,Rhodes Group,LOST,21100,2026-09-27,Referral,0.43,Summit HVAC - Installation,Lucia Romero,2026-09-08 18:26:42,Proposal
SUMM-D00638,SUMM-L01579,Orr Price and Johnson,Proposal,5500,,inbound call,0.522,Summit HVAC - Maintenance,Caleb Turner,2026-09-09 22:24:20,Proposal
SUMM-D00639,SUMM-L01583,Sanchez Ltd,Lost,9600,2026-09-13,Outbound,0.578,Summit HVAC - Maintenance,Caleb Turner,2026-09-10 02:32:12,New
SUMM-D00640,SUMM-L01584,Harrington-Reid,Closed Lost,10200,2026-09-20,Meta Ads,0.379,Summit HVAC - Installation,Caleb Turner,2026-09-09 20:52:37,Contacted
SUMM-D00641,SUMM-L01585,Orr Hughes and King,Lost,6250,2026-09-18,Outbound,52.0,Summit HVAC - Maintenance,Caleb Turner,2026-09-10 10:46:39,Contacted
SUMM-D00642,SUMM-L01588,Robinson PLC,Lost,5900,2026-09-10,Call Tracking,0.645,Summit HVAC - Emergency,Andre Coleman,2026-09-09 18:57:34,New
SUMM-D00643,SUMM-L01596,Page LLC,Contacted,33350,,Referral,30.4,Summit HVAC - Installation,Andre Coleman,2026-09-11 17:08:26,Contacted
SUMM-D00644,SUMM-L01598,Hernandez Rodriguez and Mendez,LOST,6800,2026-09-18,Google Ads,0.527,Summit HVAC - Maintenance,Andre Coleman,2026-09-12 03:46:52,Contacted
SUMM-D00645,SUMM-L01599,Torres PLC,Lost,3250,2026-09-16,referral payouts,0.49,Summit HVAC - Maintenance,Andre Coleman,2026-09-13 20:59:12,New
SUMM-D00646,SUMM-L01600,Scott Barnes and Perez,Closed Lost,3150,2026-09-13,Ppc,0.568,Summit HVAC - Emergency,Hannah Price,2026-09-10 23:46:59,Contacted
SUMM-D00647,SUMM-L01605,Buck-Lane,Closed Lost,9750,2026-09-28,Meta Ads,50.0,Summit HVAC - Installation,Andre Coleman,2026-09-15 06:27:32,Contacted
SUMM-D00648,SUMM-L01608,Morales-Jordan,Lost,"$4,800",2026-09-12,PHONE,0.441,Summit HVAC - Emergency,Maya Ortiz,2026-09-11 19:20:31,Contacted
SUMM-D00649,SUMM-L01615,Herman Hudson and Cohen,Won,3700,2026-09-15,word of mouth,,Summit HVAC - Emergency,Caleb Turner,2026-09-12 03:36:08,Won
SUMM-D00650,SUMM-L01619,Villarreal Joseph and Wilson,Contacted,17850,, outbound - sdr ,,Summit HVAC - Installation,Maya Ortiz,2026-09-20 18:09:54,Contacted
SUMM-D00651,SUMM-L01620,Hammond Wilson and Copeland,Lost,3900,2026-09-19,Callrail + Lsa,0.512,Summit HVAC - Maintenance,Maya Ortiz,2026-09-13 08:05:19,Contacted
SUMM-D00652,SUMM-L01622,Lewis-Nguyen,Lost,6000,2026-09-15,Google Ads,0.553,Summit HVAC - Emergency,Ben Foster,2026-09-13 09:47:43,Contacted
SUMM-D00653,SUMM-L01623,Simpson and Sons,Lost,"$30,200",2026-09-28,Referral,0.387,Summit HVAC - Installation,Caleb Turner,2026-09-14 23:52:58,Contacted
SUMM-D00654,SUMM-L01628,Lopez-Garrett,Proposal,4950,,Outbound,50.0%,Summit HVAC - Maintenance,Ben Foster,2026-09-14 07:22:50,Proposal
SUMM-D00655,SUMM-L01629,Duncan Rowe and Simon,LOST,2100,2026-09-15, phone ,55.5,Summit HVAC - Emergency,Caleb Turner,2026-09-14 08:49:32,New
SUMM-D00656,SUMM-L01630,Wilkins-Harper,Lost,12600,2026-09-22,Outbound,53.1,Summit HVAC - Maintenance,Summit Dispatch Queue,2026-09-20 00:53:03,New
SUMM-D00657,SUMM-L01634,Newton-Hood,closedlost,5850,2026-09-17,Callrail,58.6%,Summit HVAC - Emergency,Caleb Turner,2026-09-15 03:44:23,Contacted
SUMM-D00658,SUMM-L01635,Knox and Sons,Qualified,6300,,Outbound,45.3%,Summit HVAC - Maintenance,Andre Coleman,2026-09-15 16:56:07,Qualified
SUMM-D00659,SUMM-L01636,Nicholson Craig and Nunez,LOST,"$5,650",2026-09-22, prospecting ,0.44,Summit HVAC - Maintenance,Hannah Price,2026-09-16 06:46:40,Contacted
SUMM-D00660,SUMM-L01637,Garcia Adams and Snyder,Lost,6500,2026-09-19,Outbound,0.498,Summit HVAC - Maintenance,Ben Foster,2026-09-18 00:08:12,New
SUMM-D00661,SUMM-L01638,Smith LLC,closedlost,8600,2026-09-30,Referral,0.58,Summit HVAC - Maintenance,Andre Coleman,2026-09-18 11:48:57,Contacted
SUMM-D00662,SUMM-L01640,Reynolds-Dickerson,Lost,10000,2026-09-20,Outbound,36.5,Summit HVAC - Installation,Maya Ortiz,2026-09-17 05:09:04,Contacted
SUMM-D00663,SUMM-L01641,Coleman Group,Lost,2750,2026-09-16,Call Tracking,63.5,Summit HVAC - Emergency,Caleb Turner,2026-09-15 17:46:05,Contacted
SUMM-D00664,SUMM-L01645,Brown-Thompson,proposal,"$8,050",, cold email ,49.3%,Summit HVAC - Maintenance,Hannah Price,2026-09-18 07:19:38,Proposal
SUMM-D00665,SUMM-L01651,Martin Inc,closedlost,12150,2026-09-25,Outbound,0.506,Summit HVAC - Maintenance,Hannah Price,2026-09-18 04:32:46,Qualified
SUMM-D00666,SUMM-L01653,Mendoza Clark and Jimenez,Lost,1600,2026-09-17,Referal,0.492,Summit HVAC - Emergency,Hannah Price,2026-09-16 18:25:02,New
SUMM-D00667,SUMM-L01655,Sharp Mercado and Green,Lost,3200,2026-09-17,Call Tracking,,Summit HVAC - Emergency,Ben Foster,2026-09-16 16:23:37,Contacted
SUMM-D00668,SUMM-L01659,Carroll-Martin,Lost,3650,2026-09-17,GOOGLE_CPC,53.6,Summit HVAC - Emergency,Caleb Turner,2026-09-16 20:06:19,Contacted
SUMM-D00669,SUMM-L01660,Henry PLC,Lost,4350,2026-09-17,Call Tracking,0.505,Summit HVAC - Emergency,Andre Coleman,2026-09-16 22:02:45,New
SUMM-D00670,SUMM-L01661,Combs PLC,Lost,2200,2026-09-21,Adwords,0.57,Summit HVAC - Emergency,Caleb Turner,2026-09-17 04:39:24,Proposal
SUMM-D00671,SUMM-L01663,Palmer-Atkinson,Lost,8400,2026-09-27,Partner Referral,52.2%,Summit HVAC - Maintenance,Caleb Turner,2026-09-17 19:29:53,Contacted
SUMM-D00672,SUMM-L01664,Harper Martinez and Johnson,closedlost,4750,2026-09-20,Call Tracking,0.515,Summit HVAC - Emergency,Lucia Romero,2026-09-17 09:36:48,Qualified
SUMM-D00673,SUMM-L01665,Meyer and Sons,Lost,5000,2026-09-29,google ads search,51.3%,Summit HVAC - Maintenance,Andre Coleman,2026-09-19 00:20:40,Contacted
SUMM-D00674,SUMM-L01666,Hamilton Boyd and Ellis,LOST,3500,2026-09-19,Call Tracking,58.0%,Summit HVAC - Emergency,Hannah Price,2026-09-17 17:43:45,Contacted
SUMM-D00675,SUMM-L01668,Murray Group,Lost,2300,2026-09-20,Google Ads,0.496,Summit HVAC - Emergency,Caleb Turner,2026-09-18 13:57:23,Contacted
SUMM-D00676,SUMM-L01669,Fields Inc,Lost,12950,2026-09-29,Outbound,59.8,Summit HVAC - Maintenance,Ben Foster,2026-09-18 22:32:41,Contacted
SUMM-D00677,SUMM-L01670,Oliver-Humphrey,LOST,"$2,600",2026-09-21,Callrail,,Summit HVAC - Emergency,Andre Coleman,2026-09-18 21:14:04,Proposal
SUMM-D00678,SUMM-L01672,Alexander LLC,contacted,19500,, sdr program ,35.0%,Summit HVAC - Installation,Caleb Turner,2026-09-22 15:48:23,Contacted
SUMM-D00679,SUMM-L01674,Brown and Sons,Lost,"$2,300",2026-09-19,Call Tracking,0.573,Summit HVAC - Emergency,Caleb Turner,2026-09-19 00:43:20,Contacted
SUMM-D00680,SUMM-L01676,Li Inc,LOST,8300,2026-09-24,cold email,,Summit HVAC - Maintenance,Ben Foster,2026-09-20 10:39:45,Contacted
SUMM-D00681,SUMM-L01680,Brown Inc,Contacted,17500,, phone ,0.366,Summit HVAC - Installation,Caleb Turner,2026-09-22 07:22:35,Contacted
SUMM-D00682,SUMM-L01681,Price-Trujillo,Closed Lost,2500,2026-09-21,Referral,54.2,Summit HVAC - Emergency,Hannah Price,2026-09-19 23:42:44,Contacted
SUMM-D00683,SUMM-L01682,Dyer Inc,Contacted,13200,,referral payouts,,Summit HVAC - Installation,Caleb Turner,2026-09-23 00:25:24,Contacted
SUMM-D00684,SUMM-L01683,Durham-Floyd,contacted,"$29,100",,Outbound - sdr,,Summit HVAC - Installation,Hannah Price,2026-09-25 00:24:31,Contacted
SUMM-D00685,SUMM-L01685,Best PLC,new,14700,,Meta Ads,0.405,Summit HVAC - Installation,Hannah Price,2026-09-26 03:20:16,New
SUMM-D00686,SUMM-L01686,Collins-Mercado,Lost,3550,2026-09-24,Call Tracking,0.546,Summit HVAC - Emergency,Ben Foster,2026-09-21 15:50:51,Qualified
SUMM-D00687,SUMM-L01688,Phillips Oliver and Jenkins,Contacted,23400,,Meta Ads,0.416,Summit HVAC - Installation,Hannah Price,2026-09-22 09:18:59,Contacted
SUMM-D00688,SUMM-L01690,Christensen and Sons,Lost,"$5,850",2026-09-25,Meta Ads,0.46,Summit HVAC - Maintenance,Caleb Turner,2026-09-24 22:05:58,New
SUMM-D00689,SUMM-L01694,Banks Inc,LOST,"$4,600",2026-09-23, phone ,55.0%,Summit HVAC - Emergency,Hannah Price,2026-09-22 05:39:03,Contacted
SUMM-D00690,SUMM-L01697,Smith Campbell and Wiggins,Lost,4700,2026-09-27,Outbound,0.516,Summit HVAC - Maintenance,Maya Ortiz,2026-09-23 01:30:06,Contacted
SUMM-D00691,SUMM-L01700,Mccarthy Inc,New,16450,,Sdr,0.417,Summit HVAC - Installation,Caleb Turner,2026-09-26 23:14:30,New
SUMM-D00692,SUMM-L01702,Browning and Sons,contacted,22750,,Outbound - Sdr,0.398,Summit HVAC - Installation,Caleb Turner,2026-09-24 11:44:42,Contacted
SUMM-D00693,SUMM-L01703,James Miller and Fuller,Lost,4900,2026-09-23,Referral,46.9,Summit HVAC - Emergency,Ben Foster,2026-09-23 05:46:09,Contacted
SUMM-D00694,SUMM-L01704,Hoover Group,Contacted,"$13,850",,Outbound,,Summit HVAC - Installation,Caleb Turner,2026-09-26 12:36:01,Contacted
SUMM-D00695,SUMM-L01706,Joseph Acosta and Barrett,LOST,"$2,100",2026-09-22,COLD EMAIL,59.9,Summit HVAC - Emergency,Caleb Turner,2026-09-22 20:25:43,New
SUMM-D00696,SUMM-L01708,Vega-Goodwin,contacted,14400,,Call Tracking,,Summit HVAC - Installation,Andre Coleman,2026-09-25 07:46:11,Contacted
SUMM-D00697,SUMM-L01710,Curtis Ltd,Lost,2250,2026-09-23,PARTNER REFERRAL,,Summit HVAC - Emergency,Andre Coleman,2026-09-23 18:49:50,New
SUMM-D00698,SUMM-L01714,Bailey-Phillips,Lost,1650,2026-09-24,CALLRAIL,0.508,Summit HVAC - Emergency,Andre Coleman,2026-09-23 17:52:51,Contacted
SUMM-D00699,SUMM-L01715,Ramirez and Sons,Contacted,14500,,fb,0.396,Summit HVAC - Installation,Andre Coleman,2026-09-27 21:08:54,Contacted
SUMM-D00700,SUMM-L01716,Gibson Simon and Pruitt,Qualified,6050,,Sdr Program,0.498,Summit HVAC - Maintenance,Andre Coleman,2026-09-27 22:39:04,Qualified
SUMM-D00701,SUMM-L01717,Hubbard Hardy and Pope,Lost,1750,2026-09-25,Referral,0.499,Summit HVAC - Emergency,Lucia Romero,2026-09-24 02:31:51,Contacted
SUMM-D00702,SUMM-L01718,Clark-Lee,New,8000,,Call Tracking,0.465,Summit HVAC - Maintenance,Ben Foster,2026-09-26 03:40:21,New
SUMM-D00703,SUMM-L01719,Adams-Palmer,New,4200,,Call Tracking,49.5%,Summit HVAC - Maintenance,Maya Ortiz,2026-09-25 10:28:11,New
SUMM-D00704,SUMM-L01720,Nguyen-Ortiz,new,6000,,Outbound,0.518,Summit HVAC - Maintenance,Andre Coleman,2026-09-28 08:15:45,New
SUMM-D00705,SUMM-L01722,Harrison Houston and Bell,Contacted,5350,,google ads search,0.482,Summit HVAC - Maintenance,Hannah Price,2026-09-27 20:26:12,Contacted
SUMM-D00706,SUMM-L01723,Williams Ltd,New,27000,,Referral,39.7,Summit HVAC - Installation,Andre Coleman,2026-09-26 21:38:54,New
SUMM-D00707,SUMM-L01725,Thompson LLC,Won,4500,2026-09-28,Inbound Call,,Summit HVAC - Emergency,Andre Coleman,2026-09-24 16:33:38,Won
SUMM-D00708,SUMM-L01735,Wilson PLC,New,25350,,Call Tracking,0.297,Summit HVAC - Installation,Andre Coleman,2026-09-28 17:09:38,New
SUMM-D00709,SUMM-L01736,Hernandez Inc,Contacted,6800,,Cold email,55.1%,Summit HVAC - Maintenance,Caleb Turner,2026-09-29 03:37:29,Contacted
SUMM-D00710,SUMM-L01737,Suarez-Thomas,new,16300,,WORD OF MOUTH,0.334,Summit HVAC - Installation,Maya Ortiz,2026-09-29 07:06:15,New
SUMM-D00711,SUMM-L01741,Townsend Atkins and Frost,Lost,2200,2026-09-28,Google Ads Search,47.8%,Summit HVAC - Emergency,Caleb Turner,2026-09-27 05:47:12,Contacted
SUMM-D00712,SUMM-L01742,Flynn-Burke,Lost,4900,2026-09-27,Call Tracking,0.575,Summit HVAC - Emergency,Caleb Turner,2026-09-26 20:51:07,Contacted
SUMM-D00713,SUMM-L01745,Adams Harris and Miller,contacted,"$8,150",,Cold email,0.503,Summit HVAC - Maintenance,Caleb Turner,2026-09-28 03:05:15,Contacted
SUMM-D00714,SUMM-L01746,Bender-Mcgee,Lost,6250,2026-09-30,Facebook ads,,Summit HVAC - Maintenance,Hannah Price,2026-09-28 15:04:32,New
SUMM-D00715,SUMM-L01747,Reid Shepard and Brown,Contacted,7100,,Referral,0.521,Summit HVAC - Maintenance,Maya Ortiz,2026-09-29 05:34:38,Contacted
SUMM-D00716,SUMM-L01749,Baker Ltd,contacted,13150,,Paid social,43.8%,Summit HVAC - Maintenance,Hannah Price,2026-09-28 18:37:03,Contacted
SUMM-D00717,SUMM-L01752,Wright Ltd,new,10200,,Referral,,Summit HVAC - Maintenance,Caleb Turner,2026-09-29 08:44:30,New
SUMM-D00718,SUMM-L01753,Jackson-Perez,Lost,3500,2026-09-28,Call Tracking,55.2%,Summit HVAC - Emergency,Ben Foster,2026-09-28 13:55:24,New
SUMM-D00719,SUMM-L01755,Miller Hodges and Johnston,Lost,1650,2026-09-29,prospecting,0.541,Summit HVAC - Emergency,Maya Ortiz,2026-09-28 22:09:01,Contacted
SUMM-D00720,SUMM-L01760,Berry Lewis and Henry,Contacted,2200,,Local Services Ads,0.483,Summit HVAC - Emergency,Ben Foster,2026-09-29 07:37:27,Contacted
SUMM-D00721,SUMM-L01761,Hill-Jordan,Lost,3350,2026-09-30, callrail + lsa ,0.491,Summit HVAC - Emergency,Lucia Romero,2026-09-29 19:25:27,Contacted
SUMM-D00722,SUMM-L01764,Allison-Stone,contacted,2950,,Phone,0.525,Summit HVAC - Emergency,Maya Ortiz,2026-09-29 18:36:25,Contacted
SUMM-D00723,SUMM-L01765,Freeman Ltd,Contacted,2100,,Google Ads,0.548,Summit HVAC - Emergency,Hannah Price,2026-09-30 02:41:31,Contacted
SUMM-D00724,SUMM-L01766,Turner-James,Lost,3450,2026-09-30,Referral,0.492,Summit HVAC - Emergency,Caleb Turner,2026-09-29 20:17:00,Contacted
