deal_id,stage,entered_at,exited_at
ACME-D00001,New,2026-04-01 17:33:40,2026-04-04 09:02:06
ACME-D00001,Contacted,2026-04-04 09:02:06,2026-04-05 22:23:34
ACME-D00001,Qualified,2026-04-05 22:23:34,2026-04-23 12:00:38
ACME-D00001,Lost,2026-04-23 12:00:38,
ACME-D00002,New,2026-04-02 23:26:13,2026-04-06 08:02:31
ACME-D00002,Contacted,2026-04-06 08:02:31,2026-04-18 01:12:31
ACME-D00002,Lost,2026-04-18 01:12:31,
ACME-D00003,New,2026-04-08 10:40:18,2026-04-09 01:05:45
ACME-D00003,Lost,2026-04-09 01:05:45,
ACME-D00004,New,2026-04-05 06:07:13,2026-04-09 14:06:02
ACME-D00004,Contacted,2026-04-09 14:06:02,2026-04-21 22:34:42
ACME-D00004,Lost,2026-04-21 22:34:42,
ACME-D00005,New,2026-04-03 17:18:48,2026-04-08 18:50:02
ACME-D00005,Contacted,2026-04-08 18:50:02,2026-04-21 14:17:42
ACME-D00005,Lost,2026-04-21 14:17:42,
ACME-D00006,New,2026-04-02 23:53:59,2026-04-10 12:35:21
ACME-D00006,Contacted,2026-04-10 12:35:21,2026-04-13 10:25:03
ACME-D00006,Lost,2026-04-13 10:25:03,
ACME-D00007,New,2026-04-03 22:06:52,2026-04-05 06:41:35
ACME-D00007,Contacted,2026-04-05 06:41:35,2026-04-12 15:09:48
ACME-D00007,Qualified,2026-04-12 15:09:48,2026-04-13 13:55:46
ACME-D00007,Lost,2026-04-13 13:55:46,
ACME-D00008,New,2026-04-06 15:04:31,2026-04-15 23:51:59
ACME-D00008,Contacted,2026-04-15 23:51:59,2026-04-25 17:58:30
ACME-D00008,Lost,2026-04-25 17:58:30,
ACME-D00009,New,2026-04-05 06:43:11,2026-04-07 22:03:10
ACME-D00009,Lost,2026-04-07 22:03:10,
ACME-D00010,New,2026-04-10 14:04:54,2026-04-17 16:10:22
ACME-D00010,Contacted,2026-04-17 16:10:22,2026-04-25 21:00:26
ACME-D00010,Qualified,2026-04-25 21:00:26,2026-05-02 17:00:21
ACME-D00010,Proposal,2026-05-02 17:00:21,2026-05-25 12:22:06
ACME-D00010,Lost,2026-05-25 12:22:06,
ACME-D00011,New,2026-04-03 18:42:38,2026-04-09 14:23:14
ACME-D00011,Contacted,2026-04-09 14:23:14,2026-04-10 23:53:01
ACME-D00011,Lost,2026-04-10 23:53:01,
ACME-D00012,New,2026-04-03 21:03:24,2026-04-09 07:04:22
ACME-D00012,Contacted,2026-04-09 07:04:22,2026-04-19 20:53:33
ACME-D00012,Lost,2026-04-19 20:53:33,
ACME-D00013,New,2026-04-03 23:30:31,2026-04-04 22:25:27
ACME-D00013,Contacted,2026-04-04 22:25:27,2026-04-19 06:46:08
ACME-D00013,Lost,2026-04-19 06:46:08,
ACME-D00014,New,2026-04-05 22:24:10,2026-04-07 23:32:16
ACME-D00014,Contacted,2026-04-07 23:32:16,2026-04-16 10:41:13
ACME-D00014,Qualified,2026-04-16 10:41:13,2026-04-24 21:07:11
ACME-D00014,Proposal,2026-04-24 21:07:11,2026-05-05 02:53:05
ACME-D00014,Won,2026-05-05 02:53:05,
ACME-D00015,New,2026-04-07 04:48:34,2026-04-13 05:06:58
ACME-D00015,Contacted,2026-04-13 05:06:58,2026-04-23 17:31:47
ACME-D00015,Qualified,2026-04-23 17:31:47,2026-05-05 18:40:53
ACME-D00015,Proposal,2026-05-05 18:40:53,2026-05-20 15:43:59
ACME-D00015,Lost,2026-05-20 15:43:59,
ACME-D00016,New,2026-04-06 09:28:03,2026-04-07 04:43:06
ACME-D00016,Contacted,2026-04-07 04:43:06,2026-04-09 22:35:58
ACME-D00016,Lost,2026-04-09 22:35:58,
ACME-D00017,New,2026-04-09 05:03:42,2026-04-14 16:10:58
ACME-D00017,Contacted,2026-04-14 16:10:58,2026-04-15 13:15:30
ACME-D00017,Qualified,2026-04-15 13:15:30,2026-05-08 21:31:47
ACME-D00017,Proposal,2026-05-08 21:31:47,2026-06-01 13:52:15
ACME-D00017,Lost,2026-06-01 13:52:15,
ACME-D00018,New,2026-04-07 04:08:34,2026-04-08 19:05:06
ACME-D00018,Contacted,2026-04-08 19:05:06,2026-04-10 08:07:51
ACME-D00018,Qualified,2026-04-10 08:07:51,2026-05-05 08:40:59
ACME-D00018,Proposal,2026-05-05 08:40:59,2026-05-24 19:35:28
ACME-D00018,Lost,2026-05-24 19:35:28,
ACME-D00019,New,2026-04-11 01:41:07,2026-04-17 22:42:11
ACME-D00019,Contacted,2026-04-17 22:42:11,2026-05-05 08:56:11
ACME-D00019,Lost,2026-05-05 08:56:11,
ACME-D00020,New,2026-04-11 03:59:15,2026-04-12 20:54:28
ACME-D00020,Contacted,2026-04-12 20:54:28,2026-04-19 02:18:41
ACME-D00020,Lost,2026-04-19 02:18:41,
ACME-D00021,New,2026-04-07 15:28:04,2026-04-13 06:07:48
ACME-D00021,Contacted,2026-04-13 06:07:48,2026-04-15 14:18:44
ACME-D00021,Lost,2026-04-15 14:18:44,
ACME-D00022,New,2026-04-09 02:50:28,2026-04-12 08:02:26
ACME-D00022,Contacted,2026-04-12 08:02:26,2026-04-17 21:14:24
ACME-D00022,Lost,2026-04-17 21:14:24,
ACME-D00023,New,2026-04-08 04:21:52,2026-04-09 10:06:45
ACME-D00023,Contacted,2026-04-09 10:06:45,2026-05-05 07:38:14
ACME-D00023,Qualified,2026-05-05 07:38:14,2026-05-15 21:17:46
ACME-D00023,Proposal,2026-05-15 21:17:46,2026-06-18 14:31:19
ACME-D00023,Won,2026-06-18 14:31:19,
ACME-D00024,New,2026-04-11 23:54:53,2026-04-13 07:26:32
ACME-D00024,Contacted,2026-04-13 07:26:32,2026-04-18 23:20:33
ACME-D00024,Lost,2026-04-18 23:20:33,
ACME-D00025,New,2026-04-11 01:51:01,2026-04-11 21:41:27
ACME-D00025,Contacted,2026-04-11 21:41:27,2026-04-24 04:55:13
ACME-D00025,Qualified,2026-04-24 04:55:13,2026-05-01 08:56:07
ACME-D00025,Proposal,2026-05-01 08:56:07,2026-05-06 12:33:22
ACME-D00025,Lost,2026-05-06 12:33:22,
ACME-D00026,New,2026-04-11 15:18:37,2026-04-17 14:13:41
ACME-D00026,Contacted,2026-04-17 14:13:41,2026-04-21 05:08:19
ACME-D00026,Lost,2026-04-21 05:08:19,
ACME-D00027,New,2026-04-09 04:08:11,2026-04-11 06:02:53
ACME-D00027,Contacted,2026-04-11 06:02:53,2026-04-22 17:48:02
ACME-D00027,Lost,2026-04-22 17:48:02,
ACME-D00028,New,2026-04-10 04:21:41,2026-04-11 06:46:00
ACME-D00028,Contacted,2026-04-11 06:46:00,2026-04-20 14:28:00
ACME-D00028,Lost,2026-04-20 14:28:00,
ACME-D00029,New,2026-04-09 05:15:25,2026-04-09 16:06:25
ACME-D00029,Contacted,2026-04-09 16:06:25,2026-04-19 11:48:05
ACME-D00029,Lost,2026-04-19 11:48:05,
ACME-D00030,New,2026-04-09 10:38:44,2026-04-11 22:32:00
ACME-D00030,Lost,2026-04-11 22:32:00,
ACME-D00031,New,2026-04-14 13:14:17,2026-04-17 13:35:32
ACME-D00031,Lost,2026-04-17 13:35:32,
ACME-D00032,New,2026-04-10 03:26:52,2026-04-12 16:07:55
ACME-D00032,Contacted,2026-04-12 16:07:55,2026-04-20 12:50:59
ACME-D00032,Lost,2026-04-20 12:50:59,
ACME-D00033,New,2026-04-10 05:43:03,2026-04-20 17:18:54
ACME-D00033,Contacted,2026-04-20 17:18:54,2026-04-28 02:40:40
ACME-D00033,Lost,2026-04-28 02:40:40,
ACME-D00034,New,2026-04-09 05:17:14,2026-04-12 20:39:03
ACME-D00034,Contacted,2026-04-12 20:39:03,2026-04-16 08:35:51
ACME-D00034,Qualified,2026-04-16 08:35:51,2026-04-23 07:10:57
ACME-D00034,Lost,2026-04-23 07:10:57,
ACME-D00035,New,2026-04-14 09:38:04,2026-04-15 05:38:21
ACME-D00035,Contacted,2026-04-15 05:38:21,2026-04-24 01:42:37
ACME-D00035,Qualified,2026-04-24 01:42:37,2026-05-10 06:39:21
ACME-D00035,Proposal,2026-05-10 06:39:21,2026-06-09 03:30:05
ACME-D00035,Won,2026-06-09 03:30:05,
ACME-D00036,New,2026-04-09 10:31:01,2026-04-14 02:26:20
ACME-D00036,Contacted,2026-04-14 02:26:20,2026-04-19 01:00:59
ACME-D00036,Qualified,2026-04-19 01:00:59,2026-04-28 23:10:29
ACME-D00036,Proposal,2026-04-28 23:10:29,2026-05-19 00:39:49
ACME-D00036,Lost,2026-05-19 00:39:49,
ACME-D00037,New,2026-04-13 19:10:33,2026-04-15 03:33:42
ACME-D00037,Contacted,2026-04-15 03:33:42,2026-04-18 14:36:39
ACME-D00037,Lost,2026-04-18 14:36:39,
ACME-D00038,New,2026-04-10 00:28:24,2026-04-18 08:14:05
ACME-D00038,Lost,2026-04-18 08:14:05,
ACME-D00039,New,2026-04-11 07:23:06,2026-04-11 19:14:17
ACME-D00039,Contacted,2026-04-11 19:14:17,2026-04-20 00:00:48
ACME-D00039,Qualified,2026-04-20 00:00:48,2026-04-24 07:11:35
ACME-D00039,Lost,2026-04-24 07:11:35,
ACME-D00040,New,2026-04-13 07:38:41,2026-04-19 14:58:50
ACME-D00040,Contacted,2026-04-19 14:58:50,2026-04-27 13:56:53
ACME-D00040,Qualified,2026-04-27 13:56:53,2026-05-14 14:17:50
ACME-D00040,Proposal,2026-05-14 14:17:50,2026-05-22 02:32:28
ACME-D00040,Won,2026-05-22 02:32:28,
ACME-D00041,New,2026-04-11 13:01:55,2026-04-12 02:23:32
ACME-D00041,Contacted,2026-04-12 02:23:32,2026-04-18 17:15:34
ACME-D00041,Qualified,2026-04-18 17:15:34,2026-04-20 16:03:02
ACME-D00041,Proposal,2026-04-20 16:03:02,2026-05-06 16:07:28
ACME-D00041,Lost,2026-05-06 16:07:28,
ACME-D00042,New,2026-04-12 06:21:00,2026-04-14 15:39:18
ACME-D00042,Contacted,2026-04-14 15:39:18,2026-04-22 07:11:19
ACME-D00042,Lost,2026-04-22 07:11:19,
ACME-D00043,New,2026-04-14 07:49:56,2026-04-21 11:33:44
ACME-D00043,Contacted,2026-04-21 11:33:44,2026-05-01 11:25:40
ACME-D00043,Qualified,2026-05-01 11:25:40,2026-05-12 17:09:04
ACME-D00043,Proposal,2026-05-12 17:09:04,2026-06-08 05:27:17
ACME-D00043,Won,2026-06-08 05:27:17,
ACME-D00044,New,2026-04-13 11:58:58,2026-04-16 16:04:26
ACME-D00044,Contacted,2026-04-16 16:04:26,2026-04-21 05:09:13
ACME-D00044,Qualified,2026-04-21 05:09:13,2026-05-03 12:42:08
ACME-D00044,Proposal,2026-05-03 12:42:08,2026-05-05 09:35:43
ACME-D00044,Lost,2026-05-05 09:35:43,
ACME-D00045,New,2026-04-16 19:30:46,2026-04-21 21:06:35
ACME-D00045,Contacted,2026-04-21 21:06:35,2026-04-27 13:20:52
ACME-D00045,Qualified,2026-04-27 13:20:52,2026-05-10 20:41:59
ACME-D00045,Proposal,2026-05-10 20:41:59,2026-05-13 11:59:38
ACME-D00045,Won,2026-05-13 11:59:38,
ACME-D00046,New,2026-04-15 11:42:56,2026-04-17 00:14:05
ACME-D00046,Contacted,2026-04-17 00:14:05,2026-04-17 08:08:51
ACME-D00046,Lost,2026-04-17 08:08:51,
ACME-D00047,New,2026-04-17 00:38:31,2026-04-21 19:07:26
ACME-D00047,Contacted,2026-04-21 19:07:26,2026-04-26 20:07:23
ACME-D00047,Lost,2026-04-26 20:07:23,
ACME-D00048,New,2026-04-15 08:49:25,2026-04-25 06:23:41
ACME-D00048,Contacted,2026-04-25 06:23:41,2026-04-30 19:29:00
ACME-D00048,Lost,2026-04-30 19:29:00,
ACME-D00049,New,2026-04-15 22:49:53,2026-04-20 09:57:54
ACME-D00049,Contacted,2026-04-20 09:57:54,2026-04-24 14:30:12
ACME-D00049,Lost,2026-04-24 14:30:12,
ACME-D00050,New,2026-04-16 22:53:49,2026-04-24 07:34:48
ACME-D00050,Contacted,2026-04-24 07:34:48,2026-04-29 18:47:02
ACME-D00050,Lost,2026-04-29 18:47:02,
ACME-D00051,New,2026-04-15 03:44:14,2026-04-18 00:27:21
ACME-D00051,Lost,2026-04-18 00:27:21,
ACME-D00052,New,2026-04-16 20:53:44,2026-04-24 16:20:15
ACME-D00052,Contacted,2026-04-24 16:20:15,2026-05-08 23:32:09
ACME-D00052,Lost,2026-05-08 23:32:09,
ACME-D00053,New,2026-04-17 09:36:25,2026-04-20 03:40:10
ACME-D00053,Contacted,2026-04-20 03:40:10,2026-04-26 20:43:56
ACME-D00053,Qualified,2026-04-26 20:43:56,2026-05-11 14:22:51
ACME-D00053,Proposal,2026-05-11 14:22:51,2026-06-01 06:28:34
ACME-D00053,Won,2026-06-01 06:28:34,
ACME-D00054,New,2026-04-21 21:38:28,2026-04-24 14:58:23
ACME-D00054,Contacted,2026-04-24 14:58:23,2026-04-30 10:08:25
ACME-D00054,Lost,2026-04-30 10:08:25,
ACME-D00055,New,2026-04-21 01:34:48,2026-04-24 09:10:57
ACME-D00055,Contacted,2026-04-24 09:10:57,2026-05-01 15:27:40
ACME-D00055,Qualified,2026-05-01 15:27:40,2026-05-18 04:31:55
ACME-D00055,Proposal,2026-05-18 04:31:55,2026-06-09 05:10:02
ACME-D00055,Lost,2026-06-09 05:10:02,
ACME-D00056,New,2026-04-19 11:31:46,2026-04-20 13:34:13
ACME-D00056,Contacted,2026-04-20 13:34:13,2026-04-29 07:15:12
ACME-D00056,Lost,2026-04-29 07:15:12,
ACME-D00057,New,2026-04-19 19:22:19,2026-04-25 19:18:20
ACME-D00057,Lost,2026-04-25 19:18:20,
ACME-D00058,New,2026-04-20 08:14:28,2026-04-21 02:01:42
ACME-D00058,Contacted,2026-04-21 02:01:42,2026-04-26 15:54:25
ACME-D00058,Lost,2026-04-26 15:54:25,
ACME-D00059,New,2026-04-18 02:37:11,2026-04-23 07:21:31
ACME-D00059,Contacted,2026-04-23 07:21:31,2026-04-28 20:47:26
ACME-D00059,Lost,2026-04-28 20:47:26,
ACME-D00060,New,2026-04-20 03:57:51,2026-04-23 03:48:48
ACME-D00060,Contacted,2026-04-23 03:48:48,2026-05-06 12:26:00
ACME-D00060,Lost,2026-05-06 12:26:00,
ACME-D00061,New,2026-04-18 14:56:30,2026-04-26 11:49:56
ACME-D00061,Contacted,2026-04-26 11:49:56,2026-05-09 14:34:43
ACME-D00061,Lost,2026-05-09 14:34:43,
ACME-D00062,New,2026-04-20 03:10:24,2026-04-25 22:42:19
ACME-D00062,Contacted,2026-04-25 22:42:19,2026-05-15 08:24:44
ACME-D00062,Lost,2026-05-15 08:24:44,
ACME-D00063,New,2026-04-21 12:21:56,2026-04-25 16:11:41
ACME-D00063,Lost,2026-04-25 16:11:41,
ACME-D00064,New,2026-04-21 02:23:45,2026-04-26 04:39:44
ACME-D00064,Contacted,2026-04-26 04:39:44,2026-05-04 14:30:02
ACME-D00064,Qualified,2026-05-04 14:30:02,2026-06-12 07:37:13
ACME-D00064,Proposal,2026-06-12 07:37:13,2026-07-27 10:23:35
ACME-D00064,Won,2026-07-27 10:23:35,
ACME-D00065,New,2026-04-24 05:03:04,2026-04-25 02:13:00
ACME-D00065,Contacted,2026-04-25 02:13:00,2026-04-28 19:41:48
ACME-D00065,Qualified,2026-04-28 19:41:48,2026-05-18 15:53:06
ACME-D00065,Lost,2026-05-18 15:53:06,
ACME-D00066,New,2026-04-25 03:49:33,2026-04-30 20:48:24
ACME-D00066,Contacted,2026-04-30 20:48:24,2026-05-07 06:15:49
ACME-D00066,Qualified,2026-05-07 06:15:49,2026-05-18 10:35:58
ACME-D00066,Lost,2026-05-18 10:35:58,
ACME-D00067,New,2026-04-25 19:38:51,2026-05-03 19:38:25
ACME-D00067,Contacted,2026-05-03 19:38:25,2026-05-05 13:04:27
ACME-D00067,Qualified,2026-05-05 13:04:27,2026-05-16 04:15:32
ACME-D00067,Proposal,2026-05-16 04:15:32,2026-05-17 08:40:04
ACME-D00067,Lost,2026-05-17 08:40:04,
ACME-D00068,New,2026-04-24 14:12:59,2026-04-26 20:17:57
ACME-D00068,Contacted,2026-04-26 20:17:57,2026-04-29 12:20:33
ACME-D00068,Lost,2026-04-29 12:20:33,
ACME-D00069,New,2026-04-23 06:29:36,2026-04-24 16:37:13
ACME-D00069,Contacted,2026-04-24 16:37:13,2026-04-29 07:26:59
ACME-D00069,Lost,2026-04-29 07:26:59,
ACME-D00070,New,2026-04-23 05:22:15,2026-04-30 01:43:09
ACME-D00070,Contacted,2026-04-30 01:43:09,2026-05-05 01:43:52
ACME-D00070,Qualified,2026-05-05 01:43:52,2026-05-19 08:28:29
ACME-D00070,Proposal,2026-05-19 08:28:29,2026-05-25 02:04:31
ACME-D00070,Lost,2026-05-25 02:04:31,
ACME-D00071,New,2026-04-24 01:31:33,2026-04-28 16:07:16
ACME-D00071,Lost,2026-04-28 16:07:16,
ACME-D00072,New,2026-04-27 17:45:17,2026-04-29 22:18:58
ACME-D00072,Contacted,2026-04-29 22:18:58,2026-05-02 18:00:45
ACME-D00072,Qualified,2026-05-02 18:00:45,2026-05-13 21:17:37
ACME-D00072,Lost,2026-05-13 21:17:37,
ACME-D00073,New,2026-04-26 07:59:42,2026-05-06 04:17:40
ACME-D00073,Lost,2026-05-06 04:17:40,
ACME-D00074,New,2026-04-25 13:46:58,2026-04-26 23:17:40
ACME-D00074,Contacted,2026-04-26 23:17:40,2026-05-06 04:19:03
ACME-D00074,Lost,2026-05-06 04:19:03,
ACME-D00075,New,2026-04-24 02:28:51,2026-04-28 10:59:28
ACME-D00075,Contacted,2026-04-28 10:59:28,2026-05-07 06:30:42
ACME-D00075,Qualified,2026-05-07 06:30:42,2026-05-13 10:10:22
ACME-D00075,Proposal,2026-05-13 10:10:22,2026-05-20 13:06:59
ACME-D00075,Lost,2026-05-20 13:06:59,
ACME-D00076,New,2026-04-26 04:09:17,2026-04-30 12:02:00
ACME-D00076,Contacted,2026-04-30 12:02:00,2026-05-04 12:12:46
ACME-D00076,Qualified,2026-05-04 12:12:46,2026-05-29 21:52:26
ACME-D00076,Lost,2026-05-29 21:52:26,
ACME-D00077,New,2026-04-27 08:39:38,2026-04-29 11:49:14
ACME-D00077,Contacted,2026-04-29 11:49:14,2026-05-11 14:11:16
ACME-D00077,Lost,2026-05-11 14:11:16,
ACME-D00078,New,2026-04-28 16:26:05,2026-04-29 07:07:06
ACME-D00078,Contacted,2026-04-29 07:07:06,2026-05-24 19:24:49
ACME-D00078,Lost,2026-05-24 19:24:49,
ACME-D00079,New,2026-04-26 15:05:15,2026-04-29 21:33:02
ACME-D00079,Contacted,2026-04-29 21:33:02,2026-05-05 06:19:05
ACME-D00079,Lost,2026-05-05 06:19:05,
ACME-D00080,New,2026-04-26 08:55:26,2026-04-30 23:03:15
ACME-D00080,Contacted,2026-04-30 23:03:15,2026-05-05 14:40:08
ACME-D00080,Qualified,2026-05-05 14:40:08,2026-05-14 12:03:02
ACME-D00080,Lost,2026-05-14 12:03:02,
ACME-D00081,New,2026-04-24 21:55:50,2026-04-28 03:20:53
ACME-D00081,Contacted,2026-04-28 03:20:53,2026-05-07 08:22:17
ACME-D00081,Lost,2026-05-07 08:22:17,
ACME-D00082,New,2026-05-01 19:17:32,2026-05-05 22:36:38
ACME-D00082,Contacted,2026-05-05 22:36:38,2026-05-25 22:09:01
ACME-D00082,Qualified,2026-05-25 22:09:01,2026-06-05 21:55:46
ACME-D00082,Proposal,2026-06-05 21:55:46,2026-06-08 08:23:38
ACME-D00082,Lost,2026-06-08 08:23:38,
ACME-D00083,New,2026-04-27 19:06:09,2026-05-01 04:02:39
ACME-D00083,Contacted,2026-05-01 04:02:39,2026-05-16 22:47:43
ACME-D00083,Lost,2026-05-16 22:47:43,
ACME-D00084,New,2026-05-01 07:57:46,2026-05-02 16:23:24
ACME-D00084,Contacted,2026-05-02 16:23:24,2026-05-09 19:53:04
ACME-D00084,Qualified,2026-05-09 19:53:04,2026-05-26 00:53:25
ACME-D00084,Proposal,2026-05-26 00:53:25,2026-06-10 14:47:49
ACME-D00084,Lost,2026-06-10 14:47:49,
ACME-D00085,New,2026-05-03 00:41:35,2026-05-15 08:34:48
ACME-D00085,Lost,2026-05-15 08:34:48,
ACME-D00086,New,2026-04-30 09:35:06,2026-05-06 01:41:40
ACME-D00086,Contacted,2026-05-06 01:41:40,2026-05-16 23:59:28
ACME-D00086,Lost,2026-05-16 23:59:28,
ACME-D00087,New,2026-04-30 16:28:26,2026-05-07 06:57:32
ACME-D00087,Contacted,2026-05-07 06:57:32,2026-05-12 18:02:11
ACME-D00087,Qualified,2026-05-12 18:02:11,2026-06-03 07:35:06
ACME-D00087,Lost,2026-06-03 07:35:06,
ACME-D00088,New,2026-04-30 04:28:59,2026-04-30 13:59:39
ACME-D00088,Contacted,2026-04-30 13:59:39,2026-05-12 03:42:14
ACME-D00088,Lost,2026-05-12 03:42:14,
ACME-D00089,New,2026-05-01 04:15:52,2026-05-10 02:29:12
ACME-D00089,Contacted,2026-05-10 02:29:12,2026-05-31 06:38:50
ACME-D00089,Lost,2026-05-31 06:38:50,
ACME-D00090,New,2026-05-04 00:43:19,2026-05-06 00:19:02
ACME-D00090,Lost,2026-05-06 00:19:02,
ACME-D00091,New,2026-05-03 22:12:43,2026-05-07 18:02:35
ACME-D00091,Contacted,2026-05-07 18:02:35,2026-05-14 16:18:16
ACME-D00091,Qualified,2026-05-14 16:18:16,2026-05-28 01:46:58
ACME-D00091,Proposal,2026-05-28 01:46:58,2026-06-13 07:51:38
ACME-D00091,Lost,2026-06-13 07:51:38,
ACME-D00092,New,2026-05-06 22:40:17,2026-05-13 08:25:21
ACME-D00092,Contacted,2026-05-13 08:25:21,2026-05-25 12:11:38
ACME-D00092,Lost,2026-05-25 12:11:38,
ACME-D00093,New,2026-05-03 04:24:36,2026-05-08 17:07:19
ACME-D00093,Contacted,2026-05-08 17:07:19,2026-05-19 01:07:06
ACME-D00093,Lost,2026-05-19 01:07:06,
ACME-D00094,New,2026-05-04 01:49:48,2026-05-07 05:58:32
ACME-D00094,Lost,2026-05-07 05:58:32,
ACME-D00095,New,2026-05-05 22:22:41,2026-05-06 12:11:40
ACME-D00095,Contacted,2026-05-06 12:11:40,2026-05-08 06:19:22
ACME-D00095,Lost,2026-05-08 06:19:22,
ACME-D00096,New,2026-05-06 10:40:59,2026-05-13 22:03:43
ACME-D00096,Contacted,2026-05-13 22:03:43,2026-05-16 08:21:25
ACME-D00096,Qualified,2026-05-16 08:21:25,2026-05-21 00:12:05
ACME-D00096,Proposal,2026-05-21 00:12:05,2026-05-25 17:03:41
ACME-D00096,Won,2026-05-25 17:03:41,
ACME-D00097,New,2026-05-05 13:52:25,2026-05-07 15:29:08
ACME-D00097,Contacted,2026-05-07 15:29:08,2026-05-12 18:34:32
ACME-D00097,Qualified,2026-05-12 18:34:32,2026-05-25 09:01:53
ACME-D00097,Proposal,2026-05-25 09:01:53,2026-06-08 22:39:16
ACME-D00097,Lost,2026-06-08 22:39:16,
ACME-D00098,New,2026-05-07 04:24:56,2026-05-09 06:36:47
ACME-D00098,Contacted,2026-05-09 06:36:47,2026-05-25 15:48:26
ACME-D00098,Lost,2026-05-25 15:48:26,
ACME-D00099,New,2026-05-07 20:38:03,2026-05-16 12:44:38
ACME-D00099,Lost,2026-05-16 12:44:38,
ACME-D00100,New,2026-05-06 10:08:27,2026-05-08 00:26:03
ACME-D00100,Contacted,2026-05-08 00:26:03,2026-05-25 19:07:13
ACME-D00100,Lost,2026-05-25 19:07:13,
ACME-D00101,New,2026-05-09 01:08:47,2026-05-10 23:56:52
ACME-D00101,Contacted,2026-05-10 23:56:52,2026-05-22 16:33:04
ACME-D00101,Qualified,2026-05-22 16:33:04,2026-05-25 09:39:55
ACME-D00101,Proposal,2026-05-25 09:39:55,2026-05-28 20:05:09
ACME-D00101,Lost,2026-05-28 20:05:09,
ACME-D00102,New,2026-05-09 19:23:29,2026-05-15 15:15:24
ACME-D00102,Contacted,2026-05-15 15:15:24,2026-05-18 14:38:52
ACME-D00102,Qualified,2026-05-18 14:38:52,2026-05-31 15:23:43
ACME-D00102,Proposal,2026-05-31 15:23:43,2026-06-12 16:33:03
ACME-D00102,Lost,2026-06-12 16:33:03,
ACME-D00103,New,2026-05-11 00:42:33,2026-05-13 22:09:30
ACME-D00103,Lost,2026-05-13 22:09:30,
ACME-D00104,New,2026-05-08 17:03:33,2026-05-13 17:07:11
ACME-D00104,Contacted,2026-05-13 17:07:11,2026-05-23 13:13:44
ACME-D00104,Lost,2026-05-23 13:13:44,
ACME-D00105,New,2026-05-09 05:36:41,2026-05-11 06:43:09
ACME-D00105,Contacted,2026-05-11 06:43:09,2026-05-17 21:09:58
ACME-D00105,Lost,2026-05-17 21:09:58,
ACME-D00106,New,2026-05-11 03:11:36,2026-05-12 01:10:45
ACME-D00106,Contacted,2026-05-12 01:10:45,2026-05-21 14:08:30
ACME-D00106,Lost,2026-05-21 14:08:30,
ACME-D00107,New,2026-05-09 03:20:38,2026-05-17 00:50:47
ACME-D00107,Contacted,2026-05-17 00:50:47,2026-06-05 10:36:56
ACME-D00107,Qualified,2026-06-05 10:36:56,2026-06-12 12:37:02
ACME-D00107,Proposal,2026-06-12 12:37:02,2026-07-19 17:06:14
ACME-D00107,Won,2026-07-19 17:06:14,
ACME-D00108,New,2026-05-15 04:39:23,2026-05-21 12:48:07
ACME-D00108,Contacted,2026-05-21 12:48:07,2026-06-03 00:13:47
ACME-D00108,Qualified,2026-06-03 00:13:47,2026-06-10 12:37:35
ACME-D00108,Lost,2026-06-10 12:37:35,
ACME-D00109,New,2026-05-08 15:53:04,2026-05-13 22:46:15
ACME-D00109,Contacted,2026-05-13 22:46:15,2026-05-17 08:47:20
ACME-D00109,Qualified,2026-05-17 08:47:20,2026-05-25 21:57:16
ACME-D00109,Proposal,2026-05-25 21:57:16,2026-05-30 03:25:52
ACME-D00109,Lost,2026-05-30 03:25:52,
ACME-D00110,New,2026-05-09 11:04:54,2026-05-15 00:34:04
ACME-D00110,Contacted,2026-05-15 00:34:04,2026-06-07 16:31:45
ACME-D00110,Qualified,2026-06-07 16:31:45,2026-06-12 04:02:37
ACME-D00110,Proposal,2026-06-12 04:02:37,2026-06-24 19:24:39
ACME-D00110,Won,2026-06-24 19:24:39,
ACME-D00111,New,2026-05-13 07:05:34,2026-05-13 17:29:16
ACME-D00111,Contacted,2026-05-13 17:29:16,2026-05-17 17:09:29
ACME-D00111,Qualified,2026-05-17 17:09:29,2026-05-26 20:22:20
ACME-D00111,Proposal,2026-05-26 20:22:20,2026-06-11 12:13:05
ACME-D00111,Won,2026-06-11 12:13:05,
ACME-D00112,New,2026-05-11 03:43:20,2026-05-20 00:40:50
ACME-D00112,Contacted,2026-05-20 00:40:50,2026-05-25 23:16:38
ACME-D00112,Lost,2026-05-25 23:16:38,
ACME-D00113,New,2026-05-09 07:42:37,2026-05-12 10:06:38
ACME-D00113,Contacted,2026-05-12 10:06:38,2026-05-16 05:11:48
ACME-D00113,Lost,2026-05-16 05:11:48,
ACME-D00114,New,2026-05-09 16:28:17,2026-05-11 02:53:06
ACME-D00114,Contacted,2026-05-11 02:53:06,2026-05-14 14:09:24
ACME-D00114,Lost,2026-05-14 14:09:24,
ACME-D00115,New,2026-05-12 01:41:01,2026-05-18 10:45:08
ACME-D00115,Contacted,2026-05-18 10:45:08,2026-05-25 18:06:55
ACME-D00115,Lost,2026-05-25 18:06:55,
ACME-D00116,New,2026-05-10 20:44:51,2026-05-14 11:46:46
ACME-D00116,Contacted,2026-05-14 11:46:46,2026-05-18 03:41:49
ACME-D00116,Qualified,2026-05-18 03:41:49,2026-06-02 19:41:01
ACME-D00116,Lost,2026-06-02 19:41:01,
ACME-D00117,New,2026-05-12 01:29:19,2026-05-18 22:07:59
ACME-D00117,Contacted,2026-05-18 22:07:59,2026-05-27 15:10:55
ACME-D00117,Lost,2026-05-27 15:10:55,
ACME-D00118,New,2026-05-10 05:54:56,2026-05-17 10:39:05
ACME-D00118,Contacted,2026-05-17 10:39:05,2026-05-22 22:42:00
ACME-D00118,Qualified,2026-05-22 22:42:00,2026-06-06 20:49:30
ACME-D00118,Proposal,2026-06-06 20:49:30,2026-06-14 02:19:07
ACME-D00118,Lost,2026-06-14 02:19:07,
ACME-D00119,New,2026-05-13 06:03:29,2026-05-17 09:01:49
ACME-D00119,Contacted,2026-05-17 09:01:49,2026-05-21 23:03:47
ACME-D00119,Qualified,2026-05-21 23:03:47,2026-05-28 06:15:16
ACME-D00119,Lost,2026-05-28 06:15:16,
ACME-D00120,New,2026-05-11 18:16:23,2026-05-14 00:04:17
ACME-D00120,Contacted,2026-05-14 00:04:17,2026-05-20 14:30:39
ACME-D00120,Qualified,2026-05-20 14:30:39,2026-05-29 11:18:00
ACME-D00120,Proposal,2026-05-29 11:18:00,2026-06-03 19:28:57
ACME-D00120,Won,2026-06-03 19:28:57,
ACME-D00121,New,2026-05-12 16:50:29,2026-05-16 16:52:31
ACME-D00121,Contacted,2026-05-16 16:52:31,2026-05-22 18:17:42
ACME-D00121,Qualified,2026-05-22 18:17:42,2026-06-01 09:47:12
ACME-D00121,Lost,2026-06-01 09:47:12,
ACME-D00122,New,2026-05-12 21:08:22,2026-05-18 16:19:21
ACME-D00122,Contacted,2026-05-18 16:19:21,2026-05-27 22:01:23
ACME-D00122,Qualified,2026-05-27 22:01:23,2026-06-02 14:50:42
ACME-D00122,Proposal,2026-06-02 14:50:42,2026-07-16 18:02:47
ACME-D00122,Lost,2026-07-16 18:02:47,
ACME-D00123,New,2026-05-13 15:15:01,2026-05-25 04:21:32
ACME-D00123,Contacted,2026-05-25 04:21:32,2026-05-26 23:38:12
ACME-D00123,Qualified,2026-05-26 23:38:12,2026-06-01 18:50:33
ACME-D00123,Proposal,2026-06-01 18:50:33,2026-06-22 06:10:31
ACME-D00123,Lost,2026-06-22 06:10:31,
ACME-D00124,New,2026-05-14 15:43:56,2026-05-17 18:36:07
ACME-D00124,Contacted,2026-05-17 18:36:07,2026-06-04 22:02:22
ACME-D00124,Qualified,2026-06-04 22:02:22,2026-06-11 03:03:02
ACME-D00124,Lost,2026-06-11 03:03:02,
ACME-D00125,New,2026-05-13 04:30:44,2026-05-17 16:16:39
ACME-D00125,Contacted,2026-05-17 16:16:39,2026-05-20 04:01:13
ACME-D00125,Qualified,2026-05-20 04:01:13,2026-05-22 21:05:45
ACME-D00125,Proposal,2026-05-22 21:05:45,2026-06-02 15:43:49
ACME-D00125,Won,2026-06-02 15:43:49,
ACME-D00126,New,2026-05-14 00:39:24,2026-05-18 15:15:34
ACME-D00126,Contacted,2026-05-18 15:15:34,2026-05-28 09:20:08
ACME-D00126,Lost,2026-05-28 09:20:08,
ACME-D00127,New,2026-05-13 20:54:45,2026-05-18 11:11:17
ACME-D00127,Contacted,2026-05-18 11:11:17,2026-05-22 07:37:49
ACME-D00127,Qualified,2026-05-22 07:37:49,2026-06-02 01:10:56
ACME-D00127,Lost,2026-06-02 01:10:56,
ACME-D00128,New,2026-05-15 23:11:26,2026-05-20 08:31:56
ACME-D00128,Contacted,2026-05-20 08:31:56,2026-05-30 02:07:23
ACME-D00128,Lost,2026-05-30 02:07:23,
ACME-D00129,New,2026-05-16 23:12:04,2026-05-17 22:38:18
ACME-D00129,Contacted,2026-05-17 22:38:18,2026-05-23 03:00:20
ACME-D00129,Lost,2026-05-23 03:00:20,
ACME-D00130,New,2026-05-16 13:30:14,2026-05-26 10:20:59
ACME-D00130,Contacted,2026-05-26 10:20:59,2026-06-01 21:26:57
ACME-D00130,Qualified,2026-06-01 21:26:57,2026-06-03 07:23:55
ACME-D00130,Proposal,2026-06-03 07:23:55,2026-06-20 08:11:12
ACME-D00130,Lost,2026-06-20 08:11:12,
ACME-D00131,New,2026-05-17 09:46:31,2026-05-18 13:18:21
ACME-D00131,Contacted,2026-05-18 13:18:21,2026-06-01 11:25:22
ACME-D00131,Qualified,2026-06-01 11:25:22,2026-06-15 07:37:05
ACME-D00131,Proposal,2026-06-15 07:37:05,2026-07-13 12:34:56
ACME-D00131,Lost,2026-07-13 12:34:56,
ACME-D00132,New,2026-05-14 12:53:05,2026-05-15 20:31:42
ACME-D00132,Contacted,2026-05-15 20:31:42,2026-05-19 02:52:48
ACME-D00132,Qualified,2026-05-19 02:52:48,2026-05-21 04:53:32
ACME-D00132,Proposal,2026-05-21 04:53:32,2026-06-01 05:27:21
ACME-D00132,Lost,2026-06-01 05:27:21,
ACME-D00133,New,2026-05-14 09:25:29,2026-05-15 02:19:01
ACME-D00133,Contacted,2026-05-15 02:19:01,2026-05-28 08:29:49
ACME-D00133,Lost,2026-05-28 08:29:49,
ACME-D00134,New,2026-05-14 21:00:17,2026-05-25 10:01:09
ACME-D00134,Contacted,2026-05-25 10:01:09,2026-05-31 11:53:20
ACME-D00134,Lost,2026-05-31 11:53:20,
ACME-D00135,New,2026-05-17 04:58:22,2026-05-21 15:46:22
ACME-D00135,Contacted,2026-05-21 15:46:22,2026-05-24 20:27:47
ACME-D00135,Lost,2026-05-24 20:27:47,
ACME-D00136,New,2026-05-17 15:24:36,2026-05-22 06:59:12
ACME-D00136,Contacted,2026-05-22 06:59:12,2026-06-17 03:47:25
ACME-D00136,Lost,2026-06-17 03:47:25,
ACME-D00137,New,2026-05-16 09:45:38,2026-05-18 02:08:49
ACME-D00137,Contacted,2026-05-18 02:08:49,2026-05-20 23:23:44
ACME-D00137,Lost,2026-05-20 23:23:44,
ACME-D00138,New,2026-05-17 09:36:05,2026-05-17 20:52:51
ACME-D00138,Contacted,2026-05-17 20:52:51,2026-05-21 20:13:39
ACME-D00138,Qualified,2026-05-21 20:13:39,2026-05-31 11:04:43
ACME-D00138,Lost,2026-05-31 11:04:43,
ACME-D00139,New,2026-05-18 23:08:16,2026-05-21 16:45:24
ACME-D00139,Contacted,2026-05-21 16:45:24,2026-05-24 07:11:22
ACME-D00139,Qualified,2026-05-24 07:11:22,2026-06-06 15:21:00
ACME-D00139,Proposal,2026-06-06 15:21:00,2026-06-11 21:39:57
ACME-D00139,Won,2026-06-11 21:39:57,
ACME-D00140,New,2026-05-19 09:09:18,2026-05-22 16:40:05
ACME-D00140,Contacted,2026-05-22 16:40:05,2026-05-26 23:07:02
ACME-D00140,Lost,2026-05-26 23:07:02,
ACME-D00141,New,2026-05-24 07:35:45,2026-05-26 19:47:16
ACME-D00141,Contacted,2026-05-26 19:47:16,2026-06-02 04:51:15
ACME-D00141,Qualified,2026-06-02 04:51:15,2026-06-15 21:21:34
ACME-D00141,Proposal,2026-06-15 21:21:34,2026-07-30 17:53:34
ACME-D00141,Won,2026-07-30 17:53:34,
ACME-D00142,New,2026-05-19 11:39:38,2026-05-21 18:59:46
ACME-D00142,Contacted,2026-05-21 18:59:46,2026-05-29 23:56:10
ACME-D00142,Qualified,2026-05-29 23:56:10,2026-06-05 01:50:48
ACME-D00142,Proposal,2026-06-05 01:50:48,2026-06-18 06:44:52
ACME-D00142,Won,2026-06-18 06:44:52,
ACME-D00143,New,2026-05-17 14:21:13,2026-05-21 20:13:59
ACME-D00143,Contacted,2026-05-21 20:13:59,2026-05-26 13:56:52
ACME-D00143,Lost,2026-05-26 13:56:52,
ACME-D00144,New,2026-05-16 14:16:43,2026-05-29 18:41:56
ACME-D00144,Contacted,2026-05-29 18:41:56,2026-06-11 06:22:54
ACME-D00144,Qualified,2026-06-11 06:22:54,2026-06-17 08:26:57
ACME-D00144,Proposal,2026-06-17 08:26:57,2026-06-29 12:44:08
ACME-D00144,Won,2026-06-29 12:44:08,
ACME-D00145,New,2026-05-17 20:17:41,2026-05-18 09:10:59
ACME-D00145,Contacted,2026-05-18 09:10:59,2026-05-18 23:53:27
ACME-D00145,Lost,2026-05-18 23:53:27,
ACME-D00146,New,2026-05-20 22:00:18,2026-05-25 12:05:27
ACME-D00146,Lost,2026-05-25 12:05:27,
ACME-D00147,New,2026-05-19 08:14:39,2026-05-20 09:22:42
ACME-D00147,Contacted,2026-05-20 09:22:42,2026-05-23 03:49:41
ACME-D00147,Qualified,2026-05-23 03:49:41,2026-06-08 07:53:21
ACME-D00147,Proposal,2026-06-08 07:53:21,2026-06-27 23:13:58
ACME-D00147,Won,2026-06-27 23:13:58,
ACME-D00148,New,2026-05-21 04:30:48,2026-05-25 11:50:00
ACME-D00148,Contacted,2026-05-25 11:50:00,2026-05-26 22:55:36
ACME-D00148,Qualified,2026-05-26 22:55:36,2026-06-02 18:58:34
ACME-D00148,Lost,2026-06-02 18:58:34,
ACME-D00149,New,2026-05-22 11:55:24,2026-05-29 18:14:43
ACME-D00149,Contacted,2026-05-29 18:14:43,2026-06-04 05:04:31
ACME-D00149,Qualified,2026-06-04 05:04:31,2026-06-18 02:40:14
ACME-D00149,Proposal,2026-06-18 02:40:14,2026-07-06 23:04:02
ACME-D00149,Won,2026-07-06 23:04:02,
ACME-D00150,New,2026-05-23 12:17:58,2026-05-27 21:31:44
ACME-D00150,Contacted,2026-05-27 21:31:44,2026-06-21 13:04:49
ACME-D00150,Qualified,2026-06-21 13:04:49,2026-06-27 00:43:55
ACME-D00150,Proposal,2026-06-27 00:43:55,2026-07-12 01:57:55
ACME-D00150,Lost,2026-07-12 01:57:55,
ACME-D00151,New,2026-05-21 08:58:36,2026-05-23 00:13:23
ACME-D00151,Contacted,2026-05-23 00:13:23,2026-05-28 13:00:19
ACME-D00151,Lost,2026-05-28 13:00:19,
ACME-D00152,New,2026-05-23 23:45:21,2026-06-02 21:18:59
ACME-D00152,Contacted,2026-06-02 21:18:59,2026-07-05 05:21:39
ACME-D00152,Qualified,2026-07-05 05:21:39,2026-07-13 00:37:32
ACME-D00152,Proposal,2026-07-13 00:37:32,2026-08-07 16:02:16
ACME-D00152,Lost,2026-08-07 16:02:16,
ACME-D00153,New,2026-05-22 04:33:44,2026-05-28 07:44:14
ACME-D00153,Contacted,2026-05-28 07:44:14,2026-05-31 13:16:10
ACME-D00153,Qualified,2026-05-31 13:16:10,2026-06-09 08:28:51
ACME-D00153,Lost,2026-06-09 08:28:51,
ACME-D00154,New,2026-05-23 18:48:43,2026-05-29 10:23:49
ACME-D00154,Contacted,2026-05-29 10:23:49,2026-06-03 00:01:01
ACME-D00154,Lost,2026-06-03 00:01:01,
ACME-D00155,New,2026-05-27 22:44:20,2026-05-29 16:24:28
ACME-D00155,Contacted,2026-05-29 16:24:28,2026-06-14 13:49:10
ACME-D00155,Qualified,2026-06-14 13:49:10,2026-06-23 14:19:17
ACME-D00155,Lost,2026-06-23 14:19:17,
ACME-D00156,New,2026-05-24 17:36:42,2026-05-25 08:54:35
ACME-D00156,Contacted,2026-05-25 08:54:35,2026-06-01 15:57:04
ACME-D00156,Lost,2026-06-01 15:57:04,
ACME-D00157,New,2026-05-22 16:32:41,2026-05-27 11:54:05
ACME-D00157,Contacted,2026-05-27 11:54:05,2026-06-12 20:28:42
ACME-D00157,Lost,2026-06-12 20:28:42,
ACME-D00158,New,2026-05-22 01:37:46,2026-05-23 19:42:50
ACME-D00158,Contacted,2026-05-23 19:42:50,2026-06-03 16:30:56
ACME-D00158,Lost,2026-06-03 16:30:56,
ACME-D00159,New,2026-05-24 07:59:24,2026-06-02 05:47:14
ACME-D00159,Contacted,2026-06-02 05:47:14,2026-06-13 14:28:33
ACME-D00159,Lost,2026-06-13 14:28:33,
ACME-D00160,New,2026-05-25 03:23:10,2026-05-30 12:45:10
ACME-D00160,Contacted,2026-05-30 12:45:10,2026-06-07 17:47:40
ACME-D00160,Qualified,2026-06-07 17:47:40,2026-06-24 03:18:48
ACME-D00160,Lost,2026-06-24 03:18:48,
ACME-D00161,New,2026-05-26 04:06:43,2026-05-27 05:09:44
ACME-D00161,Contacted,2026-05-27 05:09:44,2026-05-31 15:08:31
ACME-D00161,Lost,2026-05-31 15:08:31,
ACME-D00162,New,2026-05-29 21:28:13,2026-05-31 08:03:53
ACME-D00162,Lost,2026-05-31 08:03:53,
ACME-D00163,New,2026-05-25 10:36:06,2026-05-30 13:35:30
ACME-D00163,Contacted,2026-05-30 13:35:30,2026-06-12 10:30:41
ACME-D00163,Lost,2026-06-12 10:30:41,
ACME-D00164,New,2026-05-23 15:02:02,2026-05-25 12:56:35
ACME-D00164,Contacted,2026-05-25 12:56:35,2026-06-03 17:19:50
ACME-D00164,Qualified,2026-06-03 17:19:50,2026-06-19 16:18:59
ACME-D00164,Lost,2026-06-19 16:18:59,
ACME-D00165,New,2026-05-24 07:13:52,2026-06-01 22:22:27
ACME-D00165,Contacted,2026-06-01 22:22:27,2026-06-07 21:03:29
ACME-D00165,Qualified,2026-06-07 21:03:29,2026-06-17 01:06:56
ACME-D00165,Proposal,2026-06-17 01:06:56,2026-07-02 09:29:59
ACME-D00165,Lost,2026-07-02 09:29:59,
ACME-D00166,New,2026-05-23 03:14:34,2026-05-28 06:26:50
ACME-D00166,Contacted,2026-05-28 06:26:50,2026-06-03 11:49:06
ACME-D00166,Lost,2026-06-03 11:49:06,
ACME-D00167,New,2026-05-26 08:59:46,2026-05-30 21:24:54
ACME-D00167,Contacted,2026-05-30 21:24:54,2026-06-11 01:03:21
ACME-D00167,Lost,2026-06-11 01:03:21,
ACME-D00168,New,2026-05-25 00:17:44,2026-05-28 18:54:02
ACME-D00168,Contacted,2026-05-28 18:54:02,2026-05-31 01:55:08
ACME-D00168,Lost,2026-05-31 01:55:08,
ACME-D00169,New,2026-05-24 21:03:19,2026-06-01 18:12:39
ACME-D00169,Contacted,2026-06-01 18:12:39,2026-06-04 08:55:19
ACME-D00169,Lost,2026-06-04 08:55:19,
ACME-D00170,New,2026-05-27 12:52:20,2026-06-01 17:46:40
ACME-D00170,Contacted,2026-06-01 17:46:40,2026-06-02 20:11:20
ACME-D00170,Lost,2026-06-02 20:11:20,
ACME-D00171,New,2026-05-28 23:45:00,2026-06-02 03:11:51
ACME-D00171,Contacted,2026-06-02 03:11:51,2026-06-06 05:47:21
ACME-D00171,Lost,2026-06-06 05:47:21,
ACME-D00172,New,2026-05-29 16:23:22,2026-05-30 03:59:14
ACME-D00172,Contacted,2026-05-30 03:59:14,2026-06-04 04:38:28
ACME-D00172,Qualified,2026-06-04 04:38:28,2026-06-22 22:44:05
ACME-D00172,Lost,2026-06-22 22:44:05,
ACME-D00173,New,2026-05-29 10:52:48,2026-05-31 23:52:39
ACME-D00173,Contacted,2026-05-31 23:52:39,2026-06-05 06:19:19
ACME-D00173,Qualified,2026-06-05 06:19:19,2026-06-09 00:25:16
ACME-D00173,Proposal,2026-06-09 00:25:16,2026-06-22 01:32:45
ACME-D00173,Won,2026-06-22 01:32:45,
ACME-D00174,New,2026-06-06 16:01:54,2026-06-08 23:14:04
ACME-D00174,Contacted,2026-06-08 23:14:04,2026-06-15 02:31:51
ACME-D00174,Qualified,2026-06-15 02:31:51,2026-06-26 04:27:48
ACME-D00174,Lost,2026-06-26 04:27:48,
ACME-D00175,New,2026-05-30 19:04:22,2026-06-05 20:54:24
ACME-D00175,Contacted,2026-06-05 20:54:24,2026-06-25 10:05:37
ACME-D00175,Lost,2026-06-25 10:05:37,
ACME-D00176,New,2026-05-30 14:29:22,2026-06-01 13:59:02
ACME-D00176,Contacted,2026-06-01 13:59:02,2026-06-09 03:26:58
ACME-D00176,Qualified,2026-06-09 03:26:58,2026-06-18 23:30:16
ACME-D00176,Proposal,2026-06-18 23:30:16,2026-07-10 04:54:31
ACME-D00176,Won,2026-07-10 04:54:31,
ACME-D00177,New,2026-05-31 02:48:21,2026-06-04 12:15:24
ACME-D00177,Contacted,2026-06-04 12:15:24,2026-06-14 17:46:02
ACME-D00177,Lost,2026-06-14 17:46:02,
ACME-D00178,New,2026-05-29 04:46:46,2026-05-31 07:50:46
ACME-D00178,Contacted,2026-05-31 07:50:46,2026-06-10 18:20:35
ACME-D00178,Lost,2026-06-10 18:20:35,
ACME-D00179,New,2026-06-01 20:24:58,2026-06-03 23:06:15
ACME-D00179,Contacted,2026-06-03 23:06:15,2026-06-04 21:21:20
ACME-D00179,Qualified,2026-06-04 21:21:20,2026-06-12 06:40:06
ACME-D00179,Proposal,2026-06-12 06:40:06,2026-06-20 13:10:47
ACME-D00179,Lost,2026-06-20 13:10:47,
ACME-D00180,New,2026-05-29 23:36:17,2026-06-01 19:31:23
ACME-D00180,Contacted,2026-06-01 19:31:23,2026-06-02 10:03:46
ACME-D00180,Qualified,2026-06-02 10:03:46,2026-06-09 02:48:53
ACME-D00180,Proposal,2026-06-09 02:48:53,2026-06-13 05:20:56
ACME-D00180,Won,2026-06-13 05:20:56,
ACME-D00181,New,2026-05-27 11:01:00,2026-06-10 08:24:33
ACME-D00181,Contacted,2026-06-10 08:24:33,2026-06-21 16:30:40
ACME-D00181,Qualified,2026-06-21 16:30:40,2026-06-30 03:54:31
ACME-D00181,Proposal,2026-06-30 03:54:31,2026-09-06 20:15:40
ACME-D00181,Lost,2026-09-06 20:15:40,
ACME-D00182,New,2026-05-29 19:37:37,2026-06-04 14:30:13
ACME-D00182,Contacted,2026-06-04 14:30:13,2026-06-19 05:57:01
ACME-D00182,Qualified,2026-06-19 05:57:01,2026-07-01 16:20:57
ACME-D00182,Proposal,2026-07-01 16:20:57,2026-07-11 04:26:58
ACME-D00182,Lost,2026-07-11 04:26:58,
ACME-D00183,New,2026-05-28 20:20:39,2026-06-02 22:30:49
ACME-D00183,Contacted,2026-06-02 22:30:49,2026-06-08 14:54:56
ACME-D00183,Qualified,2026-06-08 14:54:56,2026-06-19 10:14:12
ACME-D00183,Proposal,2026-06-19 10:14:12,2026-07-05 07:20:03
ACME-D00183,Lost,2026-07-05 07:20:03,
ACME-D00184,New,2026-05-27 22:02:52,2026-05-29 13:54:41
ACME-D00184,Contacted,2026-05-29 13:54:41,2026-06-09 00:29:13
ACME-D00184,Qualified,2026-06-09 00:29:13,2026-07-01 09:27:21
ACME-D00184,Proposal,2026-07-01 09:27:21,2026-07-11 17:55:07
ACME-D00184,Won,2026-07-11 17:55:07,
ACME-D00185,New,2026-05-31 04:57:30,2026-06-04 01:48:01
ACME-D00185,Contacted,2026-06-04 01:48:01,2026-06-27 04:05:50
ACME-D00185,Lost,2026-06-27 04:05:50,
ACME-D00186,New,2026-05-29 04:54:27,2026-05-31 17:59:59
ACME-D00186,Contacted,2026-05-31 17:59:59,2026-06-08 16:56:57
ACME-D00186,Qualified,2026-06-08 16:56:57,2026-06-10 17:44:00
ACME-D00186,Proposal,2026-06-10 17:44:00,2026-06-23 19:49:43
ACME-D00186,Lost,2026-06-23 19:49:43,
ACME-D00187,New,2026-05-30 14:56:47,2026-06-13 05:28:44
ACME-D00187,Contacted,2026-06-13 05:28:44,2026-06-29 03:18:56
ACME-D00187,Lost,2026-06-29 03:18:56,
ACME-D00188,New,2026-05-30 04:40:36,2026-06-05 10:32:18
ACME-D00188,Lost,2026-06-05 10:32:18,
ACME-D00189,New,2026-06-05 07:29:32,2026-06-07 09:19:16
ACME-D00189,Lost,2026-06-07 09:19:16,
ACME-D00190,New,2026-05-31 20:24:15,2026-06-01 16:30:01
ACME-D00190,Contacted,2026-06-01 16:30:01,2026-06-08 04:00:17
ACME-D00190,Lost,2026-06-08 04:00:17,
ACME-D00191,New,2026-06-01 01:47:01,2026-06-06 20:29:43
ACME-D00191,Contacted,2026-06-06 20:29:43,2026-06-15 17:54:49
ACME-D00191,Qualified,2026-06-15 17:54:49,2026-07-03 05:54:51
ACME-D00191,Lost,2026-07-03 05:54:51,
ACME-D00192,New,2026-06-04 14:36:50,2026-06-09 15:53:33
ACME-D00192,Contacted,2026-06-09 15:53:33,2026-06-10 19:18:58
ACME-D00192,Qualified,2026-06-10 19:18:58,2026-06-15 00:52:49
ACME-D00192,Proposal,2026-06-15 00:52:49,2026-06-30 08:51:42
ACME-D00192,Won,2026-06-30 08:51:42,
ACME-D00193,New,2026-06-05 10:06:08,2026-06-09 09:12:48
ACME-D00193,Contacted,2026-06-09 09:12:48,2026-06-10 23:13:33
ACME-D00193,Lost,2026-06-10 23:13:33,
ACME-D00194,New,2026-06-06 00:46:25,2026-06-09 22:31:42
ACME-D00194,Lost,2026-06-09 22:31:42,
ACME-D00195,New,2026-06-03 02:49:20,2026-06-06 17:59:18
ACME-D00195,Lost,2026-06-06 17:59:18,
ACME-D00196,New,2026-06-03 12:08:24,2026-06-07 16:22:25
ACME-D00196,Lost,2026-06-07 16:22:25,
ACME-D00197,New,2026-06-07 09:24:12,2026-06-11 23:22:49
ACME-D00197,Contacted,2026-06-11 23:22:49,2026-06-18 06:53:18
ACME-D00197,Qualified,2026-06-18 06:53:18,2026-07-01 02:07:15
ACME-D00197,Lost,2026-07-01 02:07:15,
ACME-D00198,New,2026-06-04 21:09:40,2026-06-09 23:49:13
ACME-D00198,Contacted,2026-06-09 23:49:13,2026-06-27 20:30:03
ACME-D00198,Lost,2026-06-27 20:30:03,
ACME-D00199,New,2026-06-09 02:47:08,2026-06-12 07:03:26
ACME-D00199,Contacted,2026-06-12 07:03:26,2026-06-14 01:19:06
ACME-D00199,Qualified,2026-06-14 01:19:06,2026-07-14 17:40:53
ACME-D00199,Proposal,2026-07-14 17:40:53,2026-08-24 00:59:27
ACME-D00199,Won,2026-08-24 00:59:27,
ACME-D00200,New,2026-06-05 15:44:45,2026-06-08 02:51:42
ACME-D00200,Contacted,2026-06-08 02:51:42,2026-06-10 19:18:38
ACME-D00200,Lost,2026-06-10 19:18:38,
ACME-D00201,New,2026-06-03 22:58:41,2026-06-05 00:56:44
ACME-D00201,Contacted,2026-06-05 00:56:44,2026-06-07 15:58:22
ACME-D00201,Lost,2026-06-07 15:58:22,
ACME-D00202,New,2026-06-05 17:25:47,2026-06-10 19:48:24
ACME-D00202,Contacted,2026-06-10 19:48:24,2026-06-10 22:08:45
ACME-D00202,Lost,2026-06-10 22:08:45,
ACME-D00203,New,2026-06-06 10:28:22,2026-06-11 17:05:50
ACME-D00203,Contacted,2026-06-11 17:05:50,2026-06-15 09:15:36
ACME-D00203,Lost,2026-06-15 09:15:36,
ACME-D00204,New,2026-06-05 02:00:48,2026-06-07 21:57:48
ACME-D00204,Contacted,2026-06-07 21:57:48,2026-06-13 19:41:33
ACME-D00204,Qualified,2026-06-13 19:41:33,2026-06-22 06:42:39
ACME-D00204,Proposal,2026-06-22 06:42:39,2026-07-19 02:00:01
ACME-D00204,Won,2026-07-19 02:00:01,
ACME-D00205,New,2026-06-06 02:10:21,2026-06-10 22:47:44
ACME-D00205,Contacted,2026-06-10 22:47:44,2026-06-16 21:52:02
ACME-D00205,Qualified,2026-06-16 21:52:02,2026-06-28 19:23:28
ACME-D00205,Proposal,2026-06-28 19:23:28,2026-07-28 09:34:55
ACME-D00205,Lost,2026-07-28 09:34:55,
ACME-D00206,New,2026-06-10 07:48:17,2026-06-13 19:14:08
ACME-D00206,Contacted,2026-06-13 19:14:08,2026-06-27 19:35:09
ACME-D00206,Qualified,2026-06-27 19:35:09,2026-07-10 17:00:00
ACME-D00206,Proposal,2026-07-10 17:00:00,2026-07-19 20:38:18
ACME-D00206,Lost,2026-07-19 20:38:18,
ACME-D00207,New,2026-06-05 02:49:43,2026-06-08 09:49:25
ACME-D00207,Contacted,2026-06-08 09:49:25,2026-06-16 14:51:03
ACME-D00207,Qualified,2026-06-16 14:51:03,2026-06-25 08:25:15
ACME-D00207,Proposal,2026-06-25 08:25:15,2026-07-08 04:28:01
ACME-D00207,Lost,2026-07-08 04:28:01,
ACME-D00208,New,2026-06-08 01:26:06,2026-06-09 03:57:43
ACME-D00208,Contacted,2026-06-09 03:57:43,2026-06-12 03:21:53
ACME-D00208,Lost,2026-06-12 03:21:53,
ACME-D00209,New,2026-06-06 21:04:14,2026-06-11 12:07:11
ACME-D00209,Contacted,2026-06-11 12:07:11,2026-06-25 21:38:21
ACME-D00209,Qualified,2026-06-25 21:38:21,2026-06-28 20:46:17
ACME-D00209,Proposal,2026-06-28 20:46:17,2026-07-20 18:10:41
ACME-D00209,Won,2026-07-20 18:10:41,
ACME-D00210,New,2026-06-06 00:01:46,2026-06-09 12:49:46
ACME-D00210,Contacted,2026-06-09 12:49:46,2026-06-12 02:48:28
ACME-D00210,Qualified,2026-06-12 02:48:28,2026-06-23 15:56:31
ACME-D00210,Proposal,2026-06-23 15:56:31,2026-07-05 14:03:37
ACME-D00210,Lost,2026-07-05 14:03:37,
ACME-D00211,New,2026-06-04 08:04:52,2026-06-06 08:17:48
ACME-D00211,Contacted,2026-06-06 08:17:48,2026-06-15 21:26:27
ACME-D00211,Lost,2026-06-15 21:26:27,
ACME-D00212,New,2026-06-06 22:24:55,2026-06-10 19:37:45
ACME-D00212,Contacted,2026-06-10 19:37:45,2026-06-14 22:36:44
ACME-D00212,Qualified,2026-06-14 22:36:44,2026-06-20 12:29:41
ACME-D00212,Lost,2026-06-20 12:29:41,
ACME-D00213,New,2026-06-07 09:19:41,2026-06-11 16:19:02
ACME-D00213,Contacted,2026-06-11 16:19:02,2026-06-23 02:35:01
ACME-D00213,Lost,2026-06-23 02:35:01,
ACME-D00214,New,2026-06-05 19:27:19,2026-06-08 10:36:47
ACME-D00214,Contacted,2026-06-08 10:36:47,2026-06-17 19:36:48
ACME-D00214,Lost,2026-06-17 19:36:48,
ACME-D00215,New,2026-06-07 03:28:40,2026-06-14 23:43:33
ACME-D00215,Contacted,2026-06-14 23:43:33,2026-06-16 13:04:51
ACME-D00215,Lost,2026-06-16 13:04:51,
ACME-D00216,New,2026-06-07 20:08:03,2026-06-10 10:58:29
ACME-D00216,Contacted,2026-06-10 10:58:29,2026-06-19 02:35:24
ACME-D00216,Qualified,2026-06-19 02:35:24,2026-06-22 22:03:12
ACME-D00216,Proposal,2026-06-22 22:03:12,2026-07-21 16:23:39
ACME-D00216,Won,2026-07-21 16:23:39,
ACME-D00217,New,2026-06-07 12:59:45,2026-06-10 19:04:01
ACME-D00217,Lost,2026-06-10 19:04:01,
ACME-D00218,New,2026-06-07 16:39:02,2026-06-09 03:16:56
ACME-D00218,Contacted,2026-06-09 03:16:56,2026-06-18 23:30:52
ACME-D00218,Qualified,2026-06-18 23:30:52,2026-07-01 17:47:29
ACME-D00218,Lost,2026-07-01 17:47:29,
ACME-D00219,New,2026-06-08 21:36:21,2026-06-14 03:09:12
ACME-D00219,Contacted,2026-06-14 03:09:12,2026-06-16 00:19:35
ACME-D00219,Qualified,2026-06-16 00:19:35,2026-06-19 16:28:00
ACME-D00219,Lost,2026-06-19 16:28:00,
ACME-D00220,New,2026-06-06 00:37:36,2026-06-09 20:50:12
ACME-D00220,Contacted,2026-06-09 20:50:12,2026-06-15 20:55:06
ACME-D00220,Qualified,2026-06-15 20:55:06,2026-06-19 20:37:54
ACME-D00220,Lost,2026-06-19 20:37:54,
ACME-D00221,New,2026-06-09 00:24:27,2026-06-16 12:07:16
ACME-D00221,Contacted,2026-06-16 12:07:16,2026-06-20 12:17:44
ACME-D00221,Qualified,2026-06-20 12:17:44,2026-06-22 04:41:58
ACME-D00221,Lost,2026-06-22 04:41:58,
ACME-D00222,New,2026-06-11 12:05:53,2026-06-15 18:53:30
ACME-D00222,Lost,2026-06-15 18:53:30,
ACME-D00223,New,2026-06-10 15:51:03,2026-06-13 21:52:26
ACME-D00223,Contacted,2026-06-13 21:52:26,2026-06-29 01:22:21
ACME-D00223,Qualified,2026-06-29 01:22:21,2026-07-05 08:24:20
ACME-D00223,Lost,2026-07-05 08:24:20,
ACME-D00224,New,2026-06-14 13:02:13,2026-06-20 20:35:56
ACME-D00224,Contacted,2026-06-20 20:35:56,2026-06-30 18:24:50
ACME-D00224,Qualified,2026-06-30 18:24:50,2026-07-10 12:39:54
ACME-D00224,Proposal,2026-07-10 12:39:54,2026-07-17 11:01:16
ACME-D00224,Won,2026-07-17 11:01:16,
ACME-D00225,New,2026-06-11 20:41:22,2026-06-13 23:44:45
ACME-D00225,Lost,2026-06-13 23:44:45,
ACME-D00226,New,2026-06-10 23:14:57,2026-06-12 03:44:52
ACME-D00226,Lost,2026-06-12 03:44:52,
ACME-D00227,New,2026-06-10 21:05:10,2026-06-11 11:53:40
ACME-D00227,Contacted,2026-06-11 11:53:40,2026-06-13 09:35:12
ACME-D00227,Lost,2026-06-13 09:35:12,
ACME-D00228,New,2026-06-15 05:19:43,2026-06-20 23:00:20
ACME-D00228,Contacted,2026-06-20 23:00:20,2026-06-26 05:20:09
ACME-D00228,Lost,2026-06-26 05:20:09,
ACME-D00229,New,2026-06-13 03:11:04,2026-06-17 04:50:51
ACME-D00229,Contacted,2026-06-17 04:50:51,2026-06-21 05:17:54
ACME-D00229,Lost,2026-06-21 05:17:54,
ACME-D00230,New,2026-06-11 16:35:53,2026-06-16 11:06:15
ACME-D00230,Lost,2026-06-16 11:06:15,
ACME-D00231,New,2026-06-10 20:39:08,2026-06-14 06:57:04
ACME-D00231,Contacted,2026-06-14 06:57:04,2026-06-19 21:37:19
ACME-D00231,Qualified,2026-06-19 21:37:19,2026-06-29 06:32:58
ACME-D00231,Proposal,2026-06-29 06:32:58,2026-07-01 09:34:59
ACME-D00231,Won,2026-07-01 09:34:59,
ACME-D00232,New,2026-06-13 03:14:53,2026-06-14 21:21:26
ACME-D00232,Contacted,2026-06-14 21:21:26,2026-07-08 18:00:34
ACME-D00232,Qualified,2026-07-08 18:00:34,2026-07-15 09:58:45
ACME-D00232,Proposal,2026-07-15 09:58:45,2026-08-16 23:46:51
ACME-D00232,Lost,2026-08-16 23:46:51,
ACME-D00233,New,2026-06-14 11:19:10,2026-06-18 07:55:55
ACME-D00233,Lost,2026-06-18 07:55:55,
ACME-D00234,New,2026-06-14 16:57:49,2026-06-16 08:28:46
ACME-D00234,Contacted,2026-06-16 08:28:46,2026-06-29 11:05:23
ACME-D00234,Lost,2026-06-29 11:05:23,
ACME-D00235,New,2026-06-12 08:41:13,2026-06-19 16:23:48
ACME-D00235,Contacted,2026-06-19 16:23:48,2026-07-11 22:58:01
ACME-D00235,Qualified,2026-07-11 22:58:01,2026-07-19 22:06:06
ACME-D00235,Lost,2026-07-19 22:06:06,
ACME-D00236,New,2026-06-12 03:40:53,2026-06-12 17:48:18
ACME-D00236,Contacted,2026-06-12 17:48:18,2026-06-19 18:31:08
ACME-D00236,Qualified,2026-06-19 18:31:08,2026-06-29 21:24:40
ACME-D00236,Proposal,2026-06-29 21:24:40,2026-07-07 03:13:34
ACME-D00236,Won,2026-07-07 03:13:34,
ACME-D00237,New,2026-06-15 18:17:20,2026-06-20 15:40:32
ACME-D00237,Contacted,2026-06-20 15:40:32,2026-06-24 01:47:17
ACME-D00237,Qualified,2026-06-24 01:47:17,2026-07-04 19:43:29
ACME-D00237,Lost,2026-07-04 19:43:29,
ACME-D00238,New,2026-06-13 10:00:05,2026-06-15 23:48:38
ACME-D00238,Contacted,2026-06-15 23:48:38,2026-06-19 06:28:04
ACME-D00238,Lost,2026-06-19 06:28:04,
ACME-D00239,New,2026-06-15 17:07:33,2026-06-19 11:02:35
ACME-D00239,Contacted,2026-06-19 11:02:35,2026-07-05 17:32:46
ACME-D00239,Qualified,2026-07-05 17:32:46,2026-07-15 15:48:01
ACME-D00239,Proposal,2026-07-15 15:48:01,2026-07-25 17:36:07
ACME-D00239,Lost,2026-07-25 17:36:07,
ACME-D00240,New,2026-06-16 08:27:43,2026-06-17 22:26:54
ACME-D00240,Contacted,2026-06-17 22:26:54,2026-07-05 02:30:59
ACME-D00240,Lost,2026-07-05 02:30:59,
ACME-D00241,New,2026-06-14 19:08:33,2026-06-20 19:25:08
ACME-D00241,Contacted,2026-06-20 19:25:08,2026-06-23 16:59:48
ACME-D00241,Lost,2026-06-23 16:59:48,
ACME-D00242,New,2026-06-17 21:34:09,2026-06-25 07:14:36
ACME-D00242,Lost,2026-06-25 07:14:36,
ACME-D00243,New,2026-06-16 18:40:42,2026-06-17 14:48:16
ACME-D00243,Lost,2026-06-17 14:48:16,
ACME-D00244,New,2026-06-18 08:45:43,2026-06-21 09:38:29
ACME-D00244,Contacted,2026-06-21 09:38:29,2026-06-21 12:27:19
ACME-D00244,Qualified,2026-06-21 12:27:19,2026-07-09 05:26:24
ACME-D00244,Lost,2026-07-09 05:26:24,
ACME-D00245,New,2026-06-19 01:31:36,2026-06-24 09:54:54
ACME-D00245,Contacted,2026-06-24 09:54:54,2026-07-03 13:42:07
ACME-D00245,Lost,2026-07-03 13:42:07,
ACME-D00246,New,2026-06-18 07:46:29,2026-06-26 12:19:28
ACME-D00246,Contacted,2026-06-26 12:19:28,2026-07-08 01:43:49
ACME-D00246,Lost,2026-07-08 01:43:49,
ACME-D00247,New,2026-06-22 00:18:35,2026-07-04 14:46:48
ACME-D00247,Contacted,2026-07-04 14:46:48,2026-07-26 03:53:21
ACME-D00247,Lost,2026-07-26 03:53:21,
ACME-D00248,New,2026-06-20 01:02:37,2026-06-24 00:21:07
ACME-D00248,Contacted,2026-06-24 00:21:07,2026-07-03 23:35:01
ACME-D00248,Qualified,2026-07-03 23:35:01,2026-07-20 04:04:37
ACME-D00248,Proposal,2026-07-20 04:04:37,2026-07-27 20:00:37
ACME-D00248,Lost,2026-07-27 20:00:37,
ACME-D00249,New,2026-06-20 18:27:38,2026-06-21 09:44:12
ACME-D00249,Contacted,2026-06-21 09:44:12,2026-06-26 11:48:36
ACME-D00249,Qualified,2026-06-26 11:48:36,2026-07-10 16:08:22
ACME-D00249,Lost,2026-07-10 16:08:22,
ACME-D00250,New,2026-06-20 15:56:17,2026-06-23 13:59:15
ACME-D00250,Contacted,2026-06-23 13:59:15,2026-06-30 18:05:51
ACME-D00250,Lost,2026-06-30 18:05:51,
ACME-D00251,New,2026-06-21 17:00:13,2026-06-26 19:02:02
ACME-D00251,Contacted,2026-06-26 19:02:02,2026-07-05 00:42:55
ACME-D00251,Lost,2026-07-05 00:42:55,
ACME-D00252,New,2026-06-21 12:25:58,2026-06-23 03:27:36
ACME-D00252,Contacted,2026-06-23 03:27:36,2026-06-27 09:14:23
ACME-D00252,Lost,2026-06-27 09:14:23,
ACME-D00253,New,2026-06-24 20:51:00,2026-07-02 19:17:38
ACME-D00253,Contacted,2026-07-02 19:17:38,2026-07-05 12:04:13
ACME-D00253,Qualified,2026-07-05 12:04:13,2026-07-22 10:06:25
ACME-D00253,Proposal,2026-07-22 10:06:25,2026-08-09 09:36:56
ACME-D00253,Lost,2026-08-09 09:36:56,
ACME-D00254,New,2026-06-27 02:37:09,2026-07-08 00:02:17
ACME-D00254,Contacted,2026-07-08 00:02:17,2026-07-19 19:55:21
ACME-D00254,Qualified,2026-07-19 19:55:21,2026-08-03 15:52:52
ACME-D00254,Proposal,2026-08-03 15:52:52,2026-08-31 10:10:50
ACME-D00254,Lost,2026-08-31 10:10:50,
ACME-D00255,New,2026-06-24 01:06:12,2026-06-27 10:24:48
ACME-D00255,Contacted,2026-06-27 10:24:48,2026-06-29 08:43:25
ACME-D00255,Qualified,2026-06-29 08:43:25,2026-06-30 08:13:16
ACME-D00255,Lost,2026-06-30 08:13:16,
ACME-D00256,New,2026-06-25 12:30:32,2026-06-26 14:32:13
ACME-D00256,Contacted,2026-06-26 14:32:13,2026-07-07 03:06:19
ACME-D00256,Lost,2026-07-07 03:06:19,
ACME-D00257,New,2026-06-23 18:50:09,2026-07-03 18:20:55
ACME-D00257,Contacted,2026-07-03 18:20:55,2026-07-20 00:50:51
ACME-D00257,Qualified,2026-07-20 00:50:51,2026-07-24 13:56:24
ACME-D00257,Proposal,2026-07-24 13:56:24,2026-08-06 19:54:24
ACME-D00257,Won,2026-08-06 19:54:24,
ACME-D00258,New,2026-06-26 12:49:59,2026-06-30 01:48:12
ACME-D00258,Lost,2026-06-30 01:48:12,
ACME-D00259,New,2026-06-27 10:29:20,2026-06-28 17:28:53
ACME-D00259,Contacted,2026-06-28 17:28:53,2026-07-11 20:56:50
ACME-D00259,Lost,2026-07-11 20:56:50,
ACME-D00260,New,2026-06-25 19:28:13,2026-07-03 07:06:14
ACME-D00260,Contacted,2026-07-03 07:06:14,2026-07-05 18:22:46
ACME-D00260,Qualified,2026-07-05 18:22:46,2026-07-10 12:59:41
ACME-D00260,Proposal,2026-07-10 12:59:41,2026-07-24 09:32:23
ACME-D00260,Lost,2026-07-24 09:32:23,
ACME-D00261,New,2026-07-02 18:09:08,2026-07-07 22:47:58
ACME-D00261,Contacted,2026-07-07 22:47:58,2026-07-16 16:46:29
ACME-D00261,Lost,2026-07-16 16:46:29,
ACME-D00262,New,2026-06-27 07:29:30,2026-07-01 18:09:47
ACME-D00262,Contacted,2026-07-01 18:09:47,2026-07-05 07:37:15
ACME-D00262,Qualified,2026-07-05 07:37:15,2026-07-16 13:12:36
ACME-D00262,Lost,2026-07-16 13:12:36,
ACME-D00263,New,2026-06-27 06:06:20,2026-07-01 20:32:53
ACME-D00263,Contacted,2026-07-01 20:32:53,2026-07-04 21:12:52
ACME-D00263,Lost,2026-07-04 21:12:52,
ACME-D00264,New,2026-06-30 20:58:48,2026-07-04 23:02:52
ACME-D00264,Contacted,2026-07-04 23:02:52,2026-07-17 01:22:11
ACME-D00264,Qualified,2026-07-17 01:22:11,2026-07-28 01:56:10
ACME-D00264,Proposal,2026-07-28 01:56:10,2026-08-11 11:25:44
ACME-D00264,Won,2026-08-11 11:25:44,
ACME-D00265,New,2026-07-05 16:53:38,2026-07-08 13:14:11
ACME-D00265,Contacted,2026-07-08 13:14:11,2026-07-10 10:12:44
ACME-D00265,Lost,2026-07-10 10:12:44,
ACME-D00266,New,2026-06-30 19:38:47,2026-07-09 19:00:23
ACME-D00266,Contacted,2026-07-09 19:00:23,2026-07-12 08:35:41
ACME-D00266,Qualified,2026-07-12 08:35:41,2026-07-21 03:30:58
ACME-D00266,Proposal,2026-07-21 03:30:58,2026-08-14 03:15:57
ACME-D00266,Lost,2026-08-14 03:15:57,
ACME-D00267,New,2026-06-27 11:38:45,2026-07-03 03:09:12
ACME-D00267,Contacted,2026-07-03 03:09:12,2026-07-15 07:01:35
ACME-D00267,Lost,2026-07-15 07:01:35,
ACME-D00268,New,2026-06-29 10:58:24,2026-07-13 18:26:40
ACME-D00268,Contacted,2026-07-13 18:26:40,2026-07-27 04:02:26
ACME-D00268,Lost,2026-07-27 04:02:26,
ACME-D00269,New,2026-07-01 09:42:36,2026-07-04 00:02:34
ACME-D00269,Lost,2026-07-04 00:02:34,
ACME-D00270,New,2026-06-30 19:00:34,2026-07-06 23:23:45
ACME-D00270,Contacted,2026-07-06 23:23:45,2026-07-12 19:06:38
ACME-D00270,Lost,2026-07-12 19:06:38,
ACME-D00271,New,2026-06-30 00:04:50,2026-07-07 06:47:11
ACME-D00271,Lost,2026-07-07 06:47:11,
ACME-D00272,New,2026-07-02 16:33:53,2026-07-07 15:30:14
ACME-D00272,Contacted,2026-07-07 15:30:14,2026-07-12 18:01:19
ACME-D00272,Lost,2026-07-12 18:01:19,
ACME-D00273,New,2026-07-01 05:51:13,2026-07-03 15:31:29
ACME-D00273,Contacted,2026-07-03 15:31:29,2026-07-15 23:05:55
ACME-D00273,Lost,2026-07-15 23:05:55,
ACME-D00274,New,2026-07-02 05:27:23,2026-07-06 10:01:52
ACME-D00274,Contacted,2026-07-06 10:01:52,2026-07-08 00:45:23
ACME-D00274,Lost,2026-07-08 00:45:23,
ACME-D00275,New,2026-07-03 17:37:31,2026-07-12 05:09:04
ACME-D00275,Contacted,2026-07-12 05:09:04,2026-07-23 09:43:25
ACME-D00275,Lost,2026-07-23 09:43:25,
ACME-D00276,New,2026-06-30 22:56:31,2026-07-04 16:26:52
ACME-D00276,Contacted,2026-07-04 16:26:52,2026-07-07 10:07:03
ACME-D00276,Qualified,2026-07-07 10:07:03,2026-07-22 06:10:07
ACME-D00276,Lost,2026-07-22 06:10:07,
ACME-D00277,New,2026-07-10 20:02:49,2026-07-13 20:23:24
ACME-D00277,Contacted,2026-07-13 20:23:24,2026-07-17 13:29:35
ACME-D00277,Lost,2026-07-17 13:29:35,
ACME-D00278,New,2026-07-02 02:11:16,2026-07-06 00:42:20
ACME-D00278,Contacted,2026-07-06 00:42:20,2026-07-14 07:22:24
ACME-D00278,Qualified,2026-07-14 07:22:24,2026-08-10 06:12:56
ACME-D00278,Proposal,2026-08-10 06:12:56,2026-08-12 16:26:55
ACME-D00278,Won,2026-08-12 16:26:55,
ACME-D00279,New,2026-07-02 15:47:43,2026-07-17 22:06:04
ACME-D00279,Contacted,2026-07-17 22:06:04,2026-07-19 13:41:09
ACME-D00279,Qualified,2026-07-19 13:41:09,2026-08-20 03:18:08
ACME-D00279,Proposal,2026-08-20 03:18:08,2026-09-20 05:12:03
ACME-D00279,Lost,2026-09-20 05:12:03,
ACME-D00280,New,2026-07-01 05:50:45,2026-07-05 09:28:10
ACME-D00280,Contacted,2026-07-05 09:28:10,2026-07-07 11:44:31
ACME-D00280,Qualified,2026-07-07 11:44:31,2026-07-21 12:21:37
ACME-D00280,Lost,2026-07-21 12:21:37,
ACME-D00281,New,2026-07-05 23:09:42,2026-07-06 16:45:39
ACME-D00281,Lost,2026-07-06 16:45:39,
ACME-D00282,New,2026-07-04 23:04:16,2026-07-06 21:17:16
ACME-D00282,Contacted,2026-07-06 21:17:16,2026-07-09 18:55:58
ACME-D00282,Lost,2026-07-09 18:55:58,
ACME-D00283,New,2026-07-04 00:37:10,2026-07-11 12:02:12
ACME-D00283,Contacted,2026-07-11 12:02:12,2026-07-15 17:26:06
ACME-D00283,Qualified,2026-07-15 17:26:06,2026-08-07 04:12:10
ACME-D00283,Lost,2026-08-07 04:12:10,
ACME-D00284,New,2026-07-06 23:48:07,2026-07-17 07:33:34
ACME-D00284,Contacted,2026-07-17 07:33:34,2026-07-23 12:19:19
ACME-D00284,Qualified,2026-07-23 12:19:19,2026-08-02 06:07:12
ACME-D00284,Proposal,2026-08-02 06:07:12,2026-09-07 12:48:31
ACME-D00284,Won,2026-09-07 12:48:31,
ACME-D00285,New,2026-07-09 11:28:08,2026-07-11 08:42:27
ACME-D00285,Contacted,2026-07-11 08:42:27,2026-07-24 05:44:22
ACME-D00285,Lost,2026-07-24 05:44:22,
ACME-D00286,New,2026-07-04 13:53:11,2026-07-07 14:35:05
ACME-D00286,Contacted,2026-07-07 14:35:05,2026-07-22 04:32:31
ACME-D00286,Lost,2026-07-22 04:32:31,
ACME-D00287,New,2026-07-05 19:27:44,2026-07-09 22:59:28
ACME-D00287,Contacted,2026-07-09 22:59:28,2026-07-14 20:52:22
ACME-D00287,Lost,2026-07-14 20:52:22,
ACME-D00288,New,2026-07-06 01:22:05,2026-07-10 09:06:32
ACME-D00288,Contacted,2026-07-10 09:06:32,2026-07-22 19:20:59
ACME-D00288,Lost,2026-07-22 19:20:59,
ACME-D00289,New,2026-07-06 02:29:12,2026-07-07 15:00:29
ACME-D00289,Contacted,2026-07-07 15:00:29,2026-07-19 15:46:43
ACME-D00289,Lost,2026-07-19 15:46:43,
ACME-D00290,New,2026-07-04 16:50:54,2026-07-13 11:16:25
ACME-D00290,Contacted,2026-07-13 11:16:25,2026-07-20 04:50:26
ACME-D00290,Qualified,2026-07-20 04:50:26,2026-08-03 14:54:03
ACME-D00290,Proposal,2026-08-03 14:54:03,2026-08-13 05:17:04
ACME-D00290,Lost,2026-08-13 05:17:04,
ACME-D00291,New,2026-07-07 07:32:07,2026-07-12 09:10:06
ACME-D00291,Contacted,2026-07-12 09:10:06,2026-07-22 10:18:28
ACME-D00291,Lost,2026-07-22 10:18:28,
ACME-D00292,New,2026-07-06 17:08:58,2026-07-16 03:48:06
ACME-D00292,Contacted,2026-07-16 03:48:06,2026-07-17 11:50:15
ACME-D00292,Lost,2026-07-17 11:50:15,
ACME-D00293,New,2026-07-10 09:58:50,2026-07-18 09:18:49
ACME-D00293,Contacted,2026-07-18 09:18:49,2026-07-28 23:04:57
ACME-D00293,Lost,2026-07-28 23:04:57,
ACME-D00294,New,2026-07-09 04:46:51,2026-07-11 05:52:59
ACME-D00294,Contacted,2026-07-11 05:52:59,2026-07-18 10:33:12
ACME-D00294,Qualified,2026-07-18 10:33:12,2026-08-06 18:20:09
ACME-D00294,Proposal,2026-08-06 18:20:09,2026-09-01 18:57:33
ACME-D00294,Lost,2026-09-01 18:57:33,
ACME-D00295,New,2026-07-07 07:40:51,2026-07-10 11:45:22
ACME-D00295,Contacted,2026-07-10 11:45:22,2026-07-16 04:31:00
ACME-D00295,Qualified,2026-07-16 04:31:00,2026-07-22 02:28:26
ACME-D00295,Proposal,2026-07-22 02:28:26,2026-07-29 23:45:43
ACME-D00295,Won,2026-07-29 23:45:43,
ACME-D00296,New,2026-07-11 19:08:50,2026-07-14 19:56:19
ACME-D00296,Contacted,2026-07-14 19:56:19,2026-07-18 20:43:17
ACME-D00296,Lost,2026-07-18 20:43:17,
ACME-D00297,New,2026-07-11 12:08:23,2026-07-14 16:05:26
ACME-D00297,Contacted,2026-07-14 16:05:26,2026-07-25 14:11:29
ACME-D00297,Lost,2026-07-25 14:11:29,
ACME-D00298,New,2026-07-09 15:12:13,2026-07-10 16:04:37
ACME-D00298,Contacted,2026-07-10 16:04:37,2026-07-14 08:22:39
ACME-D00298,Qualified,2026-07-14 08:22:39,2026-08-05 23:55:53
ACME-D00298,Proposal,2026-08-05 23:55:53,2026-09-09 04:58:19
ACME-D00298,Lost,2026-09-09 04:58:19,
ACME-D00299,New,2026-07-10 18:12:13,2026-07-19 06:34:03
ACME-D00299,Contacted,2026-07-19 06:34:03,2026-07-20 20:06:05
ACME-D00299,Qualified,2026-07-20 20:06:05,2026-07-31 21:40:37
ACME-D00299,Proposal,2026-07-31 21:40:37,2026-08-17 10:27:56
ACME-D00299,Lost,2026-08-17 10:27:56,
ACME-D00300,New,2026-07-07 23:59:05,2026-07-13 06:01:52
ACME-D00300,Lost,2026-07-13 06:01:52,
ACME-D00301,New,2026-07-07 23:21:03,2026-07-09 04:51:56
ACME-D00301,Lost,2026-07-09 04:51:56,
ACME-D00302,New,2026-07-11 04:33:04,2026-07-13 20:22:56
ACME-D00302,Contacted,2026-07-13 20:22:56,2026-07-15 12:00:41
ACME-D00302,Lost,2026-07-15 12:00:41,
ACME-D00303,New,2026-07-11 13:45:41,2026-07-17 02:16:44
ACME-D00303,Contacted,2026-07-17 02:16:44,2026-07-22 01:44:32
ACME-D00303,Lost,2026-07-22 01:44:32,
ACME-D00304,New,2026-07-10 15:35:29,2026-07-12 16:07:23
ACME-D00304,Lost,2026-07-12 16:07:23,
ACME-D00305,New,2026-07-07 20:48:55,2026-07-08 11:31:02
ACME-D00305,Contacted,2026-07-08 11:31:02,2026-07-16 08:02:50
ACME-D00305,Lost,2026-07-16 08:02:50,
ACME-D00306,New,2026-07-09 00:43:05,2026-07-10 06:21:25
ACME-D00306,Contacted,2026-07-10 06:21:25,2026-07-18 16:59:02
ACME-D00306,Qualified,2026-07-18 16:59:02,2026-07-29 23:41:44
ACME-D00306,Proposal,2026-07-29 23:41:44,2026-08-21 14:01:41
ACME-D00306,Won,2026-08-21 14:01:41,
ACME-D00307,New,2026-07-10 03:15:46,2026-07-17 15:50:57
ACME-D00307,Contacted,2026-07-17 15:50:57,2026-07-22 14:26:35
ACME-D00307,Lost,2026-07-22 14:26:35,
ACME-D00308,New,2026-07-09 08:27:39,2026-07-15 03:24:43
ACME-D00308,Contacted,2026-07-15 03:24:43,2026-07-20 09:59:43
ACME-D00308,Lost,2026-07-20 09:59:43,
ACME-D00309,New,2026-07-10 18:17:31,2026-07-11 18:30:31
ACME-D00309,Contacted,2026-07-11 18:30:31,2026-07-18 17:05:35
ACME-D00309,Lost,2026-07-18 17:05:35,
ACME-D00310,New,2026-07-11 17:33:36,2026-07-19 02:54:29
ACME-D00310,Lost,2026-07-19 02:54:29,
ACME-D00311,New,2026-07-09 19:25:58,2026-07-11 02:42:40
ACME-D00311,Contacted,2026-07-11 02:42:40,2026-07-25 13:12:21
ACME-D00311,Qualified,2026-07-25 13:12:21,2026-08-07 14:16:59
ACME-D00311,Lost,2026-08-07 14:16:59,
ACME-D00312,New,2026-07-09 14:30:09,2026-07-19 12:21:21
ACME-D00312,Contacted,2026-07-19 12:21:21,2026-07-28 23:31:15
ACME-D00312,Lost,2026-07-28 23:31:15,
ACME-D00313,New,2026-07-11 10:43:10,2026-07-13 23:46:06
ACME-D00313,Contacted,2026-07-13 23:46:06,2026-07-15 06:29:29
ACME-D00313,Lost,2026-07-15 06:29:29,
ACME-D00314,New,2026-07-12 09:31:47,2026-07-17 20:45:50
ACME-D00314,Contacted,2026-07-17 20:45:50,2026-08-03 15:22:59
ACME-D00314,Qualified,2026-08-03 15:22:59,2026-08-31 05:36:17
ACME-D00314,Proposal,2026-08-31 05:36:17,2026-09-04 17:54:53
ACME-D00314,Lost,2026-09-04 17:54:53,
ACME-D00315,New,2026-07-13 17:53:53,2026-07-17 15:20:02
ACME-D00315,Contacted,2026-07-17 15:20:02,2026-07-28 05:23:08
ACME-D00315,Qualified,2026-07-28 05:23:08,2026-08-06 06:29:32
ACME-D00315,Proposal,2026-08-06 06:29:32,2026-08-14 15:47:52
ACME-D00315,Won,2026-08-14 15:47:52,
ACME-D00316,New,2026-07-13 07:06:54,2026-07-20 17:50:35
ACME-D00316,Contacted,2026-07-20 17:50:35,2026-07-27 15:10:41
ACME-D00316,Qualified,2026-07-27 15:10:41,2026-08-10 21:44:11
ACME-D00316,Proposal,2026-08-10 21:44:11,2026-09-14 03:15:15
ACME-D00316,Lost,2026-09-14 03:15:15,
ACME-D00317,New,2026-07-10 08:20:53,2026-07-11 17:06:18
ACME-D00317,Contacted,2026-07-11 17:06:18,2026-07-18 17:51:04
ACME-D00317,Qualified,2026-07-18 17:51:04,2026-07-24 20:51:46
ACME-D00317,Lost,2026-07-24 20:51:46,
ACME-D00318,New,2026-07-12 15:44:52,2026-07-17 15:41:52
ACME-D00318,Contacted,2026-07-17 15:41:52,2026-07-30 08:48:43
ACME-D00318,Lost,2026-07-30 08:48:43,
ACME-D00319,New,2026-07-12 05:34:33,2026-07-14 22:59:12
ACME-D00319,Contacted,2026-07-14 22:59:12,2026-07-27 07:32:24
ACME-D00319,Lost,2026-07-27 07:32:24,
ACME-D00320,New,2026-07-14 08:45:05,2026-07-17 10:44:39
ACME-D00320,Contacted,2026-07-17 10:44:39,2026-07-21 11:14:01
ACME-D00320,Qualified,2026-07-21 11:14:01,2026-08-05 16:31:25
ACME-D00320,Proposal,2026-08-05 16:31:25,2026-08-19 15:20:31
ACME-D00320,Lost,2026-08-19 15:20:31,
ACME-D00321,New,2026-07-10 06:55:31,2026-07-15 17:15:13
ACME-D00321,Contacted,2026-07-15 17:15:13,2026-07-17 18:26:57
ACME-D00321,Lost,2026-07-17 18:26:57,
ACME-D00322,New,2026-07-12 11:36:21,2026-07-15 06:07:47
ACME-D00322,Contacted,2026-07-15 06:07:47,2026-07-17 15:35:29
ACME-D00322,Lost,2026-07-17 15:35:29,
ACME-D00323,New,2026-07-12 08:56:53,2026-07-15 19:31:58
ACME-D00323,Lost,2026-07-15 19:31:58,
ACME-D00324,New,2026-07-13 08:06:24,2026-07-17 00:11:39
ACME-D00324,Contacted,2026-07-17 00:11:39,2026-07-20 10:01:08
ACME-D00324,Lost,2026-07-20 10:01:08,
ACME-D00325,New,2026-07-13 19:44:54,2026-07-15 04:25:33
ACME-D00325,Contacted,2026-07-15 04:25:33,2026-07-17 13:56:43
ACME-D00325,Lost,2026-07-17 13:56:43,
ACME-D00326,New,2026-07-15 14:25:26,2026-07-18 08:12:07
ACME-D00326,Contacted,2026-07-18 08:12:07,2026-07-23 15:10:27
ACME-D00326,Qualified,2026-07-23 15:10:27,2026-08-03 00:57:22
ACME-D00326,Lost,2026-08-03 00:57:22,
ACME-D00327,New,2026-07-19 03:45:26,2026-07-21 10:12:03
ACME-D00327,Contacted,2026-07-21 10:12:03,2026-08-04 02:09:47
ACME-D00327,Lost,2026-08-04 02:09:47,
ACME-D00328,New,2026-07-15 05:43:04,2026-07-22 08:01:29
ACME-D00328,Contacted,2026-07-22 08:01:29,2026-07-27 05:16:02
ACME-D00328,Lost,2026-07-27 05:16:02,
ACME-D00329,New,2026-07-18 10:29:52,2026-07-27 23:10:44
ACME-D00329,Contacted,2026-07-27 23:10:44,2026-07-31 02:08:25
ACME-D00329,Lost,2026-07-31 02:08:25,
ACME-D00330,New,2026-07-18 20:36:31,2026-07-20 10:25:05
ACME-D00330,Contacted,2026-07-20 10:25:05,2026-07-26 11:54:50
ACME-D00330,Qualified,2026-07-26 11:54:50,2026-08-01 09:10:15
ACME-D00330,Proposal,2026-08-01 09:10:15,2026-08-02 11:12:23
ACME-D00330,Lost,2026-08-02 11:12:23,
ACME-D00331,New,2026-07-18 15:17:34,2026-07-19 08:53:58
ACME-D00331,Contacted,2026-07-19 08:53:58,2026-07-29 03:49:49
ACME-D00331,Lost,2026-07-29 03:49:49,
ACME-D00332,New,2026-07-20 12:03:27,2026-07-24 07:27:03
ACME-D00332,Lost,2026-07-24 07:27:03,
ACME-D00333,New,2026-07-17 02:55:58,2026-07-22 06:34:46
ACME-D00333,Contacted,2026-07-22 06:34:46,2026-08-02 01:07:22
ACME-D00333,Qualified,2026-08-02 01:07:22,2026-08-06 23:29:50
ACME-D00333,Lost,2026-08-06 23:29:50,
ACME-D00334,New,2026-07-26 09:11:20,2026-07-28 22:17:19
ACME-D00334,Contacted,2026-07-28 22:17:19,2026-08-06 19:52:49
ACME-D00334,Lost,2026-08-06 19:52:49,
ACME-D00335,New,2026-07-18 06:22:30,2026-07-18 10:50:02
ACME-D00335,Contacted,2026-07-18 10:50:02,2026-07-27 19:41:11
ACME-D00335,Lost,2026-07-27 19:41:11,
ACME-D00336,New,2026-07-19 04:03:40,2026-07-28 00:52:57
ACME-D00336,Contacted,2026-07-28 00:52:57,2026-08-04 13:52:10
ACME-D00336,Lost,2026-08-04 13:52:10,
ACME-D00337,New,2026-07-17 17:51:24,2026-07-20 10:13:35
ACME-D00337,Lost,2026-07-20 10:13:35,
ACME-D00338,New,2026-07-17 07:10:12,2026-07-19 16:44:48
ACME-D00338,Contacted,2026-07-19 16:44:48,2026-07-25 03:55:08
ACME-D00338,Lost,2026-07-25 03:55:08,
ACME-D00339,New,2026-07-22 12:20:06,2026-07-27 11:01:10
ACME-D00339,Contacted,2026-07-27 11:01:10,2026-08-15 08:26:57
ACME-D00339,Qualified,2026-08-15 08:26:57,2026-08-22 23:29:01
ACME-D00339,Proposal,2026-08-22 23:29:01,2026-09-02 12:21:53
ACME-D00339,Won,2026-09-02 12:21:53,
ACME-D00340,New,2026-07-19 16:35:57,2026-07-29 09:51:06
ACME-D00340,Contacted,2026-07-29 09:51:06,2026-08-17 05:40:09
ACME-D00340,Qualified,2026-08-17 05:40:09,2026-09-02 12:24:53
ACME-D00340,Proposal,2026-09-02 12:24:53,2026-09-14 01:04:23
ACME-D00340,Lost,2026-09-14 01:04:23,
ACME-D00341,New,2026-07-18 01:06:23,2026-07-18 21:21:31
ACME-D00341,Contacted,2026-07-18 21:21:31,2026-07-30 08:51:51
ACME-D00341,Qualified,2026-07-30 08:51:51,2026-08-04 04:50:50
ACME-D00341,Lost,2026-08-04 04:50:50,
ACME-D00342,New,2026-07-19 00:26:57,2026-07-23 07:45:53
ACME-D00342,Contacted,2026-07-23 07:45:53,2026-07-27 01:14:13
ACME-D00342,Lost,2026-07-27 01:14:13,
ACME-D00343,New,2026-07-20 16:47:18,2026-07-21 08:38:14
ACME-D00343,Contacted,2026-07-21 08:38:14,2026-07-25 16:21:25
ACME-D00343,Qualified,2026-07-25 16:21:25,2026-08-14 22:01:42
ACME-D00343,Proposal,2026-08-14 22:01:42,2026-09-09 00:14:49
ACME-D00343,Lost,2026-09-09 00:14:49,
ACME-D00344,New,2026-07-21 14:18:59,2026-07-23 12:27:08
ACME-D00344,Contacted,2026-07-23 12:27:08,2026-07-25 10:59:12
ACME-D00344,Lost,2026-07-25 10:59:12,
ACME-D00345,New,2026-07-22 18:00:29,2026-07-25 22:58:03
ACME-D00345,Contacted,2026-07-25 22:58:03,2026-08-07 06:38:46
ACME-D00345,Lost,2026-08-07 06:38:46,
ACME-D00346,New,2026-07-22 08:35:41,2026-07-23 08:49:33
ACME-D00346,Contacted,2026-07-23 08:49:33,2026-08-02 00:48:44
ACME-D00346,Qualified,2026-08-02 00:48:44,2026-08-17 07:38:35
ACME-D00346,Proposal,2026-08-17 07:38:35,2026-09-01 20:50:56
ACME-D00346,Won,2026-09-01 20:50:56,
ACME-D00347,New,2026-07-19 03:31:47,2026-07-21 01:27:56
ACME-D00347,Contacted,2026-07-21 01:27:56,2026-07-25 18:05:58
ACME-D00347,Qualified,2026-07-25 18:05:58,2026-08-16 20:23:45
ACME-D00347,Lost,2026-08-16 20:23:45,
ACME-D00348,New,2026-07-20 01:03:42,2026-07-22 09:03:35
ACME-D00348,Contacted,2026-07-22 09:03:35,2026-07-25 00:43:01
ACME-D00348,Lost,2026-07-25 00:43:01,
ACME-D00349,New,2026-07-24 20:44:43,2026-07-29 22:56:44
ACME-D00349,Contacted,2026-07-29 22:56:44,2026-08-03 01:33:59
ACME-D00349,Lost,2026-08-03 01:33:59,
ACME-D00350,New,2026-07-21 13:45:36,2026-07-26 20:15:54
ACME-D00350,Contacted,2026-07-26 20:15:54,2026-07-29 02:22:18
ACME-D00350,Qualified,2026-07-29 02:22:18,2026-08-02 01:55:30
ACME-D00350,Lost,2026-08-02 01:55:30,
ACME-D00351,New,2026-07-22 16:37:09,2026-07-31 00:47:12
ACME-D00351,Lost,2026-07-31 00:47:12,
ACME-D00352,New,2026-07-21 18:43:22,2026-07-26 01:23:35
ACME-D00352,Contacted,2026-07-26 01:23:35,2026-08-07 02:30:08
ACME-D00352,Qualified,2026-08-07 02:30:08,2026-08-20 12:16:09
ACME-D00352,Lost,2026-08-20 12:16:09,
ACME-D00353,New,2026-07-26 00:26:57,2026-07-28 23:56:35
ACME-D00353,Contacted,2026-07-28 23:56:35,2026-08-09 07:09:11
ACME-D00353,Lost,2026-08-09 07:09:11,
ACME-D00354,New,2026-07-25 20:56:47,2026-07-26 23:55:35
ACME-D00354,Lost,2026-07-26 23:55:35,
ACME-D00355,New,2026-07-26 00:54:59,2026-07-28 23:20:30
ACME-D00355,Contacted,2026-07-28 23:20:30,2026-08-01 14:38:02
ACME-D00355,Lost,2026-08-01 14:38:02,
ACME-D00356,New,2026-07-23 10:28:23,2026-07-28 01:44:04
ACME-D00356,Lost,2026-07-28 01:44:04,
ACME-D00357,New,2026-07-26 07:16:25,2026-07-30 00:26:06
ACME-D00357,Contacted,2026-07-30 00:26:06,2026-08-15 13:03:29
ACME-D00357,Lost,2026-08-15 13:03:29,
ACME-D00358,New,2026-07-23 19:52:58,2026-07-30 07:11:45
ACME-D00358,Contacted,2026-07-30 07:11:45,2026-08-07 19:54:32
ACME-D00358,Lost,2026-08-07 19:54:32,
ACME-D00359,New,2026-07-25 01:49:50,2026-07-26 08:40:40
ACME-D00359,Contacted,2026-07-26 08:40:40,2026-07-30 04:23:24
ACME-D00359,Qualified,2026-07-30 04:23:24,2026-08-08 04:15:45
ACME-D00359,Proposal,2026-08-08 04:15:45,2026-08-25 08:33:51
ACME-D00359,Lost,2026-08-25 08:33:51,
ACME-D00360,New,2026-07-26 07:28:36,2026-07-29 19:56:57
ACME-D00360,Lost,2026-07-29 19:56:57,
ACME-D00361,New,2026-07-29 20:15:19,2026-08-04 16:45:16
ACME-D00361,Contacted,2026-08-04 16:45:16,2026-08-23 02:09:59
ACME-D00361,Lost,2026-08-23 02:09:59,
ACME-D00362,New,2026-07-26 05:29:25,2026-08-03 14:17:56
ACME-D00362,Contacted,2026-08-03 14:17:56,2026-08-07 03:52:21
ACME-D00362,Lost,2026-08-07 03:52:21,
ACME-D00363,New,2026-07-26 22:49:38,2026-08-17 11:42:38
ACME-D00363,Contacted,2026-08-17 11:42:38,2026-08-23 10:51:13
ACME-D00363,Lost,2026-08-23 10:51:13,
ACME-D00364,New,2026-07-27 20:38:59,2026-07-31 04:57:45
ACME-D00364,Contacted,2026-07-31 04:57:45,2026-08-11 23:59:39
ACME-D00364,Lost,2026-08-11 23:59:39,
ACME-D00365,New,2026-07-27 14:36:52,2026-07-29 02:48:12
ACME-D00365,Contacted,2026-07-29 02:48:12,2026-08-05 11:01:24
ACME-D00365,Qualified,2026-08-05 11:01:24,2026-08-14 07:03:00
ACME-D00365,Proposal,2026-08-14 07:03:00,2026-08-20 09:58:41
ACME-D00365,Lost,2026-08-20 09:58:41,
ACME-D00366,New,2026-07-26 19:04:21,2026-07-30 10:27:44
ACME-D00366,Contacted,2026-07-30 10:27:44,2026-08-01 22:05:54
ACME-D00366,Lost,2026-08-01 22:05:54,
ACME-D00367,New,2026-07-28 05:02:37,2026-07-30 00:33:21
ACME-D00367,Contacted,2026-07-30 00:33:21,2026-08-08 23:38:58
ACME-D00367,Lost,2026-08-08 23:38:58,
ACME-D00368,New,2026-07-28 00:38:15,2026-07-29 08:20:47
ACME-D00368,Contacted,2026-07-29 08:20:47,2026-08-24 23:36:22
ACME-D00368,Lost,2026-08-24 23:36:22,
ACME-D00369,New,2026-08-03 10:29:49,2026-08-04 12:26:35
ACME-D00369,Contacted,2026-08-04 12:26:35,2026-08-27 16:59:13
ACME-D00369,Qualified,2026-08-27 16:59:13,2026-08-29 20:04:11
ACME-D00369,Proposal,2026-08-29 20:04:11,
ACME-D00370,New,2026-07-29 15:36:09,2026-08-02 20:55:51
ACME-D00370,Contacted,2026-08-02 20:55:51,2026-08-16 20:04:47
ACME-D00370,Lost,2026-08-16 20:04:47,
ACME-D00371,New,2026-07-30 09:46:19,2026-08-01 13:37:49
ACME-D00371,Contacted,2026-08-01 13:37:49,2026-08-05 19:01:30
ACME-D00371,Lost,2026-08-05 19:01:30,
ACME-D00372,New,2026-07-28 20:08:33,2026-08-03 06:34:53
ACME-D00372,Lost,2026-08-03 06:34:53,
ACME-D00373,New,2026-07-29 03:04:20,2026-07-30 08:56:41
ACME-D00373,Contacted,2026-07-30 08:56:41,2026-08-10 02:29:40
ACME-D00373,Lost,2026-08-10 02:29:40,
ACME-D00374,New,2026-08-04 23:34:04,2026-08-07 06:00:54
ACME-D00374,Contacted,2026-08-07 06:00:54,2026-08-12 23:50:29
ACME-D00374,Lost,2026-08-12 23:50:29,
ACME-D00375,New,2026-07-29 10:38:19,2026-08-03 13:13:31
ACME-D00375,Contacted,2026-08-03 13:13:31,2026-08-09 18:06:55
ACME-D00375,Lost,2026-08-09 18:06:55,
ACME-D00376,New,2026-07-29 13:08:00,2026-08-03 15:02:42
ACME-D00376,Contacted,2026-08-03 15:02:42,2026-08-12 08:47:56
ACME-D00376,Lost,2026-08-12 08:47:56,
ACME-D00377,New,2026-07-29 08:20:25,2026-07-31 17:25:07
ACME-D00377,Contacted,2026-07-31 17:25:07,2026-08-07 02:09:20
ACME-D00377,Qualified,2026-08-07 02:09:20,2026-08-21 12:42:40
ACME-D00377,Proposal,2026-08-21 12:42:40,
ACME-D00378,New,2026-08-07 23:12:42,2026-08-13 19:26:17
ACME-D00378,Contacted,2026-08-13 19:26:17,2026-08-24 01:00:32
ACME-D00378,Qualified,2026-08-24 01:00:32,2026-09-02 23:35:52
ACME-D00378,Proposal,2026-09-02 23:35:52,2026-09-25 14:01:52
ACME-D00378,Lost,2026-09-25 14:01:52,
ACME-D00379,New,2026-07-30 22:59:27,2026-08-02 22:17:02
ACME-D00379,Contacted,2026-08-02 22:17:02,2026-08-12 00:30:15
ACME-D00379,Lost,2026-08-12 00:30:15,
ACME-D00380,New,2026-07-31 18:47:14,2026-08-03 16:50:33
ACME-D00380,Contacted,2026-08-03 16:50:33,2026-08-13 00:22:42
ACME-D00380,Lost,2026-08-13 00:22:42,
ACME-D00381,New,2026-08-02 02:31:33,2026-08-06 00:21:03
ACME-D00381,Contacted,2026-08-06 00:21:03,2026-08-14 23:23:31
ACME-D00381,Lost,2026-08-14 23:23:31,
ACME-D00382,New,2026-08-02 21:25:21,2026-08-08 06:27:31
ACME-D00382,Contacted,2026-08-08 06:27:31,2026-08-19 10:45:31
ACME-D00382,Lost,2026-08-19 10:45:31,
ACME-D00383,New,2026-08-03 10:46:33,2026-08-08 19:28:24
ACME-D00383,Contacted,2026-08-08 19:28:24,2026-08-16 16:36:04
ACME-D00383,Lost,2026-08-16 16:36:04,
ACME-D00384,New,2026-07-31 11:41:41,2026-08-08 09:32:50
ACME-D00384,Contacted,2026-08-08 09:32:50,2026-08-11 10:09:13
ACME-D00384,Lost,2026-08-11 10:09:13,
ACME-D00385,New,2026-08-06 00:40:24,2026-08-14 20:41:19
ACME-D00385,Contacted,2026-08-14 20:41:19,2026-08-21 20:37:34
ACME-D00385,Qualified,2026-08-21 20:37:34,2026-08-24 08:50:08
ACME-D00385,Proposal,2026-08-24 08:50:08,2026-09-21 01:55:40
ACME-D00385,Lost,2026-09-21 01:55:40,
ACME-D00386,New,2026-07-31 08:27:40,2026-08-01 21:16:49
ACME-D00386,Contacted,2026-08-01 21:16:49,2026-08-07 12:20:39
ACME-D00386,Qualified,2026-08-07 12:20:39,2026-08-14 05:21:26
ACME-D00386,Proposal,2026-08-14 05:21:26,2026-08-28 06:49:05
ACME-D00386,Won,2026-08-28 06:49:05,
ACME-D00387,New,2026-07-31 01:33:49,2026-08-09 08:30:36
ACME-D00387,Contacted,2026-08-09 08:30:36,2026-08-14 05:26:30
ACME-D00387,Lost,2026-08-14 05:26:30,
ACME-D00388,New,2026-08-01 12:14:02,2026-08-04 22:00:14
ACME-D00388,Lost,2026-08-04 22:00:14,
ACME-D00389,New,2026-08-01 03:52:16,2026-08-16 16:18:37
ACME-D00389,Lost,2026-08-16 16:18:37,
ACME-D00390,New,2026-08-06 06:29:10,2026-08-08 16:13:27
ACME-D00390,Contacted,2026-08-08 16:13:27,2026-08-11 15:05:41
ACME-D00390,Qualified,2026-08-11 15:05:41,2026-08-18 20:52:13
ACME-D00390,Proposal,2026-08-18 20:52:13,2026-09-07 02:45:36
ACME-D00390,Won,2026-09-07 02:45:36,
ACME-D00391,New,2026-08-03 23:25:00,2026-08-04 02:16:52
ACME-D00391,Contacted,2026-08-04 02:16:52,2026-08-07 21:35:58
ACME-D00391,Lost,2026-08-07 21:35:58,
ACME-D00392,New,2026-08-04 05:17:45,2026-08-04 21:04:18
ACME-D00392,Contacted,2026-08-04 21:04:18,2026-08-06 03:56:57
ACME-D00392,Lost,2026-08-06 03:56:57,
ACME-D00393,New,2026-08-05 10:41:26,2026-08-08 15:16:17
ACME-D00393,Contacted,2026-08-08 15:16:17,2026-08-14 19:07:20
ACME-D00393,Qualified,2026-08-14 19:07:20,2026-08-28 05:00:56
ACME-D00393,Proposal,2026-08-28 05:00:56,2026-09-28 12:30:38
ACME-D00393,Won,2026-09-28 12:30:38,
ACME-D00394,New,2026-08-13 17:32:26,2026-08-19 15:13:33
ACME-D00394,Lost,2026-08-19 15:13:33,
ACME-D00395,New,2026-08-03 21:21:17,2026-08-10 06:16:06
ACME-D00395,Contacted,2026-08-10 06:16:06,2026-08-18 13:05:01
ACME-D00395,Lost,2026-08-18 13:05:01,
ACME-D00396,New,2026-08-06 22:58:56,2026-08-07 22:02:27
ACME-D00396,Contacted,2026-08-07 22:02:27,2026-08-16 13:53:46
ACME-D00396,Lost,2026-08-16 13:53:46,
ACME-D00397,New,2026-08-04 10:44:46,2026-08-12 02:25:08
ACME-D00397,Contacted,2026-08-12 02:25:08,2026-08-16 21:04:50
ACME-D00397,Qualified,2026-08-16 21:04:50,2026-08-22 04:44:55
ACME-D00397,Proposal,2026-08-22 04:44:55,2026-08-30 15:18:31
ACME-D00397,Lost,2026-08-30 15:18:31,
ACME-D00398,New,2026-08-07 01:50:28,2026-08-12 20:25:08
ACME-D00398,Contacted,2026-08-12 20:25:08,2026-08-20 18:28:21
ACME-D00398,Lost,2026-08-20 18:28:21,
ACME-D00399,New,2026-08-07 16:42:22,2026-08-12 02:08:19
ACME-D00399,Contacted,2026-08-12 02:08:19,2026-08-29 23:27:15
ACME-D00399,Qualified,2026-08-29 23:27:15,2026-09-05 06:20:29
ACME-D00399,Lost,2026-09-05 06:20:29,
ACME-D00400,New,2026-08-12 20:51:47,2026-08-14 13:51:23
ACME-D00400,Lost,2026-08-14 13:51:23,
ACME-D00401,New,2026-08-06 06:48:31,2026-08-08 00:06:06
ACME-D00401,Contacted,2026-08-08 00:06:06,2026-08-13 23:30:56
ACME-D00401,Qualified,2026-08-13 23:30:56,2026-08-26 23:25:42
ACME-D00401,Lost,2026-08-26 23:25:42,
ACME-D00402,New,2026-08-06 17:31:25,2026-08-16 01:09:06
ACME-D00402,Lost,2026-08-16 01:09:06,
ACME-D00403,New,2026-08-08 11:49:34,2026-08-20 20:06:42
ACME-D00403,Contacted,2026-08-20 20:06:42,2026-08-26 08:18:40
ACME-D00403,Lost,2026-08-26 08:18:40,
ACME-D00404,New,2026-08-05 09:37:13,2026-08-08 19:45:54
ACME-D00404,Contacted,2026-08-08 19:45:54,2026-08-12 21:08:17
ACME-D00404,Lost,2026-08-12 21:08:17,
ACME-D00405,New,2026-08-06 01:32:57,2026-08-10 00:59:25
ACME-D00405,Contacted,2026-08-10 00:59:25,2026-08-17 12:05:12
ACME-D00405,Qualified,2026-08-17 12:05:12,2026-08-29 01:38:32
ACME-D00405,Lost,2026-08-29 01:38:32,
ACME-D00406,New,2026-08-05 05:13:50,2026-08-14 09:43:02
ACME-D00406,Lost,2026-08-14 09:43:02,
ACME-D00407,New,2026-08-05 06:51:42,2026-08-08 21:54:26
ACME-D00407,Contacted,2026-08-08 21:54:26,2026-08-14 19:14:33
ACME-D00407,Lost,2026-08-14 19:14:33,
ACME-D00408,New,2026-08-08 11:34:58,2026-08-12 21:49:12
ACME-D00408,Lost,2026-08-12 21:49:12,
ACME-D00409,New,2026-08-08 16:30:42,2026-08-13 04:56:41
ACME-D00409,Contacted,2026-08-13 04:56:41,2026-08-29 07:40:02
ACME-D00409,Lost,2026-08-29 07:40:02,
ACME-D00410,New,2026-08-05 09:26:55,2026-08-08 21:30:02
ACME-D00410,Contacted,2026-08-08 21:30:02,2026-08-22 20:07:56
ACME-D00410,Lost,2026-08-22 20:07:56,
ACME-D00411,New,2026-08-05 13:59:42,2026-08-16 05:01:00
ACME-D00411,Contacted,2026-08-16 05:01:00,2026-08-18 02:49:38
ACME-D00411,Lost,2026-08-18 02:49:38,
ACME-D00412,New,2026-08-06 15:52:41,2026-08-09 21:48:46
ACME-D00412,Lost,2026-08-09 21:48:46,
ACME-D00413,New,2026-08-07 07:11:46,2026-08-08 22:45:06
ACME-D00413,Contacted,2026-08-08 22:45:06,2026-08-10 02:47:00
ACME-D00413,Lost,2026-08-10 02:47:00,
ACME-D00414,New,2026-08-07 21:41:10,2026-08-11 08:38:56
ACME-D00414,Contacted,2026-08-11 08:38:56,2026-08-12 04:49:08
ACME-D00414,Qualified,2026-08-12 04:49:08,2026-08-18 05:19:52
ACME-D00414,Proposal,2026-08-18 05:19:52,2026-09-29 00:39:58
ACME-D00414,Lost,2026-09-29 00:39:58,
ACME-D00415,New,2026-08-10 16:12:45,2026-08-22 15:16:44
ACME-D00415,Contacted,2026-08-22 15:16:44,2026-08-31 08:50:56
ACME-D00415,Qualified,2026-08-31 08:50:56,2026-09-13 04:54:39
ACME-D00415,Proposal,2026-09-13 04:54:39,
ACME-D00416,New,2026-08-11 20:28:57,2026-08-16 20:57:28
ACME-D00416,Contacted,2026-08-16 20:57:28,2026-08-18 05:11:57
ACME-D00416,Lost,2026-08-18 05:11:57,
ACME-D00417,New,2026-08-13 18:56:20,2026-08-16 05:15:28
ACME-D00417,Contacted,2026-08-16 05:15:28,2026-08-22 11:57:41
ACME-D00417,Lost,2026-08-22 11:57:41,
ACME-D00418,New,2026-08-08 06:25:54,2026-08-11 00:17:46
ACME-D00418,Contacted,2026-08-11 00:17:46,2026-08-13 18:07:01
ACME-D00418,Qualified,2026-08-13 18:07:01,2026-09-12 10:05:03
ACME-D00418,Proposal,2026-09-12 10:05:03,2026-09-23 02:53:54
ACME-D00418,Lost,2026-09-23 02:53:54,
ACME-D00419,New,2026-08-10 00:45:34,2026-08-18 17:50:17
ACME-D00419,Contacted,2026-08-18 17:50:17,2026-08-23 03:46:40
ACME-D00419,Qualified,2026-08-23 03:46:40,2026-09-03 10:00:17
ACME-D00419,Lost,2026-09-03 10:00:17,
ACME-D00420,New,2026-08-13 23:27:36,2026-08-17 23:29:17
ACME-D00420,Contacted,2026-08-17 23:29:17,2026-08-26 21:22:01
ACME-D00420,Qualified,2026-08-26 21:22:01,2026-09-02 13:07:13
ACME-D00420,Proposal,2026-09-02 13:07:13,
ACME-D00421,New,2026-08-10 01:25:16,2026-08-11 10:42:17
ACME-D00421,Contacted,2026-08-11 10:42:17,2026-08-16 01:22:48
ACME-D00421,Lost,2026-08-16 01:22:48,
ACME-D00422,New,2026-08-14 19:07:48,2026-08-15 23:54:06
ACME-D00422,Contacted,2026-08-15 23:54:06,2026-08-22 01:43:02
ACME-D00422,Lost,2026-08-22 01:43:02,
ACME-D00423,New,2026-08-09 10:50:05,2026-08-19 07:10:51
ACME-D00423,Lost,2026-08-19 07:10:51,
ACME-D00424,New,2026-08-10 21:49:16,2026-08-16 23:15:41
ACME-D00424,Contacted,2026-08-16 23:15:41,2026-08-22 04:59:17
ACME-D00424,Qualified,2026-08-22 04:59:17,2026-09-05 20:17:21
ACME-D00424,Proposal,2026-09-05 20:17:21,2026-09-27 09:34:15
ACME-D00424,Lost,2026-09-27 09:34:15,
ACME-D00425,New,2026-08-15 04:11:49,2026-08-16 19:37:45
ACME-D00425,Contacted,2026-08-16 19:37:45,2026-08-21 08:37:12
ACME-D00425,Qualified,2026-08-21 08:37:12,2026-08-27 01:18:41
ACME-D00425,Proposal,2026-08-27 01:18:41,2026-09-13 18:20:41
ACME-D00425,Lost,2026-09-13 18:20:41,
ACME-D00426,New,2026-08-13 04:39:54,2026-08-26 22:27:15
ACME-D00426,Contacted,2026-08-26 22:27:15,2026-09-01 10:43:27
ACME-D00426,Lost,2026-09-01 10:43:27,
ACME-D00427,New,2026-08-11 06:54:13,2026-08-14 07:18:10
ACME-D00427,Contacted,2026-08-14 07:18:10,2026-08-28 05:11:43
ACME-D00427,Lost,2026-08-28 05:11:43,
ACME-D00428,New,2026-08-11 11:50:18,2026-08-12 20:36:17
ACME-D00428,Contacted,2026-08-12 20:36:17,2026-08-19 09:32:40
ACME-D00428,Qualified,2026-08-19 09:32:40,2026-09-06 01:02:01
ACME-D00428,Proposal,2026-09-06 01:02:01,2026-09-10 18:21:28
ACME-D00428,Lost,2026-09-10 18:21:28,
ACME-D00429,New,2026-08-15 08:53:23,2026-08-20 18:02:27
ACME-D00429,Contacted,2026-08-20 18:02:27,2026-08-26 01:46:21
ACME-D00429,Lost,2026-08-26 01:46:21,
ACME-D00430,New,2026-08-17 19:22:14,2026-08-22 02:09:57
ACME-D00430,Contacted,2026-08-22 02:09:57,2026-08-28 19:21:31
ACME-D00430,Lost,2026-08-28 19:21:31,
ACME-D00431,New,2026-08-17 11:51:14,2026-08-18 09:36:06
ACME-D00431,Contacted,2026-08-18 09:36:06,2026-08-20 06:09:29
ACME-D00431,Lost,2026-08-20 06:09:29,
ACME-D00432,New,2026-08-12 19:31:20,2026-08-21 09:47:02
ACME-D00432,Lost,2026-08-21 09:47:02,
ACME-D00433,New,2026-08-15 04:53:11,2026-08-19 19:56:04
ACME-D00433,Lost,2026-08-19 19:56:04,
ACME-D00434,New,2026-08-13 03:30:48,2026-08-22 18:31:44
ACME-D00434,Contacted,2026-08-22 18:31:44,2026-09-09 20:56:18
ACME-D00434,Lost,2026-09-09 20:56:18,
ACME-D00435,New,2026-08-16 20:07:57,2026-08-18 13:59:19
ACME-D00435,Contacted,2026-08-18 13:59:19,2026-08-24 08:52:21
ACME-D00435,Qualified,2026-08-24 08:52:21,2026-09-07 05:26:26
ACME-D00435,Proposal,2026-09-07 05:26:26,2026-09-28 20:10:03
ACME-D00435,Lost,2026-09-28 20:10:03,
ACME-D00436,New,2026-08-15 18:53:14,2026-08-19 06:41:11
ACME-D00436,Contacted,2026-08-19 06:41:11,2026-08-27 06:23:33
ACME-D00436,Lost,2026-08-27 06:23:33,
ACME-D00437,New,2026-08-16 06:22:13,2026-08-18 20:16:29
ACME-D00437,Contacted,2026-08-18 20:16:29,2026-08-22 15:07:11
ACME-D00437,Lost,2026-08-22 15:07:11,
ACME-D00438,New,2026-08-17 08:52:51,2026-08-20 10:22:05
ACME-D00438,Contacted,2026-08-20 10:22:05,2026-09-06 02:39:27
ACME-D00438,Lost,2026-09-06 02:39:27,
ACME-D00439,New,2026-08-21 09:12:12,2026-08-23 04:27:25
ACME-D00439,Contacted,2026-08-23 04:27:25,2026-09-01 01:09:19
ACME-D00439,Lost,2026-09-01 01:09:19,
ACME-D00440,New,2026-08-21 04:01:02,2026-08-25 10:32:18
ACME-D00440,Contacted,2026-08-25 10:32:18,2026-08-26 01:01:56
ACME-D00440,Qualified,2026-08-26 01:01:56,2026-09-10 12:41:40
ACME-D00440,Proposal,2026-09-10 12:41:40,
ACME-D00441,New,2026-08-14 22:54:43,2026-08-15 20:02:34
ACME-D00441,Contacted,2026-08-15 20:02:34,2026-08-19 23:08:28
ACME-D00441,Qualified,2026-08-19 23:08:28,2026-08-24 11:20:06
ACME-D00441,Proposal,2026-08-24 11:20:06,2026-09-26 13:22:25
ACME-D00441,Lost,2026-09-26 13:22:25,
ACME-D00442,New,2026-08-15 23:51:40,2026-08-16 16:05:24
ACME-D00442,Contacted,2026-08-16 16:05:24,2026-08-19 10:53:03
ACME-D00442,Qualified,2026-08-19 10:53:03,2026-08-23 02:08:36
ACME-D00442,Lost,2026-08-23 02:08:36,
ACME-D00443,New,2026-08-17 22:39:29,2026-08-18 03:26:15
ACME-D00443,Contacted,2026-08-18 03:26:15,2026-08-21 02:12:36
ACME-D00443,Qualified,2026-08-21 02:12:36,2026-08-22 12:32:37
ACME-D00443,Lost,2026-08-22 12:32:37,
ACME-D00444,New,2026-08-16 01:26:16,2026-08-17 16:20:00
ACME-D00444,Contacted,2026-08-17 16:20:00,2026-08-25 12:35:47
ACME-D00444,Lost,2026-08-25 12:35:47,
ACME-D00445,New,2026-08-19 13:37:15,2026-08-25 17:23:24
ACME-D00445,Contacted,2026-08-25 17:23:24,2026-08-27 05:21:27
ACME-D00445,Lost,2026-08-27 05:21:27,
ACME-D00446,New,2026-08-16 03:19:39,2026-08-19 18:06:06
ACME-D00446,Contacted,2026-08-19 18:06:06,2026-09-03 14:35:40
ACME-D00446,Qualified,2026-09-03 14:35:40,2026-09-18 08:43:42
ACME-D00446,Proposal,2026-09-18 08:43:42,2026-09-22 11:22:55
ACME-D00446,Lost,2026-09-22 11:22:55,
ACME-D00447,New,2026-08-16 16:14:03,2026-08-24 06:16:58
ACME-D00447,Contacted,2026-08-24 06:16:58,2026-08-26 13:48:54
ACME-D00447,Qualified,2026-08-26 13:48:54,2026-09-21 01:18:23
ACME-D00447,Proposal,2026-09-21 01:18:23,2026-09-30 08:28:06
ACME-D00447,Won,2026-09-30 08:28:06,
ACME-D00448,New,2026-08-20 01:21:50,2026-08-21 06:39:00
ACME-D00448,Contacted,2026-08-21 06:39:00,2026-08-25 23:24:42
ACME-D00448,Lost,2026-08-25 23:24:42,
ACME-D00449,New,2026-08-19 04:02:27,2026-08-21 16:22:41
ACME-D00449,Contacted,2026-08-21 16:22:41,2026-08-22 13:58:27
ACME-D00449,Qualified,2026-08-22 13:58:27,2026-09-05 02:19:21
ACME-D00449,Proposal,2026-09-05 02:19:21,2026-09-12 10:47:30
ACME-D00449,Won,2026-09-12 10:47:30,
ACME-D00450,New,2026-08-18 17:06:45,2026-08-28 15:14:11
ACME-D00450,Contacted,2026-08-28 15:14:11,2026-09-06 02:21:51
ACME-D00450,Lost,2026-09-06 02:21:51,
ACME-D00451,New,2026-08-17 18:11:12,2026-08-19 11:06:26
ACME-D00451,Contacted,2026-08-19 11:06:26,2026-08-25 15:21:29
ACME-D00451,Qualified,2026-08-25 15:21:29,2026-09-05 12:03:05
ACME-D00451,Proposal,2026-09-05 12:03:05,2026-09-20 02:07:25
ACME-D00451,Won,2026-09-20 02:07:25,
ACME-D00452,New,2026-08-23 00:24:30,2026-08-28 09:04:06
ACME-D00452,Contacted,2026-08-28 09:04:06,2026-09-02 09:02:30
ACME-D00452,Qualified,2026-09-02 09:02:30,
ACME-D00453,New,2026-08-24 04:26:04,2026-08-27 18:17:47
ACME-D00453,Contacted,2026-08-27 18:17:47,2026-09-02 06:24:42
ACME-D00453,Lost,2026-09-02 06:24:42,
ACME-D00454,New,2026-08-19 12:07:53,2026-08-21 11:54:59
ACME-D00454,Contacted,2026-08-21 11:54:59,2026-08-26 09:35:19
ACME-D00454,Qualified,2026-08-26 09:35:19,2026-09-12 16:48:50
ACME-D00454,Lost,2026-09-12 16:48:50,
ACME-D00455,New,2026-08-21 21:13:44,2026-08-22 06:45:39
ACME-D00455,Contacted,2026-08-22 06:45:39,2026-08-23 23:36:07
ACME-D00455,Lost,2026-08-23 23:36:07,
ACME-D00456,New,2026-08-19 01:44:33,2026-08-20 20:21:30
ACME-D00456,Contacted,2026-08-20 20:21:30,2026-08-29 05:59:10
ACME-D00456,Qualified,2026-08-29 05:59:10,2026-09-05 00:00:46
ACME-D00456,Lost,2026-09-05 00:00:46,
ACME-D00457,New,2026-08-20 21:35:42,2026-08-27 18:14:53
ACME-D00457,Contacted,2026-08-27 18:14:53,2026-08-28 21:25:00
ACME-D00457,Lost,2026-08-28 21:25:00,
ACME-D00458,New,2026-08-19 21:10:50,2026-08-21 09:35:39
ACME-D00458,Lost,2026-08-21 09:35:39,
ACME-D00459,New,2026-08-20 21:20:13,2026-08-29 14:29:45
ACME-D00459,Contacted,2026-08-29 14:29:45,2026-09-07 13:20:30
ACME-D00459,Qualified,2026-09-07 13:20:30,2026-09-15 04:29:04
ACME-D00459,Lost,2026-09-15 04:29:04,
ACME-D00460,New,2026-08-21 19:35:38,2026-08-27 03:16:43
ACME-D00460,Lost,2026-08-27 03:16:43,
ACME-D00461,New,2026-08-21 06:42:19,2026-08-22 11:59:12
ACME-D00461,Contacted,2026-08-22 11:59:12,2026-09-04 18:25:57
ACME-D00461,Lost,2026-09-04 18:25:57,
ACME-D00462,New,2026-08-19 19:56:58,2026-09-13 03:32:08
ACME-D00462,Contacted,2026-09-13 03:32:08,2026-09-19 13:29:23
ACME-D00462,Lost,2026-09-19 13:29:23,
ACME-D00463,New,2026-08-21 10:40:55,2026-08-26 06:09:58
ACME-D00463,Contacted,2026-08-26 06:09:58,2026-08-29 00:45:20
ACME-D00463,Qualified,2026-08-29 00:45:20,2026-09-12 18:17:45
ACME-D00463,Proposal,2026-09-12 18:17:45,2026-09-26 14:56:03
ACME-D00463,Won,2026-09-26 14:56:03,
ACME-D00464,New,2026-08-24 14:59:13,2026-08-29 01:31:36
ACME-D00464,Contacted,2026-08-29 01:31:36,2026-09-01 15:23:19
ACME-D00464,Qualified,2026-09-01 15:23:19,2026-09-15 01:46:57
ACME-D00464,Lost,2026-09-15 01:46:57,
ACME-D00465,New,2026-08-21 14:04:26,2026-08-21 17:12:42
ACME-D00465,Contacted,2026-08-21 17:12:42,2026-08-23 01:31:38
ACME-D00465,Lost,2026-08-23 01:31:38,
ACME-D00466,New,2026-08-26 17:58:24,2026-08-28 17:17:58
ACME-D00466,Contacted,2026-08-28 17:17:58,2026-09-11 20:39:44
ACME-D00466,Qualified,2026-09-11 20:39:44,2026-09-15 06:01:22
ACME-D00466,Lost,2026-09-15 06:01:22,
ACME-D00467,New,2026-08-23 19:23:39,2026-08-31 05:54:08
ACME-D00467,Contacted,2026-08-31 05:54:08,2026-09-08 10:31:16
ACME-D00467,Qualified,2026-09-08 10:31:16,2026-09-16 19:01:39
ACME-D00467,Lost,2026-09-16 19:01:39,
ACME-D00468,New,2026-08-26 02:42:14,2026-08-31 10:23:22
ACME-D00468,Contacted,2026-08-31 10:23:22,2026-09-05 10:59:02
ACME-D00468,Lost,2026-09-05 10:59:02,
ACME-D00469,New,2026-08-26 13:14:20,2026-09-01 17:07:27
ACME-D00469,Contacted,2026-09-01 17:07:27,2026-09-02 17:29:42
ACME-D00469,Lost,2026-09-02 17:29:42,
ACME-D00470,New,2026-08-23 12:57:30,2026-08-25 18:06:20
ACME-D00470,Contacted,2026-08-25 18:06:20,2026-09-04 13:15:20
ACME-D00470,Lost,2026-09-04 13:15:20,
ACME-D00471,New,2026-08-24 04:49:42,2026-08-30 06:53:36
ACME-D00471,Contacted,2026-08-30 06:53:36,2026-09-09 22:12:22
ACME-D00471,Lost,2026-09-09 22:12:22,
ACME-D00472,New,2026-08-26 04:01:42,2026-08-27 20:48:09
ACME-D00472,Contacted,2026-08-27 20:48:09,2026-09-02 07:58:22
ACME-D00472,Qualified,2026-09-02 07:58:22,
ACME-D00473,New,2026-08-24 15:26:57,2026-08-27 04:05:09
ACME-D00473,Lost,2026-08-27 04:05:09,
ACME-D00474,New,2026-08-24 00:13:20,2026-08-28 06:55:21
ACME-D00474,Contacted,2026-08-28 06:55:21,2026-09-03 03:18:18
ACME-D00474,Lost,2026-09-03 03:18:18,
ACME-D00475,New,2026-08-26 13:13:16,2026-08-29 21:14:01
ACME-D00475,Contacted,2026-08-29 21:14:01,2026-09-10 16:03:36
ACME-D00475,Lost,2026-09-10 16:03:36,
ACME-D00476,New,2026-08-26 03:39:16,2026-08-28 20:46:29
ACME-D00476,Contacted,2026-08-28 20:46:29,2026-08-30 07:24:18
ACME-D00476,Lost,2026-08-30 07:24:18,
ACME-D00477,New,2026-08-29 12:02:09,2026-09-01 23:25:56
ACME-D00477,Contacted,2026-09-01 23:25:56,2026-09-08 08:07:51
ACME-D00477,Lost,2026-09-08 08:07:51,
ACME-D00478,New,2026-08-25 16:02:47,2026-08-27 14:20:05
ACME-D00478,Contacted,2026-08-27 14:20:05,2026-09-08 05:14:20
ACME-D00478,Qualified,2026-09-08 05:14:20,2026-09-25 10:15:25
ACME-D00478,Lost,2026-09-25 10:15:25,
ACME-D00479,New,2026-08-28 10:09:22,2026-08-30 06:52:57
ACME-D00479,Contacted,2026-08-30 06:52:57,2026-09-09 03:37:25
ACME-D00479,Qualified,2026-09-09 03:37:25,2026-09-19 15:33:24
ACME-D00479,Proposal,2026-09-19 15:33:24,2026-09-27 10:55:46
ACME-D00479,Lost,2026-09-27 10:55:46,
ACME-D00480,New,2026-08-27 05:31:16,2026-09-01 16:00:17
ACME-D00480,Contacted,2026-09-01 16:00:17,2026-09-25 00:15:32
ACME-D00480,Lost,2026-09-25 00:15:32,
ACME-D00481,New,2026-08-26 21:33:57,2026-08-28 20:52:33
ACME-D00481,Contacted,2026-08-28 20:52:33,2026-09-06 08:04:31
ACME-D00481,Lost,2026-09-06 08:04:31,
ACME-D00482,New,2026-08-28 04:08:48,2026-08-29 00:42:17
ACME-D00482,Contacted,2026-08-29 00:42:17,2026-09-09 00:24:22
ACME-D00482,Lost,2026-09-09 00:24:22,
ACME-D00483,New,2026-08-26 15:27:48,2026-08-29 00:52:46
ACME-D00483,Contacted,2026-08-29 00:52:46,2026-08-30 16:15:36
ACME-D00483,Lost,2026-08-30 16:15:36,
ACME-D00484,New,2026-08-28 05:45:58,2026-08-29 23:02:25
ACME-D00484,Contacted,2026-08-29 23:02:25,2026-09-15 01:16:03
ACME-D00484,Lost,2026-09-15 01:16:03,
ACME-D00485,New,2026-08-26 16:13:08,2026-08-29 20:59:43
ACME-D00485,Contacted,2026-08-29 20:59:43,2026-09-07 11:39:39
ACME-D00485,Lost,2026-09-07 11:39:39,
ACME-D00486,New,2026-08-28 10:21:00,2026-08-28 21:48:20
ACME-D00486,Contacted,2026-08-28 21:48:20,2026-09-01 18:48:11
ACME-D00486,Lost,2026-09-01 18:48:11,
ACME-D00487,New,2026-08-29 19:14:50,2026-08-31 09:52:10
ACME-D00487,Contacted,2026-08-31 09:52:10,2026-09-04 01:28:58
ACME-D00487,Lost,2026-09-04 01:28:58,
ACME-D00488,New,2026-08-28 12:41:35,2026-08-29 18:24:54
ACME-D00488,Contacted,2026-08-29 18:24:54,2026-08-31 08:29:55
ACME-D00488,Qualified,2026-08-31 08:29:55,2026-09-17 14:44:07
ACME-D00488,Proposal,2026-09-17 14:44:07,2026-09-21 13:23:15
ACME-D00488,Won,2026-09-21 13:23:15,
ACME-D00489,New,2026-09-01 06:45:23,2026-09-07 05:34:04
ACME-D00489,Contacted,2026-09-07 05:34:04,2026-09-15 10:43:14
ACME-D00489,Lost,2026-09-15 10:43:14,
ACME-D00490,New,2026-08-28 16:23:28,2026-08-31 17:10:29
ACME-D00490,Contacted,2026-08-31 17:10:29,2026-09-13 10:53:00
ACME-D00490,Qualified,2026-09-13 10:53:00,2026-09-16 12:57:14
ACME-D00490,Proposal,2026-09-16 12:57:14,
ACME-D00491,New,2026-08-30 17:18:24,2026-09-01 20:08:46
ACME-D00491,Contacted,2026-09-01 20:08:46,2026-09-03 00:00:39
ACME-D00491,Lost,2026-09-03 00:00:39,
ACME-D00492,New,2026-08-29 00:11:02,2026-08-29 14:11:17
ACME-D00492,Contacted,2026-08-29 14:11:17,2026-09-17 04:33:15
ACME-D00492,Qualified,2026-09-17 04:33:15,2026-09-28 02:58:23
ACME-D00492,Proposal,2026-09-28 02:58:23,
ACME-D00493,New,2026-08-29 08:59:13,2026-09-01 03:47:12
ACME-D00493,Contacted,2026-09-01 03:47:12,2026-09-04 05:28:58
ACME-D00493,Qualified,2026-09-04 05:28:58,2026-09-22 00:03:07
ACME-D00493,Proposal,2026-09-22 00:03:07,
ACME-D00494,New,2026-08-27 03:28:15,2026-08-29 15:49:44
ACME-D00494,Contacted,2026-08-29 15:49:44,2026-09-01 09:14:26
ACME-D00494,Lost,2026-09-01 09:14:26,
ACME-D00495,New,2026-09-10 08:57:33,2026-09-12 02:13:12
ACME-D00495,Contacted,2026-09-12 02:13:12,2026-09-14 08:24:45
ACME-D00495,Lost,2026-09-14 08:24:45,
ACME-D00496,New,2026-08-28 16:40:28,2026-08-30 23:59:42
ACME-D00496,Contacted,2026-08-30 23:59:42,2026-09-15 08:20:07
ACME-D00496,Qualified,2026-09-15 08:20:07,2026-09-29 01:58:57
ACME-D00496,Lost,2026-09-29 01:58:57,
ACME-D00497,New,2026-08-28 06:55:29,2026-08-30 06:26:20
ACME-D00497,Contacted,2026-08-30 06:26:20,2026-09-04 22:54:12
ACME-D00497,Qualified,2026-09-04 22:54:12,2026-09-14 01:39:57
ACME-D00497,Proposal,2026-09-14 01:39:57,
ACME-D00498,New,2026-08-30 21:35:10,2026-09-04 03:27:57
ACME-D00498,Lost,2026-09-04 03:27:57,
ACME-D00499,New,2026-08-31 20:36:35,2026-09-04 02:34:08
ACME-D00499,Contacted,2026-09-04 02:34:08,2026-09-17 17:16:16
ACME-D00499,Qualified,2026-09-17 17:16:16,2026-09-22 14:07:34
ACME-D00499,Proposal,2026-09-22 14:07:34,2026-09-29 21:42:07
ACME-D00499,Won,2026-09-29 21:42:07,
ACME-D00500,New,2026-08-31 10:25:13,2026-09-04 19:22:03
ACME-D00500,Contacted,2026-09-04 19:22:03,2026-09-11 01:07:57
ACME-D00500,Lost,2026-09-11 01:07:57,
ACME-D00501,New,2026-09-01 02:03:56,2026-09-03 13:47:57
ACME-D00501,Contacted,2026-09-03 13:47:57,2026-09-07 12:51:58
ACME-D00501,Qualified,2026-09-07 12:51:58,2026-09-18 20:01:57
ACME-D00501,Proposal,2026-09-18 20:01:57,2026-09-22 01:19:24
ACME-D00501,Lost,2026-09-22 01:19:24,
ACME-D00502,New,2026-09-01 07:00:28,2026-09-03 14:30:27
ACME-D00502,Contacted,2026-09-03 14:30:27,2026-09-06 09:39:10
ACME-D00502,Qualified,2026-09-06 09:39:10,2026-09-12 05:33:45
ACME-D00502,Lost,2026-09-12 05:33:45,
ACME-D00503,New,2026-09-02 19:50:17,2026-09-03 14:08:11
ACME-D00503,Contacted,2026-09-03 14:08:11,2026-09-13 11:46:43
ACME-D00503,Lost,2026-09-13 11:46:43,
ACME-D00504,New,2026-09-01 23:34:23,2026-09-08 05:19:39
ACME-D00504,Contacted,2026-09-08 05:19:39,2026-09-11 15:50:26
ACME-D00504,Lost,2026-09-11 15:50:26,
ACME-D00505,New,2026-09-04 05:43:04,2026-09-10 17:57:35
ACME-D00505,Contacted,2026-09-10 17:57:35,2026-09-25 02:46:37
ACME-D00505,Lost,2026-09-25 02:46:37,
ACME-D00506,New,2026-09-01 12:32:27,2026-09-05 18:29:24
ACME-D00506,Contacted,2026-09-05 18:29:24,2026-09-06 17:53:08
ACME-D00506,Lost,2026-09-06 17:53:08,
ACME-D00507,New,2026-09-01 10:54:58,2026-09-03 17:30:18
ACME-D00507,Contacted,2026-09-03 17:30:18,2026-09-04 18:02:03
ACME-D00507,Lost,2026-09-04 18:02:03,
ACME-D00508,New,2026-09-02 16:46:45,2026-09-13 16:45:38
ACME-D00508,Contacted,2026-09-13 16:45:38,2026-09-25 07:22:43
ACME-D00508,Qualified,2026-09-25 07:22:43,
ACME-D00509,New,2026-09-02 17:28:49,2026-09-14 01:35:01
ACME-D00509,Contacted,2026-09-14 01:35:01,2026-09-18 15:55:04
ACME-D00509,Qualified,2026-09-18 15:55:04,2026-09-23 06:21:50
ACME-D00509,Proposal,2026-09-23 06:21:50,
ACME-D00510,New,2026-09-05 08:52:55,2026-09-09 14:57:55
ACME-D00510,Contacted,2026-09-09 14:57:55,2026-09-19 13:44:40
ACME-D00510,Lost,2026-09-19 13:44:40,
ACME-D00511,New,2026-09-05 15:37:08,2026-09-11 17:48:30
ACME-D00511,Contacted,2026-09-11 17:48:30,2026-09-15 02:18:47
ACME-D00511,Qualified,2026-09-15 02:18:47,2026-09-25 22:49:37
ACME-D00511,Proposal,2026-09-25 22:49:37,
ACME-D00512,New,2026-09-09 00:12:05,2026-09-16 12:31:01
ACME-D00512,Contacted,2026-09-16 12:31:01,2026-09-22 19:08:36
ACME-D00512,Lost,2026-09-22 19:08:36,
ACME-D00513,New,2026-09-03 18:19:23,2026-09-04 23:19:41
ACME-D00513,Contacted,2026-09-04 23:19:41,2026-09-11 05:49:18
ACME-D00513,Lost,2026-09-11 05:49:18,
ACME-D00514,New,2026-09-06 16:29:55,2026-09-09 19:38:30
ACME-D00514,Contacted,2026-09-09 19:38:30,2026-09-19 21:33:26
ACME-D00514,Lost,2026-09-19 21:33:26,
ACME-D00515,New,2026-09-04 13:12:13,2026-09-09 01:28:38
ACME-D00515,Contacted,2026-09-09 01:28:38,2026-09-10 21:51:07
ACME-D00515,Qualified,2026-09-10 21:51:07,2026-09-27 19:17:17
ACME-D00515,Proposal,2026-09-27 19:17:17,
ACME-D00516,New,2026-09-03 18:33:51,2026-09-08 21:20:45
ACME-D00516,Contacted,2026-09-08 21:20:45,2026-09-14 13:44:40
ACME-D00516,Lost,2026-09-14 13:44:40,
ACME-D00517,New,2026-09-04 13:23:09,2026-09-08 13:49:40
ACME-D00517,Contacted,2026-09-08 13:49:40,2026-09-29 16:09:19
ACME-D00517,Lost,2026-09-29 16:09:19,
ACME-D00518,New,2026-09-05 10:02:05,2026-09-10 04:57:41
ACME-D00518,Contacted,2026-09-10 04:57:41,2026-09-18 21:05:50
ACME-D00518,Lost,2026-09-18 21:05:50,
ACME-D00519,New,2026-09-04 04:17:15,2026-09-07 04:37:31
ACME-D00519,Contacted,2026-09-07 04:37:31,2026-09-07 17:21:30
ACME-D00519,Lost,2026-09-07 17:21:30,
ACME-D00520,New,2026-09-12 08:50:01,2026-09-14 08:06:45
ACME-D00520,Contacted,2026-09-14 08:06:45,2026-09-18 22:16:02
ACME-D00520,Lost,2026-09-18 22:16:02,
ACME-D00521,New,2026-09-06 16:15:25,2026-09-15 13:43:39
ACME-D00521,Contacted,2026-09-15 13:43:39,2026-09-24 02:57:45
ACME-D00521,Lost,2026-09-24 02:57:45,
ACME-D00522,New,2026-09-07 00:27:47,2026-09-09 10:07:16
ACME-D00522,Contacted,2026-09-09 10:07:16,2026-09-23 22:48:50
ACME-D00522,Lost,2026-09-23 22:48:50,
ACME-D00523,New,2026-09-05 06:37:09,2026-09-07 23:32:20
ACME-D00523,Contacted,2026-09-07 23:32:20,
ACME-D00524,New,2026-09-07 05:00:48,2026-09-11 14:20:54
ACME-D00524,Contacted,2026-09-11 14:20:54,2026-09-19 04:38:55
ACME-D00524,Lost,2026-09-19 04:38:55,
ACME-D00525,New,2026-09-11 17:37:23,2026-09-23 21:56:59
ACME-D00525,Contacted,2026-09-23 21:56:59,2026-09-27 14:31:34
ACME-D00525,Lost,2026-09-27 14:31:34,
ACME-D00526,New,2026-09-07 19:12:42,2026-09-09 02:40:51
ACME-D00526,Contacted,2026-09-09 02:40:51,2026-09-13 07:25:33
ACME-D00526,Lost,2026-09-13 07:25:33,
ACME-D00527,New,2026-09-12 02:46:30,2026-09-16 10:20:46
ACME-D00527,Contacted,2026-09-16 10:20:46,2026-09-20 05:06:44
ACME-D00527,Qualified,2026-09-20 05:06:44,2026-09-30 20:26:22
ACME-D00527,Lost,2026-09-30 20:26:22,
ACME-D00528,New,2026-09-08 18:02:51,2026-09-11 06:39:54
ACME-D00528,Contacted,2026-09-11 06:39:54,2026-09-19 10:55:02
ACME-D00528,Qualified,2026-09-19 10:55:02,
ACME-D00529,New,2026-09-09 06:22:22,2026-09-11 08:33:29
ACME-D00529,Contacted,2026-09-11 08:33:29,2026-09-18 16:18:29
ACME-D00529,Qualified,2026-09-18 16:18:29,
ACME-D00530,New,2026-09-11 07:07:40,2026-09-14 16:22:48
ACME-D00530,Contacted,2026-09-14 16:22:48,2026-09-30 14:35:41
ACME-D00530,Lost,2026-09-30 14:35:41,
ACME-D00531,New,2026-09-14 09:43:29,2026-09-17 21:00:53
ACME-D00531,Contacted,2026-09-17 21:00:53,2026-09-20 01:33:26
ACME-D00531,Lost,2026-09-20 01:33:26,
ACME-D00532,New,2026-09-14 13:38:01,2026-09-16 06:17:46
ACME-D00532,Contacted,2026-09-16 06:17:46,2026-09-17 21:15:11
ACME-D00532,Qualified,2026-09-17 21:15:11,
ACME-D00533,New,2026-09-12 23:50:11,2026-09-13 14:24:04
ACME-D00533,Contacted,2026-09-13 14:24:04,2026-09-22 13:42:59
ACME-D00533,Lost,2026-09-22 13:42:59,
ACME-D00534,New,2026-09-12 14:06:37,2026-09-17 06:14:41
ACME-D00534,Contacted,2026-09-17 06:14:41,2026-09-30 02:01:55
ACME-D00534,Lost,2026-09-30 02:01:55,
ACME-D00535,New,2026-09-10 01:06:04,2026-09-12 17:01:36
ACME-D00535,Contacted,2026-09-12 17:01:36,2026-09-24 13:59:02
ACME-D00535,Qualified,2026-09-24 13:59:02,
ACME-D00536,New,2026-09-14 03:01:17,2026-09-17 22:00:32
ACME-D00536,Contacted,2026-09-17 22:00:32,2026-09-20 15:43:02
ACME-D00536,Lost,2026-09-20 15:43:02,
ACME-D00537,New,2026-09-12 02:14:22,2026-09-21 12:27:12
ACME-D00537,Contacted,2026-09-21 12:27:12,2026-09-29 01:56:50
ACME-D00537,Lost,2026-09-29 01:56:50,
ACME-D00538,New,2026-09-10 09:41:40,2026-09-11 07:35:53
ACME-D00538,Contacted,2026-09-11 07:35:53,2026-09-19 07:21:28
ACME-D00538,Lost,2026-09-19 07:21:28,
ACME-D00539,New,2026-09-17 18:59:19,2026-09-23 05:55:39
ACME-D00539,Contacted,2026-09-23 05:55:39,2026-09-28 00:28:48
ACME-D00539,Lost,2026-09-28 00:28:48,
ACME-D00540,New,2026-09-11 21:35:44,2026-09-19 10:59:09
ACME-D00540,Contacted,2026-09-19 10:59:09,2026-09-21 19:58:07
ACME-D00540,Lost,2026-09-21 19:58:07,
ACME-D00541,New,2026-09-11 09:29:31,2026-09-14 04:25:18
ACME-D00541,Contacted,2026-09-14 04:25:18,2026-09-20 12:51:17
ACME-D00541,Lost,2026-09-20 12:51:17,
ACME-D00542,New,2026-09-16 09:40:06,2026-09-22 21:03:29
ACME-D00542,Contacted,2026-09-22 21:03:29,2026-09-25 15:23:39
ACME-D00542,Qualified,2026-09-25 15:23:39,
ACME-D00543,New,2026-09-19 22:52:13,2026-09-24 03:18:21
ACME-D00543,Contacted,2026-09-24 03:18:21,
ACME-D00544,New,2026-09-12 08:21:06,2026-09-16 22:03:06
ACME-D00544,Lost,2026-09-16 22:03:06,
ACME-D00545,New,2026-09-11 23:32:11,2026-09-13 07:12:04
ACME-D00545,Contacted,2026-09-13 07:12:04,
ACME-D00546,New,2026-09-16 19:36:59,2026-09-17 23:08:12
ACME-D00546,Contacted,2026-09-17 23:08:12,2026-09-22 18:35:04
ACME-D00546,Lost,2026-09-22 18:35:04,
ACME-D00547,New,2026-09-13 21:24:29,2026-09-16 16:50:08
ACME-D00547,Contacted,2026-09-16 16:50:08,2026-09-23 09:23:18
ACME-D00547,Lost,2026-09-23 09:23:18,
ACME-D00548,New,2026-09-16 21:05:11,2026-09-24 15:30:43
ACME-D00548,Contacted,2026-09-24 15:30:43,2026-09-28 01:40:13
ACME-D00548,Lost,2026-09-28 01:40:13,
ACME-D00549,New,2026-09-14 19:18:53,2026-09-16 07:48:24
ACME-D00549,Contacted,2026-09-16 07:48:24,2026-09-25 20:13:33
ACME-D00549,Qualified,2026-09-25 20:13:33,
ACME-D00550,New,2026-09-16 04:59:21,2026-09-19 11:09:05
ACME-D00550,Contacted,2026-09-19 11:09:05,2026-09-29 22:51:08
ACME-D00550,Qualified,2026-09-29 22:51:08,
ACME-D00551,New,2026-09-13 19:37:24,2026-09-22 00:30:14
ACME-D00551,Contacted,2026-09-22 00:30:14,2026-09-26 22:50:20
ACME-D00551,Qualified,2026-09-26 22:50:20,
ACME-D00552,New,2026-09-15 07:55:21,2026-09-21 09:40:28
ACME-D00552,Contacted,2026-09-21 09:40:28,
ACME-D00553,New,2026-09-14 01:33:03,2026-09-18 16:27:16
ACME-D00553,Contacted,2026-09-18 16:27:16,2026-09-29 01:09:43
ACME-D00553,Qualified,2026-09-29 01:09:43,
ACME-D00554,New,2026-09-13 23:22:01,2026-09-17 11:33:12
ACME-D00554,Contacted,2026-09-17 11:33:12,2026-09-22 20:31:57
ACME-D00554,Qualified,2026-09-22 20:31:57,
ACME-D00555,New,2026-09-16 14:24:09,2026-09-20 07:59:02
ACME-D00555,Lost,2026-09-20 07:59:02,
ACME-D00556,New,2026-09-14 14:40:42,2026-09-17 23:50:23
ACME-D00556,Lost,2026-09-17 23:50:23,
ACME-D00557,New,2026-09-18 01:47:35,2026-09-19 03:19:44
ACME-D00557,Contacted,2026-09-19 03:19:44,
ACME-D00558,New,2026-09-15 08:27:47,2026-09-19 14:24:36
ACME-D00558,Contacted,2026-09-19 14:24:36,2026-09-30 15:08:47
ACME-D00558,Qualified,2026-09-30 15:08:47,
ACME-D00559,New,2026-09-16 07:53:42,2026-09-22 04:57:53
ACME-D00559,Lost,2026-09-22 04:57:53,
ACME-D00560,New,2026-09-16 17:24:54,2026-09-22 07:07:20
ACME-D00560,Contacted,2026-09-22 07:07:20,2026-09-28 13:28:02
ACME-D00560,Lost,2026-09-28 13:28:02,
ACME-D00561,New,2026-09-16 18:51:46,2026-09-22 16:41:28
ACME-D00561,Contacted,2026-09-22 16:41:28,2026-09-26 12:16:22
ACME-D00561,Lost,2026-09-26 12:16:22,
ACME-D00562,New,2026-09-19 15:57:53,2026-09-25 19:13:20
ACME-D00562,Contacted,2026-09-25 19:13:20,2026-09-29 03:16:56
ACME-D00562,Lost,2026-09-29 03:16:56,
ACME-D00563,New,2026-09-18 12:16:48,2026-09-21 02:16:24
ACME-D00563,Contacted,2026-09-21 02:16:24,2026-09-28 09:12:01
ACME-D00563,Qualified,2026-09-28 09:12:01,
ACME-D00564,New,2026-09-18 22:17:58,2026-09-22 05:57:48
ACME-D00564,Contacted,2026-09-22 05:57:48,
ACME-D00565,New,2026-09-21 18:00:28,2026-09-22 16:16:50
ACME-D00565,Contacted,2026-09-22 16:16:50,2026-09-23 08:26:55
ACME-D00565,Lost,2026-09-23 08:26:55,
ACME-D00566,New,2026-09-17 16:00:42,2026-09-20 08:40:58
ACME-D00566,Contacted,2026-09-20 08:40:58,2026-09-23 13:20:10
ACME-D00566,Lost,2026-09-23 13:20:10,
ACME-D00567,New,2026-09-20 04:39:36,2026-09-24 14:32:02
ACME-D00567,Contacted,2026-09-24 14:32:02,
ACME-D00568,New,2026-09-17 12:37:13,2026-09-18 15:45:18
ACME-D00568,Contacted,2026-09-18 15:45:18,2026-09-25 02:38:09
ACME-D00568,Lost,2026-09-25 02:38:09,
ACME-D00569,New,2026-09-16 21:05:52,2026-09-18 00:55:45
ACME-D00569,Contacted,2026-09-18 00:55:45,2026-09-23 00:47:34
ACME-D00569,Lost,2026-09-23 00:47:34,
ACME-D00570,New,2026-09-17 03:23:15,2026-09-19 00:59:57
ACME-D00570,Contacted,2026-09-19 00:59:57,2026-09-21 13:15:04
ACME-D00570,Lost,2026-09-21 13:15:04,
ACME-D00571,New,2026-09-18 04:57:35,2026-09-26 20:16:08
ACME-D00571,Contacted,2026-09-26 20:16:08,
ACME-D00572,New,2026-09-17 16:48:24,2026-09-25 23:44:12
ACME-D00572,Contacted,2026-09-25 23:44:12,2026-09-27 08:33:46
ACME-D00572,Qualified,2026-09-27 08:33:46,
ACME-D00573,New,2026-09-18 16:59:32,2026-09-20 16:13:58
ACME-D00573,Contacted,2026-09-20 16:13:58,2026-09-26 00:49:33
ACME-D00573,Lost,2026-09-26 00:49:33,
ACME-D00574,New,2026-09-19 02:43:27,2026-09-27 04:06:28
ACME-D00574,Contacted,2026-09-27 04:06:28,
ACME-D00575,New,2026-09-18 15:25:34,2026-09-20 15:57:04
ACME-D00575,Contacted,2026-09-20 15:57:04,2026-09-29 06:58:08
ACME-D00575,Lost,2026-09-29 06:58:08,
ACME-D00576,New,2026-09-24 07:23:41,2026-09-29 07:22:19
ACME-D00576,Contacted,2026-09-29 07:22:19,
ACME-D00577,New,2026-09-18 22:15:53,2026-09-23 09:18:48
ACME-D00577,Contacted,2026-09-23 09:18:48,
ACME-D00578,New,2026-09-21 01:02:01,2026-09-25 21:05:41
ACME-D00578,Contacted,2026-09-25 21:05:41,
ACME-D00579,New,2026-09-19 13:34:53,2026-09-28 02:47:34
ACME-D00579,Contacted,2026-09-28 02:47:34,
ACME-D00580,New,2026-09-20 17:42:51,2026-09-22 20:44:23
ACME-D00580,Contacted,2026-09-22 20:44:23,
ACME-D00581,New,2026-09-21 14:55:51,2026-09-25 10:24:04
ACME-D00581,Contacted,2026-09-25 10:24:04,2026-09-30 18:30:05
ACME-D00581,Qualified,2026-09-30 18:30:05,
ACME-D00582,New,2026-09-28 02:25:16,2026-09-28 15:52:24
ACME-D00582,Contacted,2026-09-28 15:52:24,
ACME-D00583,New,2026-09-22 03:09:28,2026-09-27 22:10:27
ACME-D00583,Contacted,2026-09-27 22:10:27,
ACME-D00584,New,2026-09-19 13:32:21,2026-09-23 11:43:25
ACME-D00584,Contacted,2026-09-23 11:43:25,2026-09-29 03:45:02
ACME-D00584,Lost,2026-09-29 03:45:02,
ACME-D00585,New,2026-09-22 05:48:44,
ACME-D00586,New,2026-09-20 15:32:03,2026-09-28 00:02:16
ACME-D00586,Contacted,2026-09-28 00:02:16,
ACME-D00587,New,2026-09-20 12:36:39,2026-09-24 22:41:56
ACME-D00587,Contacted,2026-09-24 22:41:56,
ACME-D00588,New,2026-09-20 22:52:44,2026-09-24 21:25:29
ACME-D00588,Contacted,2026-09-24 21:25:29,2026-09-29 07:02:13
ACME-D00588,Qualified,2026-09-29 07:02:13,
ACME-D00589,New,2026-09-22 08:01:33,2026-09-24 08:12:31
ACME-D00589,Contacted,2026-09-24 08:12:31,2026-09-26 08:35:40
ACME-D00589,Qualified,2026-09-26 08:35:40,2026-09-29 14:01:49
ACME-D00589,Proposal,2026-09-29 14:01:49,
ACME-D00590,New,2026-09-23 22:22:14,2026-09-26 14:12:23
ACME-D00590,Contacted,2026-09-26 14:12:23,
ACME-D00591,New,2026-09-24 02:53:38,2026-09-27 23:27:19
ACME-D00591,Contacted,2026-09-27 23:27:19,
ACME-D00592,New,2026-09-28 01:55:50,
ACME-D00593,New,2026-09-25 02:28:14,2026-09-28 22:28:24
ACME-D00593,Contacted,2026-09-28 22:28:24,
ACME-D00594,New,2026-09-28 02:07:25,2026-09-29 07:40:02
ACME-D00594,Contacted,2026-09-29 07:40:02,
ACME-D00595,New,2026-09-29 00:31:15,
ACME-D00596,New,2026-09-24 21:23:38,2026-09-27 19:22:07
ACME-D00596,Contacted,2026-09-27 19:22:07,
ACME-D00597,New,2026-09-22 03:36:27,2026-09-26 15:39:30
ACME-D00597,Contacted,2026-09-26 15:39:30,
ACME-D00598,New,2026-09-23 23:28:08,2026-09-27 00:29:54
ACME-D00598,Contacted,2026-09-27 00:29:54,
ACME-D00599,New,2026-09-22 23:03:40,2026-09-24 07:58:14
ACME-D00599,Contacted,2026-09-24 07:58:14,
ACME-D00600,New,2026-09-24 12:21:23,2026-09-26 15:57:55
ACME-D00600,Contacted,2026-09-26 15:57:55,
ACME-D00601,New,2026-09-27 20:51:05,
ACME-D00602,New,2026-09-26 00:06:13,2026-09-26 10:38:51
ACME-D00602,Contacted,2026-09-26 10:38:51,
ACME-D00603,New,2026-09-26 09:25:04,2026-09-27 07:21:07
ACME-D00603,Contacted,2026-09-27 07:21:07,
ACME-D00604,New,2026-09-30 19:47:00,
ACME-D00605,New,2026-09-24 15:08:01,
ACME-D00606,New,2026-09-30 03:11:16,
ACME-D00607,New,2026-09-25 21:21:44,2026-09-28 08:37:56
ACME-D00607,Contacted,2026-09-28 08:37:56,
ACME-D00608,New,2026-09-27 19:50:26,
ACME-D00609,New,2026-09-28 03:11:07,
ACME-D00610,New,2026-09-27 20:46:50,
ACME-D00611,New,2026-09-28 16:41:12,
ACME-D00612,New,2026-09-29 03:34:00,2026-09-30 00:15:31
ACME-D00612,Contacted,2026-09-30 00:15:31,
ACME-D00613,New,2026-09-27 17:44:22,
ACME-D00614,New,2026-09-28 21:15:07,2026-09-29 10:19:47
ACME-D00614,Contacted,2026-09-29 10:19:47,
ACME-D00615,New,2026-09-30 04:42:44,
ACME-D00616,New,2026-09-29 15:52:04,
ACME-D00617,New,2026-09-28 18:36:56,
ACME-D00618,New,2026-09-30 20:00:11,
ACME-D00619,New,2026-09-30 23:42:31,
